id,label,length,membrane,split,prediction,p0,p1,p2,p3,p4,p5,p6,p7,p8,p9
A0A068FIK2,1,1033,S,test,1,0.17889308461071105,0.8211069153892889,0.0,0.0,0.0,0.0,0.0,0.0,0.0,0.0
A0A0A7EQR3,2,474,S,test,2,0.0,0.0,1.0,0.0,0.0,0.0,0.0,0.0,0.0,0.0
A0AQW4,0,356,U,test,0,0.8038928844978674,0.0,0.0,0.0,0.19610711550213256,0.0,0.0,0.0,0.0,0.0
A0AVI4,5,362,M,test,1,0.0,0.42362604696515216,0.0,0.389067694672756,0.1873062583620919,0.0,0.0,0.0,0.0,0.0
A0AVK6,0,867,U,test,0,0.8377182185417456,0.16228178145825448,0.0,0.0,0.0,0.0,0.0,0.0,0.0,0.0
A0PJY2,0,475,U,test,0,1.0,0.0,0.0,0.0,0.0,0.0,0.0,0.0,0.0,0.0
A1XGB4,4,166,M,test,4,0.0,0.0,0.0,0.0,1.0,0.0,0.0,0.0,0.0,0.0
A1Z9P3,1,1576,S,test,0,0.38490384904133257,0.0,0.0,0.0,0.2167723346225469,0.19556190557680891,0.0,0.20276191075931166,0.0,0.0
A2A8L1,0,1946,U,test,0,1.0,0.0,0.0,0.0,0.0,0.0,0.0,0.0,0.0,0.0
A2A935,0,1275,U,test,0,0.8021555985390838,0.19784440146091614,0.0,0.0,0.0,0.0,0.0,0.0,0.0,0.0
A2A9C3,9,3431,U,test,1,0.2151862426314878,0.41588508942349167,0.18508361051542366,0.18384505742959692,0.0,0.0,0.0,0.0,0.0,0.0
A2AMM0,1,362,S,test,1,0.19196895052617946,0.8080310494738205,0.0,0.0,0.0,0.0,0.0,0.0,0.0,0.0
A2APC3,1,461,S,test,0,0.8043491168915068,0.19565088310849327,0.0,0.0,0.0,0.0,0.0,0.0,0.0,0.0
A2AR95,4,345,M,test,4,0.0,0.0,0.0,0.0,0.7340492076909756,0.26595079230902435,0.0,0.0,0.0,0.0
A2AVQ5,3,414,U,test,1,0.20172550267987882,0.40665342663411896,0.20084768528889974,0.1907733853971025,0.0,0.0,0.0,0.0,0.0,0.0
A2RV66,5,269,M,test,4,0.0,0.0,0.0,0.0,0.7132414895889898,0.28675851041101025,0.0,0.0,0.0,0.0
A2XFC1,0,442,U,test,0,1.0,0.0,0.0,0.0,0.0,0.0,0.0,0.0,0.0,0.0
A4D1B5,7,854,U,test,0,1.0,0.0,0.0,0.0,0.0,0.0,0.0,0.0,0.0,0.0
A4Q9F4,1,727,S,test,0,0.8054146917295754,0.1945853082704246,0.0,0.0,0.0,0.0,0.0,0.0,0.0,0.0
A5D6W6,5,292,M,test,5,0.0,0.0,0.0,0.0,0.40205580485646103,0.597944195143539,0.0,0.0,0.0,0.0
A6NNB3,4,132,M,test,4,0.0,0.0,0.0,0.0,0.8121308020833524,0.18786919791664758,0.0,0.0,0.0,0.0
A6XGK3,2,422,S,test,2,0.0,0.0,0.644814474594528,0.0,0.17660767336051877,0.0,0.0,0.0,0.1785778520449532,0.0
A6YSL1,6,525,S,test,6,0.0,0.1956131042886945,0.0,0.3923696327382998,0.0,0.0,0.4120172629730057,0.0,0.0,0.0
A7MAS3,1,351,S,test,0,0.654975233887918,0.17035912435137338,0.0,0.0,0.0,0.17466564176070862,0.0,0.0,0.0,0.0
A7WNV3,2,70,S,test,2,0.0,0.0,1.0,0.0,0.0,0.0,0.0,0.0,0.0,0.0
A7WNV4,2,70,S,test,2,0.0,0.0,1.0,0.0,0.0,0.0,0.0,0.0,0.0,0.0
A7WNV7,2,62,S,test,2,0.0,0.0,1.0,0.0,0.0,0.0,0.0,0.0,0.0,0.0
A8B5P0,2,69,S,test,2,0.0,0.15947963352462763,0.6801440431371842,0.0,0.0,0.1603763233381882,0.0,0.0,0.0,0.0
A8E0R9,1,1083,S,test,1,0.1994339170257001,0.4239138164950157,0.0,0.0,0.1879993570219514,0.0,0.0,0.18865290945733273,0.0,0.0
A8IVX2,1,524,S,test,1,0.3865298285682458,0.41274111707504774,0.0,0.0,0.20072905435670652,0.0,0.0,0.0,0.0,0.0
A8MQ27,1,555,S,test,0,0.5555622203024954,0.4444377796975047,0.0,0.0,0.0,0.0,0.0,0.0,0.0,0.0
A8MUP2,3,240,U,test,3,0.0,0.0,0.0,0.5892688256114952,0.0,0.41073117438850476,0.0,0.0,0.0,0.0
B0BMY1,8,293,M,test,4,0.0,0.0,0.0,0.3984065936156487,0.6015934063843513,0.0,0.0,0.0,0.0,0.0
B0FHH8,2,151,S,test,2,0.0,0.0,1.0,0.0,0.0,0.0,0.0,0.0,0.0,0.0
B2D6M2,0,612,U,test,0,1.0,0.0,0.0,0.0,0.0,0.0,0.0,0.0,0.0,0.0
B2RNN3,2,333,S,test,2,0.0,0.0,0.8220860572523156,0.0,0.17791394274768432,0.0,0.0,0.0,0.0,0.0
B2RXS4,4,1842,M,test,5,0.1966496153679721,0.20731943800050082,0.0,0.0,0.1935566819059521,0.4024742647255751,0.0,0.0,0.0,0.0
B2RYG6,1,271,S,test,1,0.0,1.0,0.0,0.0,0.0,0.0,0.0,0.0,0.0,0.0
B3A0P0,2,47,S,test,2,0.20434445518713204,0.0,0.795655544812868,0.0,0.0,0.0,0.0,0.0,0.0,0.0
B3A0P8,2,318,S,test,2,0.0,0.0,0.8313839824928578,0.0,0.0,0.0,0.1686160175071422,0.0,0.0,0.0
B3A0Q1,2,203,S,test,2,0.0,0.0,1.0,0.0,0.0,0.0,0.0,0.0,0.0,0.0
B3A0Q2,2,296,S,test,5,0.19933295388659908,0.19813008711930058,0.0,0.0,0.188329628332559,0.21610064713881386,0.0,0.19810668352272753,0.0,0.0
B3A0Q4,2,185,S,test,2,0.1767026431408436,0.0,0.8232973568591564,0.0,0.0,0.0,0.0,0.0,0.0,0.0
B3A0Q9,2,121,S,test,2,0.0,0.0,1.0,0.0,0.0,0.0,0.0,0.0,0.0,0.0
B3A0R3,2,264,S,test,2,0.0,0.0,1.0,0.0,0.0,0.0,0.0,0.0,0.0,0.0
B3A0R5,2,214,S,test,2,0.0,0.0,0.2628044782554905,0.179769913939863,0.18211823832517746,0.0,0.1778683962375736,0.19743897324189535,0.0,0.0
B3A0R6,2,513,S,test,2,0.0,0.0,0.8137350996517856,0.0,0.18626490034821447,0.0,0.0,0.0,0.0,0.0
B3A0R9,2,119,S,test,2,0.0,0.0,1.0,0.0,0.0,0.0,0.0,0.0,0.0,0.0
B3A0S3,2,489,S,test,2,0.0,0.0,0.6793971801140803,0.0,0.32060281988591965,0.0,0.0,0.0,0.0,0.0
B3A0S4,2,195,S,test,2,0.0,0.0,1.0,0.0,0.0,0.0,0.0,0.0,0.0,0.0
B3EWF4,2,109,S,test,2,0.0,0.0,1.0,0.0,0.0,0.0,0.0,0.0,0.0,0.0
B3EWF5,2,111,S,test,2,0.0,0.0,1.0,0.0,0.0,0.0,0.0,0.0,0.0,0.0
B3EWF6,2,108,S,test,2,0.0,0.0,1.0,0.0,0.0,0.0,0.0,0.0,0.0,0.0
B3EWT2,2,40,S,test,2,0.0,0.0,1.0,0.0,0.0,0.0,0.0,0.0,0.0,0.0
B3EWT3,2,51,S,test,2,0.0,0.0,1.0,0.0,0.0,0.0,0.0,0.0,0.0,0.0
B3FIV1,2,99,S,test,2,0.0,0.0,1.0,0.0,0.0,0.0,0.0,0.0,0.0,0.0
B3VZU0,2,67,S,test,2,0.0,0.0,1.0,0.0,0.0,0.0,0.0,0.0,0.0,0.0
B5A9S9,2,59,S,test,2,0.0,0.0,1.0,0.0,0.0,0.0,0.0,0.0,0.0,0.0
B5BUZ8,1,675,S,test,1,0.14410934478215542,0.8558906552178446,0.0,0.0,0.0,0.0,0.0,0.0,0.0,0.0
B5X0I6,0,1091,U,test,0,0.827935942075118,0.172064057924882,0.0,0.0,0.0,0.0,0.0,0.0,0.0,0.0
B6GX22,2,445,S,test,2,0.0,0.0,1.0,0.0,0.0,0.0,0.0,0.0,0.0,0.0
B6RGY0,6,260,S,test,6,0.0,0.0,0.0,0.0,0.0,0.0,1.0,0.0,0.0,0.0
B6TVL4,6,395,M,test,6,0.0,0.0,0.0,0.0,0.0,0.0,1.0,0.0,0.0,0.0
B8B0E2,6,1246,S,test,6,0.0,0.0,0.0,0.0,0.0,0.0,1.0,0.0,0.0,0.0
B8YG19,2,671,S,test,2,0.0,0.0,1.0,0.0,0.0,0.0,0.0,0.0,0.0,0.0
B9DFZ0,6,386,S,test,0,0.8012282579309606,0.0,0.0,0.0,0.0,0.0,0.19877174206903933,0.0,0.0,0.0
B9V5F5,1,649,S,test,7,0.0,0.18616214184113772,0.0,0.0,0.0,0.0,0.0,0.8138378581588622,0.0,0.0
C0HJQ5,2,57,S,test,2,0.0,0.0,1.0,0.0,0.0,0.0,0.0,0.0,0.0,0.0
C0HJZ6,2,66,S,test,2,0.0,0.0,1.0,0.0,0.0,0.0,0.0,0.0,0.0,0.0
C0HJZ7,2,66,S,test,2,0.0,0.0,1.0,0.0,0.0,0.0,0.0,0.0,0.0,0.0
C0HJZ8,2,66,S,test,2,0.0,0.0,1.0,0.0,0.0,0.0,0.0,0.0,0.0,0.0
C0HJZ9,2,66,S,test,2,0.0,0.0,1.0,0.0,0.0,0.0,0.0,0.0,0.0,0.0
C0HK00,2,66,S,test,2,0.0,0.0,1.0,0.0,0.0,0.0,0.0,0.0,0.0,0.0
C0HK01,2,73,S,test,2,0.0,0.0,1.0,0.0,0.0,0.0,0.0,0.0,0.0,0.0
C0HK02,2,73,S,test,2,0.0,0.0,1.0,0.0,0.0,0.0,0.0,0.0,0.0,0.0
C0HK03,2,73,S,test,2,0.0,0.0,1.0,0.0,0.0,0.0,0.0,0.0,0.0,0.0
C0IW58,2,330,S,test,2,0.0,0.0,0.42313662227971505,0.0,0.0,0.0,0.3905134864150785,0.0,0.0,0.1863498913052065
C4LY96,1,1151,S,test,1,0.19178743597182965,0.2126966931750174,0.0,0.1976816505116259,0.0,0.0,0.0,0.0,0.20097298881856568,0.19686123152296145
C4M1E4,1,1153,S,test,1,0.1942539341070612,0.2135334856628301,0.0,0.19990751080202632,0.0,0.0,0.0,0.0,0.18315731898357562,0.20914775044450684
C5J888,2,75,S,test,2,0.0,0.0,1.0,0.0,0.0,0.0,0.0,0.0,0.0,0.0
C5J8E3,2,62,S,test,2,0.0,0.0,1.0,0.0,0.0,0.0,0.0,0.0,0.0,0.0
C5P3X6,2,276,S,test,2,0.0,0.0,0.8090090469016907,0.0,0.0,0.0,0.0,0.0,0.1909909530983093,0.0
C6Y4C9,1,138,S,test,1,0.3786590615703016,0.3954558763165254,0.0,0.0,0.0,0.0,0.0,0.225885062113173,0.0,0.0
C7AU21,6,278,U,test,6,0.0,0.0,0.0,0.0,0.0,0.0,1.0,0.0,0.0,0.0
C9JLW8,0,97,U,test,0,0.8051047626328284,0.0,0.0,0.0,0.0,0.0,0.0,0.0,0.19489523736717168,0.0
D0VWU3,2,499,S,test,2,0.0,0.0,1.0,0.0,0.0,0.0,0.0,0.0,0.0,0.0
D0VWV4,3,169,M,test,3,0.0,0.0,0.0,1.0,0.0,0.0,0.0,0.0,0.0,0.0
D2CZZ9,8,281,U,test,4,0.0,0.0,0.1920432063306919,0.0,0.39271637938530424,0.0,0.0,0.22912766634242226,0.18611274794158145,0.0
D2Y171,2,76,S,test,2,0.0,0.0,1.0,0.0,0.0,0.0,0.0,0.0,0.0,0.0
D3Z3K2,0,276,U,test,0,1.0,0.0,0.0,0.0,0.0,0.0,0.0,0.0,0.0,0.0
D3ZAW2,3,406,U,test,3,0.0,0.0,0.0,1.0,0.0,0.0,0.0,0.0,0.0,0.0
D3ZD32,0,1948,U,test,0,1.0,0.0,0.0,0.0,0.0,0.0,0.0,0.0,0.0,0.0
D4AK17,2,305,S,test,2,0.0,0.0,1.0,0.0,0.0,0.0,0.0,0.0,0.0,0.0
D4AL26,2,365,S,test,4,0.0,0.0,0.20979429708664143,0.0,0.7902057029133586,0.0,0.0,0.0,0.0,0.0
D4ALW9,2,271,S,test,2,0.0,0.0,1.0,0.0,0.0,0.0,0.0,0.0,0.0,0.0
D4AMW3,2,190,S,test,2,0.0,0.0,0.6447730708486702,0.0,0.0,0.0,0.18332782103847023,0.0,0.0,0.1718991081128597
D4AR77,2,930,S,test,2,0.0,0.0,0.6975968374815462,0.0,0.15139727189678265,0.15100589062167122,0.0,0.0,0.0,0.0
D4AS12,2,422,S,test,2,0.0,0.0,0.6442106799182626,0.0,0.17634653187341687,0.0,0.0,0.0,0.17944278820832055,0.0
D4AS41,2,588,S,test,2,0.0,0.0,1.0,0.0,0.0,0.0,0.0,0.0,0.0,0.0
D4ATH2,2,417,S,test,2,0.0,0.0,1.0,0.0,0.0,0.0,0.0,0.0,0.0,0.0
D4AUH1,2,882,S,test,2,0.0,0.0,0.599859285858678,0.0,0.0,0.0,0.0,0.19509949794357467,0.20504121619774734,0.0
D4AUX6,2,442,S,test,2,0.0,0.0,0.8053289544045097,0.0,0.0,0.0,0.0,0.0,0.19467104559549028,0.0
D4AWC9,2,495,S,test,2,0.0,0.18737352829907825,0.8126264717009218,0.0,0.0,0.0,0.0,0.0,0.0,0.0
D4AZ24,2,909,S,test,2,0.0,0.0,0.8100914928245149,0.0,0.0,0.0,0.0,0.18990850717548513,0.0,0.0
D4B1Z7,2,565,S,test,2,0.0,0.0,0.8316112804834559,0.0,0.0,0.0,0.0,0.0,0.16838871951654413,0.0
D4B528,2,373,S,test,2,0.0,0.0,1.0,0.0,0.0,0.0,0.0,0.0,0.0,0.0
D4B5D3,2,197,S,test,1,0.0,0.44510399024707414,0.38277644135996963,0.17211956839295628,0.0,0.0,0.0,0.0,0.0,0.0
D4N4Z9,2,424,S,test,2,0.0,0.0,1.0,0.0,0.0,0.0,0.0,0.0,0.0,0.0
D6PVB4,4,321,M,test,5,0.18988340264127251,0.0,0.0,0.0,0.18778399583418295,0.411388914367912,0.0,0.21094368715663264,0.0,0.0
D6PVB5,4,320,M,test,5,0.19599154949047204,0.0,0.0,0.0,0.20575061623494276,0.39999812800111123,0.0,0.19825970627347403,0.0,0.0
D8QLP9,2,393,S,test,2,0.0,0.0,1.0,0.0,0.0,0.0,0.0,0.0,0.0,0.0
E7EKD0,2,62,S,test,2,0.0,0.0,1.0,0.0,0.0,0.0,0.0,0.0,0.0,0.0
E7EKD4,2,59,S,test,2,0.0,0.0,1.0,0.0,0.0,0.0,0.0,0.0,0.0,0.0
E9QAM5,0,2947,U,test,1,0.18532006158329287,0.6259977756441332,0.0,0.1886821627725741,0.0,0.0,0.0,0.0,0.0,0.0
F1LW30,4,956,M,test,4,0.18766418972241175,0.0,0.20661515376012426,0.0,0.21746220472363328,0.20315358333987335,0.0,0.18510486845395743,0.0,0.0
F1NZP5,4,252,M,test,5,0.0,0.0,0.0,0.0,0.3501835787130379,0.6498164212869622,0.0,0.0,0.0,0.0
F2Z699,3,582,M,test,3,0.0,0.0,0.0,1.0,0.0,0.0,0.0,0.0,0.0,0.0
F4HQA1,0,589,U,test,0,1.0,0.0,0.0,0.0,0.0,0.0,0.0,0.0,0.0,0.0
F4I2J8,0,716,U,test,0,1.0,0.0,0.0,0.0,0.0,0.0,0.0,0.0,0.0,0.0
F4I443,0,714,U,test,0,0.847666274086854,0.15233372591314606,0.0,0.0,0.0,0.0,0.0,0.0,0.0,0.0
F4I5N6,1,220,S,test,0,0.6003832550712627,0.39961674492873733,0.0,0.0,0.0,0.0,0.0,0.0,0.0,0.0
F4I6M4,1,821,S,test,1,0.1980079678890938,0.5633558505411207,0.0,0.0,0.0,0.0,0.0,0.0,0.2386361815697856,0.0
F4I8Q7,5,416,M,test,8,0.17908646485571722,0.0,0.0,0.0,0.0,0.18623459558594038,0.0,0.18985171461087144,0.44482722494747096,0.0
F4IPE3,0,445,U,test,0,0.7966343291386574,0.20336567086134255,0.0,0.0,0.0,0.0,0.0,0.0,0.0,0.0
F4IUY8,0,1006,U,test,1,0.4255778953466499,0.5744221046533501,0.0,0.0,0.0,0.0,0.0,0.0,0.0,0.0
F4IVV0,1,224,S,test,0,0.5990685811599996,0.18745553635252535,0.0,0.0,0.21347588248747507,0.0,0.0,0.0,0.0,0.0
F4IW47,6,741,M,test,3,0.0,0.0,0.0,0.616582670836579,0.0,0.0,0.3834173291634209,0.0,0.0,0.0
F4J8D3,1,1176,S,test,1,0.0,1.0,0.0,0.0,0.0,0.0,0.0,0.0,0.0,0.0
F4J8K6,0,1920,U,test,0,1.0,0.0,0.0,0.0,0.0,0.0,0.0,0.0,0.0,0.0
F4JCC1,0,992,U,test,0,0.6039022905934502,0.20141742779765145,0.0,0.0,0.19468028160889828,0.0,0.0,0.0,0.0,0.0
F4JI44,0,913,U,test,0,0.5782105271609161,0.42178947283908386,0.0,0.0,0.0,0.0,0.0,0.0,0.0,0.0
F4JL28,0,234,U,test,0,0.5986124315963136,0.4013875684036864,0.0,0.0,0.0,0.0,0.0,0.0,0.0,0.0
F4JYE9,3,530,S,test,6,0.0,0.22029362806394998,0.0,0.3868154353711248,0.0,0.0,0.39289093656492524,0.0,0.0,0.0
F4K1J4,0,1423,U,test,0,0.7809440991689289,0.21905590083107104,0.0,0.0,0.0,0.0,0.0,0.0,0.0,0.0
F4K2R6,0,563,U,test,0,0.8112688523272595,0.18873114767274055,0.0,0.0,0.0,0.0,0.0,0.0,0.0,0.0
F4K5W8,2,836,S,test,1,0.18291228274363852,0.8170877172563614,0.0,0.0,0.0,0.0,0.0,0.0,0.0,0.0
F4K6F1,7,517,M,test,7,0.0,0.0,0.0,0.0,0.0,0.0,0.0,1.0,0.0,0.0
F4KFS7,5,550,M,test,1,0.20031868481564233,0.42138231085216077,0.0,0.0,0.0,0.19110212748500316,0.0,0.0,0.18719687684719372,0.0
F7BJB9,0,942,S,test,1,0.0,1.0,0.0,0.0,0.0,0.0,0.0,0.0,0.0,0.0
G3HIK4,2,492,S,test,2,0.0,0.0,0.854724541532644,0.0,0.0,0.1452754584673561,0.0,0.0,0.0,0.0
G5EBZ4,0,1829,U,test,0,1.0,0.0,0.0,0.0,0.0,0.0,0.0,0.0,0.0,0.0
G5EFF5,0,753,U,test,0,1.0,0.0,0.0,0.0,0.0,0.0,0.0,0.0,0.0,0.0
G5EGM3,0,1744,U,test,0,1.0,0.0,0.0,0.0,0.0,0.0,0.0,0.0,0.0,0.0
G9M8X1,2,687,S,test,1,0.0,0.3615375496269935,0.25586222654554885,0.0,0.0,0.19336524286156828,0.0,0.18923498096588934,0.0,0.0
H2A0K6,2,238,S,test,2,0.0,0.0,1.0,0.0,0.0,0.0,0.0,0.0,0.0,0.0
H2A0K9,2,223,S,test,2,0.0,0.0,0.8324830816033836,0.0,0.16751691839661648,0.0,0.0,0.0,0.0,0.0
H2A0L9,2,332,S,test,2,0.0,0.0,0.7934801058258449,0.0,0.20651989417415514,0.0,0.0,0.0,0.0,0.0
H2A0M3,2,781,S,test,1,0.0,0.561531457528098,0.23509452991826635,0.0,0.0,0.0,0.0,0.20337401255363577,0.0,0.0
H2A0N4,2,1014,S,test,2,0.16917366133372091,0.0,0.6309354495258499,0.0,0.0,0.0,0.0,0.19989088914042918,0.0,0.0
H2A0N6,2,100,S,test,2,0.0,0.0,1.0,0.0,0.0,0.0,0.0,0.0,0.0,0.0
I0IUP3,0,830,U,test,0,0.6224355947109297,0.3775644052890703,0.0,0.0,0.0,0.0,0.0,0.0,0.0,0.0
I0IUP4,0,1169,U,test,0,0.7929678206835287,0.20703217931647142,0.0,0.0,0.0,0.0,0.0,0.0,0.0,0.0
I2C092,2,855,S,test,1,0.20160044489787024,0.39457885339451904,0.0,0.20120690157691787,0.0,0.20261380013069288,0.0,0.0,0.0,0.0
J3KML8,7,504,M,test,4,0.16347861132188451,0.358708030999058,0.0,0.0,0.4778133576790575,0.0,0.0,0.0,0.0,0.0
J9VQZ4,2,594,S,test,2,0.0,0.0,1.0,0.0,0.0,0.0,0.0,0.0,0.0,0.0
J9VY90,2,624,S,test,2,0.0,0.0,1.0,0.0,0.0,0.0,0.0,0.0,0.0,0.0
K0P7H2,2,125,S,test,2,0.0,0.0,1.0,0.0,0.0,0.0,0.0,0.0,0.0,0.0
K4C9E2,6,498,U,test,6,0.18985231312389203,0.0,0.0,0.0,0.0,0.0,0.8101476868761079,0.0,0.0,0.0
K7WDL7,1,388,S,test,5,0.0,0.2441965092060803,0.0,0.0,0.0,0.5706683364309887,0.0,0.0,0.0,0.18513515436293096
K7ZGS2,2,63,S,test,2,0.0,0.0,1.0,0.0,0.0,0.0,0.0,0.0,0.0,0.0
M9MSG8,4,2551,M,test,5,0.0,0.0,0.0,0.0,0.0,0.5901340321005786,0.0,0.0,0.4098659678994214,0.0
M9P2C1,2,91,S,test,2,0.0,0.0,1.0,0.0,0.0,0.0,0.0,0.0,0.0,0.0
O00267,0,1087,U,test,0,0.8037671497482847,0.19623285025171538,0.0,0.0,0.0,0.0,0.0,0.0,0.0,0.0
O00463,1,557,S,test,0,0.5876383341184535,0.20140486666662094,0.0,0.0,0.0,0.21095679921492563,0.0,0.0,0.0,0.0
O00623,9,359,M,test,9,0.0,0.0,0.0,0.1411240803516214,0.0,0.2875359571765448,0.0,0.0,0.0,0.5713399624718338
O00841,0,802,S,test,0,0.5857425143468556,0.41425748565314435,0.0,0.0,0.0,0.0,0.0,0.0,0.0,0.0
O01583,1,1592,S,test,0,0.5911519541624158,0.20742397298859055,0.0,0.0,0.2014240728489936,0.0,0.0,0.0,0.0,0.0
O04147,1,181,S,test,0,0.5997340578465622,0.20111328696285333,0.0,0.0,0.0,0.0,0.1991526551905845,0.0,0.0,0.0
O04193,1,200,S,test,1,0.1944207663927769,0.8055792336072232,0.0,0.0,0.0,0.0,0.0,0.0,0.0,0.0
O04196,6,783,U,test,6,0.0,0.1656774176076296,0.0,0.0,0.0,0.0,0.8343225823923703,0.0,0.0,0.0
O04202,1,293,S,test,0,0.39458819224477265,0.20209214263971867,0.0,0.18741582368785398,0.0,0.0,0.0,0.0,0.2159038414276546,0.0
O04203,1,435,S,test,1,0.185270998158289,0.6045779829214584,0.0,0.0,0.21015101892025273,0.0,0.0,0.0,0.0,0.0
O04348,6,340,M,test,6,0.0,0.0,0.0,0.0,0.0,0.0,1.0,0.0,0.0,0.0
O04479,0,199,U,test,0,0.6266313019949941,0.3733686980050059,0.0,0.0,0.0,0.0,0.0,0.0,0.0,0.0
O08722,4,945,M,test,2,0.0,0.0,0.5940413696279309,0.0,0.20076305463776162,0.20519557573430747,0.0,0.0,0.0,0.0
O08750,0,462,U,test,0,1.0,0.0,0.0,0.0,0.0,0.0,0.0,0.0,0.0,0.0
O08858,4,362,M,test,4,0.0,0.0,0.0,0.0,1.0,0.0,0.0,0.0,0.0,0.0
O11780,2,683,S,test,7,0.0,0.0,0.20173796750834375,0.0,0.1890301207959066,0.1938173588917485,0.0,0.41541455280400114,0.0,0.0
O13134,4,1035,M,test,4,0.0,0.0,0.0,0.0,1.0,0.0,0.0,0.0,0.0,0.0
O13472,0,328,U,test,0,1.0,0.0,0.0,0.0,0.0,0.0,0.0,0.0,0.0,0.0
O13660,3,277,M,test,3,0.0,0.0,0.0,0.6747861996845513,0.0,0.0,0.16374301545551484,0.0,0.0,0.16147078485993382
O13674,1,654,S,test,1,0.21920247504856408,0.780797524951436,0.0,0.0,0.0,0.0,0.0,0.0,0.0,0.0
O13684,0,261,U,test,0,0.790650326942699,0.20934967305730104,0.0,0.0,0.0,0.0,0.0,0.0,0.0,0.0
O13699,3,430,U,test,0,0.394359873276289,0.2265508790996715,0.0,0.1853862420053834,0.0,0.0,0.0,0.19370300561865614,0.0,0.0
O13701,0,393,U,test,0,1.0,0.0,0.0,0.0,0.0,0.0,0.0,0.0,0.0,0.0
O13713,0,307,U,test,0,0.8265590201232587,0.0,0.0,0.0,0.0,0.0,0.0,0.17344097987674142,0.0,0.0
O13716,2,424,S,test,2,0.0,0.0,0.8196572636015692,0.0,0.0,0.0,0.0,0.0,0.18034273639843074,0.0
O13737,5,222,M,test,5,0.0,0.0,0.0,0.0,0.1749099634276821,0.6022381836996437,0.0,0.2228518528726743,0.0,0.0
O13744,3,259,U,test,3,0.0,0.0,0.0,1.0,0.0,0.0,0.0,0.0,0.0,0.0
O13746,0,107,M,test,5,0.0,0.19893235822327754,0.0,0.3716043021160074,0.0,0.42946333966071515,0.0,0.0,0.0,0.0
O13769,0,638,U,test,0,1.0,0.0,0.0,0.0,0.0,0.0,0.0,0.0,0.0,0.0
O13816,0,962,U,test,0,0.6323692775426667,0.3676307224573333,0.0,0.0,0.0,0.0,0.0,0.0,0.0,0.0
O13846,5,347,M,test,5,0.0,0.0,0.0,0.0,0.0,1.0,0.0,0.0,0.0,0.0
O13881,0,537,U,test,0,0.7837956423003488,0.0,0.0,0.0,0.0,0.21620435769965116,0.0,0.0,0.0,0.0
O13894,0,124,U,test,7,0.22663578534636458,0.0,0.0,0.19043204121991922,0.0,0.0,0.0,0.3850725646585799,0.0,0.19785960877513634
O13904,5,195,M,test,8,0.0,0.3786145370312603,0.0,0.0,0.0,0.20701543071803905,0.0,0.0,0.4143700322507006,0.0
O13905,1,347,S,test,7,0.18886720416831285,0.20695753029147673,0.0,0.0,0.0,0.19688887896644783,0.0,0.4072863865737626,0.0,0.0
O13919,0,1075,U,test,1,0.38909154031313953,0.6109084596868606,0.0,0.0,0.0,0.0,0.0,0.0,0.0,0.0
O13936,0,990,U,test,0,0.8076445547674621,0.1923554452325379,0.0,0.0,0.0,0.0,0.0,0.0,0.0,0.0
O13968,8,596,M,test,4,0.0,0.0,0.0,0.39125395402910373,0.39840183063568146,0.21034421533521477,0.0,0.0,0.0,0.0
O13970,3,263,U,test,1,0.0,1.0,0.0,0.0,0.0,0.0,0.0,0.0,0.0,0.0
O13995,5,166,M,test,1,0.0,0.7979582420606519,0.0,0.0,0.0,0.2020417579393481,0.0,0.0,0.0,0.0
O14013,0,556,U,test,0,0.8130161264725252,0.0,0.0,0.0,0.0,0.0,0.0,0.18698387352747478,0.0,0.0
O14023,1,544,S,test,1,0.19158674968424735,0.6144970688566451,0.0,0.19391618145910744,0.0,0.0,0.0,0.0,0.0,0.0
O14036,0,115,U,test,1,0.41745612730739723,0.5825438726926028,0.0,0.0,0.0,0.0,0.0,0.0,0.0,0.0
O14038,5,134,M,test,5,0.0,0.0,0.0,0.0,0.23675364636733431,0.7632463536326657,0.0,0.0,0.0,0.0
O14090,5,101,M,test,5,0.0,0.3885228331344157,0.0,0.18827065679847524,0.0,0.42320651006710913,0.0,0.0,0.0,0.0
O14097,0,331,U,test,0,0.6190311763311631,0.38096882366883683,0.0,0.0,0.0,0.0,0.0,0.0,0.0,0.0
O14104,1,362,S,test,1,0.0,0.5616132566069855,0.0,0.43838674339301464,0.0,0.0,0.0,0.0,0.0,0.0
O14119,5,249,M,test,5,0.0,0.0,0.0,0.0,0.0,0.6251561715514967,0.0,0.19314807918895713,0.1816957492595462,0.0
O14121,3,551,U,test,3,0.0,0.0,0.0,1.0,0.0,0.0,0.0,0.0,0.0,0.0
O14154,5,513,U,test,2,0.0,0.0,1.0,0.0,0.0,0.0,0.0,0.0,0.0,0.0
O14158,3,578,U,test,4,0.0,0.0,0.0,0.18968939451831704,0.3677652512625283,0.24522127169929858,0.0,0.0,0.19732408251985617,0.0
O14223,7,132,M,test,7,0.0,0.0,0.0,0.0,0.0,0.19603708588905033,0.0,0.8039629141109497,0.0,0.0
O14228,1,1323,S,test,1,0.0,0.797511691423595,0.0,0.202488308576405,0.0,0.0,0.0,0.0,0.0,0.0
O14246,0,508,U,test,0,0.47423338912853613,0.3475545347785689,0.0,0.0,0.0,0.0,0.0,0.0,0.0,0.17821207609289508
O14254,3,439,U,test,0,0.6353543169707748,0.18043414695731028,0.0,0.0,0.0,0.0,0.0,0.0,0.0,0.18421153607191493
O14267,5,759,M,test,8,0.0,0.0,0.0,0.0,0.18940380675012833,0.37382678659717355,0.0,0.0,0.4367694066526981,0.0
O14275,3,931,U,test,3,0.0,0.0,0.0,1.0,0.0,0.0,0.0,0.0,0.0,0.0
O14279,0,154,U,test,0,1.0,0.0,0.0,0.0,0.0,0.0,0.0,0.0,0.0,0.0
O14311,0,307,U,test,0,0.631838695679037,0.3681613043209629,0.0,0.0,0.0,0.0,0.0,0.0,0.0,0.0
O14336,0,461,U,test,0,1.0,0.0,0.0,0.0,0.0,0.0,0.0,0.0,0.0,0.0
O14341,3,308,U,test,3,0.0,0.0,0.0,1.0,0.0,0.0,0.0,0.0,0.0,0.0
O14514,4,1584,M,test,4,0.15818656845162662,0.0,0.15352209804106004,0.0,0.6882913335073134,0.0,0.0,0.0,0.0,0.0
O14843,4,346,M,test,4,0.0,0.0,0.0,0.0,1.0,0.0,0.0,0.0,0.0,0.0
O14925,3,209,M,test,3,0.0,0.0,0.0,0.8538364239306867,0.0,0.0,0.14616357606931327,0.0,0.0,0.0
O14974,1,1030,S,test,0,0.5942961134969088,0.40570388650309125,0.0,0.0,0.0,0.0,0.0,0.0,0.0,0.0
O15031,4,1838,M,test,4,0.19439228521525093,0.0,0.0,0.0,0.6054610871627438,0.2001466276220053,0.0,0.0,0.0,0.0
O15091,3,583,U,test,3,0.0,0.0,0.0,0.8209105147331596,0.1790894852668404,0.0,0.0,0.0,0.0,0.0
O15226,0,690,U,test,0,1.0,0.0,0.0,0.0,0.0,0.0,0.0,0.0,0.0,0.0
O15245,4,554,M,test,8,0.0,0.0,0.0,0.0,0.4483464718103681,0.0,0.0,0.0,0.551653528189632,0.0
O15344,1,667,S,test,1,0.262572034325556,0.5582909033128567,0.0,0.0,0.0,0.17913706236158736,0.0,0.0,0.0,0.0
O15503,5,277,M,test,5,0.0,0.0,0.0,0.4032853173750948,0.0,0.5967146826249052,0.0,0.0,0.0,0.0
O15525,0,162,U,test,0,0.6208739675575199,0.1895565860740185,0.0,0.0,0.0,0.0,0.0,0.18956944636846168,0.0,0.0
O16011,0,297,U,test,0,1.0,0.0,0.0,0.0,0.0,0.0,0.0,0.0,0.0,0.0
O16259,1,320,S,test,1,0.0,0.7769665914934089,0.0,0.22303340850659126,0.0,0.0,0.0,0.0,0.0,0.0
O17087,1,1113,S,test,1,0.401357620786421,0.598642379213579,0.0,0.0,0.0,0.0,0.0,0.0,0.0,0.0
O20250,6,741,M,test,6,0.0,0.0,0.0,0.3882876206907556,0.0,0.0,0.6117123793092444,0.0,0.0,0.0
O22049,3,353,M,test,6,0.0,0.0,0.0,0.20883554994106437,0.0,0.0,0.7911644500589357,0.0,0.0,0.0
O22131,0,262,U,test,0,0.6097195598756223,0.39028044012437774,0.0,0.0,0.0,0.0,0.0,0.0,0.0,0.0
O22160,6,224,U,test,6,0.0,0.0,0.0,0.0,0.0,0.0,1.0,0.0,0.0,0.0
O22241,6,424,S,test,6,0.0,0.19208560144091397,0.0,0.0,0.0,0.0,0.807914398559086,0.0,0.0,0.0
O22315,0,303,S,test,0,1.0,0.0,0.0,0.0,0.0,0.0,0.0,0.0,0.0,0.0
O22609,6,439,M,test,6,0.0,0.0,0.0,0.0,0.0,0.0,1.0,0.0,0.0,0.0
O23179,1,414,S,test,1,0.0,1.0,0.0,0.0,0.0,0.0,0.0,0.0,0.0,0.0
O23181,1,428,S,test,1,0.0,0.7988954344449245,0.0,0.2011045655550755,0.0,0.0,0.0,0.0,0.0,0.0
O23342,6,177,M,test,6,0.0,0.0,0.0,0.0,0.0,0.0,1.0,0.0,0.0,0.0
O23463,0,923,U,test,0,0.6844466914981043,0.31555330850189567,0.0,0.0,0.0,0.0,0.0,0.0,0.0,0.0
O23647,6,858,S,test,5,0.0,0.39687146816502034,0.0,0.0,0.0,0.3984313219700469,0.20469720986493267,0.0,0.0,0.0
O23722,9,412,U,test,1,0.0,0.40093374661561687,0.0,0.20326941749135996,0.0,0.0,0.39579683589302317,0.0,0.0,0.0
O24174,9,505,U,test,6,0.0,0.0,0.0,0.3824195003187185,0.0,0.0,0.4338438730018288,0.0,0.0,0.18373662667945276
O35254,7,451,M,test,1,0.20607928610950077,0.5996971078873516,0.0,0.0,0.19422360600314764,0.0,0.0,0.0,0.0,0.0
O35586,9,227,U,test,1,0.20526972046116185,0.7947302795388382,0.0,0.0,0.0,0.0,0.0,0.0,0.0,0.0
O35615,0,995,U,test,0,0.8105012803004261,0.1894987196995739,0.0,0.0,0.0,0.0,0.0,0.0,0.0,0.0
O35621,1,262,S,test,0,0.6047411886438578,0.19657728160038768,0.0,0.19868152975575457,0.0,0.0,0.0,0.0,0.0,0.0
O36025,1,992,S,test,1,0.33775795280289195,0.6622420471971081,0.0,0.0,0.0,0.0,0.0,0.0,0.0,0.0
O42248,1,317,S,test,0,0.4107912668992828,0.395098076798971,0.0,0.0,0.19411065630174615,0.0,0.0,0.0,0.0,0.0
O42250,0,344,U,test,0,1.0,0.0,0.0,0.0,0.0,0.0,0.0,0.0,0.0,0.0
O42602,4,415,M,test,4,0.0,0.0,0.0,0.0,0.7745917712728018,0.22540822872719826,0.0,0.0,0.0,0.0
O42637,3,797,U,test,3,0.0,0.1912321055947692,0.0,0.8087678944052308,0.0,0.0,0.0,0.0,0.0,0.0
O42648,0,341,U,test,0,1.0,0.0,0.0,0.0,0.0,0.0,0.0,0.0,0.0,0.0
O42657,1,750,S,test,7,0.15787481046775373,0.2486940198396179,0.0,0.0,0.0,0.0,0.0,0.5934311696926284,0.0,0.0
O42699,1,193,S,test,1,0.0,0.6379209085668488,0.0,0.3620790914331512,0.0,0.0,0.0,0.0,0.0,0.0
O42721,2,462,S,test,2,0.0,0.181796171881011,0.8182038281189891,0.0,0.0,0.0,0.0,0.0,0.0,0.0
O42866,3,236,U,test,1,0.0,0.37996430123668423,0.0,0.18377522078620395,0.24079604875386565,0.0,0.0,0.0,0.0,0.19546442922324614
O42893,1,735,S,test,1,0.0,0.3942637365739483,0.0,0.20301653748944382,0.0,0.20443962468942709,0.19828010124718076,0.0,0.0,0.0
O42927,0,207,U,test,0,1.0,0.0,0.0,0.0,0.0,0.0,0.0,0.0,0.0,0.0
O42928,0,350,U,test,1,0.2409332852418343,0.5739444644546554,0.0,0.0,0.18512225030351023,0.0,0.0,0.0,0.0,0.0
O42955,3,687,U,test,3,0.0,0.0,0.0,1.0,0.0,0.0,0.0,0.0,0.0,0.0
O42956,1,483,S,test,1,0.0,0.7872904479792608,0.0,0.0,0.0,0.0,0.0,0.21270955202073916,0.0,0.0
O42973,1,446,S,test,0,0.602281014641969,0.397718985358031,0.0,0.0,0.0,0.0,0.0,0.0,0.0,0.0
O43002,5,102,M,test,6,0.4007838031193233,0.0,0.0,0.0,0.0,0.0,0.5992161968806766,0.0,0.0,0.0
O43013,0,533,U,test,0,0.44024396735745785,0.38262140743814493,0.0,0.0,0.0,0.0,0.0,0.0,0.1771346252043972,0.0
O43031,0,381,U,test,0,0.7843714446268195,0.21562855537318046,0.0,0.0,0.0,0.0,0.0,0.0,0.0,0.0
O43050,5,340,M,test,1,0.0,1.0,0.0,0.0,0.0,0.0,0.0,0.0,0.0,0.0
O43060,1,302,S,test,0,0.39632299050743713,0.3931089253173008,0.0,0.0,0.0,0.0,0.0,0.0,0.2105680841752621,0.0
O43071,0,558,U,test,0,0.8273161200531925,0.17268387994680753,0.0,0.0,0.0,0.0,0.0,0.0,0.0,0.0
O43082,0,233,U,test,0,1.0,0.0,0.0,0.0,0.0,0.0,0.0,0.0,0.0,0.0
O43090,3,551,U,test,3,0.0,0.0,0.0,1.0,0.0,0.0,0.0,0.0,0.0,0.0
O43156,1,1089,S,test,1,0.21217475005494796,0.39417393569592735,0.0,0.17480453167160176,0.0,0.0,0.0,0.21884678257752285,0.0,0.0
O43257,0,154,U,test,0,1.0,0.0,0.0,0.0,0.0,0.0,0.0,0.0,0.0,0.0
O43405,2,550,S,test,2,0.0,0.0,0.8067717104599148,0.0,0.1932282895400852,0.0,0.0,0.0,0.0,0.0
O43809,0,227,U,test,3,0.0,0.39782626494987816,0.0,0.4015677223226041,0.0,0.0,0.0,0.20060601272751777,0.0,0.0
O46028,2,62,S,test,2,0.0,0.0,1.0,0.0,0.0,0.0,0.0,0.0,0.0,0.0
O48538,4,944,M,test,0,0.5932807735307607,0.0,0.0,0.20974115053886416,0.0,0.19697807593037522,0.0,0.0,0.0,0.0
O48723,1,407,S,test,1,0.0,0.7847322119030565,0.21526778809694344,0.0,0.0,0.0,0.0,0.0,0.0,0.0
O48814,4,395,M,test,4,0.0,0.22855270691311352,0.0,0.0,0.7714472930868865,0.0,0.0,0.0,0.0,0.0
O48845,5,134,M,test,1,0.0,0.44375085081921395,0.0,0.182621953677196,0.0,0.37362719550359014,0.0,0.0,0.0,0.0
O48916,5,237,M,test,5,0.0,0.0,0.0,0.0,0.0,1.0,0.0,0.0,0.0,0.0
O49397,0,552,U,test,0,1.0,0.0,0.0,0.0,0.0,0.0,0.0,0.0,0.0,0.0
O49432,2,481,S,test,1,0.19067218292021434,0.3960057297220825,0.0,0.0,0.0,0.21639202921052408,0.1969300581471791,0.0,0.0,0.0
O49523,1,419,S,test,4,0.0,0.3887368603541493,0.0,0.0,0.4254520480272211,0.0,0.18581109161862958,0.0,0.0,0.0
O49597,0,125,U,test,0,1.0,0.0,0.0,0.0,0.0,0.0,0.0,0.0,0.0,0.0
O49606,1,141,S,test,0,0.5981599450423358,0.4018400549576642,0.0,0.0,0.0,0.0,0.0,0.0,0.0,0.0
O49782,0,352,U,test,0,1.0,0.0,0.0,0.0,0.0,0.0,0.0,0.0,0.0,0.0
O54751,0,299,U,test,0,1.0,0.0,0.0,0.0,0.0,0.0,0.0,0.0,0.0,0.0
O54769,2,207,S,test,0,0.5967566180042263,0.0,0.0,0.1955980819873848,0.20764530000838893,0.0,0.0,0.0,0.0,0.0
O54858,2,652,S,test,4,0.0,0.0,0.20360029189918438,0.0,0.3907249639834944,0.20343619674286623,0.0,0.20223854737445515,0.0,0.0
O54874,1,1732,S,test,1,0.3595918097903806,0.6404081902096194,0.0,0.0,0.0,0.0,0.0,0.0,0.0,0.0
O57437,1,286,S,test,0,0.5707030229160546,0.4292969770839454,0.0,0.0,0.0,0.0,0.0,0.0,0.0,0.0
O59676,0,359,U,test,0,0.8092256886527265,0.19077431134727357,0.0,0.0,0.0,0.0,0.0,0.0,0.0,0.0
O59697,1,423,S,test,1,0.19201113526177807,0.6143714641133643,0.0,0.0,0.19361740062485772,0.0,0.0,0.0,0.0,0.0
O59711,1,450,S,test,1,0.0,0.7847944217152697,0.0,0.21520557828473025,0.0,0.0,0.0,0.0,0.0,0.0
O59714,5,511,M,test,8,0.0,0.0,0.0,0.0,0.39521809240050004,0.0,0.0,0.0,0.6047819075995,0.0
O59746,0,819,U,test,0,0.8190263553048411,0.18097364469515884,0.0,0.0,0.0,0.0,0.0,0.0,0.0,0.0
O59755,1,548,S,test,0,0.8460325356817295,0.0,0.0,0.0,0.0,0.0,0.0,0.0,0.1539674643182705,0.0
O59779,1,658,S,test,0,0.5940012321182263,0.0,0.4059987678817737,0.0,0.0,0.0,0.0,0.0,0.0,0.0
O59782,5,667,M,test,4,0.0,0.0,0.0,0.0,0.5981348178904639,0.0,0.0,0.0,0.40186518210953615,0.0
O59792,0,320,U,test,0,0.6040913151292376,0.19767971477632723,0.0,0.19822897009443513,0.0,0.0,0.0,0.0,0.0,0.0
O59800,0,354,U,test,0,0.6061702877484524,0.3938297122515476,0.0,0.0,0.0,0.0,0.0,0.0,0.0,0.0
O59811,1,463,S,test,0,0.5583693191361073,0.4416306808638927,0.0,0.0,0.0,0.0,0.0,0.0,0.0,0.0
O59812,1,475,S,test,1,0.0,0.5952137736055509,0.0,0.40478622639444906,0.0,0.0,0.0,0.0,0.0,0.0
O59893,2,234,S,test,2,0.0,0.0,1.0,0.0,0.0,0.0,0.0,0.0,0.0,0.0
O60053,0,440,U,test,0,1.0,0.0,0.0,0.0,0.0,0.0,0.0,0.0,0.0,0.0
O60065,9,286,M,test,1,0.0,0.40057507482724863,0.0,0.21405517787888861,0.0,0.1927741423593013,0.0,0.19259560493456152,0.0,0.0
O60104,0,376,U,test,0,0.8144940297488704,0.18550597025112964,0.0,0.0,0.0,0.0,0.0,0.0,0.0,0.0
O60113,7,542,M,test,5,0.0,0.0,0.0,0.0,0.18383322905093905,0.6428104119445394,0.0,0.1733563590045217,0.0,0.0
O60118,3,157,U,test,1,0.0,0.6170320868563763,0.0,0.3829679131436236,0.0,0.0,0.0,0.0,0.0,0.0
O60142,3,432,U,test,3,0.0,0.0,0.0,1.0,0.0,0.0,0.0,0.0,0.0,0.0
O60155,1,716,S,test,1,0.0,0.6122805782072316,0.0,0.3877194217927684,0.0,0.0,0.0,0.0,0.0,0.0
O60161,0,710,U,test,0,1.0,0.0,0.0,0.0,0.0,0.0,0.0,0.0,0.0,0.0
O60167,1,649,S,test,0,0.5901742014704308,0.40982579852956935,0.0,0.0,0.0,0.0,0.0,0.0,0.0,0.0
O60171,0,215,U,test,0,1.0,0.0,0.0,0.0,0.0,0.0,0.0,0.0,0.0,0.0
O60237,1,982,S,test,3,0.1940653643117581,0.39863311806579294,0.0,0.4073015176224489,0.0,0.0,0.0,0.0,0.0,0.0
O60242,4,1522,M,test,1,0.19306403448158782,0.39914428118714074,0.20096458680182908,0.0,0.20682709752944242,0.0,0.0,0.0,0.0,0.0
O60292,4,1781,M,test,1,0.382071310587654,0.4100905300490299,0.0,0.0,0.20783815936331607,0.0,0.0,0.0,0.0,0.0
O60306,0,1485,U,test,1,0.0,0.775940196329099,0.0,0.0,0.0,0.0,0.0,0.2240598036709009,0.0,0.0
O60462-6,2,555,S,test,2,0.0,0.0,1.0,0.0,0.0,0.0,0.0,0.0,0.0,0.0
O60477,1,761,S,test,2,0.15931814477240647,0.0,0.36588968830915003,0.14452706707782415,0.15296040322202512,0.0,0.0,0.17730469661859433,0.0,0.0
O60478,8,399,M,test,0,0.5867190126185541,0.0,0.0,0.0,0.22864605625375034,0.18463493112769558,0.0,0.0,0.0,0.0
O60508,0,579,U,test,0,0.8132096712884463,0.18679032871155363,0.0,0.0,0.0,0.0,0.0,0.0,0.0,0.0
O60635,8,241,M,test,4,0.0,0.0,0.0,0.0,1.0,0.0,0.0,0.0,0.0,0.0
O60667-3,2,306,S,test,4,0.0,0.0,0.0,0.0,1.0,0.0,0.0,0.0,0.0,0.0
O60858,5,407,M,test,5,0.0,0.3046920280781912,0.0,0.2956007529109494,0.0,0.3997072190108594,0.0,0.0,0.0,0.0
O60896,4,148,M,test,4,0.0,0.0,0.38187452608410194,0.0,0.6181254739158981,0.0,0.0,0.0,0.0,0.0
O61577,1,516,S,test,0,0.8094606782129965,0.0,0.0,0.19053932178700356,0.0,0.0,0.0,0.0,0.0,0.0
O61661,0,512,U,test,1,0.1770536530559022,0.6398325034040843,0.0,0.0,0.18311384354001353,0.0,0.0,0.0,0.0,0.0
O64425,5,249,M,test,0,0.6126704650449041,0.38732953495509587,0.0,0.0,0.0,0.0,0.0,0.0,0.0,0.0
O64538,1,134,S,test,4,0.0,0.3845645356538648,0.0,0.0,0.6154354643461352,0.0,0.0,0.0,0.0,0.0
O64654,6,275,U,test,6,0.0,0.0,0.0,0.0,0.0,0.0,1.0,0.0,0.0,0.0
O65009,8,282,U,test,4,0.0,0.0,0.19490917692616255,0.0,0.38110243391354126,0.0,0.0,0.22355499364968548,0.20043339551061076,0.0
O65272,6,1174,M,test,6,0.0,0.0,0.0,0.0,0.0,0.0,1.0,0.0,0.0,0.0
O65312,0,689,U,test,0,1.0,0.0,0.0,0.0,0.0,0.0,0.0,0.0,0.0,0.0
O65375,2,744,S,test,2,0.07063184837864428,0.0,0.856910660269399,0.0,0.07245749135195684,0.0,0.0,0.0,0.0,0.0
O70237,0,330,U,test,0,1.0,0.0,0.0,0.0,0.0,0.0,0.0,0.0,0.0,0.0
O70491,4,670,M,test,5,0.0,0.0,0.0,0.21204856943467718,0.19479450270630005,0.5931569278590227,0.0,0.0,0.0,0.0
O70608,0,1505,U,test,1,0.476184167469171,0.523815832530829,0.0,0.0,0.0,0.0,0.0,0.0,0.0,0.0
O73753,2,175,S,test,2,0.0,0.0,1.0,0.0,0.0,0.0,0.0,0.0,0.0,0.0
O74172,1,88,S,test,0,0.7946736661001561,0.2053263338998439,0.0,0.0,0.0,0.0,0.0,0.0,0.0,0.0
O74308,0,547,U,test,0,1.0,0.0,0.0,0.0,0.0,0.0,0.0,0.0,0.0,0.0
O74317,3,113,U,test,3,0.0,0.20078087812908324,0.0,0.7992191218709167,0.0,0.0,0.0,0.0,0.0,0.0
O74356,3,585,U,test,3,0.0,0.19951557272259088,0.0,0.8004844272774091,0.0,0.0,0.0,0.0,0.0,0.0
O74362,0,334,U,test,0,1.0,0.0,0.0,0.0,0.0,0.0,0.0,0.0,0.0,0.0
O74434,1,626,S,test,0,0.7898779740879337,0.21012202591206625,0.0,0.0,0.0,0.0,0.0,0.0,0.0,0.0
O74443,0,272,U,test,1,0.20071918554464047,0.5874059119536771,0.0,0.0,0.2118749025016824,0.0,0.0,0.0,0.0,0.0
O74454,1,1066,S,test,0,0.5674121497408912,0.4325878502591089,0.0,0.0,0.0,0.0,0.0,0.0,0.0,0.0
O74462,0,452,U,test,1,0.0,1.0,0.0,0.0,0.0,0.0,0.0,0.0,0.0,0.0
O74509,8,341,U,test,1,0.0,0.5852615346311805,0.0,0.0,0.0,0.22187464799735393,0.0,0.19286381737146557,0.0,0.0
O74531,1,361,S,test,0,0.5873543935226296,0.4126456064773703,0.0,0.0,0.0,0.0,0.0,0.0,0.0,0.0
O74551,5,238,M,test,5,0.0,0.0,0.20786791185012551,0.0,0.0,0.6038018436174578,0.0,0.18833024453241665,0.0,0.0
O74561,1,967,S,test,1,0.19676392030595646,0.8032360796940435,0.0,0.0,0.0,0.0,0.0,0.0,0.0,0.0
O74563,0,680,U,test,1,0.42596625149374806,0.5740337485062519,0.0,0.0,0.0,0.0,0.0,0.0,0.0,0.0
O74628,1,292,S,test,1,0.0,0.8201713526818257,0.0,0.0,0.0,0.0,0.0,0.0,0.0,0.17982864731817425
O74648,1,246,S,test,1,0.21115377086337508,0.5921835863486954,0.0,0.1966626427879296,0.0,0.0,0.0,0.0,0.0,0.0
O74734,3,244,U,test,3,0.0,0.0,0.0,1.0,0.0,0.0,0.0,0.0,0.0,0.0
O74761,0,459,U,test,0,0.8065420784537318,0.0,0.0,0.0,0.0,0.0,0.0,0.0,0.19345792154626812,0.0
O74765,3,425,U,test,3,0.0,0.34954902630344337,0.0,0.6504509736965567,0.0,0.0,0.0,0.0,0.0,0.0
O74830,1,220,S,test,1,0.18451539814705914,0.8154846018529409,0.0,0.0,0.0,0.0,0.0,0.0,0.0,0.0
O74879,0,634,U,test,0,0.8469915457857384,0.15300845421426162,0.0,0.0,0.0,0.0,0.0,0.0,0.0,0.0
O74886,1,236,S,test,1,0.0,0.6222493448716471,0.0,0.3777506551283529,0.0,0.0,0.0,0.0,0.0,0.0
O74890,3,445,S,test,3,0.0,0.18194103361087155,0.0,0.8180589663891285,0.0,0.0,0.0,0.0,0.0,0.0
O74942,0,610,U,test,0,0.8003062514150288,0.0,0.0,0.0,0.0,0.0,0.0,0.0,0.19969374858497121,0.0
O74964,0,803,U,test,1,0.3908210988152538,0.42028670860754636,0.0,0.0,0.18889219257719986,0.0,0.0,0.0,0.0,0.0
O74974,0,652,U,test,0,0.5990247885196248,0.40097521148037524,0.0,0.0,0.0,0.0,0.0,0.0,0.0,0.0
O74994,1,746,S,test,0,0.4156680774734869,0.39147325491331114,0.0,0.0,0.0,0.0,0.0,0.19285866761320206,0.0,0.0
O75001,0,760,U,test,0,0.6507465159834737,0.3492534840165264,0.0,0.0,0.0,0.0,0.0,0.0,0.0,0.0
O75064,7,1496,U,test,0,0.5734299336929944,0.4265700663070055,0.0,0.0,0.0,0.0,0.0,0.0,0.0,0.0
O75072,7,461,M,test,7,0.0,0.0,0.0,0.17029953403757214,0.0,0.16901457382732782,0.0,0.6606858921351001,0.0,0.0
O75151,0,1096,U,test,0,1.0,0.0,0.0,0.0,0.0,0.0,0.0,0.0,0.0,0.0
O75170,1,966,S,test,1,0.1875458631142951,0.6324185142220545,0.0,0.0,0.0,0.18003562266365042,0.0,0.0,0.0,0.0
O75324,3,88,M,test,4,0.0,0.0,0.0,0.18856447141920057,0.41022286868736907,0.19290255391889197,0.0,0.0,0.2083101059745385,0.0
O75363,1,584,S,test,0,0.8145782260933736,0.18542177390662645,0.0,0.0,0.0,0.0,0.0,0.0,0.0,0.0
O75367,0,372,U,test,0,0.5937239327122268,0.20770865167875643,0.0,0.1985674156090168,0.0,0.0,0.0,0.0,0.0,0.0
O75462,2,422,S,test,4,0.0,0.0,0.0,0.0,1.0,0.0,0.0,0.0,0.0,0.0
O75475,0,530,U,test,0,0.8089965753476839,0.19100342465231615,0.0,0.0,0.0,0.0,0.0,0.0,0.0,0.0
O75554,0,376,U,test,0,1.0,0.0,0.0,0.0,0.0,0.0,0.0,0.0,0.0,0.0
O75607,0,178,U,test,0,0.8140744413419506,0.18592555865804933,0.0,0.0,0.0,0.0,0.0,0.0,0.0,0.0
O75879,3,557,U,test,0,0.6111909718281023,0.18722827360410144,0.0,0.0,0.0,0.0,0.0,0.20158075456779617,0.0,0.0
O75909,0,580,U,test,0,1.0,0.0,0.0,0.0,0.0,0.0,0.0,0.0,0.0,0.0
O75934,0,225,U,test,1,0.17438322070853218,0.8256167792914678,0.0,0.0,0.0,0.0,0.0,0.0,0.0,0.0
O76090,4,585,M,test,4,0.41253487299342323,0.0,0.0,0.0,0.5874651270065768,0.0,0.0,0.0,0.0,0.0
O76200,2,83,S,test,2,0.0,0.0,1.0,0.0,0.0,0.0,0.0,0.0,0.0,0.0
O76927,1,83,S,test,1,0.4061733729943876,0.5938266270056124,0.0,0.0,0.0,0.0,0.0,0.0,0.0,0.0
O80678,0,451,U,test,0,0.5866949582612222,0.41330504173877775,0.0,0.0,0.0,0.0,0.0,0.0,0.0,0.0
O80839,1,226,S,test,1,0.0,1.0,0.0,0.0,0.0,0.0,0.0,0.0,0.0,0.0
O80885,6,447,M,test,6,0.0,0.0,0.0,0.0,0.0,0.0,1.0,0.0,0.0,0.0
O80931,0,367,U,test,0,1.0,0.0,0.0,0.0,0.0,0.0,0.0,0.0,0.0,0.0
O80939,4,675,M,test,4,0.0,0.0,0.0,0.0,1.0,0.0,0.0,0.0,0.0,0.0
O81027,3,468,S,test,6,0.0,0.1888043273412145,0.0,0.0,0.0,0.0,0.8111956726587856,0.0,0.0,0.0
O81242,0,355,U,test,0,0.8129212242851844,0.18707877571481557,0.0,0.0,0.0,0.0,0.0,0.0,0.0,0.0
O81645,1,965,S,test,1,0.0,1.0,0.0,0.0,0.0,0.0,0.0,0.0,0.0,0.0
O81796,3,368,U,test,1,0.0,0.3885744939045948,0.0,0.3866061136384026,0.0,0.0,0.2248193924570025,0.0,0.0,0.0
O82261,6,607,M,test,6,0.0,0.0,0.0,0.0,0.0,0.0,1.0,0.0,0.0,0.0
O82268,0,219,U,test,1,0.40481207591839224,0.5951879240816078,0.0,0.0,0.0,0.0,0.0,0.0,0.0,0.0
O82291,6,376,S,test,6,0.0,0.0,0.0,0.0,0.0,0.0,1.0,0.0,0.0,0.0
O82359,3,364,U,test,1,0.0,0.600544685802345,0.0,0.20199157150489053,0.0,0.19746374269276454,0.0,0.0,0.0,0.0
O82499,6,141,U,test,6,0.0,0.0,0.0,0.0,0.0,0.0,1.0,0.0,0.0,0.0
O82743,0,219,U,test,0,1.0,0.0,0.0,0.0,0.0,0.0,0.0,0.0,0.0,0.0
O82804,0,695,U,test,1,0.40165921599031307,0.5983407840096869,0.0,0.0,0.0,0.0,0.0,0.0,0.0,0.0
O88286,0,1684,U,test,0,0.8179806242755399,0.0,0.0,0.0,0.1820193757244601,0.0,0.0,0.0,0.0,0.0
O88291,0,580,S,test,0,1.0,0.0,0.0,0.0,0.0,0.0,0.0,0.0,0.0,0.0
O88343,4,1079,M,test,4,0.0,0.0,0.0,0.0,1.0,0.0,0.0,0.0,0.0,0.0
O88703,4,863,M,test,4,0.19402651800429405,0.19315245744463314,0.0,0.0,0.6128210245510729,0.0,0.0,0.0,0.0,0.0
O88705,4,779,M,test,4,0.0,0.05022545720610603,0.0,0.0,0.949774542793894,0.0,0.0,0.0,0.0,0.0
O88728,4,134,M,test,4,0.0,0.0,0.0,0.0,0.5979786909763397,0.19695789024976446,0.0,0.20506341877389575,0.0,0.0
O88850,0,1191,U,test,0,0.807328306671882,0.1926716933281179,0.0,0.0,0.0,0.0,0.0,0.0,0.0,0.0
O88871,4,940,M,test,4,0.0,0.0,0.0,0.0,0.6666369133387304,0.16773368934268668,0.0,0.1656293973185829,0.0,0.0
O88958,1,289,S,test,1,0.0,0.8051038779207964,0.0,0.1948961220792036,0.0,0.0,0.0,0.0,0.0,0.0
O89017,8,435,U,test,2,0.0,0.0,0.608010772127222,0.19216268015552615,0.1998265477172519,0.0,0.0,0.0,0.0,0.0
O94091,2,468,S,test,2,0.0,0.0,1.0,0.0,0.0,0.0,0.0,0.0,0.0,0.0
O94251,0,102,U,test,0,0.7947674268630796,0.20523257313692048,0.0,0.0,0.0,0.0,0.0,0.0,0.0,0.0
O94275,1,807,S,test,1,0.19716283790276634,0.6071160320570715,0.0,0.0,0.0,0.0,0.0,0.0,0.19572113004016214,0.0
O94278,0,857,U,test,0,1.0,0.0,0.0,0.0,0.0,0.0,0.0,0.0,0.0,0.0
O94284,3,459,U,test,3,0.0,0.0,0.0,0.4017924508964088,0.0,0.0,0.20166804801234328,0.0,0.0,0.3965395010912479
O94330,3,500,U,test,3,0.18425969739634684,0.22289996522738267,0.0,0.5928403373762705,0.0,0.0,0.0,0.0,0.0,0.0
O94358,3,845,U,test,0,0.4016063188196073,0.4004331493182975,0.0,0.0,0.0,0.19796053186209528,0.0,0.0,0.0,0.0
O94378,1,860,S,test,1,0.0,1.0,0.0,0.0,0.0,0.0,0.0,0.0,0.0,0.0
O94432,0,474,U,test,1,0.37064799121217373,0.6293520087878263,0.0,0.0,0.0,0.0,0.0,0.0,0.0,0.0
O94433,5,172,M,test,7,0.0,0.0,0.0,0.0,0.19107462392794722,0.1947923721190106,0.0,0.6141330039530422,0.0,0.0
O94438,1,252,S,test,1,0.20059908241632773,0.5888733727725188,0.0,0.2105275448111535,0.0,0.0,0.0,0.0,0.0,0.0
O94439,8,728,M,test,5,0.0,0.0,0.0,0.0,0.0,0.5840779778176274,0.0,0.19349192005255303,0.2224301021298195,0.0
O94500,3,452,U,test,1,0.0,1.0,0.0,0.0,0.0,0.0,0.0,0.0,0.0,0.0
O94510,1,433,S,test,2,0.0,0.0,1.0,0.0,0.0,0.0,0.0,0.0,0.0,0.0
O94521,1,333,S,test,1,0.0,0.8043508797594321,0.0,0.0,0.0,0.0,0.0,0.0,0.0,0.195649120240568
O94527,1,809,S,test,0,0.6043002776961681,0.19309065948933832,0.0,0.0,0.0,0.0,0.0,0.0,0.2026090628144936,0.0
O94532,4,1461,M,test,0,1.0,0.0,0.0,0.0,0.0,0.0,0.0,0.0,0.0,0.0
O94566,1,551,S,test,0,0.7772010825257398,0.22279891747426014,0.0,0.0,0.0,0.0,0.0,0.0,0.0,0.0
O94598,1,815,S,test,0,0.4012792863979021,0.3993297514148953,0.0,0.0,0.0,0.0,0.0,0.19939096218720262,0.0,0.0
O94601,1,321,S,test,7,0.1954390328683898,0.0,0.0,0.38465118024893874,0.0,0.0,0.0,0.4199097868826714,0.0,0.0
O94639,5,408,M,test,5,0.0,0.0,0.0,0.0,0.1904406567925701,0.41647997487180366,0.0,0.0,0.39307936833562623,0.0
O94676,0,1097,U,test,0,0.6188541010155426,0.19056062246086414,0.0,0.0,0.0,0.0,0.0,0.0,0.19058527652359325,0.0
O94682,1,253,S,test,1,0.37881179331865505,0.38043972535992854,0.0,0.24074848132141646,0.0,0.0,0.0,0.0,0.0,0.0
O94704,0,168,U,test,0,0.582856520935291,0.21148842183438624,0.0,0.0,0.0,0.0,0.0,0.0,0.20565505723032293,0.0
O94745,3,502,S,test,3,0.0,0.0,0.0,1.0,0.0,0.0,0.0,0.0,0.0,0.0
O94752,1,454,S,test,1,0.0,0.8113360678802691,0.0,0.18866393211973093,0.0,0.0,0.0,0.0,0.0,0.0
O94753,2,361,S,test,2,0.0,0.15748766481641682,0.6423908985668414,0.0,0.0,0.0,0.0,0.0,0.0,0.20012143661674175
O94804,4,968,M,test,1,0.13262896979268757,0.8673710302073124,0.0,0.0,0.0,0.0,0.0,0.0,0.0,0.0
O94888,0,489,U,test,0,1.0,0.0,0.0,0.0,0.0,0.0,0.0,0.0,0.0,0.0
O94901,0,812,M,test,0,0.702115073277112,0.29788492672288797,0.0,0.0,0.0,0.0,0.0,0.0,0.0,0.0
O94927,1,633,S,test,0,0.8274992249897287,0.17250077501027125,0.0,0.0,0.0,0.0,0.0,0.0,0.0,0.0
O94966,5,1318,M,test,1,0.18813607192124465,0.398719229203216,0.0,0.0,0.21723010275766946,0.1959145961178699,0.0,0.0,0.0,0.0
O95232,0,432,U,test,0,1.0,0.0,0.0,0.0,0.0,0.0,0.0,0.0,0.0,0.0
O95445,2,188,S,test,2,0.0,0.0,0.6348023856270837,0.0,0.0,0.18115779041673796,0.0,0.0,0.18403982395617838,0.0
O95563,3,127,M,test,5,0.0,0.0,0.0,0.3955230634279229,0.0,0.4068173143727702,0.0,0.1976596221993069,0.0,0.0
O95684,1,399,S,test,0,0.812643094291631,0.1873569057083691,0.0,0.0,0.0,0.0,0.0,0.0,0.0,0.0
O95747,1,527,S,test,1,0.20117315664065938,0.5927990648748634,0.0,0.0,0.2060277784844772,0.0,0.0,0.0,0.0,0.0
O95834,1,649,S,test,1,0.19567286965930245,0.8043271303406976,0.0,0.0,0.0,0.0,0.0,0.0,0.0,0.0
O95841,2,491,S,test,2,0.0,0.0,1.0,0.0,0.0,0.0,0.0,0.0,0.0,0.0
O95926,0,243,U,test,0,0.7957961192907,0.0,0.0,0.2042038807093,0.0,0.0,0.0,0.0,0.0,0.0
O95931,0,251,U,test,0,1.0,0.0,0.0,0.0,0.0,0.0,0.0,0.0,0.0,0.0
O96693,6,488,U,test,1,0.0,0.6121857764627,0.0,0.3878142235373,0.0,0.0,0.0,0.0,0.0,0.0
O97859,4,428,M,test,3,0.40561827138986273,0.1882409395562598,0.0,0.40614078905387746,0.0,0.0,0.0,0.0,0.0,0.0
P00287,6,99,M,test,6,0.0,0.0,0.0,0.0,0.0,0.13520196560361156,0.8647980343963885,0.0,0.0,0.0
P00288,6,99,M,test,6,0.0,0.0,0.0,0.0,0.0,0.0,1.0,0.0,0.0,0.0
P00289,6,168,M,test,6,0.0,0.0,0.0,0.0,0.0,0.0,1.0,0.0,0.0,0.0
P00290,6,99,M,test,6,0.0,0.0,0.0,0.0,0.0,0.0,1.0,0.0,0.0,0.0
P00291,6,99,M,test,6,0.0,0.0,0.0,0.0,0.0,0.12815673665915556,0.8718432633408444,0.0,0.0,0.0
P00292,6,99,M,test,6,0.0,0.0,0.0,0.0,0.0,0.128274033876731,0.871725966123269,0.0,0.0,0.0
P00293,6,99,M,test,6,0.0,0.0,0.0,0.0,0.0,0.13240527209701897,0.8675947279029811,0.0,0.0,0.0
P00294,6,99,M,test,6,0.0,0.0,0.0,0.0,0.0,0.0,1.0,0.0,0.0,0.0
P00295,6,99,M,test,6,0.0,0.0,0.0,0.0,0.0,0.1111145112515603,0.8888854887484398,0.0,0.0,0.0
P00296,6,99,M,test,6,0.0,0.0,0.0,0.0,0.0,0.0,1.0,0.0,0.0,0.0
P00297,6,99,M,test,6,0.0,0.0,0.0,0.0,0.0,0.11092600018819074,0.8890739998118092,0.0,0.0,0.0
P00298,6,99,M,test,6,0.0,0.0,0.0,0.0,0.0,0.0,1.0,0.0,0.0,0.0
P00299,6,168,M,test,6,0.0,0.0,0.0,0.0,0.0,0.0,1.0,0.0,0.0,0.0
P00732,2,417,S,test,2,0.0,0.0,0.3116547936729325,0.0,0.1463918390955636,0.16250622780621263,0.0,0.0,0.22660337537121408,0.1528437640540773
P00927,3,576,U,test,3,0.0,0.17250381743978863,0.0,0.8274961825602114,0.0,0.0,0.0,0.0,0.0,0.0
P01040,1,98,S,test,2,0.0,0.37018333155116223,0.6298166684488378,0.0,0.0,0.0,0.0,0.0,0.0,0.0
P01096,3,109,U,test,3,0.0,0.0,0.0,1.0,0.0,0.0,0.0,0.0,0.0,0.0
P01142,2,190,S,test,2,0.0,0.0,0.8190975477616406,0.0,0.1809024522383594,0.0,0.0,0.0,0.0,0.0
P01143,2,187,S,test,2,0.0,0.0,1.0,0.0,0.0,0.0,0.0,0.0,0.0,0.0
P01405,2,60,S,test,2,0.0,0.0,1.0,0.0,0.0,0.0,0.0,0.0,0.0,0.0
P01406,2,60,S,test,2,0.0,0.0,1.0,0.0,0.0,0.0,0.0,0.0,0.0,0.0
P02655,2,101,S,test,2,0.0,0.1848106099411697,0.6184195386724771,0.19676985138635328,0.0,0.0,0.0,0.0,0.0,0.0
P02724,4,150,M,test,4,0.0,0.0,0.0,0.0,0.6123995812209411,0.2009917487676433,0.0,0.0,0.1866086700114155,0.0
P02730,4,911,M,test,4,0.0,0.0,0.0,0.1873538608454843,0.6146809177393082,0.19796522141520742,0.0,0.0,0.0,0.0
P02835,0,410,U,test,0,1.0,0.0,0.0,0.0,0.0,0.0,0.0,0.0,0.0,0.0
P02836,0,552,U,test,0,1.0,0.0,0.0,0.0,0.0,0.0,0.0,0.0,0.0,0.0
P03872,0,296,U,test,4,0.39841093011805523,0.0,0.0,0.19335292350498398,0.4082361463769608,0.0,0.0,0.0,0.0,0.0
P03973,2,132,S,test,2,0.0,0.0,1.0,0.0,0.0,0.0,0.0,0.0,0.0,0.0
P04201,4,325,M,test,4,0.0,0.0,0.0,0.0,1.0,0.0,0.0,0.0,0.0,0.0
P04814,2,256,S,test,2,0.0,0.0,1.0,0.0,0.0,0.0,0.0,0.0,0.0,0.0
P04913,0,126,U,test,0,1.0,0.0,0.0,0.0,0.0,0.0,0.0,0.0,0.0,0.0
P04919,4,929,M,test,4,0.0,0.0,0.0,0.0,0.8105393071498252,0.1894606928501748,0.0,0.0,0.0,0.0
P05166,3,539,S,test,3,0.0,0.194762442223564,0.0,0.6038222954946209,0.0,0.0,0.2014152622818152,0.0,0.0,0.0
P05186,4,524,M,test,2,0.0,0.0,0.39963796929074513,0.0,0.20597208172579717,0.0,0.0,0.0,0.39438994898345786,0.0
P05366,2,122,S,test,2,0.0,0.0,0.6165987209346648,0.3834012790653353,0.0,0.0,0.0,0.0,0.0,0.0
P05549,0,437,U,test,0,1.0,0.0,0.0,0.0,0.0,0.0,0.0,0.0,0.0,0.0
P05740,1,184,S,test,3,0.0,0.4131274237390848,0.0,0.5868725762609152,0.0,0.0,0.0,0.0,0.0,0.0
P05747,1,59,S,test,1,0.21520193298969928,0.7847980670103007,0.0,0.0,0.0,0.0,0.0,0.0,0.0,0.0
P05764,1,87,S,test,1,0.39733920404880513,0.3983139701249919,0.0,0.0,0.0,0.0,0.20434682582620298,0.0,0.0,0.0
P05981,4,417,M,test,4,0.0,0.0,0.3860395405591489,0.0,0.6139604594408511,0.0,0.0,0.0,0.0,0.0
P06103,1,763,S,test,0,0.604971359122764,0.395028640877236,0.0,0.0,0.0,0.0,0.0,0.0,0.0,0.0
P06296,2,191,S,test,2,0.0,0.0,0.8251449348243008,0.0,0.1748550651756992,0.0,0.0,0.0,0.0,0.0
P06400,0,928,U,test,0,0.6242138683257408,0.3757861316742592,0.0,0.0,0.0,0.0,0.0,0.0,0.0,0.0
P07030,6,165,M,test,6,0.0,0.0,0.0,0.0,0.0,0.0,1.0,0.0,0.0,0.0
P07250,0,355,U,test,1,0.49109543942079686,0.5089045605792032,0.0,0.0,0.0,0.0,0.0,0.0,0.0,0.0
P07251,3,545,M,test,3,0.14152746674829836,0.0,0.0,0.8584725332517016,0.0,0.0,0.0,0.0,0.0,0.0
P07256,3,457,M,test,3,0.0,0.0,0.0,0.8331064522874324,0.0,0.0,0.16689354771256754,0.0,0.0,0.0
P07266,3,363,S,test,1,0.21200683338413612,0.5937135225233775,0.0,0.0,0.0,0.19427964409248646,0.0,0.0,0.0,0.0
P07313,1,608,S,test,0,0.6173591542666661,0.38264084573333396,0.0,0.0,0.0,0.0,0.0,0.0,0.0,0.0
P07664,0,433,U,test,0,0.7201694449959852,0.0,0.0,0.0,0.27983055500401477,0.0,0.0,0.0,0.0,0.0
P07665,0,356,U,test,0,0.7303475590638554,0.0,0.0,0.0,0.26965244093614466,0.0,0.0,0.0,0.0,0.0
P07766,4,207,M,test,4,0.0,0.0,0.0,0.0,1.0,0.0,0.0,0.0,0.0,0.0
P08018,1,668,S,test,1,0.0,1.0,0.0,0.0,0.0,0.0,0.0,0.0,0.0,0.0
P08985,0,141,U,test,0,1.0,0.0,0.0,0.0,0.0,0.0,0.0,0.0,0.0,0.0
P08992,0,146,U,test,0,1.0,0.0,0.0,0.0,0.0,0.0,0.0,0.0,0.0,0.0
P09031,2,97,S,test,2,0.0,0.0,1.0,0.0,0.0,0.0,0.0,0.0,0.0,0.0
P09932,0,586,U,test,0,0.6078800158362516,0.19628730588651866,0.0,0.0,0.0,0.0,0.0,0.0,0.0,0.19583267827722972
P0C0S6,0,128,U,test,0,1.0,0.0,0.0,0.0,0.0,0.0,0.0,0.0,0.0,0.0
P0C0T4,1,108,S,test,0,1.0,0.0,0.0,0.0,0.0,0.0,0.0,0.0,0.0,0.0
P0C0V8,1,87,S,test,0,0.4059032916687298,0.2021379871013621,0.1909757075028986,0.20098301372700952,0.0,0.0,0.0,0.0,0.0,0.0
P0C0X0,1,67,S,test,6,0.40143552936857796,0.19574208287220765,0.0,0.0,0.0,0.0,0.4028223877592145,0.0,0.0,0.0
P0C1Y9,2,61,S,test,0,0.793864190649073,0.0,0.20613580935092699,0.0,0.0,0.0,0.0,0.0,0.0,0.0
P0C1Z0,2,61,S,test,0,0.7905135417118679,0.0,0.20948645828813212,0.0,0.0,0.0,0.0,0.0,0.0,0.0
P0C2B6,3,128,U,test,3,0.0,0.0,0.0,1.0,0.0,0.0,0.0,0.0,0.0,0.0
P0C5W7,2,66,S,test,2,0.0,0.0,1.0,0.0,0.0,0.0,0.0,0.0,0.0,0.0
P0C606,0,293,U,test,0,1.0,0.0,0.0,0.0,0.0,0.0,0.0,0.0,0.0,0.0
P0C607,2,75,S,test,2,0.0,0.0,1.0,0.0,0.0,0.0,0.0,0.0,0.0,0.0
P0C7L0,1,485,S,test,1,0.2903941033417889,0.709605896658211,0.0,0.0,0.0,0.0,0.0,0.0,0.0,0.0
P0C7P3,0,912,U,test,1,0.1860022450829778,0.8139977549170223,0.0,0.0,0.0,0.0,0.0,0.0,0.0,0.0
P0CB05,1,711,S,test,1,0.0,1.0,0.0,0.0,0.0,0.0,0.0,0.0,0.0,0.0
P0CB20,2,123,S,test,2,0.0,0.0,1.0,0.0,0.0,0.0,0.0,0.0,0.0,0.0
P0CG03,2,260,S,test,2,0.0,0.0,1.0,0.0,0.0,0.0,0.0,0.0,0.0,0.0
P0CG12,0,524,U,test,0,0.6765796540883551,0.16202499349672453,0.16139535241492037,0.0,0.0,0.0,0.0,0.0,0.0,0.0
P0CI04,2,42,S,test,2,0.0,0.0,1.0,0.0,0.0,0.0,0.0,0.0,0.0,0.0
P0CT87,2,472,S,test,2,0.0,0.0,1.0,0.0,0.0,0.0,0.0,0.0,0.0,0.0
P0CT88,2,407,S,test,2,0.0,0.0,0.8022246871973118,0.0,0.0,0.19777531280268829,0.0,0.0,0.0,0.0
P0CT92,2,617,S,test,3,0.19757357699568218,0.0,0.20364754876174657,0.4020592036197384,0.0,0.0,0.0,0.0,0.0,0.19671967062283297
P0CX31,1,135,S,test,1,0.0,0.6091141643466709,0.0,0.39088583565332913,0.0,0.0,0.0,0.0,0.0,0.0
P0CX32,1,135,S,test,1,0.0,0.6091141643466709,0.0,0.39088583565332913,0.0,0.0,0.0,0.0,0.0,0.0
P0CX82,1,189,S,test,1,0.0,0.8132023315048063,0.0,0.18679766849519375,0.0,0.0,0.0,0.0,0.0,0.0
P0CX83,1,189,S,test,1,0.0,0.8132023315048063,0.0,0.18679766849519375,0.0,0.0,0.0,0.0,0.0,0.0
P0CX84,1,120,S,test,0,1.0,0.0,0.0,0.0,0.0,0.0,0.0,0.0,0.0,0.0
P0CX85,1,120,S,test,0,1.0,0.0,0.0,0.0,0.0,0.0,0.0,0.0,0.0,0.0
P0DJ86,2,231,S,test,2,0.0,0.0,1.0,0.0,0.0,0.0,0.0,0.0,0.0,0.0
P0DJI8,2,122,S,test,2,0.0,0.0,0.6218428577916039,0.19766904379179223,0.0,0.0,0.180488098416604,0.0,0.0,0.0
P0DL36,2,112,S,test,2,0.0,0.0,1.0,0.0,0.0,0.0,0.0,0.0,0.0,0.0
P0DL48,2,48,S,test,2,0.0,0.0,1.0,0.0,0.0,0.0,0.0,0.0,0.0,0.0
P0DM40,4,2038,M,test,1,0.0,0.5816567666123833,0.0,0.0,0.0,0.41834323338761675,0.0,0.0,0.0,0.0
P0DMC2,2,58,S,test,2,0.0,0.0,1.0,0.0,0.0,0.0,0.0,0.0,0.0,0.0
P0DMC3,2,54,S,test,2,0.0,0.0,1.0,0.0,0.0,0.0,0.0,0.0,0.0,0.0
P10506,1,340,S,test,1,0.16675231789025866,0.643578177425726,0.0,0.0,0.0,0.0,0.0,0.0,0.18966950468401544,0.0
P10734,0,429,U,test,0,1.0,0.0,0.0,0.0,0.0,0.0,0.0,0.0,0.0,0.0
P10911,1,925,S,test,1,0.20019021110754442,0.608648976255816,0.0,0.0,0.19116081263663948,0.0,0.0,0.0,0.0,0.0
P10964,0,1664,U,test,1,0.3951041471553423,0.39626171529412735,0.0,0.0,0.0,0.0,0.0,0.0,0.20863413755053042,0.0
P11373,2,224,S,test,2,0.0,0.0,1.0,0.0,0.0,0.0,0.0,0.0,0.0,0.0
P11456,8,279,M,test,0,0.7983185550878232,0.0,0.0,0.0,0.0,0.2016814449121768,0.0,0.0,0.0,0.0
P11490,6,171,M,test,6,0.0,0.0,0.0,0.0,0.0,0.0,1.0,0.0,0.0,0.0
P11597,2,493,S,test,2,0.0,0.0,0.8621825695364057,0.0,0.0,0.13781743046359438,0.0,0.0,0.0,0.0
P11672,2,200,S,test,2,0.0,0.0,0.6517908245668828,0.0,0.3482091754331172,0.0,0.0,0.0,0.0,0.0
P11717,8,2491,M,test,4,0.0,0.0,0.19911289835928955,0.0,0.5778314264984886,0.0,0.0,0.22305567514222183,0.0,0.0
P11831,0,508,U,test,0,1.0,0.0,0.0,0.0,0.0,0.0,0.0,0.0,0.0,0.0
P11911,4,220,M,test,4,0.0,0.0,0.0,0.0,1.0,0.0,0.0,0.0,0.0,0.0
P11970,6,168,M,test,6,0.0,0.0,0.0,0.0,0.0,0.0,1.0,0.0,0.0,0.0
P12080,4,1396,M,test,4,0.0,0.0,0.16925591074014934,0.0,0.8307440892598507,0.0,0.0,0.0,0.0,0.0
P12353,6,212,M,test,6,0.0,0.0,0.0,0.0,0.0,0.0,1.0,0.0,0.0,0.0
P12359,6,332,M,test,6,0.0,0.0,0.0,0.0,0.0,0.0,1.0,0.0,0.0,0.0
P12843,2,304,S,test,0,0.41732287217291575,0.0,0.39050724123260033,0.0,0.1921698865944839,0.0,0.0,0.0,0.0,0.0
P12979,0,224,U,test,0,1.0,0.0,0.0,0.0,0.0,0.0,0.0,0.0,0.0,0.0
P13002,0,1333,U,test,0,1.0,0.0,0.0,0.0,0.0,0.0,0.0,0.0,0.0,0.0
P13010,0,732,U,test,1,0.44095573103471425,0.5590442689652858,0.0,0.0,0.0,0.0,0.0,0.0,0.0,0.0
P13432,2,146,S,test,0,0.6057727132240069,0.0,0.0,0.0,0.199481172699423,0.1947461140765701,0.0,0.0,0.0,0.0
P13528,0,467,U,test,0,1.0,0.0,0.0,0.0,0.0,0.0,0.0,0.0,0.0,0.0
P13635,2,1059,S,test,2,0.0,0.0,1.0,0.0,0.0,0.0,0.0,0.0,0.0,0.0
P13726-2,2,238,S,test,4,0.0,0.0,0.43920496384484636,0.0,0.5607950361551536,0.0,0.0,0.0,0.0,0.0
P14020,5,267,M,test,5,0.0,0.1698564582148848,0.0,0.17326745475157784,0.0,0.48967578004355267,0.0,0.16720030698998473,0.0,0.0
P14404,0,1042,U,test,0,1.0,0.0,0.0,0.0,0.0,0.0,0.0,0.0,0.0,0.0
P14448,2,741,S,test,2,0.0,0.0,1.0,0.0,0.0,0.0,0.0,0.0,0.0,0.0
P14724,0,124,U,test,0,0.5995959106978753,0.19873950231172158,0.0,0.0,0.0,0.0,0.0,0.0,0.20166458699040324,0.0
P14772,8,1559,M,test,8,0.0,0.0,0.0,0.0,0.4575017720468346,0.0,0.0,0.0,0.5424982279531654,0.0
P15381,4,2171,M,test,4,0.19114020054852449,0.21962897935542303,0.0,0.0,0.5892308200960525,0.0,0.0,0.0,0.0,0.0
P15382,4,129,M,test,4,0.0,0.0,0.0,0.3857950461131592,0.6142049538868408,0.0,0.0,0.0,0.0,0.0
P15383,4,130,M,test,4,0.19218144543488494,0.0,0.0,0.20035028626182483,0.6074682683032903,0.0,0.0,0.0,0.0,0.0
P15398,0,1689,U,test,1,0.0,0.8128031280814546,0.0,0.0,0.0,0.0,0.0,0.18719687191854537,0.0,0.0
P15424,3,664,S,test,1,0.1994231510441131,0.631589717660036,0.0,0.16898713129585088,0.0,0.0,0.0,0.0,0.0,0.0
P15478,8,386,U,test,2,0.0,0.19807774528134778,0.5847530009469732,0.0,0.2171692537716791,0.0,0.0,0.0,0.0,0.0
P15693,4,540,M,test,4,0.0,0.0,0.19633939554010174,0.0,0.4027966908337445,0.2010444772139588,0.0,0.0,0.19981943641219507,0.0
P15705,1,589,S,test,3,0.0,0.2733401029435795,0.0,0.7266598970564205,0.0,0.0,0.0,0.0,0.0,0.0
P15891,1,592,S,test,0,0.4150881374906857,0.38266604383704406,0.0,0.0,0.0,0.0,0.0,0.20224581867227032,0.0,0.0
P15919,0,1040,U,test,0,0.617206761326444,0.19096200248120754,0.19183123619234838,0.0,0.0,0.0,0.0,0.0,0.0,0.0
P16068,1,619,S,test,1,0.0,0.6012031944841645,0.0,0.20451341973948303,0.0,0.19428338577635257,0.0,0.0,0.0,0.0
P16104,0,143,U,test,0,1.0,0.0,0.0,0.0,0.0,0.0,0.0,0.0,0.0,0.0
P16260,3,332,M,test,3,0.0,0.0,0.0,0.5994062248412891,0.0,0.1852111608961159,0.21538261426259495,0.0,0.0,0.0
P16410,4,223,M,test,4,0.0,0.0,0.0,0.0,1.0,0.0,0.0,0.0,0.0,0.0
P16521,1,1044,S,test,1,0.1999970309172987,0.8000029690827013,0.0,0.0,0.0,0.0,0.0,0.0,0.0,0.0
P17341,6,97,M,test,6,0.0,0.0,0.0,0.0,0.0,0.0,1.0,0.0,0.0,0.0
P17427,4,938,M,test,0,0.33685998037082104,0.17316523131856057,0.0,0.0,0.31270337270592063,0.0,0.0,0.17727141560469775,0.0,0.0
P17558,3,318,U,test,0,0.813145616759434,0.18685438324056608,0.0,0.0,0.0,0.0,0.0,0.0,0.0,0.0
P17568,3,137,M,test,3,0.0,0.0,0.0,1.0,0.0,0.0,0.0,0.0,0.0,0.0
P17629,0,752,U,test,0,0.7816261440224448,0.21837385597755524,0.0,0.0,0.0,0.0,0.0,0.0,0.0,0.0
P17936,2,291,S,test,0,0.41029621839723407,0.0,0.40206970767428646,0.0,0.18763407392847928,0.0,0.0,0.0,0.0,0.0
P18153,2,321,S,test,2,0.0,0.0,0.8143232853331314,0.18567671466686858,0.0,0.0,0.0,0.0,0.0,0.0
P18583,0,2426,U,test,0,0.5748867358580987,0.4251132641419013,0.0,0.0,0.0,0.0,0.0,0.0,0.0,0.0
P18911,0,458,U,test,0,1.0,0.0,0.0,0.0,0.0,0.0,0.0,0.0,0.0,0.0
P18965,2,260,S,test,2,0.0,0.0,1.0,0.0,0.0,0.0,0.0,0.0,0.0,0.0
P19136,2,382,S,test,2,0.0,0.0,0.8247518286798683,0.0,0.0,0.0,0.0,0.0,0.0,0.17524817132013176
P19236,1,280,S,test,2,0.0,0.0,0.5380017555595874,0.0,0.4619982444404126,0.0,0.0,0.0,0.0,0.0
P19269,2,512,S,test,2,0.0,0.0,1.0,0.0,0.0,0.0,0.0,0.0,0.0,0.0
P19427,2,201,S,test,2,0.0,0.0,1.0,0.0,0.0,0.0,0.0,0.0,0.0,0.0
P19492,4,888,M,test,2,0.0,0.0,0.808959185859382,0.0,0.0,0.0,0.0,0.19104081414061813,0.0,0.0
P20084,3,86,U,test,1,0.0,0.5733241006395734,0.0,0.42667589936042666,0.0,0.0,0.0,0.0,0.0,0.0
P20385,0,510,U,test,0,1.0,0.0,0.0,0.0,0.0,0.0,0.0,0.0,0.0,0.0
P20422,6,97,M,test,6,0.0,0.0,0.0,0.0,0.0,0.0,1.0,0.0,0.0,0.0
P20482,0,1383,U,test,0,1.0,0.0,0.0,0.0,0.0,0.0,0.0,0.0,0.0,0.0
P20659,0,3726,U,test,0,1.0,0.0,0.0,0.0,0.0,0.0,0.0,0.0,0.0,0.0
P21396,3,526,M,test,2,0.0,0.0,0.6219305870627343,0.1690216404334461,0.0,0.20904777250381967,0.0,0.0,0.0,0.0
P21675,0,1872,U,test,0,0.5848967414119111,0.41510325858808894,0.0,0.0,0.0,0.0,0.0,0.0,0.0,0.0
P21745,2,268,S,test,7,0.0,0.20266656797893234,0.0,0.18778654856894042,0.20882717351854665,0.0,0.18255316470014432,0.21816654523343626,0.0,0.0
P21750,2,142,S,test,2,0.0,0.0,0.5923679770314941,0.40763202296850587,0.0,0.0,0.0,0.0,0.0,0.0
P21771,3,286,U,test,3,0.20462315886683682,0.0,0.0,0.7953768411331632,0.0,0.0,0.0,0.0,0.0,0.0
P21926,4,228,M,test,4,0.0,0.0,0.0,0.0,1.0,0.0,0.0,0.0,0.0,0.0
P22139,0,70,U,test,0,0.8113723458751139,0.18862765412488622,0.0,0.0,0.0,0.0,0.0,0.0,0.0,0.0
P22185,3,349,M,test,3,0.19721045855470937,0.0,0.0,0.8027895414452907,0.0,0.0,0.0,0.0,0.0,0.0
P22509,0,327,U,test,0,1.0,0.0,0.0,0.0,0.0,0.0,0.0,0.0,0.0,0.0
P22557,3,587,S,test,3,0.0,0.20259703376361596,0.0,0.7974029662363841,0.0,0.0,0.0,0.0,0.0,0.0
P23248,1,255,S,test,0,0.8021432568255659,0.0,0.0,0.19785674317443414,0.0,0.0,0.0,0.0,0.0,0.0
P23321,6,332,M,test,6,0.0,0.0,0.0,0.0,0.0,0.0,1.0,0.0,0.0,0.0
P23369,3,157,U,test,3,0.19556349598806472,0.0,0.0,0.8044365040119352,0.0,0.0,0.0,0.0,0.0,0.0
P23385,4,1199,M,test,4,0.0,0.0,0.0,0.0,1.0,0.0,0.0,0.0,0.0,0.0
P23432,2,351,S,test,2,0.0,0.0,0.393700087792412,0.0,0.0,0.19301724899846606,0.0,0.0,0.216259121142535,0.197023542066587
P23433,2,351,S,test,8,0.0,0.0,0.20193355915513697,0.0,0.0,0.19103835281020184,0.19278367788267134,0.0,0.2181516705294754,0.1960927396225145
P23501,5,404,M,test,7,0.0,0.0,0.0,0.0,0.0,0.4062780777460782,0.0,0.5937219222539218,0.0,0.0
P23604,2,213,S,test,2,0.0,0.0,1.0,0.0,0.0,0.0,0.0,0.0,0.0,0.0
P23605,2,214,S,test,2,0.0,0.0,1.0,0.0,0.0,0.0,0.0,0.0,0.0,0.0
P23685,4,970,M,test,8,0.0,0.0,0.0,0.0,0.4588466537097473,0.0,0.0,0.0,0.5411533462902528,0.0
P23757,0,370,U,test,0,1.0,0.0,0.0,0.0,0.0,0.0,0.0,0.0,0.0,0.0
P25008,0,267,U,test,0,0.8139013678356893,0.0,0.0,0.18609863216431063,0.0,0.0,0.0,0.0,0.0,0.0
P25046,0,220,U,test,0,0.8075453046294927,0.0,0.0,0.0,0.0,0.0,0.0,0.19245469537050733,0.0,0.0
P25107,4,585,M,test,4,0.0,0.0,0.0,0.0,1.0,0.0,0.0,0.0,0.0,0.0
P25189,4,248,M,test,4,0.0,0.0,0.0,0.0,1.0,0.0,0.0,0.0,0.0,0.0
P25338,5,174,M,test,5,0.0,0.0,0.0,0.0,0.0,0.811566298744133,0.0,0.0,0.188433701255867,0.0
P25371,5,1049,M,test,4,0.0,0.0,0.0,0.0,0.39457568982334124,0.20781349907467914,0.0,0.19262688657099222,0.20498392453098743,0.0
P25625,5,357,M,test,4,0.0,0.0,0.0,0.0,0.3606991029623885,0.2725087193369635,0.0,0.18378596139784292,0.18300621630280514,0.0
P25626,3,169,U,test,3,0.2015500014783428,0.0,0.0,0.7984499985216572,0.0,0.0,0.0,0.0,0.0,0.0
P25681,2,61,S,test,0,0.4113844793318934,0.19786726168712118,0.1960539557296781,0.19469430325130732,0.0,0.0,0.0,0.0,0.0,0.0
P25684,2,60,S,test,2,0.0,0.0,1.0,0.0,0.0,0.0,0.0,0.0,0.0,0.0
P25846,3,959,U,test,0,0.6839739714432614,0.16157617532935584,0.0,0.15444985322738278,0.0,0.0,0.0,0.0,0.0,0.0
P25931,4,464,M,test,4,0.0,0.0,0.0,0.0,1.0,0.0,0.0,0.0,0.0,0.0
P25961,4,591,M,test,4,0.0,0.0,0.0,0.0,1.0,0.0,0.0,0.0,0.0,0.0
P25976,0,765,U,test,0,0.8146479338086888,0.18535206619131114,0.0,0.0,0.0,0.0,0.0,0.0,0.0,0.0
P25997,1,1050,S,test,0,0.5863350144535662,0.4136649855464339,0.0,0.0,0.0,0.0,0.0,0.0,0.0,0.0
P26016,7,1269,M,test,7,0.3215604610305429,0.16589059081897356,0.0,0.0,0.16841156361571982,0.0,0.0,0.34413738453476367,0.0,0.0
P27091,2,455,S,test,2,0.0,0.0,0.6284943188721132,0.0,0.3715056811278869,0.0,0.0,0.0,0.0,0.0
P27614,8,576,M,test,2,0.0,0.0,0.4089761047030832,0.19512712530585938,0.0,0.0,0.0,0.0,0.20242561942771717,0.19347115056334027
P27661,0,143,U,test,0,1.0,0.0,0.0,0.0,0.0,0.0,0.0,0.0,0.0,0.0
P27684,6,142,U,test,6,0.0,0.0,0.0,0.0,0.0,0.0,1.0,0.0,0.0,0.0
P27882,3,189,S,test,5,0.1981549660257471,0.0,0.20373263737018563,0.0,0.0,0.40842523922269225,0.0,0.0,0.1896871573813751,0.0
P27929,3,486,U,test,3,0.0,0.18849431724625773,0.0,0.8115056827537422,0.0,0.0,0.0,0.0,0.0,0.0
P28037,1,902,S,test,1,0.0,0.6118846712675134,0.0,0.18999043809287963,0.0,0.0,0.0,0.0,0.0,0.19812489063960692
P28241,3,369,S,test,3,0.0,0.4023697452858707,0.0,0.5976302547141292,0.0,0.0,0.0,0.0,0.0,0.0
P28263,1,218,S,test,0,0.4024639863722077,0.19073911724173695,0.0,0.187750943556812,0.0,0.21904595282924355,0.0,0.0,0.0,0.0
P28272,1,314,S,test,1,0.0,1.0,0.0,0.0,0.0,0.0,0.0,0.0,0.0,0.0
P28288,9,659,M,test,4,0.0,0.0,0.0,0.20584767065804332,0.5951966922735328,0.0,0.19895563706842392,0.0,0.0,0.0
P28290,1,1259,S,test,0,0.4173691968126814,0.3922889818584098,0.0,0.0,0.19034182132890876,0.0,0.0,0.0,0.0,0.0
P28715,0,1186,U,test,0,0.7957421870971837,0.20425781290281628,0.0,0.0,0.0,0.0,0.0,0.0,0.0,0.0
P29352,1,802,S,test,0,1.0,0.0,0.0,0.0,0.0,0.0,0.0,0.0,0.0,0.0
P29374,0,1257,U,test,0,1.0,0.0,0.0,0.0,0.0,0.0,0.0,0.0,0.0,0.0
P29692-2,0,647,U,test,0,0.6040878935590622,0.3959121064409377,0.0,0.0,0.0,0.0,0.0,0.0,0.0,0.0
P29786,2,254,S,test,2,0.0,0.0,1.0,0.0,0.0,0.0,0.0,0.0,0.0,0.0
P30082,4,485,M,test,4,0.0,0.0,0.0,0.0,1.0,0.0,0.0,0.0,0.0,0.0
P30181,0,916,U,test,0,1.0,0.0,0.0,0.0,0.0,0.0,0.0,0.0,0.0,0.0
P30288,2,48,S,test,2,0.0,0.0,1.0,0.0,0.0,0.0,0.0,0.0,0.0,0.0
P30292,2,499,S,test,2,0.0,0.0,1.0,0.0,0.0,0.0,0.0,0.0,0.0,0.0
P30307,0,473,U,test,0,0.7459764229271959,0.2540235770728041,0.0,0.0,0.0,0.0,0.0,0.0,0.0,0.0
P30409,4,228,M,test,4,0.0,0.0,0.0,0.0,1.0,0.0,0.0,0.0,0.0,0.0
P30429,3,571,U,test,1,0.19685943264534908,0.6181482682852522,0.0,0.1849922990693988,0.0,0.0,0.0,0.0,0.0,0.0
P30518,4,371,M,test,4,0.0,0.0,0.0,0.0,1.0,0.0,0.0,0.0,0.0,0.0
P30536,3,169,M,test,5,0.0,0.0,0.0,0.0,0.20009401204463692,0.7999059879553632,0.0,0.0,0.0,0.0
P30543,4,410,M,test,4,0.0,0.0,0.0,0.0,1.0,0.0,0.0,0.0,0.0,0.0
P30627,1,159,S,test,1,0.0,0.798976440444338,0.0,0.0,0.0,0.0,0.0,0.0,0.0,0.20102355955566195
P30936,4,428,M,test,4,0.0,0.0,0.0,0.0,1.0,0.0,0.0,0.0,0.0,0.0
P30974,4,504,M,test,4,0.0,0.0,0.0,0.0,1.0,0.0,0.0,0.0,0.0,0.0
P30975,4,519,M,test,4,0.0,0.0,0.0,0.0,1.0,0.0,0.0,0.0,0.0,0.0
P30989,4,418,M,test,4,0.0,0.0,0.0,0.0,1.0,0.0,0.0,0.0,0.0,0.0
P31272,0,232,U,test,0,1.0,0.0,0.0,0.0,0.0,0.0,0.0,0.0,0.0,0.0
P31361,0,497,U,test,0,1.0,0.0,0.0,0.0,0.0,0.0,0.0,0.0,0.0,0.0
P31374,1,1356,S,test,1,0.17298779906565354,0.8270122009343465,0.0,0.0,0.0,0.0,0.0,0.0,0.0,0.0
P31424,4,1203,M,test,4,0.0,0.2027151169690699,0.0,0.0,0.5986718239432929,0.1986130590876372,0.0,0.0,0.0,0.0
P31431-2,2,153,S,test,5,0.20946935682150586,0.3790640375420939,0.0,0.0,0.0,0.4114666056364003,0.0,0.0,0.0,0.0
P32259,0,974,U,test,7,0.23385740891650084,0.1873095949517025,0.0,0.0,0.0,0.0,0.0,0.5788329961317967,0.0,0.0
P32288,1,370,S,test,1,0.0,0.7955297511972664,0.0,0.0,0.0,0.0,0.0,0.0,0.0,0.2044702488027336
P32307,4,370,M,test,4,0.0,0.0,0.0,0.0,1.0,0.0,0.0,0.0,0.0,0.0
P32316,1,526,S,test,1,0.0,0.6214390254216234,0.0,0.0,0.0,0.0,0.18745780672990411,0.0,0.0,0.19110316784847242
P32334,4,1306,M,test,4,0.0,0.0,0.0,0.0,0.5776730496829838,0.26608900675851566,0.0,0.15623794355850054,0.0,0.0
P32335,3,436,M,test,3,0.0,0.0,0.0,1.0,0.0,0.0,0.0,0.0,0.0,0.0
P32340,3,513,M,test,3,0.0,0.0,0.0,1.0,0.0,0.0,0.0,0.0,0.0,0.0
P32354,0,571,U,test,0,1.0,0.0,0.0,0.0,0.0,0.0,0.0,0.0,0.0,0.0
P32378,3,372,M,test,5,0.0,0.0,0.0,0.3902280593624606,0.0,0.40229146657302617,0.20748047406451325,0.0,0.0,0.0
P32389,0,672,U,test,0,0.7644429198897502,0.0,0.0,0.0,0.0,0.0,0.0,0.0,0.23555708011024987,0.0
P32418,4,973,M,test,8,0.0,0.0,0.0,0.0,0.3168439574522332,0.0,0.0,0.14707729890351043,0.5360787436442565,0.0
P32447,0,279,U,test,0,0.852907230948205,0.14709276905179508,0.0,0.0,0.0,0.0,0.0,0.0,0.0,0.0
P32478,2,413,S,test,2,0.0,0.0,0.7984703331628684,0.0,0.0,0.20152966683713155,0.0,0.0,0.0,0.0
P32480,0,875,U,test,0,0.8114813646435458,0.1885186353564542,0.0,0.0,0.0,0.0,0.0,0.0,0.0,0.0
P32497,1,812,S,test,1,0.0,0.5950796837906129,0.0,0.0,0.0,0.0,0.0,0.0,0.40492031620938707,0.0
P32527,1,433,S,test,0,0.5912598874992965,0.40874011250070347,0.0,0.0,0.0,0.0,0.0,0.0,0.0,0.0
P32569,0,687,U,test,0,0.8399066827525675,0.0,0.0,0.16009331724743248,0.0,0.0,0.0,0.0,0.0,0.0
P32621,7,518,M,test,7,0.0,0.0,0.0,0.0,0.0,0.14484720480144966,0.0,0.6982493579181034,0.15690343728044698,0.0
P32634,1,1753,S,test,1,0.0,0.5926437668931781,0.0,0.0,0.0,0.0,0.0,0.0,0.19051140558272767,0.21684482752409429
P32793,1,468,S,test,0,0.5502373353678276,0.44976266463217235,0.0,0.0,0.0,0.0,0.0,0.0,0.0,0.0
P32837,8,571,M,test,5,0.0,0.0,0.0,0.0,0.1933875517427476,0.6316864463771644,0.0,0.17492600188008806,0.0,0.0
P32860,3,256,S,test,3,0.0,0.19269743660472516,0.0,0.807302563395275,0.0,0.0,0.0,0.0,0.0,0.0
P32902,3,394,U,test,3,0.19588490775777087,0.0,0.0,0.8041150922422291,0.0,0.0,0.0,0.0,0.0,0.0
P32905,1,252,S,test,1,0.0,0.42211529252298957,0.0,0.3846737488181971,0.0,0.0,0.0,0.0,0.0,0.19321095865881321
P32907,4,282,M,test,4,0.0,0.0,0.0,0.0,0.6018222611041628,0.39817773889583713,0.0,0.0,0.0,0.0
P32916,5,621,M,test,1,0.20124805230030526,0.41596053134458,0.0,0.3827914163551147,0.0,0.0,0.0,0.0,0.0,0.0
P33203,0,583,U,test,0,0.6342835111905016,0.36571648880949836,0.0,0.0,0.0,0.0,0.0,0.0,0.0,0.0
P33313,1,385,S,test,1,0.4083069360089045,0.5916930639910956,0.0,0.0,0.0,0.0,0.0,0.0,0.0,0.0
P33417,0,597,U,test,0,1.0,0.0,0.0,0.0,0.0,0.0,0.0,0.0,0.0,0.0
P33442,1,255,S,test,0,0.5974490911376235,0.0,0.0,0.4025509088623765,0.0,0.0,0.0,0.0,0.0,0.0
P33891,5,701,M,test,7,0.18140747809266464,0.1809774916307424,0.0,0.0,0.0,0.2544110199095441,0.0,0.3832040103670489,0.0,0.0
P33893,3,541,U,test,3,0.19727191723063325,0.1982703036102311,0.0,0.6044577791591357,0.0,0.0,0.0,0.0,0.0,0.0
P34216,1,1381,S,test,1,0.30170930200242096,0.5437251473657371,0.0,0.0,0.0,0.0,0.0,0.154565550631842,0.0,0.0
P34250,4,1132,M,test,1,0.3722170529555629,0.6277829470444372,0.0,0.0,0.0,0.0,0.0,0.0,0.0,0.0
P34343,0,1129,U,test,0,0.8188657182902109,0.18113428170978918,0.0,0.0,0.0,0.0,0.0,0.0,0.0,0.0
P34611,1,851,S,test,0,0.5022897332819819,0.4977102667180181,0.0,0.0,0.0,0.0,0.0,0.0,0.0,0.0
P34982,4,312,M,test,4,0.0,0.0,0.0,0.0,1.0,0.0,0.0,0.0,0.0,0.0
P35035,2,274,S,test,2,0.0,0.0,1.0,0.0,0.0,0.0,0.0,0.0,0.0,0.0
P35036,2,277,S,test,2,0.0,0.0,1.0,0.0,0.0,0.0,0.0,0.0,0.0,0.0
P35037,2,275,S,test,2,0.0,0.0,1.0,0.0,0.0,0.0,0.0,0.0,0.0,0.0
P35038,2,275,S,test,2,0.0,0.0,1.0,0.0,0.0,0.0,0.0,0.0,0.0,0.0
P35039,2,274,S,test,2,0.0,0.0,1.0,0.0,0.0,0.0,0.0,0.0,0.0,0.0
P35040,2,273,S,test,2,0.0,0.0,1.0,0.0,0.0,0.0,0.0,0.0,0.0,0.0
P35041,2,267,S,test,2,0.0,0.0,1.0,0.0,0.0,0.0,0.0,0.0,0.0,0.0
P35064,0,138,U,test,0,1.0,0.0,0.0,0.0,0.0,0.0,0.0,0.0,0.0,0.0
P35476,6,99,M,test,6,0.0,0.0,0.0,0.0,0.0,0.1181872946687018,0.8818127053312982,0.0,0.0,0.0
P35477,6,99,M,test,6,0.0,0.0,0.0,0.0,0.0,0.10680442132818341,0.8931955786718166,0.0,0.0,0.0
P35523,4,988,M,test,5,0.37771996116986245,0.0,0.0,0.0,0.22470917773977833,0.3975708610903593,0.0,0.0,0.0,0.0
P35525,4,907,M,test,4,0.0,0.0,0.0,0.0,0.8058979132653675,0.19410208673463242,0.0,0.0,0.0,0.0
P35590,4,1138,M,test,4,0.0,0.0,0.0,0.0,1.0,0.0,0.0,0.0,0.0,0.0
P35723,5,206,M,test,8,0.18631828157349245,0.0,0.0,0.0,0.0,0.21597784154444508,0.0,0.0,0.39192085260187165,0.20578302428019074
P35731,3,278,U,test,1,0.0,0.5981289509671468,0.0,0.19576606594585397,0.0,0.0,0.0,0.0,0.0,0.20610498308699926
P35997,1,82,S,test,0,0.5985554647247469,0.4014445352752532,0.0,0.0,0.0,0.0,0.0,0.0,0.0,0.0
P36008,1,412,S,test,1,0.0,1.0,0.0,0.0,0.0,0.0,0.0,0.0,0.0,0.0
P36029,7,618,M,test,4,0.0,0.0,0.0,0.2220425562056361,0.5899728588479608,0.1879845849464031,0.0,0.0,0.0,0.0
P36041,1,632,S,test,0,0.557376594500128,0.442623405499872,0.0,0.0,0.0,0.0,0.0,0.0,0.0,0.0
P36046,3,403,M,test,4,0.19197219952774686,0.20087512592220066,0.0,0.0,0.4102213750246874,0.0,0.0,0.19693129952536506,0.0,0.0
P36062,8,692,M,test,8,0.0,0.0,0.0,0.0,0.1931995370400094,0.1909529743310776,0.0,0.0,0.615847488628913,0.0
P36080,0,434,U,test,0,1.0,0.0,0.0,0.0,0.0,0.0,0.0,0.0,0.0,0.0
P36091,4,449,M,test,2,0.0,0.0,0.8130093745186457,0.0,0.0,0.18699062548135423,0.0,0.0,0.0,0.0
P36103,1,277,S,test,0,1.0,0.0,0.0,0.0,0.0,0.0,0.0,0.0,0.0,0.0
P36156,1,370,S,test,1,0.0,0.5952831706515765,0.0,0.4047168293484234,0.0,0.0,0.0,0.0,0.0,0.0
P36517,3,319,U,test,3,0.0,0.0,0.0,0.8014544575716389,0.0,0.0,0.0,0.0,0.19854554242836114,0.0
P36533,3,70,U,test,1,0.0,0.8095733009864635,0.0,0.1904266990135365,0.0,0.0,0.0,0.0,0.0,0.0
P36534,3,297,U,test,3,0.0,0.0,0.0,0.8199839153889376,0.18001608461106244,0.0,0.0,0.0,0.0,0.0
P36589,1,240,S,test,1,0.37894181917116826,0.42380114223012194,0.0,0.0,0.0,0.0,0.0,0.0,0.19725703859870986,0.0
P36618,1,299,S,test,1,0.0,0.6479230354380549,0.0,0.0,0.0,0.3520769645619451,0.0,0.0,0.0,0.0
P36626,0,561,U,test,0,1.0,0.0,0.0,0.0,0.0,0.0,0.0,0.0,0.0,0.0
P37173,4,567,M,test,4,0.0,0.14213855760647162,0.0,0.0,0.8578614423935285,0.0,0.0,0.0,0.0,0.0
P37254,1,787,S,test,1,0.0,0.607695881894654,0.0,0.39230411810534604,0.0,0.0,0.0,0.0,0.0,0.0
P38064,3,232,U,test,3,0.0,0.1986439610320841,0.0,0.8013560389679159,0.0,0.0,0.0,0.0,0.0,0.0
P38070,1,525,S,test,1,0.0,1.0,0.0,0.0,0.0,0.0,0.0,0.0,0.0,0.0
P38126,0,564,U,test,0,0.8126890794057625,0.18731092059423757,0.0,0.0,0.0,0.0,0.0,0.0,0.0,0.0
P38166,7,215,M,test,7,0.0,0.0,0.0,0.0,0.0,0.1846065155071082,0.0,0.8153934844928918,0.0,0.0
P38172,3,270,U,test,6,0.0,0.0,0.0,0.3927944126717564,0.0,0.0,0.6072055873282436,0.0,0.0,0.0
P38175,3,177,U,test,3,0.0,0.0,0.0,1.0,0.0,0.0,0.0,0.0,0.0,0.0
P38204,0,145,U,test,1,0.2076453142857007,0.7923546857142993,0.0,0.0,0.0,0.0,0.0,0.0,0.0,0.0
P38211,5,433,M,test,5,0.0,0.0,0.0,0.0,0.0,1.0,0.0,0.0,0.0,0.0
P38212,5,213,M,test,4,0.0,0.16254285034708343,0.0,0.0,0.4266174040335364,0.0,0.0,0.22973678028236105,0.18110296533701922,0.0
P38228,3,572,M,test,3,0.18319465880655486,0.3785801573604921,0.0,0.4382251838329531,0.0,0.0,0.0,0.0,0.0,0.0
P38247,8,162,M,test,7,0.3861613733916023,0.21260789450524806,0.0,0.0,0.0,0.0,0.0,0.40123073210314963,0.0,0.0
P38257,0,691,U,test,0,1.0,0.0,0.0,0.0,0.0,0.0,0.0,0.0,0.0,0.0
P38287,8,376,M,test,7,0.0,0.18979430182599613,0.0,0.0,0.19287674552783632,0.19968788900300857,0.0,0.417641063643159,0.0,0.0
P38291,0,140,U,test,0,0.602801622234949,0.19597282631343846,0.0,0.20122555145161247,0.0,0.0,0.0,0.0,0.0,0.0
P38292,9,413,M,test,7,0.1973538976461648,0.0,0.0,0.17567692293429155,0.0,0.19767669683871303,0.0,0.21586440016596883,0.0,0.21342808241486178
P38310,8,465,M,test,5,0.0,0.0,0.0,0.0,0.0,0.6204495616818099,0.0,0.0,0.3795504383181902,0.0
P38313,0,324,U,test,0,0.8236759762025646,0.17632402379743534,0.0,0.0,0.0,0.0,0.0,0.0,0.0,0.0
P38319,0,544,U,test,0,0.5435075395169046,0.29456507471602067,0.0,0.0,0.1619273857670748,0.0,0.0,0.0,0.0,0.0
P38324,0,304,U,test,0,1.0,0.0,0.0,0.0,0.0,0.0,0.0,0.0,0.0,0.0
P38325,3,134,M,test,5,0.0,0.0,0.0,0.0,0.0,0.8011303126142678,0.0,0.0,0.1988696873857322,0.0
P38345,3,138,S,test,3,0.0,0.0,0.0,1.0,0.0,0.0,0.0,0.0,0.0,0.0
P38347,1,419,S,test,1,0.19803859757365108,0.6047999452356971,0.0,0.19716145719065184,0.0,0.0,0.0,0.0,0.0,0.0
P38574,5,287,M,test,2,0.0,0.0,0.41768066885326793,0.0,0.39358338047757563,0.1887359506691565,0.0,0.0,0.0,0.0
P38633,0,127,U,test,8,0.20067365523144456,0.0,0.0,0.2096135923848364,0.0,0.0,0.0,0.0,0.589712752383719,0.0
P38702,3,357,M,test,3,0.0,0.0,0.0,0.8173413783451627,0.0,0.0,0.0,0.0,0.0,0.18265862165483732
P38711,1,82,S,test,0,0.5996060560556716,0.40039394394432837,0.0,0.0,0.0,0.0,0.0,0.0,0.0,0.0
P38732,1,585,S,test,1,0.38934798026135614,0.6106520197386439,0.0,0.0,0.0,0.0,0.0,0.0,0.0,0.0
P38742,8,1146,M,test,1,0.0,0.5934868717492959,0.0,0.0,0.0,0.21745451475064273,0.0,0.18905861350006137,0.0,0.0
P38745,7,532,M,test,7,0.0,0.0,0.0,0.0,0.38865683263341205,0.0,0.0,0.40645499967495186,0.20488816769163617,0.0
P38805,0,295,U,test,0,1.0,0.0,0.0,0.0,0.0,0.0,0.0,0.0,0.0,0.0
P38806,0,282,U,test,0,0.8158412738542422,0.18415872614575773,0.0,0.0,0.0,0.0,0.0,0.0,0.0,0.0
P38813,5,335,M,test,3,0.3880913645020093,0.19927161545184371,0.0,0.41263702004614683,0.0,0.0,0.0,0.0,0.0,0.0
P38843,5,316,M,test,5,0.0,0.0,0.0,0.0,0.0,1.0,0.0,0.0,0.0,0.0
P38848,9,579,M,test,5,0.0,0.2016803236191467,0.0,0.0,0.0,0.39832749714732896,0.0,0.20580627412362876,0.0,0.19418590510989558
P38854,1,504,S,test,1,0.0,0.8124436535218852,0.0,0.0,0.0,0.0,0.0,0.0,0.18755634647811478,0.0
P38857,3,129,M,test,5,0.0,0.0,0.0,0.440108808770739,0.0,0.559891191229261,0.0,0.0,0.0,0.0
P38877,0,133,U,test,0,0.5872317522112817,0.41276824778871835,0.0,0.0,0.0,0.0,0.0,0.0,0.0,0.0
P38878,5,278,M,test,5,0.0,0.0,0.0,0.0,0.0,0.5989200598011041,0.0,0.0,0.4010799401988959,0.0
P38880,3,579,M,test,3,0.0,0.0,0.0,0.6019727583272757,0.0,0.0,0.0,0.0,0.18984896887231487,0.20817827280040943
P39001,0,836,U,test,1,0.19978979816865572,0.6187187850988914,0.0,0.0,0.0,0.0,0.0,0.0,0.18149141673245292,0.0
P39543,5,234,M,test,3,0.0,0.0,0.0,0.41300546998045384,0.19352967165672094,0.3934648583628253,0.0,0.0,0.0,0.0
P39551,4,298,M,test,1,0.3945387532605979,0.3958518844229522,0.0,0.20960936231644994,0.0,0.0,0.0,0.0,0.0,0.0
P39723,1,622,S,test,0,0.6010830130839935,0.18248816704812756,0.0,0.0,0.0,0.216428819867879,0.0,0.0,0.0,0.0
P39735,0,261,U,test,3,0.19730289863930664,0.0,0.0,0.6099014047490228,0.0,0.0,0.0,0.0,0.1927956966116706,0.0
P39923,8,615,M,test,1,0.3770346814612247,0.6229653185387753,0.0,0.0,0.0,0.0,0.0,0.0,0.0,0.0
P39936,1,914,S,test,1,0.14280572546781092,0.8571942745321891,0.0,0.0,0.0,0.0,0.0,0.0,0.0,0.0
P39952,3,402,M,test,3,0.0,0.0,0.0,1.0,0.0,0.0,0.0,0.0,0.0,0.0
P39968,8,578,M,test,0,0.49321500674852203,0.34270211112336635,0.0,0.0,0.0,0.0,0.0,0.0,0.16408288212811165,0.0
P39996,0,337,M,test,1,0.18993016083389064,0.5995625009398474,0.0,0.0,0.21050733822626194,0.0,0.0,0.0,0.0,0.0
P40006,5,225,M,test,5,0.0,0.0,0.18660890584437306,0.0,0.0,0.6226249710967898,0.19076612305883708,0.0,0.0,0.0
P40014,0,221,U,test,1,0.19996656529683024,0.4058007144704023,0.0,0.18837673015375572,0.0,0.0,0.0,0.20585599007901176,0.0,0.0
P40047,3,520,S,test,3,0.0,0.0,0.0,0.8142280558483492,0.0,0.0,0.18577194415165074,0.0,0.0,0.0
P40053,3,627,U,test,3,0.37585114507204237,0.0,0.0,0.6241488549279577,0.0,0.0,0.0,0.0,0.0,0.0
P40072,0,274,U,test,0,0.8467805899103441,0.0,0.0,0.0,0.153219410089656,0.0,0.0,0.0,0.0,0.0
P40094,7,801,M,test,7,0.19277567508043794,0.0,0.0,0.0,0.0,0.2024933919349429,0.0,0.6047309329846192,0.0,0.0
P40156,3,214,U,test,3,0.0,0.0,0.0,1.0,0.0,0.0,0.0,0.0,0.0,0.0
P40166,3,100,U,test,5,0.0,0.396073121698434,0.0,0.1963246681406108,0.0,0.40760221016095527,0.0,0.0,0.0,0.0
P40215,3,560,S,test,3,0.0,0.0,0.0,1.0,0.0,0.0,0.0,0.0,0.0,0.0
P40239,4,226,M,test,4,0.0,0.0,0.0,0.0,1.0,0.0,0.0,0.0,0.0,0.0
P40344,1,310,S,test,1,0.3921560581308613,0.41461703324246674,0.0,0.0,0.0,0.0,0.0,0.0,0.193226908626672,0.0
P40395,7,1056,M,test,1,0.3888725009182379,0.6111274990817622,0.0,0.0,0.0,0.0,0.0,0.0,0.0,0.0
P40453,1,1071,S,test,1,0.0,0.41500361160878774,0.0,0.0,0.0,0.3818669771369433,0.0,0.20312941125426895,0.0,0.0
P40473,0,351,U,test,0,1.0,0.0,0.0,0.0,0.0,0.0,0.0,0.0,0.0,0.0
P40474,4,542,M,test,8,0.0,0.0,0.0,0.0,0.44170314945558825,0.0,0.0,0.0,0.5582968505444118,0.0
P40475,4,563,M,test,8,0.0,0.0,0.0,0.0,0.40497139961098066,0.0,0.0,0.0,0.5950286003890194,0.0
P40486,0,507,U,test,1,0.2034489584587155,0.6131177376143893,0.0,0.0,0.0,0.0,0.0,0.0,0.18343330392689527,0.0
P40495,3,371,U,test,3,0.0,0.0,0.0,1.0,0.0,0.0,0.0,0.0,0.0,0.0
P40498,0,721,U,test,0,1.0,0.0,0.0,0.0,0.0,0.0,0.0,0.0,0.0,0.0
P40525,1,121,S,test,1,0.0,0.8413980595611158,0.0,0.15860194043888431,0.0,0.0,0.0,0.0,0.0,0.0
P40531,7,326,M,test,1,0.0,1.0,0.0,0.0,0.0,0.0,0.0,0.0,0.0,0.0
P40546,0,346,U,test,0,1.0,0.0,0.0,0.0,0.0,0.0,0.0,0.0,0.0,0.0
P40564,1,432,S,test,1,0.35420841574410283,0.4642650575143873,0.0,0.0,0.0,0.0,0.18152652674150993,0.0,0.0,0.0
P40571,0,144,U,test,0,0.6210591693767714,0.0,0.0,0.37894083062322853,0.0,0.0,0.0,0.0,0.0,0.0
P40847,0,254,U,test,1,0.3826199574765087,0.6173800425234914,0.0,0.0,0.0,0.0,0.0,0.0,0.0,0.0
P40858,3,161,U,test,3,0.0,0.0,0.0,1.0,0.0,0.0,0.0,0.0,0.0,0.0
P40936,1,264,S,test,0,0.4414799747832528,0.0,0.0,0.1865121155060962,0.1823380094412878,0.0,0.0,0.1896699002693633,0.0,0.0
P41000,1,583,S,test,0,0.5917675172593878,0.4082324827406123,0.0,0.0,0.0,0.0,0.0,0.0,0.0,0.0
P41056,1,107,S,test,1,0.0,0.8046745767793718,0.0,0.1953254232206283,0.0,0.0,0.0,0.0,0.0,0.0
P41057,1,56,S,test,0,0.6271923145350502,0.37280768546494975,0.0,0.0,0.0,0.0,0.0,0.0,0.0,0.0
P41058,1,56,S,test,0,0.8058818327471479,0.19411816725285216,0.0,0.0,0.0,0.0,0.0,0.0,0.0,0.0
P41180,4,1078,M,test,4,0.0,0.0,0.0,0.0,1.0,0.0,0.0,0.0,0.0,0.0
P41183,0,707,U,test,0,1.0,0.0,0.0,0.0,0.0,0.0,0.0,0.0,0.0,0.0
P41546,0,238,U,test,0,1.0,0.0,0.0,0.0,0.0,0.0,0.0,0.0,0.0,0.0
P41593,4,591,M,test,4,0.0,0.0,0.0,0.0,1.0,0.0,0.0,0.0,0.0,0.0
P41594,4,1212,M,test,5,0.3836937522810068,0.21483598145122446,0.0,0.0,0.0,0.40147026626776877,0.0,0.0,0.0,0.0
P41698,4,603,M,test,4,0.16323410946431727,0.18168959847523133,0.0,0.0,0.6550762920604515,0.0,0.0,0.0,0.0,0.0
P41903,9,349,U,test,3,0.18846157125043325,0.37809149823133115,0.0,0.43344693051823563,0.0,0.0,0.0,0.0,0.0,0.0
P42223,7,864,U,test,1,0.18304301915333668,0.4201082110964885,0.0,0.0,0.0,0.0,0.0,0.0,0.20184630083982058,0.19500246891035422
P42260,4,908,M,test,2,0.0,0.0,0.42420456685320107,0.0,0.38931104741744077,0.0,0.0,0.18648438572935816,0.0,0.0
P42699,6,167,M,test,6,0.0,0.0,0.0,0.0,0.0,0.0,1.0,0.0,0.0,0.0
P42775,0,360,U,test,0,0.8167688557614113,0.18323114423858866,0.0,0.0,0.0,0.0,0.0,0.0,0.0,0.0
P42776,0,382,U,test,0,1.0,0.0,0.0,0.0,0.0,0.0,0.0,0.0,0.0,0.0
P42826,1,600,S,test,3,0.0,0.18606339788404128,0.0,0.8139366021159588,0.0,0.0,0.0,0.0,0.0,0.0
P42900,3,643,M,test,1,0.2004451688026247,0.6146585502194467,0.0,0.1848962809779286,0.0,0.0,0.0,0.0,0.0,0.0
P43005,4,524,M,test,4,0.0,0.0,0.0,0.17831965921401408,0.609918524631439,0.0,0.0,0.2117618161545469,0.0,0.0
P43082,8,212,U,test,2,0.0,0.0,1.0,0.0,0.0,0.0,0.0,0.0,0.0,0.0
P43554,0,623,U,test,0,0.8081554066354538,0.19184459336454612,0.0,0.0,0.0,0.0,0.0,0.0,0.0,0.0
P43587,0,155,U,test,0,0.7853046091556136,0.0,0.0,0.0,0.0,0.0,0.0,0.0,0.2146953908443864,0.0
P43596,0,787,U,test,0,0.6170622998681775,0.38293770013182254,0.0,0.0,0.0,0.0,0.0,0.0,0.0,0.0
P43603,1,459,S,test,1,0.40391119559084776,0.4140088444445323,0.0,0.0,0.0,0.0,0.0,0.18207995996462,0.0,0.0
P43613,5,295,M,test,3,0.0,0.0,0.0,1.0,0.0,0.0,0.0,0.0,0.0,0.0
P45815,0,411,U,test,0,1.0,0.0,0.0,0.0,0.0,0.0,0.0,0.0,0.0,0.0
P45846,2,183,S,test,2,0.0,0.0,1.0,0.0,0.0,0.0,0.0,0.0,0.0,0.0
P45895,7,804,M,test,7,0.0,0.0,0.0,0.0,0.0,0.3917911934080847,0.0,0.6082088065919152,0.0,0.0
P46014,4,581,M,test,1,0.0,0.4168560706756375,0.0,0.20610010090739717,0.0,0.3770438284169653,0.0,0.0,0.0,0.0
P46367,3,519,S,test,3,0.0,0.0,0.0,0.588580462424317,0.0,0.0,0.41141953757568295,0.0,0.0,0.0
P46654,1,252,S,test,1,0.0,0.6019434307006468,0.0,0.3980565692993531,0.0,0.0,0.0,0.0,0.0,0.0
P46676,0,1062,U,test,0,0.7994449192886001,0.0,0.0,0.0,0.0,0.0,0.0,0.20055508071139988,0.0,0.0
P46784,1,105,S,test,1,0.39013221663474507,0.609867783365255,0.0,0.0,0.0,0.0,0.0,0.0,0.0,0.0
P46943,3,645,M,test,3,0.0,0.3945142773643355,0.0,0.6054857226356646,0.0,0.0,0.0,0.0,0.0,0.0
P46974,0,1380,U,test,0,0.6094251227948358,0.19068232184467332,0.0,0.0,0.0,0.0,0.0,0.0,0.0,0.1998925553604909
P46990,1,184,S,test,3,0.0,0.4090793389659262,0.0,0.5909206610340738,0.0,0.0,0.0,0.0,0.0,0.0
P46992,4,396,M,test,2,0.0,0.0,0.8060592347037261,0.0,0.0,0.19394076529627394,0.0,0.0,0.0,0.0
P46998,3,180,M,test,3,0.0,0.0,0.0,0.5716980159077506,0.0,0.4283019840922495,0.0,0.0,0.0,0.0
P47013,5,409,M,test,7,0.0,0.0,0.0,0.0,0.0,0.41297558687438934,0.0,0.5870244131256107,0.0,0.0
P47040,8,408,M,test,8,0.0,0.0,0.0,0.0,0.18110820217165632,0.34580597766245263,0.0,0.0,0.47308582016589107,0.0
P47082,8,602,M,test,4,0.0,0.0,0.0,0.1908513286873894,0.3774408565426935,0.20819229265807943,0.0,0.0,0.22351552211183762,0.0
P47095,1,244,S,test,1,0.0,0.6024468275399506,0.0,0.39755317246004945,0.0,0.0,0.0,0.0,0.0,0.0
P47150,3,247,U,test,3,0.20190138243040504,0.0,0.0,0.798098617569595,0.0,0.0,0.0,0.0,0.0,0.0
P47154,5,453,M,test,5,0.0,0.0,0.0,0.17785007144015177,0.0,0.8221499285598483,0.0,0.0,0.0,0.0
P47155,5,203,M,test,5,0.0,0.0,0.0,0.19390935739367957,0.0,0.611565328191744,0.0,0.19452531441457646,0.0,0.0
P47170,8,1584,M,test,0,0.6304355553941084,0.1859241305272504,0.0,0.1836403140786411,0.0,0.0,0.0,0.0,0.0,0.0
P47821,0,323,U,test,0,1.0,0.0,0.0,0.0,0.0,0.0,0.0,0.0,0.0,0.0
P47866,4,411,M,test,4,0.0,0.0,0.0,0.0,0.7816687588285768,0.21833124117142322,0.0,0.0,0.0,0.0
P47896,2,493,S,test,2,0.0,0.0,0.7432489468325986,0.0,0.0,0.25675105316740143,0.0,0.0,0.0,0.0
P48003,0,139,U,test,0,1.0,0.0,0.0,0.0,0.0,0.0,0.0,0.0,0.0,0.0
P48044,4,370,M,test,4,0.0,0.0,0.0,0.0,1.0,0.0,0.0,0.0,0.0,0.0
P48048,4,391,M,test,4,0.0,0.3143970345755666,0.0,0.0,0.38567469796730447,0.2999282674571289,0.0,0.0,0.0,0.0
P48234,0,707,U,test,0,1.0,0.0,0.0,0.0,0.0,0.0,0.0,0.0,0.0,0.0
P48239,9,356,U,test,1,0.1975850461157107,0.6019418530418006,0.0,0.20047310084248865,0.0,0.0,0.0,0.0,0.0,0.0
P48415,5,2195,M,test,0,0.6136595097142264,0.38634049028577355,0.0,0.0,0.0,0.0,0.0,0.0,0.0,0.0
P48527,3,492,S,test,3,0.0,0.0,0.0,1.0,0.0,0.0,0.0,0.0,0.0,0.0
P48765,4,970,M,test,8,0.0,0.0,0.0,0.0,0.46161959084145404,0.0,0.0,0.0,0.538380409158546,0.0
P48766,4,970,M,test,8,0.0,0.0,0.0,0.0,0.45700921053978993,0.0,0.0,0.0,0.5429907894602101,0.0
P48985,0,351,U,test,0,1.0,0.0,0.0,0.0,0.0,0.0,0.0,0.0,0.0,0.0
P49047,8,478,U,test,1,0.0,0.3957675294087758,0.21072929951576502,0.0,0.0,0.0,0.0,0.1960859824309647,0.19741718864449445,0.0
P49166,1,88,S,test,1,0.0,1.0,0.0,0.0,0.0,0.0,0.0,0.0,0.0,0.0
P49406,3,292,U,test,3,0.0,0.0,0.0,1.0,0.0,0.0,0.0,0.0,0.0,0.0
P49736,0,904,U,test,1,0.3998923790770273,0.6001076209229728,0.0,0.0,0.0,0.0,0.0,0.0,0.0,0.0
P49739,0,807,U,test,0,0.5920563145549977,0.40794368544500226,0.0,0.0,0.0,0.0,0.0,0.0,0.0,0.0
P49862,2,253,S,test,2,0.0,0.0,1.0,0.0,0.0,0.0,0.0,0.0,0.0,0.0
P49866,0,704,U,test,0,1.0,0.0,0.0,0.0,0.0,0.0,0.0,0.0,0.0,0.0
P50111,1,915,S,test,0,0.430412418550588,0.38906068293702084,0.0,0.0,0.0,0.0,0.0,0.0,0.18052689851239126,0.0
P50133,4,585,M,test,4,0.0,0.0,0.0,0.0,1.0,0.0,0.0,0.0,0.0,0.0
P50402,0,254,M,test,0,0.5894646425007201,0.19073239955443644,0.0,0.0,0.2198029579448436,0.0,0.0,0.0,0.0,0.0
P50536,0,512,U,test,0,0.8090511455829111,0.19094885441708898,0.0,0.0,0.0,0.0,0.0,0.0,0.0,0.0
P50582,0,507,U,test,1,0.18626634514056523,0.5906631992979392,0.0,0.0,0.0,0.0,0.0,0.0,0.2230704555614955,0.0
P50944,8,713,M,test,8,0.0,0.0,0.0,0.0,0.19742464776799445,0.23636881382492356,0.0,0.0,0.566206538407082,0.0
P51402,1,88,S,test,1,0.0,1.0,0.0,0.0,0.0,0.0,0.0,0.0,0.0,0.0
P51553,3,393,U,test,1,0.0,0.6108025829547695,0.0,0.3891974170452304,0.0,0.0,0.0,0.0,0.0,0.0
P51813,1,675,S,test,1,0.19343832285558696,0.8065616771444131,0.0,0.0,0.0,0.0,0.0,0.0,0.0,0.0
P52188,4,427,M,test,4,0.0,0.15639325524353037,0.0,0.0,0.6796948012742552,0.16391194348221447,0.0,0.0,0.0,0.0
P52554,1,126,S,test,1,0.0,1.0,0.0,0.0,0.0,0.0,0.0,0.0,0.0,0.0
P52701,0,1360,U,test,1,0.4598477386011305,0.5401522613988695,0.0,0.0,0.0,0.0,0.0,0.0,0.0,0.0
P52848,7,882,M,test,5,0.0,0.0,0.0,0.0,0.0,0.8067292930743646,0.0,0.1932707069256355,0.0,0.0
P53063,0,387,U,test,0,0.5847640726982173,0.41523592730178277,0.0,0.0,0.0,0.0,0.0,0.0,0.0,0.0
P53070,3,669,U,test,3,0.0,0.0,0.0,1.0,0.0,0.0,0.0,0.0,0.0,0.0
P53075,3,577,U,test,3,0.0,0.0,0.0,0.6059899095365946,0.0,0.0,0.3940100904634054,0.0,0.0,0.0
P53083,3,459,M,test,1,0.18857325665628066,0.6033235399859463,0.0,0.0,0.0,0.0,0.0,0.0,0.0,0.20810320335777305
P53093,7,235,M,test,7,0.0,0.0,0.0,0.0,0.0,0.36705719992241936,0.0,0.6329428000775806,0.0,0.0
P53094,1,1487,S,test,1,0.0,0.8089261970765492,0.0,0.0,0.0,0.0,0.0,0.19107380292345078,0.0,0.0
P53102,0,219,U,test,0,0.8165380898934582,0.18346191010654178,0.0,0.0,0.0,0.0,0.0,0.0,0.0,0.0
P53115,0,1489,U,test,0,0.6025051123751342,0.39749488762486584,0.0,0.0,0.0,0.0,0.0,0.0,0.0,0.0
P53136,0,463,U,test,0,0.5451625564710192,0.45483744352898087,0.0,0.0,0.0,0.0,0.0,0.0,0.0,0.0
P53139,4,140,M,test,0,1.0,0.0,0.0,0.0,0.0,0.0,0.0,0.0,0.0,0.0
P53174,5,237,M,test,5,0.2031869813532444,0.2033252978130951,0.0,0.0,0.19534049462729233,0.2039122513144451,0.0,0.1942349748919231,0.0,0.0
P53178,5,202,U,test,1,0.0,1.0,0.0,0.0,0.0,0.0,0.0,0.0,0.0,0.0
P53193,3,184,S,test,3,0.1948582705076282,0.19169142000487788,0.0,0.613450309487494,0.0,0.0,0.0,0.0,0.0,0.0
P53199,5,349,M,test,1,0.0,0.4593988072635202,0.0,0.359765429729195,0.0,0.18083576300728488,0.0,0.0,0.0,0.0
P53220,3,239,M,test,3,0.0,0.0,0.0,1.0,0.0,0.0,0.0,0.0,0.0,0.0
P53223,5,239,M,test,7,0.0,0.0,0.0,0.0,0.0,0.37169776238534874,0.0,0.41264896032632087,0.21565327728833034,0.0
P53236,0,928,U,test,0,1.0,0.0,0.0,0.0,0.0,0.0,0.0,0.0,0.0,0.0
P53254,0,1237,U,test,0,0.8183216286084739,0.18167837139152607,0.0,0.0,0.0,0.0,0.0,0.0,0.0,0.0
P53258,1,950,S,test,0,0.6359125924428715,0.3640874075571286,0.0,0.0,0.0,0.0,0.0,0.0,0.0,0.0
P53259,3,346,M,test,3,0.0,0.0,0.0,0.8432030936872603,0.0,0.0,0.15679690631273968,0.0,0.0,0.0
P53266,3,389,M,test,3,0.0,0.0,0.0,1.0,0.0,0.0,0.0,0.0,0.0,0.0
P53298,0,406,U,test,0,0.6021839321965614,0.39781606780343853,0.0,0.0,0.0,0.0,0.0,0.0,0.0,0.0
P53311,3,146,M,test,3,0.0,0.0,0.0,0.8251130719213746,0.0,0.17488692807862544,0.0,0.0,0.0,0.0
P53314,7,239,U,test,3,0.19562707467964421,0.0,0.0,0.6133863061261341,0.0,0.0,0.1909866191942217,0.0,0.0,0.0
P53318,3,479,M,test,3,0.0,0.0,0.0,1.0,0.0,0.0,0.0,0.0,0.0,0.0
P53330,0,157,U,test,0,0.7795370571811622,0.22046294281883783,0.0,0.0,0.0,0.0,0.0,0.0,0.0,0.0
P53394,5,754,M,test,8,0.1935302405226273,0.0,0.0,0.0,0.22265647047141637,0.20905817557708997,0.0,0.0,0.37475511342886647,0.0
P53437,0,365,U,test,1,0.4444803822210743,0.5555196177789257,0.0,0.0,0.0,0.0,0.0,0.0,0.0,0.0
P53708,4,1063,M,test,4,0.0,0.0,0.17954533781006043,0.0,0.8204546621899396,0.0,0.0,0.0,0.0,0.0
P53721,3,224,M,test,3,0.0,0.0,0.0,1.0,0.0,0.0,0.0,0.0,0.0,0.0
P53725,0,186,U,test,0,1.0,0.0,0.0,0.0,0.0,0.0,0.0,0.0,0.0,0.0
P53747,8,219,M,test,5,0.0,0.0,0.0,0.0,0.0,0.3902618835695382,0.0,0.3757669394153528,0.23397117701510906,0.0
P53753,2,1117,S,test,8,0.0,0.0,0.24423322480013487,0.0,0.0,0.19371883064491355,0.0,0.18117971130850766,0.380868233246444,0.0
P53833,0,195,U,test,0,0.800114513170629,0.0,0.0,0.19988548682937096,0.0,0.0,0.0,0.0,0.0,0.0
P53865,1,581,S,test,1,0.43366252604725514,0.5663374739527448,0.0,0.0,0.0,0.0,0.0,0.0,0.0,0.0
P53871,1,357,S,test,1,0.0,1.0,0.0,0.0,0.0,0.0,0.0,0.0,0.0,0.0
P53882,8,636,M,test,4,0.0,0.0,0.0,0.0,0.44067816981725627,0.24489632240381945,0.0,0.16829280229150073,0.14613270548742352,0.0
P53893,1,1110,S,test,1,0.0,0.6536583305861207,0.0,0.34634166941387934,0.0,0.0,0.0,0.0,0.0,0.0
P53923,1,493,S,test,0,0.8175595636581737,0.1824404363418263,0.0,0.0,0.0,0.0,0.0,0.0,0.0,0.0
P53974,1,638,S,test,1,0.0,1.0,0.0,0.0,0.0,0.0,0.0,0.0,0.0,0.0
P54005,1,336,S,test,0,0.646145702931097,0.1787044196676261,0.0,0.1751498774012769,0.0,0.0,0.0,0.0,0.0,0.0
P54785,0,490,U,test,0,0.7911725682321868,0.20882743176781315,0.0,0.0,0.0,0.0,0.0,0.0,0.0,0.0
P55830,1,268,S,test,0,0.5831038544489383,0.21027670953526945,0.0,0.2066194360157921,0.0,0.0,0.0,0.0,0.0,0.0
P55861,0,886,U,test,0,0.6068919846424433,0.1995852021734471,0.0,0.0,0.0,0.0,0.0,0.0,0.1935228131841096,0.0
P56271,2,484,S,test,2,0.0,0.0,1.0,0.0,0.0,0.0,0.0,0.0,0.0,0.0
P56574,3,452,U,test,3,0.0,0.0,0.0,0.8007937781122334,0.0,0.0,0.1992062218877666,0.0,0.0,0.0
P57052,0,281,S,test,0,0.7844663356396184,0.2155336643603816,0.0,0.0,0.0,0.0,0.0,0.0,0.0,0.0
P57727,5,454,M,test,2,0.0,0.0,0.7960880141119088,0.0,0.20391198588809117,0.0,0.0,0.0,0.0,0.0
P59055,0,597,U,test,0,1.0,0.0,0.0,0.0,0.0,0.0,0.0,0.0,0.0,0.0
P59936,2,40,S,test,0,0.803084216739698,0.0,0.0,0.19691578326030199,0.0,0.0,0.0,0.0,0.0,0.0
P59942,3,119,U,test,0,0.812155611433451,0.0,0.0,0.0,0.18784438856654892,0.0,0.0,0.0,0.0,0.0
P60022,2,68,S,test,2,0.0,0.0,1.0,0.0,0.0,0.0,0.0,0.0,0.0,0.0
P61407,1,2134,S,test,0,0.5984905460230896,0.19888320050965308,0.0,0.0,0.20262625346725735,0.0,0.0,0.0,0.0,0.0
P61588,7,244,M,test,7,0.0,0.20412813569276017,0.0,0.0,0.35921167823991906,0.0,0.0,0.4366601860673209,0.0,0.0
P61769,2,119,S,test,2,0.0,0.0,0.5944745015016688,0.0,0.4055254984983312,0.0,0.0,0.0,0.0,0.0
P61964,0,334,U,test,0,0.8723923453722685,0.12760765462773152,0.0,0.0,0.0,0.0,0.0,0.0,0.0,0.0
P61965,0,334,U,test,0,0.8723923453722685,0.12760765462773152,0.0,0.0,0.0,0.0,0.0,0.0,0.0,0.0
P62487,0,172,U,test,1,0.3931196513615102,0.6068803486384897,0.0,0.0,0.0,0.0,0.0,0.0,0.0,0.0
P62597,0,778,U,test,1,0.0,0.6099457130702638,0.18759267662431392,0.20246161030542234,0.0,0.0,0.0,0.0,0.0,0.0
P62875,0,67,U,test,0,0.8144453725951138,0.0,0.0,0.0,0.0,0.0,0.1855546274048861,0.0,0.0,0.0
P69391,2,56,S,test,2,0.0,0.0,1.0,0.0,0.0,0.0,0.0,0.0,0.0,0.0
P70041,2,270,S,test,2,0.0,0.0,0.8158300625517096,0.0,0.18416993744829033,0.0,0.0,0.0,0.0,0.0
P70056,0,518,U,test,0,1.0,0.0,0.0,0.0,0.0,0.0,0.0,0.0,0.0,0.0
P70158,2,445,S,test,2,0.0,0.0,0.423129137729902,0.0,0.38751334467128035,0.0,0.0,0.0,0.18935751759881744,0.0
P70207,4,1894,M,test,1,0.0,0.8053493802947512,0.0,0.0,0.0,0.1946506197052488,0.0,0.0,0.0,0.0
P70279,0,355,S,test,0,1.0,0.0,0.0,0.0,0.0,0.0,0.0,0.0,0.0,0.0
P70281,0,254,U,test,1,0.39443236002193477,0.6055676399780652,0.0,0.0,0.0,0.0,0.0,0.0,0.0,0.0
P70365,0,1447,U,test,0,1.0,0.0,0.0,0.0,0.0,0.0,0.0,0.0,0.0,0.0
P70406,3,309,M,test,3,0.0,0.0,0.0,0.8327793701825205,0.0,0.16722062981747948,0.0,0.0,0.0,0.0
P70414,4,970,M,test,8,0.0,0.0,0.0,0.0,0.4438163512697211,0.0,0.0,0.0,0.5561836487302789,0.0
P70475,0,1187,U,test,0,1.0,0.0,0.0,0.0,0.0,0.0,0.0,0.0,0.0,0.0
P78508,4,379,M,test,4,0.16702652179097335,0.3253751787353105,0.0,0.0,0.5075982994737162,0.0,0.0,0.0,0.0,0.0
P79953,2,1004,S,test,2,0.0,0.0,0.737252263747947,0.0,0.2627477362520531,0.0,0.0,0.0,0.0,0.0
P80188,2,198,S,test,2,0.0,0.0,0.8410061964579287,0.0,0.1589938035420713,0.0,0.0,0.0,0.0,0.0
P80269,3,229,M,test,3,0.20144663810650665,0.0,0.0,0.7985533618934934,0.0,0.0,0.0,0.0,0.0,0.0
P81182,2,1454,S,test,6,0.0,0.0,0.37920359720718083,0.0,0.0,0.21098925069409158,0.4098071520987277,0.0,0.0,0.0
P81661,2,232,S,test,2,0.0,0.0,1.0,0.0,0.0,0.0,0.0,0.0,0.0,0.0
P82413,6,233,U,test,6,0.0,0.0,0.0,0.0,0.0,0.0,1.0,0.0,0.0,0.0
P82612,1,248,S,test,1,0.0,1.0,0.0,0.0,0.0,0.0,0.0,0.0,0.0,0.0
P82649,3,359,U,test,3,0.0,0.0,0.0,1.0,0.0,0.0,0.0,0.0,0.0,0.0
P82670,3,201,U,test,3,0.0,0.0,0.0,1.0,0.0,0.0,0.0,0.0,0.0,0.0
P82715,6,297,U,test,6,0.0,0.0,0.0,0.0,0.0,0.0,1.0,0.0,0.0,0.0
P82869,6,466,U,test,6,0.0,0.0,0.0,0.0,0.0,0.0,1.0,0.0,0.0,0.0
P82919,3,196,U,test,3,0.0,0.0,0.0,1.0,0.0,0.0,0.0,0.0,0.0,0.0
P82920,3,87,U,test,0,0.5639739156058732,0.0,0.0,0.4360260843941269,0.0,0.0,0.0,0.0,0.0,0.0
P82953,2,146,S,test,1,0.0,0.5367560113479968,0.4632439886520032,0.0,0.0,0.0,0.0,0.0,0.0,0.0
P83183,0,84,U,test,0,0.616507228348342,0.20318937927266442,0.18030339237899348,0.0,0.0,0.0,0.0,0.0,0.0,0.0
P83326,1,185,S,test,2,0.0,0.0,0.6089437842386678,0.0,0.3910562157613322,0.0,0.0,0.0,0.0,0.0
P83411,2,40,S,test,2,0.0,0.0,1.0,0.0,0.0,0.0,0.0,0.0,0.0,0.0
P83428,2,55,S,test,2,0.0,0.0,1.0,0.0,0.0,0.0,0.0,0.0,0.0,0.0
P83456,4,477,M,test,5,0.0,0.19894763084048941,0.19747863552710837,0.0,0.2049767825807852,0.3985969510516171,0.0,0.0,0.0,0.0
P83553,2,148,S,test,2,0.0,0.0,1.0,0.0,0.0,0.0,0.0,0.0,0.0,0.0
P83562,2,82,S,test,2,0.0,0.0,1.0,0.0,0.0,0.0,0.0,0.0,0.0,0.0
P83636,2,106,S,test,2,0.0,0.0,1.0,0.0,0.0,0.0,0.0,0.0,0.0,0.0
P83673,2,184,S,test,8,0.0,0.0,0.3362323884080839,0.0,0.0,0.0,0.0,0.0,0.6637676115919161,0.0
P83758,0,448,U,test,0,1.0,0.0,0.0,0.0,0.0,0.0,0.0,0.0,0.0,0.0
P83773,1,524,S,test,1,0.0,0.81820100096216,0.0,0.0,0.0,0.0,0.0,0.0,0.0,0.18179899903784005
P83774,1,317,S,test,0,0.814869006015952,0.185130993984048,0.0,0.0,0.0,0.0,0.0,0.0,0.0,0.0
P83783,1,450,S,test,3,0.0,0.38449931484463773,0.0,0.4315190358943948,0.0,0.0,0.0,0.0,0.0,0.1839816492609675
P83800,2,72,S,test,2,0.0,0.0,0.7935077600216631,0.2064922399783369,0.0,0.0,0.0,0.0,0.0,0.0
P83911,2,43,S,test,2,0.0,0.0,1.0,0.0,0.0,0.0,0.0,0.0,0.0,0.0
P84033,2,245,S,test,2,0.0,0.0,1.0,0.0,0.0,0.0,0.0,0.0,0.0,0.0
P84285,5,609,M,test,5,0.0,0.0,0.0,0.0,0.17961105175758527,0.43757294944691005,0.0,0.18173779548371652,0.20107820331178813,0.0
P84338,6,99,M,test,6,0.0,0.0,0.0,0.0,0.0,0.12352426833973945,0.8764757316602605,0.0,0.0,0.0
P84787,2,233,S,test,2,0.0,0.0,1.0,0.0,0.0,0.0,0.0,0.0,0.0,0.0
P84805,2,239,S,test,2,0.0,0.0,0.8535345464304773,0.0,0.0,0.0,0.0,0.0,0.14646545356952267,0.0
P84808,2,238,S,test,2,0.0,0.0,0.8459696370734339,0.0,0.0,0.0,0.0,0.1540303629265662,0.0,0.0
P84809,2,95,S,test,2,0.0,0.0,1.0,0.0,0.0,0.0,0.0,0.0,0.0,0.0
P85070,2,67,S,test,2,0.0,0.0,1.0,0.0,0.0,0.0,0.0,0.0,0.0,0.0
P85071,2,66,S,test,2,0.0,0.0,1.0,0.0,0.0,0.0,0.0,0.0,0.0,0.0
P85109,2,236,S,test,2,0.0,0.0,1.0,0.0,0.0,0.0,0.0,0.0,0.0,0.0
P85886,2,69,S,test,2,0.0,0.0,1.0,0.0,0.0,0.0,0.0,0.0,0.0,0.0
P86037,2,80,S,test,2,0.0,0.0,1.0,0.0,0.0,0.0,0.0,0.0,0.0,0.0
P86038,2,79,S,test,2,0.0,0.0,1.0,0.0,0.0,0.0,0.0,0.0,0.0,0.0
P86040,2,80,S,test,2,0.0,0.0,1.0,0.0,0.0,0.0,0.0,0.0,0.0,0.0
P86188,2,80,S,test,2,0.0,0.0,1.0,0.0,0.0,0.0,0.0,0.0,0.0,0.0
P86399,2,64,S,test,2,0.0,0.0,1.0,0.0,0.0,0.0,0.0,0.0,0.0,0.0
P86413,0,259,U,test,0,1.0,0.0,0.0,0.0,0.0,0.0,0.0,0.0,0.0,0.0
P86483,2,67,S,test,3,0.0,0.0,0.0,0.43142526738946085,0.0,0.38112125185127427,0.1874534807592649,0.0,0.0,0.0
P86500,2,83,S,test,2,0.0,0.0,1.0,0.0,0.0,0.0,0.0,0.0,0.0,0.0
P86716,2,166,S,test,2,0.0,0.0,1.0,0.0,0.0,0.0,0.0,0.0,0.0,0.0
P86718,2,171,S,test,2,0.0,0.0,1.0,0.0,0.0,0.0,0.0,0.0,0.0,0.0
P86899,2,127,S,test,2,0.0,0.0,1.0,0.0,0.0,0.0,0.0,0.0,0.0,0.0
P86937,0,839,U,test,0,0.6545774761257903,0.17159950401835938,0.0,0.17382301985585039,0.0,0.0,0.0,0.0,0.0,0.0
P86938,0,839,U,test,0,0.658024273086869,0.16859992351130518,0.0,0.17337580340182598,0.0,0.0,0.0,0.0,0.0,0.0
P86947,2,238,S,test,2,0.0,0.0,1.0,0.0,0.0,0.0,0.0,0.0,0.0,0.0
P86950,2,394,S,test,2,0.0,0.0,1.0,0.0,0.0,0.0,0.0,0.0,0.0,0.0
P86957,2,329,S,test,2,0.0,0.0,0.7927647083301024,0.0,0.20723529166989765,0.0,0.0,0.0,0.0,0.0
P86965,2,98,S,test,2,0.0,0.0,1.0,0.0,0.0,0.0,0.0,0.0,0.0,0.0
P86987,2,183,S,test,2,0.1878073560158274,0.0,0.5974393425151321,0.0,0.21475330146904045,0.0,0.0,0.0,0.0,0.0
P86994,2,67,S,test,3,0.19242495380979488,0.0,0.0,0.6199671161812798,0.0,0.0,0.18760793000892537,0.0,0.0,0.0
P87061,1,1147,S,test,1,0.18396941786621995,0.8160305821337801,0.0,0.0,0.0,0.0,0.0,0.0,0.0,0.0
P87074,0,778,U,test,0,1.0,0.0,0.0,0.0,0.0,0.0,0.0,0.0,0.0,0.0
P87113,5,219,M,test,1,0.0,0.5996226908303374,0.0,0.0,0.1937108912532407,0.0,0.0,0.0,0.0,0.20666641791642199
P87122,5,743,M,test,8,0.0,0.0,0.0,0.322127129153463,0.2835833675816668,0.0,0.0,0.0,0.3942895032648703,0.0
P87141,1,1313,S,test,0,0.6262811198317996,0.18186430479596383,0.0,0.0,0.0,0.0,0.0,0.0,0.19185457537223655,0.0
P87143,0,565,U,test,0,0.792686475613723,0.2073135243862771,0.0,0.0,0.0,0.0,0.0,0.0,0.0,0.0
P87232,3,144,U,test,3,0.18718595639784644,0.0,0.0,0.8128140436021536,0.0,0.0,0.0,0.0,0.0,0.0
P87262,1,121,S,test,1,0.0,0.8403902259022985,0.0,0.15960977409770147,0.0,0.0,0.0,0.0,0.0,0.0
P87299,1,285,S,test,0,0.5843174161063486,0.4156825838936514,0.0,0.0,0.0,0.0,0.0,0.0,0.0,0.0
P87323,1,522,S,test,1,0.37053837156988767,0.6294616284301123,0.0,0.0,0.0,0.0,0.0,0.0,0.0,0.0
P91685,4,976,M,test,4,0.0,0.0,0.0,0.0,1.0,0.0,0.0,0.0,0.0,0.0
P91870,1,824,S,test,0,0.39931012549549744,0.0,0.0,0.0,0.20114988225256406,0.20480177607788083,0.0,0.19473821617405765,0.0,0.0
P91889,2,331,S,test,2,0.0,0.0,1.0,0.0,0.0,0.0,0.0,0.0,0.0,0.0
P91926,4,940,M,test,1,0.16510358341470827,0.5121711872721936,0.0,0.0,0.3227252293130982,0.0,0.0,0.0,0.0,0.0
P91943,0,751,U,test,0,1.0,0.0,0.0,0.0,0.0,0.0,0.0,0.0,0.0,0.0
P92935,6,618,M,test,6,0.0,0.0,0.0,0.19252735650566064,0.0,0.0,0.8074726434943393,0.0,0.0,0.0
P92990,2,626,S,test,6,0.0,0.0,0.0,0.0,0.23292575157191303,0.18572803752668812,0.3812076484348999,0.20013856246649894,0.0,0.0
P93009,6,182,S,test,6,0.0,0.0,0.0,0.198751908228097,0.0,0.0,0.801248091771903,0.0,0.0,0.0
P93025,4,915,M,test,1,0.0,0.7960302845002691,0.0,0.0,0.20396971549973092,0.0,0.0,0.0,0.0,0.0
P93030,5,193,M,test,0,0.4092787740065041,0.20904344547192416,0.0,0.0,0.0,0.38167778052157175,0.0,0.0,0.0,0.0
P93032,3,367,U,test,3,0.0,0.3715211290458177,0.0,0.39005810000579616,0.0,0.0,0.23842077094838612,0.0,0.0,0.0
P93050,4,617,M,test,4,0.18398824331522623,0.0,0.0,0.0,0.8160117566847738,0.0,0.0,0.0,0.0,0.0
P97361,2,278,S,test,2,0.0,0.0,0.8599470766325655,0.14005292336743444,0.0,0.0,0.0,0.0,0.0,0.0
P97363,5,560,M,test,3,0.0,0.19001230695002566,0.0,0.40502610818887524,0.0,0.2193664212355021,0.18559516362559697,0.0,0.0,0.0
P97368,0,378,U,test,0,1.0,0.0,0.0,0.0,0.0,0.0,0.0,0.0,0.0,0.0
P97430,2,131,S,test,2,0.0,0.0,1.0,0.0,0.0,0.0,0.0,0.0,0.0,0.0
P97468,4,371,M,test,4,0.0,0.0,0.0,0.0,1.0,0.0,0.0,0.0,0.0,0.0
P97484,4,841,M,test,4,0.0,0.0,0.18882393937667313,0.0,0.8111760606233269,0.0,0.0,0.0,0.0,0.0
P97586,2,281,S,test,0,0.405898261798476,0.393164895679475,0.0,0.0,0.200936842522049,0.0,0.0,0.0,0.0,0.0
P97852,9,735,U,test,9,0.0,0.0,0.0,0.0,0.0,0.0,0.35326857752765206,0.0,0.0,0.6467314224723479
P98088,2,5654,S,test,2,0.0,0.0,0.7773963007361775,0.0,0.22260369926382256,0.0,0.0,0.0,0.0,0.0
P98137,2,590,S,test,2,0.0,0.0,0.6481278502215593,0.0,0.1708247181804184,0.18104743159802233,0.0,0.0,0.0,0.0
Q00805,2,444,S,test,2,0.0,0.0,0.5863359123529936,0.0,0.41366408764700635,0.0,0.0,0.0,0.0,0.0
Q00870,2,350,S,test,2,0.0,0.0,1.0,0.0,0.0,0.0,0.0,0.0,0.0,0.0
Q00IB6,0,440,U,test,0,0.8198077376165697,0.0,0.0,0.0,0.0,0.18019226238343036,0.0,0.0,0.0,0.0
Q01081,0,240,U,test,0,1.0,0.0,0.0,0.0,0.0,0.0,0.0,0.0,0.0,0.0
Q01117,2,624,S,test,2,0.0,0.0,0.5972504985671436,0.0,0.0,0.40274950143285637,0.0,0.0,0.0,0.0
Q01163,3,450,U,test,3,0.0,0.0,0.0,1.0,0.0,0.0,0.0,0.0,0.0,0.0
Q01329,0,785,U,test,0,0.8242166410228231,0.17578335897717698,0.0,0.0,0.0,0.0,0.0,0.0,0.0,0.0
Q01846,1,1127,S,test,8,0.1776882919747593,0.15287541654540354,0.0,0.0,0.0,0.3262935150494367,0.0,0.0,0.34314277643040053,0.0
Q01989,1,1253,S,test,1,0.0,0.793595489669262,0.0,0.0,0.2064045103307381,0.0,0.0,0.0,0.0,0.0
Q02040,0,695,U,test,0,1.0,0.0,0.0,0.0,0.0,0.0,0.0,0.0,0.0,0.0
Q02127,3,395,M,test,1,0.21048410912509735,0.4003459500354197,0.0,0.1937961751709682,0.0,0.0,0.0,0.0,0.0,0.1953737656685149
Q02204,3,264,U,test,3,0.0,0.0,0.0,1.0,0.0,0.0,0.0,0.0,0.0,0.0
Q02353,7,882,M,test,5,0.0,0.0,0.0,0.0,0.0,0.806203207840822,0.0,0.19379679215917806,0.0,0.0
Q02455,0,1875,U,test,1,0.1673046105606474,0.3784109330462692,0.0,0.0,0.0,0.0,0.1589599452487791,0.29532451114430436,0.0,0.0
Q02457,0,562,U,test,1,0.3854593140640723,0.6145406859359277,0.0,0.0,0.0,0.0,0.0,0.0,0.0,0.0
Q02614,0,308,U,test,0,0.8058284927003866,0.0,0.0,0.0,0.0,0.0,0.0,0.1941715072996135,0.0,0.0
Q02648,1,567,S,test,0,0.40960127360208093,0.19346817194863639,0.0,0.2044835154828902,0.0,0.0,0.0,0.19244703896639248,0.0,0.0
Q02775,0,382,U,test,0,1.0,0.0,0.0,0.0,0.0,0.0,0.0,0.0,0.0,0.0
Q02792,0,1006,U,test,0,0.6836089399986907,0.3163910600013094,0.0,0.0,0.0,0.0,0.0,0.0,0.0,0.0
Q02866,1,612,S,test,1,0.0,0.6259256573936194,0.0,0.0,0.2006298046867698,0.1734445379196109,0.0,0.0,0.0,0.0
Q02873,3,248,U,test,3,0.19753581570621806,0.0,0.0,0.6356406804920066,0.16682350380177538,0.0,0.0,0.0,0.0,0.0
Q02953,0,609,U,test,0,0.786804578904675,0.21319542109532502,0.0,0.0,0.0,0.0,0.0,0.0,0.0,0.0
Q02981,3,657,U,test,3,0.35970809528614617,0.0,0.0,0.4565892050678314,0.0,0.0,0.0,0.0,0.18370269964602248,0.0
Q03178,2,341,S,test,2,0.0,0.0,1.0,0.0,0.0,0.0,0.0,0.0,0.0,0.0
Q03180,2,325,S,test,2,0.0,0.0,0.8144299151839016,0.0,0.0,0.1855700848160984,0.0,0.0,0.0,0.0
Q03218,3,510,M,test,3,0.0,0.0,0.0,0.7161408687657667,0.1495594052448999,0.0,0.0,0.0,0.13429972598933337,0.0
Q03266,1,374,S,test,1,0.4097886160304842,0.5902113839695159,0.0,0.0,0.0,0.0,0.0,0.0,0.0,0.0
Q03370,9,554,M,test,5,0.0,0.0,0.0,0.0,0.19512692967994366,0.5530838512887949,0.0,0.0,0.0,0.2517892190312615
Q03406,0,294,U,test,1,0.3925082655216007,0.410760017551021,0.0,0.19673171692737834,0.0,0.0,0.0,0.0,0.0,0.0
Q03431,4,593,M,test,4,0.0,0.0,0.0,0.0,1.0,0.0,0.0,0.0,0.0,0.0
Q03445,4,991,M,test,4,0.0,0.0,0.0,0.0,0.8396898359552611,0.0,0.0,0.16031016404473886,0.0,0.0
Q03482,4,75,M,test,4,0.17164436156766602,0.14771384974769372,0.0,0.3333557984129352,0.34728599027170504,0.0,0.0,0.0,0.0,0.0
Q03496,1,1420,S,test,1,0.24366168818145698,0.5836445519220526,0.0,0.0,0.0,0.0,0.0,0.17269375989649052,0.0,0.0
Q03529,5,384,M,test,5,0.0,0.0,0.0,0.0,0.0,1.0,0.0,0.0,0.0,0.0
Q03560,0,1150,U,test,0,1.0,0.0,0.0,0.0,0.0,0.0,0.0,0.0,0.0,0.0
Q03562,1,455,S,test,5,0.0,0.0,0.0,0.0,0.0,0.7646638623091646,0.0,0.2353361376908355,0.0,0.0
Q03652,3,475,U,test,1,0.19665068118613263,0.40669163269559816,0.0,0.3966576861182693,0.0,0.0,0.0,0.0,0.0,0.0
Q03673,3,198,M,test,0,0.5936370684560046,0.0,0.0,0.4063629315439954,0.0,0.0,0.0,0.0,0.0,0.0
Q03774,0,444,U,test,0,0.624586904437975,0.37541309556202496,0.0,0.0,0.0,0.0,0.0,0.0,0.0,0.0
Q03776,0,544,U,test,0,0.6386741533988544,0.0,0.0,0.17564710466433925,0.0,0.1856787419368064,0.0,0.0,0.0,0.0
Q03833,0,894,U,test,0,0.4405288801049896,0.38160702740602925,0.0,0.0,0.0,0.0,0.0,0.0,0.0,0.1778640924889811
Q03834,0,1242,U,test,0,0.605591646036407,0.394408353963593,0.0,0.0,0.0,0.0,0.0,0.0,0.0,0.0
Q03860,7,143,M,test,7,0.0,0.0,0.0,0.0,0.0,0.0,0.0,0.859412537940314,0.140587462059686,0.0
Q03921,7,1698,M,test,1,0.22095869144717792,0.5842020956669516,0.0,0.0,0.0,0.0,0.0,0.19483921288587064,0.0,0.0
Q03937,0,162,U,test,0,0.5747513117844579,0.42524868821554207,0.0,0.0,0.0,0.0,0.0,0.0,0.0,0.0
Q04031,0,235,U,test,0,1.0,0.0,0.0,0.0,0.0,0.0,0.0,0.0,0.0,0.0
Q04213,0,475,U,test,0,1.0,0.0,0.0,0.0,0.0,0.0,0.0,0.0,0.0,0.0
Q04217,0,1267,U,test,0,1.0,0.0,0.0,0.0,0.0,0.0,0.0,0.0,0.0,0.0
Q04231,0,177,U,test,1,0.18623930088772925,0.6183675585969192,0.0,0.0,0.0,0.0,0.0,0.19539314051535164,0.0,0.0
Q04235,1,462,S,test,0,0.8109707243616675,0.18902927563833255,0.0,0.0,0.0,0.0,0.0,0.0,0.0,0.0
Q04341,3,121,S,test,3,0.0,0.0,0.18638661058208753,0.8136133894179125,0.0,0.0,0.0,0.0,0.0,0.0
Q04712,0,507,U,test,0,0.7953561375904387,0.2046438624095613,0.0,0.0,0.0,0.0,0.0,0.0,0.0,0.0
Q04806,1,366,S,test,1,0.0,0.6019755760011534,0.0,0.3980244239988466,0.0,0.0,0.0,0.0,0.0,0.0
Q04924,5,702,U,test,5,0.0,0.0,0.38888545818841636,0.0,0.19013056448928753,0.42098397732229625,0.0,0.0,0.0,0.0
Q04949,1,312,S,test,7,0.21117158050394919,0.18706996220184294,0.0,0.21545274200886688,0.0,0.0,0.0,0.386305715285341,0.0,0.0
Q04952,3,1785,M,test,5,0.0,0.0,0.0,0.0,0.42655731331624214,0.5734426866837579,0.0,0.0,0.0,0.0
Q04969,5,178,M,test,5,0.17841930108090048,0.3736130278126664,0.0,0.0,0.0,0.44796767110643315,0.0,0.0,0.0,0.0
Q05021,0,590,U,test,0,1.0,0.0,0.0,0.0,0.0,0.0,0.0,0.0,0.0,0.0
Q05031,4,458,M,test,2,0.0,0.0,0.802714704018913,0.0,0.0,0.19728529598108702,0.0,0.0,0.0,0.0
Q05123,0,467,U,test,0,0.8350118318565836,0.16498816814341644,0.0,0.0,0.0,0.0,0.0,0.0,0.0,0.0
Q05201,0,766,U,test,0,1.0,0.0,0.0,0.0,0.0,0.0,0.0,0.0,0.0,0.0
Q05394,4,352,M,test,4,0.0,0.0,0.0,0.0,1.0,0.0,0.0,0.0,0.0,0.0
Q05471,0,1514,U,test,0,1.0,0.0,0.0,0.0,0.0,0.0,0.0,0.0,0.0,0.0
Q05635,0,350,U,test,1,0.390226251355473,0.4351776243206374,0.0,0.0,0.0,0.0,0.0,0.0,0.17459612432388963,0.0
Q05812,4,728,M,test,1,0.0,0.8084818460987383,0.0,0.0,0.1915181539012617,0.0,0.0,0.0,0.0,0.0
Q05924,1,578,S,test,5,0.0,0.0,0.0,0.0,0.0,0.6075156958451396,0.0,0.17893770604109355,0.21354659811376672,0.0
Q05926,1,109,S,test,1,0.20123299373528744,0.40347478610241744,0.0,0.1989432232496239,0.0,0.1963489969126713,0.0,0.0,0.0,0.0
Q05949,0,395,U,test,0,0.6114855019098012,0.3885144980901987,0.0,0.0,0.0,0.0,0.0,0.0,0.0,0.0
Q05JG2,5,471,M,test,5,0.0,0.0,0.0,0.21418023918271029,0.0,0.7858197608172898,0.0,0.0,0.0,0.0
Q06139,3,101,U,test,0,0.41123763398866287,0.39818972525419416,0.0,0.19057264075714297,0.0,0.0,0.0,0.0,0.0,0.0
Q06188,0,304,U,test,0,0.7857577911815677,0.21424220881843223,0.0,0.0,0.0,0.0,0.0,0.0,0.0,0.0
Q06224,0,779,U,test,0,0.8150903958349108,0.0,0.0,0.0,0.0,0.0,0.18490960416508914,0.0,0.0,0.0
Q06244,3,254,U,test,3,0.0,0.4016094288733833,0.0,0.4024953024058948,0.0,0.19589526872072188,0.0,0.0,0.0,0.0
Q06328,8,317,M,test,4,0.0,0.0,0.0,0.19498235310115522,0.41265986307212876,0.1905243707725157,0.0,0.0,0.20183341305420038,0.0
Q06349,1,442,S,test,0,1.0,0.0,0.0,0.0,0.0,0.0,0.0,0.0,0.0,0.0
Q06385,7,345,M,test,0,0.3856590111965548,0.3782787641636613,0.0,0.0,0.0,0.0,0.0,0.23606222463978382,0.0,0.0
Q06488,0,889,U,test,0,0.806109399882056,0.19389060011794407,0.0,0.0,0.0,0.0,0.0,0.0,0.0,0.0
Q06551,5,359,M,test,7,0.0,0.0,0.0,0.0,0.0,0.345919864921065,0.0,0.37499894421469926,0.27908119086423583,0.0
Q06632,0,1357,U,test,0,0.8238375705992561,0.0,0.0,0.0,0.0,0.0,0.0,0.0,0.17616242940074395,0.0
Q06678,3,367,U,test,3,0.0,0.0,0.0,1.0,0.0,0.0,0.0,0.0,0.0,0.0
Q06679,0,776,U,test,0,0.8074376963266287,0.19256230367337132,0.0,0.0,0.0,0.0,0.0,0.0,0.0,0.0
Q06685,1,1146,S,test,1,0.20763535781196168,0.6017112733970085,0.0,0.0,0.0,0.0,0.0,0.0,0.19065336879102993,0.0
Q06688,1,274,S,test,0,0.6360176224367845,0.3639823775632155,0.0,0.0,0.0,0.0,0.0,0.0,0.0,0.0
Q06707,0,132,U,test,1,0.0,0.797670763479703,0.0,0.0,0.0,0.0,0.0,0.20232923652029694,0.0,0.0
Q06709,1,432,S,test,0,0.5195506580817222,0.4804493419182778,0.0,0.0,0.0,0.0,0.0,0.0,0.0,0.0
Q07084,1,712,S,test,0,0.3771330077597319,0.24867027385819043,0.0,0.0,0.19017803450634582,0.0,0.0,0.0,0.0,0.18401868387573178
Q07230,0,614,U,test,0,1.0,0.0,0.0,0.0,0.0,0.0,0.0,0.0,0.0,0.0
Q07376,8,486,M,test,8,0.0,0.0,0.0,0.0,0.0,0.0,0.0,0.3748201440010964,0.6251798559989037,0.0
Q07500,3,545,S,test,3,0.0,0.0,0.0,1.0,0.0,0.0,0.0,0.0,0.0,0.0
Q07508,0,261,U,test,0,0.62216000371589,0.37783999628410997,0.0,0.0,0.0,0.0,0.0,0.0,0.0,0.0
Q07549,8,140,M,test,5,0.0,0.0,0.0,0.0,0.19037104986262562,0.34155138635443,0.0,0.16268104277312956,0.3053965210098148,0.0
Q07844,0,837,U,test,0,0.8235652520534991,0.17643474794650088,0.0,0.0,0.0,0.0,0.0,0.0,0.0,0.0
Q07845,0,632,U,test,0,0.6304072140385217,0.1784282962597042,0.0,0.19116448970177408,0.0,0.0,0.0,0.0,0.0,0.0
Q07913,0,336,U,test,0,0.6040534445661924,0.39594655543380763,0.0,0.0,0.0,0.0,0.0,0.0,0.0,0.0
Q08179,3,573,M,test,3,0.1956629805491028,0.0,0.0,0.6171877441288811,0.18714927532201603,0.0,0.0,0.0,0.0,0.0
Q08217,1,1101,S,test,1,0.0,1.0,0.0,0.0,0.0,0.0,0.0,0.0,0.0,0.0
Q08230,3,162,S,test,3,0.0,0.0,0.0,1.0,0.0,0.0,0.0,0.0,0.0,0.0
Q08235,0,291,U,test,0,1.0,0.0,0.0,0.0,0.0,0.0,0.0,0.0,0.0,0.0
Q08278,0,222,U,test,0,0.4149061688735608,0.39029770614438763,0.0,0.0,0.0,0.1947961249820515,0.0,0.0,0.0,0.0
Q08281,8,1341,M,test,1,0.3863573078283052,0.6136426921716949,0.0,0.0,0.0,0.0,0.0,0.0,0.0,0.0
Q08287,0,484,U,test,0,1.0,0.0,0.0,0.0,0.0,0.0,0.0,0.0,0.0,0.0
Q08288,0,388,U,test,0,1.0,0.0,0.0,0.0,0.0,0.0,0.0,0.0,0.0,0.0
Q08412,1,411,S,test,0,0.8111790479853027,0.1888209520146973,0.0,0.0,0.0,0.0,0.0,0.0,0.0,0.0
Q08465,0,219,U,test,0,1.0,0.0,0.0,0.0,0.0,0.0,0.0,0.0,0.0,0.0
Q08553,0,188,U,test,0,0.4802157031598193,0.17046390985832022,0.0,0.34932038698186046,0.0,0.0,0.0,0.0,0.0,0.0
Q08605,0,581,U,test,0,1.0,0.0,0.0,0.0,0.0,0.0,0.0,0.0,0.0,0.0
Q08742,3,149,U,test,3,0.0,0.0,0.0,1.0,0.0,0.0,0.0,0.0,0.0,0.0
Q08748,1,1289,S,test,0,0.597132733764989,0.40286726623501107,0.0,0.0,0.0,0.0,0.0,0.0,0.0,0.0
Q08881,1,620,S,test,1,0.19752940902296176,0.8024705909770382,0.0,0.0,0.0,0.0,0.0,0.0,0.0,0.0
Q08909,1,290,S,test,0,0.6052311896499526,0.2003753738993706,0.0,0.19439343645067672,0.0,0.0,0.0,0.0,0.0,0.0
Q08925,1,612,S,test,0,0.6022280571351771,0.39777194286482287,0.0,0.0,0.0,0.0,0.0,0.0,0.0,0.0
Q08960,5,810,U,test,0,0.3983770375219529,0.39782798842330525,0.0,0.0,0.0,0.20379497405474167,0.0,0.0,0.0,0.0
Q08968,3,688,U,test,1,0.39867948065762776,0.6013205193423722,0.0,0.0,0.0,0.0,0.0,0.0,0.0,0.0
Q09146,0,399,U,test,0,1.0,0.0,0.0,0.0,0.0,0.0,0.0,0.0,0.0,0.0
Q09175,7,709,M,test,2,0.0,0.0,0.632818872954575,0.0,0.177956485920764,0.0,0.0,0.18922464112466103,0.0,0.0
Q09377,0,322,U,test,0,0.8261896088075842,0.0,0.0,0.0,0.0,0.0,0.0,0.0,0.0,0.17381039119241587
Q09428,4,1581,M,test,4,0.0,0.0,0.0,0.0,0.6486264092219864,0.0,0.0,0.0,0.35137359077801356,0.0
Q09685,0,411,U,test,0,0.8217813545020942,0.0,0.0,0.0,0.0,0.17821864549790586,0.0,0.0,0.0,0.0
Q09706,1,1369,S,test,1,0.0,0.5823974103338925,0.0,0.0,0.4176025896661075,0.0,0.0,0.0,0.0,0.0
Q09712,5,464,M,test,5,0.0,0.0,0.0,0.0,0.0,1.0,0.0,0.0,0.0,0.0
Q09774,3,118,M,test,3,0.0,0.0,0.0,1.0,0.0,0.0,0.0,0.0,0.0,0.0
Q09778,1,899,S,test,0,0.5751780601187808,0.42482193988121925,0.0,0.0,0.0,0.0,0.0,0.0,0.0,0.0
Q09781,1,252,S,test,1,0.38106798075437176,0.6189320192456284,0.0,0.0,0.0,0.0,0.0,0.0,0.0,0.0
Q09800,1,419,S,test,0,0.7950383307098735,0.2049616692901265,0.0,0.0,0.0,0.0,0.0,0.0,0.0,0.0
Q09808,0,152,U,test,0,0.8017974794261942,0.19820252057380583,0.0,0.0,0.0,0.0,0.0,0.0,0.0,0.0
Q09842,0,407,U,test,0,0.7781527634978206,0.22184723650217947,0.0,0.0,0.0,0.0,0.0,0.0,0.0,0.0
Q09868,1,576,S,test,1,0.1843601930141489,0.8156398069858511,0.0,0.0,0.0,0.0,0.0,0.0,0.0,0.0
Q09GJ9,2,239,S,test,2,0.0,0.0,0.6564265769872685,0.0,0.0,0.0,0.0,0.0,0.3435734230127316,0.0
Q09LL3,0,331,U,test,6,0.0,0.0,0.0,0.0,0.0,0.0,1.0,0.0,0.0,0.0
Q0DFC9,6,154,M,test,6,0.0,0.0,0.0,0.0,0.0,0.0,1.0,0.0,0.0,0.0
Q0E7J7,0,325,U,test,0,0.5688978067985311,0.0,0.0,0.0,0.0,0.19029471910169796,0.0,0.0,0.24080747409977102,0.0
Q0HA38,1,1315,S,test,1,0.3488308606754746,0.6511691393245255,0.0,0.0,0.0,0.0,0.0,0.0,0.0,0.0
Q0J7U6,0,1133,U,test,0,0.6030652488212083,0.19307792822279166,0.0,0.0,0.0,0.0,0.0,0.0,0.2038568229560001,0.0
Q0KL02,1,3102,S,test,1,0.3361938433664909,0.6638061566335092,0.0,0.0,0.0,0.0,0.0,0.0,0.0,0.0
Q0MW30,1,546,S,test,1,0.38705261535664426,0.441017759478705,0.0,0.0,0.0,0.0,0.0,0.0,0.0,0.17192962516465088
Q0V8E7,4,668,M,test,5,0.0,0.0,0.0,0.18332918582622854,0.23007521274857887,0.5865956014251926,0.0,0.0,0.0,0.0
Q0VAK6,1,560,S,test,0,0.41116126708683526,0.4054631368761462,0.0,0.0,0.18337559603701847,0.0,0.0,0.0,0.0,0.0
Q0VD83,4,1088,M,test,0,0.6176636456225975,0.38233635437740254,0.0,0.0,0.0,0.0,0.0,0.0,0.0,0.0
Q0WMY5,6,952,U,test,6,0.0,0.0,0.0,0.0,0.0,0.0,1.0,0.0,0.0,0.0
Q0WMZ5,6,178,M,test,3,0.0,0.0,0.0,0.7577112405866313,0.0,0.0,0.2422887594133687,0.0,0.0,0.0
Q0WNX9,0,196,S,test,0,0.45924045779450773,0.17504410741806956,0.0,0.0,0.19609124799886712,0.16962418678855562,0.0,0.0,0.0,0.0
Q0WP36,8,464,M,test,4,0.0,0.0,0.0,0.1948051496510329,0.6209055685724334,0.0,0.0,0.0,0.18428928177653367,0.0
Q0WQE7,1,617,S,test,1,0.0,1.0,0.0,0.0,0.0,0.0,0.0,0.0,0.0,0.0
Q0WRY5,4,378,M,test,4,0.0,0.20281368126821545,0.0,0.0,0.7971863187317846,0.0,0.0,0.0,0.0,0.0
Q0WTP1,1,329,S,test,0,0.4072923227021787,0.39705973569981556,0.0,0.0,0.0,0.0,0.0,0.0,0.19564794159800586,0.0
Q0WUA3,6,382,M,test,6,0.0,0.0,0.0,0.1973682939204889,0.0,0.0,0.8026317060795112,0.0,0.0,0.0
Q0WV90,0,1120,U,test,0,0.8064575398238586,0.0,0.0,0.0,0.0,0.0,0.0,0.0,0.19354246017614143,0.0
Q0WX00,0,460,U,test,0,0.7814170603407072,0.21858293965929274,0.0,0.0,0.0,0.0,0.0,0.0,0.0,0.0
Q10109,0,688,M,test,0,0.3895755509376456,0.38132487966347617,0.0,0.0,0.0,0.0,0.22909956939887827,0.0,0.0,0.0
Q10146,0,777,U,test,0,0.6462725852013358,0.2358814670198185,0.0,0.0,0.0,0.0,0.0,0.11784594777884569,0.0,0.0
Q10154,0,240,U,test,0,0.7988382960627182,0.2011617039372819,0.0,0.0,0.0,0.0,0.0,0.0,0.0,0.0
Q10197,1,1105,S,test,0,0.4080989381600605,0.4027253637973214,0.0,0.0,0.0,0.0,0.0,0.1891756980426181,0.0,0.0
Q10215,3,142,U,test,3,0.0,0.1923596978170413,0.0,0.8076403021829587,0.0,0.0,0.0,0.0,0.0,0.0
Q10253,1,286,S,test,1,0.0,1.0,0.0,0.0,0.0,0.0,0.0,0.0,0.0,0.0
Q10269,5,537,M,test,5,0.0,0.0,0.0,0.0,0.0,1.0,0.0,0.0,0.0,0.0
Q10297,0,993,U,test,0,0.8652690727116988,0.13473092728830116,0.0,0.0,0.0,0.0,0.0,0.0,0.0,0.0
Q10308,3,269,U,test,1,0.1944136786956023,0.6063405944256518,0.0,0.0,0.0,0.0,0.0,0.19924572687874592,0.0,0.0
Q10425,1,725,S,test,0,0.8010022814383673,0.19899771856163279,0.0,0.0,0.0,0.0,0.0,0.0,0.0,0.0
Q10430,0,238,U,test,0,0.8501162853033759,0.14988371469662415,0.0,0.0,0.0,0.0,0.0,0.0,0.0,0.0
Q10451,3,1261,U,test,3,0.0,0.1840104886349059,0.0,0.8159895113650941,0.0,0.0,0.0,0.0,0.0,0.0
Q10916,2,564,S,test,2,0.0,0.0,0.5958811919218557,0.0,0.0,0.4041188080781442,0.0,0.0,0.0,0.0
Q10925,1,1237,S,test,1,0.21538375978451854,0.7846162402154815,0.0,0.0,0.0,0.0,0.0,0.0,0.0,0.0
Q10R09,4,310,M,test,0,0.5507374356894594,0.0,0.0,0.0,0.4492625643105405,0.0,0.0,0.0,0.0,0.0
Q12008,1,311,S,test,0,0.5818079872287151,0.23068875064238964,0.0,0.18750326212889526,0.0,0.0,0.0,0.0,0.0,0.0
Q12010,8,308,M,test,4,0.0,0.0,0.0,0.0,0.8118907872664656,0.0,0.0,0.0,0.18810921273353443,0.0
Q12032,3,185,U,test,3,0.3908300085836803,0.0,0.0,0.6091699914163198,0.0,0.0,0.0,0.0,0.0,0.0
Q12035,0,217,U,test,0,1.0,0.0,0.0,0.0,0.0,0.0,0.0,0.0,0.0,0.0
Q12046,0,339,U,test,0,0.8077648196489614,0.19223518035103856,0.0,0.0,0.0,0.0,0.0,0.0,0.0,0.0
Q12050,0,791,U,test,0,0.815551779010415,0.184448220989585,0.0,0.0,0.0,0.0,0.0,0.0,0.0,0.0
Q12052,0,315,U,test,0,1.0,0.0,0.0,0.0,0.0,0.0,0.0,0.0,0.0,0.0
Q12072,0,812,U,test,0,0.7698129211249889,0.23018707887501108,0.0,0.0,0.0,0.0,0.0,0.0,0.0,0.0
Q12102,0,859,U,test,0,0.626374336645064,0.18897274603015127,0.0,0.0,0.0,0.0,0.0,0.0,0.18465291732478475,0.0
Q12118,1,346,S,test,3,0.17769452863492366,0.21751684031656202,0.0,0.41836376357276633,0.0,0.0,0.0,0.18642486747574813,0.0,0.0
Q12129,1,218,S,test,0,0.8013493616402909,0.1986506383597091,0.0,0.0,0.0,0.0,0.0,0.0,0.0,0.0
Q12134,1,243,S,test,3,0.21566174966233595,0.3779459463110742,0.0,0.40639230402658993,0.0,0.0,0.0,0.0,0.0,0.0
Q12146,0,194,U,test,0,0.6282704292160959,0.18248859488833596,0.0,0.0,0.0,0.18924097589556824,0.0,0.0,0.0,0.0
Q12168,1,779,S,test,5,0.0,0.0,0.1955502225673793,0.0,0.0,0.6079661211359917,0.0,0.19648365629662898,0.0,0.0
Q12176,0,1025,U,test,0,1.0,0.0,0.0,0.0,0.0,0.0,0.0,0.0,0.0,0.0
Q12188,0,680,U,test,0,0.6242558550550262,0.18547472606686535,0.0,0.0,0.0,0.0,0.0,0.0,0.1902694188781085,0.0
Q12204,3,715,U,test,3,0.0,0.35443017370999313,0.0,0.6455698262900069,0.0,0.0,0.0,0.0,0.0,0.0
Q12251,3,326,M,test,3,0.0,0.0,0.0,0.8090218023820263,0.0,0.0,0.19097819761797374,0.0,0.0,0.0
Q12270,7,262,M,test,7,0.0,0.0,0.0,0.0,0.0,0.16366814495020582,0.0,0.8363318550497941,0.0,0.0
Q12288,1,251,S,test,1,0.0,0.8337549796222747,0.0,0.1662450203777253,0.0,0.0,0.0,0.0,0.0,0.0
Q12346,5,211,M,test,5,0.0,0.0,0.0,0.0,0.18713038893211217,0.6296354105744353,0.0,0.1832342004934525,0.0,0.0
Q12359,4,275,M,test,7,0.0,0.0,0.0,0.0,0.19676034990548197,0.0,0.0,0.6071110140318667,0.19612863606265116,0.0
Q12361,4,961,M,test,1,0.20431471171869992,0.41642484900455407,0.0,0.0,0.0,0.1916219348640711,0.0,0.0,0.18763850441267488,0.0
Q12373,0,385,U,test,0,0.7995887066122286,0.2004112933877714,0.0,0.0,0.0,0.0,0.0,0.0,0.0,0.0
Q12427,1,513,S,test,1,0.4256738514350435,0.5743261485649565,0.0,0.0,0.0,0.0,0.0,0.0,0.0,0.0
Q12429,1,685,S,test,1,0.0,0.7863883353137557,0.0,0.21361166468624426,0.0,0.0,0.0,0.0,0.0,0.0
Q12451,4,1283,M,test,5,0.18811211741712036,0.2315067389178339,0.0,0.0,0.0,0.5803811436650457,0.0,0.0,0.0,0.0
Q12454,1,224,S,test,1,0.18462215615172833,0.8153778438482716,0.0,0.0,0.0,0.0,0.0,0.0,0.0,0.0
Q12462,9,236,M,test,9,0.0,0.0,0.0,0.0,0.0,0.0,0.0,0.0,0.0,1.0
Q12487,3,163,U,test,3,0.0,0.3892883624779917,0.0,0.4086895675104163,0.0,0.0,0.20202207001159211,0.0,0.0,0.0
Q12488,0,208,U,test,0,0.41991306488407976,0.2000535237475474,0.0,0.19314988588528945,0.0,0.0,0.0,0.0,0.1868835254830835,0.0
Q12497,3,93,U,test,3,0.0,0.0,0.0,1.0,0.0,0.0,0.0,0.0,0.0,0.0
Q12507,0,346,U,test,0,0.6157126502037533,0.1953956232149278,0.0,0.1888917265813189,0.0,0.0,0.0,0.0,0.0,0.0
Q12515,1,295,S,test,8,0.3535871189844678,0.1916860401972804,0.0,0.0,0.0,0.0,0.0,0.0,0.45472684081825177,0.0
Q12524,9,340,U,test,3,0.0,0.19525019120315942,0.0,0.8047498087968405,0.0,0.0,0.0,0.0,0.0,0.0
Q12532,1,1038,S,test,0,1.0,0.0,0.0,0.0,0.0,0.0,0.0,0.0,0.0,0.0
Q12692,0,134,U,test,0,1.0,0.0,0.0,0.0,0.0,0.0,0.0,0.0,0.0,0.0
Q12697,8,1472,M,test,5,0.0,0.0,0.0,0.0,0.22171005886953274,0.3464997763013205,0.0,0.18354255981701953,0.24824760501212723,0.0
Q12706,1,436,S,test,1,0.38887994945578286,0.3972954538194457,0.0,0.0,0.2138245967247715,0.0,0.0,0.0,0.0,0.0
Q12769,0,1436,U,test,0,0.793909804818948,0.20609019518105204,0.0,0.0,0.0,0.0,0.0,0.0,0.0,0.0
Q12800,0,502,U,test,0,0.5998921190221048,0.4001078809778951,0.0,0.0,0.0,0.0,0.0,0.0,0.0,0.0
Q12933,1,501,S,test,1,0.37534944839805884,0.6246505516019412,0.0,0.0,0.0,0.0,0.0,0.0,0.0,0.0
Q13136,1,1202,S,test,1,0.0,1.0,0.0,0.0,0.0,0.0,0.0,0.0,0.0,0.0
Q13148,0,414,U,test,1,0.36032692831390895,0.639673071686091,0.0,0.0,0.0,0.0,0.0,0.0,0.0,0.0
Q13191,1,982,S,test,0,0.6075036553984777,0.3924963446015224,0.0,0.0,0.0,0.0,0.0,0.0,0.0,0.0
Q13255,4,1194,M,test,4,0.0,0.0,0.0,0.0,0.814404957614341,0.18559504238565902,0.0,0.0,0.0,0.0
Q13324,4,411,M,test,4,0.0,0.0,0.0,0.0,0.7725185343279118,0.2274814656720882,0.0,0.0,0.0,0.0
Q13495,0,774,U,test,0,1.0,0.0,0.0,0.0,0.0,0.0,0.0,0.0,0.0,0.0
Q13536,0,156,U,test,0,0.613108525715814,0.3868914742841861,0.0,0.0,0.0,0.0,0.0,0.0,0.0,0.0
Q13873,4,1038,M,test,4,0.0,0.18066190918366512,0.0,0.0,0.6152514659654984,0.20408662485083648,0.0,0.0,0.0,0.0
Q14149,0,939,S,test,1,0.3781394494988461,0.6218605505011539,0.0,0.0,0.0,0.0,0.0,0.0,0.0,0.0
Q14197,3,206,U,test,3,0.0,0.0,0.0,1.0,0.0,0.0,0.0,0.0,0.0,0.0
Q14203,1,1278,S,test,0,0.44027819023429693,0.3960501458400544,0.0,0.0,0.0,0.0,0.0,0.16367166392564875,0.0,0.0
Q14258,1,630,S,test,1,0.15765005468085863,0.8423499453191414,0.0,0.0,0.0,0.0,0.0,0.0,0.0,0.0
Q14318-3,3,253,M,test,0,0.5421742806952514,0.0,0.0,0.4578257193047485,0.0,0.0,0.0,0.0,0.0,0.0
Q14508,2,124,S,test,2,0.0,0.0,0.7879200226369717,0.0,0.2120799773630284,0.0,0.0,0.0,0.0,0.0
Q14669,0,1992,S,test,0,1.0,0.0,0.0,0.0,0.0,0.0,0.0,0.0,0.0,0.0
Q14680,4,651,M,test,1,0.16681045586157556,0.4909156217939251,0.0,0.0,0.3422739223444993,0.0,0.0,0.0,0.0,0.0
Q14690,0,1871,U,test,0,0.621846683791631,0.378153316208369,0.0,0.0,0.0,0.0,0.0,0.0,0.0,0.0
Q14832,4,879,M,test,4,0.0,0.0,0.0,0.0,1.0,0.0,0.0,0.0,0.0,0.0
Q14833,4,912,M,test,4,0.0,0.0,0.0,0.0,0.8143894738175146,0.0,0.0,0.0,0.18561052618248552,0.0
Q149M9,1,1564,S,test,1,0.16332403876315077,0.6418644026875382,0.0,0.0,0.0,0.19481155854931112,0.0,0.0,0.0,0.0
Q14BA6,1,303,S,test,1,0.4122948239300125,0.5877051760699875,0.0,0.0,0.0,0.0,0.0,0.0,0.0,0.0
Q14CX7,1,972,S,test,0,0.41040068006870367,0.39373043561896254,0.0,0.0,0.0,0.0,0.0,0.19586888431233376,0.0,0.0
Q15042,1,981,S,test,0,0.5473210300873914,0.45267896991260864,0.0,0.0,0.0,0.0,0.0,0.0,0.0,0.0
Q15070,3,435,M,test,3,0.0,0.0,0.0,0.8044390586007821,0.0,0.19556094139921795,0.0,0.0,0.0,0.0
Q15582,2,683,S,test,7,0.0,0.0,0.38678700624285756,0.0,0.20764134482747792,0.0,0.0,0.4055716489296645,0.0,0.0
Q15648,0,1581,U,test,0,0.6084765693089078,0.2019528954404281,0.0,0.0,0.1895705352506642,0.0,0.0,0.0,0.0,0.0
Q16719,1,465,S,test,5,0.0,0.38596058548440115,0.0,0.0,0.0,0.6140394145155988,0.0,0.0,0.0,0.0
Q16740,3,277,S,test,3,0.0,0.0,0.0,0.859928168770806,0.0,0.0,0.14007183122919395,0.0,0.0,0.0
Q16853,4,763,M,test,2,0.0,0.0,0.354921139433528,0.0,0.0,0.22104294329651555,0.0,0.25071586748013125,0.17332004978982526,0.0
Q16891,3,758,M,test,3,0.0,0.1747338974881443,0.0,0.44066989975965654,0.0,0.0,0.0,0.3845962027521992,0.0,0.0
Q17025,2,258,S,test,2,0.0,0.0,1.0,0.0,0.0,0.0,0.0,0.0,0.0,0.0
Q17353,1,1379,S,test,0,0.4091864749846646,0.38508804691417753,0.0,0.0,0.2057254781011579,0.0,0.0,0.0,0.0,0.0
Q18409,0,179,U,test,0,1.0,0.0,0.0,0.0,0.0,0.0,0.0,0.0,0.0,0.0
Q18685,4,720,M,test,0,1.0,0.0,0.0,0.0,0.0,0.0,0.0,0.0,0.0,0.0
Q1A3R1,2,62,S,test,2,0.0,0.0,1.0,0.0,0.0,0.0,0.0,0.0,0.0,0.0
Q1ECF5,1,205,S,test,1,0.3830914272289102,0.6169085727710898,0.0,0.0,0.0,0.0,0.0,0.0,0.0,0.0
Q1EHB4,4,618,M,test,4,0.0,0.0,0.0,0.0,1.0,0.0,0.0,0.0,0.0,0.0
Q1EJP5,2,73,S,test,2,0.0,0.0,1.0,0.0,0.0,0.0,0.0,0.0,0.0,0.0
Q1G3I2,0,117,U,test,0,0.5888684450004906,0.20785906102951768,0.0,0.20327249396999167,0.0,0.0,0.0,0.0,0.0,0.0
Q1G7G9,1,1523,S,test,0,0.7207729889234359,0.27922701107656417,0.0,0.0,0.0,0.0,0.0,0.0,0.0,0.0
Q1HG44,5,320,M,test,5,0.0,0.0,0.0,0.0,0.24308820126571223,0.5713476440068229,0.0,0.0,0.18556415472746485,0.0
Q1K8F6,3,712,U,test,3,0.0,0.20829842721082859,0.0,0.7917015727891714,0.0,0.0,0.0,0.0,0.0,0.0
Q1MTQ5,5,396,M,test,4,0.22039403548108716,0.0,0.0,0.0,0.5880272762092715,0.0,0.0,0.0,0.1915786883096413,0.0
Q1MX22,2,177,S,test,2,0.0,0.0,1.0,0.0,0.0,0.0,0.0,0.0,0.0,0.0
Q1PFN9,1,564,S,test,1,0.40272160252095035,0.5972783974790498,0.0,0.0,0.0,0.0,0.0,0.0,0.0,0.0
Q1T7F1,1,81,S,test,0,0.8160983647451929,0.0,0.0,0.0,0.0,0.1839016352548071,0.0,0.0,0.0,0.0
Q20374,1,833,S,test,1,0.3662476766534123,0.6337523233465877,0.0,0.0,0.0,0.0,0.0,0.0,0.0,0.0
Q20748,3,595,M,test,1,0.3760354209534053,0.4382519836554027,0.0,0.18571259539119195,0.0,0.0,0.0,0.0,0.0,0.0
Q22866,1,284,S,test,1,0.0,0.5913859788501069,0.0,0.0,0.0,0.0,0.0,0.4086140211498931,0.0,0.0
Q23255,0,728,U,test,0,1.0,0.0,0.0,0.0,0.0,0.0,0.0,0.0,0.0,0.0
Q23498,2,618,S,test,2,0.0,0.0,0.5908849490265072,0.0,0.0,0.0,0.0,0.0,0.4091150509734928,0.0
Q23917,1,793,S,test,1,0.20662126441026935,0.601037609715617,0.0,0.0,0.0,0.0,0.0,0.0,0.19234112587411364,0.0
Q24142,0,601,U,test,0,1.0,0.0,0.0,0.0,0.0,0.0,0.0,0.0,0.0,0.0
Q24JJ9,0,361,U,test,0,0.8057865807359046,0.0,0.0,0.0,0.0,0.19421341926409538,0.0,0.0,0.0,0.0
Q27249,1,256,S,test,7,0.0,0.41161710343136554,0.0,0.0,0.0,0.0,0.0,0.5883828965686344,0.0,0.0
Q27289,2,259,S,test,2,0.0,0.0,1.0,0.0,0.0,0.0,0.0,0.0,0.0,0.0
Q27511,0,140,U,test,0,1.0,0.0,0.0,0.0,0.0,0.0,0.0,0.0,0.0,0.0
Q27908,2,447,S,test,2,0.0,0.0,0.8764170769949405,0.0,0.0,0.0,0.0,0.0,0.12358292300505946,0.0
Q28298,5,1534,M,test,1,0.17909833941121503,0.6165773182385795,0.0,0.0,0.0,0.0,0.0,0.2043243423502055,0.0,0.0
Q28388,2,180,S,test,2,0.0,0.0,1.0,0.0,0.0,0.0,0.0,0.0,0.0,0.0
Q2HJF1,3,112,U,test,3,0.0,0.21351142584308055,0.0,0.4004564481440733,0.0,0.0,0.38603212601284603,0.0,0.0,0.0
Q2KIX7,2,212,S,test,2,0.0,0.0,1.0,0.0,0.0,0.0,0.0,0.0,0.0,0.0
Q2L4Q9,2,553,S,test,2,0.0,0.0,0.6235742738981884,0.0,0.3764257261018116,0.0,0.0,0.0,0.0,0.0
Q2M2Z5,1,673,S,test,0,0.7390194605036219,0.2609805394963781,0.0,0.0,0.0,0.0,0.0,0.0,0.0,0.0
Q2PFD7,4,1037,M,test,1,0.20719219354252066,0.6004942788408074,0.0,0.0,0.0,0.19231352761667192,0.0,0.0,0.0,0.0
Q2QX40,0,465,U,test,0,1.0,0.0,0.0,0.0,0.0,0.0,0.0,0.0,0.0,0.0
Q2TAA5,5,492,M,test,5,0.0,0.0,0.0,0.39108358868024246,0.0,0.6089164113197576,0.0,0.0,0.0,0.0
Q2TBR2,3,149,U,test,1,0.0,0.6073440763005439,0.0,0.39265592369945607,0.0,0.0,0.0,0.0,0.0,0.0
Q2U1F3,2,377,S,test,2,0.0,0.20276571979888494,0.7972342802011151,0.0,0.0,0.0,0.0,0.0,0.0,0.0
Q2ULM2,2,496,S,test,2,0.0,0.0,0.8080368796049933,0.0,0.0,0.0,0.0,0.0,0.19196312039500682,0.0
Q2VWH6,0,458,U,test,0,1.0,0.0,0.0,0.0,0.0,0.0,0.0,0.0,0.0,0.0
Q2WFL8,5,288,M,test,4,0.0,0.0,0.0,0.0,0.6495066357085559,0.35049336429144407,0.0,0.0,0.0,0.0
Q2YDF6,3,325,U,test,3,0.0,0.0,0.0,1.0,0.0,0.0,0.0,0.0,0.0,0.0
Q32MW3,3,439,U,test,3,0.0,0.24478241000562098,0.0,0.38405908876669137,0.19009235110690992,0.1810661501207777,0.0,0.0,0.0,0.0
Q32NK7,0,271,U,test,0,1.0,0.0,0.0,0.0,0.0,0.0,0.0,0.0,0.0,0.0
Q38819,0,450,U,test,0,1.0,0.0,0.0,0.0,0.0,0.0,0.0,0.0,0.0,0.0
Q38898,5,802,M,test,4,0.0,0.0,0.0,0.0,1.0,0.0,0.0,0.0,0.0,0.0
Q38998,4,857,M,test,4,0.0,0.0,0.0,0.0,1.0,0.0,0.0,0.0,0.0,0.0
Q39002,6,624,M,test,6,0.0,0.0,0.0,0.0,0.0,0.0,1.0,0.0,0.0,0.0
Q39044,8,486,U,test,5,0.0,0.0,0.396558235889543,0.0,0.0,0.40127933669878824,0.0,0.20216242741166884,0.0,0.0
Q39119,8,494,U,test,5,0.0,0.0,0.3889816222665438,0.0,0.0,0.40983161251739103,0.0,0.20118676521606502,0.0,0.0
Q39238,0,688,U,test,1,0.38300476997672533,0.42376160470602786,0.0,0.0,0.19323362531724697,0.0,0.0,0.0,0.0,0.0
Q39250,1,139,S,test,1,0.39009121921455353,0.6099087807854464,0.0,0.0,0.0,0.0,0.0,0.0,0.0,0.0
Q3C1E9,0,204,U,test,1,0.43980618550212475,0.5601938144978752,0.0,0.0,0.0,0.0,0.0,0.0,0.0,0.0
Q3E705,0,233,U,test,0,1.0,0.0,0.0,0.0,0.0,0.0,0.0,0.0,0.0,0.0
Q3E754,1,87,S,test,0,0.5930347745923048,0.20583633179327848,0.0,0.20112889361441677,0.0,0.0,0.0,0.0,0.0,0.0
Q3E769,1,90,S,test,0,0.42192013093395214,0.18499092779301,0.0,0.21010922776668395,0.0,0.0,0.0,0.0,0.18297971350635384,0.0
Q3E785,3,79,S,test,3,0.18616647696526636,0.0,0.0,0.8138335230347337,0.0,0.0,0.0,0.0,0.0,0.0
Q3E792,1,108,S,test,0,1.0,0.0,0.0,0.0,0.0,0.0,0.0,0.0,0.0,0.0
Q3E7B6,8,73,M,test,7,0.0,0.0,0.0,0.0,0.20747628219837863,0.19200661801594937,0.0,0.600517099785672,0.0,0.0
Q3E7X9,1,67,S,test,0,0.6027037086829237,0.0,0.0,0.0,0.0,0.0,0.3972962913170763,0.0,0.0,0.0
Q3E823,3,68,M,test,2,0.0,0.0,0.6087359083093531,0.19975321520049535,0.1915108764901516,0.0,0.0,0.0,0.0,0.0
Q3EBR6,6,529,U,test,6,0.0,0.0,0.0,0.0,0.0,0.0,1.0,0.0,0.0,0.0
Q3EDG5,7,500,M,test,7,0.0,0.0,0.0,0.0,0.0,0.0,0.0,1.0,0.0,0.0
Q3KQU3,1,841,S,test,0,0.41914565585235897,0.39298225272034054,0.1878720914273006,0.0,0.0,0.0,0.0,0.0,0.0,0.0
Q3KRE0,3,591,M,test,0,0.3800179932643255,0.2425838979408314,0.0,0.37739810879484315,0.0,0.0,0.0,0.0,0.0,0.0
Q3MIR4,4,351,M,test,4,0.0,0.0,0.0,0.0,0.6276853634247188,0.3723146365752812,0.0,0.0,0.0,0.0
Q3SY69,3,923,U,test,3,0.0,0.0,0.0,1.0,0.0,0.0,0.0,0.0,0.0,0.0
Q3SYS1,3,178,U,test,3,0.0,0.18305789329272876,0.0,0.8169421067072712,0.0,0.0,0.0,0.0,0.0,0.0
Q3SZX9,1,391,S,test,1,0.17830665264384774,0.8216933473561523,0.0,0.0,0.0,0.0,0.0,0.0,0.0,0.0
Q3T0L3,3,172,U,test,3,0.0,0.15995482859404295,0.0,0.840045171405957,0.0,0.0,0.0,0.0,0.0,0.0
Q3TA38,0,339,M,test,5,0.0,0.0,0.0,0.0,0.0,0.8184651289563372,0.0,0.18153487104366287,0.0,0.0
Q3TRM4,5,1355,M,test,0,0.38844926876417646,0.3845382042040283,0.0,0.22701252703179534,0.0,0.0,0.0,0.0,0.0,0.0
Q3TTA7,1,982,S,test,1,0.3981103269093068,0.6018896730906932,0.0,0.0,0.0,0.0,0.0,0.0,0.0,0.0
Q3TYA6,0,858,U,test,0,0.8062303908544883,0.19376960914551164,0.0,0.0,0.0,0.0,0.0,0.0,0.0,0.0
Q3TZW7,1,114,S,test,0,0.4300270302321465,0.0,0.0,0.0,0.3840379000992739,0.0,0.0,0.0,0.0,0.18593506966857948
Q3U1F9,4,429,M,test,4,0.1844678676312797,0.0,0.0,0.0,0.8155321323687204,0.0,0.0,0.0,0.0,0.0
Q3UH93,4,1925,M,test,4,0.0,0.0,0.0,0.0,1.0,0.0,0.0,0.0,0.0,0.0
Q3UMU9,0,669,U,test,0,0.8066899937044297,0.1933100062955703,0.0,0.0,0.0,0.0,0.0,0.0,0.0,0.0
Q3UNX5,3,580,S,test,3,0.0,0.0,0.0,0.77470809840749,0.0,0.11878637069742708,0.10650553089508287,0.0,0.0,0.0
Q3UPP8,1,700,S,test,0,0.6290102733161538,0.0,0.0,0.0,0.0,0.0,0.0,0.3709897266838462,0.0,0.0
Q3YEE8,2,61,S,test,2,0.0,0.0,1.0,0.0,0.0,0.0,0.0,0.0,0.0,0.0
Q3YEE9,2,62,S,test,2,0.0,0.0,1.0,0.0,0.0,0.0,0.0,0.0,0.0,0.0
Q3YEH7,2,61,S,test,2,0.0,0.0,1.0,0.0,0.0,0.0,0.0,0.0,0.0,0.0
Q3ZBF7,1,160,S,test,1,0.0,1.0,0.0,0.0,0.0,0.0,0.0,0.0,0.0,0.0
Q3ZBI7,3,58,M,test,3,0.19020354606091242,0.0,0.0,0.8097964539390876,0.0,0.0,0.0,0.0,0.0,0.0
Q3ZCI1,3,114,M,test,5,0.0,0.0,0.0,0.0,0.2014576297842063,0.6254713623110849,0.0,0.0,0.17307100790470875,0.0
Q40161,2,630,S,test,1,0.21064316647103554,0.21934692647054765,0.19366854629416894,0.18832716357608265,0.18801419718816526,0.0,0.0,0.0,0.0,0.0
Q40424,6,503,M,test,6,0.0,0.0,0.0,0.0,0.0,0.0,1.0,0.0,0.0,0.0
Q40983,6,1257,S,test,6,0.0,0.0,0.0,0.0,0.0,0.0,1.0,0.0,0.0,0.0
Q41738,6,354,U,test,6,0.0,0.0,0.0,0.0,0.0,0.0,1.0,0.0,0.0,0.0
Q41739,6,354,U,test,6,0.0,0.0,0.0,0.0,0.0,0.0,1.0,0.0,0.0,0.0
Q42191,3,429,M,test,3,0.0,0.0,0.0,1.0,0.0,0.0,0.0,0.0,0.0,0.0
Q42290,3,531,U,test,3,0.0,0.0,0.0,1.0,0.0,0.0,0.0,0.0,0.0,0.0
Q42342,5,134,M,test,1,0.18880151312805538,0.433104153593687,0.0,0.18381038872984062,0.0,0.19428394454841688,0.0,0.0,0.0,0.0
Q42512,6,139,S,test,6,0.0,0.0,0.0,0.18891633239152633,0.0,0.0,0.8110836676084737,0.0,0.0,0.0
Q42599,3,222,U,test,3,0.20428328371775029,0.0,0.0,0.7957167162822498,0.0,0.0,0.0,0.0,0.0,0.0
Q43386,0,204,U,test,0,0.8046872321247492,0.1953127678752507,0.0,0.0,0.0,0.0,0.0,0.0,0.0,0.0
Q43725,3,430,U,test,6,0.0,0.0,0.0,0.15648659556795969,0.0,0.0,0.8435134044320403,0.0,0.0,0.0
Q49B93,4,619,M,test,4,0.0,0.0,0.0,0.0,1.0,0.0,0.0,0.0,0.0,0.0
Q4JL84,0,235,U,test,0,1.0,0.0,0.0,0.0,0.0,0.0,0.0,0.0,0.0,0.0
Q4R1C4,2,892,S,test,2,0.0,0.0,1.0,0.0,0.0,0.0,0.0,0.0,0.0,0.0
Q4TTV7,2,274,S,test,2,0.0,0.0,1.0,0.0,0.0,0.0,0.0,0.0,0.0,0.0
Q4W6B5,3,469,M,test,3,0.0,0.0,0.0,1.0,0.0,0.0,0.0,0.0,0.0,0.0
Q4WZ11,2,87,S,test,3,0.0,0.0,0.4008088126012649,0.5991911873987352,0.0,0.0,0.0,0.0,0.0,0.0
Q4ZJN1,2,333,S,test,2,0.0,0.0,0.6303327347164056,0.0,0.36966726528359445,0.0,0.0,0.0,0.0,0.0
Q500W4,1,213,S,test,1,0.38831777527488226,0.6116822247251178,0.0,0.0,0.0,0.0,0.0,0.0,0.0,0.0
Q501B2,0,409,U,test,0,1.0,0.0,0.0,0.0,0.0,0.0,0.0,0.0,0.0,0.0
Q53EK2,0,232,U,test,0,0.5965970886787162,0.40340291132128386,0.0,0.0,0.0,0.0,0.0,0.0,0.0,0.0
Q53HC0,1,331,S,test,0,0.6132986066341544,0.1920832183134616,0.0,0.0,0.0,0.1946181750523841,0.0,0.0,0.0,0.0
Q53R12,4,229,M,test,4,0.0,0.0,0.0,0.0,0.6012339015868754,0.0,0.0,0.20635984383488787,0.19240625457823674,0.0
Q53R41,3,847,U,test,3,0.0,0.3895832302157884,0.0,0.41588925061164866,0.0,0.0,0.0,0.1945275191725629,0.0,0.0
Q53WJ1,0,1238,U,test,0,1.0,0.0,0.0,0.0,0.0,0.0,0.0,0.0,0.0,0.0
Q54ER9,0,602,U,test,0,0.5913242601188758,0.21288410467845645,0.0,0.0,0.19579163520266785,0.0,0.0,0.0,0.0,0.0
Q54J33,8,407,M,test,5,0.0,0.19076901183811312,0.0,0.0,0.0,0.6012188984521798,0.0,0.0,0.20801208970970697,0.0
Q54JH4,8,388,M,test,5,0.0,0.0,0.0,0.0,0.0,0.404956021129042,0.0,0.19969113629119908,0.3953528425797589,0.0
Q54NL4,5,403,M,test,8,0.0,0.0,0.0,0.1976541851874759,0.1931235658266266,0.2041361165280797,0.0,0.18539769371275922,0.2196884387450586,0.0
Q54QR9,1,584,S,test,0,0.5860165729450936,0.2177622536988745,0.0,0.0,0.0,0.0,0.0,0.0,0.19622117335603195,0.0
Q54RP0,1,648,S,test,1,0.0,0.8106099173499957,0.0,0.18939008265000443,0.0,0.0,0.0,0.0,0.0,0.0
Q54RR8,1,254,S,test,0,0.8119794397612982,0.1880205602387019,0.0,0.0,0.0,0.0,0.0,0.0,0.0,0.0
Q553Y0,8,368,M,test,5,0.0,0.0,0.0,0.0,0.19204586759367076,0.4225680954450505,0.0,0.19264373157856618,0.19274230538271264,0.0
Q553Y1,8,369,M,test,5,0.0,0.0,0.0,0.0,0.1960355782947098,0.6085378863579004,0.0,0.1954265353473898,0.0,0.0
Q55D99,1,1197,S,test,1,0.0,1.0,0.0,0.0,0.0,0.0,0.0,0.0,0.0,0.0
Q55P57,2,624,S,test,2,0.0,0.0,1.0,0.0,0.0,0.0,0.0,0.0,0.0,0.0
Q569K4,0,471,U,test,0,1.0,0.0,0.0,0.0,0.0,0.0,0.0,0.0,0.0,0.0
Q569Z6,0,951,S,test,0,1.0,0.0,0.0,0.0,0.0,0.0,0.0,0.0,0.0,0.0
Q56WN1,1,356,S,test,1,0.0,0.7929362831789735,0.0,0.0,0.0,0.0,0.0,0.0,0.0,0.20706371682102664
Q56X52,6,351,M,test,6,0.0,0.0,0.0,0.0,0.0,0.0,1.0,0.0,0.0,0.0
Q582G4,1,390,S,test,0,0.5981589101191307,0.40184108988086925,0.0,0.0,0.0,0.0,0.0,0.0,0.0,0.0
Q58A45,1,887,S,test,0,0.4046766885182945,0.38790083440858225,0.0,0.0,0.20742247707312325,0.0,0.0,0.0,0.0,0.0
Q58FA4,0,860,U,test,0,0.8742002680249483,0.12579973197505162,0.0,0.0,0.0,0.0,0.0,0.0,0.0,0.0
Q58WW2,0,860,U,test,0,0.809133845828081,0.19086615417191904,0.0,0.0,0.0,0.0,0.0,0.0,0.0,0.0
Q59E36,0,590,U,test,0,0.808118506945182,0.19188149305481808,0.0,0.0,0.0,0.0,0.0,0.0,0.0,0.0
Q59L72,4,384,M,test,2,0.0,0.0,0.8163756873235967,0.0,0.0,0.18362431267640336,0.0,0.0,0.0,0.0
Q59NP1,4,251,M,test,4,0.0,0.0,0.0,0.0,0.3739270755503396,0.36154241607421606,0.0,0.0,0.2645305083754444,0.0
Q59SF7,2,346,S,test,2,0.0,0.2042771145273194,0.6015920820557462,0.0,0.1941308034169345,0.0,0.0,0.0,0.0,0.0
Q59WG7,5,322,M,test,5,0.0,0.0,0.0,0.0,0.0,0.8091500475521153,0.0,0.19084995244788477,0.0,0.0
Q59YT1,4,504,M,test,4,0.0,0.0,0.0,0.0,0.6175565688790148,0.0,0.0,0.0,0.3824434311209852,0.0
Q5A6P6,4,509,M,test,4,0.0,0.0,0.0,0.0,0.614331764277097,0.0,0.0,0.0,0.38566823572290304,0.0
Q5A960,0,833,U,test,1,0.38642045334867703,0.4303980872388466,0.0,0.0,0.0,0.0,0.0,0.18318145941247638,0.0,0.0
Q5A961,1,690,S,test,1,0.0,1.0,0.0,0.0,0.0,0.0,0.0,0.0,0.0,0.0
Q5AB48,2,358,S,test,2,0.0,0.0,1.0,0.0,0.0,0.0,0.0,0.0,0.0,0.0
Q5ABZ2,0,534,U,test,0,1.0,0.0,0.0,0.0,0.0,0.0,0.0,0.0,0.0,0.0
Q5BD29,2,555,S,test,2,0.0,0.0,1.0,0.0,0.0,0.0,0.0,0.0,0.0,0.0
Q5CPU3,1,152,S,test,1,0.0,1.0,0.0,0.0,0.0,0.0,0.0,0.0,0.0,0.0
Q5D869,0,1976,U,test,0,0.7856209757910708,0.0,0.0,0.0,0.21437902420892924,0.0,0.0,0.0,0.0,0.0
Q5DTL9,4,1118,M,test,4,0.0,0.0,0.0,0.0,1.0,0.0,0.0,0.0,0.0,0.0
Q5DW34,0,1296,U,test,0,0.8377701118253016,0.16222988817469838,0.0,0.0,0.0,0.0,0.0,0.0,0.0,0.0
Q5E930,4,385,M,test,4,0.0,0.0,0.0,0.0,1.0,0.0,0.0,0.0,0.0,0.0
Q5EA95,1,429,S,test,0,0.6339362326530846,0.1768866908169143,0.0,0.0,0.18917707653000113,0.0,0.0,0.0,0.0,0.0
Q5EU90,3,539,U,test,6,0.0,0.18077137948773153,0.0,0.21424768394888302,0.0,0.0,0.6049809365633856,0.0,0.0,0.0
Q5EXX3,0,1203,U,test,0,1.0,0.0,0.0,0.0,0.0,0.0,0.0,0.0,0.0,0.0
Q5FW60,2,181,S,test,2,0.0,0.0,0.8385125309265052,0.0,0.0,0.16148746907349476,0.0,0.0,0.0,0.0
Q5FW85,2,670,S,test,4,0.0,0.0,0.2227108445944945,0.0,0.7772891554055055,0.0,0.0,0.0,0.0,0.0
Q5FWF5,0,840,U,test,0,0.8196091330603791,0.18039086693962098,0.0,0.0,0.0,0.0,0.0,0.0,0.0,0.0
Q5FWP4,0,625,U,test,0,0.8023047740013791,0.0,0.0,0.0,0.19769522599862094,0.0,0.0,0.0,0.0,0.0
Q5FWY4,0,821,U,test,0,1.0,0.0,0.0,0.0,0.0,0.0,0.0,0.0,0.0,0.0
Q5HYJ3,0,339,U,test,0,0.791476488104616,0.20852351189538404,0.0,0.0,0.0,0.0,0.0,0.0,0.0,0.0
Q5HZG4,0,932,U,test,0,1.0,0.0,0.0,0.0,0.0,0.0,0.0,0.0,0.0,0.0
Q5HZV9,0,360,U,test,1,0.388568855877697,0.4172444475873366,0.0,0.0,0.19418669653496648,0.0,0.0,0.0,0.0,0.0
Q5JNS0,0,379,U,test,0,1.0,0.0,0.0,0.0,0.0,0.0,0.0,0.0,0.0,0.0
Q5JRA6,5,1907,M,test,0,1.0,0.0,0.0,0.0,0.0,0.0,0.0,0.0,0.0,0.0
Q5JTZ9,3,985,U,test,3,0.3834293679732924,0.1861632016564334,0.0,0.4304074303702742,0.0,0.0,0.0,0.0,0.0,0.0
Q5JVL4,1,640,S,test,0,0.6081128569422652,0.3918871430577348,0.0,0.0,0.0,0.0,0.0,0.0,0.0,0.0
Q5K4E3,2,855,S,test,2,0.0,0.0,0.5928931857502285,0.0,0.4071068142497715,0.0,0.0,0.0,0.0,0.0
Q5MPP0,5,372,M,test,5,0.0,0.0,0.19059091549930385,0.0,0.0,0.8094090845006962,0.0,0.0,0.0,0.0
Q5N712,0,1286,U,test,0,0.8132698471570327,0.1867301528429674,0.0,0.0,0.0,0.0,0.0,0.0,0.0,0.0
Q5NCS9,3,454,M,test,4,0.14426354903537422,0.0,0.0,0.17371101736075623,0.5391793097986407,0.14284612380522885,0.0,0.0,0.0,0.0
Q5QHG5,2,373,S,test,2,0.0,0.0,1.0,0.0,0.0,0.0,0.0,0.0,0.0,0.0
Q5QHG6,2,495,S,test,2,0.0,0.0,1.0,0.0,0.0,0.0,0.0,0.0,0.0,0.0
Q5QNQ9,2,1845,S,test,4,0.0,0.0,0.3495590215991831,0.0,0.6504409784008168,0.0,0.0,0.0,0.0,0.0
Q5RJM1,5,330,M,test,5,0.0,0.0,0.0,0.0,0.0,1.0,0.0,0.0,0.0,0.0
Q5RLM2,4,535,M,test,4,0.0,0.0,0.0,0.0,0.6288294313042055,0.0,0.0,0.0,0.37117056869579446,0.0
Q5S003,1,2320,S,test,0,0.804523469137612,0.0,0.0,0.19547653086238806,0.0,0.0,0.0,0.0,0.0,0.0
Q5SML5,0,696,U,test,0,0.7943023958744172,0.2056976041255828,0.0,0.0,0.0,0.0,0.0,0.0,0.0,0.0
Q5SNT2-2,0,392,M,test,0,0.5851063759987071,0.21523192347660744,0.0,0.19966170052468546,0.0,0.0,0.0,0.0,0.0,0.0
Q5SUE7,0,619,U,test,0,0.8078443216223108,0.1921556783776893,0.0,0.0,0.0,0.0,0.0,0.0,0.0,0.0
Q5SWZ9,3,221,M,test,3,0.0,0.0,0.0,0.4163273377152595,0.0,0.397618321271822,0.0,0.18605434101291857,0.0,0.0
Q5T2S8,1,1044,S,test,1,0.378789559305115,0.6212104406948851,0.0,0.0,0.0,0.0,0.0,0.0,0.0,0.0
Q5T7N3,1,995,S,test,1,0.0,0.7449547250187625,0.0,0.0,0.0,0.2550452749812376,0.0,0.0,0.0,0.0
Q5T8A7,0,1209,U,test,0,0.728137571142381,0.2718624288576191,0.0,0.0,0.0,0.0,0.0,0.0,0.0,0.0
Q5T9A4,3,648,M,test,1,0.4048372397096818,0.5951627602903182,0.0,0.0,0.0,0.0,0.0,0.0,0.0,0.0
Q5TB30,0,811,U,test,0,0.8081223869147105,0.19187761308528958,0.0,0.0,0.0,0.0,0.0,0.0,0.0,0.0
Q5TCY1,1,1321,S,test,1,0.17525035629016095,0.824749643709839,0.0,0.0,0.0,0.0,0.0,0.0,0.0,0.0
Q5TEU4,3,345,M,test,3,0.0,0.0,0.0,1.0,0.0,0.0,0.0,0.0,0.0,0.0
Q5TGU0,5,170,M,test,4,0.0,0.0,0.0,0.0,0.6229806281216118,0.37701937187838813,0.0,0.0,0.0,0.0
Q5TGZ0,3,78,M,test,3,0.0,0.0,0.0,1.0,0.0,0.0,0.0,0.0,0.0,0.0
Q5TZA2,1,2017,S,test,1,0.22045073209889837,0.7795492679011017,0.0,0.0,0.0,0.0,0.0,0.0,0.0,0.0
Q5U3Z0,1,290,S,test,1,0.1900563290365283,0.6082701770535244,0.0,0.0,0.0,0.0,0.0,0.20167349390994732,0.0,0.0
Q5U4F6,1,535,S,test,0,0.8152915164487504,0.1847084835512496,0.0,0.0,0.0,0.0,0.0,0.0,0.0,0.0
Q5U5X0,3,104,S,test,3,0.220035285687885,0.0,0.0,0.779964714312115,0.0,0.0,0.0,0.0,0.0,0.0
Q5VT66,3,337,M,test,3,0.0,0.0,0.0,0.7940293102154974,0.0,0.20597068978450267,0.0,0.0,0.0,0.0
Q5VTD9,0,330,U,test,0,1.0,0.0,0.0,0.0,0.0,0.0,0.0,0.0,0.0,0.0
Q5VWG9,0,929,U,test,0,1.0,0.0,0.0,0.0,0.0,0.0,0.0,0.0,0.0,0.0
Q5VWK5,4,629,M,test,4,0.0,0.0,0.0,0.0,1.0,0.0,0.0,0.0,0.0,0.0
Q5VYS4,1,303,S,test,0,0.5878435272346797,0.41215647276532025,0.0,0.0,0.0,0.0,0.0,0.0,0.0,0.0
Q5W7F2,7,827,U,test,1,0.0,0.8156356371679118,0.0,0.0,0.0,0.0,0.0,0.18436436283208826,0.0,0.0
Q5XEN5,0,204,U,test,0,0.8631214564129776,0.13687854358702248,0.0,0.0,0.0,0.0,0.0,0.0,0.0,0.0
Q5XF06,3,469,M,test,3,0.0,0.0,0.0,0.7962811300778465,0.0,0.20371886992215354,0.0,0.0,0.0,0.0
Q5XF36,5,416,M,test,8,0.0,0.0,0.0,0.0,0.19429851944848536,0.2004795485636435,0.0,0.0,0.6052219319878711,0.0
Q5XIX0,5,703,M,test,0,1.0,0.0,0.0,0.0,0.0,0.0,0.0,0.0,0.0,0.0
Q5XM24,2,494,S,test,2,0.0,0.0,0.7864674167358594,0.0,0.0,0.21353258326414068,0.0,0.0,0.0,0.0
Q5YGP7,0,568,U,test,0,1.0,0.0,0.0,0.0,0.0,0.0,0.0,0.0,0.0,0.0
Q5ZIH3,7,460,M,test,0,0.3977581477120573,0.0,0.0,0.0,0.19607543862242824,0.20688806977600258,0.0,0.1992783438895119,0.0,0.0
Q5ZLF4,7,770,M,test,8,0.0,0.0,0.0,0.0,0.0,0.38871533778592154,0.0,0.0,0.6112846622140785,0.0
Q60547,0,234,U,test,1,0.0,1.0,0.0,0.0,0.0,0.0,0.0,0.0,0.0,0.0
Q60848,0,821,U,test,0,0.8128538409812308,0.18714615901876927,0.0,0.0,0.0,0.0,0.0,0.0,0.0,0.0
Q60954,0,390,U,test,0,1.0,0.0,0.0,0.0,0.0,0.0,0.0,0.0,0.0,0.0
Q61043,1,2035,S,test,1,0.0,1.0,0.0,0.0,0.0,0.0,0.0,0.0,0.0,0.0
Q61048,0,376,U,test,0,1.0,0.0,0.0,0.0,0.0,0.0,0.0,0.0,0.0,0.0
Q61074,0,542,M,test,0,1.0,0.0,0.0,0.0,0.0,0.0,0.0,0.0,0.0,0.0
Q61112,7,361,S,test,2,0.0,0.0,0.5994678582544581,0.0,0.0,0.4005321417455418,0.0,0.0,0.0,0.0
Q61477,2,178,S,test,2,0.0,0.0,1.0,0.0,0.0,0.0,0.0,0.0,0.0,0.0
Q61595,5,1327,M,test,0,0.587480255537514,0.0,0.0,0.0,0.0,0.0,0.0,0.41251974446248596,0.0,0.0
Q61606,4,485,M,test,4,0.0,0.0,0.0,0.0,1.0,0.0,0.0,0.0,0.0,0.0
Q62018,0,1173,U,test,0,0.8136545522170515,0.18634544778294843,0.0,0.0,0.0,0.0,0.0,0.0,0.0,0.0
Q62233,0,333,U,test,0,0.4844518331427659,0.3395750520336619,0.0,0.0,0.0,0.17597311482357222,0.0,0.0,0.0,0.0
Q62315,0,1234,U,test,0,0.8009162042369824,0.19908379576301768,0.0,0.0,0.0,0.0,0.0,0.0,0.0,0.0
Q62414,0,383,U,test,0,1.0,0.0,0.0,0.0,0.0,0.0,0.0,0.0,0.0,0.0
Q62504,0,3644,U,test,0,1.0,0.0,0.0,0.0,0.0,0.0,0.0,0.0,0.0,0.0
Q63089,4,556,M,test,8,0.0,0.0,0.0,0.0,0.4107532798687253,0.0,0.0,0.0,0.5892467201312748,0.0
Q63262,0,497,U,test,0,1.0,0.0,0.0,0.0,0.0,0.0,0.0,0.0,0.0,0.0
Q63520,0,257,U,test,1,0.0,0.8053836324057669,0.0,0.0,0.0,0.0,0.0,0.19461636759423304,0.0,0.0
Q63707,3,395,M,test,9,0.1988114548320334,0.19858895778537106,0.0,0.0,0.0,0.0,0.0,0.0,0.0,0.6025995873825956
Q640Q5,1,837,S,test,4,0.19348342479532715,0.3974780402792185,0.0,0.0,0.40903853492545444,0.0,0.0,0.0,0.0,0.0
Q642G2,2,206,S,test,2,0.0,0.0,1.0,0.0,0.0,0.0,0.0,0.0,0.0,0.0
Q64368,1,298,S,test,0,0.5562075080027306,0.4437924919972695,0.0,0.0,0.0,0.0,0.0,0.0,0.0,0.0
Q65YR7,1,95,S,test,2,0.0,0.0,1.0,0.0,0.0,0.0,0.0,0.0,0.0,0.0
Q65YR8,1,94,S,test,2,0.0,0.0,1.0,0.0,0.0,0.0,0.0,0.0,0.0,0.0
Q66K79,2,652,S,test,5,0.0,0.0,0.4113032248883945,0.0,0.0,0.5886967751116056,0.0,0.0,0.0,0.0
Q66S17,2,364,S,test,2,0.0,0.0,1.0,0.0,0.0,0.0,0.0,0.0,0.0,0.0
Q66S21,2,376,S,test,2,0.0,0.0,1.0,0.0,0.0,0.0,0.0,0.0,0.0,0.0
Q66S25,2,355,S,test,2,0.0,0.0,1.0,0.0,0.0,0.0,0.0,0.0,0.0,0.0
Q67FY2,0,1494,U,test,0,1.0,0.0,0.0,0.0,0.0,0.0,0.0,0.0,0.0,0.0
Q67Y93,0,191,S,test,0,1.0,0.0,0.0,0.0,0.0,0.0,0.0,0.0,0.0,0.0
Q67ZM4,1,137,S,test,0,0.5948391326513677,0.4051608673486323,0.0,0.0,0.0,0.0,0.0,0.0,0.0,0.0
Q680Q4,0,884,U,test,0,0.7992656925840018,0.20073430741599824,0.0,0.0,0.0,0.0,0.0,0.0,0.0,0.0
Q681K7,4,593,M,test,0,0.3814798731531111,0.0,0.0,0.24532970485478744,0.0,0.18178112995848034,0.0,0.0,0.1914092920336211,0.0
Q681Y3,6,432,U,test,6,0.0,0.1935604455810971,0.0,0.1961056892136993,0.0,0.0,0.6103338652052036,0.0,0.0,0.0
Q684R7,2,2191,S,test,2,0.0,0.0,0.8033079031797321,0.0,0.19669209682026786,0.0,0.0,0.0,0.0,0.0
Q68CQ4,0,756,U,test,0,1.0,0.0,0.0,0.0,0.0,0.0,0.0,0.0,0.0,0.0
Q68CZ6,1,603,S,test,0,0.6087613649423315,0.39123863505766854,0.0,0.0,0.0,0.0,0.0,0.0,0.0,0.0
Q68E01,0,1043,U,test,0,0.8206046600376141,0.1793953399623859,0.0,0.0,0.0,0.0,0.0,0.0,0.0,0.0
Q68KK0,2,346,S,test,2,0.0,0.0,1.0,0.0,0.0,0.0,0.0,0.0,0.0,0.0
Q69IL4,0,380,U,test,0,1.0,0.0,0.0,0.0,0.0,0.0,0.0,0.0,0.0,0.0
Q69YI7,0,327,U,test,0,0.802690608267046,0.19730939173295398,0.0,0.0,0.0,0.0,0.0,0.0,0.0,0.0
Q69YN4,0,1812,S,test,0,0.7953370336655802,0.20466296633441988,0.0,0.0,0.0,0.0,0.0,0.0,0.0,0.0
Q6AT90,0,505,U,test,0,1.0,0.0,0.0,0.0,0.0,0.0,0.0,0.0,0.0,0.0
Q6AX31,0,660,M,test,0,0.8004286122783911,0.0,0.0,0.1995713877216089,0.0,0.0,0.0,0.0,0.0,0.0
Q6B4T4,2,105,S,test,2,0.0,0.0,1.0,0.0,0.0,0.0,0.0,0.0,0.0,0.0
Q6C7L6,3,237,U,test,3,0.0,0.0,0.0,1.0,0.0,0.0,0.0,0.0,0.0,0.0
Q6DJT9,0,500,U,test,0,1.0,0.0,0.0,0.0,0.0,0.0,0.0,0.0,0.0,0.0
Q6DRC5,0,1014,U,test,0,1.0,0.0,0.0,0.0,0.0,0.0,0.0,0.0,0.0,0.0
Q6DT37,1,1551,S,test,0,0.410988909345059,0.20354103522520747,0.0,0.38547005542973356,0.0,0.0,0.0,0.0,0.0,0.0
Q6E434,0,485,U,test,0,1.0,0.0,0.0,0.0,0.0,0.0,0.0,0.0,0.0,0.0
Q6EVK6,0,2193,U,test,1,0.37971922361456883,0.6202807763854311,0.0,0.0,0.0,0.0,0.0,0.0,0.0,0.0
Q6IWZ0,2,535,S,test,2,0.0,0.0,1.0,0.0,0.0,0.0,0.0,0.0,0.0,0.0
Q6J1Y9,5,1357,M,test,4,0.0,0.3932129046564453,0.0,0.0,0.6067870953435547,0.0,0.0,0.0,0.0,0.0
Q6J5K9,1,1188,S,test,1,0.21533321649043435,0.7846667835095656,0.0,0.0,0.0,0.0,0.0,0.0,0.0,0.0
Q6J9Q2,0,348,U,test,0,1.0,0.0,0.0,0.0,0.0,0.0,0.0,0.0,0.0,0.0
Q6K1L7,0,188,U,test,0,1.0,0.0,0.0,0.0,0.0,0.0,0.0,0.0,0.0,0.0
Q6K8X6,0,688,U,test,0,0.7929567468227935,0.20704325317720654,0.0,0.0,0.0,0.0,0.0,0.0,0.0,0.0
Q6KCM7,3,469,M,test,3,0.0,0.0,0.0,0.79126312991385,0.0,0.0,0.2087368700861501,0.0,0.0,0.0
Q6L6S1,2,517,S,test,2,0.0,0.0,0.5995075291863967,0.0,0.0,0.21012678482193176,0.1903656859916716,0.0,0.0,0.0
Q6L9W6,7,998,M,test,5,0.0,0.0,0.0,0.0,0.0,0.6244801042033635,0.0,0.37551989579663647,0.0,0.0
Q6NLW5,0,300,U,test,0,0.8061535807998388,0.0,0.0,0.19384641920016119,0.0,0.0,0.0,0.0,0.0,0.0
Q6NNI3,0,190,U,test,0,1.0,0.0,0.0,0.0,0.0,0.0,0.0,0.0,0.0,0.0
Q6NPM8,6,346,U,test,6,0.0,0.0,0.0,0.0,0.0,0.0,1.0,0.0,0.0,0.0
Q6NPP4,0,1050,U,test,0,0.6410333961064227,0.3589666038935772,0.0,0.0,0.0,0.0,0.0,0.0,0.0,0.0
Q6NQ88,0,557,U,test,0,1.0,0.0,0.0,0.0,0.0,0.0,0.0,0.0,0.0,0.0
Q6NQ99,1,344,S,test,1,0.18806950761734667,0.6255194973471575,0.0,0.0,0.0,0.0,0.0,0.0,0.0,0.1864109950354958
Q6NSW7,0,305,U,test,0,0.8102233825675691,0.0,0.0,0.0,0.0,0.0,0.0,0.0,0.0,0.18977661743243102
Q6NUK1,3,477,M,test,3,0.0,0.0,0.0,0.7753007236297965,0.0,0.0,0.0,0.0,0.0,0.22469927637020348
Q6NVG5,4,214,M,test,1,0.20399295923738017,0.7960070407626199,0.0,0.0,0.0,0.0,0.0,0.0,0.0,0.0
Q6NWY9,0,871,U,test,0,1.0,0.0,0.0,0.0,0.0,0.0,0.0,0.0,0.0,0.0
Q6P050,1,247,S,test,0,0.4536423090002678,0.1822583648391986,0.0,0.0,0.36409932616053364,0.0,0.0,0.0,0.0,0.0
Q6PAL8,7,1287,M,test,1,0.0,1.0,0.0,0.0,0.0,0.0,0.0,0.0,0.0,0.0
Q6PEH4,0,753,U,test,0,1.0,0.0,0.0,0.0,0.0,0.0,0.0,0.0,0.0,0.0
Q6PGG6,0,577,U,test,0,0.8199125638002737,0.18008743619972636,0.0,0.0,0.0,0.0,0.0,0.0,0.0,0.0
Q6PHR2,1,472,S,test,0,0.8134632591353307,0.1865367408646693,0.0,0.0,0.0,0.0,0.0,0.0,0.0,0.0
Q6PIW4,0,674,U,test,0,1.0,0.0,0.0,0.0,0.0,0.0,0.0,0.0,0.0,0.0
Q6PIZ9,4,186,M,test,4,0.14610038218754004,0.0,0.0,0.0,0.6955632042978831,0.0,0.0,0.0,0.15833641351457692,0.0
Q6PQK2,2,205,S,test,2,0.0,0.0,1.0,0.0,0.0,0.0,0.0,0.0,0.0,0.0
Q6Q4D0,0,1311,S,test,1,0.0,0.796663852378202,0.0,0.0,0.0,0.0,0.0,0.20333614762179805,0.0,0.0
Q6QZN6,1,821,S,test,0,0.6251376240329218,0.37486237596707817,0.0,0.0,0.0,0.0,0.0,0.0,0.0,0.0
Q6R567,5,252,M,test,0,0.5591670346095825,0.44083296539041744,0.0,0.0,0.0,0.0,0.0,0.0,0.0,0.0
Q6RI88,4,1112,M,test,4,0.0,0.0,0.0,0.0,1.0,0.0,0.0,0.0,0.0,0.0
Q6S4P4,0,329,U,test,0,1.0,0.0,0.0,0.0,0.0,0.0,0.0,0.0,0.0,0.0
Q6SJQ0,4,318,M,test,4,0.0,0.0,0.0,0.0,1.0,0.0,0.0,0.0,0.0,0.0
Q6STE5,0,483,U,test,0,0.6041676498295072,0.20104210846942236,0.0,0.0,0.1947902417010705,0.0,0.0,0.0,0.0,0.0
Q6T264,0,1020,U,test,0,1.0,0.0,0.0,0.0,0.0,0.0,0.0,0.0,0.0,0.0
Q6T6C1,2,107,S,test,2,0.0,0.0,0.7953017712128425,0.0,0.0,0.2046982287871576,0.0,0.0,0.0,0.0
Q6U6J0,5,461,M,test,2,0.0,0.1935724586043378,0.4012383757540082,0.19556405083809528,0.0,0.20962511480355872,0.0,0.0,0.0,0.0
Q6UN27,3,169,M,test,5,0.0,0.0,0.0,0.0,0.0,1.0,0.0,0.0,0.0,0.0
Q6UPR8,5,898,M,test,5,0.0,0.0,0.0,0.0,0.0,0.6069791882468939,0.0,0.3930208117531061,0.0,0.0
Q6UVM4,4,1142,M,test,4,0.18586347217596721,0.0,0.0,0.0,0.8141365278240328,0.0,0.0,0.0,0.0,0.0
Q6UW78,3,93,M,test,3,0.0,0.19930193592261453,0.0,0.8006980640773854,0.0,0.0,0.0,0.0,0.0,0.0
Q6UWY5,2,402,S,test,4,0.0,0.0,0.3928984148605189,0.0,0.6071015851394811,0.0,0.0,0.0,0.0,0.0
Q6UXZ4,4,953,M,test,2,0.1950669280402796,0.0,0.40983365852650094,0.0,0.19705491373146816,0.1980444997017514,0.0,0.0,0.0,0.0
Q6V9X0,2,132,S,test,2,0.0,0.0,1.0,0.0,0.0,0.0,0.0,0.0,0.0,0.0
Q6X4U4,2,206,S,test,2,0.0,0.0,1.0,0.0,0.0,0.0,0.0,0.0,0.0,0.0
Q6XE24,1,437,S,test,1,0.20407925359045237,0.7959207464095477,0.0,0.0,0.0,0.0,0.0,0.0,0.0,0.0
Q6ZP29,8,291,M,test,3,0.0,0.0,0.0,0.4216145144016862,0.3903518292289419,0.0,0.0,0.0,0.18803365636937192,0.0
Q6ZPV2,0,1559,U,test,0,0.8111487189556074,0.18885128104439264,0.0,0.0,0.0,0.0,0.0,0.0,0.0,0.0
Q6ZWS8,0,374,U,test,1,0.3759351455955924,0.4002589915117551,0.0,0.0,0.0,0.22380586289265242,0.0,0.0,0.0,0.0
Q704V3,0,163,U,test,0,1.0,0.0,0.0,0.0,0.0,0.0,0.0,0.0,0.0,0.0
Q70VB1,4,928,M,test,4,0.0,0.0,0.0,0.0,1.0,0.0,0.0,0.0,0.0,0.0
Q715S9,1,587,S,test,0,0.5999373490674649,0.40006265093253524,0.0,0.0,0.0,0.0,0.0,0.0,0.0,0.0
Q715T0,1,586,S,test,0,0.5957131391406625,0.20900432254302384,0.0,0.0,0.1952825383163138,0.0,0.0,0.0,0.0,0.0
Q71PD7,0,128,U,test,0,1.0,0.0,0.0,0.0,0.0,0.0,0.0,0.0,0.0,0.0
Q75J96,1,1055,S,test,1,0.0,0.8108680477160437,0.0,0.0,0.0,0.0,0.0,0.18913195228395624,0.0,0.0
Q769J6,2,1426,S,test,4,0.0,0.0,0.42865054557209675,0.0,0.5713494544279033,0.0,0.0,0.0,0.0,0.0
Q76CY5,1,286,S,test,0,0.568686314985033,0.43131368501496703,0.0,0.0,0.0,0.0,0.0,0.0,0.0,0.0
Q76DI2,2,481,S,test,2,0.0,0.0,0.8122645722590682,0.0,0.0,0.18773542774093185,0.0,0.0,0.0,0.0
Q76EJ3,7,337,M,test,7,0.0,0.0,0.0,0.0,0.0,0.192134895191736,0.0,0.8078651048082641,0.0,0.0
Q76LX8,2,1427,S,test,4,0.0,0.0,0.1920734168831188,0.0,0.606240784712239,0.0,0.0,0.0,0.20168579840464218,0.0
Q76MX4,0,189,U,test,0,0.8117660439562636,0.18823395604373644,0.0,0.0,0.0,0.0,0.0,0.0,0.0,0.0
Q76PC7,3,233,U,test,3,0.3886078000833224,0.0,0.0,0.6113921999166777,0.0,0.0,0.0,0.0,0.0,0.0
Q7K1V5,5,197,M,test,5,0.0,0.0,0.0,0.0,0.21162812811785545,0.4117642427967374,0.0,0.1878913179822596,0.18871631110314754,0.0
Q7K556,1,475,S,test,1,0.191114657375613,0.6171196794850087,0.0,0.0,0.0,0.19176566313937835,0.0,0.0,0.0,0.0
Q7KRI2,0,127,U,test,0,0.5667209163028541,0.43327908369714585,0.0,0.0,0.0,0.0,0.0,0.0,0.0,0.0
Q7KRW1,5,809,M,test,5,0.0,0.38397334920771825,0.0,0.19532791527650345,0.0,0.4206987355157784,0.0,0.0,0.0,0.0
Q7KTX8,0,2618,U,test,0,0.8210213575422249,0.0,0.0,0.0,0.0,0.17897864245777512,0.0,0.0,0.0,0.0
Q7L0Y3,3,403,S,test,0,0.8114908299501252,0.0,0.0,0.18850917004987475,0.0,0.0,0.0,0.0,0.0,0.0
Q7L266,1,308,S,test,1,0.0,0.7177395025896897,0.0,0.14423857170496626,0.0,0.0,0.13802192570534408,0.0,0.0,0.0
Q7L513,1,359,S,test,4,0.0,0.0,0.16966063889292832,0.0,0.8303393611070716,0.0,0.0,0.0,0.0,0.0
Q7L5A8,5,372,M,test,5,0.0,0.0,0.18476655525796826,0.0,0.16763972195718796,0.6475937227848437,0.0,0.0,0.0,0.0
Q7M6Y5,1,601,S,test,1,0.2158231815438517,0.7841768184561482,0.0,0.0,0.0,0.0,0.0,0.0,0.0,0.0
Q7PLI2,0,2077,U,test,0,0.808796134448092,0.19120386555190808,0.0,0.0,0.0,0.0,0.0,0.0,0.0,0.0
Q7RTR2,1,1065,S,test,1,0.0,0.7752010294349473,0.0,0.22479897056505269,0.0,0.0,0.0,0.0,0.0,0.0
Q7SIB8,6,102,M,test,6,0.0,0.14028319534060263,0.0,0.0,0.0,0.0,0.8597168046593974,0.0,0.0,0.0
Q7T0L4,0,329,U,test,0,0.8044556149721412,0.1955443850278588,0.0,0.0,0.0,0.0,0.0,0.0,0.0,0.0
Q7T0P4,1,441,S,test,1,0.0,0.8442814101772594,0.0,0.0,0.1557185898227405,0.0,0.0,0.0,0.0,0.0
Q7T3L1,2,294,S,test,2,0.0,0.0,1.0,0.0,0.0,0.0,0.0,0.0,0.0,0.0
Q7TMA4,4,361,M,test,4,0.0,0.0,0.0,0.0,1.0,0.0,0.0,0.0,0.0,0.0
Q7TN78,3,580,S,test,3,0.0,0.0,0.0,0.8171322234592584,0.0,0.0,0.08915589037354713,0.0,0.0,0.09371188616719456
Q7TSP2,1,1385,S,test,1,0.16671068865766472,0.8332893113423353,0.0,0.0,0.0,0.0,0.0,0.0,0.0,0.0
Q7X8R0,0,464,U,test,0,1.0,0.0,0.0,0.0,0.0,0.0,0.0,0.0,0.0,0.0
Q7XA78,6,264,U,test,6,0.0,0.0,0.0,0.0,0.0,0.19506410137807162,0.609706742148078,0.0,0.0,0.19522915647385045
Q7Y1W1,6,527,M,test,3,0.22294404703280407,0.0,0.0,0.5736863828118242,0.0,0.0,0.20336957015537177,0.0,0.0,0.0
Q7YR83,2,223,S,test,2,0.0,0.0,1.0,0.0,0.0,0.0,0.0,0.0,0.0,0.0
Q7YRU6,4,1106,M,test,4,0.18997994633124438,0.0,0.0,0.19208284528065261,0.6179372083881031,0.0,0.0,0.0,0.0,0.0
Q7Z2G1,0,175,M,test,0,1.0,0.0,0.0,0.0,0.0,0.0,0.0,0.0,0.0,0.0
Q7Z410,4,1059,M,test,2,0.0,0.0,0.6210265478430886,0.0,0.18674062533470678,0.0,0.0,0.19223282682220458,0.0,0.0
Q7Z443,4,1732,M,test,4,0.0,0.0,0.0,0.0,1.0,0.0,0.0,0.0,0.0,0.0
Q7Z589,0,1322,U,test,0,1.0,0.0,0.0,0.0,0.0,0.0,0.0,0.0,0.0,0.0
Q7Z7A1,1,2325,S,test,1,0.0,1.0,0.0,0.0,0.0,0.0,0.0,0.0,0.0,0.0
Q7Z7J5,0,298,U,test,0,1.0,0.0,0.0,0.0,0.0,0.0,0.0,0.0,0.0,0.0
Q7Z7L1,0,901,U,test,1,0.19728400072071525,0.8027159992792848,0.0,0.0,0.0,0.0,0.0,0.0,0.0,0.0
Q7ZVT3,1,627,S,test,1,0.4079919184806278,0.5920080815193722,0.0,0.0,0.0,0.0,0.0,0.0,0.0,0.0
Q7ZZH7,0,661,U,test,0,0.7627934049596076,0.2372065950403925,0.0,0.0,0.0,0.0,0.0,0.0,0.0,0.0
Q804Q5,0,430,U,test,0,0.8061314081086658,0.19386859189133424,0.0,0.0,0.0,0.0,0.0,0.0,0.0,0.0
Q80TD3,1,1108,S,test,0,0.7483903904596644,0.2516096095403356,0.0,0.0,0.0,0.0,0.0,0.0,0.0,0.0
Q80TT8,1,1865,S,test,1,0.0,1.0,0.0,0.0,0.0,0.0,0.0,0.0,0.0,0.0
Q80US8,0,206,U,test,1,0.39803898169917357,0.6019610183008265,0.0,0.0,0.0,0.0,0.0,0.0,0.0,0.0
Q80WM7,2,277,S,test,2,0.0,0.0,0.5593901089948077,0.0,0.4406098910051923,0.0,0.0,0.0,0.0,0.0
Q80WW9,5,315,U,test,0,0.7768930682684644,0.22310693173153562,0.0,0.0,0.0,0.0,0.0,0.0,0.0,0.0
Q80Z64,0,305,U,test,0,0.8015594576136585,0.0,0.0,0.0,0.0,0.0,0.0,0.0,0.0,0.1984405423863414
Q80Z96,4,526,M,test,1,0.0,0.7946582764620409,0.0,0.0,0.0,0.0,0.0,0.0,0.20534172353795913,0.0
Q80ZA5,4,1117,M,test,4,0.0,0.0,0.0,0.0,1.0,0.0,0.0,0.0,0.0,0.0
Q810U5,1,305,S,test,7,0.18957592052340413,0.0,0.0,0.19516216138677542,0.0,0.0,0.0,0.6152619180898204,0.0,0.0
Q84JH7,6,225,U,test,6,0.0,0.0,0.0,0.0,0.0,0.0,1.0,0.0,0.0,0.0
Q84K00,0,567,M,test,0,1.0,0.0,0.0,0.0,0.0,0.0,0.0,0.0,0.0,0.0
Q84L08,7,341,M,test,7,0.0,0.0,0.0,0.0,0.0,0.4437260121826162,0.0,0.5562739878173838,0.0,0.0
Q84LG2,0,389,U,test,0,1.0,0.0,0.0,0.0,0.0,0.0,0.0,0.0,0.0,0.0
Q84LH8,0,444,U,test,0,1.0,0.0,0.0,0.0,0.0,0.0,0.0,0.0,0.0,0.0
Q84LM2,8,497,U,test,5,0.0,0.19826069679263894,0.2003319613173707,0.0,0.0,0.4044430633730629,0.0,0.0,0.1969642785169273,0.0
Q84M97,4,742,M,test,4,0.0,0.0,0.0,0.0,0.6068337718277108,0.39316622817228913,0.0,0.0,0.0,0.0
Q84MM9,0,441,U,test,0,0.6032510768990402,0.2118564492304988,0.0,0.0,0.0,0.0,0.18489247387046107,0.0,0.0,0.0
Q84N48,6,611,S,test,0,0.4075258596106937,0.0,0.0,0.0,0.20334341648712467,0.0,0.3891307239021816,0.0,0.0,0.0
Q84N49,6,674,S,test,0,0.5766008277144568,0.0,0.0,0.0,0.0,0.0,0.4233991722855433,0.0,0.0,0.0
Q84P17,9,727,U,test,3,0.0,0.2247691221443835,0.0,0.5717030345908214,0.0,0.0,0.20352784326479512,0.0,0.0,0.0
Q84TH4,0,382,U,test,0,1.0,0.0,0.0,0.0,0.0,0.0,0.0,0.0,0.0,0.0
Q84VQ4,6,218,M,test,6,0.0,0.0,0.0,0.0,0.0,0.0,1.0,0.0,0.0,0.0
Q84WL6,1,338,S,test,0,0.8033890801633023,0.19661091983669765,0.0,0.0,0.0,0.0,0.0,0.0,0.0,0.0
Q84ZT9,1,202,S,test,0,0.5615621510532507,0.43843784894674925,0.0,0.0,0.0,0.0,0.0,0.0,0.0,0.0
Q868T3,4,495,M,test,4,0.0,0.0,0.0,0.0,1.0,0.0,0.0,0.0,0.0,0.0
Q86B79,1,599,S,test,1,0.4135506924550897,0.5864493075449103,0.0,0.0,0.0,0.0,0.0,0.0,0.0,0.0
Q86DA5,1,1000,S,test,0,0.3758660460350271,0.20592557565584324,0.0,0.229915268469124,0.0,0.0,0.0,0.0,0.1882931098400057,0.0
Q86IV5,2,258,S,test,2,0.0,0.21953439612373885,0.38079950227253784,0.20458944388158523,0.19507665772213822,0.0,0.0,0.0,0.0,0.0
Q86JM7,8,378,M,test,5,0.0,0.0,0.0,0.0,0.1976330716979356,0.40564384238114715,0.0,0.0,0.39672308592091726,0.0
Q86LE4,2,74,S,test,2,0.0,0.0,1.0,0.0,0.0,0.0,0.0,0.0,0.0,0.0
Q86LE5,2,110,S,test,2,0.0,0.0,1.0,0.0,0.0,0.0,0.0,0.0,0.0,0.0
Q86QI5,2,74,S,test,2,0.0,0.0,1.0,0.0,0.0,0.0,0.0,0.0,0.0,0.0
Q86QW7,1,781,S,test,1,0.4685508238295611,0.531449176170439,0.0,0.0,0.0,0.0,0.0,0.0,0.0,0.0
Q86T26,4,416,M,test,2,0.0,0.0,0.7854539405114934,0.0,0.21454605948850664,0.0,0.0,0.0,0.0,0.0
Q86UN3,4,420,M,test,4,0.0,0.0,0.4406727367832081,0.0,0.5593272632167918,0.0,0.0,0.0,0.0,0.0
Q86UU0,0,1499,U,test,0,1.0,0.0,0.0,0.0,0.0,0.0,0.0,0.0,0.0,0.0
Q86V15,0,1759,U,test,0,1.0,0.0,0.0,0.0,0.0,0.0,0.0,0.0,0.0,0.0
Q86VD7,3,318,M,test,3,0.0,0.0,0.0,0.5699449028736231,0.0,0.0,0.2591231756287552,0.0,0.0,0.17093192149762168
Q86VD9,5,579,M,test,5,0.0,0.0,0.0,0.0,0.18198319659717976,0.6367607676489361,0.0,0.0,0.18125603575388416,0.0
Q86VV8,1,2226,S,test,1,0.3978939084998436,0.4006327084919098,0.0,0.20147338300824674,0.0,0.0,0.0,0.0,0.0,0.0
Q86VW1,4,577,M,test,8,0.0,0.0,0.0,0.0,0.19841003600834012,0.0,0.0,0.0,0.8015899639916599,0.0
Q86WI3,1,1866,S,test,1,0.20691459902544826,0.3970712577386845,0.0,0.0,0.0,0.3960141432358672,0.0,0.0,0.0,0.0
Q86WV5,0,123,U,test,1,0.19742052784536507,0.8025794721546349,0.0,0.0,0.0,0.0,0.0,0.0,0.0,0.0
Q86X83,1,199,S,test,1,0.20914492641805948,0.38897588035837566,0.0,0.19299396516631565,0.0,0.0,0.0,0.20888522805724918,0.0,0.0
Q86Y13,1,1208,S,test,0,0.8088382895406434,0.19116171045935668,0.0,0.0,0.0,0.0,0.0,0.0,0.0,0.0
Q86Y34,4,549,M,test,4,0.0,0.0,0.0,0.0,1.0,0.0,0.0,0.0,0.0,0.0
Q86YI8,0,300,S,test,0,0.6268112009789717,0.3731887990210283,0.0,0.0,0.0,0.0,0.0,0.0,0.0,0.0
Q86Z20,1,511,S,test,1,0.0,1.0,0.0,0.0,0.0,0.0,0.0,0.0,0.0,0.0
Q8AY79,2,258,S,test,2,0.0,0.0,1.0,0.0,0.0,0.0,0.0,0.0,0.0,0.0
Q8AY80,2,258,S,test,2,0.0,0.0,1.0,0.0,0.0,0.0,0.0,0.0,0.0,0.0
Q8BG17,0,217,U,test,0,1.0,0.0,0.0,0.0,0.0,0.0,0.0,0.0,0.0,0.0
Q8BG60,1,397,S,test,1,0.40727707396087903,0.592722926039121,0.0,0.0,0.0,0.0,0.0,0.0,0.0,0.0
Q8BGC9,2,288,S,test,2,0.0,0.188960027786161,0.21848091163039213,0.18927613283006683,0.0,0.18746746089062943,0.0,0.21581546686275058,0.0,0.0
Q8BGV8,3,463,M,test,0,0.6656051272745238,0.16384264234060372,0.0,0.0,0.17055223038487244,0.0,0.0,0.0,0.0,0.0
Q8BH00,1,487,S,test,4,0.0,0.1952314328299038,0.0,0.18317061946758875,0.22207763523273047,0.0,0.20772500991901982,0.0,0.0,0.19179530255075725
Q8BHD1,1,476,S,test,1,0.09950022951063975,0.8032446040718226,0.0,0.0,0.09725516641753773,0.0,0.0,0.0,0.0,0.0
Q8BHP7,2,681,S,test,4,0.0,0.0,0.4577117303019733,0.0,0.5422882696980267,0.0,0.0,0.0,0.0,0.0
Q8BJ05,0,735,U,test,0,0.7645830773426872,0.23541692265731287,0.0,0.0,0.0,0.0,0.0,0.0,0.0,0.0
Q8BJM5,7,460,M,test,5,0.20111905750223477,0.0,0.0,0.0,0.2022340948287427,0.4002176593373178,0.0,0.0,0.19642918833170472,0.0
Q8BL65,1,612,S,test,1,0.0,1.0,0.0,0.0,0.0,0.0,0.0,0.0,0.0,0.0
Q8BMB0,0,1264,U,test,0,1.0,0.0,0.0,0.0,0.0,0.0,0.0,0.0,0.0,0.0
Q8BND3,1,1181,S,test,0,0.5998649648928194,0.0,0.0,0.0,0.0,0.0,0.0,0.0,0.4001350351071807,0.0
Q8BPC6,3,396,U,test,1,0.0,0.8119712785771455,0.0,0.18802872142285448,0.0,0.0,0.0,0.0,0.0,0.0
Q8BPQ7,7,1093,U,test,0,0.5430923070026147,0.27481498571774393,0.0,0.1820927072796415,0.0,0.0,0.0,0.0,0.0,0.0
Q8BSF4,3,406,U,test,3,0.0,0.0,0.0,1.0,0.0,0.0,0.0,0.0,0.0,0.0
Q8BT20,2,105,S,test,2,0.0,0.0,1.0,0.0,0.0,0.0,0.0,0.0,0.0,0.0
Q8BTE6,2,63,S,test,2,0.0,0.0,1.0,0.0,0.0,0.0,0.0,0.0,0.0,0.0
Q8BZQ2,2,495,S,test,2,0.0,0.0,1.0,0.0,0.0,0.0,0.0,0.0,0.0,0.0
Q8C0D7,0,249,U,test,0,1.0,0.0,0.0,0.0,0.0,0.0,0.0,0.0,0.0,0.0
Q8C0V1,0,768,M,test,0,0.5900430446602035,0.21055551129054548,0.0,0.0,0.0,0.0,0.0,0.19940144404925103,0.0,0.0
Q8C1E7,0,343,M,test,4,0.0,0.0,0.0,0.19234955492682693,0.5822041628954283,0.22544628217774482,0.0,0.0,0.0,0.0
Q8C1Q4,2,291,S,test,4,0.0,0.0,0.3773376450762817,0.0,0.4162738749691735,0.0,0.0,0.2063884799545448,0.0,0.0
Q8CCG4,0,296,U,test,0,0.8107143266087703,0.1892856733912297,0.0,0.0,0.0,0.0,0.0,0.0,0.0,0.0
Q8CCH7,0,1151,U,test,0,0.8093845309110044,0.19061546908899563,0.0,0.0,0.0,0.0,0.0,0.0,0.0,0.0
Q8CCK0,0,372,U,test,0,0.7729154550672548,0.22708454493274519,0.0,0.0,0.0,0.0,0.0,0.0,0.0,0.0
Q8CD91,2,447,S,test,2,0.0,0.0,0.8084164011810273,0.0,0.19158359881897266,0.0,0.0,0.0,0.0,0.0
Q8CFH6,1,931,S,test,1,0.4863388896248437,0.5136611103751563,0.0,0.0,0.0,0.0,0.0,0.0,0.0,0.0
Q8CFI0,1,1004,S,test,1,0.1900339166770443,0.8099660833229557,0.0,0.0,0.0,0.0,0.0,0.0,0.0,0.0
Q8CFP6,0,273,U,test,7,0.0,0.22073169242292032,0.0,0.0,0.0,0.0,0.0,0.7792683075770798,0.0,0.0
Q8CFZ5,4,553,M,test,4,0.0,0.0,0.0,0.0,0.7992785982362178,0.0,0.0,0.0,0.20072140176378217,0.0
Q8CG85,2,686,S,test,2,0.0,0.0,0.6062554281621924,0.0,0.3937445718378077,0.0,0.0,0.0,0.0,0.0
Q8CIG3,0,826,U,test,3,0.0,0.0,0.0,0.5880438695610491,0.19056248246532548,0.0,0.0,0.0,0.0,0.22139364797362543
Q8CIV2,5,574,M,test,1,0.21262028412050504,0.41470772350018326,0.0,0.0,0.19286446856647724,0.17980752381283444,0.0,0.0,0.0,0.0
Q8CJ40,1,2009,S,test,1,0.21596972993669747,0.7840302700633025,0.0,0.0,0.0,0.0,0.0,0.0,0.0,0.0
Q8CJ78,0,1038,U,test,0,1.0,0.0,0.0,0.0,0.0,0.0,0.0,0.0,0.0,0.0
Q8GS71,1,1035,S,test,1,0.0,1.0,0.0,0.0,0.0,0.0,0.0,0.0,0.0,0.0
Q8GSA7,0,1032,U,test,0,0.8202866729118067,0.17971332708819338,0.0,0.0,0.0,0.0,0.0,0.0,0.0,0.0
Q8GSI0,0,179,U,test,0,0.6273586993935991,0.3726413006064008,0.0,0.0,0.0,0.0,0.0,0.0,0.0,0.0
Q8GSP8,5,371,S,test,1,0.0,1.0,0.0,0.0,0.0,0.0,0.0,0.0,0.0,0.0
Q8GUK1,3,602,M,test,0,0.8182103590916545,0.18178964090834554,0.0,0.0,0.0,0.0,0.0,0.0,0.0,0.0
Q8GUK7,5,243,M,test,0,0.7573355260723602,0.24266447392763982,0.0,0.0,0.0,0.0,0.0,0.0,0.0,0.0
Q8GVZ6,0,276,U,test,4,0.38692956381227,0.0,0.0,0.0,0.4274293106367392,0.0,0.0,0.0,0.18564112555099077,0.0
Q8GW20,6,523,M,test,6,0.0,0.0,0.0,0.0,0.0,0.0,1.0,0.0,0.0,0.0
Q8GWD5,4,178,M,test,4,0.0,0.0,0.0,0.0,1.0,0.0,0.0,0.0,0.0,0.0
Q8GWE6,0,413,U,test,0,0.5953354752397738,0.21518948381467742,0.0,0.0,0.0,0.0,0.0,0.0,0.1894750409455488,0.0
Q8GXA4,0,489,M,test,1,0.40426439218032645,0.5957356078196736,0.0,0.0,0.0,0.0,0.0,0.0,0.0,0.0
Q8GXN9,0,930,S,test,0,1.0,0.0,0.0,0.0,0.0,0.0,0.0,0.0,0.0,0.0
Q8GXX0,3,191,U,test,0,0.2052010677780189,0.19548172644182016,0.1967030497726808,0.0,0.0,0.2005773559762715,0.0,0.0,0.20203680003120866,0.0
Q8GYB1,3,285,U,test,6,0.0,0.0,0.0,0.0,0.0,0.0,1.0,0.0,0.0,0.0
Q8GYD2,0,230,U,test,0,1.0,0.0,0.0,0.0,0.0,0.0,0.0,0.0,0.0,0.0
Q8GYJ3,0,289,S,test,0,0.7978903363980631,0.0,0.0,0.0,0.2021096636019369,0.0,0.0,0.0,0.0,0.0
Q8GYX9,1,286,S,test,0,0.5934806983364049,0.40651930166359507,0.0,0.0,0.0,0.0,0.0,0.0,0.0,0.0
Q8H191,9,497,U,test,2,0.0,0.353830398573358,0.646169601426642,0.0,0.0,0.0,0.0,0.0,0.0,0.0
Q8I948,2,156,S,test,2,0.0,0.0,0.7459448134001327,0.0,0.0,0.0,0.0,0.0,0.25405518659986726,0.0
Q8IN43,2,129,S,test,2,0.0,0.0,0.5995708401340724,0.22197187386653564,0.0,0.0,0.17845728599939198,0.0,0.0,0.0
Q8IN44,2,129,S,test,2,0.0,0.1967500778951941,0.6185243065175904,0.18472561558721542,0.0,0.0,0.0,0.0,0.0,0.0
Q8INM3,0,1420,U,test,0,1.0,0.0,0.0,0.0,0.0,0.0,0.0,0.0,0.0,0.0
Q8IRB5,0,1465,U,test,0,1.0,0.0,0.0,0.0,0.0,0.0,0.0,0.0,0.0,0.0
Q8IS21,1,1529,S,test,0,0.7817182043491927,0.21828179565080735,0.0,0.0,0.0,0.0,0.0,0.0,0.0,0.0
Q8ISB6,2,482,S,test,2,0.0,0.0,0.8028775299840385,0.0,0.0,0.1971224700159615,0.0,0.0,0.0,0.0
Q8IUH2,2,290,S,test,2,0.19862813991825795,0.0,0.20799850695759647,0.19447881889944002,0.0,0.19397898996038243,0.0,0.20491554426432312,0.0,0.0
Q8IV08,5,490,M,test,2,0.0,0.0,0.5944860149932378,0.0,0.19427671298560834,0.0,0.0,0.21123727202115378,0.0,0.0
Q8IVM8,4,553,M,test,8,0.0,0.0,0.0,0.0,0.21719781834352747,0.0,0.0,0.0,0.7828021816564725,0.0
Q8IVP5,3,155,M,test,3,0.0,0.0,0.0,1.0,0.0,0.0,0.0,0.0,0.0,0.0
Q8IW35,1,865,S,test,1,0.3993600887893166,0.6006399112106834,0.0,0.0,0.0,0.0,0.0,0.0,0.0,0.0
Q8IWC1,1,876,S,test,0,0.6025244310021419,0.19466638326546,0.0,0.0,0.0,0.0,0.0,0.20280918573239812,0.0,0.0
Q8IWF2,5,684,S,test,5,0.0,0.1995456938935554,0.0,0.0,0.22372391857031465,0.3817155638684507,0.0,0.19501482366767936,0.0,0.0
Q8IWT3,1,2517,S,test,1,0.3408884097830684,0.6591115902169317,0.0,0.0,0.0,0.0,0.0,0.0,0.0,0.0
Q8IWX5,5,399,M,test,5,0.0,0.0,0.0,0.0,0.38714891480278885,0.6128510851972111,0.0,0.0,0.0,0.0
Q8IY17,5,1366,M,test,1,0.2250175725561121,0.37560913001537843,0.0,0.2221172434772563,0.1772560539512531,0.0,0.0,0.0,0.0,0.0
Q8IY21,1,1712,S,test,1,0.34740932309123623,0.6525906769087637,0.0,0.0,0.0,0.0,0.0,0.0,0.0,0.0
Q8IY49,7,270,M,test,4,0.0,0.0,0.0,0.0,0.5912543738302886,0.4087456261697115,0.0,0.0,0.0,0.0
Q8IYW5,0,571,U,test,0,0.4221042741909682,0.35591034463051685,0.0,0.0,0.0,0.0,0.0,0.221985381178515,0.0,0.0
Q8IYX3,1,515,S,test,0,1.0,0.0,0.0,0.0,0.0,0.0,0.0,0.0,0.0,0.0
Q8IYY4,1,767,S,test,0,0.487870008674073,0.34609306501163567,0.0,0.0,0.0,0.16603692631429123,0.0,0.0,0.0,0.0
Q8IZJ1,4,945,M,test,2,0.0,0.0,0.4045974736394431,0.0,0.39969218766926423,0.1957103386912927,0.0,0.0,0.0,0.0
Q8IZS7,4,167,M,test,4,0.0,0.0,0.19301384650979922,0.0,0.8069861534902008,0.0,0.0,0.0,0.0,0.0
Q8IZT9,0,166,U,test,0,1.0,0.0,0.0,0.0,0.0,0.0,0.0,0.0,0.0,0.0
Q8IZU0,0,186,U,test,0,0.810974769688389,0.0,0.0,0.0,0.18902523031161106,0.0,0.0,0.0,0.0,0.0
Q8J025,4,514,M,test,2,0.0,0.0,0.38119580854789625,0.0,0.18458504086664954,0.19013974766493352,0.0,0.2440794029205207,0.0,0.0
Q8JZL0,0,594,U,test,0,1.0,0.0,0.0,0.0,0.0,0.0,0.0,0.0,0.0,0.0
Q8K0T0,5,780,M,test,0,0.38937099447714796,0.2027378628499642,0.0,0.0,0.2075707528216055,0.0,0.0,0.20032038985128242,0.0,0.0
Q8K0T4,1,488,S,test,0,0.4433628431244582,0.1890002682292783,0.0,0.18236174771214067,0.0,0.0,0.18527514093412287,0.0,0.0,0.0
Q8K1M4,0,789,U,test,0,1.0,0.0,0.0,0.0,0.0,0.0,0.0,0.0,0.0,0.0
Q8K1S2,4,956,M,test,2,0.19724269963667204,0.0,0.39593921511645386,0.0,0.20323336882948978,0.20358471641738438,0.0,0.0,0.0,0.0
Q8K1S3,4,945,M,test,2,0.0,0.0,0.41271027922837183,0.0,0.1942448674505023,0.39304485332112593,0.0,0.0,0.0,0.0
Q8K1T0,5,453,M,test,2,0.0,0.0,0.8038560130816943,0.0,0.19614398691830565,0.0,0.0,0.0,0.0,0.0
Q8K203,0,606,U,test,0,0.7911029572716871,0.0,0.0,0.0,0.0,0.0,0.20889704272831294,0.0,0.0,0.0
Q8K3P6,3,469,M,test,3,0.0,0.0,0.0,0.7912648918359614,0.0,0.0,0.20873510816403867,0.0,0.0,0.0
Q8K3Q3,0,521,U,test,0,1.0,0.0,0.0,0.0,0.0,0.0,0.0,0.0,0.0,0.0
Q8K3W2,0,274,U,test,1,0.1839111547332373,0.6124053398951462,0.0,0.0,0.20368350537161647,0.0,0.0,0.0,0.0,0.0
Q8K4G5,1,861,S,test,0,0.601175819146232,0.3988241808537681,0.0,0.0,0.0,0.0,0.0,0.0,0.0,0.0
Q8K4I4,2,270,S,test,2,0.0,0.0,0.7255974048039806,0.1417890071531672,0.1326135880428522,0.0,0.0,0.0,0.0,0.0
Q8K4S7,1,938,S,test,1,0.0,1.0,0.0,0.0,0.0,0.0,0.0,0.0,0.0,0.0
Q8K4Z6,4,928,M,test,4,0.0,0.0,0.0,0.0,1.0,0.0,0.0,0.0,0.0,0.0
Q8K596,4,921,M,test,3,0.0,0.0,0.0,0.3797304673096613,0.3657789843680893,0.0,0.0,0.0,0.2544905483222494,0.0
Q8L5W8,0,416,U,test,0,1.0,0.0,0.0,0.0,0.0,0.0,0.0,0.0,0.0,0.0
Q8L607,3,386,U,test,0,0.5883514446678536,0.21227466991165864,0.0,0.1993738854204877,0.0,0.0,0.0,0.0,0.0,0.0
Q8L735,6,882,U,test,0,0.4014552888595956,0.20250218625201988,0.0,0.0,0.0,0.19470531566860128,0.20133720921978332,0.0,0.0,0.0
Q8L748,0,1101,U,test,0,0.4312183990541502,0.3792870272697728,0.0,0.0,0.0,0.0,0.0,0.0,0.18949457367607705,0.0
Q8L7F7,0,739,U,test,0,1.0,0.0,0.0,0.0,0.0,0.0,0.0,0.0,0.0,0.0
Q8L7M0,5,465,M,test,5,0.20547669560206627,0.0,0.0,0.1992290051066417,0.0,0.5952942992912921,0.0,0.0,0.0,0.0
Q8L7W8,2,843,S,test,5,0.0,0.0,0.20447071182207663,0.0,0.0,0.41754821468430864,0.1877169691030515,0.0,0.1902641043905632,0.0
Q8L856,8,239,M,test,8,0.0,0.0,0.0,0.0,0.4086802849807725,0.0,0.0,0.0,0.5913197150192274,0.0
Q8L9A0,3,270,U,test,3,0.0,0.0,0.0,0.8095275180815663,0.0,0.0,0.19047248191843366,0.0,0.0,0.0
Q8LB10,6,305,U,test,6,0.0,0.0,0.0,0.0,0.0,0.0,1.0,0.0,0.0,0.0
Q8LBP4,6,462,M,test,6,0.0,0.0,0.0,0.0,0.0,0.0,1.0,0.0,0.0,0.0
Q8LCT3,6,236,U,test,6,0.0,0.0,0.0,0.0,0.0,0.0,1.0,0.0,0.0,0.0
Q8LD38,3,108,M,test,3,0.0,0.0,0.0,0.20823736448365426,0.1990966805404182,0.19999886953886917,0.19929920715887509,0.0,0.1933678782781833,0.0
Q8LDF9,0,241,U,test,0,1.0,0.0,0.0,0.0,0.0,0.0,0.0,0.0,0.0,0.0
Q8LDL0,6,231,M,test,6,0.0,0.0,0.0,0.18544898661634812,0.0,0.0,0.8145510133836519,0.0,0.0,0.0
Q8LDV3,6,185,S,test,6,0.0,0.0,0.0,0.0,0.0,0.0,1.0,0.0,0.0,0.0
Q8LE52,6,258,S,test,6,0.28647303115828926,0.17764705917518708,0.0,0.13802352932534442,0.0,0.0,0.39785638034117926,0.0,0.0,0.0
Q8LFC0,3,367,U,test,3,0.0,0.37691205737572236,0.0,0.39694438936747134,0.0,0.0,0.22614355325680638,0.0,0.0,0.0
Q8LFH6,1,137,S,test,0,0.5876278832788508,0.41237211672114915,0.0,0.0,0.0,0.0,0.0,0.0,0.0,0.0
Q8LFP1,5,241,M,test,5,0.0,0.0,0.0,0.0,0.0,0.8061894926167383,0.0,0.19381050738326167,0.0,0.0
Q8LFP9,6,220,M,test,6,0.0,0.0,0.0,0.0,0.0,0.0,1.0,0.0,0.0,0.0
Q8LG50,5,389,M,test,5,0.0,0.0,0.0,0.0,0.0,1.0,0.0,0.0,0.0,0.0
Q8LG77,3,374,U,test,3,0.0,0.1966317346114638,0.0,0.5801781668043793,0.0,0.0,0.22319009858415703,0.0,0.0,0.0
Q8LGU6,0,744,U,test,1,0.17603139362614836,0.8239686063738516,0.0,0.0,0.0,0.0,0.0,0.0,0.0,0.0
Q8LK61,1,496,S,test,3,0.0,0.19438575922519682,0.0,0.3889718957939764,0.0,0.0,0.2008311375336471,0.0,0.0,0.21581120744717971
Q8LPK4,4,1013,M,test,0,0.35413548118314336,0.14913527974761265,0.0,0.0,0.25681188507203473,0.0,0.0,0.23991735399720923,0.0,0.0
Q8LPQ9,0,901,U,test,1,0.23687464844754275,0.7631253515524573,0.0,0.0,0.0,0.0,0.0,0.0,0.0,0.0
Q8LPW2,3,148,U,test,1,0.1645080913209049,0.43015681783870724,0.0,0.24410419548431442,0.0,0.0,0.1612308953560733,0.0,0.0,0.0
Q8MIR0,3,373,U,test,3,0.0,0.0,0.0,0.8015901313517344,0.0,0.0,0.0,0.0,0.0,0.19840986864826565
Q8MLZ3,1,867,S,test,1,0.3969407583963988,0.6030592416036011,0.0,0.0,0.0,0.0,0.0,0.0,0.0,0.0
Q8MMH0,2,109,S,test,2,0.0,0.0,1.0,0.0,0.0,0.0,0.0,0.0,0.0,0.0
Q8MQ70,0,846,U,test,0,1.0,0.0,0.0,0.0,0.0,0.0,0.0,0.0,0.0,0.0
Q8MU95,2,488,S,test,2,0.0,0.0,0.5950886860516594,0.0,0.20093130935708478,0.2039800045912558,0.0,0.0,0.0,0.0
Q8MUG0,2,274,S,test,2,0.0,0.0,1.0,0.0,0.0,0.0,0.0,0.0,0.0,0.0
Q8MVA6,2,69,S,test,2,0.0,0.0,1.0,0.0,0.0,0.0,0.0,0.0,0.0,0.0
Q8N0S6,0,344,U,test,1,0.40876358034233556,0.5912364196576645,0.0,0.0,0.0,0.0,0.0,0.0,0.0,0.0
Q8N1Q8,3,247,S,test,6,0.0,0.0,0.0,0.38804235780890856,0.0,0.0,0.6119576421910915,0.0,0.0,0.0
Q8N2A8,3,252,M,test,3,0.0,0.0,0.0,0.6118620661436133,0.192604119740682,0.0,0.0,0.19553381411570472,0.0,0.0
Q8N2F6,5,343,M,test,1,0.0,1.0,0.0,0.0,0.0,0.0,0.0,0.0,0.0,0.0
Q8N2Z9,0,138,U,test,0,0.6401327124129685,0.17883233188864472,0.0,0.18103495569838685,0.0,0.0,0.0,0.0,0.0,0.0
Q8N3G9,7,435,M,test,4,0.0,0.0,0.17774894964158505,0.0,0.6313845778734831,0.19086647248493174,0.0,0.0,0.0,0.0
Q8N427,1,588,S,test,1,0.4093025781051425,0.5906974218948576,0.0,0.0,0.0,0.0,0.0,0.0,0.0,0.0
Q8N4C6,1,2090,S,test,1,0.0,1.0,0.0,0.0,0.0,0.0,0.0,0.0,0.0,0.0
Q8N4T0,2,437,S,test,2,0.0,0.0,0.34708787226045484,0.0,0.1838412917503321,0.18856787117147683,0.0,0.0,0.28050296481773623,0.0
Q8N4X5,1,818,S,test,1,0.16616044303126098,0.833839556968739,0.0,0.0,0.0,0.0,0.0,0.0,0.0,0.0
Q8N556,1,730,S,test,1,0.0,1.0,0.0,0.0,0.0,0.0,0.0,0.0,0.0,0.0
Q8N573,3,874,U,test,5,0.21644472820113478,0.3607373576432894,0.0,0.0,0.0,0.4228179141555758,0.0,0.0,0.0,0.0
Q8N5M9,5,183,M,test,5,0.0,0.0,0.0,0.0,0.3923877305078339,0.42389356185551613,0.0,0.18371870763665,0.0,0.0
Q8N5Z5,1,321,S,test,1,0.3997761348310318,0.4085463173711454,0.0,0.0,0.0,0.1916775477978228,0.0,0.0,0.0,0.0
Q8N695,4,610,M,test,4,0.0,0.0,0.0,0.0,0.8034298717786977,0.0,0.0,0.0,0.19657012822130232,0.0
Q8N6S4,5,541,M,test,1,0.40571669977775526,0.5942833002222447,0.0,0.0,0.0,0.0,0.0,0.0,0.0,0.0
Q8N7H5,0,531,U,test,0,1.0,0.0,0.0,0.0,0.0,0.0,0.0,0.0,0.0,0.0
Q8N7J2,4,671,M,test,0,0.5950376737027703,0.17516059308829815,0.0,0.0,0.22980173320893166,0.0,0.0,0.0,0.0,0.0
Q8N8N0,8,203,M,test,0,0.7934636342957542,0.2065363657042459,0.0,0.0,0.0,0.0,0.0,0.0,0.0,0.0
Q8N8Q8,3,333,M,test,3,0.0,0.0,0.0,0.6089249232916221,0.0,0.19368445510540827,0.0,0.1973906216029696,0.0,0.0
Q8N983,3,215,U,test,0,0.4964554576347957,0.0,0.0,0.3501758270857791,0.1533687152794253,0.0,0.0,0.0,0.0,0.0
Q8N9N8,0,165,U,test,0,0.7922421938617734,0.20775780613822656,0.0,0.0,0.0,0.0,0.0,0.0,0.0,0.0
Q8N9W6,1,283,S,test,0,0.5777825378923068,0.4222174621076931,0.0,0.0,0.0,0.0,0.0,0.0,0.0,0.0
Q8NAP3,0,1195,U,test,0,1.0,0.0,0.0,0.0,0.0,0.0,0.0,0.0,0.0,0.0
Q8NAT1,5,580,M,test,7,0.0,0.0,0.1995518725455503,0.0,0.17998295111383372,0.23806914893581635,0.0,0.3823960274047997,0.0,0.0
Q8NBI6,5,393,M,test,5,0.0,0.0,0.0,0.0,0.16890391264507748,0.4252665873689663,0.0,0.4058294999859562,0.0,0.0
Q8NCE2,1,650,S,test,0,0.43750027469728303,0.350252097078469,0.0,0.212247628224248,0.0,0.0,0.0,0.0,0.0,0.0
Q8NDT2,0,890,S,test,0,1.0,0.0,0.0,0.0,0.0,0.0,0.0,0.0,0.0,0.0
Q8NDV7,1,1962,S,test,0,0.8194340041159276,0.18056599588407246,0.0,0.0,0.0,0.0,0.0,0.0,0.0,0.0
Q8NDX1,4,1056,M,test,0,1.0,0.0,0.0,0.0,0.0,0.0,0.0,0.0,0.0,0.0
Q8NDX5,0,983,U,test,0,1.0,0.0,0.0,0.0,0.0,0.0,0.0,0.0,0.0,0.0
Q8NEC7,1,633,S,test,0,1.0,0.0,0.0,0.0,0.0,0.0,0.0,0.0,0.0,0.0
Q8NEW0,7,376,M,test,8,0.0,0.0,0.0,0.0,0.14517264410142866,0.0,0.0,0.0,0.8548273558985714,0.0
Q8NF64,0,920,U,test,0,1.0,0.0,0.0,0.0,0.0,0.0,0.0,0.0,0.0,0.0
Q8NFA0,7,1604,M,test,1,0.19153727080134023,0.619217392123151,0.0,0.0,0.0,0.18924533707550886,0.0,0.0,0.0,0.0
Q8NFJ6,4,384,M,test,4,0.0,0.0,0.0,0.0,1.0,0.0,0.0,0.0,0.0,0.0
Q8NFW8,0,434,U,test,1,0.0,0.6095995490006778,0.0,0.19371428420355064,0.0,0.0,0.19668616679577158,0.0,0.0,0.0
Q8NHJ6,4,448,M,test,4,0.0,0.0,0.19074252539371975,0.0,0.8092574746062803,0.0,0.0,0.0,0.0,0.0
Q8NHS3,8,518,M,test,5,0.0,0.0,0.0,0.0,0.37398381567812794,0.4189071781518416,0.0,0.0,0.20710900617003047,0.0
Q8NKC1,8,281,U,test,0,0.39073375940780564,0.1955445156019374,0.0,0.20548216249302045,0.0,0.2082395624972366,0.0,0.0,0.0,0.0
Q8QFR2,0,1013,U,test,0,0.6082975191255956,0.39170248087440435,0.0,0.0,0.0,0.0,0.0,0.0,0.0,0.0
Q8R0W1,0,432,U,test,0,0.7435162689432838,0.0,0.0,0.0,0.2564837310567162,0.0,0.0,0.0,0.0,0.0
Q8R2Y0,3,336,M,test,5,0.0,0.19901494857953092,0.0,0.0,0.0,0.6039775551058584,0.19700749631461068,0.0,0.0,0.0
Q8R2Z5,2,415,S,test,2,0.0,0.0,0.42617708267595183,0.0,0.3945201795873321,0.0,0.0,0.17930273773671612,0.0,0.0
Q8R366,4,611,M,test,4,0.0,0.0,0.37309537530728276,0.0,0.42862795401591963,0.0,0.0,0.1982766706767976,0.0,0.0
Q8R3H7,7,356,M,test,7,0.0,0.0,0.0,0.0,0.0,0.4012227610453274,0.0,0.5987772389546726,0.0,0.0
Q8R400,0,80,M,test,3,0.3804402587433153,0.0,0.0,0.40166291322883424,0.0,0.2178968280278505,0.0,0.0,0.0,0.0
Q8R4E4,1,245,S,test,0,1.0,0.0,0.0,0.0,0.0,0.0,0.0,0.0,0.0,0.0
Q8R4V5,0,546,U,test,2,0.0,0.0,0.8134174523860341,0.0,0.18658254761396592,0.0,0.0,0.0,0.0,0.0
Q8R507,7,461,M,test,7,0.0,0.0,0.16470983463322497,0.0,0.0,0.0,0.0,0.835290165366775,0.0,0.0
Q8R5K4,0,1152,U,test,3,0.1715102534187596,0.219665992179014,0.1677411230442167,0.26050340916526077,0.18057922219274883,0.0,0.0,0.0,0.0,0.0
Q8RVC7,6,411,M,test,6,0.0,0.0,0.0,0.0,0.0,0.2135554962395751,0.7864445037604249,0.0,0.0,0.0
Q8RWV0,6,741,M,test,6,0.0,0.0,0.0,0.4127191340480431,0.0,0.0,0.5872808659519568,0.0,0.0,0.0
Q8RWV3,0,416,U,test,0,1.0,0.0,0.0,0.0,0.0,0.0,0.0,0.0,0.0,0.0
Q8RX88,5,424,M,test,5,0.0,0.0,0.0,0.0,0.0,1.0,0.0,0.0,0.0,0.0
Q8RXL8,7,357,M,test,7,0.0,0.0,0.0,0.0,0.0,0.3863353208198432,0.0,0.6136646791801569,0.0,0.0
Q8RXN0,4,703,M,test,4,0.0,0.0,0.0,0.0,0.7724419972893201,0.0,0.0,0.0,0.22755800271067994,0.0
Q8S1D9,6,435,U,test,6,0.0,0.0,0.0,0.0,0.0,0.19387680616515898,0.806123193834841,0.0,0.0,0.0
Q8S4F6,6,510,M,test,6,0.0,0.0,0.0,0.18452081730940983,0.0,0.0,0.8154791826905902,0.0,0.0,0.0
Q8S8P5,0,519,U,test,0,1.0,0.0,0.0,0.0,0.0,0.0,0.0,0.0,0.0,0.0
Q8SPJ0,2,213,S,test,2,0.3982786344260024,0.20201119698763148,0.39971016858636615,0.0,0.0,0.0,0.0,0.0,0.0,0.0
Q8SRA2,4,559,M,test,5,0.0,0.0,0.0,0.0,0.18749634173415844,0.6145140710009873,0.19798958726485436,0.0,0.0,0.0
Q8SUF9,4,553,M,test,8,0.0,0.0,0.0,0.0,0.19505381590094603,0.1855691553838307,0.18767662925860776,0.20711193282985554,0.22458846662676002,0.0
Q8SUG7,4,536,M,test,4,0.0,0.0,0.0,0.0,0.383800439996345,0.0,0.19921885186679475,0.2064525270456237,0.2105281810912365,0.0
Q8T0W3,2,63,S,test,2,0.0,0.0,1.0,0.0,0.0,0.0,0.0,0.0,0.0,0.0
Q8T0W5,2,85,S,test,2,0.0,0.0,1.0,0.0,0.0,0.0,0.0,0.0,0.0,0.0
Q8T0W8,2,65,S,test,2,0.0,0.0,1.0,0.0,0.0,0.0,0.0,0.0,0.0,0.0
Q8T6B9,0,637,U,test,0,0.6216551660475668,0.37834483395243335,0.0,0.0,0.0,0.0,0.0,0.0,0.0,0.0
Q8TAD4,7,765,M,test,8,0.0,0.0,0.0,0.0,0.0,0.2110941650921966,0.0,0.0,0.7889058349078034,0.0
Q8TAT5,0,605,U,test,0,0.7988691827579602,0.0,0.0,0.0,0.0,0.0,0.20113081724203982,0.0,0.0,0.0
Q8TBE7,4,412,M,test,7,0.0,0.0,0.0,0.0,0.1870777536894592,0.22326397042257207,0.0,0.3916067494426484,0.19805152644532037,0.0
Q8TBK2,0,473,U,test,0,0.8011806464439101,0.0,0.0,0.19881935355608993,0.0,0.0,0.0,0.0,0.0,0.0
Q8TCB6,4,317,M,test,4,0.0,0.0,0.0,0.0,1.0,0.0,0.0,0.0,0.0,0.0
Q8TD26,0,2715,S,test,0,0.8115327296059387,0.18846727039406136,0.0,0.0,0.0,0.0,0.0,0.0,0.0,0.0
Q8TDI0,0,1954,U,test,0,1.0,0.0,0.0,0.0,0.0,0.0,0.0,0.0,0.0,0.0
Q8TDR4,0,215,U,test,0,0.6042932594792881,0.0,0.0,0.0,0.21693758089926268,0.0,0.0,0.17876915962144926,0.0,0.0
Q8TDS7,4,321,M,test,4,0.0,0.0,0.0,0.0,1.0,0.0,0.0,0.0,0.0,0.0
Q8TDY4,1,903,S,test,1,0.0,0.8254349291088252,0.0,0.0,0.0,0.17456507089117484,0.0,0.0,0.0,0.0
Q8TEP8,1,1941,S,test,0,0.5870142215981745,0.4129857784018255,0.0,0.0,0.0,0.0,0.0,0.0,0.0,0.0
Q8TG42,2,273,S,test,2,0.0,0.0,1.0,0.0,0.0,0.0,0.0,0.0,0.0,0.0
Q8TGH6,7,599,M,test,5,0.0,0.0,0.0,0.20156536952312323,0.390743986803518,0.4076906436733588,0.0,0.0,0.0,0.0
Q8VBV9,4,320,M,test,4,0.0,0.0,0.0,0.0,1.0,0.0,0.0,0.0,0.0,0.0
Q8VC69,4,545,M,test,8,0.0,0.0,0.0,0.0,0.43772522684165155,0.0,0.0,0.0,0.5622747731583484,0.0
Q8VDW4,0,151,U,test,0,1.0,0.0,0.0,0.0,0.0,0.0,0.0,0.0,0.0,0.0
Q8VE43,2,311,S,test,4,0.0,0.0,0.39139719757959085,0.0,0.4197780113915145,0.0,0.0,0.18882479102889474,0.0,0.0
Q8VEN2,4,237,M,test,4,0.0,0.0,0.1987564573250979,0.0,0.801243542674902,0.0,0.0,0.0,0.0,0.0
Q8VYE2,3,376,M,test,3,0.0,0.0,0.0,1.0,0.0,0.0,0.0,0.0,0.0,0.0
Q8VYF7,3,238,U,test,3,0.0,0.0,0.0,0.7745827764730063,0.0,0.0,0.2254172235269937,0.0,0.0,0.0
Q8VYI3,9,309,U,test,1,0.19675418006016768,0.20803824769061216,0.0,0.19964216281847105,0.0,0.19630272315558206,0.0,0.0,0.0,0.19926268627516708
Q8VYN6,6,537,U,test,6,0.0,0.14429678772940746,0.0,0.29561107063995945,0.0,0.0,0.560092141630633,0.0,0.0,0.0
Q8VZ20,0,314,U,test,0,1.0,0.0,0.0,0.0,0.0,0.0,0.0,0.0,0.0,0.0
Q8VZJ2,2,344,S,test,2,0.0,0.0,0.6157996398382853,0.0,0.0,0.1882662756130118,0.0,0.0,0.19593408454870284,0.0
Q8VZL6,0,441,U,test,0,1.0,0.0,0.0,0.0,0.0,0.0,0.0,0.0,0.0,0.0
Q8W2F3,0,430,U,test,0,1.0,0.0,0.0,0.0,0.0,0.0,0.0,0.0,0.0,0.0
Q8W487,3,250,S,test,3,0.0,0.0,0.0,0.8195432210676403,0.0,0.0,0.1804567789323597,0.0,0.0,0.0
Q8W4D0,0,631,U,test,0,0.8039408670309025,0.19605913296909744,0.0,0.0,0.0,0.0,0.0,0.0,0.0,0.0
Q8W4D8,0,314,U,test,0,0.8366782573672252,0.16332174263277482,0.0,0.0,0.0,0.0,0.0,0.0,0.0,0.0
Q8W4F1,6,284,S,test,6,0.0,0.17899404813865472,0.0,0.0,0.0,0.0,0.8210059518613453,0.0,0.0,0.0
Q8W4P8,5,611,M,test,0,0.42556605028034683,0.19216377965004683,0.0,0.0,0.0,0.1914470767299465,0.0,0.0,0.19082309333965977,0.0
Q8WN93,4,462,M,test,4,0.0,0.0,0.0,0.0,1.0,0.0,0.0,0.0,0.0,0.0
Q8WNR4,1,122,S,test,0,1.0,0.0,0.0,0.0,0.0,0.0,0.0,0.0,0.0,0.0
Q8WQL7,0,882,U,test,0,0.6012318434888846,0.39876815651111547,0.0,0.0,0.0,0.0,0.0,0.0,0.0,0.0
Q8WSR7,2,254,S,test,2,0.0,0.21168064771739645,0.5918346530264589,0.0,0.1964846992561447,0.0,0.0,0.0,0.0,0.0
Q8WTC1,3,280,U,test,3,0.20345491766686705,0.0,0.0,0.7965450823331329,0.0,0.0,0.0,0.0,0.0,0.0
Q8WUQ7,0,758,U,test,0,1.0,0.0,0.0,0.0,0.0,0.0,0.0,0.0,0.0,0.0
Q8WUU5,0,269,U,test,0,1.0,0.0,0.0,0.0,0.0,0.0,0.0,0.0,0.0,0.0
Q8WV22,0,266,U,test,0,0.8010096687845765,0.0,0.0,0.0,0.0,0.0,0.0,0.0,0.19899033121542348,0.0
Q8WVX9,9,515,M,test,5,0.0,0.0,0.0,0.0,0.18705988243744143,0.8129401175625586,0.0,0.0,0.0,0.0
Q8WW12,0,178,U,test,0,0.7647988696448406,0.2352011303551594,0.0,0.0,0.0,0.0,0.0,0.0,0.0,0.0
Q8WW38,0,1151,U,test,0,0.8038882729986266,0.1961117270013734,0.0,0.0,0.0,0.0,0.0,0.0,0.0,0.0
Q8WWF5,5,429,M,test,4,0.0,0.0,0.39819233665498327,0.0,0.6018076633450168,0.0,0.0,0.0,0.0,0.0
Q8WWL7,0,1395,U,test,0,0.8173778243857097,0.18262217561429037,0.0,0.0,0.0,0.0,0.0,0.0,0.0,0.0
Q8WWQ2,2,592,S,test,2,0.0,0.0,0.7990721206708441,0.0,0.2009278793291559,0.0,0.0,0.0,0.0,0.0
Q8WWZ8,0,545,U,test,2,0.0,0.0,0.6285730461300865,0.0,0.37142695386991353,0.0,0.0,0.0,0.0,0.0
Q8WXF8,0,326,U,test,1,0.24219652937784103,0.5798906216579001,0.0,0.0,0.17791284896425894,0.0,0.0,0.0,0.0,0.0
Q8WYH8,0,240,U,test,0,0.8196266144524444,0.1803733855475556,0.0,0.0,0.0,0.0,0.0,0.0,0.0,0.0
Q8WYQ3,3,142,S,test,0,0.5014561183321578,0.0,0.0,0.33113940538665015,0.16740447628119215,0.0,0.0,0.0,0.0,0.0
Q8WZK2,5,935,M,test,5,0.0,0.0,0.0,0.0,0.0,0.8262354824815962,0.0,0.1737645175184039,0.0,0.0
Q8X150,2,618,S,test,2,0.0,0.0,0.8047516532605068,0.1952483467394933,0.0,0.0,0.0,0.0,0.0,0.0
Q8X151,2,618,S,test,2,0.19398126799254478,0.0,0.6083878940352707,0.0,0.0,0.0,0.0,0.0,0.0,0.1976308379721846
Q8X168,2,350,S,test,2,0.0,0.0,1.0,0.0,0.0,0.0,0.0,0.0,0.0,0.0
Q8X1T0,1,201,S,test,1,0.18660115719022688,0.42496183799713594,0.0,0.0,0.0,0.0,0.0,0.0,0.0,0.38843700481263715
Q90738,1,729,S,test,1,0.19380562285209502,0.6164891449343798,0.0,0.0,0.1897052322135252,0.0,0.0,0.0,0.0,0.0
Q90812,4,420,M,test,4,0.0,0.0,0.0,0.0,0.7877297921215044,0.21227020787849554,0.0,0.0,0.0,0.0
Q90941,0,1633,U,test,0,0.5980264326264662,0.40197356737353385,0.0,0.0,0.0,0.0,0.0,0.0,0.0,0.0
Q90WV8,2,265,S,test,2,0.0,0.0,1.0,0.0,0.0,0.0,0.0,0.0,0.0,0.0
Q90WZ1,2,208,S,test,2,0.0,0.0,1.0,0.0,0.0,0.0,0.0,0.0,0.0,0.0
Q90X64,4,521,M,test,1,0.0,0.7807491186980057,0.0,0.0,0.0,0.0,0.0,0.0,0.21925088130199444,0.0
Q90YK5,2,523,S,test,5,0.0,0.0,0.20219798154904758,0.0,0.22370253077278499,0.3526084601430617,0.0,0.22149102753510574,0.0,0.0
Q90ZD5,2,456,S,test,2,0.0,0.0,1.0,0.0,0.0,0.0,0.0,0.0,0.0,0.0
Q91620,2,405,S,test,2,0.15062102068685723,0.0,0.8493789793131428,0.0,0.0,0.0,0.0,0.0,0.0,0.0
Q91821,4,651,M,test,4,0.0,0.3528410489392244,0.0,0.0,0.491793325754591,0.0,0.0,0.0,0.0,0.15536562530618464
Q91826,2,64,S,test,2,0.0,0.0,1.0,0.0,0.0,0.0,0.0,0.0,0.0,0.0
Q91876,0,720,U,test,0,1.0,0.0,0.0,0.0,0.0,0.0,0.0,0.0,0.0,0.0
Q91V79,5,292,M,test,5,0.0,0.0,0.0,0.0,0.18907962859480718,0.8109203714051928,0.0,0.0,0.0,0.0
Q91V88,2,561,S,test,2,0.0,0.0,1.0,0.0,0.0,0.0,0.0,0.0,0.0,0.0
Q91VN0,5,1614,M,test,4,0.0,0.0,0.0,0.0,0.8057871840623847,0.19421281593761536,0.0,0.0,0.0,0.0
Q91WC0,0,594,U,test,0,0.4131524989779595,0.19761748337754642,0.0,0.20175203129089236,0.0,0.18747798635360163,0.0,0.0,0.0,0.0
Q91WW2,4,313,M,test,4,0.0,0.0,0.0,0.0,1.0,0.0,0.0,0.0,0.0,0.0
Q91WW5,4,304,M,test,4,0.0,0.0,0.0,0.0,1.0,0.0,0.0,0.0,0.0,0.0
Q91XJ0,0,401,U,test,0,0.5946045861759602,0.4053954138240398,0.0,0.0,0.0,0.0,0.0,0.0,0.0,0.0
Q91XT6,0,489,U,test,1,0.19425395764723694,0.6143718206129051,0.0,0.0,0.19137422173985805,0.0,0.0,0.0,0.0,0.0
Q91YJ3,0,226,U,test,0,1.0,0.0,0.0,0.0,0.0,0.0,0.0,0.0,0.0,0.0
Q91YR1,1,350,S,test,1,0.19316795284208066,0.3952975572229337,0.0,0.0,0.0,0.18899300074530115,0.22254148918968458,0.0,0.0,0.0
Q91ZD4,4,521,M,test,1,0.0,0.7800735628251966,0.0,0.0,0.0,0.0,0.0,0.0,0.21992643717480354,0.0
Q91ZU1,1,418,S,test,1,0.0,0.6127175442589655,0.0,0.3872824557410345,0.0,0.0,0.0,0.0,0.0,0.0
Q920N1,1,254,S,test,1,0.1882396170251109,0.6283093806713141,0.0,0.18345100230357508,0.0,0.0,0.0,0.0,0.0,0.0
Q920S2,4,322,M,test,4,0.0,0.0,0.3713767214443684,0.0,0.6286232785556316,0.0,0.0,0.0,0.0,0.0
Q922B9,1,1252,S,test,1,0.3912626795863439,0.41535787504977356,0.0,0.0,0.1933794453638825,0.0,0.0,0.0,0.0,0.0
Q923Z3,3,669,U,test,3,0.0,0.1766693222164299,0.0,0.8233306777835702,0.0,0.0,0.0,0.0,0.0,0.0
Q92484,2,453,S,test,2,0.0,0.0,0.6214538817494762,0.0,0.1811302070872544,0.0,0.0,0.0,0.1974159111632693,0.0
Q924M5,1,281,S,test,1,0.39637392398820004,0.6036260760118,0.0,0.0,0.0,0.0,0.0,0.0,0.0,0.0
Q924N4,4,1150,M,test,4,0.1849129601629166,0.0,0.0,0.0,0.5902960263877627,0.2247910134493208,0.0,0.0,0.0,0.0
Q924W5,0,1097,U,test,0,1.0,0.0,0.0,0.0,0.0,0.0,0.0,0.0,0.0,0.0
Q92506,3,261,S,test,1,0.0,0.4181648657287434,0.0,0.19472616414070715,0.0,0.1964040913424429,0.0,0.0,0.0,0.19070487878810644
Q92521,5,554,M,test,5,0.0,0.0,0.0,0.0,0.16623422892073184,0.8337657710792682,0.0,0.0,0.0,0.0
Q92585,0,1016,U,test,0,1.0,0.0,0.0,0.0,0.0,0.0,0.0,0.0,0.0,0.0
Q925D4,0,263,M,test,8,0.182387318290833,0.0,0.0,0.0,0.19430113528936713,0.22372409105728897,0.0,0.0,0.3995874553625109,0.0
Q925J9,0,1575,U,test,0,0.4141530525479485,0.40317491925854454,0.0,0.0,0.18267202819350706,0.0,0.0,0.0,0.0,0.0
Q92643,5,395,M,test,5,0.1944039114722784,0.0,0.2064103166231826,0.0,0.19725924208279755,0.2091789975703609,0.0,0.19274753225138058,0.0,0.0
Q92754,0,450,U,test,0,0.8210963300546108,0.1789036699453892,0.0,0.0,0.0,0.0,0.0,0.0,0.0,0.0
Q92791,0,437,U,test,2,0.0,0.0,0.6122603214131099,0.0,0.0,0.38773967858689007,0.0,0.0,0.0,0.0
Q92833,0,1246,U,test,0,0.6153143068322232,0.3846856931677768,0.0,0.0,0.0,0.0,0.0,0.0,0.0,0.0
Q93373,4,773,M,test,4,0.0,0.0,0.0,0.0,1.0,0.0,0.0,0.0,0.0,0.0
Q93833,1,412,S,test,0,0.8239658049059424,0.17603419509405754,0.0,0.0,0.0,0.0,0.0,0.0,0.0,0.0
Q93V61,5,447,M,test,2,0.0,0.0,0.5695723517300361,0.0,0.20129599712685334,0.22913165114311057,0.0,0.0,0.0,0.0
Q93VJ2,5,881,M,test,5,0.339317295303428,0.0,0.0,0.0,0.0,0.488189637663607,0.0,0.0,0.17249306703296505,0.0
Q93VQ0,8,858,M,test,0,0.5732669669524137,0.18656471575729924,0.0,0.0,0.0,0.0,0.0,0.0,0.24016831729028698,0.0
Q93VY3,0,297,U,test,0,1.0,0.0,0.0,0.0,0.0,0.0,0.0,0.0,0.0,0.0
Q93WX6,6,463,S,test,3,0.0,0.20749073454799805,0.0,0.5931671138422033,0.0,0.0,0.19934215160979868,0.0,0.0,0.0
Q93YP7,3,407,M,test,6,0.0,0.0,0.0,0.0,0.0,0.0,1.0,0.0,0.0,0.0
Q93ZM9,0,197,U,test,0,1.0,0.0,0.0,0.0,0.0,0.0,0.0,0.0,0.0,0.0
Q93ZS9,0,580,U,test,0,0.6020704014878481,0.20736735234296622,0.0,0.0,0.0,0.0,0.1905622461691857,0.0,0.0,0.0
Q941D3,6,239,U,test,6,0.0,0.0,0.0,0.0,0.0,0.0,1.0,0.0,0.0,0.0
Q941F1,6,515,U,test,6,0.0,0.0,0.0,0.0,0.0,0.0,1.0,0.0,0.0,0.0
Q944H2,6,391,M,test,6,0.0,0.0,0.0,0.0,0.0,0.0,1.0,0.0,0.0,0.0
Q944N1,0,399,U,test,0,1.0,0.0,0.0,0.0,0.0,0.0,0.0,0.0,0.0,0.0
Q945K7,3,374,U,test,3,0.0,0.18731933567697745,0.0,0.6036136241335498,0.0,0.0,0.20906704018947272,0.0,0.0,0.0
Q94637,2,1648,S,test,5,0.18729041935349683,0.0,0.24226049486194934,0.0,0.1870357999636593,0.3834132858208946,0.0,0.0,0.0,0.0
Q946J8,0,445,U,test,0,1.0,0.0,0.0,0.0,0.0,0.0,0.0,0.0,0.0,0.0
Q948R1,6,447,U,test,6,0.0,0.1477323181732956,0.0,0.0,0.34186410884611995,0.0,0.5104035729805846,0.0,0.0,0.0
Q948T9,4,867,M,test,0,0.6044584350844387,0.39554156491556125,0.0,0.0,0.0,0.0,0.0,0.0,0.0,0.0
Q948U0,4,963,M,test,0,0.5853646886740798,0.0,0.0,0.4146353113259203,0.0,0.0,0.0,0.0,0.0,0.0
Q94981,1,503,S,test,0,0.7941464840184619,0.20585351598153814,0.0,0.0,0.0,0.0,0.0,0.0,0.0,0.0
Q949Q5,6,140,M,test,6,0.0,0.0,0.0,0.0,0.0,0.0,1.0,0.0,0.0,0.0
Q949S9,0,253,U,test,0,0.6112168230814519,0.38878317691854813,0.0,0.0,0.0,0.0,0.0,0.0,0.0,0.0
Q949W6,0,485,M,test,1,0.1971341145060071,0.4094772164926152,0.0,0.0,0.0,0.3933886690013777,0.0,0.0,0.0,0.0
Q94A68,6,377,S,test,3,0.0,0.0,0.0,0.5991668030442238,0.0,0.18532320789960044,0.21550998905617583,0.0,0.0,0.0
Q94AI7,0,1131,U,test,0,0.6275032287846771,0.18329384807542115,0.0,0.0,0.0,0.0,0.0,0.0,0.18920292313990172,0.0
Q94AP3,8,389,M,test,8,0.0,0.0,0.0,0.21559457585545436,0.0,0.0,0.0,0.23088469183601734,0.5535207323085283,0.0
Q94AV5,0,459,M,test,0,0.8053432713668482,0.19465672863315184,0.0,0.0,0.0,0.0,0.0,0.0,0.0,0.0
Q94BP7,1,741,S,test,0,0.810183929503389,0.18981607049661095,0.0,0.0,0.0,0.0,0.0,0.0,0.0,0.0
Q94CC0,5,480,M,test,0,0.3994448642122816,0.0,0.0,0.19773314138674367,0.2078173331731257,0.0,0.19500466122784912,0.0,0.0,0.0
Q94CG5,1,974,S,test,1,0.0,0.5451274531835133,0.0,0.0,0.2733955759212395,0.0,0.0,0.18147697089524728,0.0,0.0
Q94F00,6,371,S,test,6,0.0,0.0,0.0,0.21331885456654584,0.0,0.0,0.7866811454334541,0.0,0.0,0.0
Q94FB9,9,1337,M,test,4,0.0,0.19355614509997474,0.0,0.2015813957456657,0.3965791434104989,0.0,0.20828331574386075,0.0,0.0,0.0
Q94ID1,3,329,U,test,3,0.0,0.19891017330740884,0.0,0.8010898266925911,0.0,0.0,0.0,0.0,0.0,0.0
Q94ID2,6,330,U,test,3,0.19177184000776956,0.21585601837985502,0.0,0.5923721416123755,0.0,0.0,0.0,0.0,0.0,0.0
Q94ID3,6,357,U,test,6,0.19192794458983012,0.0,0.0,0.19886242988399044,0.0,0.0,0.6092096255261795,0.0,0.0,0.0
Q94JX5,1,190,S,test,1,0.19467264746732788,0.8053273525326721,0.0,0.0,0.0,0.0,0.0,0.0,0.0,0.0
Q94KI8,8,733,M,test,4,0.0,0.0,0.0,0.0,0.60660141053078,0.0,0.0,0.0,0.39339858946921996,0.0
Q95218,2,1594,S,test,2,0.0,0.0,0.5999816932144096,0.0,0.40001830678559047,0.0,0.0,0.0,0.0,0.0
Q95J56,5,699,M,test,0,1.0,0.0,0.0,0.0,0.0,0.0,0.0,0.0,0.0,0.0
Q95M12,8,433,U,test,2,0.0,0.0,0.414327927510576,0.19018832303157698,0.1983861540916126,0.19709759536623442,0.0,0.0,0.0,0.0
Q95T19,3,464,U,test,3,0.0,0.1861326001052071,0.0,0.8138673998947928,0.0,0.0,0.0,0.0,0.0,0.0
Q95XZ6,8,311,M,test,4,0.0,0.0,0.0,0.0,0.3999724559260953,0.20560848187311143,0.0,0.0,0.3944190622007934,0.0
Q960V3,3,1122,U,test,7,0.1966165944514691,0.19674667285039268,0.0,0.0,0.20874564037787705,0.0,0.0,0.20953460585395023,0.18835648646631103,0.0
Q96285,4,661,M,test,4,0.0,0.0,0.0,0.0,1.0,0.0,0.0,0.0,0.0,0.0
Q96288,0,248,U,test,0,0.8186375811778518,0.18136241882214818,0.0,0.0,0.0,0.0,0.0,0.0,0.0,0.0
Q969D9,2,159,S,test,4,0.0,0.0,0.1995351224593989,0.0,0.8004648775406011,0.0,0.0,0.0,0.0,0.0
Q969J2,0,545,U,test,0,1.0,0.0,0.0,0.0,0.0,0.0,0.0,0.0,0.0,0.0
Q969V3,5,563,M,test,7,0.0,0.0,0.0,0.0,0.0,0.42679259482767845,0.0,0.5732074051723216,0.0,0.0
Q969X6,0,686,U,test,0,1.0,0.0,0.0,0.0,0.0,0.0,0.0,0.0,0.0,0.0
Q96AG3,3,418,M,test,3,0.0,0.0,0.0,0.8175596895004362,0.0,0.0,0.0,0.0,0.18244031049956375,0.0
Q96AY2,0,570,U,test,0,1.0,0.0,0.0,0.0,0.0,0.0,0.0,0.0,0.0,0.0
Q96B02,0,151,U,test,0,1.0,0.0,0.0,0.0,0.0,0.0,0.0,0.0,0.0,0.0
Q96BF6,0,587,U,test,0,1.0,0.0,0.0,0.0,0.0,0.0,0.0,0.0,0.0,0.0
Q96BH3,2,223,S,test,2,0.0,0.0,1.0,0.0,0.0,0.0,0.0,0.0,0.0,0.0
Q96BN2,0,335,U,test,0,0.7969103867340185,0.20308961326598157,0.0,0.0,0.0,0.0,0.0,0.0,0.0,0.0
Q96BP3,0,646,U,test,0,0.6141378058326237,0.38586219416737627,0.0,0.0,0.0,0.0,0.0,0.0,0.0,0.0
Q96BY9,5,339,M,test,4,0.0,0.19219857443082713,0.0,0.0,0.6054325740766534,0.0,0.0,0.0,0.0,0.20236885149251949
Q96BY9-2,5,167,M,test,1,0.18927547778141024,0.619403698867613,0.0,0.0,0.19132082335097672,0.0,0.0,0.0,0.0,0.0
Q96C03,3,454,M,test,4,0.16922184048656286,0.0,0.0,0.18716377825675723,0.4977285216250273,0.0,0.0,0.0,0.0,0.14588585963165268
Q96C10,1,678,S,test,0,0.7901249328988708,0.20987506710112921,0.0,0.0,0.0,0.0,0.0,0.0,0.0,0.0
Q96CJ1,0,260,U,test,0,0.6054116753501585,0.19766153695075872,0.0,0.0,0.0,0.19692678769908264,0.0,0.0,0.0,0.0
Q96CN5,1,670,S,test,1,0.22498958946355413,0.7750104105364458,0.0,0.0,0.0,0.0,0.0,0.0,0.0,0.0
Q96DI7,0,357,U,test,0,0.5891864136706858,0.4108135863293143,0.0,0.0,0.0,0.0,0.0,0.0,0.0,0.0
Q96DZ1,5,483,S,test,5,0.1592523364263573,0.0,0.15040486411207088,0.0,0.0,0.5385690522228751,0.0,0.15177374723869672,0.0,0.0
Q96E29,3,417,U,test,3,0.0,0.0,0.0,0.5975323708013811,0.0,0.0,0.402467629198619,0.0,0.0,0.0
Q96EG1,8,525,U,test,5,0.0,0.0,0.0,0.37926423129445436,0.23062375357965037,0.3901120151258952,0.0,0.0,0.0,0.0
Q96EP1,0,664,U,test,1,0.3729920994610458,0.43674212475117047,0.0,0.0,0.1902657757877837,0.0,0.0,0.0,0.0,0.0
Q96EX3,1,536,S,test,0,0.7982902625671077,0.0,0.0,0.0,0.0,0.20170973743289233,0.0,0.0,0.0,0.0
Q96G97,5,398,M,test,4,0.39613049903415926,0.0,0.0,0.0,0.6038695009658407,0.0,0.0,0.0,0.0,0.0
Q96GG9,0,259,U,test,1,0.0,1.0,0.0,0.0,0.0,0.0,0.0,0.0,0.0,0.0
Q96GM5,0,515,U,test,0,1.0,0.0,0.0,0.0,0.0,0.0,0.0,0.0,0.0,0.0
Q96GX9,1,242,S,test,3,0.2032805357484912,0.20416575487978156,0.0,0.5925537093717272,0.0,0.0,0.0,0.0,0.0,0.0
Q96HY6,5,314,U,test,0,0.7458374789944945,0.2541625210055055,0.0,0.0,0.0,0.0,0.0,0.0,0.0,0.0
Q96HY7,3,919,U,test,3,0.17544947407723502,0.20878348323015625,0.0,0.6157670426926088,0.0,0.0,0.0,0.0,0.0,0.0
Q96I25,0,401,U,test,0,0.8048792354636808,0.19512076453631919,0.0,0.0,0.0,0.0,0.0,0.0,0.0,0.0
Q96JC9,0,268,U,test,1,0.18830302522625278,0.8116969747737472,0.0,0.0,0.0,0.0,0.0,0.0,0.0,0.0
Q96JK9,0,1138,U,test,0,1.0,0.0,0.0,0.0,0.0,0.0,0.0,0.0,0.0,0.0
Q96JW4,4,573,M,test,4,0.0,0.0,0.0,0.21930083235630196,0.559881672864654,0.0,0.0,0.2208174947790441,0.0,0.0
Q96M02,1,699,S,test,0,0.5362659379565436,0.20063313522935178,0.0,0.0,0.26310092681410463,0.0,0.0,0.0,0.0,0.0
Q96M11,1,299,S,test,0,0.7888979410916593,0.21110205890834072,0.0,0.0,0.0,0.0,0.0,0.0,0.0,0.0
Q96M32,1,723,S,test,0,0.5909264081270593,0.19652491285061138,0.0,0.0,0.2125486790223293,0.0,0.0,0.0,0.0,0.0
Q96MT8,1,703,S,test,0,0.6424423569779243,0.0,0.0,0.0,0.0,0.0,0.0,0.3575576430220758,0.0,0.0
Q96MU7,0,727,U,test,0,1.0,0.0,0.0,0.0,0.0,0.0,0.0,0.0,0.0,0.0
Q96MW5,7,612,M,test,0,0.8050341848537794,0.19496581514622058,0.0,0.0,0.0,0.0,0.0,0.0,0.0,0.0
Q96N77,0,438,U,test,0,1.0,0.0,0.0,0.0,0.0,0.0,0.0,0.0,0.0,0.0
Q96NL6,1,688,S,test,1,0.0,0.8105386279865392,0.0,0.0,0.0,0.0,0.0,0.18946137201346086,0.0,0.0
Q96NY9,0,551,U,test,0,0.8031722888816123,0.0,0.0,0.19682771111838776,0.0,0.0,0.0,0.0,0.0,0.0
Q96PN7,0,1200,U,test,0,1.0,0.0,0.0,0.0,0.0,0.0,0.0,0.0,0.0,0.0
Q96PU5,1,975,S,test,1,0.20022459122431055,0.7997754087756895,0.0,0.0,0.0,0.0,0.0,0.0,0.0,0.0
Q96Q11,3,434,U,test,1,0.0,0.3843510619071711,0.1936281251811441,0.19879620325784164,0.0,0.0,0.0,0.0,0.0,0.22322460965384308
Q96QG7,1,549,S,test,1,0.16644280887300436,0.8335571911269957,0.0,0.0,0.0,0.0,0.0,0.0,0.0,0.0
Q96RT7,1,1819,S,test,1,0.19085175724425282,0.8091482427557473,0.0,0.0,0.0,0.0,0.0,0.0,0.0,0.0
Q96S37,4,553,M,test,4,0.0,0.0,0.0,0.0,0.6106097180691439,0.17478862741673581,0.0,0.0,0.21460165451412033,0.0
Q96S94,0,520,S,test,0,0.8301079136665874,0.16989208633341266,0.0,0.0,0.0,0.0,0.0,0.0,0.0,0.0
Q96SB8,0,1091,U,test,0,1.0,0.0,0.0,0.0,0.0,0.0,0.0,0.0,0.0,0.0
Q96T37,0,977,M,test,1,0.3868245339715819,0.413080107490254,0.0,0.0,0.0,0.0,0.0,0.0,0.0,0.20009535853816413
Q96T58,0,3664,U,test,0,1.0,0.0,0.0,0.0,0.0,0.0,0.0,0.0,0.0,0.0
Q96TA2,3,773,M,test,3,0.38817681486963324,0.21227501266502957,0.0,0.39954817246533725,0.0,0.0,0.0,0.0,0.0,0.0
Q96VH5,3,97,M,test,3,0.0,0.0,0.0,0.8015468149425935,0.0,0.19845318505740653,0.0,0.0,0.0,0.0
Q96WW4,5,371,M,test,4,0.2090224511125811,0.0,0.0,0.0,0.6145612781755965,0.0,0.0,0.0,0.17641627071182245,0.0
Q98SJ2,1,360,S,test,1,0.3912332205236174,0.6087667794763826,0.0,0.0,0.0,0.0,0.0,0.0,0.0,0.0
Q99109,2,652,S,test,2,0.0,0.0,1.0,0.0,0.0,0.0,0.0,0.0,0.0,0.0
Q99134,2,64,S,test,2,0.0,0.0,1.0,0.0,0.0,0.0,0.0,0.0,0.0,0.0
Q99158,5,426,S,test,5,0.2068957392395445,0.1866942879216328,0.0,0.0,0.1935811234994225,0.2134667415096089,0.1993621078297913,0.0,0.0,0.0
Q99177,0,341,U,test,1,0.39530641464225624,0.6046935853577438,0.0,0.0,0.0,0.0,0.0,0.0,0.0,0.0
Q99332,5,602,M,test,1,0.20222075025572753,0.572892488544864,0.0,0.0,0.0,0.0,0.0,0.0,0.2248867611994086,0.0
Q99549,0,860,U,test,0,1.0,0.0,0.0,0.0,0.0,0.0,0.0,0.0,0.0,0.0
Q99590,0,1463,U,test,0,0.7696877731405054,0.23031222685949465,0.0,0.0,0.0,0.0,0.0,0.0,0.0,0.0
Q99638,0,391,U,test,0,1.0,0.0,0.0,0.0,0.0,0.0,0.0,0.0,0.0,0.0
Q99678,4,358,M,test,4,0.0,0.0,0.0,0.0,1.0,0.0,0.0,0.0,0.0,0.0
Q99714,3,261,U,test,9,0.0,0.24327214845099743,0.0,0.1767381600233864,0.0,0.0,0.0,0.0,0.0,0.5799896915256162
Q99732,8,161,M,test,1,0.20180826731540338,0.6041984965458602,0.0,0.0,0.0,0.0,0.0,0.0,0.1939932361387364,0.0
Q99788,4,373,M,test,4,0.0,0.0,0.0,0.0,1.0,0.0,0.0,0.0,0.0,0.0
Q99871,1,368,S,test,1,0.1993912424206287,0.8006087575793713,0.0,0.0,0.0,0.0,0.0,0.0,0.0,0.0
Q99J87,1,678,S,test,0,0.7901064858458966,0.20989351415410337,0.0,0.0,0.0,0.0,0.0,0.0,0.0,0.0
Q99JS0,4,100,M,test,4,0.0,0.0,0.0,0.19531563812531186,0.40077781573331905,0.0,0.0,0.19098304195351892,0.21292350418785022,0.0
Q99JX3,7,451,M,test,0,0.401621062901095,0.39566580377380983,0.0,0.0,0.20271313332509514,0.0,0.0,0.0,0.0,0.0
Q99K48,0,473,U,test,0,0.6006273752598354,0.3993726247401645,0.0,0.0,0.0,0.0,0.0,0.0,0.0,0.0
Q99KK2,0,432,U,test,1,0.0,0.4063268882063738,0.0,0.19710030758307095,0.0,0.0,0.20132642448788662,0.0,0.0,0.1952463797226686
Q99LQ4,2,66,S,test,0,0.8020153228422207,0.0,0.0,0.19798467715777934,0.0,0.0,0.0,0.0,0.0,0.0
Q99MG7,2,172,S,test,2,0.0,0.0,1.0,0.0,0.0,0.0,0.0,0.0,0.0,0.0
Q99ML4,5,431,M,test,2,0.0,0.0,0.5748479615817306,0.0,0.0,0.23892067852798746,0.0,0.186231359890282,0.0,0.0
Q99ML8,2,113,S,test,4,0.0,0.0,0.202093691036212,0.19772036197992646,0.38803542918692846,0.21215051779693314,0.0,0.0,0.0,0.0
Q99MQ1,1,977,S,test,0,0.5789987492707539,0.42100125072924605,0.0,0.0,0.0,0.0,0.0,0.0,0.0,0.0
Q99MS4,2,279,S,test,2,0.0,0.0,1.0,0.0,0.0,0.0,0.0,0.0,0.0,0.0
Q99MU0,0,676,U,test,0,0.8046105798521603,0.19538942014783972,0.0,0.0,0.0,0.0,0.0,0.0,0.0,0.0
Q99MV1,1,1172,S,test,0,0.8077742283545102,0.19222577164548985,0.0,0.0,0.0,0.0,0.0,0.0,0.0,0.0
Q99MV2,1,351,S,test,2,0.37468442092945375,0.0,0.4337577729178305,0.0,0.19155780615271567,0.0,0.0,0.0,0.0,0.0
Q99N93,3,251,U,test,3,0.0,0.0,0.0,1.0,0.0,0.0,0.0,0.0,0.0,0.0
Q99NB1,3,682,S,test,3,0.0,0.0,0.0,1.0,0.0,0.0,0.0,0.0,0.0,0.0
Q99P30,9,236,U,test,1,0.0,0.8072157680649128,0.0,0.0,0.0,0.0,0.0,0.0,0.0,0.19278423193508715
Q99PQ1,1,284,S,test,1,0.0,1.0,0.0,0.0,0.0,0.0,0.0,0.0,0.0,0.0
Q9ASQ7,4,519,M,test,4,0.0,0.0,0.0,0.0,0.8001942325991277,0.19980576740087239,0.0,0.0,0.0,0.0
Q9BMK9,4,1001,M,test,4,0.0,0.0,0.0,0.0,0.40508897049763065,0.226076249615272,0.0,0.0,0.36883477988709734,0.0
Q9BQ83,0,275,U,test,3,0.19889236698835003,0.19445567816228354,0.0,0.20526762514293728,0.0,0.20440910461596745,0.0,0.1969752250904617,0.0,0.0
Q9BQA5,0,517,U,test,0,1.0,0.0,0.0,0.0,0.0,0.0,0.0,0.0,0.0,0.0
Q9BQB4,2,213,S,test,2,0.0,0.0,1.0,0.0,0.0,0.0,0.0,0.0,0.0,0.0
Q9BQQ3,7,440,M,test,1,0.3614851411568226,0.44783685315073385,0.0,0.0,0.19067800569244348,0.0,0.0,0.0,0.0,0.0
Q9BR76,1,489,S,test,0,0.7992811243855579,0.20071887561444213,0.0,0.0,0.0,0.0,0.0,0.0,0.0,0.0
Q9BSH3,0,213,U,test,1,0.0,1.0,0.0,0.0,0.0,0.0,0.0,0.0,0.0,0.0
Q9BTP7,0,215,U,test,0,0.8000535797543554,0.0,0.0,0.0,0.0,0.0,0.0,0.1999464202456446,0.0,0.0
Q9BUL9,0,199,U,test,0,0.6139720530128455,0.19462755654961472,0.0,0.1914003904375398,0.0,0.0,0.0,0.0,0.0,0.0
Q9BV35,3,468,M,test,3,0.0,0.0,0.0,0.7991347676100253,0.0,0.0,0.20086523238997467,0.0,0.0,0.0
Q9BVJ6,0,771,U,test,0,1.0,0.0,0.0,0.0,0.0,0.0,0.0,0.0,0.0,0.0
Q9BVK8,5,224,M,test,5,0.0,0.0,0.0,0.0,0.17923075671092797,0.6501068457370635,0.0,0.1706623975520086,0.0,0.0
Q9BVV6,1,1533,S,test,0,0.8030385257297247,0.19696147427027527,0.0,0.0,0.0,0.0,0.0,0.0,0.0,0.0
Q9BW62,1,490,S,test,0,0.42584763308813944,0.20035485339005885,0.0,0.1816581210900858,0.0,0.0,0.1921393924317159,0.0,0.0,0.0
Q9BWV1,4,1114,M,test,4,0.0,0.0,0.0,0.0,1.0,0.0,0.0,0.0,0.0,0.0
Q9BWW7,0,348,U,test,0,1.0,0.0,0.0,0.0,0.0,0.0,0.0,0.0,0.0,0.0
Q9BX84,4,2022,M,test,1,0.39004856742856875,0.41705465759912164,0.0,0.0,0.1928967749723096,0.0,0.0,0.0,0.0,0.0
Q9BX95,5,441,M,test,8,0.0,0.0,0.0,0.0,0.37409750825381594,0.18312100933654,0.0,0.0,0.4427814824096441,0.0
Q9BXB5,1,764,S,test,0,0.8149935358934631,0.1850064641065369,0.0,0.0,0.0,0.0,0.0,0.0,0.0,0.0
Q9BXL5,0,484,U,test,0,0.5739047940789344,0.4260952059210656,0.0,0.0,0.0,0.0,0.0,0.0,0.0,0.0
Q9BXS1,9,227,U,test,1,0.0,0.5848059900892748,0.20791522195869552,0.0,0.0,0.0,0.0,0.0,0.0,0.20727878795202956
Q9BY07,4,1137,M,test,4,0.0,0.0,0.0,0.0,1.0,0.0,0.0,0.0,0.0,0.0
Q9BYC9,3,149,U,test,3,0.0,0.41835697549767714,0.0,0.5816430245023229,0.0,0.0,0.0,0.0,0.0,0.0
Q9BYD1,3,178,U,test,3,0.19193768310953077,0.4007414141697179,0.0,0.4073209027207513,0.0,0.0,0.0,0.0,0.0,0.0
Q9BYG8,1,508,S,test,1,0.16909005193877244,0.8309099480612275,0.0,0.0,0.0,0.0,0.0,0.0,0.0,0.0
Q9BYK8,0,2649,U,test,0,0.36975166349971034,0.2630993700876862,0.0,0.36714896641260353,0.0,0.0,0.0,0.0,0.0,0.0
Q9C0E8,5,428,M,test,0,0.6072415004140667,0.0,0.0,0.19367273455349304,0.0,0.0,0.0,0.0,0.0,0.1990857650324403
Q9C0U6,1,555,S,test,1,0.0,0.8006004214723429,0.0,0.0,0.0,0.0,0.0,0.0,0.0,0.19939957852765716
Q9C0Z8,3,319,U,test,1,0.3956704806411266,0.6043295193588735,0.0,0.0,0.0,0.0,0.0,0.0,0.0,0.0
Q9C1W6,1,395,S,test,1,0.15522804709570404,0.44355525267874407,0.0,0.0,0.0,0.0,0.0,0.40121670022555195,0.0,0.0
Q9C4Z7,6,229,U,test,6,0.0,0.0,0.0,0.0,0.0,0.0,1.0,0.0,0.0,0.0
Q9C5P4,0,669,U,test,0,1.0,0.0,0.0,0.0,0.0,0.0,0.0,0.0,0.0,0.0
Q9C5S1,1,784,S,test,0,0.6201571356990656,0.3798428643009344,0.0,0.0,0.0,0.0,0.0,0.0,0.0,0.0
Q9C5S2,5,841,M,test,5,0.0,0.0,0.0,0.0,0.17685025361623785,0.6420191868958368,0.0,0.0,0.18113055948792536,0.0
Q9C5Y2,5,489,M,test,5,0.0,0.0,0.0,0.0,0.0,1.0,0.0,0.0,0.0,0.0
Q9C658,1,611,S,test,1,0.3436056075274881,0.656394392472512,0.0,0.0,0.0,0.0,0.0,0.0,0.0,0.0
Q9C8J6,6,527,U,test,6,0.0,0.0,0.0,0.0,0.0,0.0,1.0,0.0,0.0,0.0
Q9C8L2,6,287,S,test,6,0.0,0.0,0.0,0.0,0.0,0.0,1.0,0.0,0.0,0.0
Q9C8M5,1,476,S,test,1,0.0,0.892797189670581,0.0,0.0,0.10720281032941906,0.0,0.0,0.0,0.0,0.0
Q9C8N5,0,499,U,test,0,0.7886912092064046,0.21130879079359544,0.0,0.0,0.0,0.0,0.0,0.0,0.0,0.0
Q9C932,0,317,U,test,0,1.0,0.0,0.0,0.0,0.0,0.0,0.0,0.0,0.0,0.0
Q9C952,0,693,U,test,0,1.0,0.0,0.0,0.0,0.0,0.0,0.0,0.0,0.0,0.0
Q9C9N6,1,607,S,test,0,0.3563320294492414,0.21047430031684247,0.0,0.0,0.0,0.0,0.16736819294059285,0.0,0.2658254772933233,0.0
Q9C9X7,0,419,U,test,0,0.5889044207055633,0.4110955792944367,0.0,0.0,0.0,0.0,0.0,0.0,0.0,0.0
Q9CA19,3,154,U,test,3,0.0,0.3915186173268494,0.0,0.4243602031538835,0.0,0.0,0.18412117951926713,0.0,0.0,0.0
Q9CAC5,6,191,M,test,6,0.0,0.0,0.0,0.0,0.0,0.0,1.0,0.0,0.0,0.0
Q9CAE4,0,261,U,test,0,0.8119802976076849,0.1880197023923151,0.0,0.0,0.0,0.0,0.0,0.0,0.0,0.0
Q9CAL8,4,710,M,test,4,0.107212928637278,0.0,0.0,0.0,0.7714973044123493,0.0,0.0,0.12128976695037268,0.0,0.0
Q9CQ45,2,171,S,test,0,0.3880619872755139,0.0,0.22437188135681632,0.38756613136766976,0.0,0.0,0.0,0.0,0.0,0.0
Q9CQL4,3,149,U,test,3,0.0,0.41813278157218275,0.0,0.5818672184278173,0.0,0.0,0.0,0.0,0.0,0.0
Q9CQN4,2,206,S,test,2,0.0,0.0,1.0,0.0,0.0,0.0,0.0,0.0,0.0,0.0
Q9CRZ8,5,162,M,test,4,0.0,0.0,0.0,0.0,0.6112405767373306,0.38875942326266943,0.0,0.0,0.0,0.0
Q9CUU3,0,1500,U,test,1,0.45857379182371133,0.5414262081762887,0.0,0.0,0.0,0.0,0.0,0.0,0.0,0.0
Q9CWH0,0,301,U,test,0,1.0,0.0,0.0,0.0,0.0,0.0,0.0,0.0,0.0,0.0
Q9CXD9,2,443,S,test,2,0.0,0.0,1.0,0.0,0.0,0.0,0.0,0.0,0.0,0.0
Q9CY02,1,102,S,test,0,0.632761498663907,0.36723850133609304,0.0,0.0,0.0,0.0,0.0,0.0,0.0,0.0
Q9CZ16,5,297,M,test,5,0.0,0.0,0.0,0.0,0.3746526209097661,0.44031068645532473,0.0,0.1850366926349092,0.0,0.0
Q9D023,3,127,M,test,5,0.0,0.0,0.0,0.21693989254109397,0.0,0.5837145508039822,0.0,0.19934555665492382,0.0,0.0
Q9D198,0,242,U,test,0,0.8084929431184029,0.0,0.0,0.19150705688159705,0.0,0.0,0.0,0.0,0.0,0.0
Q9D1F4,1,257,S,test,0,0.6019370281607398,0.20211097311422754,0.0,0.0,0.1959519987250326,0.0,0.0,0.0,0.0,0.0
Q9D1T0,4,614,M,test,2,0.0,0.0,0.5536047998041088,0.0,0.4463952001958913,0.0,0.0,0.0,0.0,0.0
Q9D219,0,1425,U,test,0,1.0,0.0,0.0,0.0,0.0,0.0,0.0,0.0,0.0,0.0
Q9D495,0,329,U,test,1,0.3658147233361361,0.6341852766638639,0.0,0.0,0.0,0.0,0.0,0.0,0.0,0.0
Q9D563,4,222,M,test,4,0.0,0.0,0.0,0.0,0.747553822691912,0.2524461773080881,0.0,0.0,0.0,0.0
Q9D6I7,5,428,M,test,7,0.0,0.0,0.0,0.0,0.0,0.0,0.0,1.0,0.0,0.0
Q9D6Z6,2,183,S,test,0,0.3920865661869252,0.20901682722557702,0.20189389292958346,0.0,0.19700271365791427,0.0,0.0,0.0,0.0,0.0
Q9D7G9,1,263,S,test,0,1.0,0.0,0.0,0.0,0.0,0.0,0.0,0.0,0.0,0.0
Q9D7K2,0,161,U,test,0,0.5926081688641257,0.40739183113587424,0.0,0.0,0.0,0.0,0.0,0.0,0.0,0.0
Q9DDT5,0,1084,U,test,0,1.0,0.0,0.0,0.0,0.0,0.0,0.0,0.0,0.0,0.0
Q9EPK6,5,465,S,test,1,0.0,1.0,0.0,0.0,0.0,0.0,0.0,0.0,0.0,0.0
Q9EQ14,2,196,S,test,2,0.1614965023250035,0.0,0.6595525946287298,0.0,0.17895090304626676,0.0,0.0,0.0,0.0,0.0
Q9EQJ4,0,579,U,test,0,1.0,0.0,0.0,0.0,0.0,0.0,0.0,0.0,0.0,0.0
Q9EQR5,4,269,M,test,4,0.0,0.0,0.0,0.0,0.8263289960601939,0.0,0.0,0.17367100393980617,0.0,0.0
Q9ERP3,1,366,S,test,0,0.8078816563330391,0.1921183436669609,0.0,0.0,0.0,0.0,0.0,0.0,0.0,0.0
Q9ERU2,0,237,U,test,0,1.0,0.0,0.0,0.0,0.0,0.0,0.0,0.0,0.0,0.0
Q9ERZ0,0,503,U,test,0,0.7993047319402119,0.20069526805978813,0.0,0.0,0.0,0.0,0.0,0.0,0.0,0.0
Q9ESC8,0,1160,U,test,0,0.8145662580585077,0.0,0.0,0.0,0.18543374194149237,0.0,0.0,0.0,0.0,0.0
Q9ESP5,0,455,U,test,0,1.0,0.0,0.0,0.0,0.0,0.0,0.0,0.0,0.0,0.0
Q9EST4,0,264,U,test,1,0.4016156140765265,0.5983843859234734,0.0,0.0,0.0,0.0,0.0,0.0,0.0,0.0
Q9FE22,0,292,U,test,0,1.0,0.0,0.0,0.0,0.0,0.0,0.0,0.0,0.0,0.0
Q9FEE2,1,480,S,test,8,0.20355854073111876,0.20736070086182096,0.0,0.0,0.1935366343179198,0.0,0.0,0.0,0.3955441240891405,0.0
Q9FEN9,0,228,U,test,0,1.0,0.0,0.0,0.0,0.0,0.0,0.0,0.0,0.0,0.0
Q9FFA2,0,426,U,test,0,0.8108308798030676,0.18916912019693238,0.0,0.0,0.0,0.0,0.0,0.0,0.0,0.0
Q9FFD9,5,368,M,test,5,0.19822830720031206,0.0,0.0,0.0,0.0,0.629263152109466,0.0,0.17250854069022195,0.0,0.0
Q9FFH3,0,466,U,test,0,1.0,0.0,0.0,0.0,0.0,0.0,0.0,0.0,0.0,0.0
Q9FFK6,0,810,U,test,0,1.0,0.0,0.0,0.0,0.0,0.0,0.0,0.0,0.0,0.0
Q9FG00,4,491,M,test,8,0.0,0.0,0.0,0.0,0.43369194891424795,0.0,0.0,0.0,0.5663080510857521,0.0
Q9FG36,6,210,S,test,6,0.0,0.0,0.0,0.0,0.0,0.0,1.0,0.0,0.0,0.0
Q9FH18,0,509,M,test,0,0.8101725284912452,0.0,0.0,0.0,0.1898274715087548,0.0,0.0,0.0,0.0,0.0
Q9FHM5,0,419,U,test,0,1.0,0.0,0.0,0.0,0.0,0.0,0.0,0.0,0.0,0.0
Q9FHW2,0,171,U,test,0,1.0,0.0,0.0,0.0,0.0,0.0,0.0,0.0,0.0,0.0
Q9FI76,9,157,U,test,3,0.0,0.39325491485787883,0.0,0.4208936010354944,0.0,0.0,0.0,0.0,0.0,0.18585148410662683
Q9FJV0,1,356,S,test,1,0.17767052276280734,0.8223294772371926,0.0,0.0,0.0,0.0,0.0,0.0,0.0,0.0
Q9FJX3,3,276,M,test,3,0.0,0.0,0.0,0.8468492746103721,0.0,0.0,0.1531507253896279,0.0,0.0,0.0
Q9FK07,3,579,U,test,6,0.0,0.0,0.0,0.0,0.1846483314987326,0.0,0.8153516685012674,0.0,0.0,0.0
Q9FKB5,0,222,S,test,0,0.6055790019188093,0.0,0.0,0.20824158667033224,0.18617941141085856,0.0,0.0,0.0,0.0,0.0
Q9FKM2,3,274,M,test,3,0.0,0.0,0.0,0.8665774740684657,0.0,0.0,0.13342252593153425,0.0,0.0,0.0
Q9FKW0,0,522,U,test,0,0.7730029684404626,0.2269970315595375,0.0,0.0,0.0,0.0,0.0,0.0,0.0,0.0
Q9FL03,0,584,U,test,0,1.0,0.0,0.0,0.0,0.0,0.0,0.0,0.0,0.0,0.0
Q9FLV9,4,635,M,test,8,0.0,0.0,0.0,0.0,0.19315753063209973,0.19215429373486706,0.0,0.17656606091742078,0.4381221147156124,0.0
Q9FM85,4,408,M,test,4,0.0,0.21069106349274275,0.0,0.0,0.7893089365072573,0.0,0.0,0.0,0.0,0.0
Q9FN48,6,387,M,test,6,0.0,0.0,0.0,0.0,0.0,0.0,1.0,0.0,0.0,0.0
Q9FNC9,3,99,M,test,3,0.0,0.0,0.0,1.0,0.0,0.0,0.0,0.0,0.0,0.0
Q9FNF2,6,652,U,test,6,0.0,0.0,0.0,0.0,0.0,0.0,1.0,0.0,0.0,0.0
Q9FNJ8,6,425,S,test,6,0.0,0.0,0.0,0.0,0.0,0.0,1.0,0.0,0.0,0.0
Q9FNJ9,6,482,S,test,6,0.0,0.0,0.0,0.0,0.0,0.0,1.0,0.0,0.0,0.0
Q9FNZ4,0,112,U,test,0,1.0,0.0,0.0,0.0,0.0,0.0,0.0,0.0,0.0,0.0
Q9FQ24,1,257,S,test,0,0.5680553705632774,0.4319446294367227,0.0,0.0,0.0,0.0,0.0,0.0,0.0,0.0
Q9FQ25,1,260,S,test,1,0.38159262438561437,0.42677532016212905,0.0,0.0,0.0,0.19163205545225664,0.0,0.0,0.0,0.0
Q9FRK5,8,617,M,test,0,0.6039411712350258,0.39605882876497417,0.0,0.0,0.0,0.0,0.0,0.0,0.0,0.0
Q9FVC1,0,240,U,test,0,1.0,0.0,0.0,0.0,0.0,0.0,0.0,0.0,0.0,0.0
Q9FX32,2,942,S,test,1,0.19744646183379433,0.6298561343260586,0.0,0.0,0.0,0.0,0.0,0.17269740384014706,0.0,0.0
Q9FX53,0,406,U,test,0,1.0,0.0,0.0,0.0,0.0,0.0,0.0,0.0,0.0,0.0
Q9FX83,3,222,U,test,3,0.19799176396155346,0.0,0.0,0.8020082360384465,0.0,0.0,0.0,0.0,0.0,0.0
Q9FXH7,0,345,U,test,0,1.0,0.0,0.0,0.0,0.0,0.0,0.0,0.0,0.0,0.0
Q9FY74,0,1007,U,test,0,0.8198918487100122,0.18010815128998783,0.0,0.0,0.0,0.0,0.0,0.0,0.0,0.0
Q9FYS5,0,193,U,test,0,1.0,0.0,0.0,0.0,0.0,0.0,0.0,0.0,0.0,0.0
Q9FZ33,5,473,M,test,6,0.0,0.0,0.0,0.0,0.0,0.0,0.8090358311574842,0.0,0.19096416884251574,0.0
Q9GKK3,2,241,S,test,2,0.0,0.0,1.0,0.0,0.0,0.0,0.0,0.0,0.0,0.0
Q9GL25,2,245,S,test,2,0.0,0.0,1.0,0.0,0.0,0.0,0.0,0.0,0.0,0.0
Q9GL77,4,1079,M,test,4,0.0,0.0,0.0,0.0,1.0,0.0,0.0,0.0,0.0,0.0
Q9GMC9,3,169,M,test,5,0.0,0.0,0.0,0.19889805821576123,0.0,0.8011019417842388,0.0,0.0,0.0,0.0
Q9GPZ7,3,366,U,test,3,0.0,0.39426031045097165,0.0,0.6057396895490283,0.0,0.0,0.0,0.0,0.0,0.0
Q9GU58,2,88,S,test,2,0.0,0.0,1.0,0.0,0.0,0.0,0.0,0.0,0.0,0.0
Q9GV77,4,3103,M,test,2,0.0,0.0,0.6203195476156941,0.0,0.3796804523843059,0.0,0.0,0.0,0.0,0.0
Q9GYZ0,1,1463,S,test,1,0.1687034963046768,0.8312965036953233,0.0,0.0,0.0,0.0,0.0,0.0,0.0,0.0
Q9GZN4,2,317,S,test,4,0.0,0.0,0.26882765096334743,0.0,0.7311723490366525,0.0,0.0,0.0,0.0,0.0
Q9GZN7,0,287,U,test,1,0.19513580050006313,0.8048641994999369,0.0,0.0,0.0,0.0,0.0,0.0,0.0,0.0
Q9GZP0,2,370,S,test,2,0.0,0.0,0.5481347911481691,0.0,0.45186520885183085,0.0,0.0,0.0,0.0,0.0
Q9GZP8,0,106,U,test,0,1.0,0.0,0.0,0.0,0.0,0.0,0.0,0.0,0.0,0.0
Q9GZV9,2,251,S,test,4,0.0,0.0,0.20036413352821428,0.0,0.7996358664717858,0.0,0.0,0.0,0.0,0.0
Q9H069,1,523,S,test,1,0.3857206743049559,0.6142793256950441,0.0,0.0,0.0,0.0,0.0,0.0,0.0,0.0
Q9H0E3,0,1048,U,test,0,1.0,0.0,0.0,0.0,0.0,0.0,0.0,0.0,0.0,0.0
Q9H0I3,1,377,S,test,1,0.15502604414949983,0.8449739558505002,0.0,0.0,0.0,0.0,0.0,0.0,0.0,0.0
Q9H160,0,280,U,test,0,1.0,0.0,0.0,0.0,0.0,0.0,0.0,0.0,0.0,0.0
Q9H161,0,411,U,test,0,1.0,0.0,0.0,0.0,0.0,0.0,0.0,0.0,0.0,0.0
Q9H173,5,461,S,test,1,0.2042442090385677,0.7957557909614323,0.0,0.0,0.0,0.0,0.0,0.0,0.0,0.0
Q9H1Z4,0,485,U,test,0,0.7804916285130716,0.2195083714869283,0.0,0.0,0.0,0.0,0.0,0.0,0.0,0.0
Q9H255,4,320,M,test,4,0.0,0.0,0.0,0.0,1.0,0.0,0.0,0.0,0.0,0.0
Q9H2W2,0,232,U,test,0,1.0,0.0,0.0,0.0,0.0,0.0,0.0,0.0,0.0,0.0
Q9H3J6,3,166,U,test,0,0.6059395914171516,0.0,0.0,0.3940604085828484,0.0,0.0,0.0,0.0,0.0,0.0
Q9H400,4,295,M,test,1,0.17624490124407263,0.4382945582315717,0.0,0.0,0.38546054052435563,0.0,0.0,0.0,0.0,0.0
Q9H425,1,327,S,test,0,0.419375009950547,0.39463950199492553,0.0,0.0,0.0,0.1859854880545275,0.0,0.0,0.0,0.0
Q9H4F8,2,434,S,test,2,0.0,0.0,0.8090168886417468,0.0,0.19098311135825327,0.0,0.0,0.0,0.0,0.0
Q9H6A0,1,471,S,test,0,0.5851846852982067,0.0,0.0,0.21489407974921965,0.0,0.0,0.0,0.19992123495257377,0.0,0.0
Q9H6H4,5,257,M,test,3,0.193576479853924,0.0,0.0,0.39542679732624475,0.0,0.1927245961751711,0.0,0.21827212664466014,0.0,0.0
Q9H6R4,0,1146,U,test,0,0.3328620871742284,0.2313463629681562,0.0,0.2432188461331024,0.19257270372451316,0.0,0.0,0.0,0.0,0.0
Q9H867,1,229,S,test,1,0.0,0.6483704400063084,0.0,0.0,0.1724828996029126,0.1791466603907791,0.0,0.0,0.0,0.0
Q9H8L6,2,949,S,test,2,0.0,0.0,0.5750897968642299,0.0,0.42491020313577016,0.0,0.0,0.0,0.0,0.0
Q9H9P8,3,463,U,test,3,0.0,0.0,0.0,1.0,0.0,0.0,0.0,0.0,0.0,0.0
Q9H9S0,0,305,U,test,0,1.0,0.0,0.0,0.0,0.0,0.0,0.0,0.0,0.0,0.0
Q9H9Y2,0,349,U,test,0,1.0,0.0,0.0,0.0,0.0,0.0,0.0,0.0,0.0,0.0
Q9HAC7,3,445,U,test,3,0.0,0.0,0.0,0.8094216039870697,0.0,0.0,0.0,0.0,0.0,0.19057839601293025
Q9HAF1,0,191,U,test,0,0.5848196295079123,0.1982304057619116,0.0,0.0,0.0,0.0,0.0,0.0,0.21694996473017614,0.0
Q9HAJ7,0,183,U,test,0,0.7841294133029103,0.21587058669708972,0.0,0.0,0.0,0.0,0.0,0.0,0.0,0.0
Q9HAU0,1,1116,S,test,0,0.4078459859913706,0.40612722263436235,0.0,0.0,0.18602679137426698,0.0,0.0,0.0,0.0,0.0
Q9HAZ2,0,1276,U,test,0,0.5938436844287557,0.20575736334696465,0.0,0.0,0.20039895222427967,0.0,0.0,0.0,0.0,0.0
Q9HBU9,4,364,M,test,4,0.0,0.22544985007844642,0.0,0.0,0.37689058935043546,0.19294651631705928,0.0,0.20471304425405887,0.0,0.0
Q9HCC0,3,563,S,test,3,0.0,0.19689493306952788,0.0,0.8031050669304721,0.0,0.0,0.0,0.0,0.0,0.0
Q9HCE9,4,1232,M,test,1,0.18670920499788934,0.6159028783785476,0.0,0.0,0.0,0.19738791662356306,0.0,0.0,0.0,0.0
Q9HCY8,1,104,S,test,8,0.1899634320098271,0.0,0.0,0.0,0.19863006893215818,0.0,0.0,0.0,0.6114064990580148,0.0
Q9HDW0,1,430,S,test,1,0.4023367044216201,0.4202614334711795,0.0,0.0,0.0,0.0,0.0,0.17740186210720044,0.0,0.0
Q9HDX9,3,526,U,test,3,0.351918138972696,0.0,0.0,0.6480818610273039,0.0,0.0,0.0,0.0,0.0,0.0
Q9HDY4,0,1183,U,test,0,0.6404938571363902,0.1930499171843007,0.0,0.16645622567930918,0.0,0.0,0.0,0.0,0.0,0.0
Q9HDZ5,3,388,U,test,1,0.4005648132162232,0.4014702973522223,0.0,0.19796488943155446,0.0,0.0,0.0,0.0,0.0,0.0
Q9HE09,0,783,U,test,0,0.8138332697996801,0.18616673020031999,0.0,0.0,0.0,0.0,0.0,0.0,0.0,0.0
Q9HEM6,7,522,M,test,7,0.0,0.0,0.0,0.0,0.16473632372832892,0.0,0.0,0.8352636762716711,0.0,0.0
Q9HFP8,2,284,S,test,2,0.0,0.0,1.0,0.0,0.0,0.0,0.0,0.0,0.0,0.0
Q9HG09,9,425,M,test,0,0.2202482889463442,0.19138076220554243,0.0,0.0,0.19809971206560098,0.0,0.0,0.19365198384906018,0.0,0.1966192529334522
Q9HGM2,5,171,M,test,5,0.0,0.18548165864867883,0.0,0.0,0.0,0.4643220504018275,0.0,0.17565151774599744,0.0,0.17454477320349615
Q9HGM4,5,250,M,test,5,0.0,0.0,0.0,0.0,0.0,0.794748396283274,0.0,0.20525160371672602,0.0,0.0
Q9I7I0,0,575,U,test,0,1.0,0.0,0.0,0.0,0.0,0.0,0.0,0.0,0.0,0.0
Q9I9E1,0,472,U,test,0,1.0,0.0,0.0,0.0,0.0,0.0,0.0,0.0,0.0,0.0
Q9JHH6,2,422,S,test,2,0.0,0.0,0.4606395248854616,0.0,0.0,0.2024844483459671,0.0,0.0,0.3368760267685713,0.0
Q9JHW9,1,512,S,test,3,0.0,0.0,0.0,0.578757523623327,0.0,0.0,0.23414502249432328,0.0,0.0,0.18709745388234977
Q9JI66,4,1079,M,test,4,0.0,0.0,0.0,0.0,1.0,0.0,0.0,0.0,0.0,0.0
Q9JIE6,2,140,S,test,4,0.0,0.0,0.19734998218418356,0.0,0.8026500178158165,0.0,0.0,0.0,0.0,0.0
Q9JIH7,1,2126,S,test,1,0.07586697079127451,0.9241330292087255,0.0,0.0,0.0,0.0,0.0,0.0,0.0,0.0
Q9JJK1,4,265,M,test,4,0.0,0.0,0.0,0.0,0.41732308850128985,0.1883203016937952,0.0,0.18809957294308097,0.2062570368618341,0.0
Q9JJN5,2,457,S,test,2,0.0,0.0,0.48113624068994526,0.0,0.35539906956470424,0.0,0.0,0.0,0.16346468974535042,0.0
Q9JJW5,1,264,S,test,0,0.4083405348477662,0.39689102778391927,0.0,0.0,0.0,0.0,0.0,0.0,0.19476843736831448,0.0
Q9JJZ5,2,550,S,test,2,0.0,0.0,1.0,0.0,0.0,0.0,0.0,0.0,0.0,0.0
Q9JKA9,4,863,M,test,4,0.19252580998395558,0.19405934645580492,0.0,0.0,0.6134148435602396,0.0,0.0,0.0,0.0,0.0
Q9JKN1,7,378,M,test,8,0.0,0.0,0.0,0.0,0.1425871130484296,0.0,0.0,0.0,0.8574128869515704,0.0
Q9JL61,0,658,U,test,0,0.6077347690584948,0.20220350986899333,0.0,0.0,0.0,0.19006172107251196,0.0,0.0,0.0,0.0
Q9JLM4,0,1370,U,test,0,0.7937955346635917,0.20620446533640843,0.0,0.0,0.0,0.0,0.0,0.0,0.0,0.0
Q9JM73,0,504,U,test,0,1.0,0.0,0.0,0.0,0.0,0.0,0.0,0.0,0.0,0.0
Q9JM80,4,424,M,test,4,0.17729311994107774,0.0,0.0,0.0,0.8227068800589223,0.0,0.0,0.0,0.0,0.0
Q9JMB1,0,375,U,test,0,0.8053887307655938,0.19461126923440625,0.0,0.0,0.0,0.0,0.0,0.0,0.0,0.0
Q9LD83,4,556,M,test,4,0.0,0.0,0.0,0.0,0.5879947791646978,0.21829581390827646,0.0,0.0,0.19370940692702582,0.0
Q9LES2,0,478,U,test,0,0.6030323317607672,0.39696766823923285,0.0,0.0,0.0,0.0,0.0,0.0,0.0,0.0
Q9LFH9,4,715,M,test,4,0.0,0.0,0.0,0.0,1.0,0.0,0.0,0.0,0.0,0.0
Q9LFS2,4,641,M,test,5,0.0,0.18511927233404293,0.0,0.0,0.0,0.6106782162776725,0.0,0.20420251138828463,0.0,0.0
Q9LFU9,5,149,M,test,1,0.19843117597852636,0.6144381522138683,0.0,0.18713067180760523,0.0,0.0,0.0,0.0,0.0,0.0
Q9LG05,0,485,U,test,0,0.8024739007064428,0.1975260992935573,0.0,0.0,0.0,0.0,0.0,0.0,0.0,0.0
Q9LIB2,6,962,S,test,6,0.0,0.0,0.0,0.0,0.0,0.0,1.0,0.0,0.0,0.0
Q9LIG6,3,283,U,test,6,0.0,0.0,0.0,0.0,0.0,0.0,1.0,0.0,0.0,0.0
Q9LIQ6,0,234,U,test,0,1.0,0.0,0.0,0.0,0.0,0.0,0.0,0.0,0.0,0.0
Q9LJL4,6,330,U,test,6,0.0,0.0,0.0,0.19541562844146718,0.0,0.0,0.8045843715585328,0.0,0.0,0.0
Q9LJR2,2,271,S,test,8,0.0,0.0,0.34146362681706655,0.0,0.1609515559416245,0.0,0.0,0.0,0.49758481724130893,0.0
Q9LK31,7,426,M,test,4,0.0,0.210763395543795,0.0,0.19318779280168247,0.3998267550066272,0.0,0.19622205664789538,0.0,0.0,0.0
Q9LK72,2,276,S,test,2,0.0,0.0,0.5176875391164689,0.0,0.0,0.0,0.0,0.0,0.4823124608835312,0.0
Q9LKA4,0,404,U,test,0,0.7583210005744486,0.2416789994255514,0.0,0.0,0.0,0.0,0.0,0.0,0.0,0.0
Q9LKX9,0,867,U,test,0,1.0,0.0,0.0,0.0,0.0,0.0,0.0,0.0,0.0,0.0
Q9LKZ3,0,1013,U,test,0,0.8035628705411595,0.19643712945884056,0.0,0.0,0.0,0.0,0.0,0.0,0.0,0.0
Q9LLC6,6,198,M,test,6,0.0,0.0,0.0,0.0,0.0,0.0,1.0,0.0,0.0,0.0
Q9LM71,6,232,U,test,6,0.0,0.0,0.0,0.0,0.0,0.0,1.0,0.0,0.0,0.0
Q9LMR3,6,358,U,test,6,0.0,0.0,0.0,0.0,0.0,0.0,1.0,0.0,0.0,0.0
Q9LNI5,0,83,U,test,0,1.0,0.0,0.0,0.0,0.0,0.0,0.0,0.0,0.0,0.0
Q9LP21,1,528,S,test,0,0.6115052267442288,0.2022958080156518,0.0,0.0,0.0,0.0,0.18619896524011936,0.0,0.0,0.0
Q9LPP4,0,128,U,test,0,0.42823791049151255,0.0,0.0,0.0,0.3918586810933944,0.0,0.17990340841509314,0.0,0.0,0.0
Q9LQ02,0,1453,U,test,0,0.40477974220472923,0.4008523186312298,0.0,0.194367939164041,0.0,0.0,0.0,0.0,0.0,0.0
Q9LQU4,4,152,M,test,4,0.0,0.0,0.0,0.1879885230655335,0.4100298292509107,0.19247586137530645,0.0,0.0,0.2095057863082492,0.0
Q9LRH6,0,309,U,test,0,0.796773168566839,0.20322683143316103,0.0,0.0,0.0,0.0,0.0,0.0,0.0,0.0
Q9LRY0,0,189,S,test,0,1.0,0.0,0.0,0.0,0.0,0.0,0.0,0.0,0.0,0.0
Q9LS90,0,460,U,test,1,0.38424488530740786,0.6157551146925921,0.0,0.0,0.0,0.0,0.0,0.0,0.0,0.0
Q9LSP8,0,838,U,test,1,0.40352668804998065,0.5964733119500193,0.0,0.0,0.0,0.0,0.0,0.0,0.0,0.0
Q9LSR8,4,766,M,test,4,0.0,0.0,0.0,0.0,1.0,0.0,0.0,0.0,0.0,0.0
Q9LSZ9,5,489,M,test,5,0.0,0.0,0.0,0.17075181212931545,0.0,0.47579951779559027,0.0,0.0,0.0,0.35344867007509434
Q9LTT3,0,319,U,test,0,0.7955548185491196,0.20444518145088042,0.0,0.0,0.0,0.0,0.0,0.0,0.0,0.0
Q9LU10,6,448,U,test,6,0.0,0.0,0.0,0.20424705538306742,0.0,0.0,0.7957529446169327,0.0,0.0,0.0
Q9LU21,6,204,M,test,6,0.0,0.0,0.0,0.0,0.0,0.0,1.0,0.0,0.0,0.0
Q9LUT2,1,393,S,test,6,0.20987974217109145,0.1890103694877343,0.0,0.0,0.0,0.0,0.21967637084708727,0.0,0.18790563719156456,0.1935278803025224
Q9LVA0,5,446,U,test,0,0.6072304601256816,0.19779908363638551,0.0,0.0,0.0,0.0,0.0,0.0,0.1949704562379329,0.0
Q9LVI9,6,426,U,test,6,0.0,0.0,0.0,0.40796031729313253,0.0,0.0,0.5920396827068675,0.0,0.0,0.0
Q9LVV5,6,223,U,test,6,0.0,0.0,0.0,0.0,0.0,0.0,1.0,0.0,0.0,0.0
Q9LW68,0,195,U,test,1,0.40433550727839285,0.5956644927216073,0.0,0.0,0.0,0.0,0.0,0.0,0.0,0.0
Q9LX82,0,256,U,test,0,1.0,0.0,0.0,0.0,0.0,0.0,0.0,0.0,0.0,0.0
Q9LXU0,2,80,S,test,2,0.0,0.0,1.0,0.0,0.0,0.0,0.0,0.0,0.0,0.0
Q9LXW7,0,1580,U,test,0,0.6555348311823895,0.3444651688176104,0.0,0.0,0.0,0.0,0.0,0.0,0.0,0.0
Q9LY61,1,428,S,test,1,0.0,0.5791157546083701,0.0,0.0,0.21795936779570318,0.0,0.20292487759592678,0.0,0.0,0.0
Q9LY62,7,334,M,test,7,0.0,0.0,0.0,0.0,0.0,0.0,0.0,1.0,0.0,0.0
Q9LYG9,4,734,M,test,5,0.3705969612783851,0.0,0.0,0.0,0.22800027709841605,0.4014027616231989,0.0,0.0,0.0,0.0
Q9LYR5,6,256,U,test,6,0.0,0.0,0.0,0.0,0.0,0.0,1.0,0.0,0.0,0.0
Q9LYT1,9,488,U,test,2,0.0,0.0,0.8294891187748663,0.1705108812251338,0.0,0.0,0.0,0.0,0.0,0.0
Q9LZ78,0,127,U,test,0,0.6076354105229597,0.2099716456693811,0.0,0.0,0.18239294380765922,0.0,0.0,0.0,0.0,0.0
Q9LZS3,6,805,S,test,6,0.1535681072584133,0.0,0.0,0.0,0.0,0.0,0.8464318927415867,0.0,0.0,0.0
Q9M021,4,682,M,test,4,0.0,0.0,0.0,0.0,1.0,0.0,0.0,0.0,0.0,0.0
Q9M047,1,199,S,test,1,0.0,1.0,0.0,0.0,0.0,0.0,0.0,0.0,0.0,0.0
Q9M069,2,504,S,test,2,0.0,0.0,1.0,0.0,0.0,0.0,0.0,0.0,0.0,0.0
Q9M0S5,6,764,U,test,6,0.0,0.35069837267207127,0.0,0.0,0.0,0.0,0.6493016273279287,0.0,0.0,0.0
Q9M0X8,0,298,U,test,0,1.0,0.0,0.0,0.0,0.0,0.0,0.0,0.0,0.0,0.0
Q9M1S3,0,261,U,test,0,0.5860893720212432,0.4139106279787567,0.0,0.0,0.0,0.0,0.0,0.0,0.0,0.0
Q9M297,0,1256,S,test,0,0.8129085120206078,0.1870914879793923,0.0,0.0,0.0,0.0,0.0,0.0,0.0,0.0
Q9M2Q6,0,354,U,test,0,0.8103521714546166,0.18964782854538348,0.0,0.0,0.0,0.0,0.0,0.0,0.0,0.0
Q9M365,0,359,U,test,0,0.8030222458964267,0.0,0.0,0.0,0.19697775410357327,0.0,0.0,0.0,0.0,0.0
Q9M3D8,4,664,M,test,4,0.0,0.0,0.0,0.0,1.0,0.0,0.0,0.0,0.0,0.0
Q9M424,6,498,U,test,6,0.1960819104704274,0.0,0.0,0.0,0.0,0.0,0.8039180895295726,0.0,0.0,0.0
Q9M427,0,406,U,test,1,0.0,1.0,0.0,0.0,0.0,0.0,0.0,0.0,0.0,0.0
Q9M4A1,0,383,U,test,0,0.8478750016905622,0.0,0.0,0.0,0.0,0.0,0.0,0.0,0.15212499830943782,0.0
Q9M5P3,6,354,M,test,6,0.0,0.0,0.0,0.0,0.0,0.0,1.0,0.0,0.0,0.0
Q9M670,4,366,M,test,1,0.3843677997049908,0.42674128010278206,0.0,0.0,0.0,0.1888909201922272,0.0,0.0,0.0,0.0
Q9M7X9,6,183,U,test,6,0.0,0.0,0.0,0.0,0.0,0.0,1.0,0.0,0.0,0.0
Q9M815,4,190,M,test,4,0.0,0.0,0.0,0.0,0.5988171982361769,0.1959756994140698,0.0,0.0,0.20520710234975345,0.0
Q9M8S2,4,558,M,test,1,0.1902953118241741,0.43795479366368584,0.0,0.0,0.3717498945121401,0.0,0.0,0.0,0.0,0.0
Q9M9E0,4,656,M,test,4,0.0,0.0,0.0,0.0,1.0,0.0,0.0,0.0,0.0,0.0
Q9M9F0,0,311,U,test,0,0.8067482355874194,0.1932517644125807,0.0,0.0,0.0,0.0,0.0,0.0,0.0,0.0
Q9M9V6,6,562,U,test,6,0.0,0.2094564341007675,0.0,0.0,0.0,0.0,0.7905435658992325,0.0,0.0,0.0
Q9MAQ0,6,610,U,test,6,0.0,0.0,0.0,0.0,0.0,0.0,1.0,0.0,0.0,0.0
Q9MBA2,6,326,M,test,6,0.0,0.0,0.0,0.0,0.0,0.0,1.0,0.0,0.0,0.0
Q9NH52,0,898,U,test,0,0.8059251654083571,0.19407483459164293,0.0,0.0,0.0,0.0,0.0,0.0,0.0,0.0
Q9NHB0,4,494,M,test,5,0.0,0.0,0.37704683856548094,0.0,0.19742717397203527,0.42552598746248393,0.0,0.0,0.0,0.0
Q9NJ98,2,487,S,test,2,0.0,0.0,0.8052120124774588,0.0,0.19478798752254128,0.0,0.0,0.0,0.0,0.0
Q9NP55,2,256,S,test,2,0.0,0.0,0.8561515356976213,0.14384846430237871,0.0,0.0,0.0,0.0,0.0,0.0
Q9NP59,4,571,M,test,4,0.0,0.0,0.0,0.20025754122756953,0.3951421347940914,0.18193901591668374,0.0,0.0,0.22266130806165532,0.0
Q9NP95,2,211,S,test,2,0.0,0.0,0.6178389984640106,0.0,0.19086363703361275,0.0,0.0,0.1912973645023768,0.0,0.0
Q9NPF7,2,189,S,test,2,0.0,0.0,1.0,0.0,0.0,0.0,0.0,0.0,0.0,0.0
Q9NPI8,0,374,U,test,0,0.5983829840633559,0.19372296502225803,0.0,0.20789405091438617,0.0,0.0,0.0,0.0,0.0,0.0
Q9NQ11,8,1180,M,test,3,0.0,0.0,0.19041801159337549,0.4092778690969569,0.0,0.18951985302527308,0.0,0.21078426628439462,0.0,0.0
Q9NQ79,2,661,S,test,4,0.0,0.0,0.0,0.0,0.4182221337763337,0.21244398310671744,0.19134001723620334,0.1779938658807455,0.0,0.0
Q9NQ92,0,184,U,test,0,1.0,0.0,0.0,0.0,0.0,0.0,0.0,0.0,0.0,0.0
Q9NQG5,0,326,U,test,1,0.0,0.7878232240993932,0.0,0.0,0.0,0.0,0.0,0.21217677590060677,0.0,0.0
Q9NQG6,3,463,M,test,0,0.67648313350438,0.16531261721627885,0.0,0.0,0.1582042492793411,0.0,0.0,0.0,0.0,0.0
Q9NRN5,2,406,S,test,4,0.0,0.0,0.40718545224258784,0.0,0.4236610252224448,0.16915352253496738,0.0,0.0,0.0,0.0
Q9NRR1,2,136,S,test,2,0.0,0.0,0.8166630121015698,0.0,0.0,0.0,0.0,0.18333698789843028,0.0,0.0
Q9NRX1,0,252,U,test,0,0.8048462003913323,0.0,0.0,0.0,0.19515379960866772,0.0,0.0,0.0,0.0,0.0
Q9NSA0,4,550,M,test,4,0.0,0.0,0.0,0.0,0.8282981603903967,0.0,0.0,0.0,0.17170183960960336,0.0
Q9NSV4,1,1193,S,test,1,0.38820749471420885,0.6117925052857911,0.0,0.0,0.0,0.0,0.0,0.0,0.0,0.0
Q9NSY1,0,1161,U,test,1,0.37810337471157296,0.3981378079544595,0.0,0.0,0.22375881733396757,0.0,0.0,0.0,0.0,0.0
Q9NT62,1,314,S,test,0,0.6050517991952602,0.3949482008047398,0.0,0.0,0.0,0.0,0.0,0.0,0.0,0.0
Q9NUB1,3,689,S,test,3,0.0,0.0,0.0,0.8262617841664667,0.0,0.0,0.1737382158335333,0.0,0.0,0.0
Q9NUX5,0,634,U,test,0,0.8110894504019707,0.18891054959802933,0.0,0.0,0.0,0.0,0.0,0.0,0.0,0.0
Q9NV88,0,658,U,test,0,0.6049018114364155,0.3950981885635845,0.0,0.0,0.0,0.0,0.0,0.0,0.0,0.0
Q9NVH0,0,621,U,test,0,0.8046073126773049,0.19539268732269507,0.0,0.0,0.0,0.0,0.0,0.0,0.0,0.0
Q9NVH2,0,962,U,test,0,0.609548484572313,0.39045151542768697,0.0,0.0,0.0,0.0,0.0,0.0,0.0,0.0
Q9NVH6,3,421,S,test,0,0.3897626831441106,0.18763237818115602,0.0,0.20170931643679976,0.0,0.22089562223793366,0.0,0.0,0.0,0.0
Q9NVN8,0,582,U,test,0,0.8132942913330167,0.1867057086669833,0.0,0.0,0.0,0.0,0.0,0.0,0.0,0.0
Q9NVR2,0,710,U,test,0,0.5996986702374414,0.40030132976255867,0.0,0.0,0.0,0.0,0.0,0.0,0.0,0.0
Q9NVS2,3,196,U,test,3,0.0,0.0,0.0,1.0,0.0,0.0,0.0,0.0,0.0,0.0
Q9NWQ8,4,432,M,test,4,0.17278308708261553,0.0,0.0,0.0,0.8272169129173845,0.0,0.0,0.0,0.0,0.0
Q9NWS8,3,449,U,test,3,0.0,0.0,0.0,0.8100003816656083,0.0,0.18999961833439175,0.0,0.0,0.0,0.0
Q9NX18,3,166,S,test,3,0.0,0.0,0.0,1.0,0.0,0.0,0.0,0.0,0.0,0.0
Q9NX20,3,251,U,test,6,0.0,0.0,0.0,0.4156367597996107,0.0,0.0,0.5843632402003893,0.0,0.0,0.0
Q9NX58,0,379,U,test,0,1.0,0.0,0.0,0.0,0.0,0.0,0.0,0.0,0.0,0.0
Q9NXG0,1,1405,S,test,0,0.8195834542471503,0.1804165457528498,0.0,0.0,0.0,0.0,0.0,0.0,0.0,0.0
Q9NZC9,0,954,U,test,1,0.4001765524244209,0.5998234475755791,0.0,0.0,0.0,0.0,0.0,0.0,0.0,0.0
Q9NZD4,1,102,S,test,0,0.584263595817728,0.4157364041822719,0.0,0.0,0.0,0.0,0.0,0.0,0.0,0.0
Q9NZH8,2,169,S,test,0,0.41736279763262335,0.3853376098173095,0.0,0.0,0.19729959255006713,0.0,0.0,0.0,0.0,0.0
Q9NZI6,0,479,U,test,0,0.5982730163309183,0.4017269836690817,0.0,0.0,0.0,0.0,0.0,0.0,0.0,0.0
Q9NZI7,0,540,U,test,1,0.3936790284530017,0.6063209715469984,0.0,0.0,0.0,0.0,0.0,0.0,0.0,0.0
Q9NZP6,0,1156,M,test,0,1.0,0.0,0.0,0.0,0.0,0.0,0.0,0.0,0.0,0.0
Q9NZP8,2,487,S,test,4,0.0,0.0,0.0,0.0,0.8529857174432154,0.0,0.0,0.0,0.1470142825567846,0.0
Q9NZS9,5,450,M,test,0,0.4145567237139553,0.0,0.0,0.0,0.1924559913042821,0.3929872849817626,0.0,0.0,0.0,0.0
Q9P013,0,229,U,test,0,0.8043301693779467,0.1956698306220534,0.0,0.0,0.0,0.0,0.0,0.0,0.0,0.0
Q9P0G3,2,267,S,test,2,0.0,0.0,0.5420200940752927,0.0,0.4579799059247072,0.0,0.0,0.0,0.0,0.0
Q9P0M6,0,372,U,test,0,0.7711374043526021,0.22886259564739792,0.0,0.0,0.0,0.0,0.0,0.0,0.0,0.0
Q9P0W5,1,487,S,test,1,0.2007928674637863,0.40175783143451027,0.0,0.0,0.19356900433934385,0.20388029676235953,0.0,0.0,0.0,0.0
Q9P1Q0,7,977,U,test,0,0.5997390249435631,0.0,0.0,0.0,0.0,0.0,0.0,0.40026097505643693,0.0,0.0
Q9P278,1,1114,S,test,1,0.3240182483077661,0.675981751692234,0.0,0.0,0.0,0.0,0.0,0.0,0.0,0.0
Q9P2E8,7,410,M,test,0,0.6008139111845674,0.0,0.0,0.0,0.19395352443341038,0.0,0.0,0.20523256438202228,0.0,0.0
Q9P2M4,7,693,U,test,0,0.5934664132656693,0.4065335867343308,0.0,0.0,0.0,0.0,0.0,0.0,0.0,0.0
Q9P2N6,0,904,U,test,0,1.0,0.0,0.0,0.0,0.0,0.0,0.0,0.0,0.0,0.0
Q9P3A9,1,773,S,test,0,0.6140680803763808,0.3859319196236192,0.0,0.0,0.0,0.0,0.0,0.0,0.0,0.0
Q9P3B1,7,374,U,test,0,0.5972674597927579,0.40273254020724214,0.0,0.0,0.0,0.0,0.0,0.0,0.0,0.0
Q9P3B2,3,242,M,test,3,0.0,0.0,0.0,1.0,0.0,0.0,0.0,0.0,0.0,0.0
Q9P3U8,0,468,U,test,0,0.8480584226791843,0.15194157732081573,0.0,0.0,0.0,0.0,0.0,0.0,0.0,0.0
Q9P4E5,2,465,S,test,2,0.0,0.0,1.0,0.0,0.0,0.0,0.0,0.0,0.0,0.0
Q9P4E6,2,453,S,test,2,0.0,0.0,1.0,0.0,0.0,0.0,0.0,0.0,0.0,0.0
Q9P4E7,2,426,S,test,2,0.0,0.0,0.7679760180808837,0.0,0.0,0.0,0.0,0.0,0.23202398191911636,0.0
Q9P4E8,2,463,S,test,2,0.0,0.0,1.0,0.0,0.0,0.0,0.0,0.0,0.0,0.0
Q9P546,1,287,S,test,1,0.0,0.6122045937382378,0.0,0.3877954062617623,0.0,0.0,0.0,0.0,0.0,0.0
Q9P6I3,5,442,M,test,2,0.0,0.0,0.8076212548083237,0.0,0.0,0.1923787451916764,0.0,0.0,0.0,0.0
Q9P6I8,7,423,U,test,1,0.0,0.8288682383987466,0.0,0.1711317616012535,0.0,0.0,0.0,0.0,0.0,0.0
Q9P6L5,1,1102,S,test,1,0.0,0.8060959150954896,0.0,0.0,0.0,0.0,0.0,0.19390408490451033,0.0,0.0
Q9P6M1,1,242,S,test,1,0.0,0.80443505957757,0.0,0.0,0.19556494042242997,0.0,0.0,0.0,0.0,0.0
Q9P6R1,1,309,S,test,1,0.26396228304064456,0.606206453950009,0.0,0.0,0.12983126300934633,0.0,0.0,0.0,0.0,0.0
Q9P6R6,3,167,M,test,3,0.0,0.0,0.0,0.8030240248945499,0.0,0.0,0.1969759751054501,0.0,0.0,0.0
Q9P792,7,397,U,test,0,0.602874050888886,0.196867514943931,0.0,0.0,0.0,0.20025843416718306,0.0,0.0,0.0,0.0
Q9P7C1,5,303,M,test,0,0.6005453372519657,0.0,0.0,0.1979648630349068,0.0,0.0,0.0,0.0,0.20148979971312747,0.0
Q9P7C8,0,214,U,test,0,1.0,0.0,0.0,0.0,0.0,0.0,0.0,0.0,0.0,0.0
Q9P7D0,5,381,M,test,7,0.19142342795662473,0.205909689321429,0.0,0.0,0.0,0.19339201797656125,0.0,0.4092748647453851,0.0,0.0
Q9P7D1,3,314,U,test,0,0.369242319224093,0.2167392295473706,0.0,0.2263367745662375,0.0,0.18768167666229899,0.0,0.0,0.0,0.0
Q9P7F4,3,348,U,test,1,0.0,0.4163589032441577,0.19826741328897607,0.19275714790835816,0.0,0.0,0.0,0.0,0.0,0.19261653555850797
Q9P7J2,0,203,U,test,3,0.20102640438192101,0.0,0.0,0.3996490823912312,0.0,0.210193174296439,0.0,0.1891313389304088,0.0,0.0
Q9P7M0,3,692,M,test,0,0.4242625826229427,0.0,0.0,0.19053877696318083,0.0,0.0,0.19181522155159042,0.0,0.1933834188622861,0.0
Q9P7M3,0,271,U,test,0,1.0,0.0,0.0,0.0,0.0,0.0,0.0,0.0,0.0,0.0
Q9P7M4,3,689,U,test,3,0.20205893400713407,0.19643998431073773,0.0,0.6015010816821282,0.0,0.0,0.0,0.0,0.0,0.0
Q9P7N6,3,356,U,test,1,0.0,0.56900881200235,0.0,0.43099118799765,0.0,0.0,0.0,0.0,0.0,0.0
Q9P7R5,1,577,S,test,0,0.8159247349522291,0.18407526504777097,0.0,0.0,0.0,0.0,0.0,0.0,0.0,0.0
Q9P7T4,0,1019,U,test,0,0.8299654028117539,0.17003459718824612,0.0,0.0,0.0,0.0,0.0,0.0,0.0,0.0
Q9P7W9,0,217,U,test,0,1.0,0.0,0.0,0.0,0.0,0.0,0.0,0.0,0.0,0.0
Q9P7X0,3,159,M,test,3,0.0,0.0,0.0,0.8649067097721999,0.0,0.0,0.13509329022780012,0.0,0.0,0.0
Q9P7X3,0,245,U,test,0,0.8002042261102985,0.19979577388970146,0.0,0.0,0.0,0.0,0.0,0.0,0.0,0.0
Q9P8V9,2,460,S,test,2,0.0,0.0,1.0,0.0,0.0,0.0,0.0,0.0,0.0,0.0
Q9P8W0,2,463,S,test,2,0.0,0.0,1.0,0.0,0.0,0.0,0.0,0.0,0.0,0.0
Q9P8W1,2,459,S,test,2,0.0,0.0,1.0,0.0,0.0,0.0,0.0,0.0,0.0,0.0
Q9P8W2,2,471,S,test,2,0.0,0.0,1.0,0.0,0.0,0.0,0.0,0.0,0.0,0.0
Q9P8W5,2,466,S,test,2,0.0,0.0,1.0,0.0,0.0,0.0,0.0,0.0,0.0,0.0
Q9PT51,2,233,S,test,2,0.0,0.0,1.0,0.0,0.0,0.0,0.0,0.0,0.0,0.0
Q9PT61,0,290,U,test,0,1.0,0.0,0.0,0.0,0.0,0.0,0.0,0.0,0.0,0.0
Q9PTT2,2,225,S,test,2,0.0,0.0,0.6111869517462555,0.0,0.3888130482537445,0.0,0.0,0.0,0.0,0.0
Q9QY02,0,738,U,test,0,1.0,0.0,0.0,0.0,0.0,0.0,0.0,0.0,0.0,0.0
Q9QY93,1,170,S,test,0,0.3902579887099327,0.20363625202544558,0.0,0.1955787378550974,0.0,0.21052702140952426,0.0,0.0,0.0,0.0
Q9QYJ6,1,794,S,test,1,0.37209289200387186,0.4452401642380695,0.0,0.0,0.0,0.0,0.0,0.18266694375805861,0.0,0.0
Q9QZQ8,0,372,U,test,0,0.39749498795620847,0.20916713171495782,0.0,0.39333788032883377,0.0,0.0,0.0,0.0,0.0,0.0
Q9R064,7,454,M,test,0,0.40748870391635356,0.39704771725697563,0.0,0.0,0.1954635788266709,0.0,0.0,0.0,0.0,0.0
Q9R0E0,7,394,M,test,5,0.0,0.0,0.0,0.0,0.0,0.7853847797473371,0.0,0.21461522025266286,0.0,0.0
Q9R0J8,8,435,U,test,2,0.0,0.0,0.6056853611828652,0.0,0.19964039792059307,0.19467424089654178,0.0,0.0,0.0,0.0
Q9R0U0,0,262,U,test,0,1.0,0.0,0.0,0.0,0.0,0.0,0.0,0.0,0.0,0.0
Q9R1S3,5,931,M,test,5,0.0,0.0,0.0,0.0,0.1896928926879748,0.8103071073120253,0.0,0.0,0.0,0.0
Q9R1S7,4,1498,M,test,5,0.0,0.0,0.0,0.19895834286884045,0.19262508938682268,0.608416567744337,0.0,0.0,0.0,0.0
Q9R1X4,0,1197,U,test,1,0.17655604062546676,0.6453362474106583,0.0,0.0,0.17810771196387487,0.0,0.0,0.0,0.0,0.0
Q9R2C1,5,66,M,test,3,0.18410634507457357,0.0,0.18780819715368668,0.2244868513025556,0.0,0.20511397338827303,0.19848463308091102,0.0,0.0,0.0
Q9S757,3,368,U,test,3,0.0,0.0,0.0,0.8050674742692315,0.0,0.0,0.19493252573076858,0.0,0.0,0.0
Q9S775,0,1384,U,test,0,1.0,0.0,0.0,0.0,0.0,0.0,0.0,0.0,0.0,0.0
Q9S7B2,0,370,U,test,1,0.1837955813655492,0.6083508432923599,0.0,0.20785357534209103,0.0,0.0,0.0,0.0,0.0,0.0
Q9S7H8,6,569,U,test,6,0.0,0.19158930421563408,0.0,0.0,0.0,0.0,0.808410695784366,0.0,0.0,0.0
Q9S7I0,6,1307,U,test,6,0.19313807116212817,0.0,0.0,0.0,0.0,0.0,0.8068619288378719,0.0,0.0,0.0
Q9S834,6,298,S,test,6,0.0,0.0,0.0,0.0,0.0,0.0,1.0,0.0,0.0,0.0
Q9S841,6,331,M,test,6,0.0,0.0,0.0,0.0,0.0,0.0,1.0,0.0,0.0,0.0
Q9S850,9,393,U,test,0,0.40866250066766924,0.19951792856872103,0.0,0.3918195707636098,0.0,0.0,0.0,0.0,0.0,0.0
Q9SA49,1,147,S,test,4,0.0,0.3970874658611261,0.0,0.0,0.6029125341388739,0.0,0.0,0.0,0.0,0.0
Q9SA96,6,392,S,test,6,0.0,0.0,0.0,0.1948584228839815,0.0,0.0,0.8051415771160185,0.0,0.0,0.0
Q9SAA2,6,271,S,test,6,0.0,0.0,0.0,0.0,0.0,0.0,1.0,0.0,0.0,0.0
Q9SAK4,3,528,S,test,3,0.0,0.0,0.0,1.0,0.0,0.0,0.0,0.0,0.0,0.0
Q9SAK5,0,358,U,test,0,1.0,0.0,0.0,0.0,0.0,0.0,0.0,0.0,0.0,0.0
Q9SB31,0,404,U,test,0,1.0,0.0,0.0,0.0,0.0,0.0,0.0,0.0,0.0,0.0
Q9SB60,1,318,S,test,0,0.7788157267899429,0.22118427321005704,0.0,0.0,0.0,0.0,0.0,0.0,0.0,0.0
Q9SCR0,0,542,U,test,0,1.0,0.0,0.0,0.0,0.0,0.0,0.0,0.0,0.0,0.0
Q9SCR2,0,209,S,test,0,1.0,0.0,0.0,0.0,0.0,0.0,0.0,0.0,0.0,0.0
Q9SCY2,6,208,U,test,6,0.0,0.0,0.0,0.0,0.0,0.0,1.0,0.0,0.0,0.0
Q9SCY3,6,217,U,test,6,0.0,0.0,0.0,0.0,0.0,0.0,1.0,0.0,0.0,0.0
Q9SDW0,0,323,U,test,0,0.8146420883333849,0.0,0.0,0.0,0.0,0.0,0.0,0.1853579116666151,0.0,0.0
Q9SEL7,6,323,U,test,6,0.0,0.0,0.0,0.0,0.0,0.0,1.0,0.0,0.0,0.0
Q9SEX2,1,523,S,test,0,0.7663614526537225,0.23363854734627762,0.0,0.0,0.0,0.0,0.0,0.0,0.0,0.0
Q9SFE9,7,341,M,test,7,0.0,0.0,0.0,0.0,0.0,0.4160164776187075,0.0,0.5839835223812925,0.0,0.0
Q9SGD6,6,413,S,test,6,0.0,0.45039801950734515,0.0,0.0,0.0,0.0,0.549601980492655,0.0,0.0,0.0
Q9SGS2,0,338,U,test,0,0.61039726304793,0.38960273695207004,0.0,0.0,0.0,0.0,0.0,0.0,0.0,0.0
Q9SGU2,1,110,S,test,1,0.0,0.5174335676824878,0.0,0.0,0.48256643231751223,0.0,0.0,0.0,0.0,0.0
Q9SHJ5,3,585,M,test,5,0.0,0.0,0.0,0.0,0.19986562304469704,0.6010858486413233,0.19904852831397965,0.0,0.0,0.0
Q9SHJ6,3,323,M,test,1,0.17857345630874108,0.40990861871902096,0.0,0.0,0.0,0.0,0.2340762850694368,0.0,0.1774416399028011,0.0
Q9SIC4,6,379,S,test,0,0.7984923257513662,0.0,0.0,0.0,0.0,0.0,0.20150767424863375,0.0,0.0,0.0
Q9SID1,0,238,U,test,0,1.0,0.0,0.0,0.0,0.0,0.0,0.0,0.0,0.0,0.0
Q9SIM9,0,693,U,test,0,0.6147041009079329,0.2025625456325683,0.0,0.1827333534594988,0.0,0.0,0.0,0.0,0.0,0.0
Q9SIW2,0,888,U,test,0,1.0,0.0,0.0,0.0,0.0,0.0,0.0,0.0,0.0,0.0
Q9SJI7,1,412,S,test,1,0.0,0.6010721346523544,0.0,0.0,0.204561897124351,0.0,0.19436596822329458,0.0,0.0,0.0
Q9SJU5,0,172,U,test,0,1.0,0.0,0.0,0.0,0.0,0.0,0.0,0.0,0.0,0.0
Q9SJW3,1,119,S,test,0,0.803332962716698,0.19666703728330204,0.0,0.0,0.0,0.0,0.0,0.0,0.0,0.0
Q9SKX1,0,156,U,test,0,1.0,0.0,0.0,0.0,0.0,0.0,0.0,0.0,0.0,0.0
Q9SKX5,9,490,U,test,2,0.0,0.0,0.8184863146430197,0.18151368535698043,0.0,0.0,0.0,0.0,0.0,0.0
Q9SKZ5,6,560,M,test,6,0.0,0.0,0.0,0.0,0.0,0.0,0.554851150664528,0.0,0.445148849335472,0.0
Q9SLK0,9,416,U,test,0,0.8148903051517848,0.0,0.0,0.0,0.0,0.0,0.0,0.0,0.18510969484821516,0.0
Q9SMR2,1,345,S,test,1,0.1978872808362142,0.41556260345923834,0.0,0.0,0.0,0.0,0.19141126306019618,0.19513885264435138,0.0,0.0
Q9SMX3,3,274,M,test,3,0.0,0.0,0.0,0.8780235875947802,0.0,0.0,0.12197641240521988,0.0,0.0,0.0
Q9SMZ4,1,1064,S,test,1,0.0,1.0,0.0,0.0,0.0,0.0,0.0,0.0,0.0,0.0
Q9SNC3,4,420,M,test,4,0.0,0.0,0.0,0.0,0.40266073383311246,0.20156481598153791,0.3957744501853497,0.0,0.0,0.0
Q9SPG2,0,366,U,test,0,1.0,0.0,0.0,0.0,0.0,0.0,0.0,0.0,0.0,0.0
Q9SPG9,0,214,U,test,0,1.0,0.0,0.0,0.0,0.0,0.0,0.0,0.0,0.0,0.0
Q9SPM5,7,472,M,test,7,0.0,0.0,0.16694218981018977,0.17788833061023754,0.0,0.0,0.1716931180857734,0.4834763614937994,0.0,0.0
Q9SPU7,0,1123,U,test,3,0.0,0.2000016276524008,0.0,0.587375838263603,0.0,0.0,0.0,0.0,0.0,0.2126225340839964
Q9SQG2,7,471,M,test,7,0.0,0.0,0.1760895310975575,0.1731329947577269,0.0,0.18467791853059357,0.0,0.46609955561412203,0.0,0.0
Q9SQK3,6,315,U,test,0,0.5695730566540778,0.0,0.0,0.17279494092523734,0.0,0.0,0.25763200242068485,0.0,0.0,0.0
Q9SR70,6,230,U,test,6,0.0,0.0,0.0,0.0,0.0,0.0,1.0,0.0,0.0,0.0
Q9SRH5,3,276,M,test,3,0.0,0.0,0.0,0.8840784958715151,0.0,0.0,0.11592150412848487,0.0,0.0,0.0
Q9SSA5,6,437,U,test,6,0.0,0.0,0.0,0.0,0.0,0.0,1.0,0.0,0.0,0.0
Q9SSD1,4,496,M,test,4,0.0,0.0,0.20469447850874095,0.0,0.7953055214912591,0.0,0.0,0.0,0.0,0.0
Q9SSE7,6,381,S,test,6,0.0,0.0,0.0,0.18502492241936835,0.0,0.0,0.8149750775806316,0.0,0.0,0.0
Q9SSS9,6,234,M,test,6,0.0,0.0,0.0,0.0,0.0,0.0,1.0,0.0,0.0,0.0
Q9ST69,6,308,U,test,6,0.0,0.0,0.0,0.0,0.0,0.0,1.0,0.0,0.0,0.0
Q9STX1,2,362,S,test,0,1.0,0.0,0.0,0.0,0.0,0.0,0.0,0.0,0.0,0.0
Q9SU50,4,626,M,test,1,0.0,0.4207714599835284,0.18765173350688105,0.0,0.0,0.39157680650959054,0.0,0.0,0.0,0.0
Q9SU91,3,336,U,test,3,0.0,0.0,0.0,1.0,0.0,0.0,0.0,0.0,0.0,0.0
Q9SUC5,5,237,M,test,5,0.0,0.0,0.0,0.0,0.0,1.0,0.0,0.0,0.0,0.0
Q9SV55,0,425,U,test,0,0.6088967648839249,0.39110323511607514,0.0,0.0,0.0,0.0,0.0,0.0,0.0,0.0
Q9SV72,2,102,S,test,2,0.0,0.0,1.0,0.0,0.0,0.0,0.0,0.0,0.0,0.0
Q9SW18,6,312,M,test,6,0.0,0.0,0.0,0.0,0.0,0.0,1.0,0.0,0.0,0.0
Q9SWH5,7,558,M,test,7,0.0,0.0,0.0,0.0,0.0,0.0,0.0,1.0,0.0,0.0
Q9SWR3,1,1088,S,test,1,0.0,0.7824048061388686,0.0,0.21759519386113138,0.0,0.0,0.0,0.0,0.0,0.0
Q9SX65,9,156,U,test,3,0.0,0.19526606977445699,0.0,0.4210766843120423,0.0,0.0,0.0,0.0,0.0,0.3836572459135008
Q9SX73,1,297,S,test,1,0.4046358090024434,0.5953641909975566,0.0,0.0,0.0,0.0,0.0,0.0,0.0,0.0
Q9SXJ6,6,309,S,test,6,0.0,0.0,0.0,0.0,0.0,0.0,1.0,0.0,0.0,0.0
Q9SY59,0,1188,U,test,0,0.6223065339074738,0.37769346609252613,0.0,0.0,0.0,0.0,0.0,0.0,0.0,0.0
Q9T041,1,864,S,test,0,0.59999708503243,0.1953084980010955,0.0,0.0,0.0,0.0,0.0,0.0,0.2046944169664745,0.0
Q9TU31,4,595,M,test,4,0.0,0.0,0.0,0.0,1.0,0.0,0.0,0.0,0.0,0.0
Q9TUQ3,2,843,S,test,2,0.0,0.0,1.0,0.0,0.0,0.0,0.0,0.0,0.0,0.0
Q9TWL9,2,77,S,test,2,0.0,0.0,1.0,0.0,0.0,0.0,0.0,0.0,0.0,0.0
Q9TXD8,2,243,S,test,2,0.0,0.0,1.0,0.0,0.0,0.0,0.0,0.0,0.0,0.0
Q9TYU9,1,843,S,test,0,0.6152120960040912,0.3847879039959088,0.0,0.0,0.0,0.0,0.0,0.0,0.0,0.0
Q9U3C8,0,295,U,test,1,0.20418770160360106,0.7958122983963989,0.0,0.0,0.0,0.0,0.0,0.0,0.0,0.0
Q9U6M1,0,827,U,test,0,0.3873439723471005,0.22982699417898964,0.0,0.20854459167045847,0.0,0.17428444180345137,0.0,0.0,0.0,0.0
Q9U7C9,0,756,U,test,0,0.5794753215314882,0.4205246784685119,0.0,0.0,0.0,0.0,0.0,0.0,0.0,0.0
Q9U7D3,2,176,S,test,2,0.0,0.0,1.0,0.0,0.0,0.0,0.0,0.0,0.0,0.0
Q9U969,5,1425,M,test,4,0.37422466335471893,0.0,0.0,0.0,0.3768082773984902,0.0,0.0,0.0,0.24896705924679083,0.0
Q9UBC1,0,381,U,test,0,0.5704283015367536,0.42957169846324633,0.0,0.0,0.0,0.0,0.0,0.0,0.0,0.0
Q9UBR5-2,2,99,S,test,4,0.0,0.0,0.0,0.0,0.805935548681671,0.0,0.0,0.19406445131832903,0.0,0.0
Q9UBU7,0,674,U,test,0,0.8074384476597112,0.19256155234028888,0.0,0.0,0.0,0.0,0.0,0.0,0.0,0.0
Q9UDW3,0,170,U,test,0,0.5874378332051544,0.41256216679484564,0.0,0.0,0.0,0.0,0.0,0.0,0.0,0.0
Q9UFE4,1,941,S,test,1,0.19898331147871764,0.8010166885212824,0.0,0.0,0.0,0.0,0.0,0.0,0.0,0.0
Q9UGK3,1,403,S,test,1,0.17781403198405465,0.8221859680159452,0.0,0.0,0.0,0.0,0.0,0.0,0.0,0.0
Q9UHA3,0,163,U,test,1,0.37765516366964486,0.6223448363303551,0.0,0.0,0.0,0.0,0.0,0.0,0.0,0.0
Q9UHB7,0,1163,U,test,0,0.8224469325777888,0.0,0.0,0.0,0.17755306742221122,0.0,0.0,0.0,0.0,0.0
Q9UHR5,0,308,U,test,0,1.0,0.0,0.0,0.0,0.0,0.0,0.0,0.0,0.0,0.0
Q9UIH9,0,416,U,test,0,0.8270878231665366,0.17291217683346333,0.0,0.0,0.0,0.0,0.0,0.0,0.0,0.0
Q9UII2,3,106,U,test,3,0.0,0.0,0.0,1.0,0.0,0.0,0.0,0.0,0.0,0.0
Q9UJA3,0,840,U,test,0,0.6516010500861923,0.34839894991380765,0.0,0.0,0.0,0.0,0.0,0.0,0.0,0.0
Q9UK96,1,956,S,test,1,0.19664108914208214,0.5990583673452393,0.0,0.0,0.0,0.0,0.0,0.2043005435126786,0.0,0.0
Q9UK97,1,447,S,test,0,0.5882124998244013,0.4117875001755987,0.0,0.0,0.0,0.0,0.0,0.0,0.0,0.0
Q9UKF6,0,684,U,test,0,0.777404620793597,0.0,0.0,0.0,0.0,0.22259537920640307,0.0,0.0,0.0,0.0
Q9UKV5,5,643,M,test,0,0.38843901927378927,0.0,0.0,0.22505417835116992,0.3865068023750408,0.0,0.0,0.0,0.0,0.0
Q9UL51,4,889,M,test,4,0.17030120237121665,0.0,0.0,0.0,0.8296987976287834,0.0,0.0,0.0,0.0,0.0
Q9UL62,4,973,M,test,1,0.3946034103569542,0.6053965896430459,0.0,0.0,0.0,0.0,0.0,0.0,0.0,0.0
Q9ULC6,1,663,S,test,1,0.0,0.6124956887984695,0.0,0.38750431120153056,0.0,0.0,0.0,0.0,0.0,0.0
Q9ULE3,1,1009,S,test,1,0.0,0.6129857014453745,0.0,0.0,0.18997886890724136,0.1970354296473842,0.0,0.0,0.0,0.0
Q9ULG1,0,1556,U,test,0,0.7939446380118883,0.20605536198811172,0.0,0.0,0.0,0.0,0.0,0.0,0.0,0.0
Q9ULL4,4,1909,M,test,4,0.1806382450988255,0.0,0.0,0.0,0.6421991938451369,0.0,0.0,0.0,0.17716256105603764,0.0
Q9UM63,0,463,U,test,0,1.0,0.0,0.0,0.0,0.0,0.0,0.0,0.0,0.0,0.0
Q9UNL4,0,249,U,test,0,1.0,0.0,0.0,0.0,0.0,0.0,0.0,0.0,0.0,0.0
Q9UNS1,0,1208,U,test,1,0.3821530881603638,0.6178469118396361,0.0,0.0,0.0,0.0,0.0,0.0,0.0,0.0
Q9UPP2,1,1182,S,test,0,0.651627917280274,0.348372082719726,0.0,0.0,0.0,0.0,0.0,0.0,0.0,0.0
Q9UPQ9,1,1833,S,test,1,0.39255867827546165,0.6074413217245384,0.0,0.0,0.0,0.0,0.0,0.0,0.0,0.0
Q9UPW6,0,733,S,test,0,0.7831358657375891,0.21686413426241097,0.0,0.0,0.0,0.0,0.0,0.0,0.0,0.0
Q9UQ49,4,428,M,test,3,0.22438876163749144,0.0,0.0,0.5844761396249317,0.0,0.0,0.0,0.0,0.0,0.19113509873757678
Q9UQ84,0,846,U,test,0,1.0,0.0,0.0,0.0,0.0,0.0,0.0,0.0,0.0,0.0
Q9UQY9,0,429,U,test,0,0.5812270368621033,0.1992227295921662,0.0,0.0,0.0,0.0,0.0,0.0,0.21955023354573056,0.0
Q9UR19,2,361,S,test,2,0.0,0.15808690786317844,0.64156623922906,0.0,0.0,0.0,0.0,0.0,0.0,0.20034685290776155
Q9URT4,0,697,U,test,1,0.37493427049975075,0.40965807381671443,0.0,0.0,0.0,0.0,0.0,0.0,0.21540765568353482,0.0
Q9US47,1,547,S,test,3,0.0,0.0,0.0,1.0,0.0,0.0,0.0,0.0,0.0,0.0
Q9USH8,5,506,U,test,8,0.19093170258702719,0.0,0.0,0.19170226236058033,0.0,0.21442178559744815,0.0,0.0,0.4029442494549444,0.0
Q9USK1,3,116,U,test,3,0.0,0.0,0.0,0.7682158585632779,0.0,0.0,0.23178414143672216,0.0,0.0,0.0
Q9USN8,1,1021,S,test,1,0.1999179620950602,0.4026452756703706,0.0,0.20555040773435426,0.0,0.0,0.0,0.0,0.1918863545002149,0.0
Q9USP8,3,379,U,test,3,0.0,0.40018138524173963,0.0,0.5998186147582604,0.0,0.0,0.0,0.0,0.0,0.0
Q9USP9,0,589,U,test,0,1.0,0.0,0.0,0.0,0.0,0.0,0.0,0.0,0.0,0.0
Q9UST7,0,1339,U,test,1,0.0,0.6034577456673256,0.0,0.0,0.0,0.3965422543326745,0.0,0.0,0.0,0.0
Q9USU8,0,551,U,test,0,0.8290711243518395,0.17092887564816045,0.0,0.0,0.0,0.0,0.0,0.0,0.0,0.0
Q9USY1,1,747,S,test,3,0.0,0.22825955810995127,0.0,0.5595894448649441,0.0,0.0,0.21215099702510468,0.0,0.0,0.0
Q9USY4,0,527,U,test,0,1.0,0.0,0.0,0.0,0.0,0.0,0.0,0.0,0.0,0.0
Q9UT35,7,556,M,test,7,0.0,0.0,0.0,0.0,0.0,0.3039091534798496,0.0,0.6960908465201504,0.0,0.0
Q9UT52,1,677,S,test,7,0.1924999445254635,0.20607352212578894,0.0,0.21132120714747094,0.0,0.0,0.0,0.3901053262012766,0.0,0.0
Q9UT77,3,526,U,test,3,0.0,0.18715850364747819,0.0,0.8128414963525218,0.0,0.0,0.0,0.0,0.0,0.0
Q9UT79,0,1588,U,test,1,0.4341645147605359,0.5658354852394641,0.0,0.0,0.0,0.0,0.0,0.0,0.0,0.0
Q9UT83,1,609,S,test,1,0.18828466469250396,0.8117153353074961,0.0,0.0,0.0,0.0,0.0,0.0,0.0,0.0
Q9UT87,3,182,U,test,3,0.19770438282473532,0.0,0.0,0.8022956171752648,0.0,0.0,0.0,0.0,0.0,0.0
Q9UTA2,3,121,U,test,1,0.40076217447669066,0.5992378255233094,0.0,0.0,0.0,0.0,0.0,0.0,0.0,0.0
Q9UTJ8,0,1285,U,test,0,1.0,0.0,0.0,0.0,0.0,0.0,0.0,0.0,0.0,0.0
Q9UTK1,3,113,M,test,4,0.0,0.0,0.0,0.40664846148907974,0.5933515385109203,0.0,0.0,0.0,0.0,0.0
Q9UTK4,0,1778,U,test,0,1.0,0.0,0.0,0.0,0.0,0.0,0.0,0.0,0.0,0.0
Q9UTL6,3,225,S,test,3,0.0,0.20133608148323523,0.0,0.6031683471841954,0.0,0.0,0.19549557133256942,0.0,0.0,0.0
Q9UTM3,0,443,U,test,1,0.39618958137301713,0.41240246623737686,0.0,0.0,0.19140795238960587,0.0,0.0,0.0,0.0,0.0
Q9UTM8,1,493,S,test,3,0.0,0.0,0.0,0.5767902915325029,0.0,0.0,0.423209708467497,0.0,0.0,0.0
Q9UTQ5,0,282,U,test,1,0.1901817593305188,0.6222204472541648,0.0,0.0,0.0,0.18759779341531646,0.0,0.0,0.0,0.0
Q9UTQ9,5,167,M,test,5,0.20523640460333903,0.0,0.0,0.0,0.0,0.39885636974014255,0.0,0.19900231375446714,0.0,0.1969049119020513
Q9UTS5,0,897,U,test,0,0.6484800319583454,0.1832742192451148,0.0,0.0,0.0,0.0,0.0,0.16824574879653995,0.0,0.0
Q9UTS8,5,311,M,test,4,0.0,0.0,0.0,0.0,0.40426088278057504,0.1977886096350973,0.0,0.0,0.39795050758432776,0.0
Q9UTT1,0,1129,U,test,1,0.0,1.0,0.0,0.0,0.0,0.0,0.0,0.0,0.0,0.0
Q9UU83,4,425,M,test,4,0.0,0.33771619493403277,0.0,0.0,0.6622838050659672,0.0,0.0,0.0,0.0,0.0
Q9UU96,0,736,U,test,3,0.2186135903309694,0.1966273126408103,0.0,0.3947139831266156,0.0,0.0,0.0,0.19004511390160478,0.0,0.0
Q9UUC8,3,145,U,test,3,0.37971436209505377,0.0,0.0,0.4338696795843933,0.0,0.1864159583205529,0.0,0.0,0.0,0.0
Q9UUH8,8,166,M,test,4,0.1872839215309795,0.0,0.0,0.18929012131616194,0.22430124394601675,0.2081836698517848,0.0,0.1909410433550571,0.0,0.0
Q9UUJ5,3,145,U,test,3,0.19305086439706334,0.20569870156067274,0.0,0.601250434042264,0.0,0.0,0.0,0.0,0.0,0.0
Q9UUK3,1,324,S,test,0,0.8064712737861335,0.1935287262138666,0.0,0.0,0.0,0.0,0.0,0.0,0.0,0.0
Q9UUK4,0,202,U,test,0,0.8934256078707006,0.1065743921292995,0.0,0.0,0.0,0.0,0.0,0.0,0.0,0.0
Q9V3J8,0,361,U,test,0,0.8502516624002731,0.14974833759972697,0.0,0.0,0.0,0.0,0.0,0.0,0.0,0.0
Q9V3R8,3,359,M,test,4,0.0,0.0,0.0,0.0,0.594740516061898,0.1967314110420595,0.0,0.0,0.20852807289604253,0.0
Q9V3V7,0,222,U,test,1,0.3968736212694218,0.6031263787305783,0.0,0.0,0.0,0.0,0.0,0.0,0.0,0.0
Q9V461,0,817,U,test,0,1.0,0.0,0.0,0.0,0.0,0.0,0.0,0.0,0.0,0.0
Q9V464,0,218,U,test,1,0.38071656113706986,0.6192834388629301,0.0,0.0,0.0,0.0,0.0,0.0,0.0,0.0
Q9V5M6,0,963,U,test,0,1.0,0.0,0.0,0.0,0.0,0.0,0.0,0.0,0.0,0.0
Q9V637,1,270,S,test,0,0.42262744759041326,0.386151507308588,0.0,0.0,0.1912210451009988,0.0,0.0,0.0,0.0,0.0
Q9V727,0,1669,U,test,0,0.8268681491134443,0.17313185088655575,0.0,0.0,0.0,0.0,0.0,0.0,0.0,0.0
Q9V7P1,0,506,U,test,0,1.0,0.0,0.0,0.0,0.0,0.0,0.0,0.0,0.0,0.0
Q9VAC8,1,472,S,test,0,0.4611040548774156,0.33797575495732013,0.0,0.0,0.0,0.0,0.0,0.20092019016526425,0.0,0.0
Q9VAW5,1,1673,S,test,0,0.6164962172377952,0.3835037827622047,0.0,0.0,0.0,0.0,0.0,0.0,0.0,0.0
Q9VBW9,0,419,U,test,0,1.0,0.0,0.0,0.0,0.0,0.0,0.0,0.0,0.0,0.0
Q9VDH4,2,138,S,test,2,0.0,0.0,1.0,0.0,0.0,0.0,0.0,0.0,0.0,0.0
Q9VDQ7,8,948,U,test,1,0.0,0.8081072625383114,0.0,0.0,0.0,0.0,0.0,0.19189273746168853,0.0,0.0
Q9VDY1,0,1638,U,test,0,0.41008720778219504,0.0,0.0,0.0,0.2280796257186592,0.0,0.0,0.18233188068643696,0.17950128581270863,0.0
Q9VE04,3,107,U,test,3,0.0,0.0,0.0,1.0,0.0,0.0,0.0,0.0,0.0,0.0
Q9VFM9,1,343,S,test,0,0.3989896146215546,0.39710972359341595,0.0,0.0,0.0,0.0,0.2039006617850295,0.0,0.0,0.0
Q9VFP2,0,829,U,test,0,0.8092508336328638,0.19074916636713626,0.0,0.0,0.0,0.0,0.0,0.0,0.0,0.0
Q9VH19,1,683,S,test,7,0.0,0.0,0.2494557309815358,0.0,0.18180007157393432,0.0,0.0,0.5687441974445299,0.0,0.0
Q9VH70,0,814,U,test,0,1.0,0.0,0.0,0.0,0.0,0.0,0.0,0.0,0.0,0.0
Q9VIP8,1,367,S,test,0,0.8037001027415033,0.1962998972584967,0.0,0.0,0.0,0.0,0.0,0.0,0.0,0.0
Q9VK33,0,1220,U,test,0,1.0,0.0,0.0,0.0,0.0,0.0,0.0,0.0,0.0,0.0
Q9VKJ3,0,1411,U,test,0,1.0,0.0,0.0,0.0,0.0,0.0,0.0,0.0,0.0,0.0
Q9VKQ9,0,134,U,test,0,1.0,0.0,0.0,0.0,0.0,0.0,0.0,0.0,0.0,0.0
Q9VLJ6,2,630,S,test,1,0.0,0.4021251996522925,0.0,0.19879590952068812,0.0,0.0,0.0,0.3990788908270195,0.0,0.0
Q9VM91,1,992,S,test,0,1.0,0.0,0.0,0.0,0.0,0.0,0.0,0.0,0.0,0.0
Q9VMD6,3,659,U,test,1,0.39932926442663297,0.600670735573367,0.0,0.0,0.0,0.0,0.0,0.0,0.0,0.0
Q9VQ79,3,739,S,test,1,0.0,0.5723478068385182,0.0,0.0,0.0,0.0,0.4276521931614818,0.0,0.0,0.0
Q9VQI9,0,1673,U,test,0,0.5921482952911211,0.40785170470887894,0.0,0.0,0.0,0.0,0.0,0.0,0.0,0.0
Q9VR35,1,653,S,test,0,0.5956558436534383,0.40434415634656184,0.0,0.0,0.0,0.0,0.0,0.0,0.0,0.0
Q9VS24,4,994,M,test,0,0.8144794299439956,0.18552057005600447,0.0,0.0,0.0,0.0,0.0,0.0,0.0,0.0
Q9VSK8,0,597,U,test,0,1.0,0.0,0.0,0.0,0.0,0.0,0.0,0.0,0.0,0.0
Q9VTY6,1,178,S,test,0,1.0,0.0,0.0,0.0,0.0,0.0,0.0,0.0,0.0,0.0
Q9VW27,0,717,U,test,0,1.0,0.0,0.0,0.0,0.0,0.0,0.0,0.0,0.0,0.0
Q9VW47,0,2531,U,test,0,1.0,0.0,0.0,0.0,0.0,0.0,0.0,0.0,0.0,0.0
Q9W0K7,0,977,U,test,0,1.0,0.0,0.0,0.0,0.0,0.0,0.0,0.0,0.0,0.0
Q9W1X4,0,1711,U,test,0,1.0,0.0,0.0,0.0,0.0,0.0,0.0,0.0,0.0,0.0
Q9W266,4,677,M,test,4,0.0,0.19521779894659805,0.0,0.0,0.8047822010534019,0.0,0.0,0.0,0.0,0.0
Q9W539,0,1518,U,test,0,1.0,0.0,0.0,0.0,0.0,0.0,0.0,0.0,0.0,0.0
Q9W701,4,689,M,test,8,0.0,0.0,0.0,0.0,0.3776133414112247,0.0,0.0,0.0,0.6223866585887753,0.0
Q9WTN6,9,564,M,test,8,0.0,0.0,0.0,0.0,0.1810388388448387,0.0,0.0,0.0,0.8189611611551614,0.0
Q9WUB6,4,687,M,test,8,0.0,0.0,0.0,0.16051816347788414,0.1765568780078695,0.0,0.0,0.0,0.6629249585142464,0.0
Q9WUI0,0,231,U,test,0,1.0,0.0,0.0,0.0,0.0,0.0,0.0,0.0,0.0,0.0
Q9WUP1,4,147,M,test,4,0.0,0.0,0.18407586961559402,0.0,0.815924130384406,0.0,0.0,0.0,0.0,0.0
Q9WVL3,4,1083,M,test,4,0.0,0.0,0.0,0.0,0.40041745785446303,0.20740532621002591,0.0,0.0,0.392177215935511,0.0
Q9XEE9,5,463,M,test,5,0.0,0.0,0.0,0.40431959449343097,0.0,0.5956804055065691,0.0,0.0,0.0,0.0
Q9XF04,2,96,S,test,2,0.0,0.0,1.0,0.0,0.0,0.0,0.0,0.0,0.0,0.0
Q9XGM8,7,444,M,test,7,0.0,0.17709462444074522,0.0,0.0,0.0,0.0,0.0,0.8229053755592548,0.0,0.0
Q9XI36,0,384,U,test,0,0.8105157023865394,0.18948429761346072,0.0,0.0,0.0,0.0,0.0,0.0,0.0,0.0
Q9XI84,6,482,S,test,6,0.0,0.0,0.0,0.0,0.0,0.0,1.0,0.0,0.0,0.0
Q9XI90,0,514,U,test,0,1.0,0.0,0.0,0.0,0.0,0.0,0.0,0.0,0.0,0.0
Q9XIA7,3,54,M,test,3,0.0,0.0,0.0,0.7930193447954825,0.0,0.20698065520451744,0.0,0.0,0.0,0.0
Q9XIP8,1,259,S,test,1,0.0,0.804564830910804,0.0,0.19543516908919606,0.0,0.0,0.0,0.0,0.0,0.0
Q9XTF3,1,817,S,test,1,0.0,1.0,0.0,0.0,0.0,0.0,0.0,0.0,0.0,0.0
Q9XVW1,5,502,M,test,5,0.0,0.0,0.0,0.0,0.0,0.5953451473368352,0.0,0.40465485266316475,0.0,0.0
Q9XXV8,1,858,S,test,0,0.5989103554852785,0.4010896445147215,0.0,0.0,0.0,0.0,0.0,0.0,0.0,0.0
Q9XZS8,0,613,U,test,0,0.5945090952426972,0.4054909047573028,0.0,0.0,0.0,0.0,0.0,0.0,0.0,0.0
Q9Y0V2,3,111,M,test,3,0.0,0.0,0.0,1.0,0.0,0.0,0.0,0.0,0.0,0.0
Q9Y117,7,667,M,test,7,0.0,0.0,0.0,0.0,0.0,0.0,0.0,1.0,0.0,0.0
Q9Y216,1,660,S,test,0,0.4988715100377522,0.36427591888564875,0.0,0.0,0.13685257107659907,0.0,0.0,0.0,0.0,0.0
Q9Y241,3,93,M,test,3,0.0,0.0,0.0,1.0,0.0,0.0,0.0,0.0,0.0,0.0
Q9Y294,0,204,U,test,1,0.43980618550212475,0.5601938144978752,0.0,0.0,0.0,0.0,0.0,0.0,0.0,0.0
Q9Y2F5,0,2266,U,test,1,0.36853910706935344,0.4201885387244365,0.0,0.0,0.0,0.0,0.0,0.21127235420621007,0.0,0.0
Q9Y2J8,1,665,S,test,0,0.4102861535830251,0.19128812124863764,0.0,0.20505456325871652,0.0,0.0,0.19337116190962075,0.0,0.0,0.0
Q9Y2K1,0,713,S,test,0,1.0,0.0,0.0,0.0,0.0,0.0,0.0,0.0,0.0,0.0
Q9Y2M2,1,353,S,test,0,0.7949812566111107,0.0,0.0,0.2050187433888893,0.0,0.0,0.0,0.0,0.0,0.0
Q9Y2R0,3,106,M,test,3,0.0,0.0,0.0,1.0,0.0,0.0,0.0,0.0,0.0,0.0
Q9Y2W1,0,955,S,test,0,1.0,0.0,0.0,0.0,0.0,0.0,0.0,0.0,0.0,0.0
Q9Y2X7,1,761,S,test,0,0.5950857630038809,0.40491423699611906,0.0,0.0,0.0,0.0,0.0,0.0,0.0,0.0
Q9Y2Y4,0,487,U,test,0,0.6095556076780513,0.21401310432177553,0.0,0.17643128800017316,0.0,0.0,0.0,0.0,0.0,0.0
Q9Y2Z4,3,477,S,test,3,0.19219727471327216,0.0,0.0,0.8078027252867278,0.0,0.0,0.0,0.0,0.0,0.0
Q9Y3P8,4,196,M,test,4,0.0,0.0,0.0,0.0,0.8063007942157577,0.0,0.0,0.19369920578424227,0.0,0.0
Q9Y471,1,501,S,test,1,0.0,0.3885031262304904,0.0,0.19344464715388723,0.0,0.21513097809255505,0.2029212485230673,0.0,0.0,0.0
Q9Y4A5,0,3859,U,test,0,0.6495134723300307,0.35048652766996935,0.0,0.0,0.0,0.0,0.0,0.0,0.0,0.0
Q9Y4X5,1,557,S,test,0,0.6019822873044633,0.1961821708367251,0.0,0.2018355418588116,0.0,0.0,0.0,0.0,0.0,0.0
Q9Y5J1,0,556,U,test,0,1.0,0.0,0.0,0.0,0.0,0.0,0.0,0.0,0.0,0.0
Q9Y5J6,3,103,M,test,3,0.0,0.0,0.0,1.0,0.0,0.0,0.0,0.0,0.0,0.0
Q9Y5U4,5,225,M,test,5,0.0,0.0,0.0,0.0,0.0,0.8287348581632951,0.0,0.17126514183670488,0.0,0.0
Q9Y679,5,476,M,test,5,0.17703541919332344,0.0,0.0,0.2393840151566114,0.0,0.40960307248100564,0.0,0.0,0.0,0.1739774931690595
Q9Y694,4,548,M,test,4,0.0,0.0,0.0,0.0,0.6400636163789291,0.0,0.0,0.0,0.359936383621071,0.0
Q9Y6H1,0,151,U,test,3,0.4143895484873892,0.0,0.0,0.4395451720102341,0.14606527950237677,0.0,0.0,0.0,0.0,0.0
Q9Y6J9,0,622,U,test,1,0.3838704834985932,0.6161295165014068,0.0,0.0,0.0,0.0,0.0,0.0,0.0,0.0
Q9Y6R1,4,1079,M,test,4,0.0,0.0,0.0,0.0,1.0,0.0,0.0,0.0,0.0,0.0
Q9Y6X4,0,670,M,test,0,1.0,0.0,0.0,0.0,0.0,0.0,0.0,0.0,0.0,0.0
Q9Y7I8,1,442,S,test,0,0.5767481603392756,0.42325183966072444,0.0,0.0,0.0,0.0,0.0,0.0,0.0,0.0
Q9Y7K5,1,426,S,test,0,0.6456236764756232,0.35437632352437676,0.0,0.0,0.0,0.0,0.0,0.0,0.0,0.0
Q9Y7L8,1,292,S,test,3,0.192775062756162,0.22021930951919674,0.0,0.5870056277246413,0.0,0.0,0.0,0.0,0.0,0.0
Q9Y7Q6,1,147,S,test,0,0.5851971567981006,0.41480284320189936,0.0,0.0,0.0,0.0,0.0,0.0,0.0,0.0
Q9Y7V0,5,186,M,test,2,0.0,0.0,0.583255426891205,0.0,0.416744573108795,0.0,0.0,0.0,0.0,0.0
Q9Y7X4,3,277,M,test,3,0.0,0.0,0.0,1.0,0.0,0.0,0.0,0.0,0.0,0.0
Q9Y7X6,0,684,M,test,3,0.0,0.16329650124397382,0.0,0.25797572494910076,0.17421016633749534,0.17499066813176006,0.22952693933767018,0.0,0.0,0.0
Q9Y7Y7,4,456,M,test,2,0.0,0.0,0.4041026663612119,0.0,0.0,0.0,0.0,0.19362617682840863,0.40227115681037956,0.0
Q9Y7Y9,5,457,M,test,7,0.0,0.0,0.0,0.0,0.19703439075970888,0.16386639481428597,0.0,0.46203025849501395,0.17706895593099123,0.0
Q9Y7Z9,3,479,M,test,3,0.0,0.1946849951568729,0.0,0.8053150048431271,0.0,0.0,0.0,0.0,0.0,0.0
Q9Y807,3,263,U,test,0,0.4025820221862186,0.39164887731475473,0.0,0.0,0.0,0.0,0.0,0.0,0.20576910049902683,0.0
Q9Y809,1,811,S,test,1,0.1759121071257295,0.8240878928742705,0.0,0.0,0.0,0.0,0.0,0.0,0.0,0.0
Q9YGJ8,2,258,S,test,2,0.0,0.0,1.0,0.0,0.0,0.0,0.0,0.0,0.0,0.0
Q9YGW7,1,229,S,test,0,0.5635174845887447,0.4364825154112553,0.0,0.0,0.0,0.0,0.0,0.0,0.0,0.0
Q9Z0E8,4,557,M,test,8,0.0,0.0,0.0,0.0,0.18685045964072816,0.0,0.0,0.0,0.8131495403592718,0.0
Q9Z0G8,1,485,S,test,1,0.26566803688266194,0.7343319631173381,0.0,0.0,0.0,0.0,0.0,0.0,0.0,0.0
Q9Z0W3,0,1402,U,test,0,0.7624314406325962,0.23756855936740381,0.0,0.0,0.0,0.0,0.0,0.0,0.0,0.0
Q9Z258,4,1237,M,test,4,0.0,0.0,0.0,0.0,0.5814402159242014,0.20533734413623086,0.0,0.21322243993956777,0.0,0.0
Q9Z2E9,5,383,M,test,4,0.18759785863920103,0.17968135897140144,0.0,0.0,0.6327207823893976,0.0,0.0,0.0,0.0,0.0
Q9Z2Y1,0,1205,U,test,1,0.183245269077602,0.6279041028821768,0.0,0.0,0.1888506280402213,0.0,0.0,0.0,0.0,0.0
Q9Z325,5,84,M,test,7,0.0,0.0,0.0,0.0,0.18802319909670154,0.3890423494537412,0.0,0.42293445144955727,0.0,0.0
Q9ZNV4,5,132,M,test,3,0.0,0.2758277770864561,0.0,0.5481783467302346,0.0,0.17599387618330925,0.0,0.0,0.0,0.0
Q9ZQX4,8,128,M,test,1,0.1947057796209642,0.8052942203790359,0.0,0.0,0.0,0.0,0.0,0.0,0.0,0.0
Q9ZQZ9,6,284,M,test,6,0.0,0.0,0.0,0.16645036706958075,0.0,0.0,0.8335496329304193,0.0,0.0,0.0
Q9ZSK3,1,139,S,test,1,0.3890921841354246,0.6109078158645754,0.0,0.0,0.0,0.0,0.0,0.0,0.0,0.0
Q9ZTZ7,6,1193,M,test,6,0.0,0.0,0.0,0.0,0.0,0.0,1.0,0.0,0.0,0.0
Q9ZUX7,1,466,S,test,0,0.8013699156572027,0.19863008434279722,0.0,0.0,0.0,0.0,0.0,0.0,0.0,0.0
Q9ZUY3,6,424,S,test,6,0.0,0.0,0.0,0.0,0.0,0.0,1.0,0.0,0.0,0.0
Q9ZV65,0,725,U,test,0,0.6002112110840742,0.1975004432227864,0.0,0.0,0.0,0.20228834569313947,0.0,0.0,0.0,0.0
Q9ZVH8,0,378,U,test,1,0.41850662599066013,0.5814933740093399,0.0,0.0,0.0,0.0,0.0,0.0,0.0,0.0
Q9ZVL6,6,285,M,test,6,0.0,0.0,0.0,0.0,0.0,0.0,1.0,0.0,0.0,0.0
Q9ZVT1,0,670,U,test,0,0.811946897270476,0.0,0.0,0.0,0.0,0.0,0.18805310272952402,0.0,0.0,0.0
Q9ZWA6,0,506,U,test,0,1.0,0.0,0.0,0.0,0.0,0.0,0.0,0.0,0.0,0.0
Q9ZWT2,5,140,M,test,1,0.3940246560598906,0.4098814161259465,0.0,0.0,0.0,0.19609392781416296,0.0,0.0,0.0,0.0
W3VKA4,2,462,S,test,2,0.0,0.0,1.0,0.0,0.0,0.0,0.0,0.0,0.0,0.0
