id,label,length,membrane,split,prediction,p0,p1,p2,p3,p4,p5,p6,p7,p8,p9
A0A068FIK2,1,1033,S,test,1,0.0,0.8104867917014106,0.0,0.1895132082985895,0.0,0.0,0.0,0.0,0.0,0.0
A0A0A7EQR3,2,474,S,test,2,0.0,0.0,1.0,0.0,0.0,0.0,0.0,0.0,0.0,0.0
A0AQW4,0,356,U,test,0,0.8178301982938276,0.0,0.0,0.0,0.18216980170617236,0.0,0.0,0.0,0.0,0.0
A0AVI4,5,362,M,test,1,0.0,0.4328660198716383,0.0,0.21150046505735798,0.18015150908156097,0.17548200598944283,0.0,0.0,0.0,0.0
A0AVK6,0,867,U,test,0,0.8044023236943998,0.19559767630560015,0.0,0.0,0.0,0.0,0.0,0.0,0.0,0.0
A0PJY2,0,475,U,test,0,1.0,0.0,0.0,0.0,0.0,0.0,0.0,0.0,0.0,0.0
A1XGB4,4,166,M,test,4,0.0,0.0,0.0,0.0,1.0,0.0,0.0,0.0,0.0,0.0
A1Z9P3,1,1576,S,test,0,0.3961912134050061,0.0,0.0,0.0,0.2100133950614559,0.19673868314940515,0.0,0.19705670838413286,0.0,0.0
A2A8L1,0,1946,U,test,0,1.0,0.0,0.0,0.0,0.0,0.0,0.0,0.0,0.0,0.0
A2A935,0,1275,U,test,0,1.0,0.0,0.0,0.0,0.0,0.0,0.0,0.0,0.0,0.0
A2A9C3,9,3431,U,test,0,0.5883177945249602,0.4116822054750398,0.0,0.0,0.0,0.0,0.0,0.0,0.0,0.0
A2AMM0,1,362,S,test,1,0.19336985661137243,0.6218658620139051,0.0,0.0,0.0,0.18476428137472242,0.0,0.0,0.0,0.0
A2APC3,1,461,S,test,0,0.8037689780355414,0.19623102196445866,0.0,0.0,0.0,0.0,0.0,0.0,0.0,0.0
A2AR95,4,345,M,test,4,0.0,0.0,0.0,0.0,0.5642167110975521,0.43578328890244783,0.0,0.0,0.0,0.0
A2AVQ5,3,414,U,test,1,0.20409752202701345,0.4058222287783356,0.19876586041195196,0.19131438878269896,0.0,0.0,0.0,0.0,0.0,0.0
A2RV66,5,269,M,test,4,0.0,0.0,0.0,0.0,0.7264112961997785,0.2735887038002215,0.0,0.0,0.0,0.0
A2XFC1,0,442,U,test,0,1.0,0.0,0.0,0.0,0.0,0.0,0.0,0.0,0.0,0.0
A4D1B5,7,854,U,test,0,0.8122347888143054,0.1877652111856945,0.0,0.0,0.0,0.0,0.0,0.0,0.0,0.0
A4Q9F4,1,727,S,test,0,1.0,0.0,0.0,0.0,0.0,0.0,0.0,0.0,0.0,0.0
A5D6W6,5,292,M,test,4,0.0,0.0,0.0,0.0,0.6064227380713345,0.39357726192866543,0.0,0.0,0.0,0.0
A6NNB3,4,132,M,test,4,0.0,0.0,0.0,0.0,1.0,0.0,0.0,0.0,0.0,0.0
A6XGK3,2,422,S,test,2,0.0,0.0,0.8288437232310699,0.0,0.17115627676893014,0.0,0.0,0.0,0.0,0.0
A6YSL1,6,525,S,test,3,0.0,0.1921350384505417,0.0,0.5834395783111187,0.0,0.0,0.22442538323833963,0.0,0.0,0.0
A7MAS3,1,351,S,test,0,0.6617072804954879,0.16957685878477657,0.0,0.0,0.0,0.1687158607197355,0.0,0.0,0.0,0.0
A7WNV3,2,70,S,test,2,0.0,0.0,1.0,0.0,0.0,0.0,0.0,0.0,0.0,0.0
A7WNV4,2,70,S,test,2,0.0,0.0,1.0,0.0,0.0,0.0,0.0,0.0,0.0,0.0
A7WNV7,2,62,S,test,2,0.0,0.0,1.0,0.0,0.0,0.0,0.0,0.0,0.0,0.0
A8B5P0,2,69,S,test,0,0.3777717777884936,0.1865052278068082,0.24783166840827436,0.18789132599642386,0.0,0.0,0.0,0.0,0.0,0.0
A8E0R9,1,1083,S,test,1,0.20252350651675957,0.7974764934832405,0.0,0.0,0.0,0.0,0.0,0.0,0.0,0.0
A8IVX2,1,524,S,test,1,0.19439332495978032,0.5934732228014138,0.0,0.0,0.212133452238806,0.0,0.0,0.0,0.0,0.0
A8MQ27,1,555,S,test,0,0.5462074233974918,0.4537925766025082,0.0,0.0,0.0,0.0,0.0,0.0,0.0,0.0
A8MUP2,3,240,U,test,3,0.0,0.0,0.0,0.5936040438522948,0.0,0.40639595614770513,0.0,0.0,0.0,0.0
B0BMY1,8,293,M,test,4,0.0,0.0,0.0,0.1948411750777972,0.6112759256878922,0.19388289923431062,0.0,0.0,0.0,0.0
B0FHH8,2,151,S,test,2,0.0,0.0,0.796239156961488,0.0,0.0,0.0,0.0,0.0,0.20376084303851213,0.0
B2D6M2,0,612,U,test,0,1.0,0.0,0.0,0.0,0.0,0.0,0.0,0.0,0.0,0.0
B2RNN3,2,333,S,test,2,0.0,0.0,0.6565956581601763,0.0,0.34340434183982366,0.0,0.0,0.0,0.0,0.0
B2RXS4,4,1842,M,test,4,0.19524230890983482,0.20145024159660285,0.0,0.0,0.40077705665413305,0.20253039283942934,0.0,0.0,0.0,0.0
B2RYG6,1,271,S,test,0,0.4271137124346201,0.19234349425423683,0.0,0.0,0.380542793311143,0.0,0.0,0.0,0.0,0.0
B3A0P0,2,47,S,test,2,0.0,0.0,1.0,0.0,0.0,0.0,0.0,0.0,0.0,0.0
B3A0P8,2,318,S,test,2,0.0,0.0,0.8240793431296639,0.0,0.0,0.0,0.17592065687033612,0.0,0.0,0.0
B3A0Q1,2,203,S,test,2,0.0,0.0,1.0,0.0,0.0,0.0,0.0,0.0,0.0,0.0
B3A0Q2,2,296,S,test,5,0.194276152198636,0.2002873502815201,0.1927833950510209,0.0,0.0,0.2137828550286275,0.0,0.19887024744019555,0.0,0.0
B3A0Q4,2,185,S,test,2,0.17331974398431282,0.0,0.8266802560156872,0.0,0.0,0.0,0.0,0.0,0.0,0.0
B3A0Q9,2,121,S,test,2,0.0,0.0,1.0,0.0,0.0,0.0,0.0,0.0,0.0,0.0
B3A0R3,2,264,S,test,2,0.18528031562530534,0.0,0.8147196843746947,0.0,0.0,0.0,0.0,0.0,0.0,0.0
B3A0R5,2,214,S,test,3,0.0,0.0,0.23931439016288633,0.3605385131810705,0.18316710391422228,0.0,0.0,0.216979992741821,0.0,0.0
B3A0R6,2,513,S,test,2,0.0,0.0,0.8091087225937291,0.0,0.19089127740627093,0.0,0.0,0.0,0.0,0.0
B3A0R9,2,119,S,test,2,0.0,0.0,1.0,0.0,0.0,0.0,0.0,0.0,0.0,0.0
B3A0S3,2,489,S,test,2,0.0,0.0,0.8335729430694931,0.0,0.16642705693050694,0.0,0.0,0.0,0.0,0.0
B3A0S4,2,195,S,test,2,0.0,0.0,1.0,0.0,0.0,0.0,0.0,0.0,0.0,0.0
B3EWF4,2,109,S,test,2,0.0,0.0,1.0,0.0,0.0,0.0,0.0,0.0,0.0,0.0
B3EWF5,2,111,S,test,2,0.0,0.0,1.0,0.0,0.0,0.0,0.0,0.0,0.0,0.0
B3EWF6,2,108,S,test,2,0.0,0.0,1.0,0.0,0.0,0.0,0.0,0.0,0.0,0.0
B3EWT2,2,40,S,test,2,0.0,0.0,1.0,0.0,0.0,0.0,0.0,0.0,0.0,0.0
B3EWT3,2,51,S,test,2,0.0,0.0,1.0,0.0,0.0,0.0,0.0,0.0,0.0,0.0
B3FIV1,2,99,S,test,2,0.0,0.0,1.0,0.0,0.0,0.0,0.0,0.0,0.0,0.0
B3VZU0,2,67,S,test,3,0.212248990212115,0.0,0.20572265009059354,0.387120503927888,0.0,0.19490785576940353,0.0,0.0,0.0,0.0
B5A9S9,2,59,S,test,3,0.19821078733153144,0.2047146461713898,0.20987171745491898,0.3872028490421598,0.0,0.0,0.0,0.0,0.0,0.0
B5BUZ8,1,675,S,test,1,0.14704495531035044,0.8529550446896496,0.0,0.0,0.0,0.0,0.0,0.0,0.0,0.0
B5X0I6,0,1091,U,test,0,0.8196270577640407,0.1803729422359593,0.0,0.0,0.0,0.0,0.0,0.0,0.0,0.0
B6GX22,2,445,S,test,2,0.0,0.0,1.0,0.0,0.0,0.0,0.0,0.0,0.0,0.0
B6RGY0,6,260,S,test,6,0.0,0.0,0.0,0.0,0.0,0.0,1.0,0.0,0.0,0.0
B6TVL4,6,395,M,test,6,0.0,0.0,0.0,0.0,0.0,0.0,1.0,0.0,0.0,0.0
B8B0E2,6,1246,S,test,6,0.0,0.0,0.0,0.0,0.0,0.0,1.0,0.0,0.0,0.0
B8YG19,2,671,S,test,2,0.0,0.0,1.0,0.0,0.0,0.0,0.0,0.0,0.0,0.0
B9DFZ0,6,386,S,test,0,0.8012039688905367,0.0,0.0,0.0,0.0,0.0,0.19879603110946326,0.0,0.0,0.0
B9V5F5,1,649,S,test,7,0.0,0.20037200739171487,0.0,0.0,0.0,0.0,0.0,0.7996279926082852,0.0,0.0
C0HJQ5,2,57,S,test,2,0.0,0.0,1.0,0.0,0.0,0.0,0.0,0.0,0.0,0.0
C0HJZ6,2,66,S,test,2,0.0,0.0,1.0,0.0,0.0,0.0,0.0,0.0,0.0,0.0
C0HJZ7,2,66,S,test,2,0.0,0.0,1.0,0.0,0.0,0.0,0.0,0.0,0.0,0.0
C0HJZ8,2,66,S,test,2,0.0,0.0,1.0,0.0,0.0,0.0,0.0,0.0,0.0,0.0
C0HJZ9,2,66,S,test,2,0.0,0.0,1.0,0.0,0.0,0.0,0.0,0.0,0.0,0.0
C0HK00,2,66,S,test,2,0.0,0.0,1.0,0.0,0.0,0.0,0.0,0.0,0.0,0.0
C0HK01,2,73,S,test,2,0.0,0.0,1.0,0.0,0.0,0.0,0.0,0.0,0.0,0.0
C0HK02,2,73,S,test,2,0.0,0.0,1.0,0.0,0.0,0.0,0.0,0.0,0.0,0.0
C0HK03,2,73,S,test,2,0.0,0.0,1.0,0.0,0.0,0.0,0.0,0.0,0.0,0.0
C0IW58,2,330,S,test,6,0.0,0.0,0.4037862083256458,0.0,0.18589699298335388,0.0,0.41031679869100035,0.0,0.0,0.0
C4LY96,1,1151,S,test,3,0.1964589789208338,0.20670894868771816,0.0,0.2096242374615403,0.0,0.0,0.0,0.0,0.1870834988882565,0.2001243360416512
C4M1E4,1,1153,S,test,9,0.19310361058650177,0.20882450391002194,0.0,0.2175554072260699,0.0,0.0,0.0,0.0,0.0,0.38051647827740626
C5J888,2,75,S,test,2,0.0,0.0,1.0,0.0,0.0,0.0,0.0,0.0,0.0,0.0
C5J8E3,2,62,S,test,2,0.0,0.0,1.0,0.0,0.0,0.0,0.0,0.0,0.0,0.0
C5P3X6,2,276,S,test,2,0.0,0.0,0.8033489749401024,0.0,0.0,0.0,0.0,0.0,0.19665102505989765,0.0
C6Y4C9,1,138,S,test,7,0.202640793290568,0.394284390744191,0.0,0.0,0.0,0.0,0.0,0.403074815965241,0.0,0.0
C7AU21,6,278,U,test,6,0.0,0.0,0.0,0.0,0.0,0.0,1.0,0.0,0.0,0.0
C9JLW8,0,97,U,test,0,0.6131496639092936,0.18957123052487462,0.0,0.19727910556583178,0.0,0.0,0.0,0.0,0.0,0.0
D0VWU3,2,499,S,test,2,0.0,0.0,1.0,0.0,0.0,0.0,0.0,0.0,0.0,0.0
D0VWV4,3,169,M,test,3,0.0,0.0,0.0,0.8151042854908164,0.0,0.0,0.18489571450918368,0.0,0.0,0.0
D2CZZ9,8,281,U,test,4,0.18963630558540057,0.0,0.18600615340995685,0.0,0.4032010229069685,0.0,0.0,0.2211565180976741,0.0,0.0
D2Y171,2,76,S,test,2,0.0,0.0,1.0,0.0,0.0,0.0,0.0,0.0,0.0,0.0
D3Z3K2,0,276,U,test,0,1.0,0.0,0.0,0.0,0.0,0.0,0.0,0.0,0.0,0.0
D3ZAW2,3,406,U,test,3,0.18038159056608452,0.0,0.0,0.8196184094339155,0.0,0.0,0.0,0.0,0.0,0.0
D3ZD32,0,1948,U,test,0,1.0,0.0,0.0,0.0,0.0,0.0,0.0,0.0,0.0,0.0
D4AK17,2,305,S,test,2,0.0,0.0,1.0,0.0,0.0,0.0,0.0,0.0,0.0,0.0
D4AL26,2,365,S,test,4,0.0,0.0,0.2063894685515675,0.0,0.7936105314484325,0.0,0.0,0.0,0.0,0.0
D4ALW9,2,271,S,test,2,0.0,0.0,1.0,0.0,0.0,0.0,0.0,0.0,0.0,0.0
D4AMW3,2,190,S,test,2,0.0,0.0,1.0,0.0,0.0,0.0,0.0,0.0,0.0,0.0
D4AR77,2,930,S,test,2,0.0,0.0,0.8424666930109517,0.15753330698904838,0.0,0.0,0.0,0.0,0.0,0.0
D4AS12,2,422,S,test,2,0.0,0.0,0.8294122389920054,0.0,0.17058776100799453,0.0,0.0,0.0,0.0,0.0
D4AS41,2,588,S,test,2,0.0,0.0,1.0,0.0,0.0,0.0,0.0,0.0,0.0,0.0
D4ATH2,2,417,S,test,2,0.0,0.0,1.0,0.0,0.0,0.0,0.0,0.0,0.0,0.0
D4AUH1,2,882,S,test,2,0.0,0.1987076442491346,0.3809472998767363,0.0,0.0,0.0,0.0,0.19943785180456916,0.22090720406955988,0.0
D4AUX6,2,442,S,test,2,0.0,0.0,0.6066145789664171,0.0,0.0,0.193366117375538,0.0,0.0,0.20001930365804474,0.0
D4AWC9,2,495,S,test,2,0.0,0.0,1.0,0.0,0.0,0.0,0.0,0.0,0.0,0.0
D4AZ24,2,909,S,test,2,0.0,0.0,0.8054502431928033,0.0,0.0,0.0,0.0,0.0,0.19454975680719666,0.0
D4B1Z7,2,565,S,test,2,0.0,0.0,1.0,0.0,0.0,0.0,0.0,0.0,0.0,0.0
D4B528,2,373,S,test,2,0.0,0.0,1.0,0.0,0.0,0.0,0.0,0.0,0.0,0.0
D4B5D3,2,197,S,test,1,0.0,0.5689078391329745,0.4310921608670256,0.0,0.0,0.0,0.0,0.0,0.0,0.0
D4N4Z9,2,424,S,test,2,0.0,0.0,0.8213199200838119,0.0,0.0,0.0,0.0,0.0,0.17868007991618814,0.0
D6PVB4,4,321,M,test,5,0.0,0.18788402456115774,0.0,0.0,0.18761666287664008,0.41534435158389793,0.0,0.20915496097830427,0.0,0.0
D6PVB5,4,320,M,test,5,0.0,0.0,0.0,0.0,0.20655457303699679,0.59768273851791,0.0,0.1957626884450932,0.0,0.0
D8QLP9,2,393,S,test,2,0.0,0.0,0.8169805905950782,0.0,0.0,0.1830194094049218,0.0,0.0,0.0,0.0
E7EKD0,2,62,S,test,2,0.0,0.0,1.0,0.0,0.0,0.0,0.0,0.0,0.0,0.0
E7EKD4,2,59,S,test,0,0.6021463356020178,0.200448311741305,0.19740535265667722,0.0,0.0,0.0,0.0,0.0,0.0,0.0
E9QAM5,0,2947,U,test,1,0.17636616089403032,0.4490704482490529,0.0,0.3745633908569169,0.0,0.0,0.0,0.0,0.0,0.0
F1LW30,4,956,M,test,4,0.19518560629890336,0.0,0.20497979868193286,0.0,0.39610742508497027,0.2037271699341936,0.0,0.0,0.0,0.0
F1NZP5,4,252,M,test,5,0.0,0.0,0.0,0.0,0.1765730751641947,0.8234269248358053,0.0,0.0,0.0,0.0
F2Z699,3,582,M,test,3,0.0,0.0,0.0,1.0,0.0,0.0,0.0,0.0,0.0,0.0
F4HQA1,0,589,U,test,0,1.0,0.0,0.0,0.0,0.0,0.0,0.0,0.0,0.0,0.0
F4I2J8,0,716,U,test,0,1.0,0.0,0.0,0.0,0.0,0.0,0.0,0.0,0.0,0.0
F4I443,0,714,U,test,0,1.0,0.0,0.0,0.0,0.0,0.0,0.0,0.0,0.0,0.0
F4I5N6,1,220,S,test,0,0.6033573332052722,0.3966426667947278,0.0,0.0,0.0,0.0,0.0,0.0,0.0,0.0
F4I6M4,1,821,S,test,1,0.376991184983264,0.37818480354037953,0.0,0.0,0.0,0.0,0.0,0.0,0.2448240114763564,0.0
F4I8Q7,5,416,M,test,8,0.19178797077988533,0.0,0.0,0.0,0.0,0.18721475138861318,0.0,0.1930190165090131,0.42797826132248834,0.0
F4IPE3,0,445,U,test,0,0.7996387808949679,0.2003612191050322,0.0,0.0,0.0,0.0,0.0,0.0,0.0,0.0
F4IUY8,0,1006,U,test,1,0.4206944622144896,0.5793055377855105,0.0,0.0,0.0,0.0,0.0,0.0,0.0,0.0
F4IVV0,1,224,S,test,0,0.8041565188555752,0.19584348114442485,0.0,0.0,0.0,0.0,0.0,0.0,0.0,0.0
F4IW47,6,741,M,test,6,0.0,0.0,0.0,0.40667958794016196,0.0,0.0,0.5933204120598381,0.0,0.0,0.0
F4J8D3,1,1176,S,test,1,0.20038926819893368,0.7996107318010663,0.0,0.0,0.0,0.0,0.0,0.0,0.0,0.0
F4J8K6,0,1920,U,test,0,1.0,0.0,0.0,0.0,0.0,0.0,0.0,0.0,0.0,0.0
F4JCC1,0,992,U,test,0,0.60325236415506,0.20036397846528067,0.0,0.0,0.19638365737965924,0.0,0.0,0.0,0.0,0.0
F4JI44,0,913,U,test,1,0.39558660248108785,0.6044133975189122,0.0,0.0,0.0,0.0,0.0,0.0,0.0,0.0
F4JL28,0,234,U,test,0,0.5971037544932956,0.40289624550670444,0.0,0.0,0.0,0.0,0.0,0.0,0.0,0.0
F4JYE9,3,530,S,test,6,0.0,0.22527706171174425,0.0,0.37702183389355354,0.0,0.0,0.39770110439470224,0.0,0.0,0.0
F4K1J4,0,1423,U,test,0,0.4056470734759939,0.4034851518650313,0.0,0.0,0.1908677746589748,0.0,0.0,0.0,0.0,0.0
F4K2R6,0,563,U,test,0,1.0,0.0,0.0,0.0,0.0,0.0,0.0,0.0,0.0,0.0
F4K5W8,2,836,S,test,1,0.0,1.0,0.0,0.0,0.0,0.0,0.0,0.0,0.0,0.0
F4K6F1,7,517,M,test,7,0.0,0.0,0.0,0.0,0.0,0.0,0.0,1.0,0.0,0.0
F4KFS7,5,550,M,test,1,0.1929288719503446,0.4196186018439007,0.0,0.0,0.0,0.38745252620575465,0.0,0.0,0.0,0.0
F7BJB9,0,942,S,test,1,0.3855425431681087,0.6144574568318912,0.0,0.0,0.0,0.0,0.0,0.0,0.0,0.0
G3HIK4,2,492,S,test,2,0.0,0.0,0.8347263795411136,0.0,0.0,0.16527362045888644,0.0,0.0,0.0,0.0
G5EBZ4,0,1829,U,test,0,1.0,0.0,0.0,0.0,0.0,0.0,0.0,0.0,0.0,0.0
G5EFF5,0,753,U,test,0,1.0,0.0,0.0,0.0,0.0,0.0,0.0,0.0,0.0,0.0
G5EGM3,0,1744,U,test,0,0.7955116316828953,0.20448836831710474,0.0,0.0,0.0,0.0,0.0,0.0,0.0,0.0
G9M8X1,2,687,S,test,1,0.0,0.37986963322664713,0.23704089343283852,0.0,0.0,0.19655742678396254,0.0,0.18653204655655192,0.0,0.0
H2A0K6,2,238,S,test,2,0.0,0.0,1.0,0.0,0.0,0.0,0.0,0.0,0.0,0.0
H2A0K9,2,223,S,test,2,0.0,0.0,0.8452649141053797,0.0,0.15473508589462026,0.0,0.0,0.0,0.0,0.0
H2A0L9,2,332,S,test,2,0.0,0.0,0.7985186189356981,0.0,0.20148138106430188,0.0,0.0,0.0,0.0,0.0
H2A0M3,2,781,S,test,1,0.0,0.37137866210160436,0.23420915312633017,0.0,0.0,0.0,0.0,0.21469090045583067,0.17972128431623474,0.0
H2A0N4,2,1014,S,test,2,0.17508766388230573,0.0,0.6241842432005124,0.0,0.0,0.0,0.0,0.20072809291718202,0.0,0.0
H2A0N6,2,100,S,test,2,0.0,0.0,1.0,0.0,0.0,0.0,0.0,0.0,0.0,0.0
I0IUP3,0,830,U,test,0,0.6272612569430924,0.3727387430569076,0.0,0.0,0.0,0.0,0.0,0.0,0.0,0.0
I0IUP4,0,1169,U,test,0,0.8048735969571613,0.19512640304283865,0.0,0.0,0.0,0.0,0.0,0.0,0.0,0.0
I2C092,2,855,S,test,1,0.0,0.6063136569116133,0.0,0.19732430494816103,0.0,0.1963620381402257,0.0,0.0,0.0,0.0
J3KML8,7,504,M,test,1,0.0,0.5244527046988684,0.0,0.0,0.47554729530113166,0.0,0.0,0.0,0.0,0.0
J9VQZ4,2,594,S,test,2,0.0,0.0,1.0,0.0,0.0,0.0,0.0,0.0,0.0,0.0
J9VY90,2,624,S,test,2,0.0,0.0,1.0,0.0,0.0,0.0,0.0,0.0,0.0,0.0
K0P7H2,2,125,S,test,2,0.0,0.0,1.0,0.0,0.0,0.0,0.0,0.0,0.0,0.0
K4C9E2,6,498,U,test,6,0.0,0.0,0.0,0.0,0.0,0.0,1.0,0.0,0.0,0.0
K7WDL7,1,388,S,test,1,0.0,0.42714534028259726,0.0,0.0,0.0,0.389856713289981,0.0,0.0,0.0,0.18299794642742173
K7ZGS2,2,63,S,test,2,0.21129700123493342,0.0,0.3969446067772725,0.19438859349534388,0.0,0.1973697984924504,0.0,0.0,0.0,0.0
M9MSG8,4,2551,M,test,5,0.0,0.0,0.0,0.0,0.0,0.5928609223979829,0.0,0.19849017717782144,0.2086489004241957,0.0
M9P2C1,2,91,S,test,2,0.0,0.0,1.0,0.0,0.0,0.0,0.0,0.0,0.0,0.0
O00267,0,1087,U,test,0,0.7999095773361142,0.20009042266388574,0.0,0.0,0.0,0.0,0.0,0.0,0.0,0.0
O00463,1,557,S,test,0,0.5818040276736028,0.20676125253897853,0.0,0.0,0.0,0.21143471978741873,0.0,0.0,0.0,0.0
O00623,9,359,M,test,9,0.0,0.0,0.0,0.0,0.0,0.3129361792620198,0.0,0.0,0.0,0.6870638207379802
O00841,0,802,S,test,0,0.5859362184664411,0.414063781533559,0.0,0.0,0.0,0.0,0.0,0.0,0.0,0.0
O01583,1,1592,S,test,1,0.2000227808243305,0.4143791632966291,0.0,0.0,0.38559805587904056,0.0,0.0,0.0,0.0,0.0
O04147,1,181,S,test,1,0.3961873901625953,0.4076655409798493,0.0,0.0,0.0,0.19614706885755545,0.0,0.0,0.0,0.0
O04193,1,200,S,test,1,0.2107019420962773,0.7892980579037226,0.0,0.0,0.0,0.0,0.0,0.0,0.0,0.0
O04196,6,783,U,test,6,0.0,0.0,0.0,0.0,0.0,0.0,1.0,0.0,0.0,0.0
O04202,1,293,S,test,3,0.19101167067959487,0.20888718726340422,0.0,0.38177458801213326,0.0,0.0,0.0,0.0,0.2183265540448677,0.0
O04203,1,435,S,test,1,0.19781908030546347,0.40548931066768334,0.0,0.0,0.19775048240365323,0.0,0.19894112662320007,0.0,0.0,0.0
O04348,6,340,M,test,6,0.0,0.0,0.0,0.0,0.0,0.0,1.0,0.0,0.0,0.0
O04479,0,199,U,test,1,0.4302367046992928,0.5697632953007072,0.0,0.0,0.0,0.0,0.0,0.0,0.0,0.0
O08722,4,945,M,test,2,0.0,0.2000539418307564,0.3990873646485361,0.0,0.19796453333098724,0.20289416018972026,0.0,0.0,0.0,0.0
O08750,0,462,U,test,0,1.0,0.0,0.0,0.0,0.0,0.0,0.0,0.0,0.0,0.0
O08858,4,362,M,test,4,0.0,0.0,0.0,0.0,1.0,0.0,0.0,0.0,0.0,0.0
O11780,2,683,S,test,7,0.0,0.0,0.20460004126556425,0.0,0.1889821207294289,0.18890746789483379,0.0,0.417510370110173,0.0,0.0
O13134,4,1035,M,test,4,0.0,0.0,0.0,0.0,1.0,0.0,0.0,0.0,0.0,0.0
O13472,0,328,U,test,0,1.0,0.0,0.0,0.0,0.0,0.0,0.0,0.0,0.0,0.0
O13660,3,277,M,test,3,0.0,0.0,0.0,0.8362624905350131,0.0,0.0,0.0,0.0,0.0,0.16373750946498686
O13674,1,654,S,test,0,0.5878594601294685,0.41214053987053145,0.0,0.0,0.0,0.0,0.0,0.0,0.0,0.0
O13684,0,261,U,test,0,0.8029073887652488,0.19709261123475116,0.0,0.0,0.0,0.0,0.0,0.0,0.0,0.0
O13699,3,430,U,test,3,0.2070102247707079,0.38603975738387225,0.0,0.40695001784541984,0.0,0.0,0.0,0.0,0.0,0.0
O13701,0,393,U,test,0,1.0,0.0,0.0,0.0,0.0,0.0,0.0,0.0,0.0,0.0
O13713,0,307,U,test,0,0.8282822630837308,0.0,0.0,0.0,0.0,0.0,0.0,0.1717177369162692,0.0,0.0
O13716,2,424,S,test,2,0.0,0.0,0.8158394522925859,0.0,0.0,0.0,0.0,0.0,0.1841605477074141,0.0
O13737,5,222,M,test,7,0.0,0.0,0.0,0.0,0.1890327460757204,0.19059122754637045,0.0,0.6203760263779092,0.0,0.0
O13744,3,259,U,test,3,0.0,0.3814852178448773,0.0,0.4256591904530543,0.0,0.0,0.1928555917020684,0.0,0.0,0.0
O13746,0,107,M,test,5,0.0,0.38891853655946473,0.0,0.18014600994840035,0.0,0.43093545349213497,0.0,0.0,0.0,0.0
O13769,0,638,U,test,0,1.0,0.0,0.0,0.0,0.0,0.0,0.0,0.0,0.0,0.0
O13816,0,962,U,test,0,0.6304371014134181,0.18164785305222308,0.0,0.0,0.0,0.0,0.0,0.1879150455343589,0.0,0.0
O13846,5,347,M,test,5,0.0,0.0,0.0,0.0,0.0,1.0,0.0,0.0,0.0,0.0
O13881,0,537,U,test,0,0.7743319546159317,0.0,0.0,0.0,0.0,0.22566804538406837,0.0,0.0,0.0,0.0
O13894,0,124,U,test,1,0.21951649197910805,0.3915306933489133,0.0,0.0,0.0,0.0,0.0,0.3889528146719787,0.0,0.0
O13904,5,195,M,test,8,0.0,0.18310642084828124,0.0,0.0,0.0,0.3838411244326479,0.0,0.0,0.4330524547190708,0.0
O13905,1,347,S,test,0,0.39592005412647646,0.21336133008489044,0.0,0.0,0.0,0.19316843178451723,0.0,0.19755018400411595,0.0,0.0
O13919,0,1075,U,test,1,0.4005006871467478,0.5994993128532523,0.0,0.0,0.0,0.0,0.0,0.0,0.0,0.0
O13936,0,990,U,test,0,0.809882246312559,0.190117753687441,0.0,0.0,0.0,0.0,0.0,0.0,0.0,0.0
O13968,8,596,M,test,5,0.0,0.18950434892809928,0.0,0.19760850171106276,0.20422784042635297,0.214147990506065,0.0,0.0,0.19451131842842007,0.0
O13970,3,263,U,test,1,0.0,0.805257208820958,0.0,0.19474279117904197,0.0,0.0,0.0,0.0,0.0,0.0
O13995,5,166,M,test,1,0.18781771356739818,0.6006866284777121,0.0,0.0,0.0,0.21149565795488962,0.0,0.0,0.0,0.0
O14013,0,556,U,test,0,1.0,0.0,0.0,0.0,0.0,0.0,0.0,0.0,0.0,0.0
O14023,1,544,S,test,1,0.39309197644015653,0.6069080235598434,0.0,0.0,0.0,0.0,0.0,0.0,0.0,0.0
O14036,0,115,U,test,1,0.4237157043150011,0.576284295684999,0.0,0.0,0.0,0.0,0.0,0.0,0.0,0.0
O14038,5,134,M,test,5,0.0,0.0,0.0,0.0,0.22174127810280553,0.3998927717060746,0.0,0.3783659501911199,0.0,0.0
O14090,5,101,M,test,1,0.0,0.3957769209899348,0.18472571884870792,0.22876735721838662,0.0,0.19073000294297077,0.0,0.0,0.0,0.0
O14097,0,331,U,test,0,0.8046999913434439,0.19530000865655606,0.0,0.0,0.0,0.0,0.0,0.0,0.0,0.0
O14104,1,362,S,test,3,0.0,0.37728539514906717,0.0,0.6227146048509328,0.0,0.0,0.0,0.0,0.0,0.0
O14119,5,249,M,test,5,0.0,0.0,0.0,0.0,0.0,0.6196413437246264,0.0,0.3803586562753735,0.0,0.0
O14121,3,551,U,test,3,0.0,0.0,0.0,1.0,0.0,0.0,0.0,0.0,0.0,0.0
O14154,5,513,U,test,2,0.0,0.0,1.0,0.0,0.0,0.0,0.0,0.0,0.0,0.0
O14158,3,578,U,test,3,0.0,0.17724236767152138,0.0,0.3907985048874984,0.19692397502779305,0.23503515241318723,0.0,0.0,0.0,0.0
O14223,7,132,M,test,7,0.0,0.0,0.0,0.0,0.0,0.36135768219165376,0.0,0.6386423178083462,0.0,0.0
O14228,1,1323,S,test,1,0.0,0.7880400424178902,0.0,0.21195995758210986,0.0,0.0,0.0,0.0,0.0,0.0
O14246,0,508,U,test,0,0.6418741271352628,0.17368089293961161,0.0,0.0,0.0,0.0,0.0,0.0,0.0,0.18444497992512554
O14254,3,439,U,test,0,0.6302376100682624,0.1888464129542679,0.0,0.18091597697746972,0.0,0.0,0.0,0.0,0.0,0.0
O14267,5,759,M,test,8,0.0,0.0,0.0,0.0,0.1855102190797547,0.37026423051711443,0.0,0.0,0.44422555040313083,0.0
O14275,3,931,U,test,3,0.0,0.0,0.0,1.0,0.0,0.0,0.0,0.0,0.0,0.0
O14279,0,154,U,test,0,1.0,0.0,0.0,0.0,0.0,0.0,0.0,0.0,0.0,0.0
O14311,0,307,U,test,0,1.0,0.0,0.0,0.0,0.0,0.0,0.0,0.0,0.0,0.0
O14336,0,461,U,test,0,1.0,0.0,0.0,0.0,0.0,0.0,0.0,0.0,0.0,0.0
O14341,3,308,U,test,3,0.4098624029627435,0.0,0.0,0.5901375970372565,0.0,0.0,0.0,0.0,0.0,0.0
O14514,4,1584,M,test,4,0.3175199257909659,0.0,0.0,0.0,0.6824800742090342,0.0,0.0,0.0,0.0,0.0
O14843,4,346,M,test,4,0.0,0.0,0.0,0.0,1.0,0.0,0.0,0.0,0.0,0.0
O14925,3,209,M,test,3,0.0,0.0,0.0,0.8510702977991622,0.0,0.0,0.1489297022008378,0.0,0.0,0.0
O14974,1,1030,S,test,1,0.4065155140958602,0.5934844859041398,0.0,0.0,0.0,0.0,0.0,0.0,0.0,0.0
O15031,4,1838,M,test,4,0.19141149082356948,0.0,0.0,0.0,0.8085885091764305,0.0,0.0,0.0,0.0,0.0
O15091,3,583,U,test,3,0.18019775144234482,0.0,0.0,0.8198022485576553,0.0,0.0,0.0,0.0,0.0,0.0
O15226,0,690,U,test,0,1.0,0.0,0.0,0.0,0.0,0.0,0.0,0.0,0.0,0.0
O15245,4,554,M,test,4,0.0,0.0,0.0,0.0,0.6366171357784192,0.0,0.0,0.0,0.36338286422158084,0.0
O15344,1,667,S,test,0,0.4378655811665749,0.3860054779742315,0.0,0.0,0.0,0.1761289408591936,0.0,0.0,0.0,0.0
O15503,5,277,M,test,5,0.0,0.0,0.0,0.18314953572115836,0.0,0.6365702755360976,0.0,0.18028018874274415,0.0,0.0
O15525,0,162,U,test,0,0.8095227807108403,0.19047721928915975,0.0,0.0,0.0,0.0,0.0,0.0,0.0,0.0
O16011,0,297,U,test,0,1.0,0.0,0.0,0.0,0.0,0.0,0.0,0.0,0.0,0.0
O16259,1,320,S,test,1,0.0,0.7863441149122417,0.0,0.21365588508775837,0.0,0.0,0.0,0.0,0.0,0.0
O17087,1,1113,S,test,1,0.2228222496891279,0.7771777503108721,0.0,0.0,0.0,0.0,0.0,0.0,0.0,0.0
O20250,6,741,M,test,6,0.0,0.0,0.0,0.19946413140887126,0.0,0.0,0.8005358685911288,0.0,0.0,0.0
O22049,3,353,M,test,6,0.0,0.0,0.0,0.2050893596040385,0.0,0.0,0.7949106403959615,0.0,0.0,0.0
O22131,0,262,U,test,0,0.801959628590655,0.19804037140934513,0.0,0.0,0.0,0.0,0.0,0.0,0.0,0.0
O22160,6,224,U,test,6,0.0,0.0,0.0,0.0,0.0,0.0,1.0,0.0,0.0,0.0
O22241,6,424,S,test,6,0.0,0.0,0.0,0.0,0.0,0.0,1.0,0.0,0.0,0.0
O22315,0,303,S,test,0,1.0,0.0,0.0,0.0,0.0,0.0,0.0,0.0,0.0,0.0
O22609,6,439,M,test,6,0.0,0.0,0.0,0.0,0.0,0.0,1.0,0.0,0.0,0.0
O23179,1,414,S,test,1,0.0,1.0,0.0,0.0,0.0,0.0,0.0,0.0,0.0,0.0
O23181,1,428,S,test,1,0.0,0.6004269899100625,0.0,0.19895488364558542,0.0,0.20061812644435217,0.0,0.0,0.0,0.0
O23342,6,177,M,test,6,0.0,0.0,0.0,0.0,0.0,0.0,1.0,0.0,0.0,0.0
O23463,0,923,U,test,0,0.6624450883619732,0.16863411061857003,0.0,0.0,0.0,0.0,0.16892080101945675,0.0,0.0,0.0
O23647,6,858,S,test,6,0.0,0.20692730249068164,0.18627736777118387,0.0,0.0,0.20045360828109465,0.22060283351280313,0.0,0.1857388879442368,0.0
O23722,9,412,U,test,1,0.0,0.7992071696490796,0.0,0.20079283035092038,0.0,0.0,0.0,0.0,0.0,0.0
O24174,9,505,U,test,3,0.0,0.0,0.0,0.587925097022493,0.0,0.0,0.41207490297750704,0.0,0.0,0.0
O35254,7,451,M,test,4,0.0,0.38725590731793624,0.0,0.0,0.40523644532056746,0.0,0.0,0.20750764736149627,0.0,0.0
O35586,9,227,U,test,0,0.4047042706319238,0.20753139926336261,0.1934547657415283,0.0,0.0,0.0,0.0,0.0,0.0,0.19430956436318503
O35615,0,995,U,test,0,0.8099447709440153,0.19005522905598465,0.0,0.0,0.0,0.0,0.0,0.0,0.0,0.0
O35621,1,262,S,test,3,0.3990065739765522,0.19636840337550449,0.0,0.4046250226479434,0.0,0.0,0.0,0.0,0.0,0.0
O36025,1,992,S,test,1,0.17844015513917108,0.8215598448608289,0.0,0.0,0.0,0.0,0.0,0.0,0.0,0.0
O42248,1,317,S,test,0,0.6000883115292659,0.20792968673989592,0.0,0.0,0.19198200173083818,0.0,0.0,0.0,0.0,0.0
O42250,0,344,U,test,0,1.0,0.0,0.0,0.0,0.0,0.0,0.0,0.0,0.0,0.0
O42602,4,415,M,test,4,0.0,0.0,0.0,0.0,0.7748957913134655,0.2251042086865344,0.0,0.0,0.0,0.0
O42637,3,797,U,test,3,0.0,0.18786657203718782,0.0,0.8121334279628122,0.0,0.0,0.0,0.0,0.0,0.0
O42648,0,341,U,test,0,1.0,0.0,0.0,0.0,0.0,0.0,0.0,0.0,0.0,0.0
O42657,1,750,S,test,7,0.1587002878794734,0.2562397975842461,0.0,0.0,0.0,0.0,0.0,0.5850599145362806,0.0,0.0
O42699,1,193,S,test,1,0.17976122948393206,0.6227623381322943,0.0,0.19747643238377371,0.0,0.0,0.0,0.0,0.0,0.0
O42721,2,462,S,test,2,0.0,0.0,1.0,0.0,0.0,0.0,0.0,0.0,0.0,0.0
O42866,3,236,U,test,4,0.0,0.2140024418610739,0.0,0.18291008270839232,0.23349519883105696,0.0,0.1701163570946593,0.0,0.0,0.1994759195048174
O42893,1,735,S,test,6,0.0,0.1999943426436009,0.0,0.18941316500225938,0.0,0.20305581223105829,0.2163418074844694,0.0,0.0,0.19119487263861207
O42927,0,207,U,test,0,1.0,0.0,0.0,0.0,0.0,0.0,0.0,0.0,0.0,0.0
O42928,0,350,U,test,0,0.4440842387317742,0.1772299920527076,0.0,0.0,0.37868576921551816,0.0,0.0,0.0,0.0,0.0
O42955,3,687,U,test,3,0.0,0.0,0.0,1.0,0.0,0.0,0.0,0.0,0.0,0.0
O42956,1,483,S,test,1,0.0,0.790155316443404,0.0,0.0,0.0,0.0,0.0,0.209844683556596,0.0,0.0
O42973,1,446,S,test,1,0.4078462436610049,0.5921537563389951,0.0,0.0,0.0,0.0,0.0,0.0,0.0,0.0
O43002,5,102,M,test,6,0.0,0.0,0.0,0.0,0.19495860310528768,0.19038108636335638,0.614660310531356,0.0,0.0,0.0
O43013,0,533,U,test,0,0.4319978888262787,0.3676959891364858,0.0,0.0,0.0,0.0,0.0,0.0,0.2003061220372355,0.0
O43031,0,381,U,test,0,0.7888712437489778,0.2111287562510223,0.0,0.0,0.0,0.0,0.0,0.0,0.0,0.0
O43050,5,340,M,test,1,0.0,0.8087912287456225,0.0,0.0,0.0,0.0,0.0,0.19120877125437755,0.0,0.0
O43060,1,302,S,test,0,0.5933068957988759,0.20310139828596308,0.0,0.0,0.0,0.0,0.0,0.0,0.20359170591516107,0.0
O43071,0,558,U,test,0,0.8318964417117388,0.16810355828826123,0.0,0.0,0.0,0.0,0.0,0.0,0.0,0.0
O43082,0,233,U,test,0,1.0,0.0,0.0,0.0,0.0,0.0,0.0,0.0,0.0,0.0
O43090,3,551,U,test,3,0.0,0.0,0.0,1.0,0.0,0.0,0.0,0.0,0.0,0.0
O43156,1,1089,S,test,0,0.4029983262438368,0.20097133600753114,0.0,0.18525280189325474,0.0,0.0,0.0,0.21077753585537715,0.0,0.0
O43257,0,154,U,test,0,1.0,0.0,0.0,0.0,0.0,0.0,0.0,0.0,0.0,0.0
O43405,2,550,S,test,2,0.0,0.0,0.8050501744663722,0.0,0.19494982553362786,0.0,0.0,0.0,0.0,0.0
O43809,0,227,U,test,3,0.0,0.3993109386835153,0.0,0.6006890613164847,0.0,0.0,0.0,0.0,0.0,0.0
O46028,2,62,S,test,2,0.0,0.0,1.0,0.0,0.0,0.0,0.0,0.0,0.0,0.0
O48538,4,944,M,test,0,0.7898147754336345,0.0,0.0,0.2101852245663654,0.0,0.0,0.0,0.0,0.0,0.0
O48723,1,407,S,test,1,0.0,0.594819033862187,0.2101189954815,0.19506197065631306,0.0,0.0,0.0,0.0,0.0,0.0
O48814,4,395,M,test,4,0.0,0.22246292293044398,0.0,0.0,0.777537077069556,0.0,0.0,0.0,0.0,0.0
O48845,5,134,M,test,3,0.0,0.22468184913444542,0.0,0.5623988971004159,0.0,0.21291925376513865,0.0,0.0,0.0,0.0
O48916,5,237,M,test,5,0.0,0.0,0.0,0.0,0.0,1.0,0.0,0.0,0.0,0.0
O49397,0,552,U,test,0,1.0,0.0,0.0,0.0,0.0,0.0,0.0,0.0,0.0,0.0
O49432,2,481,S,test,1,0.0,0.39329952604392465,0.0,0.0,0.19303978509719075,0.22183180708289754,0.1918288817759871,0.0,0.0,0.0
O49523,1,419,S,test,4,0.0,0.19827009678717333,0.0,0.0,0.6136423005634569,0.0,0.18808760264936972,0.0,0.0,0.0
O49597,0,125,U,test,0,1.0,0.0,0.0,0.0,0.0,0.0,0.0,0.0,0.0,0.0
O49606,1,141,S,test,0,0.6131710262726957,0.3868289737273044,0.0,0.0,0.0,0.0,0.0,0.0,0.0,0.0
O49782,0,352,U,test,0,1.0,0.0,0.0,0.0,0.0,0.0,0.0,0.0,0.0,0.0
O54751,0,299,U,test,0,1.0,0.0,0.0,0.0,0.0,0.0,0.0,0.0,0.0,0.0
O54769,2,207,S,test,3,0.20930050738725778,0.0,0.0,0.3878028692880542,0.20722668493092228,0.19566993839376579,0.0,0.0,0.0,0.0
O54858,2,652,S,test,4,0.0,0.0,0.21894604407265447,0.0,0.5794617699690374,0.0,0.0,0.2015921859583082,0.0,0.0
O54874,1,1732,S,test,1,0.3473845770748057,0.6526154229251943,0.0,0.0,0.0,0.0,0.0,0.0,0.0,0.0
O57437,1,286,S,test,0,0.5957447027580509,0.40425529724194914,0.0,0.0,0.0,0.0,0.0,0.0,0.0,0.0
O59676,0,359,U,test,0,0.8038766846241205,0.1961233153758794,0.0,0.0,0.0,0.0,0.0,0.0,0.0,0.0
O59697,1,423,S,test,1,0.191365698562035,0.6096033366718517,0.0,0.0,0.19903096476611318,0.0,0.0,0.0,0.0,0.0
O59711,1,450,S,test,1,0.0,0.782277826800625,0.0,0.21772217319937504,0.0,0.0,0.0,0.0,0.0,0.0
O59714,5,511,M,test,8,0.0,0.0,0.0,0.0,0.3805091978714284,0.0,0.0,0.0,0.6194908021285717,0.0
O59746,0,819,U,test,0,0.8162545159176345,0.1837454840823654,0.0,0.0,0.0,0.0,0.0,0.0,0.0,0.0
O59755,1,548,S,test,0,0.8390788550283493,0.16092114497165072,0.0,0.0,0.0,0.0,0.0,0.0,0.0,0.0
O59779,1,658,S,test,0,0.5942857272340567,0.0,0.4057142727659433,0.0,0.0,0.0,0.0,0.0,0.0,0.0
O59782,5,667,M,test,4,0.0,0.0,0.0,0.0,0.612902684920107,0.0,0.0,0.0,0.3870973150798929,0.0
O59792,0,320,U,test,0,0.8096849179457482,0.0,0.0,0.19031508205425196,0.0,0.0,0.0,0.0,0.0,0.0
O59800,0,354,U,test,0,0.4164491424663548,0.39568285163422634,0.0,0.18786800589941893,0.0,0.0,0.0,0.0,0.0,0.0
O59811,1,463,S,test,0,0.536793563922562,0.463206436077438,0.0,0.0,0.0,0.0,0.0,0.0,0.0,0.0
O59812,1,475,S,test,1,0.0,0.7980735795405015,0.0,0.20192642045949852,0.0,0.0,0.0,0.0,0.0,0.0
O59893,2,234,S,test,2,0.0,0.0,1.0,0.0,0.0,0.0,0.0,0.0,0.0,0.0
O60053,0,440,U,test,0,1.0,0.0,0.0,0.0,0.0,0.0,0.0,0.0,0.0,0.0
O60065,9,286,M,test,1,0.0,0.5992350269104278,0.0,0.20209196882168703,0.0,0.0,0.0,0.19867300426788514,0.0,0.0
O60104,0,376,U,test,0,0.8238686935398943,0.1761313064601057,0.0,0.0,0.0,0.0,0.0,0.0,0.0,0.0
O60113,7,542,M,test,5,0.0,0.0,0.0,0.0,0.1839995521299331,0.6314975037150098,0.0,0.1845029441550571,0.0,0.0
O60118,3,157,U,test,3,0.0,0.4275047573602621,0.0,0.572495242639738,0.0,0.0,0.0,0.0,0.0,0.0
O60142,3,432,U,test,3,0.0,0.0,0.0,1.0,0.0,0.0,0.0,0.0,0.0,0.0
O60155,1,716,S,test,1,0.0,0.8059044598012189,0.0,0.19409554019878103,0.0,0.0,0.0,0.0,0.0,0.0
O60161,0,710,U,test,0,1.0,0.0,0.0,0.0,0.0,0.0,0.0,0.0,0.0,0.0
O60167,1,649,S,test,0,0.5881246589081366,0.41187534109186336,0.0,0.0,0.0,0.0,0.0,0.0,0.0,0.0
O60171,0,215,U,test,0,1.0,0.0,0.0,0.0,0.0,0.0,0.0,0.0,0.0,0.0
O60237,1,982,S,test,1,0.38174067692550234,0.41154527964978427,0.0,0.20671404342471353,0.0,0.0,0.0,0.0,0.0,0.0
O60242,4,1522,M,test,0,0.7844561406956664,0.21554385930433362,0.0,0.0,0.0,0.0,0.0,0.0,0.0,0.0
O60292,4,1781,M,test,1,0.3755304519912079,0.41026942985768877,0.0,0.0,0.2142001181511034,0.0,0.0,0.0,0.0,0.0
O60306,0,1485,U,test,1,0.0,0.7713699952258588,0.0,0.0,0.0,0.0,0.0,0.2286300047741412,0.0,0.0
O60462-6,2,555,S,test,2,0.0,0.0,1.0,0.0,0.0,0.0,0.0,0.0,0.0,0.0
O60477,1,761,S,test,3,0.0,0.25045407475191206,0.20475359687817174,0.38025589817452526,0.0,0.0,0.0,0.16453643019539085,0.0,0.0
O60478,8,399,M,test,4,0.19435073282338117,0.0,0.0,0.0,0.4208981974086236,0.19052837146109633,0.0,0.19422269830689892,0.0,0.0
O60508,0,579,U,test,0,1.0,0.0,0.0,0.0,0.0,0.0,0.0,0.0,0.0,0.0
O60635,8,241,M,test,4,0.0,0.0,0.0,0.0,1.0,0.0,0.0,0.0,0.0,0.0
O60667-3,2,306,S,test,4,0.0,0.0,0.0,0.0,1.0,0.0,0.0,0.0,0.0,0.0
O60858,5,407,M,test,3,0.33851897788747065,0.0,0.0,0.35090986703514815,0.0,0.31057115507738126,0.0,0.0,0.0,0.0
O60896,4,148,M,test,4,0.0,0.0,0.38800117683088114,0.0,0.6119988231691189,0.0,0.0,0.0,0.0,0.0
O61577,1,516,S,test,0,0.6281749686899395,0.18164734191510942,0.0,0.19017768939495108,0.0,0.0,0.0,0.0,0.0,0.0
O61661,0,512,U,test,1,0.0,1.0,0.0,0.0,0.0,0.0,0.0,0.0,0.0,0.0
O64425,5,249,M,test,0,0.5987310275515234,0.19424949633774768,0.0,0.0,0.20701947611072896,0.0,0.0,0.0,0.0,0.0
O64538,1,134,S,test,1,0.0,0.5451615543373718,0.0,0.0,0.45483844566262827,0.0,0.0,0.0,0.0,0.0
O64654,6,275,U,test,6,0.0,0.0,0.0,0.0,0.0,0.0,1.0,0.0,0.0,0.0
O65009,8,282,U,test,4,0.0,0.18999170940510124,0.1892197811056247,0.0,0.39949924647614965,0.0,0.0,0.2212892630131243,0.0,0.0
O65272,6,1174,M,test,6,0.0,0.0,0.0,0.0,0.0,0.0,1.0,0.0,0.0,0.0
O65312,0,689,U,test,0,1.0,0.0,0.0,0.0,0.0,0.0,0.0,0.0,0.0,0.0
O65375,2,744,S,test,2,0.08769527902204262,0.0,0.7354094854283622,0.0,0.1768952355495953,0.0,0.0,0.0,0.0,0.0
O70237,0,330,U,test,0,0.8347670054904951,0.16523299450950482,0.0,0.0,0.0,0.0,0.0,0.0,0.0,0.0
O70491,4,670,M,test,5,0.0,0.0,0.0,0.21614267584406474,0.1952128637865079,0.5886444603694273,0.0,0.0,0.0,0.0
O70608,0,1505,U,test,0,0.618412835396383,0.38158716460361697,0.0,0.0,0.0,0.0,0.0,0.0,0.0,0.0
O73753,2,175,S,test,2,0.0,0.0,1.0,0.0,0.0,0.0,0.0,0.0,0.0,0.0
O74172,1,88,S,test,0,1.0,0.0,0.0,0.0,0.0,0.0,0.0,0.0,0.0,0.0
O74308,0,547,U,test,0,0.8580894254910743,0.14191057450892577,0.0,0.0,0.0,0.0,0.0,0.0,0.0,0.0
O74317,3,113,U,test,3,0.39141103949971506,0.20134327949504177,0.0,0.40724568100524317,0.0,0.0,0.0,0.0,0.0,0.0
O74356,3,585,U,test,1,0.19537630138244672,0.40301914852992926,0.0,0.40160455008762397,0.0,0.0,0.0,0.0,0.0,0.0
O74362,0,334,U,test,0,1.0,0.0,0.0,0.0,0.0,0.0,0.0,0.0,0.0,0.0
O74434,1,626,S,test,0,0.5913871712678653,0.40861282873213467,0.0,0.0,0.0,0.0,0.0,0.0,0.0,0.0
O74443,0,272,U,test,0,0.5985983553965892,0.21433582272884438,0.0,0.0,0.0,0.18706582187456655,0.0,0.0,0.0,0.0
O74454,1,1066,S,test,0,0.5535690420132693,0.4464309579867307,0.0,0.0,0.0,0.0,0.0,0.0,0.0,0.0
O74462,0,452,U,test,1,0.1939447596822779,0.8060552403177221,0.0,0.0,0.0,0.0,0.0,0.0,0.0,0.0
O74509,8,341,U,test,1,0.0,0.5966861575673146,0.0,0.0,0.0,0.2210732838641429,0.0,0.18224055856854254,0.0,0.0
O74531,1,361,S,test,0,0.6170384840413774,0.38296151595862266,0.0,0.0,0.0,0.0,0.0,0.0,0.0,0.0
O74551,5,238,M,test,5,0.0,0.0,0.1864650269140656,0.0,0.0,0.6161358063403495,0.0,0.19739916674558491,0.0,0.0
O74561,1,967,S,test,1,0.1954619012840685,0.8045380987159315,0.0,0.0,0.0,0.0,0.0,0.0,0.0,0.0
O74563,0,680,U,test,1,0.42373387647004024,0.5762661235299598,0.0,0.0,0.0,0.0,0.0,0.0,0.0,0.0
O74628,1,292,S,test,1,0.0,0.8100567431655378,0.0,0.1899432568344622,0.0,0.0,0.0,0.0,0.0,0.0
O74648,1,246,S,test,1,0.20362875218407206,0.7963712478159279,0.0,0.0,0.0,0.0,0.0,0.0,0.0,0.0
O74734,3,244,U,test,3,0.16558210605284004,0.0,0.0,0.8344178939471599,0.0,0.0,0.0,0.0,0.0,0.0
O74761,0,459,U,test,0,0.8089840098412107,0.0,0.0,0.0,0.0,0.0,0.0,0.0,0.19101599015878942,0.0
O74765,3,425,U,test,3,0.0,0.19455161653280553,0.0,0.8054483834671945,0.0,0.0,0.0,0.0,0.0,0.0
O74830,1,220,S,test,1,0.19147904345558825,0.8085209565444117,0.0,0.0,0.0,0.0,0.0,0.0,0.0,0.0
O74879,0,634,U,test,0,0.8395392647999101,0.1604607352000899,0.0,0.0,0.0,0.0,0.0,0.0,0.0,0.0
O74886,1,236,S,test,1,0.0,1.0,0.0,0.0,0.0,0.0,0.0,0.0,0.0,0.0
O74890,3,445,S,test,3,0.0,0.17489057222107107,0.0,0.8251094277789289,0.0,0.0,0.0,0.0,0.0,0.0
O74942,0,610,U,test,0,0.7987096856143528,0.0,0.0,0.0,0.0,0.0,0.0,0.0,0.2012903143856471,0.0
O74964,0,803,U,test,1,0.3831546818052586,0.42489126415806383,0.0,0.0,0.0,0.0,0.0,0.0,0.19195405403667756,0.0
O74974,0,652,U,test,0,0.8012101769754889,0.19878982302451115,0.0,0.0,0.0,0.0,0.0,0.0,0.0,0.0
O74994,1,746,S,test,0,0.40584878370176913,0.3938538609877907,0.0,0.0,0.0,0.0,0.0,0.20029735531044013,0.0,0.0
O75001,0,760,U,test,0,0.8182896933846824,0.18171030661531765,0.0,0.0,0.0,0.0,0.0,0.0,0.0,0.0
O75064,7,1496,U,test,0,0.5726645075114982,0.4273354924885018,0.0,0.0,0.0,0.0,0.0,0.0,0.0,0.0
O75072,7,461,M,test,7,0.0,0.0,0.0,0.17749193897156482,0.0,0.0,0.0,0.8225080610284352,0.0,0.0
O75151,0,1096,U,test,0,0.8069310058174096,0.1930689941825904,0.0,0.0,0.0,0.0,0.0,0.0,0.0,0.0
O75170,1,966,S,test,1,0.18783998067561683,0.6244766143522981,0.0,0.0,0.0,0.18768340497208513,0.0,0.0,0.0,0.0
O75324,3,88,M,test,4,0.0,0.19308183629171313,0.0,0.0,0.4013400304710762,0.21306468800864473,0.0,0.0,0.1925134452285661,0.0
O75363,1,584,S,test,0,0.8077110432567236,0.1922889567432764,0.0,0.0,0.0,0.0,0.0,0.0,0.0,0.0
O75367,0,372,U,test,3,0.19911542735408022,0.39904630150658715,0.0,0.4018382711393326,0.0,0.0,0.0,0.0,0.0,0.0
O75462,2,422,S,test,4,0.0,0.0,0.21350330688596317,0.0,0.7864966931140369,0.0,0.0,0.0,0.0,0.0
O75475,0,530,U,test,0,0.8087106800542958,0.19128931994570417,0.0,0.0,0.0,0.0,0.0,0.0,0.0,0.0
O75554,0,376,U,test,0,1.0,0.0,0.0,0.0,0.0,0.0,0.0,0.0,0.0,0.0
O75607,0,178,U,test,0,0.6100106375517587,0.3899893624482414,0.0,0.0,0.0,0.0,0.0,0.0,0.0,0.0
O75879,3,557,U,test,0,0.601369951039768,0.0,0.0,0.0,0.0,0.19039800467001677,0.0,0.2082320442902152,0.0,0.0
O75909,0,580,U,test,0,1.0,0.0,0.0,0.0,0.0,0.0,0.0,0.0,0.0,0.0
O75934,0,225,U,test,1,0.19244093211976165,0.8075590678802383,0.0,0.0,0.0,0.0,0.0,0.0,0.0,0.0
O76090,4,585,M,test,0,0.5925489274907382,0.19453714916135706,0.0,0.0,0.21291392334790485,0.0,0.0,0.0,0.0,0.0
O76200,2,83,S,test,2,0.0,0.0,1.0,0.0,0.0,0.0,0.0,0.0,0.0,0.0
O76927,1,83,S,test,1,0.0,0.7976345329950143,0.0,0.2023654670049857,0.0,0.0,0.0,0.0,0.0,0.0
O80678,0,451,U,test,0,0.5992041559405852,0.4007958440594148,0.0,0.0,0.0,0.0,0.0,0.0,0.0,0.0
O80839,1,226,S,test,1,0.0,1.0,0.0,0.0,0.0,0.0,0.0,0.0,0.0,0.0
O80885,6,447,M,test,6,0.0,0.0,0.0,0.0,0.0,0.0,1.0,0.0,0.0,0.0
O80931,0,367,U,test,0,0.8076857629801711,0.19231423701982892,0.0,0.0,0.0,0.0,0.0,0.0,0.0,0.0
O80939,4,675,M,test,4,0.0,0.0,0.0,0.0,1.0,0.0,0.0,0.0,0.0,0.0
O81027,3,468,S,test,6,0.0,0.1988881160798473,0.0,0.0,0.0,0.0,0.8011118839201526,0.0,0.0,0.0
O81242,0,355,U,test,0,1.0,0.0,0.0,0.0,0.0,0.0,0.0,0.0,0.0,0.0
O81645,1,965,S,test,1,0.0,1.0,0.0,0.0,0.0,0.0,0.0,0.0,0.0,0.0
O81796,3,368,U,test,1,0.0,0.402384418492587,0.0,0.38761579598848245,0.0,0.0,0.20999978551893062,0.0,0.0,0.0
O82261,6,607,M,test,6,0.0,0.0,0.0,0.0,0.0,0.0,1.0,0.0,0.0,0.0
O82268,0,219,U,test,1,0.40923657913035355,0.5907634208696464,0.0,0.0,0.0,0.0,0.0,0.0,0.0,0.0
O82291,6,376,S,test,6,0.0,0.0,0.0,0.0,0.0,0.0,1.0,0.0,0.0,0.0
O82359,3,364,U,test,1,0.0,0.5906260755034891,0.0,0.209524748880876,0.0,0.19984917561563492,0.0,0.0,0.0,0.0
O82499,6,141,U,test,6,0.0,0.0,0.0,0.0,0.0,0.0,1.0,0.0,0.0,0.0
O82743,0,219,U,test,0,1.0,0.0,0.0,0.0,0.0,0.0,0.0,0.0,0.0,0.0
O82804,0,695,U,test,1,0.39769658180109213,0.602303418198908,0.0,0.0,0.0,0.0,0.0,0.0,0.0,0.0
O88286,0,1684,U,test,0,0.8130298048632066,0.0,0.0,0.0,0.18697019513679344,0.0,0.0,0.0,0.0,0.0
O88291,0,580,S,test,0,1.0,0.0,0.0,0.0,0.0,0.0,0.0,0.0,0.0,0.0
O88343,4,1079,M,test,4,0.0,0.0,0.0,0.0,1.0,0.0,0.0,0.0,0.0,0.0
O88703,4,863,M,test,4,0.2008600516150127,0.19438075944642658,0.0,0.0,0.6047591889385607,0.0,0.0,0.0,0.0,0.0
O88705,4,779,M,test,4,0.13323891020731649,0.14154219743319282,0.0,0.0,0.7252188923594907,0.0,0.0,0.0,0.0,0.0
O88728,4,134,M,test,4,0.0,0.0,0.0,0.0,1.0,0.0,0.0,0.0,0.0,0.0
O88850,0,1191,U,test,0,0.6025135687737133,0.3974864312262867,0.0,0.0,0.0,0.0,0.0,0.0,0.0,0.0
O88871,4,940,M,test,4,0.0,0.0,0.0,0.0,0.8064757300047075,0.19352426999529249,0.0,0.0,0.0,0.0
O88958,1,289,S,test,1,0.0,0.6113959107727737,0.0,0.0,0.19349183707439646,0.1951122521528299,0.0,0.0,0.0,0.0
O89017,8,435,U,test,2,0.0,0.0,0.6164784991313101,0.0,0.18820295780897367,0.19531854305971622,0.0,0.0,0.0,0.0
O94091,2,468,S,test,2,0.0,0.0,0.8163982125319884,0.0,0.0,0.0,0.0,0.0,0.18360178746801156,0.0
O94251,0,102,U,test,0,0.6063375927414923,0.0,0.0,0.19386512751781276,0.0,0.0,0.1997972797406949,0.0,0.0,0.0
O94275,1,807,S,test,1,0.19261837622887076,0.6153764800975591,0.0,0.0,0.0,0.0,0.0,0.0,0.1920051436735701,0.0
O94278,0,857,U,test,0,1.0,0.0,0.0,0.0,0.0,0.0,0.0,0.0,0.0,0.0
O94284,3,459,U,test,3,0.0,0.0,0.0,0.5972125649867245,0.0,0.0,0.0,0.0,0.0,0.40278743501327546
O94330,3,500,U,test,3,0.17865603565939878,0.22867046845505745,0.0,0.5926734958855437,0.0,0.0,0.0,0.0,0.0,0.0
O94358,3,845,U,test,0,0.5896832615750377,0.41031673842496236,0.0,0.0,0.0,0.0,0.0,0.0,0.0,0.0
O94378,1,860,S,test,1,0.0,1.0,0.0,0.0,0.0,0.0,0.0,0.0,0.0,0.0
O94432,0,474,U,test,1,0.18526825607609698,0.814731743923903,0.0,0.0,0.0,0.0,0.0,0.0,0.0,0.0
O94433,5,172,M,test,4,0.0,0.0,0.0,0.0,0.3778891265506734,0.18123757977832622,0.0,0.25318721524200927,0.1876860784289912,0.0
O94438,1,252,S,test,0,0.5876812277567678,0.41231877224323227,0.0,0.0,0.0,0.0,0.0,0.0,0.0,0.0
O94439,8,728,M,test,5,0.0,0.0,0.0,0.0,0.18995530769871585,0.39448873391281275,0.0,0.19415650570682888,0.2213994526816426,0.0
O94500,3,452,U,test,1,0.0,1.0,0.0,0.0,0.0,0.0,0.0,0.0,0.0,0.0
O94510,1,433,S,test,2,0.0,0.0,1.0,0.0,0.0,0.0,0.0,0.0,0.0,0.0
O94521,1,333,S,test,1,0.0,1.0,0.0,0.0,0.0,0.0,0.0,0.0,0.0,0.0
O94527,1,809,S,test,0,0.6047297520268899,0.19624799178592625,0.0,0.0,0.0,0.0,0.0,0.0,0.19902225618718378,0.0
O94532,4,1461,M,test,0,0.805208433450702,0.194791566549298,0.0,0.0,0.0,0.0,0.0,0.0,0.0,0.0
O94566,1,551,S,test,0,0.7859086619027157,0.21409133809728426,0.0,0.0,0.0,0.0,0.0,0.0,0.0,0.0
O94598,1,815,S,test,0,0.4016838097618059,0.3939600381510288,0.0,0.0,0.0,0.0,0.0,0.20435615208716534,0.0,0.0
O94601,1,321,S,test,7,0.191649683799432,0.0,0.0,0.19199733968808144,0.0,0.0,0.0,0.6163529765124866,0.0,0.0
O94639,5,408,M,test,5,0.0,0.0,0.0,0.0,0.17914172523354396,0.4305459898957049,0.0,0.0,0.39031228487075115,0.0
O94676,0,1097,U,test,0,0.6220302780014275,0.1898247895630769,0.0,0.0,0.0,0.0,0.0,0.0,0.18814493243549568,0.0
O94682,1,253,S,test,0,0.5937222938716669,0.1790829930404708,0.0,0.22719471308786238,0.0,0.0,0.0,0.0,0.0,0.0
O94704,0,168,U,test,0,0.5927088251093312,0.21078554441862837,0.0,0.0,0.0,0.0,0.0,0.0,0.1965056304720405,0.0
O94745,3,502,S,test,3,0.0,0.0,0.0,1.0,0.0,0.0,0.0,0.0,0.0,0.0
O94752,1,454,S,test,1,0.0,1.0,0.0,0.0,0.0,0.0,0.0,0.0,0.0,0.0
O94753,2,361,S,test,2,0.0,0.0,0.8091677006250448,0.0,0.0,0.0,0.0,0.0,0.0,0.19083229937495522
O94804,4,968,M,test,1,0.08115875696764958,0.9188412430323504,0.0,0.0,0.0,0.0,0.0,0.0,0.0,0.0
O94888,0,489,U,test,0,0.8250441998092871,0.0,0.0,0.0,0.17495580019071286,0.0,0.0,0.0,0.0,0.0
O94901,0,812,M,test,0,0.5468977721103725,0.31530477310089916,0.0,0.0,0.0,0.13779745478872846,0.0,0.0,0.0,0.0
O94927,1,633,S,test,0,0.8277896550492015,0.17221034495079854,0.0,0.0,0.0,0.0,0.0,0.0,0.0,0.0
O94966,5,1318,M,test,1,0.3851699893661266,0.40785694315816234,0.0,0.0,0.20697306747571104,0.0,0.0,0.0,0.0,0.0
O95232,0,432,U,test,0,1.0,0.0,0.0,0.0,0.0,0.0,0.0,0.0,0.0,0.0
O95445,2,188,S,test,5,0.0,0.0,0.39744867827999514,0.0,0.20449433612266843,0.3980569855973364,0.0,0.0,0.0,0.0
O95563,3,127,M,test,3,0.0,0.0,0.0,0.6034420401904133,0.0,0.3965579598095868,0.0,0.0,0.0,0.0
O95684,1,399,S,test,0,0.6181259259567728,0.18778512120584698,0.0,0.0,0.0,0.1940889528373801,0.0,0.0,0.0,0.0
O95747,1,527,S,test,1,0.18767422480715176,0.8123257751928482,0.0,0.0,0.0,0.0,0.0,0.0,0.0,0.0
O95834,1,649,S,test,1,0.19495221551943126,0.8050477844805688,0.0,0.0,0.0,0.0,0.0,0.0,0.0,0.0
O95841,2,491,S,test,2,0.0,0.0,1.0,0.0,0.0,0.0,0.0,0.0,0.0,0.0
O95926,0,243,U,test,0,0.7989794916236963,0.0,0.0,0.20102050837630375,0.0,0.0,0.0,0.0,0.0,0.0
O95931,0,251,U,test,0,0.7967091823936471,0.0,0.0,0.0,0.20329081760635295,0.0,0.0,0.0,0.0,0.0
O96693,6,488,U,test,1,0.0,0.6151832461560839,0.0,0.38481675384391606,0.0,0.0,0.0,0.0,0.0,0.0
O97859,4,428,M,test,0,0.40692260422422444,0.0,0.0,0.40350357717191865,0.0,0.18957381860385697,0.0,0.0,0.0,0.0
P00287,6,99,M,test,6,0.0,0.0,0.0,0.0,0.0,0.13268062480651505,0.867319375193485,0.0,0.0,0.0
P00288,6,99,M,test,6,0.0,0.0,0.0,0.0,0.0,0.0,1.0,0.0,0.0,0.0
P00289,6,168,M,test,6,0.0,0.0,0.0,0.0,0.0,0.0,1.0,0.0,0.0,0.0
P00290,6,99,M,test,6,0.0,0.0,0.0,0.0,0.0,0.0,1.0,0.0,0.0,0.0
P00291,6,99,M,test,6,0.0,0.0,0.0,0.0,0.0,0.1281507833878807,0.8718492166121193,0.0,0.0,0.0
P00292,6,99,M,test,6,0.0,0.0,0.0,0.0,0.0,0.1396277631343736,0.8603722368656264,0.0,0.0,0.0
P00293,6,99,M,test,6,0.13489472591689194,0.0,0.0,0.0,0.0,0.0,0.8651052740831081,0.0,0.0,0.0
P00294,6,99,M,test,6,0.0,0.0,0.0,0.0,0.0,0.0,1.0,0.0,0.0,0.0
P00295,6,99,M,test,6,0.0,0.0,0.0,0.0,0.0,0.12140760514082646,0.8785923948591735,0.0,0.0,0.0
P00296,6,99,M,test,6,0.0,0.0,0.0,0.0,0.0,0.0,1.0,0.0,0.0,0.0
P00297,6,99,M,test,6,0.0,0.0,0.0,0.0,0.0,0.0,1.0,0.0,0.0,0.0
P00298,6,99,M,test,6,0.0,0.0,0.0,0.0,0.0,0.0,1.0,0.0,0.0,0.0
P00299,6,168,M,test,6,0.0,0.0,0.0,0.0,0.0,0.0,1.0,0.0,0.0,0.0
P00732,2,417,S,test,2,0.0,0.0,0.4440256431331737,0.0,0.0,0.15850923448500356,0.0,0.0,0.24547602585409753,0.1519890965277252
P00927,3,576,U,test,3,0.0,0.0,0.0,0.8203531954593709,0.0,0.0,0.17964680454062915,0.0,0.0,0.0
P01040,1,98,S,test,2,0.0,0.0,1.0,0.0,0.0,0.0,0.0,0.0,0.0,0.0
P01096,3,109,U,test,3,0.3967335532463061,0.20407747714999036,0.0,0.39918896960370354,0.0,0.0,0.0,0.0,0.0,0.0
P01142,2,190,S,test,2,0.0,0.0,1.0,0.0,0.0,0.0,0.0,0.0,0.0,0.0
P01143,2,187,S,test,2,0.0,0.0,0.838276434034162,0.0,0.16172356596583806,0.0,0.0,0.0,0.0,0.0
P01405,2,60,S,test,2,0.0,0.0,1.0,0.0,0.0,0.0,0.0,0.0,0.0,0.0
P01406,2,60,S,test,2,0.0,0.0,1.0,0.0,0.0,0.0,0.0,0.0,0.0,0.0
P02655,2,101,S,test,2,0.0,0.3767086996104176,0.41134295333545745,0.2119483470541249,0.0,0.0,0.0,0.0,0.0,0.0
P02724,4,150,M,test,4,0.0,0.0,0.0,0.0,0.6194069425840363,0.1883271133604367,0.0,0.0,0.19226594405552716,0.0
P02730,4,911,M,test,4,0.0,0.0,0.0,0.0,0.6255408832558197,0.3744591167441803,0.0,0.0,0.0,0.0
P02835,0,410,U,test,0,1.0,0.0,0.0,0.0,0.0,0.0,0.0,0.0,0.0,0.0
P02836,0,552,U,test,0,1.0,0.0,0.0,0.0,0.0,0.0,0.0,0.0,0.0,0.0
P03872,0,296,U,test,0,0.3959893618058982,0.19235286127169654,0.0,0.2164087832373817,0.19524899368502363,0.0,0.0,0.0,0.0,0.0
P03973,2,132,S,test,2,0.0,0.0,1.0,0.0,0.0,0.0,0.0,0.0,0.0,0.0
P04201,4,325,M,test,4,0.0,0.0,0.0,0.0,1.0,0.0,0.0,0.0,0.0,0.0
P04814,2,256,S,test,2,0.0,0.0,1.0,0.0,0.0,0.0,0.0,0.0,0.0,0.0
P04913,0,126,U,test,0,1.0,0.0,0.0,0.0,0.0,0.0,0.0,0.0,0.0,0.0
P04919,4,929,M,test,4,0.0,0.0,0.0,0.0,1.0,0.0,0.0,0.0,0.0,0.0
P05166,3,539,S,test,3,0.0,0.19540215681426357,0.0,0.6077775180934512,0.0,0.0,0.1968203250922852,0.0,0.0,0.0
P05186,4,524,M,test,8,0.0,0.0,0.3893785630301924,0.0,0.21072957010458576,0.0,0.0,0.0,0.3998918668652219,0.0
P05366,2,122,S,test,2,0.0,0.0,0.42104205836031,0.3906529886943227,0.0,0.18830495294536734,0.0,0.0,0.0,0.0
P05549,0,437,U,test,0,1.0,0.0,0.0,0.0,0.0,0.0,0.0,0.0,0.0,0.0
P05740,1,184,S,test,3,0.0,0.42320350659506745,0.0,0.5767964934049326,0.0,0.0,0.0,0.0,0.0,0.0
P05747,1,59,S,test,1,0.20229183530431905,0.797708164695681,0.0,0.0,0.0,0.0,0.0,0.0,0.0,0.0
P05764,1,87,S,test,1,0.20280529626644808,0.40132624139188516,0.0,0.0,0.0,0.0,0.3958684623416669,0.0,0.0,0.0
P05981,4,417,M,test,4,0.0,0.0,0.19497886596099417,0.0,0.8050211340390058,0.0,0.0,0.0,0.0,0.0
P06103,1,763,S,test,0,0.7994399059911959,0.2005600940088042,0.0,0.0,0.0,0.0,0.0,0.0,0.0,0.0
P06296,2,191,S,test,2,0.0,0.0,0.8223317855448135,0.0,0.1776682144551865,0.0,0.0,0.0,0.0,0.0
P06400,0,928,U,test,0,0.614033348423519,0.385966651576481,0.0,0.0,0.0,0.0,0.0,0.0,0.0,0.0
P07030,6,165,M,test,6,0.0,0.0,0.0,0.0,0.0,0.0,1.0,0.0,0.0,0.0
P07250,0,355,U,test,1,0.49380097925507055,0.5061990207449295,0.0,0.0,0.0,0.0,0.0,0.0,0.0,0.0
P07251,3,545,M,test,3,0.139974913724829,0.0,0.0,0.8600250862751709,0.0,0.0,0.0,0.0,0.0,0.0
P07256,3,457,M,test,3,0.0,0.0,0.0,0.8286972570360412,0.0,0.0,0.1713027429639588,0.0,0.0,0.0
P07266,3,363,S,test,0,0.6136932382505106,0.191957750738963,0.0,0.0,0.0,0.19434901101052654,0.0,0.0,0.0,0.0
P07313,1,608,S,test,0,0.6128777533202462,0.38712224667975387,0.0,0.0,0.0,0.0,0.0,0.0,0.0,0.0
P07664,0,433,U,test,0,0.7076546925538197,0.0,0.0,0.0,0.2923453074461803,0.0,0.0,0.0,0.0,0.0
P07665,0,356,U,test,0,0.7316840509815817,0.0,0.0,0.0,0.2683159490184182,0.0,0.0,0.0,0.0,0.0
P07766,4,207,M,test,4,0.0,0.0,0.0,0.0,1.0,0.0,0.0,0.0,0.0,0.0
P08018,1,668,S,test,1,0.0,1.0,0.0,0.0,0.0,0.0,0.0,0.0,0.0,0.0
P08985,0,141,U,test,0,1.0,0.0,0.0,0.0,0.0,0.0,0.0,0.0,0.0,0.0
P08992,0,146,U,test,0,1.0,0.0,0.0,0.0,0.0,0.0,0.0,0.0,0.0,0.0
P09031,2,97,S,test,2,0.0,0.10385935764772758,0.8961406423522724,0.0,0.0,0.0,0.0,0.0,0.0,0.0
P09932,0,586,U,test,0,0.7963868297035418,0.20361317029645823,0.0,0.0,0.0,0.0,0.0,0.0,0.0,0.0
P0C0S6,0,128,U,test,0,1.0,0.0,0.0,0.0,0.0,0.0,0.0,0.0,0.0,0.0
P0C0T4,1,108,S,test,0,1.0,0.0,0.0,0.0,0.0,0.0,0.0,0.0,0.0,0.0
P0C0V8,1,87,S,test,1,0.19069636372611243,0.3950192214187208,0.2071158073412662,0.2071686075139004,0.0,0.0,0.0,0.0,0.0,0.0
P0C0X0,1,67,S,test,0,0.40527064936220986,0.20551626546985818,0.0,0.1960825550852098,0.0,0.0,0.19313053008272224,0.0,0.0,0.0
P0C1Y9,2,61,S,test,2,0.0,0.0,1.0,0.0,0.0,0.0,0.0,0.0,0.0,0.0
P0C1Z0,2,61,S,test,2,0.0,0.0,1.0,0.0,0.0,0.0,0.0,0.0,0.0,0.0
P0C2B6,3,128,U,test,3,0.0,0.20246765462379718,0.0,0.7975323453762029,0.0,0.0,0.0,0.0,0.0,0.0
P0C5W7,2,66,S,test,2,0.0,0.0,1.0,0.0,0.0,0.0,0.0,0.0,0.0,0.0
P0C606,0,293,U,test,0,1.0,0.0,0.0,0.0,0.0,0.0,0.0,0.0,0.0,0.0
P0C607,2,75,S,test,2,0.0,0.0,1.0,0.0,0.0,0.0,0.0,0.0,0.0,0.0
P0C7L0,1,485,S,test,1,0.303780955668827,0.6962190443311731,0.0,0.0,0.0,0.0,0.0,0.0,0.0,0.0
P0C7P3,0,912,U,test,1,0.18618914615827534,0.8138108538417247,0.0,0.0,0.0,0.0,0.0,0.0,0.0,0.0
P0CB05,1,711,S,test,1,0.0,1.0,0.0,0.0,0.0,0.0,0.0,0.0,0.0,0.0
P0CB20,2,123,S,test,2,0.0,0.0,1.0,0.0,0.0,0.0,0.0,0.0,0.0,0.0
P0CG03,2,260,S,test,2,0.0,0.0,1.0,0.0,0.0,0.0,0.0,0.0,0.0,0.0
P0CG12,0,524,U,test,0,0.8415610716813254,0.15843892831867462,0.0,0.0,0.0,0.0,0.0,0.0,0.0,0.0
P0CI04,2,42,S,test,2,0.0,0.19880891188856437,0.8011910881114357,0.0,0.0,0.0,0.0,0.0,0.0,0.0
P0CT87,2,472,S,test,2,0.0,0.0,1.0,0.0,0.0,0.0,0.0,0.0,0.0,0.0
P0CT88,2,407,S,test,2,0.0,0.0,0.7921629988467808,0.0,0.0,0.20783700115321926,0.0,0.0,0.0,0.0
P0CT92,2,617,S,test,3,0.19930022734298855,0.0,0.2022789813797705,0.40447397108784416,0.0,0.0,0.0,0.0,0.0,0.19394682018939696
P0CX31,1,135,S,test,1,0.0,0.7904422037306638,0.0,0.20955779626933632,0.0,0.0,0.0,0.0,0.0,0.0
P0CX32,1,135,S,test,1,0.0,0.7904422037306638,0.0,0.20955779626933632,0.0,0.0,0.0,0.0,0.0,0.0
P0CX82,1,189,S,test,1,0.17870552947465176,0.6252286904473626,0.0,0.19606578007798567,0.0,0.0,0.0,0.0,0.0,0.0
P0CX83,1,189,S,test,1,0.17870552947465176,0.6252286904473626,0.0,0.19606578007798567,0.0,0.0,0.0,0.0,0.0,0.0
P0CX84,1,120,S,test,0,1.0,0.0,0.0,0.0,0.0,0.0,0.0,0.0,0.0,0.0
P0CX85,1,120,S,test,0,1.0,0.0,0.0,0.0,0.0,0.0,0.0,0.0,0.0,0.0
P0DJ86,2,231,S,test,2,0.0,0.0,1.0,0.0,0.0,0.0,0.0,0.0,0.0,0.0
P0DJI8,2,122,S,test,2,0.0,0.0,0.6222654641707729,0.18738564065180346,0.0,0.1903488951774237,0.0,0.0,0.0,0.0
P0DL36,2,112,S,test,2,0.0,0.0,1.0,0.0,0.0,0.0,0.0,0.0,0.0,0.0
P0DL48,2,48,S,test,2,0.0,0.0,1.0,0.0,0.0,0.0,0.0,0.0,0.0,0.0
P0DM40,4,2038,M,test,5,0.0,0.3812964643435875,0.0,0.0,0.18936221493127733,0.4293413207251352,0.0,0.0,0.0,0.0
P0DMC2,2,58,S,test,0,0.4161318916108634,0.20062491384698497,0.0,0.38324319454215167,0.0,0.0,0.0,0.0,0.0,0.0
P0DMC3,2,54,S,test,3,0.40334356859204007,0.18596349401269796,0.0,0.410692937395262,0.0,0.0,0.0,0.0,0.0,0.0
P10506,1,340,S,test,1,0.18680058095293794,0.6234967521391678,0.0,0.0,0.0,0.0,0.0,0.0,0.18970266690789422,0.0
P10734,0,429,U,test,0,1.0,0.0,0.0,0.0,0.0,0.0,0.0,0.0,0.0,0.0
P10911,1,925,S,test,1,0.21062156235606375,0.5933092116891302,0.0,0.0,0.1960692259548062,0.0,0.0,0.0,0.0,0.0
P10964,0,1664,U,test,1,0.21998168082096708,0.571318376623157,0.0,0.0,0.0,0.0,0.0,0.0,0.208699942555876,0.0
P11373,2,224,S,test,2,0.0,0.0,1.0,0.0,0.0,0.0,0.0,0.0,0.0,0.0
P11456,8,279,M,test,0,0.6084642620066425,0.0,0.0,0.0,0.0,0.3915357379933575,0.0,0.0,0.0,0.0
P11490,6,171,M,test,6,0.0,0.0,0.0,0.0,0.0,0.0,1.0,0.0,0.0,0.0
P11597,2,493,S,test,2,0.0,0.0,0.8405312567901532,0.0,0.0,0.15946874320984686,0.0,0.0,0.0,0.0
P11672,2,200,S,test,2,0.0,0.0,0.598638257376592,0.0,0.401361742623408,0.0,0.0,0.0,0.0,0.0
P11717,8,2491,M,test,2,0.0,0.0,0.39276273568449954,0.0,0.20501457193288405,0.18032245501537747,0.0,0.221900237367239,0.0,0.0
P11831,0,508,U,test,0,1.0,0.0,0.0,0.0,0.0,0.0,0.0,0.0,0.0,0.0
P11911,4,220,M,test,4,0.0,0.0,0.0,0.0,1.0,0.0,0.0,0.0,0.0,0.0
P11970,6,168,M,test,6,0.0,0.0,0.0,0.0,0.0,0.0,1.0,0.0,0.0,0.0
P12080,4,1396,M,test,4,0.0,0.0,0.16988509641268956,0.0,0.8301149035873103,0.0,0.0,0.0,0.0,0.0
P12353,6,212,M,test,6,0.0,0.0,0.0,0.0,0.0,0.0,1.0,0.0,0.0,0.0
P12359,6,332,M,test,6,0.0,0.0,0.0,0.0,0.0,0.0,1.0,0.0,0.0,0.0
P12843,2,304,S,test,2,0.4107544073888018,0.0,0.5892455926111982,0.0,0.0,0.0,0.0,0.0,0.0,0.0
P12979,0,224,U,test,0,1.0,0.0,0.0,0.0,0.0,0.0,0.0,0.0,0.0,0.0
P13002,0,1333,U,test,0,1.0,0.0,0.0,0.0,0.0,0.0,0.0,0.0,0.0,0.0
P13010,0,732,U,test,0,0.624741966634061,0.37525803336593905,0.0,0.0,0.0,0.0,0.0,0.0,0.0,0.0
P13432,2,146,S,test,0,0.4057741385152521,0.0,0.0,0.0,0.3993466968694735,0.19487916461527435,0.0,0.0,0.0,0.0
P13528,0,467,U,test,0,1.0,0.0,0.0,0.0,0.0,0.0,0.0,0.0,0.0,0.0
P13635,2,1059,S,test,2,0.0,0.0,1.0,0.0,0.0,0.0,0.0,0.0,0.0,0.0
P13726-2,2,238,S,test,2,0.0,0.0,0.4002387957024255,0.0,0.3879006137079741,0.0,0.0,0.2118605905896004,0.0,0.0
P14020,5,267,M,test,3,0.0,0.0,0.0,0.5659243431912585,0.0,0.4340756568087415,0.0,0.0,0.0,0.0
P14404,0,1042,U,test,0,1.0,0.0,0.0,0.0,0.0,0.0,0.0,0.0,0.0,0.0
P14448,2,741,S,test,2,0.0,0.0,1.0,0.0,0.0,0.0,0.0,0.0,0.0,0.0
P14724,0,124,U,test,1,0.20572142666791413,0.5984724605244768,0.0,0.0,0.0,0.0,0.0,0.0,0.1958061128076091,0.0
P14772,8,1559,M,test,8,0.0,0.0,0.0,0.0,0.4618761619745843,0.0,0.0,0.0,0.5381238380254157,0.0
P15381,4,2171,M,test,4,0.19435149149601616,0.21804479505984062,0.0,0.0,0.5876037134441432,0.0,0.0,0.0,0.0,0.0
P15382,4,129,M,test,4,0.0,0.0,0.0,0.36521137625616057,0.6347886237438394,0.0,0.0,0.0,0.0,0.0
P15383,4,130,M,test,4,0.0,0.0,0.0,0.18561143852337889,0.8143885614766212,0.0,0.0,0.0,0.0,0.0
P15398,0,1689,U,test,1,0.0,0.4184964256654747,0.0,0.20857130019282197,0.0,0.0,0.0,0.1913659227011529,0.18156635144055047,0.0
P15424,3,664,S,test,1,0.19254603922158828,0.6423704864581624,0.0,0.16508347432024936,0.0,0.0,0.0,0.0,0.0,0.0
P15478,8,386,U,test,1,0.0,0.5896822091176416,0.19473972877646514,0.0,0.2155780621058933,0.0,0.0,0.0,0.0,0.0
P15693,4,540,M,test,4,0.0,0.0,0.0,0.0,0.5909625559279046,0.20412641039805002,0.0,0.0,0.20491103367404537,0.0
P15705,1,589,S,test,3,0.0,0.28014131364899714,0.0,0.7198586863510029,0.0,0.0,0.0,0.0,0.0,0.0
P15891,1,592,S,test,0,0.4092868215362314,0.3875185349825857,0.0,0.0,0.0,0.0,0.0,0.20319464348118296,0.0,0.0
P15919,0,1040,U,test,0,0.7985859490479352,0.20141405095206474,0.0,0.0,0.0,0.0,0.0,0.0,0.0,0.0
P16068,1,619,S,test,3,0.0,0.19765120080718163,0.0,0.41266966777391284,0.19586783718281855,0.19381129423608703,0.0,0.0,0.0,0.0
P16104,0,143,U,test,0,1.0,0.0,0.0,0.0,0.0,0.0,0.0,0.0,0.0,0.0
P16260,3,332,M,test,3,0.0,0.0,0.0,0.791728490160809,0.0,0.0,0.20827150983919102,0.0,0.0,0.0
P16410,4,223,M,test,4,0.0,0.0,0.0,0.0,1.0,0.0,0.0,0.0,0.0,0.0
P16521,1,1044,S,test,1,0.3718753971947409,0.6281246028052592,0.0,0.0,0.0,0.0,0.0,0.0,0.0,0.0
P17341,6,97,M,test,6,0.0,0.0,0.0,0.0,0.0,0.0,1.0,0.0,0.0,0.0
P17427,4,938,M,test,4,0.17444717309494787,0.17723233094580135,0.0,0.0,0.4590290145132902,0.0,0.0,0.1892914814459606,0.0,0.0
P17558,3,318,U,test,0,0.8083787172219667,0.19162128277803336,0.0,0.0,0.0,0.0,0.0,0.0,0.0,0.0
P17568,3,137,M,test,3,0.0,0.0,0.0,1.0,0.0,0.0,0.0,0.0,0.0,0.0
P17629,0,752,U,test,0,0.5918813890091162,0.40811861099088387,0.0,0.0,0.0,0.0,0.0,0.0,0.0,0.0
P17936,2,291,S,test,2,0.39868583943859165,0.0,0.6013141605614083,0.0,0.0,0.0,0.0,0.0,0.0,0.0
P18153,2,321,S,test,2,0.0,0.0,0.8033676153881708,0.19663238461182928,0.0,0.0,0.0,0.0,0.0,0.0
P18583,0,2426,U,test,0,0.5898404554038061,0.41015954459619386,0.0,0.0,0.0,0.0,0.0,0.0,0.0,0.0
P18911,0,458,U,test,0,1.0,0.0,0.0,0.0,0.0,0.0,0.0,0.0,0.0,0.0
P18965,2,260,S,test,2,0.0,0.0,1.0,0.0,0.0,0.0,0.0,0.0,0.0,0.0
P19136,2,382,S,test,2,0.0,0.0,0.8260624264740193,0.0,0.0,0.0,0.0,0.0,0.0,0.17393757352598066
P19236,1,280,S,test,4,0.0,0.0,0.31256457282779654,0.0,0.6874354271722034,0.0,0.0,0.0,0.0,0.0
P19269,2,512,S,test,2,0.0,0.0,1.0,0.0,0.0,0.0,0.0,0.0,0.0,0.0
P19427,2,201,S,test,2,0.0,0.0,1.0,0.0,0.0,0.0,0.0,0.0,0.0,0.0
P19492,4,888,M,test,2,0.0,0.0,0.8069745727630591,0.0,0.1930254272369409,0.0,0.0,0.0,0.0,0.0
P20084,3,86,U,test,1,0.0,0.580656078733781,0.0,0.41934392126621894,0.0,0.0,0.0,0.0,0.0,0.0
P20385,0,510,U,test,0,1.0,0.0,0.0,0.0,0.0,0.0,0.0,0.0,0.0,0.0
P20422,6,97,M,test,6,0.0,0.0,0.0,0.0,0.0,0.0,1.0,0.0,0.0,0.0
P20482,0,1383,U,test,0,1.0,0.0,0.0,0.0,0.0,0.0,0.0,0.0,0.0,0.0
P20659,0,3726,U,test,0,1.0,0.0,0.0,0.0,0.0,0.0,0.0,0.0,0.0,0.0
P21396,3,526,M,test,2,0.0,0.0,0.631722777811783,0.16734947299400074,0.0,0.20092774919421635,0.0,0.0,0.0,0.0
P21675,0,1872,U,test,0,0.6033224273754201,0.21129037959342561,0.0,0.0,0.0,0.18538719303115436,0.0,0.0,0.0,0.0
P21745,2,268,S,test,4,0.0,0.0,0.19548230931145041,0.0,0.42952423687069324,0.1850368303798602,0.18995662343799605,0.0,0.0,0.0
P21750,2,142,S,test,2,0.0,0.0,0.5918093786698101,0.4081906213301899,0.0,0.0,0.0,0.0,0.0,0.0
P21771,3,286,U,test,3,0.20245215393904525,0.0,0.0,0.7975478460609547,0.0,0.0,0.0,0.0,0.0,0.0
P21926,4,228,M,test,4,0.0,0.0,0.0,0.0,1.0,0.0,0.0,0.0,0.0,0.0
P22139,0,70,U,test,0,0.606254724760712,0.19802307487785434,0.0,0.19572220036143367,0.0,0.0,0.0,0.0,0.0,0.0
P22185,3,349,M,test,3,0.196780333971649,0.0,0.0,0.803219666028351,0.0,0.0,0.0,0.0,0.0,0.0
P22509,0,327,U,test,0,1.0,0.0,0.0,0.0,0.0,0.0,0.0,0.0,0.0,0.0
P22557,3,587,S,test,3,0.0,0.19196810353818294,0.0,0.8080318964618171,0.0,0.0,0.0,0.0,0.0,0.0
P23248,1,255,S,test,0,1.0,0.0,0.0,0.0,0.0,0.0,0.0,0.0,0.0,0.0
P23321,6,332,M,test,6,0.0,0.0,0.0,0.0,0.0,0.0,1.0,0.0,0.0,0.0
P23369,3,157,U,test,3,0.20802769127070694,0.0,0.0,0.791972308729293,0.0,0.0,0.0,0.0,0.0,0.0
P23385,4,1199,M,test,4,0.18349855297104928,0.0,0.0,0.0,0.6300617466008316,0.1864397004281192,0.0,0.0,0.0,0.0
P23432,2,351,S,test,2,0.0,0.0,0.38948227739537394,0.0,0.0,0.19832824269790536,0.0,0.0,0.21503438545063155,0.1971550944560891
P23433,2,351,S,test,2,0.0,0.0,0.3869701798120398,0.0,0.0,0.1959797523044304,0.0,0.0,0.21871123333797432,0.19833883454555545
P23501,5,404,M,test,5,0.0,0.0,0.0,0.0,0.0,0.5983615244267944,0.0,0.40163847557320576,0.0,0.0
P23604,2,213,S,test,2,0.0,0.0,1.0,0.0,0.0,0.0,0.0,0.0,0.0,0.0
P23605,2,214,S,test,2,0.0,0.0,1.0,0.0,0.0,0.0,0.0,0.0,0.0,0.0
P23685,4,970,M,test,8,0.0,0.0,0.0,0.0,0.47238430038432916,0.0,0.0,0.0,0.5276156996156709,0.0
P23757,0,370,U,test,0,1.0,0.0,0.0,0.0,0.0,0.0,0.0,0.0,0.0,0.0
P25008,0,267,U,test,0,0.6197534285812973,0.1887556580638727,0.0,0.0,0.1914909133548301,0.0,0.0,0.0,0.0,0.0
P25046,0,220,U,test,0,1.0,0.0,0.0,0.0,0.0,0.0,0.0,0.0,0.0,0.0
P25107,4,585,M,test,4,0.0,0.0,0.0,0.0,1.0,0.0,0.0,0.0,0.0,0.0
P25189,4,248,M,test,4,0.0,0.0,0.0,0.0,1.0,0.0,0.0,0.0,0.0,0.0
P25338,5,174,M,test,5,0.0,0.0,0.0,0.0,0.0,0.6137693018458097,0.0,0.19418421373534692,0.19204648441884345,0.0
P25371,5,1049,M,test,4,0.0,0.0,0.0,0.0,0.39433606233909113,0.20837408261857274,0.0,0.19407362222555577,0.20321623281678053,0.0
P25625,5,357,M,test,4,0.0,0.0,0.0,0.0,0.37440369904072873,0.2537362758244156,0.0,0.18169180860562725,0.19016821652922827,0.0
P25626,3,169,U,test,3,0.19965200758262253,0.0,0.0,0.8003479924173775,0.0,0.0,0.0,0.0,0.0,0.0
P25681,2,61,S,test,2,0.0,0.0,1.0,0.0,0.0,0.0,0.0,0.0,0.0,0.0
P25684,2,60,S,test,2,0.0,0.0,1.0,0.0,0.0,0.0,0.0,0.0,0.0,0.0
P25846,3,959,U,test,0,0.8378249420810147,0.1621750579189853,0.0,0.0,0.0,0.0,0.0,0.0,0.0,0.0
P25931,4,464,M,test,4,0.0,0.0,0.0,0.0,1.0,0.0,0.0,0.0,0.0,0.0
P25961,4,591,M,test,4,0.0,0.0,0.0,0.0,1.0,0.0,0.0,0.0,0.0,0.0
P25976,0,765,U,test,0,0.8111729517120337,0.18882704828796623,0.0,0.0,0.0,0.0,0.0,0.0,0.0,0.0
P25997,1,1050,S,test,1,0.3945823308997869,0.42299644154006555,0.0,0.18242122756014761,0.0,0.0,0.0,0.0,0.0,0.0
P26016,7,1269,M,test,1,0.3652363202901681,0.3742864071475999,0.0,0.0,0.0,0.0,0.0,0.260477272562232,0.0,0.0
P27091,2,455,S,test,2,0.0,0.0,0.8210648730888289,0.0,0.17893512691117108,0.0,0.0,0.0,0.0,0.0
P27614,8,576,M,test,3,0.0,0.19769130343257998,0.21620294941975934,0.3880171863883233,0.0,0.0,0.0,0.0,0.1980885607593374,0.0
P27661,0,143,U,test,0,1.0,0.0,0.0,0.0,0.0,0.0,0.0,0.0,0.0,0.0
P27684,6,142,U,test,6,0.0,0.0,0.0,0.0,0.0,0.0,1.0,0.0,0.0,0.0
P27882,3,189,S,test,0,0.38946436959213365,0.0,0.19222533691528512,0.0,0.0,0.23731042870069763,0.0,0.0,0.18099986479188368,0.0
P27929,3,486,U,test,3,0.0,0.0,0.0,1.0,0.0,0.0,0.0,0.0,0.0,0.0
P28037,1,902,S,test,1,0.0,0.6096166359646379,0.0,0.19184741819259105,0.0,0.0,0.0,0.0,0.0,0.198535945842771
P28241,3,369,S,test,1,0.0,0.5970429568692093,0.0,0.40295704313079067,0.0,0.0,0.0,0.0,0.0,0.0
P28263,1,218,S,test,0,0.4138209038308072,0.19041946054272985,0.0,0.182738138032674,0.0,0.21302149759378902,0.0,0.0,0.0,0.0
P28272,1,314,S,test,1,0.0,1.0,0.0,0.0,0.0,0.0,0.0,0.0,0.0,0.0
P28288,9,659,M,test,4,0.0,0.0,0.0,0.2023367303326453,0.601802982026182,0.0,0.19586028764117272,0.0,0.0,0.0
P28290,1,1259,S,test,0,0.42281988711452195,0.38532751446560026,0.0,0.0,0.0,0.19185259841987787,0.0,0.0,0.0,0.0
P28715,0,1186,U,test,0,0.7968745480536528,0.2031254519463473,0.0,0.0,0.0,0.0,0.0,0.0,0.0,0.0
P29352,1,802,S,test,0,1.0,0.0,0.0,0.0,0.0,0.0,0.0,0.0,0.0,0.0
P29374,0,1257,U,test,0,1.0,0.0,0.0,0.0,0.0,0.0,0.0,0.0,0.0,0.0
P29692-2,0,647,U,test,0,0.7958464830868724,0.2041535169131275,0.0,0.0,0.0,0.0,0.0,0.0,0.0,0.0
P29786,2,254,S,test,2,0.0,0.0,1.0,0.0,0.0,0.0,0.0,0.0,0.0,0.0
P30082,4,485,M,test,4,0.0,0.0,0.0,0.0,1.0,0.0,0.0,0.0,0.0,0.0
P30181,0,916,U,test,0,1.0,0.0,0.0,0.0,0.0,0.0,0.0,0.0,0.0,0.0
P30288,2,48,S,test,2,0.0,0.0,1.0,0.0,0.0,0.0,0.0,0.0,0.0,0.0
P30292,2,499,S,test,2,0.0,0.0,1.0,0.0,0.0,0.0,0.0,0.0,0.0,0.0
P30307,0,473,U,test,0,0.5853769180845422,0.4146230819154579,0.0,0.0,0.0,0.0,0.0,0.0,0.0,0.0
P30409,4,228,M,test,4,0.0,0.0,0.0,0.0,1.0,0.0,0.0,0.0,0.0,0.0
P30429,3,571,U,test,1,0.20566594278370323,0.6102628426672534,0.0,0.18407121454904335,0.0,0.0,0.0,0.0,0.0,0.0
P30518,4,371,M,test,4,0.0,0.0,0.0,0.0,1.0,0.0,0.0,0.0,0.0,0.0
P30536,3,169,M,test,5,0.0,0.0,0.0,0.0,0.0,1.0,0.0,0.0,0.0,0.0
P30543,4,410,M,test,4,0.0,0.0,0.0,0.0,1.0,0.0,0.0,0.0,0.0,0.0
P30627,1,159,S,test,1,0.0,0.6094964955373781,0.0,0.19635560683941783,0.0,0.0,0.0,0.0,0.0,0.19414789762320414
P30936,4,428,M,test,4,0.0,0.0,0.0,0.0,1.0,0.0,0.0,0.0,0.0,0.0
P30974,4,504,M,test,4,0.0,0.0,0.0,0.0,1.0,0.0,0.0,0.0,0.0,0.0
P30975,4,519,M,test,4,0.0,0.0,0.0,0.0,1.0,0.0,0.0,0.0,0.0,0.0
P30989,4,418,M,test,4,0.0,0.0,0.0,0.0,1.0,0.0,0.0,0.0,0.0,0.0
P31272,0,232,U,test,0,1.0,0.0,0.0,0.0,0.0,0.0,0.0,0.0,0.0,0.0
P31361,0,497,U,test,0,1.0,0.0,0.0,0.0,0.0,0.0,0.0,0.0,0.0,0.0
P31374,1,1356,S,test,1,0.1797074443479737,0.8202925556520263,0.0,0.0,0.0,0.0,0.0,0.0,0.0,0.0
P31424,4,1203,M,test,4,0.0,0.19894710784404937,0.0,0.0,0.6013463781975972,0.19970651395835357,0.0,0.0,0.0,0.0
P31431-2,2,153,S,test,5,0.38791773299948323,0.19019018292817616,0.0,0.0,0.0,0.4218920840723406,0.0,0.0,0.0,0.0
P32259,0,974,U,test,0,0.4313369041441445,0.18465437158720044,0.0,0.0,0.0,0.0,0.0,0.384008724268655,0.0,0.0
P32288,1,370,S,test,1,0.0,0.609138519949066,0.0,0.0,0.0,0.0,0.0,0.0,0.0,0.390861480050934
P32307,4,370,M,test,4,0.0,0.0,0.0,0.0,1.0,0.0,0.0,0.0,0.0,0.0
P32316,1,526,S,test,1,0.0,0.6211498221132299,0.0,0.0,0.0,0.0,0.19193794510500384,0.0,0.0,0.1869122327817663
P32334,4,1306,M,test,4,0.0,0.0,0.0,0.0,0.5706786523620162,0.26516403156555846,0.0,0.16415731607242537,0.0,0.0
P32335,3,436,M,test,3,0.19716410289186806,0.0,0.0,0.6099316243712013,0.19290427273693064,0.0,0.0,0.0,0.0,0.0
P32340,3,513,M,test,3,0.0,0.0,0.0,1.0,0.0,0.0,0.0,0.0,0.0,0.0
P32354,0,571,U,test,0,0.8314909237294553,0.16850907627054468,0.0,0.0,0.0,0.0,0.0,0.0,0.0,0.0
P32378,3,372,M,test,5,0.0,0.0,0.0,0.0,0.0,0.802302068522117,0.19769793147788306,0.0,0.0,0.0
P32389,0,672,U,test,0,0.7616996889739807,0.0,0.0,0.0,0.0,0.0,0.0,0.0,0.2383003110260193,0.0
P32418,4,973,M,test,8,0.0,0.0,0.0,0.0,0.4846194313543214,0.0,0.0,0.0,0.5153805686456787,0.0
P32447,0,279,U,test,0,0.8227361011485479,0.0,0.0,0.0,0.0,0.0,0.1772638988514521,0.0,0.0,0.0
P32478,2,413,S,test,2,0.0,0.0,0.7978290413659396,0.0,0.0,0.20217095863406045,0.0,0.0,0.0,0.0
P32480,0,875,U,test,0,0.6317484323543539,0.3682515676456462,0.0,0.0,0.0,0.0,0.0,0.0,0.0,0.0
P32497,1,812,S,test,1,0.0,0.5977879024852636,0.0,0.0,0.0,0.0,0.0,0.0,0.4022120975147364,0.0
P32527,1,433,S,test,0,0.5857279348817387,0.4142720651182613,0.0,0.0,0.0,0.0,0.0,0.0,0.0,0.0
P32569,0,687,U,test,0,0.8362087613871891,0.1637912386128108,0.0,0.0,0.0,0.0,0.0,0.0,0.0,0.0
P32621,7,518,M,test,7,0.0,0.0,0.13887033037869748,0.0,0.0,0.0,0.0,0.7104808840279845,0.1506487855933181,0.0
P32634,1,1753,S,test,1,0.19741301433240302,0.5937740913068873,0.0,0.0,0.0,0.0,0.0,0.0,0.0,0.2088128943607097
P32793,1,468,S,test,0,0.5557301103221466,0.4442698896778534,0.0,0.0,0.0,0.0,0.0,0.0,0.0,0.0
P32837,8,571,M,test,5,0.0,0.0,0.0,0.0,0.19454228561237247,0.6144766247270896,0.0,0.19098108966053795,0.0,0.0
P32860,3,256,S,test,3,0.0,0.1950584269820981,0.0,0.8049415730179019,0.0,0.0,0.0,0.0,0.0,0.0
P32902,3,394,U,test,3,0.19424579807468628,0.0,0.0,0.8057542019253137,0.0,0.0,0.0,0.0,0.0,0.0
P32905,1,252,S,test,1,0.0,0.6117130537634256,0.0,0.3882869462365744,0.0,0.0,0.0,0.0,0.0,0.0
P32907,4,282,M,test,4,0.0,0.0,0.0,0.0,0.402452956777745,0.3997592840871205,0.0,0.19778775913513452,0.0,0.0
P32916,5,621,M,test,3,0.38290320097185826,0.22091958107514664,0.0,0.39617721795299515,0.0,0.0,0.0,0.0,0.0,0.0
P33203,0,583,U,test,0,0.6288017529041107,0.37119824709588933,0.0,0.0,0.0,0.0,0.0,0.0,0.0,0.0
P33313,1,385,S,test,1,0.3953162329839542,0.6046837670160459,0.0,0.0,0.0,0.0,0.0,0.0,0.0,0.0
P33417,0,597,U,test,0,1.0,0.0,0.0,0.0,0.0,0.0,0.0,0.0,0.0,0.0
P33442,1,255,S,test,0,0.6041416267131499,0.0,0.0,0.3958583732868501,0.0,0.0,0.0,0.0,0.0,0.0
P33891,5,701,M,test,0,0.36648397188960413,0.18319315272844724,0.0,0.0,0.0,0.2590085365599332,0.0,0.1913143388220154,0.0,0.0
P33893,3,541,U,test,3,0.206646887656133,0.1945391316968664,0.0,0.5988139806470006,0.0,0.0,0.0,0.0,0.0,0.0
P34216,1,1381,S,test,1,0.3286214213135751,0.5139538581889679,0.0,0.0,0.0,0.0,0.0,0.15742472049745712,0.0,0.0
P34250,4,1132,M,test,1,0.0,0.6042596476652634,0.0,0.0,0.3957403523347366,0.0,0.0,0.0,0.0,0.0
P34343,0,1129,U,test,0,0.813852027911023,0.18614797208897702,0.0,0.0,0.0,0.0,0.0,0.0,0.0,0.0
P34611,1,851,S,test,0,0.5130281012972399,0.4869718987027601,0.0,0.0,0.0,0.0,0.0,0.0,0.0,0.0
P34982,4,312,M,test,4,0.0,0.0,0.0,0.0,1.0,0.0,0.0,0.0,0.0,0.0
P35035,2,274,S,test,2,0.0,0.0,1.0,0.0,0.0,0.0,0.0,0.0,0.0,0.0
P35036,2,277,S,test,2,0.0,0.0,1.0,0.0,0.0,0.0,0.0,0.0,0.0,0.0
P35037,2,275,S,test,2,0.0,0.0,1.0,0.0,0.0,0.0,0.0,0.0,0.0,0.0
P35038,2,275,S,test,2,0.0,0.0,1.0,0.0,0.0,0.0,0.0,0.0,0.0,0.0
P35039,2,274,S,test,2,0.0,0.0,1.0,0.0,0.0,0.0,0.0,0.0,0.0,0.0
P35040,2,273,S,test,2,0.0,0.0,1.0,0.0,0.0,0.0,0.0,0.0,0.0,0.0
P35041,2,267,S,test,2,0.0,0.0,1.0,0.0,0.0,0.0,0.0,0.0,0.0,0.0
P35064,0,138,U,test,0,1.0,0.0,0.0,0.0,0.0,0.0,0.0,0.0,0.0,0.0
P35476,6,99,M,test,6,0.0,0.0,0.0,0.0,0.0,0.12738891431765664,0.8726110856823434,0.0,0.0,0.0
P35477,6,99,M,test,6,0.0,0.0,0.0,0.0,0.0,0.11881006631917772,0.8811899336808223,0.0,0.0,0.0
P35523,4,988,M,test,4,0.40195334324534016,0.0,0.0,0.0,0.4099952942767806,0.1880513624778792,0.0,0.0,0.0,0.0
P35525,4,907,M,test,4,0.0,0.0,0.0,0.0,1.0,0.0,0.0,0.0,0.0,0.0
P35590,4,1138,M,test,4,0.0,0.0,0.0,0.0,1.0,0.0,0.0,0.0,0.0,0.0
P35723,5,206,M,test,5,0.19699093833030168,0.0,0.0,0.0,0.0,0.40994424118435424,0.0,0.0,0.393064820485344,0.0
P35731,3,278,U,test,1,0.0,0.6033184208486402,0.0,0.19441594447307672,0.0,0.0,0.0,0.0,0.0,0.20226563467828312
P35997,1,82,S,test,0,0.40636217024684734,0.3973183896368919,0.0,0.1963194401162607,0.0,0.0,0.0,0.0,0.0,0.0
P36008,1,412,S,test,1,0.0,1.0,0.0,0.0,0.0,0.0,0.0,0.0,0.0,0.0
P36029,7,618,M,test,4,0.0,0.0,0.0,0.21213865941633922,0.3995980170580282,0.0,0.0,0.0,0.3882633235256326,0.0
P36041,1,632,S,test,0,0.5520186249439607,0.44798137505603935,0.0,0.0,0.0,0.0,0.0,0.0,0.0,0.0
P36046,3,403,M,test,4,0.19277389582329008,0.1891135024445424,0.0,0.19451635683486168,0.42359624489730585,0.0,0.0,0.0,0.0,0.0
P36062,8,692,M,test,8,0.0,0.0,0.0,0.0,0.19796755265528065,0.18479389661157086,0.0,0.0,0.6172385507331485,0.0
P36080,0,434,U,test,0,1.0,0.0,0.0,0.0,0.0,0.0,0.0,0.0,0.0,0.0
P36091,4,449,M,test,2,0.0,0.0,0.8126043826169509,0.0,0.0,0.18739561738304905,0.0,0.0,0.0,0.0
P36103,1,277,S,test,0,1.0,0.0,0.0,0.0,0.0,0.0,0.0,0.0,0.0,0.0
P36156,1,370,S,test,3,0.0,0.3939662633610167,0.0,0.6060337366389834,0.0,0.0,0.0,0.0,0.0,0.0
P36517,3,319,U,test,3,0.1916712931880115,0.0,0.0,0.6123957840577452,0.0,0.0,0.0,0.0,0.1959329227542434,0.0
P36533,3,70,U,test,1,0.19243143692380943,0.8075685630761906,0.0,0.0,0.0,0.0,0.0,0.0,0.0,0.0
P36534,3,297,U,test,3,0.0,0.0,0.0,1.0,0.0,0.0,0.0,0.0,0.0,0.0
P36589,1,240,S,test,0,0.3994645488585151,0.3948574728842988,0.0,0.0,0.0,0.0,0.0,0.0,0.2056779782571862,0.0
P36618,1,299,S,test,1,0.17865248073978834,0.5350760492233134,0.0,0.0,0.0,0.28627147003689823,0.0,0.0,0.0,0.0
P36626,0,561,U,test,0,1.0,0.0,0.0,0.0,0.0,0.0,0.0,0.0,0.0,0.0
P37173,4,567,M,test,4,0.0,0.0,0.0,0.0,1.0,0.0,0.0,0.0,0.0,0.0
P37254,1,787,S,test,1,0.0,0.6034471357382675,0.0,0.3965528642617325,0.0,0.0,0.0,0.0,0.0,0.0
P38064,3,232,U,test,3,0.0,0.19313167126357716,0.0,0.8068683287364229,0.0,0.0,0.0,0.0,0.0,0.0
P38070,1,525,S,test,1,0.0,1.0,0.0,0.0,0.0,0.0,0.0,0.0,0.0,0.0
P38126,0,564,U,test,0,1.0,0.0,0.0,0.0,0.0,0.0,0.0,0.0,0.0,0.0
P38166,7,215,M,test,7,0.0,0.0,0.0,0.0,0.0,0.18366190713856265,0.0,0.8163380928614373,0.0,0.0
P38172,3,270,U,test,6,0.0,0.0,0.0,0.4023000091848939,0.0,0.0,0.5976999908151062,0.0,0.0,0.0
P38175,3,177,U,test,3,0.0,0.0,0.0,1.0,0.0,0.0,0.0,0.0,0.0,0.0
P38204,0,145,U,test,0,0.5882162400938168,0.41178375990618316,0.0,0.0,0.0,0.0,0.0,0.0,0.0,0.0
P38211,5,433,M,test,5,0.0,0.0,0.0,0.0,0.0,1.0,0.0,0.0,0.0,0.0
P38212,5,213,M,test,4,0.0,0.17617878140632928,0.0,0.0,0.4076706140714919,0.0,0.0,0.21923864614655705,0.19691195837562184,0.0
P38228,3,572,M,test,3,0.19349491644127548,0.2028220100652664,0.0,0.6036830734934582,0.0,0.0,0.0,0.0,0.0,0.0
P38247,8,162,M,test,7,0.0,0.18620862675917493,0.0,0.1924885979374103,0.0,0.0,0.0,0.6213027753034147,0.0,0.0
P38257,0,691,U,test,0,0.807832846324171,0.1921671536758291,0.0,0.0,0.0,0.0,0.0,0.0,0.0,0.0
P38287,8,376,M,test,7,0.0,0.0,0.0,0.0,0.20188914428586072,0.20584974254634214,0.0,0.5922611131677972,0.0,0.0
P38291,0,140,U,test,0,0.40214320073813653,0.19677891570896758,0.0,0.401077883552896,0.0,0.0,0.0,0.0,0.0,0.0
P38292,9,413,M,test,7,0.19548873368271016,0.0,0.0,0.0,0.0,0.19431762033337946,0.0,0.39323844942597524,0.0,0.2169551965579351
P38310,8,465,M,test,5,0.0,0.0,0.0,0.0,0.0,0.6243605479143934,0.0,0.0,0.3756394520856066,0.0
P38313,0,324,U,test,0,0.825761002679021,0.17423899732097906,0.0,0.0,0.0,0.0,0.0,0.0,0.0,0.0
P38319,0,544,U,test,0,0.6821536922792226,0.1503605137161014,0.0,0.0,0.16748579400467598,0.0,0.0,0.0,0.0,0.0
P38324,0,304,U,test,0,1.0,0.0,0.0,0.0,0.0,0.0,0.0,0.0,0.0,0.0
P38325,3,134,M,test,5,0.0,0.0,0.0,0.18547896311181375,0.0,0.8145210368881862,0.0,0.0,0.0,0.0
P38345,3,138,S,test,3,0.4135869385902583,0.0,0.0,0.5864130614097417,0.0,0.0,0.0,0.0,0.0,0.0
P38347,1,419,S,test,1,0.3723091181083453,0.6276908818916547,0.0,0.0,0.0,0.0,0.0,0.0,0.0,0.0
P38574,5,287,M,test,2,0.19262869567929364,0.0,0.4184987884310247,0.0,0.19428405926103318,0.1945884566286485,0.0,0.0,0.0,0.0
P38633,0,127,U,test,3,0.38498326135285266,0.0,0.0,0.41440923930913787,0.0,0.0,0.0,0.0,0.2006074993380095,0.0
P38702,3,357,M,test,3,0.0,0.0,0.0,0.8148129396575368,0.0,0.0,0.0,0.0,0.0,0.1851870603424632
P38711,1,82,S,test,0,0.40700776384803533,0.39345342842751263,0.0,0.1995388077244521,0.0,0.0,0.0,0.0,0.0,0.0
P38732,1,585,S,test,0,0.580301525432131,0.419698474567869,0.0,0.0,0.0,0.0,0.0,0.0,0.0,0.0
P38742,8,1146,M,test,1,0.0,0.40499779330551844,0.0,0.0,0.0,0.212685071579312,0.0,0.18979481930798897,0.0,0.19252231580718063
P38745,7,532,M,test,7,0.0,0.0,0.0,0.0,0.19475800874557103,0.2018885072603061,0.0,0.40564946558632053,0.19770401840780233,0.0
P38805,0,295,U,test,0,1.0,0.0,0.0,0.0,0.0,0.0,0.0,0.0,0.0,0.0
P38806,0,282,U,test,0,0.8084640885733108,0.1915359114266892,0.0,0.0,0.0,0.0,0.0,0.0,0.0,0.0
P38813,5,335,M,test,3,0.2032692095152609,0.20872984180797927,0.0,0.3904122671162908,0.0,0.19758868156046913,0.0,0.0,0.0,0.0
P38843,5,316,M,test,5,0.0,0.0,0.0,0.0,0.1950594648130039,0.39526282092697534,0.0,0.20500040877220765,0.20467730548781313,0.0
P38848,9,579,M,test,5,0.0,0.0,0.0,0.0,0.0,0.3958091596288862,0.0,0.20403454566033238,0.197994404719411,0.20216188999137044
P38854,1,504,S,test,1,0.0,0.8056666997513229,0.0,0.0,0.0,0.0,0.0,0.0,0.19433330024867712,0.0
P38857,3,129,M,test,3,0.18498593440834957,0.0,0.0,0.43373952318492554,0.0,0.0,0.19159545946667061,0.18967908294005423,0.0,0.0
P38877,0,133,U,test,1,0.1949279076177537,0.8050720923822463,0.0,0.0,0.0,0.0,0.0,0.0,0.0,0.0
P38878,5,278,M,test,8,0.0,0.20124350534264865,0.0,0.19409519655906454,0.0,0.19802616965751854,0.0,0.0,0.40663512844076827,0.0
P38880,3,579,M,test,3,0.0,0.0,0.0,0.6109684706863382,0.0,0.0,0.0,0.0,0.1890199974234508,0.20001153189021104
P39001,0,836,U,test,1,0.20574784080646452,0.7942521591935355,0.0,0.0,0.0,0.0,0.0,0.0,0.0,0.0
P39543,5,234,M,test,5,0.0,0.0,0.0,0.40211839536323385,0.0,0.5978816046367661,0.0,0.0,0.0,0.0
P39551,4,298,M,test,0,0.4110430076285557,0.38610841177363986,0.0,0.20284858059780453,0.0,0.0,0.0,0.0,0.0,0.0
P39723,1,622,S,test,0,0.5972599874755796,0.19407376779161106,0.0,0.0,0.0,0.20866624473280937,0.0,0.0,0.0,0.0
P39735,0,261,U,test,0,0.5967337306269908,0.20622129197984443,0.0,0.1970449773931648,0.0,0.0,0.0,0.0,0.0,0.0
P39923,8,615,M,test,0,0.550838245108469,0.2557017598919059,0.0,0.0,0.19345999499962518,0.0,0.0,0.0,0.0,0.0
P39936,1,914,S,test,1,0.13876753711899548,0.8612324628810045,0.0,0.0,0.0,0.0,0.0,0.0,0.0,0.0
P39952,3,402,M,test,3,0.0,0.0,0.0,1.0,0.0,0.0,0.0,0.0,0.0,0.0
P39968,8,578,M,test,0,0.4813727324574151,0.34703194345920724,0.0,0.0,0.0,0.0,0.0,0.0,0.17159532408337777,0.0
P39996,0,337,M,test,1,0.40283922494497054,0.5971607750550295,0.0,0.0,0.0,0.0,0.0,0.0,0.0,0.0
P40006,5,225,M,test,5,0.18693882136843182,0.0,0.1876415485705536,0.0,0.0,0.6254196300610145,0.0,0.0,0.0,0.0
P40014,0,221,U,test,1,0.3861251846097134,0.4135995667102635,0.0,0.0,0.0,0.0,0.0,0.2002752486800232,0.0,0.0
P40047,3,520,S,test,3,0.0,0.0,0.0,0.8094213227510085,0.0,0.0,0.19057867724899152,0.0,0.0,0.0
P40053,3,627,U,test,3,0.3752507405480942,0.0,0.0,0.6247492594519058,0.0,0.0,0.0,0.0,0.0,0.0
P40072,0,274,U,test,0,1.0,0.0,0.0,0.0,0.0,0.0,0.0,0.0,0.0,0.0
P40094,7,801,M,test,7,0.18934366976240738,0.0,0.0,0.0,0.0,0.19202806463506955,0.0,0.6186282656025232,0.0,0.0
P40156,3,214,U,test,3,0.0,0.0,0.0,1.0,0.0,0.0,0.0,0.0,0.0,0.0
P40166,3,100,U,test,5,0.0,0.40525842744089885,0.0,0.17964432579592574,0.0,0.41509724676317544,0.0,0.0,0.0,0.0
P40215,3,560,S,test,3,0.0,0.0,0.0,1.0,0.0,0.0,0.0,0.0,0.0,0.0
P40239,4,226,M,test,4,0.0,0.0,0.0,0.0,1.0,0.0,0.0,0.0,0.0,0.0
P40344,1,310,S,test,0,0.5858386639750867,0.2167582374214763,0.0,0.0,0.0,0.0,0.0,0.0,0.1974030986034371,0.0
P40395,7,1056,M,test,0,0.5833112016228197,0.41668879837718037,0.0,0.0,0.0,0.0,0.0,0.0,0.0,0.0
P40453,1,1071,S,test,1,0.1901276129368779,0.419720899715457,0.0,0.0,0.0,0.1866520361008236,0.0,0.20349945124684152,0.0,0.0
P40473,0,351,U,test,0,1.0,0.0,0.0,0.0,0.0,0.0,0.0,0.0,0.0,0.0
P40474,4,542,M,test,8,0.0,0.0,0.0,0.0,0.44527500694641436,0.0,0.0,0.0,0.5547249930535856,0.0
P40475,4,563,M,test,8,0.0,0.0,0.0,0.0,0.418647183197173,0.0,0.0,0.1564294461421403,0.42492337066068675,0.0
P40486,0,507,U,test,1,0.19025294343018656,0.6109128207928483,0.0,0.0,0.0,0.0,0.0,0.0,0.1988342357769653,0.0
P40495,3,371,U,test,3,0.0,0.0,0.0,1.0,0.0,0.0,0.0,0.0,0.0,0.0
P40498,0,721,U,test,0,0.6134958997781612,0.38650410022183884,0.0,0.0,0.0,0.0,0.0,0.0,0.0,0.0
P40525,1,121,S,test,1,0.0,1.0,0.0,0.0,0.0,0.0,0.0,0.0,0.0,0.0
P40531,7,326,M,test,1,0.0,1.0,0.0,0.0,0.0,0.0,0.0,0.0,0.0,0.0
P40546,0,346,U,test,0,1.0,0.0,0.0,0.0,0.0,0.0,0.0,0.0,0.0,0.0
P40564,1,432,S,test,1,0.37406669518893937,0.4429187426336774,0.0,0.0,0.0,0.0,0.18301456217738316,0.0,0.0,0.0
P40571,0,144,U,test,3,0.23054951402066354,0.3828550832417014,0.0,0.3865954027376351,0.0,0.0,0.0,0.0,0.0,0.0
P40847,0,254,U,test,0,0.5562213449938722,0.44377865500612784,0.0,0.0,0.0,0.0,0.0,0.0,0.0,0.0
P40858,3,161,U,test,3,0.0,0.0,0.0,1.0,0.0,0.0,0.0,0.0,0.0,0.0
P40936,1,264,S,test,0,0.419291751779886,0.1881403819930257,0.0,0.18766102154073103,0.0,0.0,0.0,0.2049068446863572,0.0,0.0
P41000,1,583,S,test,1,0.39317742844677955,0.6068225715532205,0.0,0.0,0.0,0.0,0.0,0.0,0.0,0.0
P41056,1,107,S,test,1,0.3903319442564844,0.4145540279234047,0.0,0.0,0.0,0.0,0.1951140278201109,0.0,0.0,0.0
P41057,1,56,S,test,0,0.6395693667710755,0.18108486498575851,0.17934576824316611,0.0,0.0,0.0,0.0,0.0,0.0,0.0
P41058,1,56,S,test,0,0.8217947130077107,0.0,0.17820528699228927,0.0,0.0,0.0,0.0,0.0,0.0,0.0
P41180,4,1078,M,test,4,0.0,0.0,0.0,0.0,1.0,0.0,0.0,0.0,0.0,0.0
P41183,0,707,U,test,0,1.0,0.0,0.0,0.0,0.0,0.0,0.0,0.0,0.0,0.0
P41546,0,238,U,test,0,1.0,0.0,0.0,0.0,0.0,0.0,0.0,0.0,0.0,0.0
P41593,4,591,M,test,4,0.0,0.0,0.0,0.0,1.0,0.0,0.0,0.0,0.0,0.0
P41594,4,1212,M,test,5,0.3790171900319041,0.21473533289093916,0.0,0.0,0.0,0.4062474770771567,0.0,0.0,0.0,0.0
P41698,4,603,M,test,4,0.0,0.32422276802838423,0.0,0.0,0.6757772319716159,0.0,0.0,0.0,0.0,0.0
P41903,9,349,U,test,3,0.20674416095474626,0.1883948777759665,0.0,0.6048609612692872,0.0,0.0,0.0,0.0,0.0,0.0
P42223,7,864,U,test,1,0.19325867447667297,0.4073784191018138,0.0,0.0,0.0,0.0,0.0,0.0,0.2021510663618889,0.1972118400596244
P42260,4,908,M,test,2,0.0,0.0,0.5894418733093569,0.0,0.4105581266906431,0.0,0.0,0.0,0.0,0.0
P42699,6,167,M,test,6,0.0,0.0,0.0,0.0,0.0,0.0,1.0,0.0,0.0,0.0
P42775,0,360,U,test,0,1.0,0.0,0.0,0.0,0.0,0.0,0.0,0.0,0.0,0.0
P42776,0,382,U,test,0,1.0,0.0,0.0,0.0,0.0,0.0,0.0,0.0,0.0,0.0
P42826,1,600,S,test,3,0.0,0.1906945893142673,0.0,0.8093054106857327,0.0,0.0,0.0,0.0,0.0,0.0
P42900,3,643,M,test,1,0.20085486017962464,0.4279169867571321,0.0,0.18989784792304096,0.0,0.0,0.0,0.1813303051402024,0.0,0.0
P43005,4,524,M,test,4,0.0,0.0,0.0,0.17879314462370816,0.6153278218817214,0.0,0.0,0.2058790334945704,0.0,0.0
P43082,8,212,U,test,2,0.0,0.0,1.0,0.0,0.0,0.0,0.0,0.0,0.0,0.0
P43554,0,623,U,test,0,1.0,0.0,0.0,0.0,0.0,0.0,0.0,0.0,0.0,0.0
P43587,0,155,U,test,0,0.5967296787561587,0.19133847064812415,0.0,0.0,0.0,0.0,0.0,0.0,0.21193185059571717,0.0
P43596,0,787,U,test,0,0.6050545580954105,0.20605952945886888,0.0,0.0,0.0,0.0,0.0,0.18888591244572062,0.0,0.0
P43603,1,459,S,test,1,0.4046162874644331,0.41409448489833817,0.0,0.0,0.0,0.0,0.0,0.18128922763722866,0.0,0.0
P43613,5,295,M,test,3,0.0,0.0,0.0,1.0,0.0,0.0,0.0,0.0,0.0,0.0
P45815,0,411,U,test,0,1.0,0.0,0.0,0.0,0.0,0.0,0.0,0.0,0.0,0.0
P45846,2,183,S,test,2,0.0,0.0,1.0,0.0,0.0,0.0,0.0,0.0,0.0,0.0
P45895,7,804,M,test,7,0.0,0.0,0.0,0.0,0.0,0.39659745532542195,0.0,0.6034025446745781,0.0,0.0
P46014,4,581,M,test,1,0.0,0.40990333336076956,0.0,0.2106862567054792,0.0,0.1933999081620421,0.0,0.18601050177170916,0.0,0.0
P46367,3,519,S,test,3,0.0,0.0,0.0,0.5857270845166331,0.0,0.0,0.4142729154833669,0.0,0.0,0.0
P46654,1,252,S,test,1,0.0,0.6086249291031545,0.0,0.39137507089684553,0.0,0.0,0.0,0.0,0.0,0.0
P46676,0,1062,U,test,0,0.8000439027706546,0.0,0.0,0.0,0.0,0.0,0.0,0.19995609722934543,0.0,0.0
P46784,1,105,S,test,0,0.5930599817727552,0.21250283826312003,0.0,0.19443717996412482,0.0,0.0,0.0,0.0,0.0,0.0
P46943,3,645,M,test,3,0.0,0.39765689808855226,0.0,0.6023431019114477,0.0,0.0,0.0,0.0,0.0,0.0
P46974,0,1380,U,test,0,0.40764836333874505,0.0,0.0,0.1931728961672104,0.0,0.0,0.0,0.19294383954570324,0.0,0.20623490094834132
P46990,1,184,S,test,3,0.0,0.41887750486216097,0.0,0.581122495137839,0.0,0.0,0.0,0.0,0.0,0.0
P46992,4,396,M,test,2,0.0,0.0,0.8033648261034672,0.0,0.0,0.19663517389653287,0.0,0.0,0.0,0.0
P46998,3,180,M,test,5,0.0,0.0,0.0,0.40012850941640804,0.0,0.599871490583592,0.0,0.0,0.0,0.0
P47013,5,409,M,test,5,0.0,0.0,0.0,0.0,0.0,0.791718296836588,0.0,0.20828170316341202,0.0,0.0
P47040,8,408,M,test,8,0.0,0.0,0.0,0.0,0.17785946175928743,0.3499125481831285,0.0,0.0,0.47222799005758404,0.0
P47082,8,602,M,test,4,0.0,0.0,0.0,0.0,0.5888737602566265,0.20001551417995841,0.0,0.0,0.21111072556341515,0.0
P47095,1,244,S,test,3,0.0,0.3879131236665382,0.0,0.41878510395950563,0.0,0.19330177237395615,0.0,0.0,0.0,0.0
P47150,3,247,U,test,3,0.20825868240417117,0.0,0.0,0.7917413175958288,0.0,0.0,0.0,0.0,0.0,0.0
P47154,5,453,M,test,5,0.0,0.0,0.0,0.0,0.0,1.0,0.0,0.0,0.0,0.0
P47155,5,203,M,test,5,0.18590342151289277,0.0,0.0,0.0,0.0,0.6089862522938226,0.0,0.0,0.2051103261932847,0.0
P47170,8,1584,M,test,0,0.5926791021301197,0.18817530357478662,0.0,0.21914559429509362,0.0,0.0,0.0,0.0,0.0,0.0
P47821,0,323,U,test,0,1.0,0.0,0.0,0.0,0.0,0.0,0.0,0.0,0.0,0.0
P47866,4,411,M,test,4,0.0,0.0,0.0,0.0,0.7925095452593212,0.20749045474067887,0.0,0.0,0.0,0.0
P47896,2,493,S,test,2,0.0,0.0,0.8349864393973105,0.0,0.0,0.16501356060268943,0.0,0.0,0.0,0.0
P48003,0,139,U,test,0,1.0,0.0,0.0,0.0,0.0,0.0,0.0,0.0,0.0,0.0
P48044,4,370,M,test,4,0.0,0.0,0.0,0.0,1.0,0.0,0.0,0.0,0.0,0.0
P48048,4,391,M,test,1,0.0,0.44406673369172645,0.0,0.0,0.40990470951155195,0.14602855679672164,0.0,0.0,0.0,0.0
P48234,0,707,U,test,0,1.0,0.0,0.0,0.0,0.0,0.0,0.0,0.0,0.0,0.0
P48239,9,356,U,test,1,0.0,0.8017604939832504,0.0,0.19823950601674956,0.0,0.0,0.0,0.0,0.0,0.0
P48415,5,2195,M,test,0,0.6107108428740664,0.38928915712593354,0.0,0.0,0.0,0.0,0.0,0.0,0.0,0.0
P48527,3,492,S,test,3,0.0,0.0,0.0,1.0,0.0,0.0,0.0,0.0,0.0,0.0
P48765,4,970,M,test,8,0.0,0.0,0.0,0.0,0.47217653680562016,0.0,0.0,0.0,0.5278234631943798,0.0
P48766,4,970,M,test,8,0.0,0.0,0.0,0.0,0.4689062730054869,0.0,0.0,0.0,0.5310937269945131,0.0
P48985,0,351,U,test,0,0.8188267877552595,0.0,0.0,0.0,0.18117321224474042,0.0,0.0,0.0,0.0,0.0
P49047,8,478,U,test,1,0.0,0.408834143348808,0.20082464652345272,0.0,0.0,0.3903412101277392,0.0,0.0,0.0,0.0
P49166,1,88,S,test,1,0.0,1.0,0.0,0.0,0.0,0.0,0.0,0.0,0.0,0.0
P49406,3,292,U,test,3,0.0,0.0,0.0,1.0,0.0,0.0,0.0,0.0,0.0,0.0
P49736,0,904,U,test,1,0.18629481237926415,0.8137051876207358,0.0,0.0,0.0,0.0,0.0,0.0,0.0,0.0
P49739,0,807,U,test,1,0.0,1.0,0.0,0.0,0.0,0.0,0.0,0.0,0.0,0.0
P49862,2,253,S,test,2,0.0,0.0,1.0,0.0,0.0,0.0,0.0,0.0,0.0,0.0
P49866,0,704,U,test,0,1.0,0.0,0.0,0.0,0.0,0.0,0.0,0.0,0.0,0.0
P50111,1,915,S,test,1,0.3901268991191913,0.4068361175157578,0.0,0.0,0.0,0.0,0.0,0.0,0.20303698336505094,0.0
P50133,4,585,M,test,4,0.0,0.0,0.0,0.0,0.8163213684310321,0.0,0.0,0.18367863156896788,0.0,0.0
P50402,0,254,M,test,0,0.5949777498456593,0.0,0.0,0.0,0.21246479238544266,0.0,0.0,0.19255745776889796,0.0,0.0
P50536,0,512,U,test,0,1.0,0.0,0.0,0.0,0.0,0.0,0.0,0.0,0.0,0.0
P50582,0,507,U,test,1,0.0,0.7918881151444942,0.0,0.0,0.0,0.0,0.0,0.0,0.2081118848555058,0.0
P50944,8,713,M,test,5,0.0,0.0,0.0,0.0,0.2012758650682544,0.40695172613423375,0.0,0.0,0.3917724087975119,0.0
P51402,1,88,S,test,1,0.0,1.0,0.0,0.0,0.0,0.0,0.0,0.0,0.0,0.0
P51553,3,393,U,test,3,0.0,0.2123018460494096,0.0,0.7876981539505904,0.0,0.0,0.0,0.0,0.0,0.0
P51813,1,675,S,test,1,0.18127921391966864,0.6346727081488668,0.0,0.0,0.18404807793146458,0.0,0.0,0.0,0.0,0.0
P52188,4,427,M,test,4,0.0,0.0,0.0,0.0,0.5228329808521014,0.16080220757985317,0.0,0.0,0.3163648115680454,0.0
P52554,1,126,S,test,1,0.0,1.0,0.0,0.0,0.0,0.0,0.0,0.0,0.0,0.0
P52701,0,1360,U,test,1,0.45883226253100134,0.5411677374689987,0.0,0.0,0.0,0.0,0.0,0.0,0.0,0.0
P52848,7,882,M,test,7,0.0,0.0,0.0,0.0,0.0,0.41351297698273076,0.0,0.5864870230172693,0.0,0.0
P53063,0,387,U,test,0,0.5897545496901868,0.41024545030981313,0.0,0.0,0.0,0.0,0.0,0.0,0.0,0.0
P53070,3,669,U,test,3,0.0,0.382673677016891,0.0,0.6173263229831091,0.0,0.0,0.0,0.0,0.0,0.0
P53075,3,577,U,test,3,0.0,0.1907691782632949,0.0,0.6032817591138898,0.0,0.0,0.2059490626228153,0.0,0.0,0.0
P53083,3,459,M,test,1,0.0,0.7900179378161746,0.0,0.0,0.0,0.0,0.0,0.0,0.0,0.20998206218382545
P53093,7,235,M,test,7,0.0,0.0,0.0,0.0,0.0,0.3871473844018931,0.0,0.6128526155981069,0.0,0.0
P53094,1,1487,S,test,1,0.19047932150121694,0.6194747372800086,0.0,0.0,0.0,0.0,0.0,0.19004594121877455,0.0,0.0
P53102,0,219,U,test,0,0.8050918370515507,0.19490816294844931,0.0,0.0,0.0,0.0,0.0,0.0,0.0,0.0
P53115,0,1489,U,test,0,1.0,0.0,0.0,0.0,0.0,0.0,0.0,0.0,0.0,0.0
P53136,0,463,U,test,0,0.5481351416356856,0.45186485836431445,0.0,0.0,0.0,0.0,0.0,0.0,0.0,0.0
P53139,4,140,M,test,0,1.0,0.0,0.0,0.0,0.0,0.0,0.0,0.0,0.0,0.0
P53174,5,237,M,test,3,0.1971210765580637,0.1965351448026328,0.0,0.6063437786393034,0.0,0.0,0.0,0.0,0.0,0.0
P53178,5,202,U,test,1,0.0,0.8041123496709495,0.0,0.1958876503290506,0.0,0.0,0.0,0.0,0.0,0.0
P53193,3,184,S,test,0,0.5449755024320783,0.0,0.0,0.4550244975679217,0.0,0.0,0.0,0.0,0.0,0.0
P53199,5,349,M,test,1,0.0,0.4627006631899114,0.0,0.35595162771872685,0.0,0.0,0.0,0.0,0.0,0.18134770909136172
P53220,3,239,M,test,3,0.0,0.0,0.0,1.0,0.0,0.0,0.0,0.0,0.0,0.0
P53223,5,239,M,test,7,0.0,0.0,0.0,0.0,0.0,0.38576273308858955,0.0,0.4211311832124969,0.19310608369891363,0.0
P53236,0,928,U,test,0,1.0,0.0,0.0,0.0,0.0,0.0,0.0,0.0,0.0,0.0
P53254,0,1237,U,test,0,0.6288297053220941,0.37117029467790585,0.0,0.0,0.0,0.0,0.0,0.0,0.0,0.0
P53258,1,950,S,test,0,0.8073531009945967,0.19264689900540335,0.0,0.0,0.0,0.0,0.0,0.0,0.0,0.0
P53259,3,346,M,test,3,0.0,0.0,0.0,0.6585218539950475,0.0,0.34147814600495247,0.0,0.0,0.0,0.0
P53266,3,389,M,test,3,0.0,0.0,0.0,1.0,0.0,0.0,0.0,0.0,0.0,0.0
P53298,0,406,U,test,0,0.6094028141704876,0.3905971858295124,0.0,0.0,0.0,0.0,0.0,0.0,0.0,0.0
P53311,3,146,M,test,3,0.0,0.0,0.0,1.0,0.0,0.0,0.0,0.0,0.0,0.0
P53314,7,239,U,test,3,0.38801662210967247,0.0,0.0,0.6119833778903275,0.0,0.0,0.0,0.0,0.0,0.0
P53318,3,479,M,test,3,0.0,0.0,0.0,1.0,0.0,0.0,0.0,0.0,0.0,0.0
P53330,0,157,U,test,0,0.6206635455641522,0.37933645443584796,0.0,0.0,0.0,0.0,0.0,0.0,0.0,0.0
P53394,5,754,M,test,8,0.19991614714109832,0.0,0.0,0.0,0.21430126414612272,0.2034781865483673,0.0,0.0,0.38230440216441175,0.0
P53437,0,365,U,test,0,0.5990914428026597,0.0,0.0,0.0,0.0,0.0,0.0,0.20978023271358004,0.19112832448376024,0.0
P53708,4,1063,M,test,4,0.0,0.0,0.0,0.0,1.0,0.0,0.0,0.0,0.0,0.0
P53721,3,224,M,test,3,0.0,0.0,0.0,0.8252145992458831,0.17478540075411694,0.0,0.0,0.0,0.0,0.0
P53725,0,186,U,test,0,1.0,0.0,0.0,0.0,0.0,0.0,0.0,0.0,0.0,0.0
P53747,8,219,M,test,5,0.0,0.0,0.0,0.0,0.0,0.6045680737661009,0.0,0.18959637557315423,0.20583555066074494,0.0
P53753,2,1117,S,test,5,0.0,0.0,0.21133392511271287,0.0,0.0,0.4006349977749883,0.0,0.18675711209110316,0.20127396502119568,0.0
P53833,0,195,U,test,0,1.0,0.0,0.0,0.0,0.0,0.0,0.0,0.0,0.0,0.0
P53865,1,581,S,test,1,0.43618324099078254,0.5638167590092175,0.0,0.0,0.0,0.0,0.0,0.0,0.0,0.0
P53871,1,357,S,test,1,0.0,1.0,0.0,0.0,0.0,0.0,0.0,0.0,0.0,0.0
P53882,8,636,M,test,4,0.0,0.0,0.0,0.0,0.4348506860934762,0.24581974338748938,0.0,0.171269103641891,0.14806046687714342,0.0
P53893,1,1110,S,test,1,0.0,0.8039350578380925,0.0,0.19606494216190756,0.0,0.0,0.0,0.0,0.0,0.0
P53923,1,493,S,test,0,0.8118159470862564,0.18818405291374357,0.0,0.0,0.0,0.0,0.0,0.0,0.0,0.0
P53974,1,638,S,test,1,0.0,1.0,0.0,0.0,0.0,0.0,0.0,0.0,0.0,0.0
P54005,1,336,S,test,0,0.43467806427526995,0.19563327006037215,0.0,0.0,0.0,0.18095929762368024,0.0,0.18872936804067766,0.0,0.0
P54785,0,490,U,test,0,0.7908751253296442,0.20912487467035581,0.0,0.0,0.0,0.0,0.0,0.0,0.0,0.0
P55830,1,268,S,test,1,0.3860005731798132,0.39949900801507904,0.0,0.21450041880510787,0.0,0.0,0.0,0.0,0.0,0.0
P55861,0,886,U,test,1,0.3969926372113815,0.4005062271377015,0.0,0.0,0.0,0.0,0.0,0.0,0.20250113565091704,0.0
P56271,2,484,S,test,2,0.0,0.0,1.0,0.0,0.0,0.0,0.0,0.0,0.0,0.0
P56574,3,452,U,test,3,0.0,0.0,0.0,0.8098658252771486,0.0,0.0,0.1901341747228514,0.0,0.0,0.0
P57052,0,281,S,test,0,0.5989903800210122,0.4010096199789879,0.0,0.0,0.0,0.0,0.0,0.0,0.0,0.0
P57727,5,454,M,test,2,0.0,0.0,0.7981551656233544,0.0,0.20184483437664563,0.0,0.0,0.0,0.0,0.0
P59055,0,597,U,test,0,1.0,0.0,0.0,0.0,0.0,0.0,0.0,0.0,0.0,0.0
P59936,2,40,S,test,2,0.0,0.0,1.0,0.0,0.0,0.0,0.0,0.0,0.0,0.0
P59942,3,119,U,test,0,0.6010785781922366,0.0,0.0,0.0,0.39892142180776335,0.0,0.0,0.0,0.0,0.0
P60022,2,68,S,test,2,0.0,0.0,1.0,0.0,0.0,0.0,0.0,0.0,0.0,0.0
P61407,1,2134,S,test,0,0.590126385302393,0.2067671548162107,0.0,0.0,0.20310645988139633,0.0,0.0,0.0,0.0,0.0
P61588,7,244,M,test,7,0.0,0.20947183952773582,0.0,0.0,0.19012642182212797,0.0,0.0,0.6004017386501362,0.0,0.0
P61769,2,119,S,test,2,0.0,0.0,0.6021274940039463,0.0,0.39787250599605367,0.0,0.0,0.0,0.0,0.0
P61964,0,334,U,test,0,1.0,0.0,0.0,0.0,0.0,0.0,0.0,0.0,0.0,0.0
P61965,0,334,U,test,0,1.0,0.0,0.0,0.0,0.0,0.0,0.0,0.0,0.0,0.0
P62487,0,172,U,test,1,0.3982325127357796,0.6017674872642205,0.0,0.0,0.0,0.0,0.0,0.0,0.0,0.0
P62597,0,778,U,test,1,0.0,0.5987319002621873,0.19199987717312564,0.20926822256468713,0.0,0.0,0.0,0.0,0.0,0.0
P62875,0,67,U,test,0,0.8020869489855617,0.0,0.19791305101443832,0.0,0.0,0.0,0.0,0.0,0.0,0.0
P69391,2,56,S,test,2,0.0,0.0,0.5963391377370693,0.4036608622629307,0.0,0.0,0.0,0.0,0.0,0.0
P70041,2,270,S,test,2,0.0,0.0,0.8211756501159164,0.0,0.17882434988408363,0.0,0.0,0.0,0.0,0.0
P70056,0,518,U,test,0,1.0,0.0,0.0,0.0,0.0,0.0,0.0,0.0,0.0,0.0
P70158,2,445,S,test,2,0.0,0.0,0.42409712754181383,0.0,0.38471778118504685,0.0,0.0,0.0,0.19118509127313935,0.0
P70207,4,1894,M,test,1,0.0,0.8110334910973072,0.0,0.0,0.0,0.18896650890269293,0.0,0.0,0.0,0.0
P70279,0,355,S,test,0,1.0,0.0,0.0,0.0,0.0,0.0,0.0,0.0,0.0,0.0
P70281,0,254,U,test,0,0.5812137220715335,0.41878627792846645,0.0,0.0,0.0,0.0,0.0,0.0,0.0,0.0
P70365,0,1447,U,test,0,1.0,0.0,0.0,0.0,0.0,0.0,0.0,0.0,0.0,0.0
P70406,3,309,M,test,3,0.0,0.0,0.0,1.0,0.0,0.0,0.0,0.0,0.0,0.0
P70414,4,970,M,test,8,0.0,0.0,0.0,0.0,0.31361202954472356,0.0,0.0,0.15055241695412985,0.5358355535011465,0.0
P70475,0,1187,U,test,0,0.8116783366190544,0.18832166338094564,0.0,0.0,0.0,0.0,0.0,0.0,0.0,0.0
P78508,4,379,M,test,4,0.16932651283126884,0.33529070066653005,0.0,0.0,0.4953827865022012,0.0,0.0,0.0,0.0,0.0
P79953,2,1004,S,test,2,0.0,0.0,0.7516371713306175,0.0,0.24836282866938256,0.0,0.0,0.0,0.0,0.0
P80188,2,198,S,test,2,0.0,0.0,0.6268861478017622,0.0,0.3731138521982378,0.0,0.0,0.0,0.0,0.0
P80269,3,229,M,test,3,0.0,0.0,0.0,1.0,0.0,0.0,0.0,0.0,0.0,0.0
P81182,2,1454,S,test,6,0.0,0.0,0.21213102258554883,0.16491121843562842,0.0,0.20545120740376874,0.41750655157505406,0.0,0.0,0.0
P81661,2,232,S,test,2,0.0,0.0,1.0,0.0,0.0,0.0,0.0,0.0,0.0,0.0
P82413,6,233,U,test,6,0.0,0.0,0.0,0.0,0.0,0.0,1.0,0.0,0.0,0.0
P82612,1,248,S,test,1,0.0,0.805056070541598,0.0,0.0,0.0,0.0,0.19494392945840194,0.0,0.0,0.0
P82649,3,359,U,test,3,0.0,0.0,0.0,1.0,0.0,0.0,0.0,0.0,0.0,0.0
P82670,3,201,U,test,3,0.0,0.0,0.0,1.0,0.0,0.0,0.0,0.0,0.0,0.0
P82715,6,297,U,test,6,0.0,0.0,0.0,0.0,0.0,0.0,1.0,0.0,0.0,0.0
P82869,6,466,U,test,6,0.0,0.0,0.0,0.0,0.0,0.0,1.0,0.0,0.0,0.0
P82919,3,196,U,test,3,0.0,0.0,0.0,1.0,0.0,0.0,0.0,0.0,0.0,0.0
P82920,3,87,U,test,3,0.3873403770512443,0.0,0.0,0.6126596229487558,0.0,0.0,0.0,0.0,0.0,0.0
P82953,2,146,S,test,1,0.0,0.5047351243823435,0.4952648756176566,0.0,0.0,0.0,0.0,0.0,0.0,0.0
P83183,0,84,U,test,0,0.8051380917102913,0.1948619082897088,0.0,0.0,0.0,0.0,0.0,0.0,0.0,0.0
P83326,1,185,S,test,2,0.0,0.0,0.61599575610778,0.0,0.38400424389222004,0.0,0.0,0.0,0.0,0.0
P83411,2,40,S,test,2,0.0,0.0,1.0,0.0,0.0,0.0,0.0,0.0,0.0,0.0
P83428,2,55,S,test,2,0.0,0.0,1.0,0.0,0.0,0.0,0.0,0.0,0.0,0.0
P83456,4,477,M,test,5,0.0,0.1986365141120906,0.19891386179973183,0.0,0.20237019514966037,0.40007942893851717,0.0,0.0,0.0,0.0
P83553,2,148,S,test,2,0.0,0.0,1.0,0.0,0.0,0.0,0.0,0.0,0.0,0.0
P83562,2,82,S,test,2,0.0,0.0,1.0,0.0,0.0,0.0,0.0,0.0,0.0,0.0
P83636,2,106,S,test,2,0.20058113720936907,0.0,0.6018985828844313,0.19752027990619955,0.0,0.0,0.0,0.0,0.0,0.0
P83673,2,184,S,test,8,0.0,0.0,0.32933173259664655,0.0,0.0,0.0,0.0,0.0,0.6706682674033534,0.0
P83758,0,448,U,test,0,1.0,0.0,0.0,0.0,0.0,0.0,0.0,0.0,0.0,0.0
P83773,1,524,S,test,1,0.0,0.8230048548637828,0.0,0.0,0.0,0.0,0.0,0.0,0.17699514513621728,0.0
P83774,1,317,S,test,0,0.8206447588058817,0.17935524119411825,0.0,0.0,0.0,0.0,0.0,0.0,0.0,0.0
P83783,1,450,S,test,1,0.0,0.4143718196470624,0.0,0.40234670503509956,0.0,0.0,0.0,0.0,0.0,0.18328147531783798
P83800,2,72,S,test,2,0.0,0.0,1.0,0.0,0.0,0.0,0.0,0.0,0.0,0.0
P83911,2,43,S,test,2,0.0,0.0,1.0,0.0,0.0,0.0,0.0,0.0,0.0,0.0
P84033,2,245,S,test,2,0.0,0.0,1.0,0.0,0.0,0.0,0.0,0.0,0.0,0.0
P84285,5,609,M,test,5,0.0,0.0,0.0,0.0,0.17541606137054114,0.6232178325499687,0.0,0.0,0.2013661060794903,0.0
P84338,6,99,M,test,6,0.0,0.0,0.0,0.0,0.0,0.13712378630394195,0.8628762136960579,0.0,0.0,0.0
P84787,2,233,S,test,2,0.0,0.0,1.0,0.0,0.0,0.0,0.0,0.0,0.0,0.0
P84805,2,239,S,test,2,0.0,0.0,1.0,0.0,0.0,0.0,0.0,0.0,0.0,0.0
P84808,2,238,S,test,2,0.0,0.0,0.8475952078709295,0.0,0.0,0.0,0.0,0.0,0.15240479212907065,0.0
P84809,2,95,S,test,2,0.0,0.0,1.0,0.0,0.0,0.0,0.0,0.0,0.0,0.0
P85070,2,67,S,test,2,0.0,0.0,1.0,0.0,0.0,0.0,0.0,0.0,0.0,0.0
P85071,2,66,S,test,2,0.0,0.0,1.0,0.0,0.0,0.0,0.0,0.0,0.0,0.0
P85109,2,236,S,test,2,0.0,0.0,1.0,0.0,0.0,0.0,0.0,0.0,0.0,0.0
P85886,2,69,S,test,2,0.0,0.0,1.0,0.0,0.0,0.0,0.0,0.0,0.0,0.0
P86037,2,80,S,test,2,0.0,0.0,1.0,0.0,0.0,0.0,0.0,0.0,0.0,0.0
P86038,2,79,S,test,2,0.0,0.0,1.0,0.0,0.0,0.0,0.0,0.0,0.0,0.0
P86040,2,80,S,test,2,0.0,0.0,1.0,0.0,0.0,0.0,0.0,0.0,0.0,0.0
P86188,2,80,S,test,2,0.0,0.0,1.0,0.0,0.0,0.0,0.0,0.0,0.0,0.0
P86399,2,64,S,test,2,0.0,0.0,1.0,0.0,0.0,0.0,0.0,0.0,0.0,0.0
P86413,0,259,U,test,0,1.0,0.0,0.0,0.0,0.0,0.0,0.0,0.0,0.0,0.0
P86483,2,67,S,test,3,0.0,0.0,0.18008198983258175,0.6106364592132281,0.0,0.0,0.20928155095419027,0.0,0.0,0.0
P86500,2,83,S,test,2,0.0,0.0,1.0,0.0,0.0,0.0,0.0,0.0,0.0,0.0
P86716,2,166,S,test,2,0.0,0.0,1.0,0.0,0.0,0.0,0.0,0.0,0.0,0.0
P86718,2,171,S,test,2,0.0,0.0,1.0,0.0,0.0,0.0,0.0,0.0,0.0,0.0
P86899,2,127,S,test,2,0.0,0.0,1.0,0.0,0.0,0.0,0.0,0.0,0.0,0.0
P86937,0,839,U,test,0,0.6136725600211653,0.1885999373677838,0.0,0.1977275026110509,0.0,0.0,0.0,0.0,0.0,0.0
P86938,0,839,U,test,0,0.618983266309265,0.18539263758396915,0.0,0.19562409610676582,0.0,0.0,0.0,0.0,0.0,0.0
P86947,2,238,S,test,2,0.0,0.0,1.0,0.0,0.0,0.0,0.0,0.0,0.0,0.0
P86950,2,394,S,test,2,0.0,0.0,1.0,0.0,0.0,0.0,0.0,0.0,0.0,0.0
P86957,2,329,S,test,2,0.0,0.0,0.7978865714999068,0.0,0.20211342850009323,0.0,0.0,0.0,0.0,0.0
P86965,2,98,S,test,2,0.0,0.0,1.0,0.0,0.0,0.0,0.0,0.0,0.0,0.0
P86987,2,183,S,test,2,0.0,0.0,0.7821597138025453,0.0,0.21784028619745466,0.0,0.0,0.0,0.0,0.0
P86994,2,67,S,test,2,0.3857230858552573,0.0,0.42201982051109266,0.0,0.0,0.1922570936336501,0.0,0.0,0.0,0.0
P87061,1,1147,S,test,1,0.18403631731889766,0.8159636826811024,0.0,0.0,0.0,0.0,0.0,0.0,0.0,0.0
P87074,0,778,U,test,0,0.8106045552672414,0.18939544473275868,0.0,0.0,0.0,0.0,0.0,0.0,0.0,0.0
P87113,5,219,M,test,1,0.0,0.4019893656081553,0.0,0.19462267477036665,0.0,0.19874268684567611,0.0,0.0,0.0,0.20464527277580186
P87122,5,743,M,test,8,0.0,0.0,0.0,0.3354754523638726,0.2759532434074624,0.0,0.0,0.0,0.38857130422866504,0.0
P87141,1,1313,S,test,0,0.8007745159532046,0.19922548404679546,0.0,0.0,0.0,0.0,0.0,0.0,0.0,0.0
P87143,0,565,U,test,0,0.8043452282284927,0.1956547717715072,0.0,0.0,0.0,0.0,0.0,0.0,0.0,0.0
P87232,3,144,U,test,3,0.39873763314333377,0.0,0.0,0.6012623668566662,0.0,0.0,0.0,0.0,0.0,0.0
P87262,1,121,S,test,1,0.0,1.0,0.0,0.0,0.0,0.0,0.0,0.0,0.0,0.0
P87299,1,285,S,test,0,0.6118520585231033,0.3881479414768967,0.0,0.0,0.0,0.0,0.0,0.0,0.0,0.0
P87323,1,522,S,test,1,0.3843233269520452,0.6156766730479548,0.0,0.0,0.0,0.0,0.0,0.0,0.0,0.0
P91685,4,976,M,test,4,0.0,0.0,0.0,0.0,1.0,0.0,0.0,0.0,0.0,0.0
P91870,1,824,S,test,0,0.3965788044694147,0.0,0.0,0.0,0.20423901297093383,0.2054581063212934,0.0,0.1937240762383581,0.0,0.0
P91889,2,331,S,test,2,0.0,0.0,1.0,0.0,0.0,0.0,0.0,0.0,0.0,0.0
P91926,4,940,M,test,1,0.3432322975948968,0.35879665909603004,0.0,0.0,0.29797104330907315,0.0,0.0,0.0,0.0,0.0
P91943,0,751,U,test,0,1.0,0.0,0.0,0.0,0.0,0.0,0.0,0.0,0.0,0.0
P92935,6,618,M,test,6,0.0,0.0,0.0,0.19333988883921577,0.0,0.0,0.8066601111607842,0.0,0.0,0.0
P92990,2,626,S,test,6,0.0,0.20515182466846035,0.0,0.1972338104339686,0.20939969186830315,0.0,0.388214673029268,0.0,0.0,0.0
P93009,6,182,S,test,6,0.0,0.0,0.0,0.19239230527453738,0.0,0.0,0.8076076947254627,0.0,0.0,0.0
P93025,4,915,M,test,1,0.0,0.7854800650787549,0.0,0.0,0.2145199349212451,0.0,0.0,0.0,0.0,0.0
P93030,5,193,M,test,0,0.3999537897263284,0.21114734028109716,0.0,0.0,0.1993983673194584,0.18950050267311602,0.0,0.0,0.0,0.0
P93032,3,367,U,test,3,0.0,0.18858567428712247,0.0,0.5813084025707719,0.0,0.0,0.23010592314210576,0.0,0.0,0.0
P93050,4,617,M,test,4,0.0,0.0,0.0,0.0,1.0,0.0,0.0,0.0,0.0,0.0
P97361,2,278,S,test,2,0.0,0.0,0.8624157309784999,0.13758426902150014,0.0,0.0,0.0,0.0,0.0,0.0
P97363,5,560,M,test,3,0.0,0.0,0.0,0.7939998919941293,0.0,0.2060001080058706,0.0,0.0,0.0,0.0
P97368,0,378,U,test,0,1.0,0.0,0.0,0.0,0.0,0.0,0.0,0.0,0.0,0.0
P97430,2,131,S,test,2,0.0,0.0,1.0,0.0,0.0,0.0,0.0,0.0,0.0,0.0
P97468,4,371,M,test,4,0.0,0.0,0.0,0.0,1.0,0.0,0.0,0.0,0.0,0.0
P97484,4,841,M,test,4,0.0,0.0,0.17281383096152597,0.0,0.827186169038474,0.0,0.0,0.0,0.0,0.0
P97586,2,281,S,test,0,0.3931657731675376,0.19619752609144742,0.2046063316184689,0.0,0.2060303691225461,0.0,0.0,0.0,0.0,0.0
P97852,9,735,U,test,9,0.0,0.18412059876535,0.0,0.0,0.0,0.0,0.0,0.0,0.0,0.81587940123465
P98088,2,5654,S,test,2,0.0,0.0,0.6062997592479517,0.0,0.39370024075204835,0.0,0.0,0.0,0.0,0.0
P98137,2,590,S,test,2,0.0,0.0,0.8162360232314919,0.0,0.0,0.18376397676850814,0.0,0.0,0.0,0.0
Q00805,2,444,S,test,4,0.0,0.0,0.43105783440020057,0.0,0.5689421655997995,0.0,0.0,0.0,0.0,0.0
Q00870,2,350,S,test,2,0.0,0.0,1.0,0.0,0.0,0.0,0.0,0.0,0.0,0.0
Q00IB6,0,440,U,test,0,0.6371672906744222,0.1807378156853906,0.0,0.0,0.0,0.18209489364018722,0.0,0.0,0.0,0.0
Q01081,0,240,U,test,0,1.0,0.0,0.0,0.0,0.0,0.0,0.0,0.0,0.0,0.0
Q01117,2,624,S,test,2,0.0,0.0,0.5933502963201066,0.0,0.0,0.40664970367989345,0.0,0.0,0.0,0.0
Q01163,3,450,U,test,3,0.0,0.0,0.0,1.0,0.0,0.0,0.0,0.0,0.0,0.0
Q01329,0,785,U,test,0,0.8162227560227929,0.1837772439772071,0.0,0.0,0.0,0.0,0.0,0.0,0.0,0.0
Q01846,1,1127,S,test,8,0.1711492833460984,0.0,0.0,0.0,0.0,0.30527967529924044,0.0,0.0,0.5235710413546613,0.0
Q01989,1,1253,S,test,1,0.0,0.7694097161504068,0.0,0.0,0.2305902838495933,0.0,0.0,0.0,0.0,0.0
Q02040,0,695,U,test,0,1.0,0.0,0.0,0.0,0.0,0.0,0.0,0.0,0.0,0.0
Q02127,3,395,M,test,0,0.4066611664402557,0.40015139996175936,0.0,0.1931874335979849,0.0,0.0,0.0,0.0,0.0,0.0
Q02204,3,264,U,test,3,0.0,0.0,0.0,1.0,0.0,0.0,0.0,0.0,0.0,0.0
Q02353,7,882,M,test,7,0.0,0.0,0.189924625824979,0.0,0.0,0.0,0.0,0.810075374175021,0.0,0.0
Q02455,0,1875,U,test,1,0.33368912576872456,0.377429645002042,0.0,0.0,0.0,0.0,0.0,0.2888812292292335,0.0,0.0
Q02457,0,562,U,test,1,0.19518128215113886,0.8048187178488612,0.0,0.0,0.0,0.0,0.0,0.0,0.0,0.0
Q02614,0,308,U,test,0,0.8089416474405987,0.0,0.0,0.0,0.0,0.0,0.0,0.19105835255940135,0.0,0.0
Q02648,1,567,S,test,0,0.6078320317583862,0.3921679682416139,0.0,0.0,0.0,0.0,0.0,0.0,0.0,0.0
Q02775,0,382,U,test,0,1.0,0.0,0.0,0.0,0.0,0.0,0.0,0.0,0.0,0.0
Q02792,0,1006,U,test,0,0.6758732767536848,0.32412672324631514,0.0,0.0,0.0,0.0,0.0,0.0,0.0,0.0
Q02866,1,612,S,test,1,0.0,0.6172077542943155,0.0,0.0,0.20511458001046637,0.17767766569521815,0.0,0.0,0.0,0.0
Q02873,3,248,U,test,3,0.36271536898223045,0.0,0.0,0.6372846310177696,0.0,0.0,0.0,0.0,0.0,0.0
Q02953,0,609,U,test,0,0.5931995051049446,0.40680049489505543,0.0,0.0,0.0,0.0,0.0,0.0,0.0,0.0
Q02981,3,657,U,test,3,0.18462952780415434,0.0,0.0,0.625045382834429,0.0,0.0,0.0,0.0,0.19032508936141662,0.0
Q03178,2,341,S,test,2,0.0,0.0,1.0,0.0,0.0,0.0,0.0,0.0,0.0,0.0
Q03180,2,325,S,test,2,0.0,0.183221483168588,0.816778516831412,0.0,0.0,0.0,0.0,0.0,0.0,0.0
Q03218,3,510,M,test,3,0.0,0.0,0.0,0.6690701117827142,0.1793200128654058,0.0,0.0,0.0,0.15160987535187995,0.0
Q03266,1,374,S,test,3,0.4020870277273958,0.18914869867329592,0.0,0.4087642735993082,0.0,0.0,0.0,0.0,0.0,0.0
Q03370,9,554,M,test,5,0.0,0.0,0.0,0.17911890124691882,0.19157706356023324,0.3918214807161168,0.0,0.0,0.0,0.23748255447673128
Q03406,0,294,U,test,1,0.3939535561180649,0.6060464438819352,0.0,0.0,0.0,0.0,0.0,0.0,0.0,0.0
Q03431,4,593,M,test,4,0.0,0.0,0.0,0.0,1.0,0.0,0.0,0.0,0.0,0.0
Q03445,4,991,M,test,4,0.0,0.0,0.0,0.0,1.0,0.0,0.0,0.0,0.0,0.0
Q03482,4,75,M,test,4,0.28065352730221843,0.0,0.0,0.32335494339773724,0.3959915293000443,0.0,0.0,0.0,0.0,0.0
Q03496,1,1420,S,test,1,0.23439020525091164,0.7656097947490884,0.0,0.0,0.0,0.0,0.0,0.0,0.0,0.0
Q03529,5,384,M,test,5,0.0,0.0,0.0,0.0,0.0,1.0,0.0,0.0,0.0,0.0
Q03560,0,1150,U,test,0,1.0,0.0,0.0,0.0,0.0,0.0,0.0,0.0,0.0,0.0
Q03562,1,455,S,test,5,0.0,0.0,0.0,0.0,0.0,0.7897005531677128,0.0,0.21029944683228724,0.0,0.0
Q03652,3,475,U,test,1,0.4000012710484383,0.40292906676958046,0.0,0.19706966218198124,0.0,0.0,0.0,0.0,0.0,0.0
Q03673,3,198,M,test,0,0.7972656138240717,0.2027343861759283,0.0,0.0,0.0,0.0,0.0,0.0,0.0,0.0
Q03774,0,444,U,test,0,0.8126095770669691,0.18739042293303096,0.0,0.0,0.0,0.0,0.0,0.0,0.0,0.0
Q03776,0,544,U,test,0,0.8125791985545909,0.0,0.0,0.0,0.0,0.1874208014454091,0.0,0.0,0.0,0.0
Q03833,0,894,U,test,0,0.5970519037207023,0.4029480962792978,0.0,0.0,0.0,0.0,0.0,0.0,0.0,0.0
Q03834,0,1242,U,test,0,0.6155815277575508,0.3844184722424491,0.0,0.0,0.0,0.0,0.0,0.0,0.0,0.0
Q03860,7,143,M,test,7,0.0,0.0,0.0,0.0,0.0,0.15078675487448223,0.0,0.8492132451255178,0.0,0.0
Q03921,7,1698,M,test,1,0.23592443735930124,0.5673467952018753,0.0,0.0,0.0,0.0,0.0,0.19672876743882348,0.0,0.0
Q03937,0,162,U,test,0,0.592053131475439,0.40794686852456097,0.0,0.0,0.0,0.0,0.0,0.0,0.0,0.0
Q04031,0,235,U,test,0,1.0,0.0,0.0,0.0,0.0,0.0,0.0,0.0,0.0,0.0
Q04213,0,475,U,test,0,1.0,0.0,0.0,0.0,0.0,0.0,0.0,0.0,0.0,0.0
Q04217,0,1267,U,test,0,1.0,0.0,0.0,0.0,0.0,0.0,0.0,0.0,0.0,0.0
Q04231,0,177,U,test,1,0.38686594301804234,0.41646126209170786,0.0,0.19667279489024989,0.0,0.0,0.0,0.0,0.0,0.0
Q04235,1,462,S,test,0,0.6067851638473376,0.3932148361526625,0.0,0.0,0.0,0.0,0.0,0.0,0.0,0.0
Q04341,3,121,S,test,3,0.0,0.0,0.18339946769003038,0.8166005323099697,0.0,0.0,0.0,0.0,0.0,0.0
Q04712,0,507,U,test,0,0.6174375793597779,0.38256242064022206,0.0,0.0,0.0,0.0,0.0,0.0,0.0,0.0
Q04806,1,366,S,test,1,0.0,0.5999019965018302,0.0,0.4000980034981698,0.0,0.0,0.0,0.0,0.0,0.0
Q04924,5,702,U,test,5,0.0,0.0,0.38781840568289216,0.0,0.19151709461094513,0.42066449970616265,0.0,0.0,0.0,0.0
Q04949,1,312,S,test,7,0.21320346925495223,0.18201618168649744,0.0,0.19212045228332275,0.0,0.0,0.0,0.4126598967752276,0.0,0.0
Q04952,3,1785,M,test,5,0.0,0.17391329623849763,0.0,0.0,0.2556238153282165,0.38281006921661104,0.0,0.1876528192166749,0.0,0.0
Q04969,5,178,M,test,5,0.18843528673104623,0.20593959889803623,0.0,0.0,0.0,0.6056251143709176,0.0,0.0,0.0,0.0
Q05021,0,590,U,test,0,1.0,0.0,0.0,0.0,0.0,0.0,0.0,0.0,0.0,0.0
Q05031,4,458,M,test,2,0.0,0.0,0.804308575399698,0.0,0.0,0.19569142460030195,0.0,0.0,0.0,0.0
Q05123,0,467,U,test,0,0.6904906379641256,0.16721557427139638,0.0,0.14229378776447807,0.0,0.0,0.0,0.0,0.0,0.0
Q05201,0,766,U,test,0,1.0,0.0,0.0,0.0,0.0,0.0,0.0,0.0,0.0,0.0
Q05394,4,352,M,test,4,0.0,0.0,0.0,0.0,1.0,0.0,0.0,0.0,0.0,0.0
Q05471,0,1514,U,test,0,0.8131412119488164,0.1868587880511837,0.0,0.0,0.0,0.0,0.0,0.0,0.0,0.0
Q05635,0,350,U,test,0,0.5582420639073633,0.19134589215269843,0.0,0.2504120439399384,0.0,0.0,0.0,0.0,0.0,0.0
Q05812,4,728,M,test,1,0.0,0.7990542722088914,0.0,0.0,0.20094572779110859,0.0,0.0,0.0,0.0,0.0
Q05924,1,578,S,test,5,0.0,0.0,0.0,0.0,0.0,0.42892099569198033,0.0,0.3553759049418118,0.21570309936620785,0.0
Q05926,1,109,S,test,1,0.19695899330566224,0.3964564790184009,0.0,0.21899609687022567,0.0,0.1875884308057112,0.0,0.0,0.0,0.0
Q05949,0,395,U,test,0,0.5962074898884239,0.2114201219662569,0.0,0.19237238814531937,0.0,0.0,0.0,0.0,0.0,0.0
Q05JG2,5,471,M,test,5,0.0,0.0,0.0,0.20994923377229918,0.0,0.7900507662277009,0.0,0.0,0.0,0.0
Q06139,3,101,U,test,0,0.8064618416555982,0.19353815834440186,0.0,0.0,0.0,0.0,0.0,0.0,0.0,0.0
Q06188,0,304,U,test,0,0.5960059960521735,0.40399400394782653,0.0,0.0,0.0,0.0,0.0,0.0,0.0,0.0
Q06224,0,779,U,test,0,0.8172126154061756,0.0,0.0,0.0,0.0,0.0,0.18278738459382435,0.0,0.0,0.0
Q06244,3,254,U,test,3,0.39228278340031475,0.2037195282251639,0.0,0.4039976883745215,0.0,0.0,0.0,0.0,0.0,0.0
Q06328,8,317,M,test,4,0.0,0.0,0.0,0.18969401830071142,0.4146472001853637,0.1873282526299521,0.0,0.0,0.20833052888397277,0.0
Q06349,1,442,S,test,0,0.8047706944993829,0.0,0.0,0.19522930550061715,0.0,0.0,0.0,0.0,0.0,0.0
Q06385,7,345,M,test,0,0.3787712376513709,0.3707388171408709,0.0,0.0,0.0,0.0,0.0,0.2504899452077582,0.0,0.0
Q06488,0,889,U,test,0,0.8017374314975712,0.19826256850242885,0.0,0.0,0.0,0.0,0.0,0.0,0.0,0.0
Q06551,5,359,M,test,7,0.0,0.0,0.0,0.0,0.0,0.36871540960670823,0.0,0.37022871474299784,0.2610558756502939,0.0
Q06632,0,1357,U,test,0,1.0,0.0,0.0,0.0,0.0,0.0,0.0,0.0,0.0,0.0
Q06678,3,367,U,test,3,0.0,0.0,0.0,1.0,0.0,0.0,0.0,0.0,0.0,0.0
Q06679,0,776,U,test,0,1.0,0.0,0.0,0.0,0.0,0.0,0.0,0.0,0.0,0.0
Q06685,1,1146,S,test,1,0.39264805746446035,0.6073519425355397,0.0,0.0,0.0,0.0,0.0,0.0,0.0,0.0
Q06688,1,274,S,test,0,0.8205421536343512,0.0,0.0,0.1794578463656488,0.0,0.0,0.0,0.0,0.0,0.0
Q06707,0,132,U,test,1,0.39620622296744207,0.6037937770325579,0.0,0.0,0.0,0.0,0.0,0.0,0.0,0.0
Q06709,1,432,S,test,0,0.5146427728926176,0.4853572271073824,0.0,0.0,0.0,0.0,0.0,0.0,0.0,0.0
Q07084,1,712,S,test,1,0.18236634361453016,0.4308792048369855,0.0,0.0,0.19895335561297264,0.0,0.0,0.0,0.0,0.18780109593551172
Q07230,0,614,U,test,0,1.0,0.0,0.0,0.0,0.0,0.0,0.0,0.0,0.0,0.0
Q07376,8,486,M,test,8,0.0,0.0,0.0,0.0,0.0,0.0,0.0,0.37938631126510997,0.62061368873489,0.0
Q07500,3,545,S,test,3,0.0,0.0,0.0,1.0,0.0,0.0,0.0,0.0,0.0,0.0
Q07508,0,261,U,test,1,0.2137416397212743,0.5924743320501722,0.0,0.19378402822855356,0.0,0.0,0.0,0.0,0.0,0.0
Q07549,8,140,M,test,5,0.0,0.0,0.0,0.0,0.17480244348227889,0.349665344817541,0.0,0.16389678534187652,0.3116354263583036,0.0
Q07844,0,837,U,test,0,0.8296600565963611,0.17033994340363887,0.0,0.0,0.0,0.0,0.0,0.0,0.0,0.0
Q07845,0,632,U,test,0,0.4384827203582855,0.0,0.0,0.3823689658306161,0.0,0.0,0.0,0.0,0.17914831381109836,0.0
Q07913,0,336,U,test,1,0.19792693247794,0.6073541158594788,0.0,0.0,0.0,0.19471895166258116,0.0,0.0,0.0,0.0
Q08179,3,573,M,test,3,0.19080911115391494,0.0,0.0,0.6085590669042252,0.20063182194185988,0.0,0.0,0.0,0.0,0.0
Q08217,1,1101,S,test,1,0.17772024199795822,0.8222797580020418,0.0,0.0,0.0,0.0,0.0,0.0,0.0,0.0
Q08230,3,162,S,test,1,0.18470848960169967,0.4388701450850508,0.0,0.3764213653132495,0.0,0.0,0.0,0.0,0.0,0.0
Q08235,0,291,U,test,0,1.0,0.0,0.0,0.0,0.0,0.0,0.0,0.0,0.0,0.0
Q08278,0,222,U,test,0,0.7903887947153387,0.20961120528466123,0.0,0.0,0.0,0.0,0.0,0.0,0.0,0.0
Q08281,8,1341,M,test,1,0.39561129563317005,0.6043887043668299,0.0,0.0,0.0,0.0,0.0,0.0,0.0,0.0
Q08287,0,484,U,test,0,1.0,0.0,0.0,0.0,0.0,0.0,0.0,0.0,0.0,0.0
Q08288,0,388,U,test,0,1.0,0.0,0.0,0.0,0.0,0.0,0.0,0.0,0.0,0.0
Q08412,1,411,S,test,0,0.8214469574011587,0.17855304259884128,0.0,0.0,0.0,0.0,0.0,0.0,0.0,0.0
Q08465,0,219,U,test,0,1.0,0.0,0.0,0.0,0.0,0.0,0.0,0.0,0.0,0.0
Q08553,0,188,U,test,0,0.4483278040186483,0.18349348816727723,0.0,0.3681787078140745,0.0,0.0,0.0,0.0,0.0,0.0
Q08605,0,581,U,test,0,1.0,0.0,0.0,0.0,0.0,0.0,0.0,0.0,0.0,0.0
Q08742,3,149,U,test,3,0.0,0.0,0.0,1.0,0.0,0.0,0.0,0.0,0.0,0.0
Q08748,1,1289,S,test,1,0.4327076763193603,0.5672923236806398,0.0,0.0,0.0,0.0,0.0,0.0,0.0,0.0
Q08881,1,620,S,test,1,0.18816907344220596,0.8118309265577941,0.0,0.0,0.0,0.0,0.0,0.0,0.0,0.0
Q08909,1,290,S,test,3,0.21143901652191094,0.209658699478423,0.0,0.5789022839996661,0.0,0.0,0.0,0.0,0.0,0.0
Q08925,1,612,S,test,1,0.3999094404973442,0.6000905595026558,0.0,0.0,0.0,0.0,0.0,0.0,0.0,0.0
Q08960,5,810,U,test,0,0.4031235703561651,0.3940203289432144,0.0,0.0,0.0,0.20285610070062057,0.0,0.0,0.0,0.0
Q08968,3,688,U,test,1,0.37728589440522503,0.622714105594775,0.0,0.0,0.0,0.0,0.0,0.0,0.0,0.0
Q09146,0,399,U,test,0,1.0,0.0,0.0,0.0,0.0,0.0,0.0,0.0,0.0,0.0
Q09175,7,709,M,test,2,0.0,0.0,0.4290815151862005,0.0,0.1901991332287436,0.189723285310964,0.0,0.1909960662740919,0.0,0.0
Q09377,0,322,U,test,0,1.0,0.0,0.0,0.0,0.0,0.0,0.0,0.0,0.0,0.0
Q09428,4,1581,M,test,4,0.0,0.0,0.0,0.0,0.6402138892548094,0.0,0.0,0.0,0.3597861107451906,0.0
Q09685,0,411,U,test,0,0.8278682354005571,0.17213176459944293,0.0,0.0,0.0,0.0,0.0,0.0,0.0,0.0
Q09706,1,1369,S,test,1,0.0,0.43741631830128996,0.0,0.0,0.39576117453065296,0.0,0.0,0.16682250716805705,0.0,0.0
Q09712,5,464,M,test,5,0.0,0.0,0.0,0.0,0.0,1.0,0.0,0.0,0.0,0.0
Q09774,3,118,M,test,3,0.0,0.0,0.0,0.804212488566133,0.0,0.19578751143386694,0.0,0.0,0.0,0.0
Q09778,1,899,S,test,1,0.38058060842404723,0.6194193915759527,0.0,0.0,0.0,0.0,0.0,0.0,0.0,0.0
Q09781,1,252,S,test,1,0.37749358392261767,0.6225064160773823,0.0,0.0,0.0,0.0,0.0,0.0,0.0,0.0
Q09800,1,419,S,test,0,0.7926624154520817,0.2073375845479183,0.0,0.0,0.0,0.0,0.0,0.0,0.0,0.0
Q09808,0,152,U,test,0,1.0,0.0,0.0,0.0,0.0,0.0,0.0,0.0,0.0,0.0
Q09842,0,407,U,test,0,1.0,0.0,0.0,0.0,0.0,0.0,0.0,0.0,0.0,0.0
Q09868,1,576,S,test,1,0.0,1.0,0.0,0.0,0.0,0.0,0.0,0.0,0.0,0.0
Q09GJ9,2,239,S,test,2,0.0,0.0,1.0,0.0,0.0,0.0,0.0,0.0,0.0,0.0
Q09LL3,0,331,U,test,6,0.0,0.0,0.0,0.0,0.0,0.0,1.0,0.0,0.0,0.0
Q0DFC9,6,154,M,test,6,0.0,0.0,0.0,0.0,0.0,0.0,1.0,0.0,0.0,0.0
Q0E7J7,0,325,U,test,0,0.5895811669196763,0.19282222100607663,0.0,0.0,0.0,0.0,0.0,0.0,0.21759661207424708,0.0
Q0HA38,1,1315,S,test,1,0.3474513101494702,0.6525486898505298,0.0,0.0,0.0,0.0,0.0,0.0,0.0,0.0
Q0J7U6,0,1133,U,test,1,0.39560952913827846,0.40875891930905883,0.0,0.0,0.0,0.0,0.0,0.0,0.19563155155266274,0.0
Q0KL02,1,3102,S,test,1,0.16198835413187967,0.8380116458681203,0.0,0.0,0.0,0.0,0.0,0.0,0.0,0.0
Q0MW30,1,546,S,test,1,0.3794262329402746,0.44882577917152955,0.0,0.0,0.0,0.0,0.0,0.0,0.0,0.1717479878881959
Q0V8E7,4,668,M,test,4,0.0,0.0,0.0,0.0,0.6013715563110674,0.3986284436889326,0.0,0.0,0.0,0.0
Q0VAK6,1,560,S,test,0,0.5959505822970512,0.40404941770294883,0.0,0.0,0.0,0.0,0.0,0.0,0.0,0.0
Q0VD83,4,1088,M,test,0,0.8135229103174108,0.18647708968258922,0.0,0.0,0.0,0.0,0.0,0.0,0.0,0.0
Q0WMY5,6,952,U,test,6,0.0,0.0,0.0,0.0,0.0,0.0,1.0,0.0,0.0,0.0
Q0WMZ5,6,178,M,test,3,0.0,0.0,0.0,0.7753598003234484,0.0,0.0,0.2246401996765516,0.0,0.0,0.0
Q0WNX9,0,196,S,test,0,1.0,0.0,0.0,0.0,0.0,0.0,0.0,0.0,0.0,0.0
Q0WP36,8,464,M,test,4,0.0,0.0,0.0,0.1994941695506509,0.8005058304493491,0.0,0.0,0.0,0.0,0.0
Q0WQE7,1,617,S,test,1,0.17058262776193214,0.8294173722380679,0.0,0.0,0.0,0.0,0.0,0.0,0.0,0.0
Q0WRY5,4,378,M,test,4,0.0,0.21767987422546337,0.0,0.0,0.7823201257745366,0.0,0.0,0.0,0.0,0.0
Q0WTP1,1,329,S,test,0,0.40703489269883797,0.1906992917670335,0.0,0.0,0.0,0.0,0.0,0.0,0.40226581553412855,0.0
Q0WUA3,6,382,M,test,6,0.0,0.0,0.0,0.18883804643972069,0.0,0.0,0.8111619535602793,0.0,0.0,0.0
Q0WV90,0,1120,U,test,0,0.8071008938505493,0.0,0.0,0.0,0.0,0.0,0.0,0.0,0.1928991061494508,0.0
Q0WX00,0,460,U,test,0,0.7849534787618891,0.21504652123811088,0.0,0.0,0.0,0.0,0.0,0.0,0.0,0.0
Q10109,0,688,M,test,0,0.3902328864310242,0.36863651930765634,0.0,0.0,0.0,0.0,0.2411305942613194,0.0,0.0,0.0
Q10146,0,777,U,test,0,0.744088093052706,0.2559119069472941,0.0,0.0,0.0,0.0,0.0,0.0,0.0,0.0
Q10154,0,240,U,test,0,0.7909592267135304,0.2090407732864697,0.0,0.0,0.0,0.0,0.0,0.0,0.0,0.0
Q10197,1,1105,S,test,1,0.23323946691742908,0.5689580835805341,0.0,0.0,0.0,0.0,0.0,0.1978024495020368,0.0,0.0
Q10215,3,142,U,test,3,0.0,0.0,0.0,1.0,0.0,0.0,0.0,0.0,0.0,0.0
Q10253,1,286,S,test,1,0.0,1.0,0.0,0.0,0.0,0.0,0.0,0.0,0.0,0.0
Q10269,5,537,M,test,5,0.0,0.0,0.0,0.0,0.0,1.0,0.0,0.0,0.0,0.0
Q10297,0,993,U,test,0,0.851576526339565,0.14842347366043496,0.0,0.0,0.0,0.0,0.0,0.0,0.0,0.0
Q10308,3,269,U,test,1,0.18527863761926486,0.6334481732870693,0.0,0.0,0.0,0.0,0.0,0.18127318909366588,0.0,0.0
Q10425,1,725,S,test,0,0.8064771878130577,0.19352281218694237,0.0,0.0,0.0,0.0,0.0,0.0,0.0,0.0
Q10430,0,238,U,test,0,0.8286357613478538,0.17136423865214628,0.0,0.0,0.0,0.0,0.0,0.0,0.0,0.0
Q10451,3,1261,U,test,3,0.0,0.0,0.0,1.0,0.0,0.0,0.0,0.0,0.0,0.0
Q10916,2,564,S,test,2,0.0,0.0,0.7939647538631938,0.0,0.0,0.20603524613680624,0.0,0.0,0.0,0.0
Q10925,1,1237,S,test,1,0.20931170788090947,0.7906882921190905,0.0,0.0,0.0,0.0,0.0,0.0,0.0,0.0
Q10R09,4,310,M,test,0,0.763930031072737,0.0,0.0,0.0,0.236069968927263,0.0,0.0,0.0,0.0,0.0
Q12008,1,311,S,test,0,0.5899120448554892,0.4100879551445108,0.0,0.0,0.0,0.0,0.0,0.0,0.0,0.0
Q12010,8,308,M,test,4,0.0,0.0,0.0,0.0,0.6175017154271772,0.0,0.0,0.0,0.3824982845728227,0.0
Q12032,3,185,U,test,3,0.19455005125888675,0.37559227160690767,0.0,0.42985767713420553,0.0,0.0,0.0,0.0,0.0,0.0
Q12035,0,217,U,test,0,1.0,0.0,0.0,0.0,0.0,0.0,0.0,0.0,0.0,0.0
Q12046,0,339,U,test,0,1.0,0.0,0.0,0.0,0.0,0.0,0.0,0.0,0.0,0.0
Q12050,0,791,U,test,0,1.0,0.0,0.0,0.0,0.0,0.0,0.0,0.0,0.0,0.0
Q12052,0,315,U,test,0,1.0,0.0,0.0,0.0,0.0,0.0,0.0,0.0,0.0,0.0
Q12072,0,812,U,test,0,0.5789080649298388,0.4210919350701612,0.0,0.0,0.0,0.0,0.0,0.0,0.0,0.0
Q12102,0,859,U,test,0,0.6436943878128591,0.0,0.0,0.1806365988597385,0.0,0.0,0.0,0.0,0.17566901332740234,0.0
Q12118,1,346,S,test,3,0.1822333803764121,0.2175288654971,0.0,0.4188890882200803,0.0,0.0,0.0,0.1813486659064077,0.0,0.0
Q12129,1,218,S,test,0,1.0,0.0,0.0,0.0,0.0,0.0,0.0,0.0,0.0,0.0
Q12134,1,243,S,test,3,0.17695755582556058,0.2058080549561856,0.0,0.6172343892182538,0.0,0.0,0.0,0.0,0.0,0.0
Q12146,0,194,U,test,3,0.17762462806496598,0.0,0.0,0.6198684228075055,0.0,0.0,0.0,0.0,0.20250694912752853,0.0
Q12168,1,779,S,test,5,0.0,0.0,0.18517553399354164,0.0,0.0,0.6135024964458362,0.0,0.20132196956062226,0.0,0.0
Q12176,0,1025,U,test,0,1.0,0.0,0.0,0.0,0.0,0.0,0.0,0.0,0.0,0.0
Q12188,0,680,U,test,0,0.8136998857301134,0.0,0.0,0.0,0.0,0.0,0.0,0.0,0.18630011426988666,0.0
Q12204,3,715,U,test,3,0.0,0.3482632043737435,0.0,0.6517367956262566,0.0,0.0,0.0,0.0,0.0,0.0
Q12251,3,326,M,test,3,0.0,0.0,0.0,0.824039909549256,0.0,0.0,0.17596009045074407,0.0,0.0,0.0
Q12270,7,262,M,test,7,0.0,0.0,0.0,0.0,0.0,0.358759153155396,0.0,0.6412408468446039,0.0,0.0
Q12288,1,251,S,test,1,0.0,0.8202135828098491,0.0,0.17978641719015093,0.0,0.0,0.0,0.0,0.0,0.0
Q12346,5,211,M,test,5,0.0,0.0,0.0,0.0,0.0,0.6256659403032256,0.0,0.18989183396777695,0.18444222572899738,0.0
Q12359,4,275,M,test,7,0.0,0.0,0.0,0.0,0.38336395633181475,0.0,0.0,0.4219245246159039,0.19471151905228135,0.0
Q12361,4,961,M,test,8,0.2021951026493463,0.22901457888870935,0.0,0.0,0.0,0.19796913870419933,0.0,0.0,0.3708211797577451,0.0
Q12373,0,385,U,test,0,0.8099587363677043,0.1900412636322957,0.0,0.0,0.0,0.0,0.0,0.0,0.0,0.0
Q12427,1,513,S,test,1,0.4227480380236078,0.5772519619763922,0.0,0.0,0.0,0.0,0.0,0.0,0.0,0.0
Q12429,1,685,S,test,1,0.0,0.7778327063044909,0.0,0.22216729369550917,0.0,0.0,0.0,0.0,0.0,0.0
Q12451,4,1283,M,test,5,0.19098515040143801,0.23249271253668766,0.0,0.0,0.0,0.5765221370618743,0.0,0.0,0.0,0.0
Q12454,1,224,S,test,1,0.39111964540501887,0.6088803545949811,0.0,0.0,0.0,0.0,0.0,0.0,0.0,0.0
Q12462,9,236,M,test,9,0.0,0.0,0.0,0.0,0.0,0.0,0.0,0.0,0.0,1.0
Q12487,3,163,U,test,3,0.18867013591311735,0.20463347031589071,0.0,0.6066963937709919,0.0,0.0,0.0,0.0,0.0,0.0
Q12488,0,208,U,test,0,0.6032850174577653,0.20643910795354126,0.0,0.0,0.0,0.0,0.0,0.0,0.1902758745886935,0.0
Q12497,3,93,U,test,0,0.5982954754219143,0.4017045245780857,0.0,0.0,0.0,0.0,0.0,0.0,0.0,0.0
Q12507,0,346,U,test,1,0.39957808366520225,0.40038201835505494,0.0,0.20003989797974284,0.0,0.0,0.0,0.0,0.0,0.0
Q12515,1,295,S,test,8,0.1759721739275207,0.38444478068776994,0.0,0.0,0.0,0.0,0.0,0.0,0.4395830453847094,0.0
Q12524,9,340,U,test,3,0.0,0.19173341275993633,0.0,0.8082665872400636,0.0,0.0,0.0,0.0,0.0,0.0
Q12532,1,1038,S,test,0,1.0,0.0,0.0,0.0,0.0,0.0,0.0,0.0,0.0,0.0
Q12692,0,134,U,test,0,1.0,0.0,0.0,0.0,0.0,0.0,0.0,0.0,0.0,0.0
Q12697,8,1472,M,test,8,0.0,0.0,0.0,0.0,0.22460086504919455,0.1802737457491143,0.0,0.17877642483836076,0.41634896436333046,0.0
Q12706,1,436,S,test,1,0.0,0.6157972270135764,0.0,0.0,0.3842027729864236,0.0,0.0,0.0,0.0,0.0
Q12769,0,1436,U,test,0,0.6215007080855445,0.3784992919144556,0.0,0.0,0.0,0.0,0.0,0.0,0.0,0.0
Q12800,0,502,U,test,0,0.596411005365358,0.4035889946346421,0.0,0.0,0.0,0.0,0.0,0.0,0.0,0.0
Q12933,1,501,S,test,1,0.37852228664604215,0.6214777133539579,0.0,0.0,0.0,0.0,0.0,0.0,0.0,0.0
Q13136,1,1202,S,test,1,0.19791019906187549,0.8020898009381245,0.0,0.0,0.0,0.0,0.0,0.0,0.0,0.0
Q13148,0,414,U,test,1,0.37581559887562904,0.624184401124371,0.0,0.0,0.0,0.0,0.0,0.0,0.0,0.0
Q13191,1,982,S,test,0,0.7894923885987054,0.2105076114012946,0.0,0.0,0.0,0.0,0.0,0.0,0.0,0.0
Q13255,4,1194,M,test,4,0.0,0.0,0.0,0.0,0.8038545435827323,0.19614545641726766,0.0,0.0,0.0,0.0
Q13324,4,411,M,test,4,0.0,0.0,0.0,0.0,0.7790677792506654,0.22093222074933466,0.0,0.0,0.0,0.0
Q13495,0,774,U,test,0,1.0,0.0,0.0,0.0,0.0,0.0,0.0,0.0,0.0,0.0
Q13536,0,156,U,test,0,0.8069137003731749,0.19308629962682516,0.0,0.0,0.0,0.0,0.0,0.0,0.0,0.0
Q13873,4,1038,M,test,4,0.0,0.18451131641853086,0.0,0.0,0.6156722376314409,0.19981644595002832,0.0,0.0,0.0,0.0
Q14149,0,939,S,test,0,0.5796875579723927,0.4203124420276073,0.0,0.0,0.0,0.0,0.0,0.0,0.0,0.0
Q14197,3,206,U,test,3,0.0,0.0,0.0,1.0,0.0,0.0,0.0,0.0,0.0,0.0
Q14203,1,1278,S,test,1,0.41538074823980425,0.5846192517601958,0.0,0.0,0.0,0.0,0.0,0.0,0.0,0.0
Q14258,1,630,S,test,1,0.17968283165745336,0.8203171683425466,0.0,0.0,0.0,0.0,0.0,0.0,0.0,0.0
Q14318-3,3,253,M,test,0,0.5200270949570697,0.0,0.0,0.4799729050429304,0.0,0.0,0.0,0.0,0.0,0.0
Q14508,2,124,S,test,2,0.0,0.0,0.796080321517851,0.0,0.20391967848214904,0.0,0.0,0.0,0.0,0.0
Q14669,0,1992,S,test,0,0.8151781220353429,0.18482187796465704,0.0,0.0,0.0,0.0,0.0,0.0,0.0,0.0
Q14680,4,651,M,test,1,0.0,0.8214647636705453,0.0,0.0,0.17853523632945467,0.0,0.0,0.0,0.0,0.0
Q14690,0,1871,U,test,0,0.6394090541561286,0.36059094584387136,0.0,0.0,0.0,0.0,0.0,0.0,0.0,0.0
Q14832,4,879,M,test,4,0.0,0.0,0.0,0.0,1.0,0.0,0.0,0.0,0.0,0.0
Q14833,4,912,M,test,4,0.0,0.0,0.0,0.0,1.0,0.0,0.0,0.0,0.0,0.0
Q149M9,1,1564,S,test,1,0.16807433194426985,0.4703362016019192,0.0,0.1678270825070576,0.0,0.19376238394675332,0.0,0.0,0.0,0.0
Q14BA6,1,303,S,test,0,0.604133219332614,0.19138721357720606,0.0,0.20447956709017998,0.0,0.0,0.0,0.0,0.0,0.0
Q14CX7,1,972,S,test,0,0.40540654420335054,0.3953479613858937,0.0,0.0,0.0,0.0,0.0,0.19924549441075579,0.0,0.0
Q15042,1,981,S,test,1,0.37559845947009013,0.4388048566406716,0.1855966838892381,0.0,0.0,0.0,0.0,0.0,0.0,0.0
Q15070,3,435,M,test,3,0.0,0.0,0.0,0.8035292478858994,0.19647075211410064,0.0,0.0,0.0,0.0,0.0
Q15582,2,683,S,test,7,0.0,0.0,0.3890825057458161,0.0,0.20408765102454768,0.0,0.0,0.4068298432296363,0.0,0.0
Q15648,0,1581,U,test,0,0.6033918663383174,0.3966081336616825,0.0,0.0,0.0,0.0,0.0,0.0,0.0,0.0
Q16719,1,465,S,test,5,0.0,0.197017617655297,0.0,0.0,0.0,0.8029823823447031,0.0,0.0,0.0,0.0
Q16740,3,277,S,test,3,0.0,0.0,0.0,0.8326450525733899,0.0,0.0,0.16735494742661003,0.0,0.0,0.0
Q16853,4,763,M,test,2,0.17124824324379018,0.0,0.3840225049500284,0.0,0.0,0.217393565633017,0.0,0.2273356861731645,0.0,0.0
Q16891,3,758,M,test,3,0.0,0.17486134005480367,0.0,0.4404107692860457,0.0,0.0,0.0,0.38472789065915053,0.0,0.0
Q17025,2,258,S,test,2,0.0,0.0,1.0,0.0,0.0,0.0,0.0,0.0,0.0,0.0
Q17353,1,1379,S,test,0,0.6033644565727766,0.1915855169738496,0.0,0.0,0.20505002645337378,0.0,0.0,0.0,0.0,0.0
Q18409,0,179,U,test,0,1.0,0.0,0.0,0.0,0.0,0.0,0.0,0.0,0.0,0.0
Q18685,4,720,M,test,0,0.8110241971865851,0.0,0.0,0.0,0.0,0.18897580281341492,0.0,0.0,0.0,0.0
Q1A3R1,2,62,S,test,2,0.0,0.0,1.0,0.0,0.0,0.0,0.0,0.0,0.0,0.0
Q1ECF5,1,205,S,test,1,0.19655597289067217,0.8034440271093278,0.0,0.0,0.0,0.0,0.0,0.0,0.0,0.0
Q1EHB4,4,618,M,test,4,0.0,0.0,0.0,0.0,1.0,0.0,0.0,0.0,0.0,0.0
Q1EJP5,2,73,S,test,2,0.0,0.0,1.0,0.0,0.0,0.0,0.0,0.0,0.0,0.0
Q1G3I2,0,117,U,test,1,0.19910787009119535,0.5967207746247131,0.0,0.0,0.0,0.20417135528409167,0.0,0.0,0.0,0.0
Q1G7G9,1,1523,S,test,0,0.5346737212192736,0.2976792570444963,0.0,0.0,0.16764702173623014,0.0,0.0,0.0,0.0,0.0
Q1HG44,5,320,M,test,4,0.0,0.0,0.0,0.0,0.6346222726295642,0.18319090135120575,0.0,0.0,0.1821868260192301,0.0
Q1K8F6,3,712,U,test,3,0.0,0.1999820542036686,0.0,0.8000179457963313,0.0,0.0,0.0,0.0,0.0,0.0
Q1MTQ5,5,396,M,test,4,0.23129622819937198,0.0,0.0,0.0,0.5829692096552773,0.0,0.0,0.0,0.1857345621453506,0.0
Q1MX22,2,177,S,test,2,0.0,0.0,1.0,0.0,0.0,0.0,0.0,0.0,0.0,0.0
Q1PFN9,1,564,S,test,0,0.6032619854317984,0.39673801456820157,0.0,0.0,0.0,0.0,0.0,0.0,0.0,0.0
Q1T7F1,1,81,S,test,0,0.8171236107658233,0.0,0.0,0.1828763892341767,0.0,0.0,0.0,0.0,0.0,0.0
Q20374,1,833,S,test,1,0.3614632771806202,0.6385367228193798,0.0,0.0,0.0,0.0,0.0,0.0,0.0,0.0
Q20748,3,595,M,test,0,0.572059554384023,0.42794044561597705,0.0,0.0,0.0,0.0,0.0,0.0,0.0,0.0
Q22866,1,284,S,test,1,0.0,0.5963743340451594,0.0,0.0,0.0,0.0,0.0,0.4036256659548407,0.0,0.0
Q23255,0,728,U,test,0,0.8254501649116065,0.17454983508839356,0.0,0.0,0.0,0.0,0.0,0.0,0.0,0.0
Q23498,2,618,S,test,2,0.0,0.0,0.7876824479685051,0.0,0.0,0.0,0.0,0.0,0.21231755203149494,0.0
Q23917,1,793,S,test,1,0.20545539232130672,0.5963489943500756,0.0,0.0,0.0,0.0,0.0,0.0,0.19819561332861776,0.0
Q24142,0,601,U,test,0,1.0,0.0,0.0,0.0,0.0,0.0,0.0,0.0,0.0,0.0
Q24JJ9,0,361,U,test,0,0.8070966353335627,0.0,0.0,0.0,0.0,0.19290336466643726,0.0,0.0,0.0,0.0
Q27249,1,256,S,test,1,0.1919936302067171,0.6065530959799034,0.0,0.0,0.0,0.0,0.0,0.2014532738133795,0.0,0.0
Q27289,2,259,S,test,2,0.0,0.0,1.0,0.0,0.0,0.0,0.0,0.0,0.0,0.0
Q27511,0,140,U,test,0,1.0,0.0,0.0,0.0,0.0,0.0,0.0,0.0,0.0,0.0
Q27908,2,447,S,test,2,0.0,0.0,0.8746426500352289,0.0,0.0,0.0,0.0,0.0,0.12535734996477105,0.0
Q28298,5,1534,M,test,1,0.3531138227041253,0.44550967873957487,0.0,0.0,0.0,0.0,0.0,0.2013764985562998,0.0,0.0
Q28388,2,180,S,test,2,0.0,0.0,1.0,0.0,0.0,0.0,0.0,0.0,0.0,0.0
Q2HJF1,3,112,U,test,3,0.24536191059023038,0.3615518071923129,0.0,0.3930862822174566,0.0,0.0,0.0,0.0,0.0,0.0
Q2KIX7,2,212,S,test,2,0.0,0.0,1.0,0.0,0.0,0.0,0.0,0.0,0.0,0.0
Q2L4Q9,2,553,S,test,2,0.0,0.0,0.6225348347060556,0.0,0.3774651652939444,0.0,0.0,0.0,0.0,0.0
Q2M2Z5,1,673,S,test,0,0.5781030304227872,0.42189696957721284,0.0,0.0,0.0,0.0,0.0,0.0,0.0,0.0
Q2PFD7,4,1037,M,test,1,0.19749494627966258,0.6098381292714831,0.0,0.0,0.0,0.19266692444885447,0.0,0.0,0.0,0.0
Q2QX40,0,465,U,test,0,1.0,0.0,0.0,0.0,0.0,0.0,0.0,0.0,0.0,0.0
Q2TAA5,5,492,M,test,5,0.0,0.0,0.0,0.3911794592574068,0.0,0.6088205407425932,0.0,0.0,0.0,0.0
Q2TBR2,3,149,U,test,3,0.0,0.39017913211514965,0.0,0.6098208678848503,0.0,0.0,0.0,0.0,0.0,0.0
Q2U1F3,2,377,S,test,2,0.0,0.1970180614921466,0.8029819385078535,0.0,0.0,0.0,0.0,0.0,0.0,0.0
Q2ULM2,2,496,S,test,2,0.0,0.0,0.6206901509276895,0.0,0.0,0.0,0.0,0.0,0.37930984907231047,0.0
Q2VWH6,0,458,U,test,0,1.0,0.0,0.0,0.0,0.0,0.0,0.0,0.0,0.0,0.0
Q2WFL8,5,288,M,test,4,0.17361046133130867,0.0,0.0,0.0,0.5252112576970036,0.30117828097168764,0.0,0.0,0.0,0.0
Q2YDF6,3,325,U,test,3,0.17158481707092932,0.0,0.0,0.8284151829290707,0.0,0.0,0.0,0.0,0.0,0.0
Q32MW3,3,439,U,test,1,0.18162116990472704,0.2449548534645193,0.0,0.19998882143494662,0.18993959592153523,0.1834955592742719,0.0,0.0,0.0,0.0
Q32NK7,0,271,U,test,0,1.0,0.0,0.0,0.0,0.0,0.0,0.0,0.0,0.0,0.0
Q38819,0,450,U,test,0,1.0,0.0,0.0,0.0,0.0,0.0,0.0,0.0,0.0,0.0
Q38898,5,802,M,test,4,0.0,0.0,0.0,0.0,1.0,0.0,0.0,0.0,0.0,0.0
Q38998,4,857,M,test,4,0.0,0.0,0.0,0.0,1.0,0.0,0.0,0.0,0.0,0.0
Q39002,6,624,M,test,6,0.0,0.0,0.0,0.0,0.0,0.0,1.0,0.0,0.0,0.0
Q39044,8,486,U,test,2,0.0,0.19637390694772625,0.40030372411336024,0.0,0.0,0.19678983985760962,0.0,0.206532529081304,0.0,0.0
Q39119,8,494,U,test,5,0.0,0.1998606458950492,0.39728918388672874,0.0,0.0,0.40285017021822206,0.0,0.0,0.0,0.0
Q39238,0,688,U,test,1,0.18736945623193202,0.6189375341015294,0.0,0.0,0.19369300966653857,0.0,0.0,0.0,0.0,0.0
Q39250,1,139,S,test,1,0.20459143131401375,0.7954085686859863,0.0,0.0,0.0,0.0,0.0,0.0,0.0,0.0
Q3C1E9,0,204,U,test,1,0.41072937183890235,0.5892706281610977,0.0,0.0,0.0,0.0,0.0,0.0,0.0,0.0
Q3E705,0,233,U,test,0,0.8068722725418604,0.19312772745813958,0.0,0.0,0.0,0.0,0.0,0.0,0.0,0.0
Q3E754,1,87,S,test,1,0.18746112504041113,0.4006262779258733,0.20469383939020935,0.20721875764350622,0.0,0.0,0.0,0.0,0.0,0.0
Q3E769,1,90,S,test,3,0.39882083306146693,0.0,0.0,0.4110769349059443,0.0,0.0,0.0,0.0,0.19010223203258866,0.0
Q3E785,3,79,S,test,0,0.40682941929709604,0.3924649203270522,0.0,0.20070566037585172,0.0,0.0,0.0,0.0,0.0,0.0
Q3E792,1,108,S,test,0,1.0,0.0,0.0,0.0,0.0,0.0,0.0,0.0,0.0,0.0
Q3E7B6,8,73,M,test,3,0.0,0.0,0.0,0.42119534582057444,0.0,0.38759919002136556,0.0,0.19120546415805992,0.0,0.0
Q3E7X9,1,67,S,test,0,0.6028969989258673,0.2017022182968556,0.0,0.195400782777277,0.0,0.0,0.0,0.0,0.0,0.0
Q3E823,3,68,M,test,2,0.0,0.0,0.79898843333733,0.20101156666266998,0.0,0.0,0.0,0.0,0.0,0.0
Q3EBR6,6,529,U,test,6,0.0,0.0,0.0,0.0,0.0,0.0,1.0,0.0,0.0,0.0
Q3EDG5,7,500,M,test,7,0.0,0.0,0.0,0.0,0.0,0.0,0.0,1.0,0.0,0.0
Q3KQU3,1,841,S,test,0,0.42309853322990526,0.38746486944278785,0.0,0.0,0.0,0.0,0.0,0.18943659732730697,0.0,0.0
Q3KRE0,3,591,M,test,0,0.5755261645095467,0.42447383549045326,0.0,0.0,0.0,0.0,0.0,0.0,0.0,0.0
Q3MIR4,4,351,M,test,4,0.0,0.0,0.0,0.0,0.6246631544177442,0.3753368455822558,0.0,0.0,0.0,0.0
Q3SY69,3,923,U,test,3,0.0,0.1868081051712295,0.0,0.6274616831907254,0.0,0.0,0.0,0.0,0.0,0.18573021163804512
Q3SYS1,3,178,U,test,1,0.0,0.6007649627564056,0.0,0.3992350372435945,0.0,0.0,0.0,0.0,0.0,0.0
Q3SZX9,1,391,S,test,1,0.18847565633622423,0.8115243436637758,0.0,0.0,0.0,0.0,0.0,0.0,0.0,0.0
Q3T0L3,3,172,U,test,3,0.0,0.0,0.0,1.0,0.0,0.0,0.0,0.0,0.0,0.0
Q3TA38,0,339,M,test,5,0.0,0.0,0.0,0.0,0.0,0.819689472062405,0.0,0.18031052793759506,0.0,0.0
Q3TRM4,5,1355,M,test,0,0.39124887899869326,0.3863018954862257,0.0,0.222449225515081,0.0,0.0,0.0,0.0,0.0,0.0
Q3TTA7,1,982,S,test,1,0.39976462734993207,0.600235372650068,0.0,0.0,0.0,0.0,0.0,0.0,0.0,0.0
Q3TYA6,0,858,U,test,0,0.7875077482089409,0.21249225179105913,0.0,0.0,0.0,0.0,0.0,0.0,0.0,0.0
Q3TZW7,1,114,S,test,3,0.19732792331945936,0.19649285823140197,0.0,0.4124956291563288,0.19368358929280996,0.0,0.0,0.0,0.0,0.0
Q3U1F9,4,429,M,test,4,0.18368289488041323,0.0,0.0,0.0,0.8163171051195869,0.0,0.0,0.0,0.0,0.0
Q3UH93,4,1925,M,test,4,0.0,0.0,0.0,0.0,0.8239997617651216,0.1760002382348785,0.0,0.0,0.0,0.0
Q3UMU9,0,669,U,test,0,1.0,0.0,0.0,0.0,0.0,0.0,0.0,0.0,0.0,0.0
Q3UNX5,3,580,S,test,3,0.0,0.0,0.0,0.7925051527427759,0.0,0.10889489832188434,0.09859994893533978,0.0,0.0,0.0
Q3UPP8,1,700,S,test,0,0.634874017943289,0.0,0.0,0.0,0.0,0.0,0.0,0.365125982056711,0.0,0.0
Q3YEE8,2,61,S,test,2,0.0,0.0,1.0,0.0,0.0,0.0,0.0,0.0,0.0,0.0
Q3YEE9,2,62,S,test,2,0.0,0.0,1.0,0.0,0.0,0.0,0.0,0.0,0.0,0.0
Q3YEH7,2,61,S,test,2,0.0,0.0,1.0,0.0,0.0,0.0,0.0,0.0,0.0,0.0
Q3ZBF7,1,160,S,test,1,0.0,1.0,0.0,0.0,0.0,0.0,0.0,0.0,0.0,0.0
Q3ZBI7,3,58,M,test,2,0.0,0.0,0.4037254871772489,0.0,0.19160880382133727,0.18983390826631716,0.2148318007350967,0.0,0.0,0.0
Q3ZCI1,3,114,M,test,5,0.0,0.0,0.0,0.18995078856020464,0.17770203204397164,0.6323471793958236,0.0,0.0,0.0,0.0
Q40161,2,630,S,test,1,0.19464184776511848,0.21110122079783258,0.18885631160291938,0.20245435142199666,0.20294626841213295,0.0,0.0,0.0,0.0,0.0
Q40424,6,503,M,test,6,0.0,0.0,0.0,0.0,0.0,0.0,1.0,0.0,0.0,0.0
Q40983,6,1257,S,test,6,0.0,0.0,0.0,0.0,0.0,0.0,1.0,0.0,0.0,0.0
Q41738,6,354,U,test,6,0.0,0.0,0.0,0.0,0.0,0.0,1.0,0.0,0.0,0.0
Q41739,6,354,U,test,6,0.0,0.0,0.0,0.0,0.0,0.0,1.0,0.0,0.0,0.0
Q42191,3,429,M,test,3,0.0,0.0,0.0,1.0,0.0,0.0,0.0,0.0,0.0,0.0
Q42290,3,531,U,test,3,0.0,0.0,0.0,1.0,0.0,0.0,0.0,0.0,0.0,0.0
Q42342,5,134,M,test,1,0.0,0.4012829758755868,0.0,0.38535594460121736,0.0,0.2133610795231957,0.0,0.0,0.0,0.0
Q42512,6,139,S,test,6,0.0,0.0,0.0,0.4253190415817818,0.0,0.0,0.5746809584182182,0.0,0.0,0.0
Q42599,3,222,U,test,3,0.1956262438564171,0.0,0.0,0.8043737561435829,0.0,0.0,0.0,0.0,0.0,0.0
Q43386,0,204,U,test,0,0.6170730964953017,0.3829269035046982,0.0,0.0,0.0,0.0,0.0,0.0,0.0,0.0
Q43725,3,430,U,test,6,0.0,0.0,0.0,0.0,0.0,0.0,1.0,0.0,0.0,0.0
Q49B93,4,619,M,test,4,0.0,0.0,0.0,0.0,1.0,0.0,0.0,0.0,0.0,0.0
Q4JL84,0,235,U,test,0,1.0,0.0,0.0,0.0,0.0,0.0,0.0,0.0,0.0,0.0
Q4R1C4,2,892,S,test,2,0.0,0.0,1.0,0.0,0.0,0.0,0.0,0.0,0.0,0.0
Q4TTV7,2,274,S,test,2,0.0,0.0,1.0,0.0,0.0,0.0,0.0,0.0,0.0,0.0
Q4W6B5,3,469,M,test,3,0.0,0.0,0.0,1.0,0.0,0.0,0.0,0.0,0.0,0.0
Q4WZ11,2,87,S,test,3,0.19830603303081365,0.19910369563768365,0.0,0.3921823871788211,0.0,0.21040788415268158,0.0,0.0,0.0,0.0
Q4ZJN1,2,333,S,test,2,0.0,0.0,0.6477197221538638,0.0,0.3522802778461363,0.0,0.0,0.0,0.0,0.0
Q500W4,1,213,S,test,1,0.3901643194968815,0.6098356805031185,0.0,0.0,0.0,0.0,0.0,0.0,0.0,0.0
Q501B2,0,409,U,test,0,1.0,0.0,0.0,0.0,0.0,0.0,0.0,0.0,0.0,0.0
Q53EK2,0,232,U,test,0,1.0,0.0,0.0,0.0,0.0,0.0,0.0,0.0,0.0,0.0
Q53HC0,1,331,S,test,0,0.4097866918878551,0.39961672271895876,0.0,0.0,0.0,0.1905965853931862,0.0,0.0,0.0,0.0
Q53R12,4,229,M,test,4,0.0,0.0,0.0,0.0,0.402893462424314,0.19202471018128844,0.0,0.1979159739745124,0.20716585341988517,0.0
Q53R41,3,847,U,test,3,0.18456429102457794,0.19202424016243844,0.0,0.42042194217973267,0.0,0.0,0.0,0.20298952663325098,0.0,0.0
Q53WJ1,0,1238,U,test,0,1.0,0.0,0.0,0.0,0.0,0.0,0.0,0.0,0.0,0.0
Q54ER9,0,602,U,test,0,0.5434710559466145,0.2534365978690082,0.0,0.0,0.20309234618437738,0.0,0.0,0.0,0.0,0.0
Q54J33,8,407,M,test,5,0.0,0.19444471125491725,0.0,0.0,0.0,0.5999192515770181,0.0,0.0,0.20563603716806478,0.0
Q54JH4,8,388,M,test,5,0.0,0.0,0.0,0.0,0.0,0.5963925273286513,0.0,0.20401069689469922,0.19959677577664947,0.0
Q54NL4,5,403,M,test,5,0.0,0.0,0.0,0.1966260645880267,0.0,0.6009023934175535,0.0,0.0,0.2024715419944198,0.0
Q54QR9,1,584,S,test,0,0.40259132598845077,0.21639809300364854,0.0,0.0,0.185956913157696,0.0,0.0,0.0,0.19505366785020467,0.0
Q54RP0,1,648,S,test,1,0.0,0.6378975070322705,0.0,0.19011803666605545,0.0,0.0,0.0,0.0,0.17198445630167408,0.0
Q54RR8,1,254,S,test,0,0.8146649304972501,0.1853350695027499,0.0,0.0,0.0,0.0,0.0,0.0,0.0,0.0
Q553Y0,8,368,M,test,5,0.0,0.0,0.0,0.0,0.1941515399554114,0.4157287841487695,0.0,0.19623138467606432,0.19388829121975487,0.0
Q553Y1,8,369,M,test,5,0.0,0.0,0.0,0.0,0.19592106174327917,0.6048866849317553,0.0,0.1991922533249655,0.0,0.0
Q55D99,1,1197,S,test,1,0.18363845941879706,0.816361540581203,0.0,0.0,0.0,0.0,0.0,0.0,0.0,0.0
Q55P57,2,624,S,test,2,0.0,0.0,1.0,0.0,0.0,0.0,0.0,0.0,0.0,0.0
Q569K4,0,471,U,test,0,1.0,0.0,0.0,0.0,0.0,0.0,0.0,0.0,0.0,0.0
Q569Z6,0,951,S,test,0,1.0,0.0,0.0,0.0,0.0,0.0,0.0,0.0,0.0,0.0
Q56WN1,1,356,S,test,1,0.0,0.6060902996799739,0.0,0.0,0.0,0.0,0.0,0.0,0.0,0.3939097003200261
Q56X52,6,351,M,test,6,0.0,0.0,0.0,0.0,0.0,0.0,1.0,0.0,0.0,0.0
Q582G4,1,390,S,test,0,0.596494201950959,0.40350579804904096,0.0,0.0,0.0,0.0,0.0,0.0,0.0,0.0
Q58A45,1,887,S,test,0,0.408280070712217,0.3902470207886656,0.0,0.0,0.2014729084991175,0.0,0.0,0.0,0.0,0.0
Q58FA4,0,860,U,test,0,0.8354312600389628,0.1645687399610372,0.0,0.0,0.0,0.0,0.0,0.0,0.0,0.0
Q58WW2,0,860,U,test,0,1.0,0.0,0.0,0.0,0.0,0.0,0.0,0.0,0.0,0.0
Q59E36,0,590,U,test,0,0.8037564826837975,0.0,0.0,0.0,0.19624351731620243,0.0,0.0,0.0,0.0,0.0
Q59L72,4,384,M,test,2,0.0,0.0,0.8148942044040782,0.0,0.0,0.18510579559592186,0.0,0.0,0.0,0.0
Q59NP1,4,251,M,test,4,0.0,0.0,0.0,0.0,0.3926702891993334,0.3682295614913857,0.0,0.0,0.23910014930928097,0.0
Q59SF7,2,346,S,test,2,0.0,0.20613104114447345,0.6077919641046626,0.0,0.186076994750864,0.0,0.0,0.0,0.0,0.0
Q59WG7,5,322,M,test,5,0.0,0.0,0.0,0.0,0.0,0.8095852218712384,0.0,0.19041477812876165,0.0,0.0
Q59YT1,4,504,M,test,4,0.0,0.0,0.0,0.0,0.6111133382343288,0.0,0.0,0.0,0.3888866617656712,0.0
Q5A6P6,4,509,M,test,8,0.0,0.0,0.0,0.0,0.4605621548524114,0.0,0.0,0.0,0.5394378451475885,0.0
Q5A960,0,833,U,test,1,0.3866892680445689,0.4238564456313581,0.0,0.0,0.0,0.0,0.0,0.189454286324073,0.0,0.0
Q5A961,1,690,S,test,1,0.0,1.0,0.0,0.0,0.0,0.0,0.0,0.0,0.0,0.0
Q5AB48,2,358,S,test,2,0.0,0.0,1.0,0.0,0.0,0.0,0.0,0.0,0.0,0.0
Q5ABZ2,0,534,U,test,0,1.0,0.0,0.0,0.0,0.0,0.0,0.0,0.0,0.0,0.0
Q5BD29,2,555,S,test,2,0.0,0.0,1.0,0.0,0.0,0.0,0.0,0.0,0.0,0.0
Q5CPU3,1,152,S,test,1,0.0,1.0,0.0,0.0,0.0,0.0,0.0,0.0,0.0,0.0
Q5D869,0,1976,U,test,0,0.7875578213109086,0.0,0.0,0.0,0.2124421786890915,0.0,0.0,0.0,0.0,0.0
Q5DTL9,4,1118,M,test,4,0.0,0.0,0.0,0.0,1.0,0.0,0.0,0.0,0.0,0.0
Q5DW34,0,1296,U,test,0,0.8349943695208004,0.16500563047919964,0.0,0.0,0.0,0.0,0.0,0.0,0.0,0.0
Q5E930,4,385,M,test,4,0.0,0.0,0.0,0.0,1.0,0.0,0.0,0.0,0.0,0.0
Q5EA95,1,429,S,test,0,0.6012410458352307,0.19588318629032545,0.0,0.0,0.20287576787444395,0.0,0.0,0.0,0.0,0.0
Q5EU90,3,539,U,test,6,0.0,0.19428167744343194,0.0,0.20440049838846103,0.0,0.0,0.6013178241681071,0.0,0.0,0.0
Q5EXX3,0,1203,U,test,0,1.0,0.0,0.0,0.0,0.0,0.0,0.0,0.0,0.0,0.0
Q5FW60,2,181,S,test,2,0.0,0.0,0.8297931338786475,0.0,0.0,0.17020686612135252,0.0,0.0,0.0,0.0
Q5FW85,2,670,S,test,4,0.0,0.0,0.21299097846207823,0.0,0.7870090215379217,0.0,0.0,0.0,0.0,0.0
Q5FWF5,0,840,U,test,0,0.815449590995928,0.18455040900407216,0.0,0.0,0.0,0.0,0.0,0.0,0.0,0.0
Q5FWP4,0,625,U,test,0,0.793456604142976,0.0,0.0,0.0,0.20654339585702397,0.0,0.0,0.0,0.0,0.0
Q5FWY4,0,821,U,test,0,1.0,0.0,0.0,0.0,0.0,0.0,0.0,0.0,0.0,0.0
Q5HYJ3,0,339,U,test,0,0.40864018201506275,0.19395955999623746,0.0,0.0,0.0,0.0,0.0,0.39740025798869977,0.0,0.0
Q5HZG4,0,932,U,test,0,1.0,0.0,0.0,0.0,0.0,0.0,0.0,0.0,0.0,0.0
Q5HZV9,0,360,U,test,1,0.39064910620646914,0.6093508937935309,0.0,0.0,0.0,0.0,0.0,0.0,0.0,0.0
Q5JNS0,0,379,U,test,0,1.0,0.0,0.0,0.0,0.0,0.0,0.0,0.0,0.0,0.0
Q5JRA6,5,1907,M,test,0,1.0,0.0,0.0,0.0,0.0,0.0,0.0,0.0,0.0,0.0
Q5JTZ9,3,985,U,test,3,0.38379149152921493,0.18590767975959385,0.0,0.4303008287111912,0.0,0.0,0.0,0.0,0.0,0.0
Q5JVL4,1,640,S,test,0,0.606284743781434,0.393715256218566,0.0,0.0,0.0,0.0,0.0,0.0,0.0,0.0
Q5K4E3,2,855,S,test,2,0.0,0.0,0.5976446425525456,0.0,0.40235535744745443,0.0,0.0,0.0,0.0,0.0
Q5MPP0,5,372,M,test,5,0.0,0.0,0.0,0.0,0.0,1.0,0.0,0.0,0.0,0.0
Q5N712,0,1286,U,test,0,0.8119531938411565,0.1880468061588435,0.0,0.0,0.0,0.0,0.0,0.0,0.0,0.0
Q5NCS9,3,454,M,test,4,0.0,0.0,0.0,0.1817369909165641,0.6696898990737011,0.1485731100097349,0.0,0.0,0.0,0.0
Q5QHG5,2,373,S,test,2,0.0,0.0,1.0,0.0,0.0,0.0,0.0,0.0,0.0,0.0
Q5QHG6,2,495,S,test,2,0.0,0.0,1.0,0.0,0.0,0.0,0.0,0.0,0.0,0.0
Q5QNQ9,2,1845,S,test,4,0.0,0.0,0.35865090710607866,0.0,0.6413490928939214,0.0,0.0,0.0,0.0,0.0
Q5RJM1,5,330,M,test,5,0.0,0.0,0.0,0.0,0.0,1.0,0.0,0.0,0.0,0.0
Q5RLM2,4,535,M,test,4,0.0,0.0,0.0,0.0,0.6403606598344014,0.0,0.0,0.0,0.35963934016559856,0.0
Q5S003,1,2320,S,test,0,0.6189207590386954,0.1916398174982523,0.0,0.0,0.18943942346305248,0.0,0.0,0.0,0.0,0.0
Q5SML5,0,696,U,test,0,0.7980672462997582,0.20193275370024186,0.0,0.0,0.0,0.0,0.0,0.0,0.0,0.0
Q5SNT2-2,0,392,M,test,1,0.19345830128088606,0.21882197792340968,0.19886694115870418,0.19213283471414852,0.19671994492285166,0.0,0.0,0.0,0.0,0.0
Q5SUE7,0,619,U,test,0,0.8157594583606236,0.1842405416393765,0.0,0.0,0.0,0.0,0.0,0.0,0.0,0.0
Q5SWZ9,3,221,M,test,3,0.0,0.0,0.0,0.6062499145585508,0.19519403338673028,0.19855605205471896,0.0,0.0,0.0,0.0
Q5T2S8,1,1044,S,test,1,0.38196456960934716,0.6180354303906529,0.0,0.0,0.0,0.0,0.0,0.0,0.0,0.0
Q5T7N3,1,995,S,test,1,0.0,0.753781192410375,0.0,0.0,0.0,0.24621880758962497,0.0,0.0,0.0,0.0
Q5T8A7,0,1209,U,test,0,0.38414096699416656,0.271433271573231,0.0,0.0,0.3444257614326025,0.0,0.0,0.0,0.0,0.0
Q5T9A4,3,648,M,test,1,0.2158912613406035,0.5931655888882352,0.0,0.19094314977116134,0.0,0.0,0.0,0.0,0.0,0.0
Q5TB30,0,811,U,test,0,0.8035620656096837,0.19643793439031643,0.0,0.0,0.0,0.0,0.0,0.0,0.0,0.0
Q5TCY1,1,1321,S,test,1,0.3397553764440288,0.6602446235559712,0.0,0.0,0.0,0.0,0.0,0.0,0.0,0.0
Q5TEU4,3,345,M,test,3,0.0,0.0,0.0,1.0,0.0,0.0,0.0,0.0,0.0,0.0
Q5TGU0,5,170,M,test,5,0.0,0.0,0.0,0.0,0.3907390780053754,0.6092609219946247,0.0,0.0,0.0,0.0
Q5TGZ0,3,78,M,test,3,0.1990537881867494,0.0,0.0,0.8009462118132505,0.0,0.0,0.0,0.0,0.0,0.0
Q5TZA2,1,2017,S,test,1,0.22247202181722203,0.777527978182778,0.0,0.0,0.0,0.0,0.0,0.0,0.0,0.0
Q5U3Z0,1,290,S,test,1,0.19229520663659952,0.43908500601785144,0.0,0.18621307795055317,0.0,0.0,0.0,0.18240670939499593,0.0,0.0
Q5U4F6,1,535,S,test,0,0.8024884052186025,0.0,0.0,0.19751159478139746,0.0,0.0,0.0,0.0,0.0,0.0
Q5U5X0,3,104,S,test,3,0.2060511344766196,0.0,0.0,0.7939488655233804,0.0,0.0,0.0,0.0,0.0,0.0
Q5VT66,3,337,M,test,3,0.0,0.0,0.0,0.8042588482979397,0.0,0.19574115170206036,0.0,0.0,0.0,0.0
Q5VTD9,0,330,U,test,0,1.0,0.0,0.0,0.0,0.0,0.0,0.0,0.0,0.0,0.0
Q5VWG9,0,929,U,test,0,1.0,0.0,0.0,0.0,0.0,0.0,0.0,0.0,0.0,0.0
Q5VWK5,4,629,M,test,4,0.0,0.0,0.18307314650322573,0.0,0.8169268534967743,0.0,0.0,0.0,0.0,0.0
Q5VYS4,1,303,S,test,1,0.20286264237695964,0.7971373576230404,0.0,0.0,0.0,0.0,0.0,0.0,0.0,0.0
Q5W7F2,7,827,U,test,1,0.0,1.0,0.0,0.0,0.0,0.0,0.0,0.0,0.0,0.0
Q5XEN5,0,204,U,test,0,1.0,0.0,0.0,0.0,0.0,0.0,0.0,0.0,0.0,0.0
Q5XF06,3,469,M,test,3,0.0,0.0,0.0,0.7974588104115284,0.0,0.2025411895884716,0.0,0.0,0.0,0.0
Q5XF36,5,416,M,test,8,0.1962275291446497,0.0,0.0,0.0,0.1971829988233087,0.1930230417200419,0.0,0.0,0.4135664303119997,0.0
Q5XIX0,5,703,M,test,0,1.0,0.0,0.0,0.0,0.0,0.0,0.0,0.0,0.0,0.0
Q5XM24,2,494,S,test,2,0.0,0.0,0.7829126569533926,0.0,0.0,0.2170873430466074,0.0,0.0,0.0,0.0
Q5YGP7,0,568,U,test,0,1.0,0.0,0.0,0.0,0.0,0.0,0.0,0.0,0.0,0.0
Q5ZIH3,7,460,M,test,0,0.4044897252301941,0.0,0.0,0.0,0.1953047435774006,0.0,0.0,0.19574212219400647,0.2044634089983989,0.0
Q5ZLF4,7,770,M,test,8,0.0,0.0,0.0,0.0,0.18779460853750643,0.20038986646427695,0.0,0.0,0.6118155249982167,0.0
Q60547,0,234,U,test,1,0.19439338656206737,0.8056066134379327,0.0,0.0,0.0,0.0,0.0,0.0,0.0,0.0
Q60848,0,821,U,test,0,1.0,0.0,0.0,0.0,0.0,0.0,0.0,0.0,0.0,0.0
Q60954,0,390,U,test,0,1.0,0.0,0.0,0.0,0.0,0.0,0.0,0.0,0.0,0.0
Q61043,1,2035,S,test,1,0.0,1.0,0.0,0.0,0.0,0.0,0.0,0.0,0.0,0.0
Q61048,0,376,U,test,0,0.8186415659625003,0.18135843403749977,0.0,0.0,0.0,0.0,0.0,0.0,0.0,0.0
Q61074,0,542,M,test,0,0.7971950833617358,0.2028049166382641,0.0,0.0,0.0,0.0,0.0,0.0,0.0,0.0
Q61112,7,361,S,test,2,0.0,0.0,0.6072798147065261,0.0,0.0,0.3927201852934738,0.0,0.0,0.0,0.0
Q61477,2,178,S,test,2,0.0,0.0,1.0,0.0,0.0,0.0,0.0,0.0,0.0,0.0
Q61595,5,1327,M,test,0,0.5972205651668645,0.0,0.0,0.0,0.0,0.0,0.0,0.4027794348331356,0.0,0.0
Q61606,4,485,M,test,4,0.0,0.0,0.0,0.0,1.0,0.0,0.0,0.0,0.0,0.0
Q62018,0,1173,U,test,0,1.0,0.0,0.0,0.0,0.0,0.0,0.0,0.0,0.0,0.0
Q62233,0,333,U,test,0,0.47202890180477464,0.34733711885217294,0.0,0.0,0.0,0.1806339793430525,0.0,0.0,0.0,0.0
Q62315,0,1234,U,test,0,0.7955934837115798,0.20440651628842024,0.0,0.0,0.0,0.0,0.0,0.0,0.0,0.0
Q62414,0,383,U,test,0,1.0,0.0,0.0,0.0,0.0,0.0,0.0,0.0,0.0,0.0
Q62504,0,3644,U,test,0,1.0,0.0,0.0,0.0,0.0,0.0,0.0,0.0,0.0,0.0
Q63089,4,556,M,test,8,0.0,0.0,0.0,0.0,0.44716702015904003,0.0,0.0,0.0,0.5528329798409599,0.0
Q63262,0,497,U,test,0,1.0,0.0,0.0,0.0,0.0,0.0,0.0,0.0,0.0,0.0
Q63520,0,257,U,test,0,0.4034138107864266,0.39372780827792614,0.0,0.0,0.0,0.0,0.0,0.2028583809356474,0.0,0.0
Q63707,3,395,M,test,1,0.21509631853862526,0.40219590454898846,0.0,0.38270777691238633,0.0,0.0,0.0,0.0,0.0,0.0
Q640Q5,1,837,S,test,0,0.4003081876598331,0.39373509802831935,0.0,0.0,0.20595671431184734,0.0,0.0,0.0,0.0,0.0
Q642G2,2,206,S,test,2,0.0,0.0,1.0,0.0,0.0,0.0,0.0,0.0,0.0,0.0
Q64368,1,298,S,test,0,0.7706352922196875,0.22936470778031248,0.0,0.0,0.0,0.0,0.0,0.0,0.0,0.0
Q65YR7,1,95,S,test,2,0.0,0.194948805730593,0.8050511942694071,0.0,0.0,0.0,0.0,0.0,0.0,0.0
Q65YR8,1,94,S,test,2,0.0,0.0,1.0,0.0,0.0,0.0,0.0,0.0,0.0,0.0
Q66K79,2,652,S,test,2,0.0,0.0,0.6038922919822765,0.0,0.0,0.39610770801772355,0.0,0.0,0.0,0.0
Q66S17,2,364,S,test,2,0.0,0.0,1.0,0.0,0.0,0.0,0.0,0.0,0.0,0.0
Q66S21,2,376,S,test,2,0.0,0.0,1.0,0.0,0.0,0.0,0.0,0.0,0.0,0.0
Q66S25,2,355,S,test,2,0.0,0.0,0.8134159254142052,0.0,0.1865840745857949,0.0,0.0,0.0,0.0,0.0
Q67FY2,0,1494,U,test,0,1.0,0.0,0.0,0.0,0.0,0.0,0.0,0.0,0.0,0.0
Q67Y93,0,191,S,test,0,1.0,0.0,0.0,0.0,0.0,0.0,0.0,0.0,0.0,0.0
Q67ZM4,1,137,S,test,1,0.38781525716766446,0.6121847428323356,0.0,0.0,0.0,0.0,0.0,0.0,0.0,0.0
Q680Q4,0,884,U,test,0,0.8035407313733799,0.19645926862662014,0.0,0.0,0.0,0.0,0.0,0.0,0.0,0.0
Q681K7,4,593,M,test,0,0.38841085830852223,0.0,0.0,0.2429352619759921,0.0,0.18225217303962993,0.0,0.0,0.18640170667585576,0.0
Q681Y3,6,432,U,test,6,0.0,0.20217552797504149,0.0,0.0,0.0,0.0,0.7978244720249585,0.0,0.0,0.0
Q684R7,2,2191,S,test,2,0.0,0.0,0.8071446282183717,0.0,0.19285537178162812,0.0,0.0,0.0,0.0,0.0
Q68CQ4,0,756,U,test,0,1.0,0.0,0.0,0.0,0.0,0.0,0.0,0.0,0.0,0.0
Q68CZ6,1,603,S,test,1,0.44250387099800526,0.5574961290019947,0.0,0.0,0.0,0.0,0.0,0.0,0.0,0.0
Q68E01,0,1043,U,test,0,0.826427364942708,0.173572635057292,0.0,0.0,0.0,0.0,0.0,0.0,0.0,0.0
Q68KK0,2,346,S,test,2,0.0,0.0,1.0,0.0,0.0,0.0,0.0,0.0,0.0,0.0
Q69IL4,0,380,U,test,0,1.0,0.0,0.0,0.0,0.0,0.0,0.0,0.0,0.0,0.0
Q69YI7,0,327,U,test,0,1.0,0.0,0.0,0.0,0.0,0.0,0.0,0.0,0.0,0.0
Q69YN4,0,1812,S,test,0,0.7950963519880908,0.2049036480119093,0.0,0.0,0.0,0.0,0.0,0.0,0.0,0.0
Q6AT90,0,505,U,test,0,1.0,0.0,0.0,0.0,0.0,0.0,0.0,0.0,0.0,0.0
Q6AX31,0,660,M,test,0,0.6163299914979631,0.17498579808048495,0.0,0.20868421042155202,0.0,0.0,0.0,0.0,0.0,0.0
Q6B4T4,2,105,S,test,2,0.0,0.0,1.0,0.0,0.0,0.0,0.0,0.0,0.0,0.0
Q6C7L6,3,237,U,test,3,0.16423817828452358,0.0,0.0,0.8357618217154764,0.0,0.0,0.0,0.0,0.0,0.0
Q6DJT9,0,500,U,test,0,1.0,0.0,0.0,0.0,0.0,0.0,0.0,0.0,0.0,0.0
Q6DRC5,0,1014,U,test,0,1.0,0.0,0.0,0.0,0.0,0.0,0.0,0.0,0.0,0.0
Q6DT37,1,1551,S,test,0,0.6027019801479159,0.3972980198520841,0.0,0.0,0.0,0.0,0.0,0.0,0.0,0.0
Q6E434,0,485,U,test,0,1.0,0.0,0.0,0.0,0.0,0.0,0.0,0.0,0.0,0.0
Q6EVK6,0,2193,U,test,1,0.3844420985485485,0.6155579014514515,0.0,0.0,0.0,0.0,0.0,0.0,0.0,0.0
Q6IWZ0,2,535,S,test,2,0.0,0.0,0.8250669506050483,0.0,0.17493304939495166,0.0,0.0,0.0,0.0,0.0
Q6J1Y9,5,1357,M,test,0,0.3818075633709302,0.24840393334330327,0.0,0.0,0.36978850328576646,0.0,0.0,0.0,0.0,0.0
Q6J5K9,1,1188,S,test,1,0.2333744454320118,0.7666255545679882,0.0,0.0,0.0,0.0,0.0,0.0,0.0,0.0
Q6J9Q2,0,348,U,test,0,1.0,0.0,0.0,0.0,0.0,0.0,0.0,0.0,0.0,0.0
Q6K1L7,0,188,U,test,0,0.6018850228859716,0.3981149771140285,0.0,0.0,0.0,0.0,0.0,0.0,0.0,0.0
Q6K8X6,0,688,U,test,0,0.8107198188551492,0.18928018114485085,0.0,0.0,0.0,0.0,0.0,0.0,0.0,0.0
Q6KCM7,3,469,M,test,3,0.0,0.0,0.0,0.800864836318098,0.0,0.0,0.19913516368190198,0.0,0.0,0.0
Q6L6S1,2,517,S,test,2,0.0,0.0,0.7874689150320384,0.0,0.0,0.21253108496796158,0.0,0.0,0.0,0.0
Q6L9W6,7,998,M,test,5,0.0,0.0,0.0,0.0,0.0,0.6184599834116995,0.0,0.38154001658830056,0.0,0.0
Q6NLW5,0,300,U,test,0,0.5931094237951634,0.1932407427521517,0.0,0.21364983345268493,0.0,0.0,0.0,0.0,0.0,0.0
Q6NNI3,0,190,U,test,0,1.0,0.0,0.0,0.0,0.0,0.0,0.0,0.0,0.0,0.0
Q6NPM8,6,346,U,test,6,0.0,0.0,0.0,0.0,0.0,0.0,1.0,0.0,0.0,0.0
Q6NPP4,0,1050,U,test,0,0.6442361666913308,0.3557638333086693,0.0,0.0,0.0,0.0,0.0,0.0,0.0,0.0
Q6NQ88,0,557,U,test,0,1.0,0.0,0.0,0.0,0.0,0.0,0.0,0.0,0.0,0.0
Q6NQ99,1,344,S,test,1,0.0,0.8064232478155673,0.0,0.0,0.0,0.0,0.0,0.0,0.0,0.1935767521844328
Q6NSW7,0,305,U,test,0,1.0,0.0,0.0,0.0,0.0,0.0,0.0,0.0,0.0,0.0
Q6NUK1,3,477,M,test,3,0.0,0.0,0.0,0.7756658168006876,0.0,0.0,0.0,0.0,0.0,0.2243341831993124
Q6NVG5,4,214,M,test,0,0.6013213343476175,0.3986786656523826,0.0,0.0,0.0,0.0,0.0,0.0,0.0,0.0
Q6NWY9,0,871,U,test,0,1.0,0.0,0.0,0.0,0.0,0.0,0.0,0.0,0.0,0.0
Q6P050,1,247,S,test,0,0.44853936136157824,0.3761258735649338,0.0,0.0,0.17533476507348797,0.0,0.0,0.0,0.0,0.0
Q6PAL8,7,1287,M,test,1,0.0,1.0,0.0,0.0,0.0,0.0,0.0,0.0,0.0,0.0
Q6PEH4,0,753,U,test,0,1.0,0.0,0.0,0.0,0.0,0.0,0.0,0.0,0.0,0.0
Q6PGG6,0,577,U,test,0,1.0,0.0,0.0,0.0,0.0,0.0,0.0,0.0,0.0,0.0
Q6PHR2,1,472,S,test,0,0.8121588813616389,0.18784111863836112,0.0,0.0,0.0,0.0,0.0,0.0,0.0,0.0
Q6PIW4,0,674,U,test,0,1.0,0.0,0.0,0.0,0.0,0.0,0.0,0.0,0.0,0.0
Q6PIZ9,4,186,M,test,4,0.15697307178964265,0.0,0.0,0.0,0.6733016341369265,0.0,0.0,0.0,0.16972529407343098,0.0
Q6PQK2,2,205,S,test,2,0.0,0.0,1.0,0.0,0.0,0.0,0.0,0.0,0.0,0.0
Q6Q4D0,0,1311,S,test,1,0.19268211127743223,0.8073178887225678,0.0,0.0,0.0,0.0,0.0,0.0,0.0,0.0
Q6QZN6,1,821,S,test,0,0.8027643719690986,0.1972356280309014,0.0,0.0,0.0,0.0,0.0,0.0,0.0,0.0
Q6R567,5,252,M,test,0,1.0,0.0,0.0,0.0,0.0,0.0,0.0,0.0,0.0,0.0
Q6RI88,4,1112,M,test,4,0.0,0.0,0.0,0.0,1.0,0.0,0.0,0.0,0.0,0.0
Q6S4P4,0,329,U,test,0,1.0,0.0,0.0,0.0,0.0,0.0,0.0,0.0,0.0,0.0
Q6SJQ0,4,318,M,test,4,0.0,0.0,0.0,0.0,1.0,0.0,0.0,0.0,0.0,0.0
Q6STE5,0,483,U,test,0,0.40235199375799674,0.3961511787537873,0.0,0.0,0.20149682748821604,0.0,0.0,0.0,0.0,0.0
Q6T264,0,1020,U,test,0,1.0,0.0,0.0,0.0,0.0,0.0,0.0,0.0,0.0,0.0
Q6T6C1,2,107,S,test,1,0.0,0.39184100037986136,0.0,0.1947086993943853,0.2107306128749958,0.2027196873507575,0.0,0.0,0.0,0.0
Q6U6J0,5,461,M,test,3,0.0,0.19350903209211423,0.20169809355608423,0.39899455957481017,0.0,0.20579831477699145,0.0,0.0,0.0,0.0
Q6UN27,3,169,M,test,5,0.0,0.0,0.0,0.0,0.0,1.0,0.0,0.0,0.0,0.0
Q6UPR8,5,898,M,test,7,0.0,0.0,0.0,0.20489039214949364,0.0,0.36716229242685117,0.0,0.4279473154236552,0.0,0.0
Q6UVM4,4,1142,M,test,4,0.0,0.0,0.0,0.0,0.8073028957915959,0.19269710420840422,0.0,0.0,0.0,0.0
Q6UW78,3,93,M,test,3,0.17993504989668987,0.1937940616939882,0.0,0.626270888409322,0.0,0.0,0.0,0.0,0.0,0.0
Q6UWY5,2,402,S,test,4,0.0,0.0,0.3812610449754979,0.0,0.6187389550245022,0.0,0.0,0.0,0.0,0.0
Q6UXZ4,4,953,M,test,2,0.19999755246182985,0.0,0.41356094893230017,0.0,0.3864414986058701,0.0,0.0,0.0,0.0,0.0
Q6V9X0,2,132,S,test,2,0.0,0.0,1.0,0.0,0.0,0.0,0.0,0.0,0.0,0.0
Q6X4U4,2,206,S,test,2,0.0,0.0,1.0,0.0,0.0,0.0,0.0,0.0,0.0,0.0
Q6XE24,1,437,S,test,1,0.3880996512407229,0.6119003487592771,0.0,0.0,0.0,0.0,0.0,0.0,0.0,0.0
Q6ZP29,8,291,M,test,3,0.0,0.0,0.0,0.41228689686683456,0.39273951113853023,0.0,0.0,0.0,0.19497359199463526,0.0
Q6ZPV2,0,1559,U,test,0,0.8064547108186721,0.19354528918132782,0.0,0.0,0.0,0.0,0.0,0.0,0.0,0.0
Q6ZWS8,0,374,U,test,0,0.39698082100358223,0.38592230712577413,0.0,0.0,0.0,0.2170968718706436,0.0,0.0,0.0,0.0
Q704V3,0,163,U,test,0,1.0,0.0,0.0,0.0,0.0,0.0,0.0,0.0,0.0,0.0
Q70VB1,4,928,M,test,4,0.0,0.0,0.0,0.0,1.0,0.0,0.0,0.0,0.0,0.0
Q715S9,1,587,S,test,1,0.40342988834954285,0.5965701116504571,0.0,0.0,0.0,0.0,0.0,0.0,0.0,0.0
Q715T0,1,586,S,test,0,0.40383884563381983,0.40201592000214215,0.0,0.0,0.19414523436403805,0.0,0.0,0.0,0.0,0.0
Q71PD7,0,128,U,test,0,1.0,0.0,0.0,0.0,0.0,0.0,0.0,0.0,0.0,0.0
Q75J96,1,1055,S,test,1,0.0,0.805034194000666,0.0,0.0,0.0,0.0,0.0,0.19496580599933386,0.0,0.0
Q769J6,2,1426,S,test,4,0.0,0.0,0.4222260093820649,0.0,0.5777739906179352,0.0,0.0,0.0,0.0,0.0
Q76CY5,1,286,S,test,0,0.7721273132454791,0.227872686754521,0.0,0.0,0.0,0.0,0.0,0.0,0.0,0.0
Q76DI2,2,481,S,test,2,0.0,0.0,1.0,0.0,0.0,0.0,0.0,0.0,0.0,0.0
Q76EJ3,7,337,M,test,7,0.0,0.0,0.0,0.0,0.0,0.3925692024928426,0.0,0.6074307975071574,0.0,0.0
Q76LX8,2,1427,S,test,4,0.0,0.0,0.0,0.0,0.7938815886371091,0.0,0.0,0.0,0.20611841136289083,0.0
Q76MX4,0,189,U,test,0,0.6292446478229824,0.3707553521770176,0.0,0.0,0.0,0.0,0.0,0.0,0.0,0.0
Q76PC7,3,233,U,test,3,0.38814107020830957,0.0,0.0,0.6118589297916904,0.0,0.0,0.0,0.0,0.0,0.0
Q7K1V5,5,197,M,test,5,0.0,0.0,0.0,0.0,0.19687323615581864,0.40758360359723866,0.0,0.19746735530998608,0.19807580493695667,0.0
Q7K556,1,475,S,test,1,0.39551998550077316,0.6044800144992268,0.0,0.0,0.0,0.0,0.0,0.0,0.0,0.0
Q7KRI2,0,127,U,test,0,0.5963630152660148,0.4036369847339853,0.0,0.0,0.0,0.0,0.0,0.0,0.0,0.0
Q7KRW1,5,809,M,test,5,0.0,0.19457042711057654,0.0,0.19689696359587028,0.19020065897827027,0.418331950315283,0.0,0.0,0.0,0.0
Q7KTX8,0,2618,U,test,0,0.8126734363314205,0.0,0.0,0.0,0.0,0.18732656366857942,0.0,0.0,0.0,0.0
Q7L0Y3,3,403,S,test,0,0.7969999080700972,0.0,0.0,0.2030000919299028,0.0,0.0,0.0,0.0,0.0,0.0
Q7L266,1,308,S,test,1,0.0,0.6977222819062032,0.0,0.3022777180937967,0.0,0.0,0.0,0.0,0.0,0.0
Q7L513,1,359,S,test,4,0.0,0.0,0.1816098949260455,0.0,0.8183901050739545,0.0,0.0,0.0,0.0,0.0
Q7L5A8,5,372,M,test,5,0.0,0.0,0.1802121656694675,0.0,0.17732943455236577,0.6424583997781668,0.0,0.0,0.0,0.0
Q7M6Y5,1,601,S,test,1,0.21605643937276336,0.7839435606272366,0.0,0.0,0.0,0.0,0.0,0.0,0.0,0.0
Q7PLI2,0,2077,U,test,0,1.0,0.0,0.0,0.0,0.0,0.0,0.0,0.0,0.0,0.0
Q7RTR2,1,1065,S,test,1,0.0,0.5912846191613635,0.0,0.4087153808386364,0.0,0.0,0.0,0.0,0.0,0.0
Q7SIB8,6,102,M,test,6,0.0,0.0,0.0,0.0,0.0,0.13418190004010444,0.8658180999598956,0.0,0.0,0.0
Q7T0L4,0,329,U,test,0,0.8008377505800203,0.0,0.0,0.19916224941997973,0.0,0.0,0.0,0.0,0.0,0.0
Q7T0P4,1,441,S,test,1,0.14876586719656967,0.6853187011986206,0.0,0.0,0.16591543160480973,0.0,0.0,0.0,0.0,0.0
Q7T3L1,2,294,S,test,2,0.0,0.0,1.0,0.0,0.0,0.0,0.0,0.0,0.0,0.0
Q7TMA4,4,361,M,test,4,0.0,0.0,0.0,0.0,1.0,0.0,0.0,0.0,0.0,0.0
Q7TN78,3,580,S,test,3,0.0,0.0,0.0,0.9204213314977857,0.0,0.0,0.0,0.0,0.0,0.07957866850221437
Q7TSP2,1,1385,S,test,1,0.16466511932666553,0.8353348806733345,0.0,0.0,0.0,0.0,0.0,0.0,0.0,0.0
Q7X8R0,0,464,U,test,0,1.0,0.0,0.0,0.0,0.0,0.0,0.0,0.0,0.0,0.0
Q7XA78,6,264,U,test,6,0.0,0.0,0.0,0.0,0.0,0.18949438971722204,0.6131325348247048,0.0,0.0,0.19737307545807325
Q7Y1W1,6,527,M,test,3,0.21565760431778944,0.0,0.0,0.5751137124998494,0.0,0.0,0.20922868318236112,0.0,0.0,0.0
Q7YR83,2,223,S,test,2,0.0,0.0,1.0,0.0,0.0,0.0,0.0,0.0,0.0,0.0
Q7YRU6,4,1106,M,test,4,0.19275442234700882,0.0,0.0,0.1955308031362958,0.6117147745166953,0.0,0.0,0.0,0.0,0.0
Q7Z2G1,0,175,M,test,0,0.8345684853418931,0.16543151465810685,0.0,0.0,0.0,0.0,0.0,0.0,0.0,0.0
Q7Z410,4,1059,M,test,4,0.0,0.0,0.3942180354217886,0.0,0.4185808036244517,0.0,0.0,0.18720116095375963,0.0,0.0
Q7Z443,4,1732,M,test,4,0.0,0.0,0.0,0.0,0.7355593027726979,0.1347471466943033,0.0,0.12969355053299894,0.0,0.0
Q7Z589,0,1322,U,test,0,0.6205604790733116,0.37943952092668837,0.0,0.0,0.0,0.0,0.0,0.0,0.0,0.0
Q7Z7A1,1,2325,S,test,1,0.18382678781185027,0.8161732121881498,0.0,0.0,0.0,0.0,0.0,0.0,0.0,0.0
Q7Z7J5,0,298,U,test,0,1.0,0.0,0.0,0.0,0.0,0.0,0.0,0.0,0.0,0.0
Q7Z7L1,0,901,U,test,1,0.20016573356166692,0.7998342664383331,0.0,0.0,0.0,0.0,0.0,0.0,0.0,0.0
Q7ZVT3,1,627,S,test,1,0.39562045641442933,0.6043795435855707,0.0,0.0,0.0,0.0,0.0,0.0,0.0,0.0
Q7ZZH7,0,661,U,test,0,0.7607980665880589,0.23920193341194104,0.0,0.0,0.0,0.0,0.0,0.0,0.0,0.0
Q804Q5,0,430,U,test,0,1.0,0.0,0.0,0.0,0.0,0.0,0.0,0.0,0.0,0.0
Q80TD3,1,1108,S,test,0,0.5839097805501373,0.41609021944986263,0.0,0.0,0.0,0.0,0.0,0.0,0.0,0.0
Q80TT8,1,1865,S,test,1,0.0,0.8111541730754279,0.0,0.0,0.0,0.18884582692457205,0.0,0.0,0.0,0.0
Q80US8,0,206,U,test,1,0.3997904168174728,0.6002095831825272,0.0,0.0,0.0,0.0,0.0,0.0,0.0,0.0
Q80WM7,2,277,S,test,2,0.0,0.0,0.5552659293447185,0.0,0.4447340706552814,0.0,0.0,0.0,0.0,0.0
Q80WW9,5,315,U,test,0,0.5815575983887787,0.24042749263422236,0.0,0.0,0.0,0.0,0.0,0.1780149089769989,0.0,0.0
Q80Z64,0,305,U,test,0,0.8071712925823463,0.0,0.0,0.0,0.0,0.0,0.0,0.0,0.0,0.19282870741765373
Q80Z96,4,526,M,test,1,0.0,0.5983244027146875,0.0,0.0,0.0,0.0,0.0,0.0,0.4016755972853125,0.0
Q80ZA5,4,1117,M,test,4,0.0,0.0,0.0,0.0,1.0,0.0,0.0,0.0,0.0,0.0
Q810U5,1,305,S,test,7,0.39074579309963303,0.0,0.0,0.0,0.0,0.0,0.0,0.6092542069003669,0.0,0.0
Q84JH7,6,225,U,test,6,0.0,0.0,0.0,0.0,0.0,0.0,1.0,0.0,0.0,0.0
Q84K00,0,567,M,test,0,1.0,0.0,0.0,0.0,0.0,0.0,0.0,0.0,0.0,0.0
Q84L08,7,341,M,test,7,0.0,0.0,0.0,0.0,0.0,0.4256791932981404,0.0,0.5743208067018596,0.0,0.0
Q84LG2,0,389,U,test,0,1.0,0.0,0.0,0.0,0.0,0.0,0.0,0.0,0.0,0.0
Q84LH8,0,444,U,test,0,1.0,0.0,0.0,0.0,0.0,0.0,0.0,0.0,0.0,0.0
Q84LM2,8,497,U,test,2,0.0,0.0,0.20399291549493112,0.19562837960316287,0.0,0.20383647094158944,0.0,0.1956705850583406,0.20087164890197595,0.0
Q84M97,4,742,M,test,4,0.0,0.0,0.0,0.0,0.6138544649271417,0.3861455350728583,0.0,0.0,0.0,0.0
Q84MM9,0,441,U,test,0,0.6006274954685288,0.21226057362094425,0.0,0.0,0.0,0.0,0.1871119309105269,0.0,0.0,0.0
Q84N48,6,611,S,test,0,0.5939684439721394,0.19740512690138634,0.0,0.0,0.20862642912647417,0.0,0.0,0.0,0.0,0.0
Q84N49,6,674,S,test,0,0.5692551951818565,0.0,0.0,0.0,0.0,0.0,0.43074480481814353,0.0,0.0,0.0
Q84P17,9,727,U,test,3,0.0,0.1989943317428063,0.0,0.40403393966883483,0.0,0.1983351419867726,0.19863658660158626,0.0,0.0,0.0
Q84TH4,0,382,U,test,0,1.0,0.0,0.0,0.0,0.0,0.0,0.0,0.0,0.0,0.0
Q84VQ4,6,218,M,test,6,0.0,0.0,0.0,0.0,0.0,0.0,1.0,0.0,0.0,0.0
Q84WL6,1,338,S,test,0,0.8070309097958485,0.19296909020415154,0.0,0.0,0.0,0.0,0.0,0.0,0.0,0.0
Q84ZT9,1,202,S,test,0,0.5686132603496865,0.4313867396503135,0.0,0.0,0.0,0.0,0.0,0.0,0.0,0.0
Q868T3,4,495,M,test,4,0.0,0.0,0.0,0.0,1.0,0.0,0.0,0.0,0.0,0.0
Q86B79,1,599,S,test,0,0.6005693732092093,0.3994306267907906,0.0,0.0,0.0,0.0,0.0,0.0,0.0,0.0
Q86DA5,1,1000,S,test,1,0.19640956460546474,0.387536752980743,0.0,0.22699371118958234,0.0,0.0,0.0,0.0,0.18905997122420995,0.0
Q86IV5,2,258,S,test,2,0.0,0.21663685176821765,0.39222622145378666,0.19062708840932277,0.20050983836867292,0.0,0.0,0.0,0.0,0.0
Q86JM7,8,378,M,test,8,0.0,0.0,0.1951270133451136,0.0,0.2002738306247638,0.20427096508968257,0.0,0.0,0.4003281909404401,0.0
Q86LE4,2,74,S,test,2,0.0,0.0,1.0,0.0,0.0,0.0,0.0,0.0,0.0,0.0
Q86LE5,2,110,S,test,2,0.0,0.21629067722016773,0.7837093227798323,0.0,0.0,0.0,0.0,0.0,0.0,0.0
Q86QI5,2,74,S,test,2,0.0,0.0,1.0,0.0,0.0,0.0,0.0,0.0,0.0,0.0
Q86QW7,1,781,S,test,1,0.470770383527834,0.529229616472166,0.0,0.0,0.0,0.0,0.0,0.0,0.0,0.0
Q86T26,4,416,M,test,2,0.0,0.0,0.7876355440926488,0.0,0.2123644559073512,0.0,0.0,0.0,0.0,0.0
Q86UN3,4,420,M,test,4,0.0,0.0,0.4079154427155198,0.0,0.5920845572844802,0.0,0.0,0.0,0.0,0.0
Q86UU0,0,1499,U,test,0,1.0,0.0,0.0,0.0,0.0,0.0,0.0,0.0,0.0,0.0
Q86V15,0,1759,U,test,0,1.0,0.0,0.0,0.0,0.0,0.0,0.0,0.0,0.0,0.0
Q86VD7,3,318,M,test,3,0.0,0.0,0.0,0.5974468584488302,0.0,0.0,0.22694529159479954,0.0,0.0,0.1756078499563703
Q86VD9,5,579,M,test,5,0.0,0.0,0.0,0.0,0.18846990090842086,0.6218726017868871,0.0,0.0,0.18965749730469192,0.0
Q86VV8,1,2226,S,test,0,0.4048431059801306,0.3890745476299458,0.0,0.20608234638992348,0.0,0.0,0.0,0.0,0.0,0.0
Q86VW1,4,577,M,test,8,0.0,0.0,0.0,0.0,0.4082722016235159,0.0,0.0,0.0,0.591727798376484,0.0
Q86WI3,1,1866,S,test,5,0.1999745327374284,0.39782235647410036,0.0,0.0,0.0,0.4022031107884712,0.0,0.0,0.0,0.0
Q86WV5,0,123,U,test,1,0.0,0.6140539521215401,0.0,0.38594604787845993,0.0,0.0,0.0,0.0,0.0,0.0
Q86X83,1,199,S,test,0,0.6012585767568168,0.0,0.0,0.19346507615059638,0.0,0.0,0.0,0.20527634709258682,0.0,0.0
Q86Y13,1,1208,S,test,0,1.0,0.0,0.0,0.0,0.0,0.0,0.0,0.0,0.0,0.0
Q86Y34,4,549,M,test,4,0.0,0.0,0.0,0.0,1.0,0.0,0.0,0.0,0.0,0.0
Q86YI8,0,300,S,test,0,0.6258821108988276,0.18566466861297481,0.0,0.0,0.0,0.18845322048819763,0.0,0.0,0.0,0.0
Q86Z20,1,511,S,test,1,0.0,1.0,0.0,0.0,0.0,0.0,0.0,0.0,0.0,0.0
Q8AY79,2,258,S,test,2,0.0,0.0,1.0,0.0,0.0,0.0,0.0,0.0,0.0,0.0
Q8AY80,2,258,S,test,2,0.0,0.0,1.0,0.0,0.0,0.0,0.0,0.0,0.0,0.0
Q8BG17,0,217,U,test,0,1.0,0.0,0.0,0.0,0.0,0.0,0.0,0.0,0.0,0.0
Q8BG60,1,397,S,test,1,0.4136625629669672,0.5863374370330329,0.0,0.0,0.0,0.0,0.0,0.0,0.0,0.0
Q8BGC9,2,288,S,test,2,0.1895405069739831,0.19165456600350028,0.22010159578356764,0.1982413511386018,0.0,0.0,0.0,0.20046198010034721,0.0,0.0
Q8BGV8,3,463,M,test,0,0.6692787494633946,0.16081573039983613,0.0,0.0,0.16990552013676927,0.0,0.0,0.0,0.0,0.0
Q8BH00,1,487,S,test,1,0.0,0.3759744305324891,0.0,0.0,0.2066982014145478,0.0,0.21685607651821906,0.0,0.0,0.200471291534744
Q8BHD1,1,476,S,test,1,0.13052478543089444,0.8694752145691056,0.0,0.0,0.0,0.0,0.0,0.0,0.0,0.0
Q8BHP7,2,681,S,test,2,0.0,0.0,0.6359889894593352,0.0,0.36401101054066476,0.0,0.0,0.0,0.0,0.0
Q8BJ05,0,735,U,test,0,0.7702047915234983,0.22979520847650176,0.0,0.0,0.0,0.0,0.0,0.0,0.0,0.0
Q8BJM5,7,460,M,test,0,0.40604730930557054,0.0,0.0,0.0,0.39785275233108514,0.19609993836334436,0.0,0.0,0.0,0.0
Q8BL65,1,612,S,test,1,0.3554140832968881,0.6445859167031118,0.0,0.0,0.0,0.0,0.0,0.0,0.0,0.0
Q8BMB0,0,1264,U,test,0,1.0,0.0,0.0,0.0,0.0,0.0,0.0,0.0,0.0,0.0
Q8BND3,1,1181,S,test,0,0.5926487574532585,0.0,0.0,0.0,0.0,0.0,0.0,0.0,0.40735124254674154,0.0
Q8BPC6,3,396,U,test,1,0.0,0.6009112995001561,0.0,0.39908870049984385,0.0,0.0,0.0,0.0,0.0,0.0
Q8BPQ7,7,1093,U,test,0,0.5517635537783979,0.26183382701288505,0.0,0.18640261920871715,0.0,0.0,0.0,0.0,0.0,0.0
Q8BSF4,3,406,U,test,3,0.0,0.0,0.0,1.0,0.0,0.0,0.0,0.0,0.0,0.0
Q8BT20,2,105,S,test,2,0.0,0.0,1.0,0.0,0.0,0.0,0.0,0.0,0.0,0.0
Q8BTE6,2,63,S,test,2,0.0,0.0,0.8087277455131247,0.0,0.1912722544868753,0.0,0.0,0.0,0.0,0.0
Q8BZQ2,2,495,S,test,2,0.0,0.0,1.0,0.0,0.0,0.0,0.0,0.0,0.0,0.0
Q8C0D7,0,249,U,test,0,1.0,0.0,0.0,0.0,0.0,0.0,0.0,0.0,0.0,0.0
Q8C0V1,0,768,M,test,0,0.5950882710683274,0.2081016080936442,0.0,0.0,0.0,0.0,0.0,0.19681012083802843,0.0,0.0
Q8C1E7,0,343,M,test,5,0.0,0.0,0.0,0.1895787203059922,0.39232578740045154,0.41809549229355636,0.0,0.0,0.0,0.0
Q8C1Q4,2,291,S,test,2,0.0,0.0,0.39986350975914364,0.0,0.1939550473244016,0.20877758702275714,0.0,0.19740385589369766,0.0,0.0
Q8CCG4,0,296,U,test,0,1.0,0.0,0.0,0.0,0.0,0.0,0.0,0.0,0.0,0.0
Q8CCH7,0,1151,U,test,0,1.0,0.0,0.0,0.0,0.0,0.0,0.0,0.0,0.0,0.0
Q8CCK0,0,372,U,test,0,0.7799872190988707,0.2200127809011293,0.0,0.0,0.0,0.0,0.0,0.0,0.0,0.0
Q8CD91,2,447,S,test,2,0.0,0.0,1.0,0.0,0.0,0.0,0.0,0.0,0.0,0.0
Q8CFH6,1,931,S,test,1,0.35582806314022736,0.6441719368597726,0.0,0.0,0.0,0.0,0.0,0.0,0.0,0.0
Q8CFI0,1,1004,S,test,1,0.18979170494354003,0.81020829505646,0.0,0.0,0.0,0.0,0.0,0.0,0.0,0.0
Q8CFP6,0,273,U,test,7,0.0,0.20729327121904953,0.0,0.0,0.0,0.0,0.0,0.7927067287809505,0.0,0.0
Q8CFZ5,4,553,M,test,4,0.0,0.0,0.0,0.0,0.7913978841226529,0.0,0.0,0.0,0.20860211587734723,0.0
Q8CG85,2,686,S,test,4,0.0,0.0,0.4175000799229919,0.0,0.5824999200770082,0.0,0.0,0.0,0.0,0.0
Q8CIG3,0,826,U,test,9,0.19922928801281226,0.1982547472502889,0.0,0.19822262569589658,0.19810983884769773,0.0,0.0,0.0,0.0,0.2061835001933045
Q8CIV2,5,574,M,test,1,0.3950083429473612,0.40921639719801467,0.0,0.0,0.19577525985462424,0.0,0.0,0.0,0.0,0.0
Q8CJ40,1,2009,S,test,1,0.21295739451863882,0.7870426054813612,0.0,0.0,0.0,0.0,0.0,0.0,0.0,0.0
Q8CJ78,0,1038,U,test,0,1.0,0.0,0.0,0.0,0.0,0.0,0.0,0.0,0.0,0.0
Q8GS71,1,1035,S,test,1,0.0,0.7981460199173068,0.0,0.20185398008269317,0.0,0.0,0.0,0.0,0.0,0.0
Q8GSA7,0,1032,U,test,0,0.8172348463998903,0.18276515360010964,0.0,0.0,0.0,0.0,0.0,0.0,0.0,0.0
Q8GSI0,0,179,U,test,0,0.8109324965597126,0.1890675034402875,0.0,0.0,0.0,0.0,0.0,0.0,0.0,0.0
Q8GSP8,5,371,S,test,1,0.0,1.0,0.0,0.0,0.0,0.0,0.0,0.0,0.0,0.0
Q8GUK1,3,602,M,test,0,0.8078872746029653,0.19211272539703467,0.0,0.0,0.0,0.0,0.0,0.0,0.0,0.0
Q8GUK7,5,243,M,test,0,0.800566417101413,0.0,0.0,0.0,0.19943358289858704,0.0,0.0,0.0,0.0,0.0
Q8GVZ6,0,276,U,test,0,0.5851664917825082,0.0,0.0,0.0,0.4148335082174918,0.0,0.0,0.0,0.0,0.0
Q8GW20,6,523,M,test,6,0.0,0.0,0.0,0.0,0.0,0.0,1.0,0.0,0.0,0.0
Q8GWD5,4,178,M,test,4,0.0,0.0,0.0,0.0,1.0,0.0,0.0,0.0,0.0,0.0
Q8GWE6,0,413,U,test,0,0.5950237599524468,0.2188169627954825,0.0,0.0,0.0,0.0,0.0,0.0,0.18615927725207063,0.0
Q8GXA4,0,489,M,test,0,0.5959313537870279,0.40406864621297217,0.0,0.0,0.0,0.0,0.0,0.0,0.0,0.0
Q8GXN9,0,930,S,test,0,1.0,0.0,0.0,0.0,0.0,0.0,0.0,0.0,0.0,0.0
Q8GXX0,3,191,U,test,0,0.5990418949605764,0.0,0.19591187148829783,0.0,0.0,0.2050462335511259,0.0,0.0,0.0,0.0
Q8GYB1,3,285,U,test,6,0.0,0.0,0.0,0.0,0.0,0.0,1.0,0.0,0.0,0.0
Q8GYD2,0,230,U,test,0,1.0,0.0,0.0,0.0,0.0,0.0,0.0,0.0,0.0,0.0
Q8GYJ3,0,289,S,test,0,0.79618120398,0.20381879601999997,0.0,0.0,0.0,0.0,0.0,0.0,0.0,0.0
Q8GYX9,1,286,S,test,1,0.40304369472648893,0.5969563052735111,0.0,0.0,0.0,0.0,0.0,0.0,0.0,0.0
Q8H191,9,497,U,test,2,0.0,0.33770135080929453,0.6622986491907056,0.0,0.0,0.0,0.0,0.0,0.0,0.0
Q8I948,2,156,S,test,2,0.0,0.0,0.7374467167509783,0.0,0.0,0.0,0.0,0.0,0.2625532832490218,0.0
Q8IN43,2,129,S,test,2,0.0,0.0,0.7903046638557898,0.2096953361442102,0.0,0.0,0.0,0.0,0.0,0.0
Q8IN44,2,129,S,test,2,0.0,0.0,0.8087858807126183,0.0,0.0,0.19121411928738172,0.0,0.0,0.0,0.0
Q8INM3,0,1420,U,test,0,1.0,0.0,0.0,0.0,0.0,0.0,0.0,0.0,0.0,0.0
Q8IRB5,0,1465,U,test,0,1.0,0.0,0.0,0.0,0.0,0.0,0.0,0.0,0.0,0.0
Q8IS21,1,1529,S,test,0,0.7835672208601652,0.21643277913983489,0.0,0.0,0.0,0.0,0.0,0.0,0.0,0.0
Q8ISB6,2,482,S,test,2,0.0,0.0,0.8109409482679001,0.0,0.0,0.18905905173209997,0.0,0.0,0.0,0.0
Q8IUH2,2,290,S,test,2,0.21245942544175023,0.0,0.3960492981843197,0.20136120073001315,0.19013007564391687,0.0,0.0,0.0,0.0,0.0
Q8IV08,5,490,M,test,2,0.0,0.0,0.5828249015289646,0.0,0.20291447060232534,0.0,0.0,0.21426062786871006,0.0,0.0
Q8IVM8,4,553,M,test,8,0.0,0.0,0.0,0.0,0.43642816095427533,0.0,0.0,0.0,0.5635718390457246,0.0
Q8IVP5,3,155,M,test,5,0.0,0.0,0.0,0.3720699669761604,0.0,0.6279300330238397,0.0,0.0,0.0,0.0
Q8IW35,1,865,S,test,0,0.6070718633864838,0.39292813661351617,0.0,0.0,0.0,0.0,0.0,0.0,0.0,0.0
Q8IWC1,1,876,S,test,0,0.6097653507638485,0.3902346492361515,0.0,0.0,0.0,0.0,0.0,0.0,0.0,0.0
Q8IWF2,5,684,S,test,5,0.0,0.20243508669593238,0.0,0.0,0.21053283904473458,0.3945540583831814,0.0,0.19247801587615168,0.0,0.0
Q8IWT3,1,2517,S,test,1,0.3603297863901362,0.6396702136098639,0.0,0.0,0.0,0.0,0.0,0.0,0.0,0.0
Q8IWX5,5,399,M,test,5,0.0,0.0,0.0,0.0,0.39052469203751766,0.4138565629579831,0.0,0.0,0.19561874500449922,0.0
Q8IY17,5,1366,M,test,1,0.2157597669876742,0.38470968524362714,0.0,0.21150105015486245,0.18802949761383622,0.0,0.0,0.0,0.0,0.0
Q8IY21,1,1712,S,test,1,0.1695290865034419,0.6616550581446443,0.0,0.16881585535191385,0.0,0.0,0.0,0.0,0.0,0.0
Q8IY49,7,270,M,test,4,0.0,0.0,0.0,0.0,0.6108155170441828,0.3891844829558173,0.0,0.0,0.0,0.0
Q8IYW5,0,571,U,test,0,0.60558042434292,0.18794009943708748,0.0,0.0,0.0,0.0,0.0,0.20647947621999255,0.0,0.0
Q8IYX3,1,515,S,test,0,1.0,0.0,0.0,0.0,0.0,0.0,0.0,0.0,0.0,0.0
Q8IYY4,1,767,S,test,0,0.6398963783892181,0.360103621610782,0.0,0.0,0.0,0.0,0.0,0.0,0.0,0.0
Q8IZJ1,4,945,M,test,2,0.0,0.19129434302267484,0.40680253306463116,0.0,0.20072148358668648,0.2011816403260076,0.0,0.0,0.0,0.0
Q8IZS7,4,167,M,test,4,0.0,0.0,0.1982097193749388,0.0,0.8017902806250612,0.0,0.0,0.0,0.0,0.0
Q8IZT9,0,166,U,test,0,0.623402633133295,0.3765973668667051,0.0,0.0,0.0,0.0,0.0,0.0,0.0,0.0
Q8IZU0,0,186,U,test,0,1.0,0.0,0.0,0.0,0.0,0.0,0.0,0.0,0.0,0.0
Q8J025,4,514,M,test,2,0.0,0.0,0.3783026035589066,0.0,0.18887961968403147,0.201081567812245,0.0,0.23173620894481692,0.0,0.0
Q8JZL0,0,594,U,test,0,1.0,0.0,0.0,0.0,0.0,0.0,0.0,0.0,0.0,0.0
Q8K0T0,5,780,M,test,0,0.3924567688935792,0.2061804171339298,0.0,0.0,0.20634713212486175,0.0,0.0,0.19501568184762927,0.0,0.0
Q8K0T4,1,488,S,test,0,0.6266569677782167,0.19265118432248232,0.0,0.18069184789930104,0.0,0.0,0.0,0.0,0.0,0.0
Q8K1M4,0,789,U,test,0,1.0,0.0,0.0,0.0,0.0,0.0,0.0,0.0,0.0,0.0
Q8K1S2,4,956,M,test,4,0.20221462429148795,0.0,0.20547731487597798,0.0,0.3895645748678062,0.20274348596472802,0.0,0.0,0.0,0.0
Q8K1S3,4,945,M,test,2,0.0,0.0,0.40934727031892415,0.19201087175784803,0.0,0.39864185792322787,0.0,0.0,0.0,0.0
Q8K1T0,5,453,M,test,2,0.0,0.0,0.8117856573393103,0.0,0.18821434266068965,0.0,0.0,0.0,0.0,0.0
Q8K203,0,606,U,test,0,0.7917256104219015,0.0,0.0,0.0,0.0,0.0,0.20827438957809855,0.0,0.0,0.0
Q8K3P6,3,469,M,test,3,0.0,0.0,0.0,0.7990437369319388,0.0,0.0,0.2009562630680613,0.0,0.0,0.0
Q8K3Q3,0,521,U,test,0,1.0,0.0,0.0,0.0,0.0,0.0,0.0,0.0,0.0,0.0
Q8K3W2,0,274,U,test,1,0.19189340495324525,0.5969196235116733,0.0,0.0,0.21118697153508154,0.0,0.0,0.0,0.0,0.0
Q8K4G5,1,861,S,test,0,0.803668598485944,0.19633140151405598,0.0,0.0,0.0,0.0,0.0,0.0,0.0,0.0
Q8K4I4,2,270,S,test,2,0.0,0.0,0.7167202051759255,0.1473275181038308,0.1359522767202438,0.0,0.0,0.0,0.0,0.0
Q8K4S7,1,938,S,test,1,0.0,0.8074466907781059,0.0,0.0,0.0,0.19255330922189404,0.0,0.0,0.0,0.0
Q8K4Z6,4,928,M,test,4,0.0,0.0,0.0,0.0,1.0,0.0,0.0,0.0,0.0,0.0
Q8K596,4,921,M,test,4,0.0,0.0,0.0,0.19324141687932417,0.38299695120049015,0.1838547665652302,0.0,0.0,0.23990686535495548,0.0
Q8L5W8,0,416,U,test,0,1.0,0.0,0.0,0.0,0.0,0.0,0.0,0.0,0.0,0.0
Q8L607,3,386,U,test,0,0.4005276211061356,0.20445152452640014,0.0,0.3950208543674642,0.0,0.0,0.0,0.0,0.0,0.0
Q8L735,6,882,U,test,0,0.4043423997166866,0.20621986457742886,0.0,0.0,0.0,0.191651440360366,0.1977862953455185,0.0,0.0,0.0
Q8L748,0,1101,U,test,0,0.43567426873931764,0.3698856459009602,0.0,0.0,0.19444008535972218,0.0,0.0,0.0,0.0,0.0
Q8L7F7,0,739,U,test,0,1.0,0.0,0.0,0.0,0.0,0.0,0.0,0.0,0.0,0.0
Q8L7M0,5,465,M,test,3,0.20735920482616305,0.0,0.0,0.3997333818032018,0.0,0.39290741337063523,0.0,0.0,0.0,0.0
Q8L7W8,2,843,S,test,5,0.0,0.0,0.20185511007965584,0.0,0.0,0.4225331341590512,0.0,0.18576530813699577,0.18984644762429712,0.0
Q8L856,8,239,M,test,4,0.0,0.0,0.0,0.0,0.8012720605302432,0.0,0.0,0.0,0.1987279394697567,0.0
Q8L9A0,3,270,U,test,3,0.0,0.0,0.0,0.8036219966252117,0.0,0.0,0.19637800337478828,0.0,0.0,0.0
Q8LB10,6,305,U,test,6,0.0,0.0,0.0,0.0,0.0,0.0,1.0,0.0,0.0,0.0
Q8LBP4,6,462,M,test,6,0.0,0.0,0.0,0.0,0.0,0.0,1.0,0.0,0.0,0.0
Q8LCT3,6,236,U,test,6,0.0,0.0,0.0,0.0,0.0,0.0,1.0,0.0,0.0,0.0
Q8LD38,3,108,M,test,8,0.0,0.0,0.0,0.2140130056597007,0.39187692612919134,0.0,0.0,0.0,0.3941100682111081,0.0
Q8LDF9,0,241,U,test,0,1.0,0.0,0.0,0.0,0.0,0.0,0.0,0.0,0.0,0.0
Q8LDL0,6,231,M,test,3,0.0,0.0,0.0,0.6111497290097478,0.0,0.0,0.3888502709902522,0.0,0.0,0.0
Q8LDV3,6,185,S,test,6,0.19808872443042336,0.0,0.0,0.0,0.0,0.0,0.8019112755695768,0.0,0.0,0.0
Q8LE52,6,258,S,test,6,0.29562637171895145,0.1886319056275576,0.0,0.1380449898915549,0.0,0.0,0.3776967327619361,0.0,0.0,0.0
Q8LFC0,3,367,U,test,3,0.0,0.0,0.0,0.7830275706246992,0.0,0.0,0.21697242937530078,0.0,0.0,0.0
Q8LFH6,1,137,S,test,1,0.0,1.0,0.0,0.0,0.0,0.0,0.0,0.0,0.0,0.0
Q8LFP1,5,241,M,test,5,0.17536931777689682,0.0,0.0,0.0,0.0,0.6370513259896631,0.0,0.18757935623344016,0.0,0.0
Q8LFP9,6,220,M,test,6,0.0,0.0,0.0,0.0,0.0,0.0,1.0,0.0,0.0,0.0
Q8LG50,5,389,M,test,5,0.0,0.0,0.0,0.0,0.0,1.0,0.0,0.0,0.0,0.0
Q8LG77,3,374,U,test,3,0.0,0.19554660955434425,0.0,0.5844218931744475,0.0,0.0,0.22003149727120833,0.0,0.0,0.0
Q8LGU6,0,744,U,test,1,0.1814958371064417,0.6490612846281706,0.0,0.0,0.0,0.0,0.0,0.16944287826538773,0.0,0.0
Q8LK61,1,496,S,test,3,0.0,0.18987619731228192,0.0,0.4062649036805257,0.0,0.0,0.1941471416920008,0.0,0.0,0.20971175731519165
Q8LPK4,4,1013,M,test,0,0.5244880070239695,0.0,0.0,0.0,0.24992884395771636,0.0,0.0,0.22558314901831422,0.0,0.0
Q8LPQ9,0,901,U,test,1,0.22690465902045084,0.7730953409795491,0.0,0.0,0.0,0.0,0.0,0.0,0.0,0.0
Q8LPW2,3,148,U,test,1,0.1697734054662286,0.5976582830826619,0.0,0.2325683114511095,0.0,0.0,0.0,0.0,0.0,0.0
Q8MIR0,3,373,U,test,3,0.0,0.0,0.0,0.6014258585026554,0.0,0.0,0.0,0.0,0.0,0.3985741414973447
Q8MLZ3,1,867,S,test,1,0.39539110938432115,0.6046088906156788,0.0,0.0,0.0,0.0,0.0,0.0,0.0,0.0
Q8MMH0,2,109,S,test,2,0.0,0.0,1.0,0.0,0.0,0.0,0.0,0.0,0.0,0.0
Q8MQ70,0,846,U,test,0,1.0,0.0,0.0,0.0,0.0,0.0,0.0,0.0,0.0,0.0
Q8MU95,2,488,S,test,2,0.0,0.0,0.794214252348613,0.0,0.20578574765138705,0.0,0.0,0.0,0.0,0.0
Q8MUG0,2,274,S,test,2,0.0,0.0,1.0,0.0,0.0,0.0,0.0,0.0,0.0,0.0
Q8MVA6,2,69,S,test,2,0.0,0.0,1.0,0.0,0.0,0.0,0.0,0.0,0.0,0.0
Q8N0S6,0,344,U,test,0,0.5962596421866638,0.4037403578133362,0.0,0.0,0.0,0.0,0.0,0.0,0.0,0.0
Q8N1Q8,3,247,S,test,0,0.5939869943635003,0.0,0.0,0.20137923215964768,0.0,0.0,0.20463377347685213,0.0,0.0,0.0
Q8N2A8,3,252,M,test,4,0.0,0.0,0.0,0.2026451231097447,0.5884903020924275,0.0,0.0,0.20886457479782786,0.0,0.0
Q8N2F6,5,343,M,test,1,0.0,1.0,0.0,0.0,0.0,0.0,0.0,0.0,0.0,0.0
Q8N2Z9,0,138,U,test,0,0.8335473160908695,0.1664526839091305,0.0,0.0,0.0,0.0,0.0,0.0,0.0,0.0
Q8N3G9,7,435,M,test,4,0.0,0.0,0.0,0.0,0.8034378533151179,0.1965621466848821,0.0,0.0,0.0,0.0
Q8N427,1,588,S,test,1,0.4063019115917515,0.5936980884082484,0.0,0.0,0.0,0.0,0.0,0.0,0.0,0.0
Q8N4C6,1,2090,S,test,1,0.0,1.0,0.0,0.0,0.0,0.0,0.0,0.0,0.0,0.0
Q8N4T0,2,437,S,test,4,0.0,0.0,0.18175765290256518,0.0,0.37168187571678074,0.18982857630047661,0.0,0.0,0.2567318950801774,0.0
Q8N4X5,1,818,S,test,1,0.0,1.0,0.0,0.0,0.0,0.0,0.0,0.0,0.0,0.0
Q8N556,1,730,S,test,1,0.0,1.0,0.0,0.0,0.0,0.0,0.0,0.0,0.0,0.0
Q8N573,3,874,U,test,5,0.19389573056106593,0.376507460245861,0.0,0.0,0.0,0.429596809193073,0.0,0.0,0.0,0.0
Q8N5M9,5,183,M,test,5,0.0,0.0,0.0,0.0,0.19091040075478802,0.809089599245212,0.0,0.0,0.0,0.0
Q8N5Z5,1,321,S,test,0,0.5945565368764327,0.0,0.0,0.0,0.40544346312356727,0.0,0.0,0.0,0.0,0.0
Q8N695,4,610,M,test,4,0.0,0.0,0.0,0.0,0.7998809969796882,0.0,0.0,0.0,0.20011900302031183,0.0
Q8N6S4,5,541,M,test,0,0.55832401251467,0.4416759874853301,0.0,0.0,0.0,0.0,0.0,0.0,0.0,0.0
Q8N7H5,0,531,U,test,0,1.0,0.0,0.0,0.0,0.0,0.0,0.0,0.0,0.0,0.0
Q8N7J2,4,671,M,test,0,0.5958997656920504,0.17064729123907857,0.0,0.0,0.23345294306887115,0.0,0.0,0.0,0.0,0.0
Q8N8N0,8,203,M,test,0,0.6012130358958432,0.2000256991467762,0.0,0.0,0.19876126495738064,0.0,0.0,0.0,0.0,0.0
Q8N8Q8,3,333,M,test,3,0.0,0.0,0.0,0.6114516315233283,0.0,0.0,0.0,0.19463515735338477,0.0,0.19391321112328705
Q8N983,3,215,U,test,0,0.5847510758628065,0.0,0.18950487216307446,0.22574405197411906,0.0,0.0,0.0,0.0,0.0,0.0
Q8N9N8,0,165,U,test,0,0.7973204908942791,0.2026795091057209,0.0,0.0,0.0,0.0,0.0,0.0,0.0,0.0
Q8N9W6,1,283,S,test,1,0.38220842366732083,0.6177915763326791,0.0,0.0,0.0,0.0,0.0,0.0,0.0,0.0
Q8NAP3,0,1195,U,test,0,1.0,0.0,0.0,0.0,0.0,0.0,0.0,0.0,0.0,0.0
Q8NAT1,5,580,M,test,2,0.0,0.0,0.8051091719355776,0.0,0.0,0.19489082806442232,0.0,0.0,0.0,0.0
Q8NBI6,5,393,M,test,5,0.0,0.0,0.0,0.0,0.16688315647666854,0.4468562665037478,0.0,0.38626057701958355,0.0,0.0
Q8NCE2,1,650,S,test,0,0.41157722147942394,0.39234070844828756,0.0,0.19608207007228856,0.0,0.0,0.0,0.0,0.0,0.0
Q8NDT2,0,890,S,test,0,1.0,0.0,0.0,0.0,0.0,0.0,0.0,0.0,0.0,0.0
Q8NDV7,1,1962,S,test,0,0.8173990490028875,0.18260095099711254,0.0,0.0,0.0,0.0,0.0,0.0,0.0,0.0
Q8NDX1,4,1056,M,test,0,0.8109051023983369,0.18909489760166312,0.0,0.0,0.0,0.0,0.0,0.0,0.0,0.0
Q8NDX5,0,983,U,test,0,1.0,0.0,0.0,0.0,0.0,0.0,0.0,0.0,0.0,0.0
Q8NEC7,1,633,S,test,0,1.0,0.0,0.0,0.0,0.0,0.0,0.0,0.0,0.0,0.0
Q8NEW0,7,376,M,test,8,0.0,0.0,0.0,0.0,0.16524845604695818,0.17655015915124375,0.0,0.0,0.658201384801798,0.0
Q8NF64,0,920,U,test,0,1.0,0.0,0.0,0.0,0.0,0.0,0.0,0.0,0.0,0.0
Q8NFA0,7,1604,M,test,1,0.1899578631068936,0.6140908453143845,0.0,0.0,0.0,0.19595129157872185,0.0,0.0,0.0,0.0
Q8NFJ6,4,384,M,test,4,0.0,0.0,0.0,0.0,1.0,0.0,0.0,0.0,0.0,0.0
Q8NFW8,0,434,U,test,1,0.0,0.6203156671131844,0.0,0.19043734122268247,0.0,0.0,0.18924699166413314,0.0,0.0,0.0
Q8NHJ6,4,448,M,test,4,0.0,0.0,0.18998891281314795,0.0,0.8100110871868521,0.0,0.0,0.0,0.0,0.0
Q8NHS3,8,518,M,test,5,0.0,0.0,0.0,0.0,0.3831821242293761,0.40854366354116994,0.0,0.0,0.20827421222945397,0.0
Q8NKC1,8,281,U,test,3,0.190933296723581,0.19728711263398896,0.0,0.398570633394359,0.0,0.21320895724807104,0.0,0.0,0.0,0.0
Q8QFR2,0,1013,U,test,0,0.6225734752749912,0.37742652472500876,0.0,0.0,0.0,0.0,0.0,0.0,0.0,0.0
Q8R0W1,0,432,U,test,0,0.7542405159183737,0.0,0.0,0.0,0.24575948408162634,0.0,0.0,0.0,0.0,0.0
Q8R2Y0,3,336,M,test,5,0.0,0.1937607404088979,0.0,0.0,0.0,0.6125247663914213,0.19371449319968084,0.0,0.0,0.0
Q8R2Z5,2,415,S,test,2,0.0,0.0,0.617029197915312,0.0,0.382970802084688,0.0,0.0,0.0,0.0,0.0
Q8R366,4,611,M,test,4,0.0,0.0,0.37324861907910595,0.0,0.4308297431163955,0.0,0.0,0.19592163780449862,0.0,0.0
Q8R3H7,7,356,M,test,7,0.0,0.0,0.0,0.0,0.0,0.20737731529285347,0.0,0.7926226847071466,0.0,0.0
Q8R400,0,80,M,test,0,0.6113166743322664,0.1877930762283444,0.0,0.2008902494393891,0.0,0.0,0.0,0.0,0.0,0.0
Q8R4E4,1,245,S,test,0,0.8218628846986342,0.0,0.0,0.0,0.17813711530136578,0.0,0.0,0.0,0.0,0.0
Q8R4V5,0,546,U,test,2,0.0,0.0,0.8137641353263834,0.0,0.18623586467361658,0.0,0.0,0.0,0.0,0.0
Q8R507,7,461,M,test,7,0.0,0.0,0.0,0.0,0.0,0.0,0.0,1.0,0.0,0.0
Q8R5K4,0,1152,U,test,3,0.0,0.208485647311472,0.17742610760280492,0.4341498584469034,0.17993838663881978,0.0,0.0,0.0,0.0,0.0
Q8RVC7,6,411,M,test,6,0.0,0.0,0.0,0.0,0.0,0.20308428746953094,0.7969157125304691,0.0,0.0,0.0
Q8RWV0,6,741,M,test,6,0.0,0.0,0.0,0.39574271230701646,0.0,0.0,0.6042572876929836,0.0,0.0,0.0
Q8RWV3,0,416,U,test,0,1.0,0.0,0.0,0.0,0.0,0.0,0.0,0.0,0.0,0.0
Q8RX88,5,424,M,test,5,0.0,0.0,0.0,0.0,0.0,1.0,0.0,0.0,0.0,0.0
Q8RXL8,7,357,M,test,7,0.0,0.0,0.0,0.0,0.0,0.22518850103192284,0.0,0.7748114989680771,0.0,0.0
Q8RXN0,4,703,M,test,4,0.0,0.0,0.0,0.0,0.7816309311679754,0.0,0.0,0.0,0.21836906883202453,0.0
Q8S1D9,6,435,U,test,6,0.1846424035311834,0.0,0.0,0.0,0.0,0.19382588604802897,0.6215317104207877,0.0,0.0,0.0
Q8S4F6,6,510,M,test,6,0.0,0.0,0.0,0.0,0.0,0.0,1.0,0.0,0.0,0.0
Q8S8P5,0,519,U,test,0,1.0,0.0,0.0,0.0,0.0,0.0,0.0,0.0,0.0,0.0
Q8SPJ0,2,213,S,test,2,0.3881249599904477,0.0,0.6118750400095523,0.0,0.0,0.0,0.0,0.0,0.0,0.0
Q8SRA2,4,559,M,test,5,0.0,0.0,0.0,0.0,0.18516266924746586,0.6207708094749127,0.19406652127762147,0.0,0.0,0.0
Q8SUF9,4,553,M,test,7,0.0,0.0,0.0,0.0,0.0,0.19235577179655916,0.19339835778717837,0.40053814326739606,0.21370772714886646,0.0
Q8SUG7,4,536,M,test,7,0.0,0.0,0.0,0.0,0.19205254589402107,0.0,0.20038762888925762,0.4037873602262438,0.20377246499047755,0.0
Q8T0W3,2,63,S,test,2,0.0,0.0,1.0,0.0,0.0,0.0,0.0,0.0,0.0,0.0
Q8T0W5,2,85,S,test,2,0.0,0.0,1.0,0.0,0.0,0.0,0.0,0.0,0.0,0.0
Q8T0W8,2,65,S,test,2,0.0,0.0,1.0,0.0,0.0,0.0,0.0,0.0,0.0,0.0
Q8T6B9,0,637,U,test,0,0.7194886836628954,0.2805113163371046,0.0,0.0,0.0,0.0,0.0,0.0,0.0,0.0
Q8TAD4,7,765,M,test,8,0.0,0.0,0.0,0.0,0.18018468472114507,0.20034336350253926,0.0,0.0,0.6194719517763156,0.0
Q8TAT5,0,605,U,test,0,0.8011966415079893,0.0,0.0,0.0,0.0,0.0,0.19880335849201078,0.0,0.0,0.0
Q8TBE7,4,412,M,test,4,0.0,0.0,0.0,0.0,0.3825809139206907,0.22214546363272414,0.0,0.20102820818070752,0.19424541426587766,0.0
Q8TBK2,0,473,U,test,0,0.7965462066750442,0.0,0.0,0.2034537933249558,0.0,0.0,0.0,0.0,0.0,0.0
Q8TCB6,4,317,M,test,4,0.0,0.0,0.0,0.0,1.0,0.0,0.0,0.0,0.0,0.0
Q8TD26,0,2715,S,test,0,0.8060097879391409,0.1939902120608591,0.0,0.0,0.0,0.0,0.0,0.0,0.0,0.0
Q8TDI0,0,1954,U,test,0,1.0,0.0,0.0,0.0,0.0,0.0,0.0,0.0,0.0,0.0
Q8TDR4,0,215,U,test,0,0.571215042875065,0.1946723785118804,0.0,0.0,0.23411257861305473,0.0,0.0,0.0,0.0,0.0
Q8TDS7,4,321,M,test,4,0.0,0.0,0.0,0.0,1.0,0.0,0.0,0.0,0.0,0.0
Q8TDY4,1,903,S,test,1,0.17804478888428413,0.6442232420295556,0.0,0.0,0.0,0.1777319690861604,0.0,0.0,0.0,0.0
Q8TEP8,1,1941,S,test,0,0.5885387324010601,0.4114612675989398,0.0,0.0,0.0,0.0,0.0,0.0,0.0,0.0
Q8TG42,2,273,S,test,2,0.0,0.0,1.0,0.0,0.0,0.0,0.0,0.0,0.0,0.0
Q8TGH6,7,599,M,test,5,0.0,0.0,0.0,0.19746816895421498,0.19495652935235233,0.40517153360655206,0.0,0.20240376808688074,0.0,0.0
Q8VBV9,4,320,M,test,4,0.0,0.0,0.0,0.0,1.0,0.0,0.0,0.0,0.0,0.0
Q8VC69,4,545,M,test,4,0.0,0.0,0.0,0.0,0.6336289672688785,0.0,0.0,0.0,0.3663710327311214,0.0
Q8VDW4,0,151,U,test,0,1.0,0.0,0.0,0.0,0.0,0.0,0.0,0.0,0.0,0.0
Q8VE43,2,311,S,test,4,0.0,0.0,0.4059180508293422,0.0,0.4102051368287005,0.0,0.0,0.18387681234195732,0.0,0.0
Q8VEN2,4,237,M,test,4,0.20324332003893958,0.0,0.2044185772981054,0.0,0.5923381026629551,0.0,0.0,0.0,0.0,0.0
Q8VYE2,3,376,M,test,3,0.0,0.0,0.0,0.8104922865025888,0.0,0.0,0.1895077134974113,0.0,0.0,0.0
Q8VYF7,3,238,U,test,3,0.0,0.0,0.0,0.7737124666914191,0.0,0.0,0.2262875333085809,0.0,0.0,0.0
Q8VYI3,9,309,U,test,1,0.2004987891106866,0.2112920324339459,0.0,0.2000826556915628,0.0,0.19606149613137072,0.0,0.0,0.0,0.192065026632434
Q8VYN6,6,537,U,test,6,0.0,0.0,0.0,0.29994956992654204,0.0,0.0,0.700050430073458,0.0,0.0,0.0
Q8VZ20,0,314,U,test,0,1.0,0.0,0.0,0.0,0.0,0.0,0.0,0.0,0.0,0.0
Q8VZJ2,2,344,S,test,2,0.0,0.0,0.4187073761709582,0.0,0.0,0.19076167209723116,0.0,0.0,0.3905309517318107,0.0
Q8VZL6,0,441,U,test,0,1.0,0.0,0.0,0.0,0.0,0.0,0.0,0.0,0.0,0.0
Q8W2F3,0,430,U,test,0,1.0,0.0,0.0,0.0,0.0,0.0,0.0,0.0,0.0,0.0
Q8W487,3,250,S,test,3,0.0,0.0,0.0,0.6542880557510581,0.0,0.0,0.34571194424894197,0.0,0.0,0.0
Q8W4D0,0,631,U,test,0,0.6104144875642094,0.38958551243579065,0.0,0.0,0.0,0.0,0.0,0.0,0.0,0.0
Q8W4D8,0,314,U,test,0,0.8243232431721084,0.17567675682789158,0.0,0.0,0.0,0.0,0.0,0.0,0.0,0.0
Q8W4F1,6,284,S,test,6,0.0,0.19158612182183682,0.0,0.0,0.0,0.0,0.8084138781781632,0.0,0.0,0.0
Q8W4P8,5,611,M,test,0,0.607765077486359,0.19323532682495223,0.0,0.0,0.0,0.1989995956886889,0.0,0.0,0.0,0.0
Q8WN93,4,462,M,test,4,0.0,0.0,0.0,0.0,1.0,0.0,0.0,0.0,0.0,0.0
Q8WNR4,1,122,S,test,0,1.0,0.0,0.0,0.0,0.0,0.0,0.0,0.0,0.0,0.0
Q8WQL7,0,882,U,test,0,0.596360732147049,0.40363926785295107,0.0,0.0,0.0,0.0,0.0,0.0,0.0,0.0
Q8WSR7,2,254,S,test,2,0.0,0.20487465613675884,0.4141575939634441,0.0,0.0,0.38096774989979715,0.0,0.0,0.0,0.0
Q8WTC1,3,280,U,test,3,0.21329909514250525,0.0,0.0,0.7867009048574948,0.0,0.0,0.0,0.0,0.0,0.0
Q8WUQ7,0,758,U,test,0,1.0,0.0,0.0,0.0,0.0,0.0,0.0,0.0,0.0,0.0
Q8WUU5,0,269,U,test,0,1.0,0.0,0.0,0.0,0.0,0.0,0.0,0.0,0.0,0.0
Q8WV22,0,266,U,test,0,1.0,0.0,0.0,0.0,0.0,0.0,0.0,0.0,0.0,0.0
Q8WVX9,9,515,M,test,5,0.0,0.0,0.0,0.0,0.18405899314349627,0.8159410068565038,0.0,0.0,0.0,0.0
Q8WW12,0,178,U,test,0,0.6104539014614113,0.3895460985385886,0.0,0.0,0.0,0.0,0.0,0.0,0.0,0.0
Q8WW38,0,1151,U,test,0,0.6150279682719733,0.3849720317280267,0.0,0.0,0.0,0.0,0.0,0.0,0.0,0.0
Q8WWF5,5,429,M,test,4,0.3824476723599909,0.0,0.0,0.0,0.6175523276400092,0.0,0.0,0.0,0.0,0.0
Q8WWL7,0,1395,U,test,0,1.0,0.0,0.0,0.0,0.0,0.0,0.0,0.0,0.0,0.0
Q8WWQ2,2,592,S,test,2,0.0,0.0,0.8031565783261906,0.0,0.19684342167380942,0.0,0.0,0.0,0.0,0.0
Q8WWZ8,0,545,U,test,2,0.0,0.0,0.6201202404845457,0.0,0.3798797595154544,0.0,0.0,0.0,0.0,0.0
Q8WXF8,0,326,U,test,0,0.4403203232616347,0.3815918625079973,0.0,0.0,0.17808781423036804,0.0,0.0,0.0,0.0,0.0
Q8WYH8,0,240,U,test,0,0.8083684468407762,0.1916315531592237,0.0,0.0,0.0,0.0,0.0,0.0,0.0,0.0
Q8WYQ3,3,142,S,test,3,0.30996457125807036,0.0,0.0,0.5271752296838769,0.16286019905805282,0.0,0.0,0.0,0.0,0.0
Q8WZK2,5,935,M,test,5,0.0,0.0,0.0,0.0,0.0,0.8185308842141917,0.0,0.18146911578580824,0.0,0.0
Q8X150,2,618,S,test,2,0.39224497726488694,0.0,0.6077550227351131,0.0,0.0,0.0,0.0,0.0,0.0,0.0
Q8X151,2,618,S,test,2,0.3910944949357975,0.0,0.6089055050642025,0.0,0.0,0.0,0.0,0.0,0.0,0.0
Q8X168,2,350,S,test,2,0.0,0.0,1.0,0.0,0.0,0.0,0.0,0.0,0.0,0.0
Q8X1T0,1,201,S,test,1,0.20165159590875922,0.41405247774545556,0.0,0.0,0.0,0.19209990349450504,0.0,0.0,0.0,0.1921960228512803
Q90738,1,729,S,test,1,0.18400690116233406,0.6324997880684743,0.0,0.0,0.18349331076919165,0.0,0.0,0.0,0.0,0.0
Q90812,4,420,M,test,4,0.0,0.0,0.0,0.0,0.7937759198899154,0.2062240801100847,0.0,0.0,0.0,0.0
Q90941,0,1633,U,test,0,0.5974593472920848,0.40254065270791517,0.0,0.0,0.0,0.0,0.0,0.0,0.0,0.0
Q90WV8,2,265,S,test,2,0.0,0.0,1.0,0.0,0.0,0.0,0.0,0.0,0.0,0.0
Q90WZ1,2,208,S,test,2,0.0,0.0,1.0,0.0,0.0,0.0,0.0,0.0,0.0,0.0
Q90X64,4,521,M,test,1,0.19324206843272368,0.597390446999882,0.0,0.0,0.0,0.0,0.0,0.0,0.2093674845673944,0.0
Q90YK5,2,523,S,test,5,0.0,0.0,0.2026555830150354,0.0,0.21866935012567323,0.3581572010401343,0.0,0.22051786581915708,0.0,0.0
Q90ZD5,2,456,S,test,2,0.0,0.0,1.0,0.0,0.0,0.0,0.0,0.0,0.0,0.0
Q91620,2,405,S,test,2,0.0,0.0,1.0,0.0,0.0,0.0,0.0,0.0,0.0,0.0
Q91821,4,651,M,test,4,0.0,0.2931246569639043,0.0,0.0,0.5320259633220615,0.0,0.0,0.0,0.0,0.17484937971403428
Q91826,2,64,S,test,2,0.0,0.0,1.0,0.0,0.0,0.0,0.0,0.0,0.0,0.0
Q91876,0,720,U,test,0,0.7178871810172375,0.2821128189827625,0.0,0.0,0.0,0.0,0.0,0.0,0.0,0.0
Q91V79,5,292,M,test,5,0.0,0.0,0.0,0.0,0.397307473570559,0.602692526429441,0.0,0.0,0.0,0.0
Q91V88,2,561,S,test,2,0.0,0.0,1.0,0.0,0.0,0.0,0.0,0.0,0.0,0.0
Q91VN0,5,1614,M,test,4,0.0,0.0,0.0,0.0,0.8000536916353094,0.19994630836469068,0.0,0.0,0.0,0.0
Q91WC0,0,594,U,test,0,0.8031104303596341,0.19688956964036589,0.0,0.0,0.0,0.0,0.0,0.0,0.0,0.0
Q91WW2,4,313,M,test,4,0.0,0.0,0.0,0.0,1.0,0.0,0.0,0.0,0.0,0.0
Q91WW5,4,304,M,test,4,0.0,0.0,0.0,0.0,1.0,0.0,0.0,0.0,0.0,0.0
Q91XJ0,0,401,U,test,0,0.5911032254414892,0.40889677455851087,0.0,0.0,0.0,0.0,0.0,0.0,0.0,0.0
Q91XT6,0,489,U,test,1,0.3827597861380098,0.42612868695964906,0.0,0.0,0.1911115269023411,0.0,0.0,0.0,0.0,0.0
Q91YJ3,0,226,U,test,0,0.8316218510877458,0.16837814891225428,0.0,0.0,0.0,0.0,0.0,0.0,0.0,0.0
Q91YR1,1,350,S,test,1,0.38226852336573036,0.40884554898127645,0.0,0.0,0.0,0.0,0.2088859276529933,0.0,0.0,0.0
Q91ZD4,4,521,M,test,1,0.19262723805966014,0.5937535213820884,0.0,0.0,0.0,0.0,0.0,0.0,0.21361924055825152,0.0
Q91ZU1,1,418,S,test,1,0.0,0.6016675961454856,0.0,0.3983324038545144,0.0,0.0,0.0,0.0,0.0,0.0
Q920N1,1,254,S,test,1,0.18808470159097807,0.8119152984090219,0.0,0.0,0.0,0.0,0.0,0.0,0.0,0.0
Q920S2,4,322,M,test,4,0.0,0.0,0.15568641781037132,0.0,0.8443135821896287,0.0,0.0,0.0,0.0,0.0
Q922B9,1,1252,S,test,1,0.19108292402380386,0.6104631160131269,0.0,0.0,0.19845395996306925,0.0,0.0,0.0,0.0,0.0
Q923Z3,3,669,U,test,3,0.0,0.18028947291207542,0.0,0.8197105270879246,0.0,0.0,0.0,0.0,0.0,0.0
Q92484,2,453,S,test,2,0.0,0.0,0.6101172502141485,0.0,0.18892400574606882,0.0,0.0,0.0,0.20095874403978267,0.0
Q924M5,1,281,S,test,1,0.38780312760428104,0.612196872395719,0.0,0.0,0.0,0.0,0.0,0.0,0.0,0.0
Q924N4,4,1150,M,test,4,0.1901718966298402,0.0,0.0,0.0,0.5826172110260311,0.22721089234412875,0.0,0.0,0.0,0.0
Q924W5,0,1097,U,test,0,0.8501382831490427,0.14986171685095726,0.0,0.0,0.0,0.0,0.0,0.0,0.0,0.0
Q92506,3,261,S,test,1,0.0,0.3983646044208906,0.0,0.22423280624337966,0.0,0.183969889935976,0.0,0.0,0.0,0.19343269939975374
Q92521,5,554,M,test,5,0.0,0.0,0.0,0.0,0.0,0.8292327124751857,0.0,0.17076728752481435,0.0,0.0
Q92585,0,1016,U,test,0,1.0,0.0,0.0,0.0,0.0,0.0,0.0,0.0,0.0,0.0
Q925D4,0,263,M,test,4,0.0,0.0,0.0,0.0,0.5850513789947793,0.2163205170392965,0.0,0.19862810396592426,0.0,0.0
Q925J9,0,1575,U,test,1,0.4043569647105188,0.4052317941545565,0.0,0.0,0.0,0.1904112411349247,0.0,0.0,0.0,0.0
Q92643,5,395,M,test,4,0.1859203618033171,0.0,0.2022481886995054,0.0,0.40138777349263555,0.21044367600454197,0.0,0.0,0.0,0.0
Q92754,0,450,U,test,0,1.0,0.0,0.0,0.0,0.0,0.0,0.0,0.0,0.0,0.0
Q92791,0,437,U,test,2,0.0,0.0,0.4384654350708319,0.0,0.0,0.3864360177622618,0.0,0.0,0.0,0.17509854716690632
Q92833,0,1246,U,test,0,0.6057250788418045,0.3942749211581955,0.0,0.0,0.0,0.0,0.0,0.0,0.0,0.0
Q93373,4,773,M,test,4,0.0,0.0,0.0,0.0,1.0,0.0,0.0,0.0,0.0,0.0
Q93833,1,412,S,test,0,0.6406152556841581,0.35938474431584194,0.0,0.0,0.0,0.0,0.0,0.0,0.0,0.0
Q93V61,5,447,M,test,5,0.0,0.0,0.3864087807309558,0.0,0.19854154545528416,0.41504967381376007,0.0,0.0,0.0,0.0
Q93VJ2,5,881,M,test,5,0.3416228810900982,0.0,0.0,0.0,0.0,0.4817653783564807,0.0,0.0,0.1766117405534211,0.0
Q93VQ0,8,858,M,test,0,0.5761300731921527,0.19074586591061707,0.0,0.0,0.0,0.0,0.0,0.0,0.23312406089723028,0.0
Q93VY3,0,297,U,test,0,1.0,0.0,0.0,0.0,0.0,0.0,0.0,0.0,0.0,0.0
Q93WX6,6,463,S,test,3,0.0,0.0,0.0,0.5899314150428417,0.0,0.0,0.41006858495715826,0.0,0.0,0.0
Q93YP7,3,407,M,test,6,0.0,0.0,0.0,0.0,0.0,0.0,1.0,0.0,0.0,0.0
Q93ZM9,0,197,U,test,0,1.0,0.0,0.0,0.0,0.0,0.0,0.0,0.0,0.0,0.0
Q93ZS9,0,580,U,test,0,0.7845196239876518,0.21548037601234823,0.0,0.0,0.0,0.0,0.0,0.0,0.0,0.0
Q941D3,6,239,U,test,6,0.0,0.0,0.0,0.0,0.0,0.0,1.0,0.0,0.0,0.0
Q941F1,6,515,U,test,6,0.0,0.0,0.0,0.0,0.0,0.0,1.0,0.0,0.0,0.0
Q944H2,6,391,M,test,6,0.0,0.0,0.0,0.0,0.0,0.0,1.0,0.0,0.0,0.0
Q944N1,0,399,U,test,0,1.0,0.0,0.0,0.0,0.0,0.0,0.0,0.0,0.0,0.0
Q945K7,3,374,U,test,3,0.0,0.20247177814218936,0.0,0.5926289923958462,0.0,0.0,0.20489922946196448,0.0,0.0,0.0
Q94637,2,1648,S,test,2,0.0,0.18915652488133947,0.43519400218008586,0.0,0.0,0.3756494729385747,0.0,0.0,0.0,0.0
Q946J8,0,445,U,test,0,1.0,0.0,0.0,0.0,0.0,0.0,0.0,0.0,0.0,0.0
Q948R1,6,447,U,test,6,0.0,0.1798372443315595,0.0,0.0,0.22613481842654998,0.0,0.5940279372418906,0.0,0.0,0.0
Q948T9,4,867,M,test,1,0.1988136291831838,0.8011863708168162,0.0,0.0,0.0,0.0,0.0,0.0,0.0,0.0
Q948U0,4,963,M,test,3,0.40786901716134344,0.0,0.0,0.409494306292956,0.1826366765457006,0.0,0.0,0.0,0.0,0.0
Q94981,1,503,S,test,0,0.7892217773740464,0.2107782226259536,0.0,0.0,0.0,0.0,0.0,0.0,0.0,0.0
Q949Q5,6,140,M,test,6,0.0,0.0,0.0,0.0,0.0,0.2140556404790716,0.7859443595209283,0.0,0.0,0.0
Q949S9,0,253,U,test,0,0.8061478536962287,0.19385214630377143,0.0,0.0,0.0,0.0,0.0,0.0,0.0,0.0
Q949W6,0,485,M,test,5,0.18875699970389723,0.39832536796274304,0.0,0.0,0.0,0.4129176323333597,0.0,0.0,0.0,0.0
Q94A68,6,377,S,test,3,0.0,0.0,0.0,0.5862250422702544,0.0,0.19700061466833976,0.2167743430614058,0.0,0.0,0.0
Q94AI7,0,1131,U,test,0,0.6155735261799271,0.384426473820073,0.0,0.0,0.0,0.0,0.0,0.0,0.0,0.0
Q94AP3,8,389,M,test,8,0.0,0.0,0.0,0.21878843156985514,0.0,0.0,0.0,0.21949104548966603,0.5617205229404789,0.0
Q94AV5,0,459,M,test,0,0.8032907708569333,0.19670922914306666,0.0,0.0,0.0,0.0,0.0,0.0,0.0,0.0
Q94BP7,1,741,S,test,0,0.6249900780461322,0.3750099219538679,0.0,0.0,0.0,0.0,0.0,0.0,0.0,0.0
Q94CC0,5,480,M,test,0,0.5990589655573525,0.0,0.0,0.0,0.40094103444264756,0.0,0.0,0.0,0.0,0.0
Q94CG5,1,974,S,test,1,0.0,0.5322534857424801,0.0,0.0,0.28545258307810883,0.0,0.0,0.182293931179411,0.0,0.0
Q94F00,6,371,S,test,6,0.0,0.0,0.0,0.21306912046206272,0.0,0.0,0.7869308795379373,0.0,0.0,0.0
Q94FB9,9,1337,M,test,4,0.0,0.0,0.0,0.0,0.6026183318838375,0.0,0.3973816681161625,0.0,0.0,0.0
Q94ID1,3,329,U,test,3,0.0,0.20698790410904802,0.0,0.793012095890952,0.0,0.0,0.0,0.0,0.0,0.0
Q94ID2,6,330,U,test,3,0.19560882756800196,0.21748937140901423,0.0,0.3944259818573908,0.0,0.0,0.19247581916559303,0.0,0.0,0.0
Q94ID3,6,357,U,test,6,0.1939929605034026,0.0,0.0,0.19594422117777346,0.0,0.0,0.6100628183188239,0.0,0.0,0.0
Q94JX5,1,190,S,test,1,0.21205930700734082,0.7879406929926591,0.0,0.0,0.0,0.0,0.0,0.0,0.0,0.0
Q94KI8,8,733,M,test,4,0.0,0.0,0.0,0.0,0.4127798346691221,0.18956790287791894,0.0,0.0,0.397652262452959,0.0
Q95218,2,1594,S,test,4,0.0,0.0,0.4028571358856693,0.0,0.5971428641143307,0.0,0.0,0.0,0.0,0.0
Q95J56,5,699,M,test,0,1.0,0.0,0.0,0.0,0.0,0.0,0.0,0.0,0.0,0.0
Q95M12,8,433,U,test,2,0.0,0.0,0.42295583983187723,0.0,0.1899121282343004,0.38713203193382245,0.0,0.0,0.0,0.0
Q95T19,3,464,U,test,3,0.20053676841148704,0.18682908925484443,0.0,0.6126341423336685,0.0,0.0,0.0,0.0,0.0,0.0
Q95XZ6,8,311,M,test,4,0.0,0.0,0.0,0.0,0.4150269986329695,0.19142446354632772,0.0,0.0,0.39354853782070276,0.0
Q960V3,3,1122,U,test,7,0.1973868911335814,0.1962648052257266,0.0,0.0,0.20083358479603283,0.0,0.0,0.20567543375268627,0.19983928509197293,0.0
Q96285,4,661,M,test,4,0.0,0.0,0.0,0.0,1.0,0.0,0.0,0.0,0.0,0.0
Q96288,0,248,U,test,0,0.7921546981817038,0.20784530181829627,0.0,0.0,0.0,0.0,0.0,0.0,0.0,0.0
Q969D9,2,159,S,test,2,0.0,0.0,0.6258955086618337,0.0,0.37410449133816626,0.0,0.0,0.0,0.0,0.0
Q969J2,0,545,U,test,0,1.0,0.0,0.0,0.0,0.0,0.0,0.0,0.0,0.0,0.0
Q969V3,5,563,M,test,7,0.0,0.0,0.0,0.0,0.0,0.43957432570998084,0.0,0.5604256742900192,0.0,0.0
Q969X6,0,686,U,test,0,0.8209716148230234,0.1790283851769766,0.0,0.0,0.0,0.0,0.0,0.0,0.0,0.0
Q96AG3,3,418,M,test,3,0.19523787457401542,0.0,0.0,0.8047621254259846,0.0,0.0,0.0,0.0,0.0,0.0
Q96AY2,0,570,U,test,0,1.0,0.0,0.0,0.0,0.0,0.0,0.0,0.0,0.0,0.0
Q96B02,0,151,U,test,0,1.0,0.0,0.0,0.0,0.0,0.0,0.0,0.0,0.0,0.0
Q96BF6,0,587,U,test,0,1.0,0.0,0.0,0.0,0.0,0.0,0.0,0.0,0.0,0.0
Q96BH3,2,223,S,test,2,0.0,0.0,1.0,0.0,0.0,0.0,0.0,0.0,0.0,0.0
Q96BN2,0,335,U,test,0,0.597861825065236,0.20790095530202612,0.0,0.0,0.19423721963273796,0.0,0.0,0.0,0.0,0.0
Q96BP3,0,646,U,test,0,0.6128108052598807,0.3871891947401193,0.0,0.0,0.0,0.0,0.0,0.0,0.0,0.0
Q96BY9,5,339,M,test,4,0.1967588579080868,0.2000073108525679,0.0,0.0,0.6032338312393454,0.0,0.0,0.0,0.0,0.0
Q96BY9-2,5,167,M,test,1,0.18876423002760853,0.6108147053357652,0.0,0.0,0.20042106463662637,0.0,0.0,0.0,0.0,0.0
Q96C03,3,454,M,test,4,0.16733695456675826,0.0,0.0,0.19537397979123167,0.493339217638085,0.0,0.0,0.0,0.0,0.14394984800392502
Q96C10,1,678,S,test,0,0.8025721276282596,0.19742787237174045,0.0,0.0,0.0,0.0,0.0,0.0,0.0,0.0
Q96CJ1,0,260,U,test,0,0.8028265846298163,0.19717341537018376,0.0,0.0,0.0,0.0,0.0,0.0,0.0,0.0
Q96CN5,1,670,S,test,1,0.2246155410677979,0.7753844589322021,0.0,0.0,0.0,0.0,0.0,0.0,0.0,0.0
Q96DI7,0,357,U,test,0,0.5879179571948725,0.41208204280512756,0.0,0.0,0.0,0.0,0.0,0.0,0.0,0.0
Q96DZ1,5,483,S,test,5,0.17917381006545693,0.0,0.3454725466219364,0.0,0.0,0.4753536433126067,0.0,0.0,0.0,0.0
Q96E29,3,417,U,test,3,0.0,0.0,0.0,0.6180501487945008,0.0,0.0,0.3819498512054993,0.0,0.0,0.0
Q96EG1,8,525,U,test,3,0.0,0.0,0.1807766281305027,0.40155800705025707,0.22607620215890742,0.1915891626603329,0.0,0.0,0.0,0.0
Q96EP1,0,664,U,test,1,0.37371867756354615,0.4326370457111984,0.0,0.0,0.19364427672525547,0.0,0.0,0.0,0.0,0.0
Q96EX3,1,536,S,test,0,0.6025459414118575,0.0,0.0,0.20143668075578222,0.0,0.19601737783236026,0.0,0.0,0.0,0.0
Q96G97,5,398,M,test,0,0.3963625934211762,0.0,0.0,0.0,0.39007462545401356,0.21356278112481025,0.0,0.0,0.0,0.0
Q96GG9,0,259,U,test,1,0.0,1.0,0.0,0.0,0.0,0.0,0.0,0.0,0.0,0.0
Q96GM5,0,515,U,test,0,0.8014677303045199,0.19853226969548013,0.0,0.0,0.0,0.0,0.0,0.0,0.0,0.0
Q96GX9,1,242,S,test,0,0.39884492043908304,0.20561745857017036,0.0,0.3955376209907466,0.0,0.0,0.0,0.0,0.0,0.0
Q96HY6,5,314,U,test,0,0.7387512592331719,0.26124874076682814,0.0,0.0,0.0,0.0,0.0,0.0,0.0,0.0
Q96HY7,3,919,U,test,3,0.0,0.19893642417003976,0.0,0.8010635758299602,0.0,0.0,0.0,0.0,0.0,0.0
Q96I25,0,401,U,test,0,1.0,0.0,0.0,0.0,0.0,0.0,0.0,0.0,0.0,0.0
Q96JC9,0,268,U,test,0,0.586341820805045,0.41365817919495496,0.0,0.0,0.0,0.0,0.0,0.0,0.0,0.0
Q96JK9,0,1138,U,test,0,1.0,0.0,0.0,0.0,0.0,0.0,0.0,0.0,0.0,0.0
Q96JW4,4,573,M,test,4,0.0,0.0,0.0,0.20907249438238767,0.5745271388309855,0.0,0.0,0.2164003667866268,0.0,0.0
Q96M02,1,699,S,test,4,0.1999440704862317,0.38386419033795216,0.0,0.0,0.41619173917581614,0.0,0.0,0.0,0.0,0.0
Q96M11,1,299,S,test,1,0.4193077057580059,0.5806922942419942,0.0,0.0,0.0,0.0,0.0,0.0,0.0,0.0
Q96M32,1,723,S,test,0,0.3970987086601441,0.38917569442571304,0.0,0.0,0.21372559691414295,0.0,0.0,0.0,0.0,0.0
Q96MT8,1,703,S,test,0,0.648711155278099,0.17652960960796768,0.0,0.0,0.0,0.0,0.0,0.1747592351139334,0.0,0.0
Q96MU7,0,727,U,test,0,1.0,0.0,0.0,0.0,0.0,0.0,0.0,0.0,0.0,0.0
Q96MW5,7,612,M,test,0,1.0,0.0,0.0,0.0,0.0,0.0,0.0,0.0,0.0,0.0
Q96N77,0,438,U,test,0,1.0,0.0,0.0,0.0,0.0,0.0,0.0,0.0,0.0,0.0
Q96NL6,1,688,S,test,1,0.0,0.6339527443474926,0.0,0.0,0.0,0.0,0.0,0.3660472556525074,0.0,0.0
Q96NY9,0,551,U,test,0,0.5984546537524751,0.0,0.0,0.4015453462475249,0.0,0.0,0.0,0.0,0.0,0.0
Q96PN7,0,1200,U,test,0,1.0,0.0,0.0,0.0,0.0,0.0,0.0,0.0,0.0,0.0
Q96PU5,1,975,S,test,1,0.20373574362127644,0.7962642563787236,0.0,0.0,0.0,0.0,0.0,0.0,0.0,0.0
Q96Q11,3,434,U,test,1,0.1948716068130267,0.3897999474656728,0.0,0.19322658062674142,0.0,0.0,0.0,0.0,0.0,0.22210186509455906
Q96QG7,1,549,S,test,1,0.0,1.0,0.0,0.0,0.0,0.0,0.0,0.0,0.0,0.0
Q96RT7,1,1819,S,test,1,0.19364115833865805,0.6093677725518776,0.0,0.0,0.0,0.0,0.0,0.19699106910946446,0.0,0.0
Q96S37,4,553,M,test,4,0.0,0.0,0.0,0.0,0.7826758817209386,0.0,0.0,0.0,0.21732411827906145,0.0
Q96S94,0,520,S,test,0,0.8253829330919579,0.17461706690804213,0.0,0.0,0.0,0.0,0.0,0.0,0.0,0.0
Q96SB8,0,1091,U,test,0,1.0,0.0,0.0,0.0,0.0,0.0,0.0,0.0,0.0,0.0
Q96T37,0,977,M,test,0,0.407315725841016,0.39365660930350527,0.0,0.0,0.0,0.0,0.0,0.0,0.0,0.1990276648554788
Q96T58,0,3664,U,test,0,1.0,0.0,0.0,0.0,0.0,0.0,0.0,0.0,0.0,0.0
Q96TA2,3,773,M,test,0,0.3920690800935257,0.18814457789469394,0.0,0.20136097374833659,0.0,0.21842536826344372,0.0,0.0,0.0,0.0
Q96VH5,3,97,M,test,3,0.0,0.0,0.0,1.0,0.0,0.0,0.0,0.0,0.0,0.0
Q96WW4,5,371,M,test,4,0.20941087424820137,0.0,0.0,0.0,0.6101339463258186,0.0,0.0,0.0,0.18045517942597997,0.0
Q98SJ2,1,360,S,test,1,0.3849413907234738,0.6150586092765262,0.0,0.0,0.0,0.0,0.0,0.0,0.0,0.0
Q99109,2,652,S,test,2,0.0,0.0,1.0,0.0,0.0,0.0,0.0,0.0,0.0,0.0
Q99134,2,64,S,test,2,0.0,0.0,1.0,0.0,0.0,0.0,0.0,0.0,0.0,0.0
Q99158,5,426,S,test,0,0.5929626181091624,0.19396979429972463,0.0,0.0,0.0,0.21306758759111302,0.0,0.0,0.0,0.0
Q99177,0,341,U,test,1,0.1979721180727932,0.8020278819272068,0.0,0.0,0.0,0.0,0.0,0.0,0.0,0.0
Q99332,5,602,M,test,1,0.20014171190083044,0.5756853759428202,0.0,0.0,0.0,0.0,0.0,0.0,0.22417291215634938,0.0
Q99549,0,860,U,test,0,0.805209585796294,0.19479041420370596,0.0,0.0,0.0,0.0,0.0,0.0,0.0,0.0
Q99590,0,1463,U,test,0,0.7703500509762359,0.22964994902376418,0.0,0.0,0.0,0.0,0.0,0.0,0.0,0.0
Q99638,0,391,U,test,0,1.0,0.0,0.0,0.0,0.0,0.0,0.0,0.0,0.0,0.0
Q99678,4,358,M,test,4,0.0,0.0,0.0,0.0,1.0,0.0,0.0,0.0,0.0,0.0
Q99714,3,261,U,test,1,0.0,0.42354342247532334,0.0,0.1987421775992181,0.0,0.0,0.0,0.0,0.0,0.3777143999254585
Q99732,8,161,M,test,4,0.0,0.3908410880777841,0.0,0.0,0.4045798580958982,0.0,0.0,0.0,0.20457905382631766,0.0
Q99788,4,373,M,test,4,0.0,0.0,0.0,0.0,1.0,0.0,0.0,0.0,0.0,0.0
Q99871,1,368,S,test,1,0.39521267438448193,0.6047873256155181,0.0,0.0,0.0,0.0,0.0,0.0,0.0,0.0
Q99J87,1,678,S,test,0,0.8019403088449003,0.1980596911550997,0.0,0.0,0.0,0.0,0.0,0.0,0.0,0.0
Q99JS0,4,100,M,test,4,0.0,0.0,0.0,0.1965107446371491,0.21957065512478124,0.18049932601444352,0.0,0.20444847791852439,0.19897079630510175,0.0
Q99JX3,7,451,M,test,0,0.40668039385350946,0.3898467029854113,0.0,0.0,0.20347290316107935,0.0,0.0,0.0,0.0,0.0
Q99K48,0,473,U,test,0,0.5912100644700798,0.4087899355299202,0.0,0.0,0.0,0.0,0.0,0.0,0.0,0.0
Q99KK2,0,432,U,test,1,0.0,0.41950959602633997,0.0,0.38764837915985867,0.0,0.0,0.19284202481380144,0.0,0.0,0.0
Q99LQ4,2,66,S,test,0,0.4003535778626666,0.18973096216001464,0.0,0.21159038705856112,0.1983250729187575,0.0,0.0,0.0,0.0,0.0
Q99MG7,2,172,S,test,2,0.0,0.0,1.0,0.0,0.0,0.0,0.0,0.0,0.0,0.0
Q99ML4,5,431,M,test,2,0.0,0.0,0.3952800943550529,0.0,0.18051621472771925,0.22029548198796556,0.0,0.20390820892926229,0.0,0.0
Q99ML8,2,113,S,test,5,0.19383156570436105,0.0,0.19328405789983696,0.19151373372623262,0.20159518195326123,0.21977546071630819,0.0,0.0,0.0,0.0
Q99MQ1,1,977,S,test,1,0.39529267759942993,0.6047073224005701,0.0,0.0,0.0,0.0,0.0,0.0,0.0,0.0
Q99MS4,2,279,S,test,2,0.0,0.0,0.6164075286506866,0.0,0.3835924713493135,0.0,0.0,0.0,0.0,0.0
Q99MU0,0,676,U,test,0,0.803109002819317,0.196890997180683,0.0,0.0,0.0,0.0,0.0,0.0,0.0,0.0
Q99MV1,1,1172,S,test,0,1.0,0.0,0.0,0.0,0.0,0.0,0.0,0.0,0.0,0.0
Q99MV2,1,351,S,test,2,0.36399561389649965,0.0,0.4434874075853696,0.0,0.19251697851813074,0.0,0.0,0.0,0.0,0.0
Q99N93,3,251,U,test,3,0.0,0.0,0.0,1.0,0.0,0.0,0.0,0.0,0.0,0.0
Q99NB1,3,682,S,test,3,0.0,0.0,0.0,1.0,0.0,0.0,0.0,0.0,0.0,0.0
Q99P30,9,236,U,test,1,0.1863658960424959,0.6306056916917976,0.0,0.0,0.0,0.0,0.0,0.0,0.0,0.18302841226570654
Q99PQ1,1,284,S,test,1,0.16624076941880778,0.8337592305811923,0.0,0.0,0.0,0.0,0.0,0.0,0.0,0.0
Q9ASQ7,4,519,M,test,4,0.0,0.0,0.0,0.0,0.6031965858380915,0.20100818059005088,0.0,0.0,0.19579523357185757,0.0
Q9BMK9,4,1001,M,test,4,0.0,0.0,0.0,0.0,0.5804701298128075,0.2205645674611278,0.0,0.0,0.19896530272606475,0.0
Q9BQ83,0,275,U,test,3,0.0,0.38370070284991525,0.0,0.4098213278570506,0.0,0.20647796929303414,0.0,0.0,0.0,0.0
Q9BQA5,0,517,U,test,0,1.0,0.0,0.0,0.0,0.0,0.0,0.0,0.0,0.0,0.0
Q9BQB4,2,213,S,test,2,0.0,0.0,1.0,0.0,0.0,0.0,0.0,0.0,0.0,0.0
Q9BQQ3,7,440,M,test,1,0.36746264769372056,0.6325373523062795,0.0,0.0,0.0,0.0,0.0,0.0,0.0,0.0
Q9BR76,1,489,S,test,0,1.0,0.0,0.0,0.0,0.0,0.0,0.0,0.0,0.0,0.0
Q9BSH3,0,213,U,test,1,0.0,0.6026560754408743,0.19777873485893163,0.0,0.0,0.0,0.0,0.19956518970019407,0.0,0.0
Q9BTP7,0,215,U,test,0,0.4159739078001755,0.19481191324575986,0.0,0.1982480265325904,0.0,0.0,0.0,0.0,0.0,0.19096615242147422
Q9BUL9,0,199,U,test,0,0.7969580427842274,0.20304195721577242,0.0,0.0,0.0,0.0,0.0,0.0,0.0,0.0
Q9BV35,3,468,M,test,3,0.0,0.0,0.0,0.6192808938222145,0.0,0.0,0.3807191061777855,0.0,0.0,0.0
Q9BVJ6,0,771,U,test,0,1.0,0.0,0.0,0.0,0.0,0.0,0.0,0.0,0.0,0.0
Q9BVK8,5,224,M,test,5,0.0,0.0,0.0,0.0,0.19565279033261693,0.8043472096673832,0.0,0.0,0.0,0.0
Q9BVV6,1,1533,S,test,0,0.5905945699750288,0.4094054300249712,0.0,0.0,0.0,0.0,0.0,0.0,0.0,0.0
Q9BW62,1,490,S,test,0,0.4404795360357596,0.19168452236625808,0.0,0.1815967382661872,0.0,0.0,0.18623920333179514,0.0,0.0,0.0
Q9BWV1,4,1114,M,test,4,0.0,0.0,0.0,0.0,1.0,0.0,0.0,0.0,0.0,0.0
Q9BWW7,0,348,U,test,0,1.0,0.0,0.0,0.0,0.0,0.0,0.0,0.0,0.0,0.0
Q9BX84,4,2022,M,test,1,0.399068531017499,0.4053518809600438,0.0,0.0,0.19557958802245728,0.0,0.0,0.0,0.0,0.0
Q9BX95,5,441,M,test,8,0.0,0.0,0.0,0.0,0.19075279283170257,0.3799516729004541,0.0,0.0,0.42929553426784334,0.0
Q9BXB5,1,764,S,test,0,0.8167933596378251,0.18320664036217502,0.0,0.0,0.0,0.0,0.0,0.0,0.0,0.0
Q9BXL5,0,484,U,test,0,0.5762767779635775,0.4237232220364226,0.0,0.0,0.0,0.0,0.0,0.0,0.0,0.0
Q9BXS1,9,227,U,test,1,0.0,0.6016991512385407,0.1983593899855424,0.0,0.0,0.0,0.0,0.0,0.0,0.19994145877591699
Q9BY07,4,1137,M,test,4,0.0,0.0,0.0,0.0,0.8354734378785896,0.0,0.0,0.1645265621214104,0.0,0.0
Q9BYC9,3,149,U,test,3,0.19531950762554237,0.19572684899272635,0.0,0.6089536433817313,0.0,0.0,0.0,0.0,0.0,0.0
Q9BYD1,3,178,U,test,0,0.38672054732777356,0.20672236196731422,0.0,0.21229747677724353,0.0,0.0,0.0,0.0,0.0,0.19425961392766855
Q9BYG8,1,508,S,test,1,0.19553250447458312,0.8044674955254169,0.0,0.0,0.0,0.0,0.0,0.0,0.0,0.0
Q9BYK8,0,2649,U,test,0,0.544553518503114,0.2716722666865691,0.0,0.183774214810317,0.0,0.0,0.0,0.0,0.0,0.0
Q9C0E8,5,428,M,test,0,0.6013584831393829,0.0,0.0,0.1950845165873251,0.0,0.0,0.0,0.0,0.0,0.20355700027329202
Q9C0U6,1,555,S,test,1,0.0,0.8056924378788956,0.0,0.0,0.0,0.0,0.0,0.0,0.0,0.1943075621211045
Q9C0Z8,3,319,U,test,1,0.1959054704107036,0.41921711141756385,0.0,0.20330528517294028,0.0,0.0,0.0,0.18157213299879232,0.0,0.0
Q9C1W6,1,395,S,test,1,0.0,0.7683357838862395,0.0,0.0,0.0,0.0,0.0,0.23166421611376048,0.0,0.0
Q9C4Z7,6,229,U,test,6,0.0,0.0,0.0,0.0,0.0,0.0,1.0,0.0,0.0,0.0
Q9C5P4,0,669,U,test,0,1.0,0.0,0.0,0.0,0.0,0.0,0.0,0.0,0.0,0.0
Q9C5S1,1,784,S,test,0,0.43211616978204204,0.3816984999102199,0.0,0.0,0.18618533030773812,0.0,0.0,0.0,0.0,0.0
Q9C5S2,5,841,M,test,5,0.0,0.0,0.0,0.0,0.19358854855422153,0.8064114514457785,0.0,0.0,0.0,0.0
Q9C5Y2,5,489,M,test,5,0.0,0.0,0.0,0.0,0.0,1.0,0.0,0.0,0.0,0.0
Q9C658,1,611,S,test,1,0.3388217090114985,0.6611782909885016,0.0,0.0,0.0,0.0,0.0,0.0,0.0,0.0
Q9C8J6,6,527,U,test,6,0.0,0.0,0.0,0.0,0.0,0.0,1.0,0.0,0.0,0.0
Q9C8L2,6,287,S,test,6,0.0,0.0,0.0,0.36497720305461134,0.0,0.0,0.6350227969453887,0.0,0.0,0.0
Q9C8M5,1,476,S,test,1,0.0,1.0,0.0,0.0,0.0,0.0,0.0,0.0,0.0,0.0
Q9C8N5,0,499,U,test,0,0.7761983009224386,0.2238016990775614,0.0,0.0,0.0,0.0,0.0,0.0,0.0,0.0
Q9C932,0,317,U,test,0,1.0,0.0,0.0,0.0,0.0,0.0,0.0,0.0,0.0,0.0
Q9C952,0,693,U,test,0,1.0,0.0,0.0,0.0,0.0,0.0,0.0,0.0,0.0,0.0
Q9C9N6,1,607,S,test,0,0.3567609681840075,0.20878689120229738,0.0,0.0,0.0,0.0,0.1645589138245325,0.0,0.2698932267891627,0.0
Q9C9X7,0,419,U,test,0,0.5849626716132124,0.41503732838678775,0.0,0.0,0.0,0.0,0.0,0.0,0.0,0.0
Q9CA19,3,154,U,test,1,0.0,0.570197703706545,0.0,0.23753440147623014,0.0,0.0,0.19226789481722484,0.0,0.0,0.0
Q9CAC5,6,191,M,test,6,0.0,0.0,0.0,0.0,0.0,0.0,1.0,0.0,0.0,0.0
Q9CAE4,0,261,U,test,0,0.8119446254146894,0.1880553745853107,0.0,0.0,0.0,0.0,0.0,0.0,0.0,0.0
Q9CAL8,4,710,M,test,4,0.10173530357111144,0.0,0.0,0.0,0.7809271475767438,0.0,0.0,0.11733754885214473,0.0,0.0
Q9CQ45,2,171,S,test,3,0.0,0.0,0.22749803886807335,0.38755181153006896,0.0,0.0,0.38495014960185775,0.0,0.0,0.0
Q9CQL4,3,149,U,test,3,0.0,0.19975621747966163,0.0,0.8002437825203382,0.0,0.0,0.0,0.0,0.0,0.0
Q9CQN4,2,206,S,test,2,0.0,0.0,1.0,0.0,0.0,0.0,0.0,0.0,0.0,0.0
Q9CRZ8,5,162,M,test,4,0.0,0.0,0.0,0.0,0.6097204797343584,0.39027952026564167,0.0,0.0,0.0,0.0
Q9CUU3,0,1500,U,test,1,0.4318594560770781,0.5681405439229219,0.0,0.0,0.0,0.0,0.0,0.0,0.0,0.0
Q9CWH0,0,301,U,test,0,1.0,0.0,0.0,0.0,0.0,0.0,0.0,0.0,0.0,0.0
Q9CXD9,2,443,S,test,2,0.0,0.0,1.0,0.0,0.0,0.0,0.0,0.0,0.0,0.0
Q9CY02,1,102,S,test,0,0.6220625633806971,0.3779374366193029,0.0,0.0,0.0,0.0,0.0,0.0,0.0,0.0
Q9CZ16,5,297,M,test,5,0.0,0.0,0.0,0.0,0.3714636615882193,0.44242946366655894,0.0,0.18610687474522178,0.0,0.0
Q9D023,3,127,M,test,5,0.0,0.0,0.0,0.40721414391110017,0.0,0.5927858560888998,0.0,0.0,0.0,0.0
Q9D198,0,242,U,test,0,0.8171878753690958,0.0,0.0,0.18281212463090424,0.0,0.0,0.0,0.0,0.0,0.0
Q9D1F4,1,257,S,test,0,0.6033931710734095,0.20245581932477305,0.0,0.0,0.1941510096018175,0.0,0.0,0.0,0.0,0.0
Q9D1T0,4,614,M,test,2,0.0,0.0,0.5775752662091994,0.0,0.4224247337908007,0.0,0.0,0.0,0.0,0.0
Q9D219,0,1425,U,test,0,1.0,0.0,0.0,0.0,0.0,0.0,0.0,0.0,0.0,0.0
Q9D495,0,329,U,test,1,0.2025900586168393,0.7974099413831608,0.0,0.0,0.0,0.0,0.0,0.0,0.0,0.0
Q9D563,4,222,M,test,4,0.0,0.0,0.0,0.0,0.7568947312845895,0.24310526871541055,0.0,0.0,0.0,0.0
Q9D6I7,5,428,M,test,7,0.0,0.0,0.0,0.0,0.0,0.0,0.0,1.0,0.0,0.0
Q9D6Z6,2,183,S,test,0,0.5986299494803803,0.2014653628583999,0.19990468766121994,0.0,0.0,0.0,0.0,0.0,0.0,0.0
Q9D7G9,1,263,S,test,0,1.0,0.0,0.0,0.0,0.0,0.0,0.0,0.0,0.0,0.0
Q9D7K2,0,161,U,test,0,0.7956618847384315,0.20433811526156861,0.0,0.0,0.0,0.0,0.0,0.0,0.0,0.0
Q9DDT5,0,1084,U,test,0,1.0,0.0,0.0,0.0,0.0,0.0,0.0,0.0,0.0,0.0
Q9EPK6,5,465,S,test,1,0.0,1.0,0.0,0.0,0.0,0.0,0.0,0.0,0.0,0.0
Q9EQ14,2,196,S,test,2,0.18644003114872007,0.0,0.6351371057605423,0.0,0.17842286309073768,0.0,0.0,0.0,0.0,0.0
Q9EQJ4,0,579,U,test,0,1.0,0.0,0.0,0.0,0.0,0.0,0.0,0.0,0.0,0.0
Q9EQR5,4,269,M,test,4,0.1770432418213829,0.0,0.0,0.0,0.8229567581786171,0.0,0.0,0.0,0.0,0.0
Q9ERP3,1,366,S,test,1,0.420387854117721,0.5796121458822789,0.0,0.0,0.0,0.0,0.0,0.0,0.0,0.0
Q9ERU2,0,237,U,test,0,1.0,0.0,0.0,0.0,0.0,0.0,0.0,0.0,0.0,0.0
Q9ERZ0,0,503,U,test,0,0.7961061967616361,0.20389380323836395,0.0,0.0,0.0,0.0,0.0,0.0,0.0,0.0
Q9ESC8,0,1160,U,test,0,0.8255995703068606,0.17440042969313943,0.0,0.0,0.0,0.0,0.0,0.0,0.0,0.0
Q9ESP5,0,455,U,test,0,1.0,0.0,0.0,0.0,0.0,0.0,0.0,0.0,0.0,0.0
Q9EST4,0,264,U,test,1,0.4003528410754238,0.5996471589245762,0.0,0.0,0.0,0.0,0.0,0.0,0.0,0.0
Q9FE22,0,292,U,test,0,1.0,0.0,0.0,0.0,0.0,0.0,0.0,0.0,0.0,0.0
Q9FEE2,1,480,S,test,0,0.41056116729620734,0.217097443127248,0.0,0.0,0.18736269543903708,0.0,0.0,0.0,0.1849786941375075,0.0
Q9FEN9,0,228,U,test,0,0.6081435475276261,0.19586113298263952,0.0,0.0,0.0,0.1959953194897343,0.0,0.0,0.0,0.0
Q9FFA2,0,426,U,test,0,0.8171447294688126,0.1828552705311875,0.0,0.0,0.0,0.0,0.0,0.0,0.0,0.0
Q9FFD9,5,368,M,test,5,0.19832159371705066,0.0,0.0,0.0,0.18926335283653486,0.6124150534464146,0.0,0.0,0.0,0.0
Q9FFH3,0,466,U,test,0,1.0,0.0,0.0,0.0,0.0,0.0,0.0,0.0,0.0,0.0
Q9FFK6,0,810,U,test,0,1.0,0.0,0.0,0.0,0.0,0.0,0.0,0.0,0.0,0.0
Q9FG00,4,491,M,test,8,0.0,0.0,0.0,0.0,0.42794789302061276,0.0,0.0,0.0,0.5720521069793872,0.0
Q9FG36,6,210,S,test,6,0.0,0.0,0.0,0.19795398617983237,0.0,0.0,0.8020460138201676,0.0,0.0,0.0
Q9FH18,0,509,M,test,0,0.6254676964091176,0.17345031806708716,0.0,0.0,0.20108198552379536,0.0,0.0,0.0,0.0,0.0
Q9FHM5,0,419,U,test,0,1.0,0.0,0.0,0.0,0.0,0.0,0.0,0.0,0.0,0.0
Q9FHW2,0,171,U,test,0,0.8070025960354337,0.19299740396456633,0.0,0.0,0.0,0.0,0.0,0.0,0.0,0.0
Q9FI76,9,157,U,test,3,0.0,0.19706787776179793,0.0,0.8029321222382021,0.0,0.0,0.0,0.0,0.0,0.0
Q9FJV0,1,356,S,test,1,0.18492350571337945,0.8150764942866205,0.0,0.0,0.0,0.0,0.0,0.0,0.0,0.0
Q9FJX3,3,276,M,test,3,0.0,0.0,0.0,0.8536072037427439,0.0,0.0,0.14639279625725604,0.0,0.0,0.0
Q9FK07,3,579,U,test,6,0.0,0.0,0.0,0.0,0.0,0.0,1.0,0.0,0.0,0.0
Q9FKB5,0,222,S,test,0,0.39123384322216836,0.18154930046405607,0.0,0.24172272564151895,0.1854941306722567,0.0,0.0,0.0,0.0,0.0
Q9FKM2,3,274,M,test,3,0.0,0.0,0.0,0.8609656992797766,0.0,0.0,0.13903430072022332,0.0,0.0,0.0
Q9FKW0,0,522,U,test,0,0.7698513212435627,0.23014867875643727,0.0,0.0,0.0,0.0,0.0,0.0,0.0,0.0
Q9FL03,0,584,U,test,0,1.0,0.0,0.0,0.0,0.0,0.0,0.0,0.0,0.0,0.0
Q9FLV9,4,635,M,test,8,0.0,0.0,0.0,0.0,0.368204877644589,0.19549021603807565,0.0,0.0,0.4363049063173355,0.0
Q9FM85,4,408,M,test,4,0.0,0.2097749772382432,0.0,0.0,0.7902250227617569,0.0,0.0,0.0,0.0,0.0
Q9FN48,6,387,M,test,6,0.0,0.0,0.0,0.0,0.0,0.0,1.0,0.0,0.0,0.0
Q9FNC9,3,99,M,test,3,0.0,0.0,0.0,0.7960777155340221,0.0,0.0,0.203922284465978,0.0,0.0,0.0
Q9FNF2,6,652,U,test,6,0.0,0.0,0.0,0.0,0.0,0.0,1.0,0.0,0.0,0.0
Q9FNJ8,6,425,S,test,6,0.0,0.0,0.0,0.0,0.0,0.0,1.0,0.0,0.0,0.0
Q9FNJ9,6,482,S,test,6,0.0,0.0,0.0,0.0,0.0,0.0,1.0,0.0,0.0,0.0
Q9FNZ4,0,112,U,test,0,1.0,0.0,0.0,0.0,0.0,0.0,0.0,0.0,0.0,0.0
Q9FQ24,1,257,S,test,1,0.1988424555428785,0.6012401179206827,0.0,0.0,0.0,0.19991742653643887,0.0,0.0,0.0,0.0
Q9FQ25,1,260,S,test,0,0.39712900844491983,0.20847360732682746,0.0,0.0,0.0,0.3943973842282527,0.0,0.0,0.0,0.0
Q9FRK5,8,617,M,test,0,0.41672417556728236,0.19795517481078487,0.0,0.0,0.3853206496219328,0.0,0.0,0.0,0.0,0.0
Q9FVC1,0,240,U,test,0,0.8189355997375838,0.18106440026241627,0.0,0.0,0.0,0.0,0.0,0.0,0.0,0.0
Q9FX32,2,942,S,test,1,0.19290343958462128,0.6270347129416283,0.0,0.0,0.0,0.0,0.0,0.18006184747375037,0.0,0.0
Q9FX53,0,406,U,test,0,1.0,0.0,0.0,0.0,0.0,0.0,0.0,0.0,0.0,0.0
Q9FX83,3,222,U,test,3,0.1882047706392657,0.0,0.0,0.8117952293607343,0.0,0.0,0.0,0.0,0.0,0.0
Q9FXH7,0,345,U,test,0,1.0,0.0,0.0,0.0,0.0,0.0,0.0,0.0,0.0,0.0
Q9FY74,0,1007,U,test,0,0.8192052621427619,0.18079473785723815,0.0,0.0,0.0,0.0,0.0,0.0,0.0,0.0
Q9FYS5,0,193,U,test,0,1.0,0.0,0.0,0.0,0.0,0.0,0.0,0.0,0.0,0.0
Q9FZ33,5,473,M,test,6,0.0,0.0,0.0,0.0,0.0,0.0,1.0,0.0,0.0,0.0
Q9GKK3,2,241,S,test,2,0.0,0.0,1.0,0.0,0.0,0.0,0.0,0.0,0.0,0.0
Q9GL25,2,245,S,test,2,0.0,0.0,1.0,0.0,0.0,0.0,0.0,0.0,0.0,0.0
Q9GL77,4,1079,M,test,4,0.0,0.0,0.0,0.0,1.0,0.0,0.0,0.0,0.0,0.0
Q9GMC9,3,169,M,test,5,0.0,0.0,0.0,0.19772859574260127,0.0,0.8022714042573988,0.0,0.0,0.0,0.0
Q9GPZ7,3,366,U,test,3,0.0,0.40090325328062776,0.0,0.5990967467193722,0.0,0.0,0.0,0.0,0.0,0.0
Q9GU58,2,88,S,test,2,0.0,0.0,1.0,0.0,0.0,0.0,0.0,0.0,0.0,0.0
Q9GV77,4,3103,M,test,2,0.0,0.0,0.6230050494079195,0.0,0.18961183340092602,0.0,0.18738311719115452,0.0,0.0,0.0
Q9GYZ0,1,1463,S,test,1,0.16929189727240426,0.8307081027275958,0.0,0.0,0.0,0.0,0.0,0.0,0.0,0.0
Q9GZN4,2,317,S,test,4,0.0,0.0,0.2733239269620173,0.0,0.7266760730379828,0.0,0.0,0.0,0.0,0.0
Q9GZN7,0,287,U,test,0,0.5675369091709849,0.4324630908290151,0.0,0.0,0.0,0.0,0.0,0.0,0.0,0.0
Q9GZP0,2,370,S,test,2,0.0,0.0,0.5583501545057032,0.0,0.4416498454942967,0.0,0.0,0.0,0.0,0.0
Q9GZP8,0,106,U,test,0,1.0,0.0,0.0,0.0,0.0,0.0,0.0,0.0,0.0,0.0
Q9GZV9,2,251,S,test,4,0.19600972128117705,0.0,0.2000391040220295,0.0,0.6039511746967935,0.0,0.0,0.0,0.0,0.0
Q9H069,1,523,S,test,1,0.3900218326089407,0.6099781673910594,0.0,0.0,0.0,0.0,0.0,0.0,0.0,0.0
Q9H0E3,0,1048,U,test,0,1.0,0.0,0.0,0.0,0.0,0.0,0.0,0.0,0.0,0.0
Q9H0I3,1,377,S,test,1,0.16052100007503758,0.8394789999249624,0.0,0.0,0.0,0.0,0.0,0.0,0.0,0.0
Q9H160,0,280,U,test,0,1.0,0.0,0.0,0.0,0.0,0.0,0.0,0.0,0.0,0.0
Q9H161,0,411,U,test,0,1.0,0.0,0.0,0.0,0.0,0.0,0.0,0.0,0.0,0.0
Q9H173,5,461,S,test,1,0.19932357799052636,0.8006764220094736,0.0,0.0,0.0,0.0,0.0,0.0,0.0,0.0
Q9H1Z4,0,485,U,test,0,0.7941540739573851,0.20584592604261487,0.0,0.0,0.0,0.0,0.0,0.0,0.0,0.0
Q9H255,4,320,M,test,4,0.0,0.0,0.0,0.0,1.0,0.0,0.0,0.0,0.0,0.0
Q9H2W2,0,232,U,test,0,1.0,0.0,0.0,0.0,0.0,0.0,0.0,0.0,0.0,0.0
Q9H3J6,3,166,U,test,0,0.8115003255141252,0.0,0.0,0.18849967448587485,0.0,0.0,0.0,0.0,0.0,0.0
Q9H400,4,295,M,test,0,0.7794968556281501,0.22050314437184987,0.0,0.0,0.0,0.0,0.0,0.0,0.0,0.0
Q9H425,1,327,S,test,1,0.20798289947828108,0.6093576058803873,0.0,0.0,0.18265949464133163,0.0,0.0,0.0,0.0,0.0
Q9H4F8,2,434,S,test,2,0.0,0.0,0.8137829339720302,0.0,0.18621706602796992,0.0,0.0,0.0,0.0,0.0
Q9H6A0,1,471,S,test,1,0.19839841403617045,0.39842276961448286,0.0,0.20744059654663163,0.0,0.0,0.0,0.1957382198027151,0.0,0.0
Q9H6H4,5,257,M,test,5,0.19848475479868805,0.2044616387503181,0.0,0.19978501185599268,0.0,0.39726859459500113,0.0,0.0,0.0,0.0
Q9H6R4,0,1146,U,test,0,0.33126998688777376,0.23238471052482773,0.0,0.24797750183495207,0.18836780075244647,0.0,0.0,0.0,0.0,0.0
Q9H867,1,229,S,test,1,0.0,0.6521633409564852,0.0,0.0,0.17458899938898798,0.17324765965452688,0.0,0.0,0.0,0.0
Q9H8L6,2,949,S,test,4,0.0,0.0,0.3838828019732647,0.0,0.6161171980267353,0.0,0.0,0.0,0.0,0.0
Q9H9P8,3,463,U,test,3,0.0,0.0,0.0,1.0,0.0,0.0,0.0,0.0,0.0,0.0
Q9H9S0,0,305,U,test,0,1.0,0.0,0.0,0.0,0.0,0.0,0.0,0.0,0.0,0.0
Q9H9Y2,0,349,U,test,0,1.0,0.0,0.0,0.0,0.0,0.0,0.0,0.0,0.0,0.0
Q9HAC7,3,445,U,test,3,0.0,0.0,0.0,0.8116654962693461,0.0,0.0,0.0,0.0,0.0,0.1883345037306538
Q9HAF1,0,191,U,test,0,0.79599244368616,0.0,0.0,0.0,0.0,0.0,0.0,0.0,0.20400755631384004,0.0
Q9HAJ7,0,183,U,test,0,0.5891504476517725,0.4108495523482276,0.0,0.0,0.0,0.0,0.0,0.0,0.0,0.0
Q9HAU0,1,1116,S,test,0,0.42259863409947174,0.3863264916210052,0.0,0.0,0.0,0.0,0.0,0.19107487427952308,0.0,0.0
Q9HAZ2,0,1276,U,test,0,0.594154074461466,0.21270985152634128,0.0,0.0,0.19313607401219285,0.0,0.0,0.0,0.0,0.0
Q9HBU9,4,364,M,test,5,0.0,0.21183771802734794,0.0,0.0,0.0,0.5656073918193084,0.0,0.22255489015334362,0.0,0.0
Q9HCC0,3,563,S,test,3,0.19309990336617236,0.20367228531885812,0.0,0.6032278113149696,0.0,0.0,0.0,0.0,0.0,0.0
Q9HCE9,4,1232,M,test,1,0.0,0.6122267395701713,0.0,0.0,0.19705084620884947,0.19072241422097932,0.0,0.0,0.0,0.0
Q9HCY8,1,104,S,test,0,0.4072216429787044,0.3961073307168003,0.0,0.0,0.1966710263044953,0.0,0.0,0.0,0.0,0.0
Q9HDW0,1,430,S,test,0,0.40965655916455895,0.4086682031345198,0.0,0.0,0.0,0.0,0.0,0.18167523770092134,0.0,0.0
Q9HDX9,3,526,U,test,3,0.354458203860555,0.16628129834923858,0.0,0.4792604977902065,0.0,0.0,0.0,0.0,0.0,0.0
Q9HDY4,0,1183,U,test,0,0.8184498794985564,0.0,0.0,0.1815501205014437,0.0,0.0,0.0,0.0,0.0,0.0
Q9HDZ5,3,388,U,test,1,0.390703116249083,0.399636213412073,0.0,0.20966067033884403,0.0,0.0,0.0,0.0,0.0,0.0
Q9HE09,0,783,U,test,0,1.0,0.0,0.0,0.0,0.0,0.0,0.0,0.0,0.0,0.0
Q9HEM6,7,522,M,test,7,0.0,0.0,0.0,0.0,0.15326496526534528,0.14563555405958908,0.0,0.7010994806750657,0.0,0.0
Q9HFP8,2,284,S,test,2,0.0,0.0,0.8281529348573589,0.0,0.17184706514264117,0.0,0.0,0.0,0.0,0.0
Q9HG09,9,425,M,test,0,0.4263601068456662,0.1912650869567475,0.0,0.0,0.18755210945056403,0.0,0.0,0.19482269674702218,0.0,0.0
Q9HGM2,5,171,M,test,5,0.18400723007080316,0.0,0.0,0.0,0.0,0.6306542682342984,0.0,0.0,0.0,0.18533850169489854
Q9HGM4,5,250,M,test,7,0.0,0.0,0.0,0.0,0.0,0.39395673711746027,0.0,0.6060432628825398,0.0,0.0
Q9I7I0,0,575,U,test,0,1.0,0.0,0.0,0.0,0.0,0.0,0.0,0.0,0.0,0.0
Q9I9E1,0,472,U,test,0,1.0,0.0,0.0,0.0,0.0,0.0,0.0,0.0,0.0,0.0
Q9JHH6,2,422,S,test,2,0.0,0.0,0.46040447719500155,0.0,0.0,0.20386654979846877,0.0,0.0,0.3357289730065297,0.0
Q9JHW9,1,512,S,test,3,0.0,0.18506563284818978,0.0,0.38455303568322063,0.0,0.0,0.2426091512147253,0.0,0.0,0.1877721802538644
Q9JI66,4,1079,M,test,4,0.0,0.0,0.0,0.0,1.0,0.0,0.0,0.0,0.0,0.0
Q9JIE6,2,140,S,test,4,0.0,0.0,0.394203955029871,0.0,0.6057960449701291,0.0,0.0,0.0,0.0,0.0
Q9JIH7,1,2126,S,test,1,0.13459241179601206,0.8654075882039879,0.0,0.0,0.0,0.0,0.0,0.0,0.0,0.0
Q9JJK1,4,265,M,test,4,0.0,0.0,0.0,0.0,0.4243707930944506,0.18242020189679306,0.0,0.18729412723293673,0.2059148777758197,0.0
Q9JJN5,2,457,S,test,2,0.0,0.0,0.3492999043487348,0.0,0.3096836943526272,0.0,0.0,0.0,0.34101640129863797,0.0
Q9JJW5,1,264,S,test,0,0.5945118782476296,0.21383665491941656,0.0,0.0,0.0,0.0,0.0,0.0,0.1916514668329539,0.0
Q9JJZ5,2,550,S,test,2,0.0,0.0,1.0,0.0,0.0,0.0,0.0,0.0,0.0,0.0
Q9JKA9,4,863,M,test,4,0.19777186562838978,0.1940100916902102,0.0,0.0,0.6082180426814,0.0,0.0,0.0,0.0,0.0
Q9JKN1,7,378,M,test,8,0.0,0.0,0.0,0.0,0.0,0.17217316614834235,0.0,0.0,0.8278268338516577,0.0
Q9JL61,0,658,U,test,0,0.8065023047024065,0.0,0.0,0.0,0.0,0.19349769529759359,0.0,0.0,0.0,0.0
Q9JLM4,0,1370,U,test,0,0.7992536191324021,0.200746380867598,0.0,0.0,0.0,0.0,0.0,0.0,0.0,0.0
Q9JM73,0,504,U,test,0,1.0,0.0,0.0,0.0,0.0,0.0,0.0,0.0,0.0,0.0
Q9JM80,4,424,M,test,4,0.1772656125732655,0.0,0.0,0.0,0.8227343874267345,0.0,0.0,0.0,0.0,0.0
Q9JMB1,0,375,U,test,0,0.6053854584546761,0.19670493595645294,0.0,0.0,0.19790960558887097,0.0,0.0,0.0,0.0,0.0
Q9LD83,4,556,M,test,4,0.0,0.0,0.0,0.0,0.5954237086446614,0.21376759352717425,0.0,0.0,0.19080869782816431,0.0
Q9LES2,0,478,U,test,1,0.41434784152168114,0.5856521584783189,0.0,0.0,0.0,0.0,0.0,0.0,0.0,0.0
Q9LFH9,4,715,M,test,4,0.0,0.0,0.0,0.0,1.0,0.0,0.0,0.0,0.0,0.0
Q9LFS2,4,641,M,test,5,0.17076526648979137,0.18508042700332542,0.0,0.0,0.0,0.4409202783901295,0.0,0.2032340281167537,0.0,0.0
Q9LFU9,5,149,M,test,1,0.0,0.8101320878662132,0.0,0.0,0.0,0.18986791213378687,0.0,0.0,0.0,0.0
Q9LG05,0,485,U,test,0,0.7933688515452287,0.20663114845477126,0.0,0.0,0.0,0.0,0.0,0.0,0.0,0.0
Q9LIB2,6,962,S,test,6,0.0,0.0,0.0,0.0,0.0,0.0,1.0,0.0,0.0,0.0
Q9LIG6,3,283,U,test,6,0.0,0.0,0.0,0.18843450899661832,0.0,0.0,0.8115654910033817,0.0,0.0,0.0
Q9LIQ6,0,234,U,test,0,0.808783431908779,0.191216568091221,0.0,0.0,0.0,0.0,0.0,0.0,0.0,0.0
Q9LJL4,6,330,U,test,6,0.0,0.0,0.0,0.19932881706272473,0.0,0.0,0.8006711829372753,0.0,0.0,0.0
Q9LJR2,2,271,S,test,8,0.0,0.0,0.3511903635088977,0.1669652873038033,0.0,0.0,0.0,0.0,0.481844349187299,0.0
Q9LK31,7,426,M,test,4,0.19049704208860313,0.19907458379138232,0.0,0.0,0.4185700385639422,0.0,0.1918583355560722,0.0,0.0,0.0
Q9LK72,2,276,S,test,2,0.0,0.0,0.5326233680475618,0.0,0.0,0.0,0.0,0.0,0.4673766319524382,0.0
Q9LKA4,0,404,U,test,0,0.7690381626226469,0.23096183737735315,0.0,0.0,0.0,0.0,0.0,0.0,0.0,0.0
Q9LKX9,0,867,U,test,0,0.8127828100299848,0.1872171899700153,0.0,0.0,0.0,0.0,0.0,0.0,0.0,0.0
Q9LKZ3,0,1013,U,test,0,0.8029912692939758,0.19700873070602423,0.0,0.0,0.0,0.0,0.0,0.0,0.0,0.0
Q9LLC6,6,198,M,test,6,0.0,0.0,0.0,0.0,0.0,0.0,1.0,0.0,0.0,0.0
Q9LM71,6,232,U,test,6,0.0,0.0,0.0,0.0,0.0,0.0,1.0,0.0,0.0,0.0
Q9LMR3,6,358,U,test,6,0.0,0.0,0.0,0.0,0.0,0.0,1.0,0.0,0.0,0.0
Q9LNI5,0,83,U,test,0,1.0,0.0,0.0,0.0,0.0,0.0,0.0,0.0,0.0,0.0
Q9LP21,1,528,S,test,0,0.6029318553058193,0.21039354209084146,0.0,0.0,0.0,0.0,0.1866746026033393,0.0,0.0,0.0
Q9LPP4,0,128,U,test,0,0.6293321916865517,0.0,0.0,0.0,0.17988373429230062,0.0,0.19078407402114775,0.0,0.0,0.0
Q9LQ02,0,1453,U,test,1,0.18528618481030446,0.4160831169151008,0.0,0.3986306982745948,0.0,0.0,0.0,0.0,0.0,0.0
Q9LQU4,4,152,M,test,4,0.0,0.0,0.19370166411489995,0.0,0.5908773651051941,0.0,0.0,0.0,0.21542097077990605,0.0
Q9LRH6,0,309,U,test,0,0.8063207264746396,0.19367927352536035,0.0,0.0,0.0,0.0,0.0,0.0,0.0,0.0
Q9LRY0,0,189,S,test,0,1.0,0.0,0.0,0.0,0.0,0.0,0.0,0.0,0.0,0.0
Q9LS90,0,460,U,test,1,0.3984055474330687,0.6015944525669312,0.0,0.0,0.0,0.0,0.0,0.0,0.0,0.0
Q9LSP8,0,838,U,test,0,0.701703674815809,0.298296325184191,0.0,0.0,0.0,0.0,0.0,0.0,0.0,0.0
Q9LSR8,4,766,M,test,4,0.0,0.0,0.0,0.0,1.0,0.0,0.0,0.0,0.0,0.0
Q9LSZ9,5,489,M,test,5,0.0,0.0,0.0,0.18136413755932754,0.0,0.47271249535836696,0.0,0.0,0.0,0.3459233670823055
Q9LTT3,0,319,U,test,0,0.7990735290623867,0.20092647093761323,0.0,0.0,0.0,0.0,0.0,0.0,0.0,0.0
Q9LU10,6,448,U,test,6,0.0,0.0,0.0,0.21315009087591538,0.0,0.0,0.7868499091240846,0.0,0.0,0.0
Q9LU21,6,204,M,test,6,0.0,0.0,0.0,0.0,0.0,0.0,1.0,0.0,0.0,0.0
Q9LUT2,1,393,S,test,0,0.40383658783073334,0.19323214646901168,0.0,0.0,0.0,0.0,0.21627272107147733,0.0,0.0,0.1866585446287775
Q9LVA0,5,446,U,test,0,0.6160726288387578,0.0,0.0,0.0,0.0,0.0,0.19194885723665567,0.0,0.1919785139245865,0.0
Q9LVI9,6,426,U,test,6,0.0,0.0,0.0,0.380389477914299,0.0,0.0,0.619610522085701,0.0,0.0,0.0
Q9LVV5,6,223,U,test,6,0.0,0.0,0.0,0.0,0.0,0.0,1.0,0.0,0.0,0.0
Q9LW68,0,195,U,test,0,0.5871640317085656,0.4128359682914345,0.0,0.0,0.0,0.0,0.0,0.0,0.0,0.0
Q9LX82,0,256,U,test,0,1.0,0.0,0.0,0.0,0.0,0.0,0.0,0.0,0.0,0.0
Q9LXU0,2,80,S,test,2,0.0,0.0,1.0,0.0,0.0,0.0,0.0,0.0,0.0,0.0
Q9LXW7,0,1580,U,test,0,0.8093319137089194,0.1906680862910805,0.0,0.0,0.0,0.0,0.0,0.0,0.0,0.0
Q9LY61,1,428,S,test,1,0.0,0.5749507503005613,0.0,0.0,0.2138795129789644,0.0,0.21116973672047437,0.0,0.0,0.0
Q9LY62,7,334,M,test,7,0.0,0.0,0.0,0.0,0.0,0.0,0.0,1.0,0.0,0.0
Q9LYG9,4,734,M,test,5,0.18715522828000836,0.0,0.0,0.0,0.22684766287475563,0.3997295067831967,0.0,0.0,0.18626760206203938,0.0
Q9LYR5,6,256,U,test,6,0.0,0.0,0.0,0.0,0.0,0.0,1.0,0.0,0.0,0.0
Q9LYT1,9,488,U,test,2,0.0,0.0,0.8292919976633951,0.17070800233660485,0.0,0.0,0.0,0.0,0.0,0.0
Q9LZ78,0,127,U,test,0,0.6247279764604894,0.18500999894279813,0.0,0.0,0.0,0.0,0.19026202459671251,0.0,0.0,0.0
Q9LZS3,6,805,S,test,6,0.15823258631478385,0.0,0.0,0.0,0.0,0.0,0.8417674136852161,0.0,0.0,0.0
Q9M021,4,682,M,test,4,0.0,0.0,0.0,0.0,1.0,0.0,0.0,0.0,0.0,0.0
Q9M047,1,199,S,test,1,0.20005055500696117,0.7999494449930389,0.0,0.0,0.0,0.0,0.0,0.0,0.0,0.0
Q9M069,2,504,S,test,2,0.0,0.0,1.0,0.0,0.0,0.0,0.0,0.0,0.0,0.0
Q9M0S5,6,764,U,test,6,0.0,0.3412068670215768,0.0,0.0,0.0,0.0,0.6587931329784232,0.0,0.0,0.0
Q9M0X8,0,298,U,test,0,1.0,0.0,0.0,0.0,0.0,0.0,0.0,0.0,0.0,0.0
Q9M1S3,0,261,U,test,0,0.588879242400913,0.41112075759908695,0.0,0.0,0.0,0.0,0.0,0.0,0.0,0.0
Q9M297,0,1256,S,test,0,1.0,0.0,0.0,0.0,0.0,0.0,0.0,0.0,0.0,0.0
Q9M2Q6,0,354,U,test,0,0.8062927998841645,0.19370720011583553,0.0,0.0,0.0,0.0,0.0,0.0,0.0,0.0
Q9M365,0,359,U,test,0,0.6216566842625982,0.18612155999077845,0.0,0.0,0.1922217557466234,0.0,0.0,0.0,0.0,0.0
Q9M3D8,4,664,M,test,4,0.0,0.0,0.0,0.0,1.0,0.0,0.0,0.0,0.0,0.0
Q9M424,6,498,U,test,6,0.19168908925616263,0.0,0.0,0.0,0.0,0.0,0.8083109107438373,0.0,0.0,0.0
Q9M427,0,406,U,test,1,0.0,1.0,0.0,0.0,0.0,0.0,0.0,0.0,0.0,0.0
Q9M4A1,0,383,U,test,0,0.8241070683127579,0.1758929316872421,0.0,0.0,0.0,0.0,0.0,0.0,0.0,0.0
Q9M5P3,6,354,M,test,6,0.0,0.0,0.0,0.0,0.0,0.0,1.0,0.0,0.0,0.0
Q9M670,4,366,M,test,1,0.3911990771441966,0.41851503128346107,0.0,0.0,0.0,0.1902858915723423,0.0,0.0,0.0,0.0
Q9M7X9,6,183,U,test,6,0.0,0.0,0.0,0.0,0.0,0.0,1.0,0.0,0.0,0.0
Q9M815,4,190,M,test,4,0.0,0.0,0.0,0.0,0.5902516908638873,0.19429625591052826,0.0,0.0,0.21545205322558458,0.0
Q9M8S2,4,558,M,test,1,0.18615529898623592,0.4349515101159137,0.0,0.0,0.1906119599342126,0.0,0.0,0.1882812309636377,0.0,0.0
Q9M9E0,4,656,M,test,4,0.0,0.0,0.0,0.0,1.0,0.0,0.0,0.0,0.0,0.0
Q9M9F0,0,311,U,test,0,0.8058189840891152,0.19418101591088477,0.0,0.0,0.0,0.0,0.0,0.0,0.0,0.0
Q9M9V6,6,562,U,test,6,0.0,0.20098725770866813,0.0,0.0,0.0,0.18660220521011459,0.6124105370812173,0.0,0.0,0.0
Q9MAQ0,6,610,U,test,6,0.0,0.0,0.0,0.0,0.0,0.0,1.0,0.0,0.0,0.0
Q9MBA2,6,326,M,test,6,0.0,0.0,0.0,0.0,0.0,0.0,1.0,0.0,0.0,0.0
Q9NH52,0,898,U,test,0,1.0,0.0,0.0,0.0,0.0,0.0,0.0,0.0,0.0,0.0
Q9NHB0,4,494,M,test,5,0.0,0.0,0.19832701840997333,0.0,0.2075107828599132,0.5941621987301136,0.0,0.0,0.0,0.0
Q9NJ98,2,487,S,test,2,0.0,0.0,1.0,0.0,0.0,0.0,0.0,0.0,0.0,0.0
Q9NP55,2,256,S,test,2,0.0,0.0,0.8600693967477092,0.13993060325229076,0.0,0.0,0.0,0.0,0.0,0.0
Q9NP59,4,571,M,test,4,0.0,0.0,0.0,0.20831649520927067,0.5835610728344209,0.0,0.0,0.0,0.20812243195630842,0.0
Q9NP95,2,211,S,test,4,0.19706627634426852,0.39311562226857905,0.0,0.0,0.4098181013871524,0.0,0.0,0.0,0.0,0.0
Q9NPF7,2,189,S,test,2,0.0,0.0,0.8206484532290282,0.0,0.1793515467709717,0.0,0.0,0.0,0.0,0.0
Q9NPI8,0,374,U,test,5,0.2262455401739164,0.38549064066159616,0.0,0.0,0.0,0.3882638191644873,0.0,0.0,0.0,0.0
Q9NQ11,8,1180,M,test,5,0.0,0.0,0.19141361689541006,0.20949139293197425,0.0,0.39861922634765795,0.0,0.20047576382495777,0.0,0.0
Q9NQ79,2,661,S,test,4,0.0,0.0,0.18059649447826942,0.0,0.39224073603719695,0.22394071476537222,0.20322205471916147,0.0,0.0,0.0
Q9NQ92,0,184,U,test,0,1.0,0.0,0.0,0.0,0.0,0.0,0.0,0.0,0.0,0.0
Q9NQG5,0,326,U,test,1,0.19284048338377466,0.5915468196527859,0.0,0.0,0.0,0.0,0.0,0.2156126969634394,0.0,0.0
Q9NQG6,3,463,M,test,0,0.6713064907732463,0.1650274862284899,0.0,0.0,0.1636660229982638,0.0,0.0,0.0,0.0,0.0
Q9NRN5,2,406,S,test,4,0.0,0.0,0.371940127941272,0.0,0.46080778354791313,0.0,0.0,0.1672520885108149,0.0,0.0
Q9NRR1,2,136,S,test,2,0.1947854200607254,0.0,0.6007956086598434,0.0,0.0,0.0,0.0,0.20441897127943132,0.0,0.0
Q9NRX1,0,252,U,test,0,0.6113629948976401,0.0,0.0,0.0,0.19533136212770585,0.0,0.19330564297465408,0.0,0.0,0.0
Q9NSA0,4,550,M,test,4,0.0,0.0,0.0,0.0,0.8232974031384505,0.0,0.0,0.0,0.17670259686154954,0.0
Q9NSV4,1,1193,S,test,1,0.39539940359324305,0.6046005964067569,0.0,0.0,0.0,0.0,0.0,0.0,0.0,0.0
Q9NSY1,0,1161,U,test,4,0.17674458611164182,0.4033691653481103,0.0,0.0,0.41988624854024786,0.0,0.0,0.0,0.0,0.0
Q9NT62,1,314,S,test,0,0.6040864367231387,0.39591356327686134,0.0,0.0,0.0,0.0,0.0,0.0,0.0,0.0
Q9NUB1,3,689,S,test,3,0.0,0.0,0.0,1.0,0.0,0.0,0.0,0.0,0.0,0.0
Q9NUX5,0,634,U,test,0,0.604153598049275,0.39584640195072496,0.0,0.0,0.0,0.0,0.0,0.0,0.0,0.0
Q9NV88,0,658,U,test,0,0.6014469326970017,0.3985530673029983,0.0,0.0,0.0,0.0,0.0,0.0,0.0,0.0
Q9NVH0,0,621,U,test,0,0.8037987894165446,0.19620121058345547,0.0,0.0,0.0,0.0,0.0,0.0,0.0,0.0
Q9NVH2,0,962,U,test,0,0.608695711269357,0.3913042887306431,0.0,0.0,0.0,0.0,0.0,0.0,0.0,0.0
Q9NVH6,3,421,S,test,0,0.3923374017923053,0.19157827300884686,0.0,0.20091138000158276,0.0,0.21517294519726504,0.0,0.0,0.0,0.0
Q9NVN8,0,582,U,test,0,0.798987767574541,0.20101223242545896,0.0,0.0,0.0,0.0,0.0,0.0,0.0,0.0
Q9NVR2,0,710,U,test,0,0.6091866747703074,0.3908133252296926,0.0,0.0,0.0,0.0,0.0,0.0,0.0,0.0
Q9NVS2,3,196,U,test,3,0.0,0.0,0.0,1.0,0.0,0.0,0.0,0.0,0.0,0.0
Q9NWQ8,4,432,M,test,4,0.17476741769135637,0.0,0.0,0.0,0.8252325823086436,0.0,0.0,0.0,0.0,0.0
Q9NWS8,3,449,U,test,3,0.0,0.0,0.0,1.0,0.0,0.0,0.0,0.0,0.0,0.0
Q9NX18,3,166,S,test,3,0.0,0.0,0.0,1.0,0.0,0.0,0.0,0.0,0.0,0.0
Q9NX20,3,251,U,test,3,0.0,0.0,0.0,0.59732099766523,0.0,0.0,0.40267900233477005,0.0,0.0,0.0
Q9NX58,0,379,U,test,0,1.0,0.0,0.0,0.0,0.0,0.0,0.0,0.0,0.0,0.0
Q9NXG0,1,1405,S,test,0,0.8230557768685849,0.1769442231314151,0.0,0.0,0.0,0.0,0.0,0.0,0.0,0.0
Q9NZC9,0,954,U,test,1,0.38820551721907093,0.6117944827809291,0.0,0.0,0.0,0.0,0.0,0.0,0.0,0.0
Q9NZD4,1,102,S,test,1,0.21034178379007112,0.7896582162099288,0.0,0.0,0.0,0.0,0.0,0.0,0.0,0.0
Q9NZH8,2,169,S,test,5,0.2008210285058275,0.20079819917512118,0.0,0.19949934510561412,0.0,0.39888142721343706,0.0,0.0,0.0,0.0
Q9NZI6,0,479,U,test,0,0.5930150631614534,0.4069849368385466,0.0,0.0,0.0,0.0,0.0,0.0,0.0,0.0
Q9NZI7,0,540,U,test,0,0.5922611824231941,0.4077388175768058,0.0,0.0,0.0,0.0,0.0,0.0,0.0,0.0
Q9NZP6,0,1156,M,test,0,1.0,0.0,0.0,0.0,0.0,0.0,0.0,0.0,0.0,0.0
Q9NZP8,2,487,S,test,4,0.0,0.0,0.15320606267053308,0.0,0.6988497720707295,0.0,0.0,0.0,0.14794416525873744,0.0
Q9NZS9,5,450,M,test,0,0.4175977546595556,0.18994929536011187,0.0,0.0,0.0,0.39245294998033253,0.0,0.0,0.0,0.0
Q9P013,0,229,U,test,0,0.8228032205948792,0.17719677940512085,0.0,0.0,0.0,0.0,0.0,0.0,0.0,0.0
Q9P0G3,2,267,S,test,2,0.0,0.0,0.5454004627087242,0.0,0.45459953729127583,0.0,0.0,0.0,0.0,0.0
Q9P0M6,0,372,U,test,1,0.3956642073393625,0.41296909732649717,0.0,0.19136669533414039,0.0,0.0,0.0,0.0,0.0,0.0
Q9P0W5,1,487,S,test,1,0.1951380517703491,0.5947595363481534,0.0,0.0,0.0,0.21010241188149753,0.0,0.0,0.0,0.0
Q9P1Q0,7,977,U,test,7,0.389833967074179,0.0,0.0,0.0,0.0,0.0,0.0,0.6101660329258211,0.0,0.0
Q9P278,1,1114,S,test,1,0.3553586140497622,0.6446413859502378,0.0,0.0,0.0,0.0,0.0,0.0,0.0,0.0
Q9P2E8,7,410,M,test,0,0.6023254167097015,0.0,0.0,0.0,0.1908449299905612,0.0,0.0,0.20682965329973726,0.0,0.0
Q9P2M4,7,693,U,test,1,0.39260962402197136,0.6073903759780287,0.0,0.0,0.0,0.0,0.0,0.0,0.0,0.0
Q9P2N6,0,904,U,test,0,1.0,0.0,0.0,0.0,0.0,0.0,0.0,0.0,0.0,0.0
Q9P3A9,1,773,S,test,0,0.6007948868538269,0.39920511314617313,0.0,0.0,0.0,0.0,0.0,0.0,0.0,0.0
Q9P3B1,7,374,U,test,0,0.803148338257021,0.0,0.0,0.196851661742979,0.0,0.0,0.0,0.0,0.0,0.0
Q9P3B2,3,242,M,test,3,0.0,0.0,0.0,1.0,0.0,0.0,0.0,0.0,0.0,0.0
Q9P3U8,0,468,U,test,0,0.8350056768724092,0.16499432312759083,0.0,0.0,0.0,0.0,0.0,0.0,0.0,0.0
Q9P4E5,2,465,S,test,2,0.0,0.0,1.0,0.0,0.0,0.0,0.0,0.0,0.0,0.0
Q9P4E6,2,453,S,test,2,0.0,0.0,1.0,0.0,0.0,0.0,0.0,0.0,0.0,0.0
Q9P4E7,2,426,S,test,2,0.0,0.0,0.7724647333262173,0.0,0.0,0.0,0.0,0.0,0.22753526667378274,0.0
Q9P4E8,2,463,S,test,2,0.0,0.0,1.0,0.0,0.0,0.0,0.0,0.0,0.0,0.0
Q9P546,1,287,S,test,1,0.19671127804534375,0.4149366989229018,0.0,0.38835202303175437,0.0,0.0,0.0,0.0,0.0,0.0
Q9P6I3,5,442,M,test,2,0.0,0.0,0.799531621461965,0.0,0.0,0.200468378538035,0.0,0.0,0.0,0.0
Q9P6I8,7,423,U,test,1,0.0,0.8268494416043196,0.0,0.0,0.0,0.0,0.0,0.0,0.0,0.1731505583956805
Q9P6L5,1,1102,S,test,1,0.0,0.8062988150183801,0.0,0.0,0.0,0.0,0.0,0.19370118498161992,0.0,0.0
Q9P6M1,1,242,S,test,1,0.0,0.7796698993744002,0.0,0.0,0.2203301006255998,0.0,0.0,0.0,0.0,0.0
Q9P6R1,1,309,S,test,1,0.2733523484209381,0.5912473677295663,0.0,0.0,0.13540028384949565,0.0,0.0,0.0,0.0,0.0
Q9P6R6,3,167,M,test,3,0.0,0.0,0.0,1.0,0.0,0.0,0.0,0.0,0.0,0.0
Q9P792,7,397,U,test,0,0.4033073951600936,0.19613256905493173,0.0,0.0,0.0,0.2062141169696463,0.1943459188153283,0.0,0.0,0.0
Q9P7C1,5,303,M,test,0,0.602492958639101,0.0,0.0,0.19869220862736123,0.0,0.0,0.0,0.0,0.19881483273353787,0.0
Q9P7C8,0,214,U,test,0,1.0,0.0,0.0,0.0,0.0,0.0,0.0,0.0,0.0,0.0
Q9P7D0,5,381,M,test,7,0.1914990463275759,0.20932243850117377,0.0,0.0,0.0,0.19231914531720481,0.0,0.4068593698540456,0.0,0.0
Q9P7D1,3,314,U,test,0,0.3888559560963634,0.2098937906963127,0.0,0.21281999408435412,0.0,0.18843025912296976,0.0,0.0,0.0,0.0
Q9P7F4,3,348,U,test,1,0.0,0.5977046242498955,0.20407930898866458,0.19821606676144005,0.0,0.0,0.0,0.0,0.0,0.0
Q9P7J2,0,203,U,test,0,0.3907766318177894,0.19230127278150533,0.0,0.22469651475803207,0.0,0.0,0.0,0.19222558064267334,0.0,0.0
Q9P7M0,3,692,M,test,0,0.22747289327872078,0.0,0.0,0.19784044985308008,0.0,0.18698502124612115,0.19206749496697717,0.0,0.19563414065510076,0.0
Q9P7M3,0,271,U,test,0,1.0,0.0,0.0,0.0,0.0,0.0,0.0,0.0,0.0,0.0
Q9P7M4,3,689,U,test,3,0.19124626246645507,0.19659953425683263,0.0,0.6121542032767123,0.0,0.0,0.0,0.0,0.0,0.0
Q9P7N6,3,356,U,test,3,0.17560766583522142,0.39827057024812107,0.0,0.42612176391665746,0.0,0.0,0.0,0.0,0.0,0.0
Q9P7R5,1,577,S,test,0,0.38247115998033654,0.20124947296339876,0.0,0.0,0.0,0.21709979126166642,0.0,0.0,0.19917957579459838,0.0
Q9P7T4,0,1019,U,test,0,1.0,0.0,0.0,0.0,0.0,0.0,0.0,0.0,0.0,0.0
Q9P7W9,0,217,U,test,0,1.0,0.0,0.0,0.0,0.0,0.0,0.0,0.0,0.0,0.0
Q9P7X0,3,159,M,test,3,0.0,0.0,0.0,0.854534837371545,0.0,0.0,0.14546516262845496,0.0,0.0,0.0
Q9P7X3,0,245,U,test,0,0.7898662162539657,0.2101337837460343,0.0,0.0,0.0,0.0,0.0,0.0,0.0,0.0
Q9P8V9,2,460,S,test,2,0.0,0.0,1.0,0.0,0.0,0.0,0.0,0.0,0.0,0.0
Q9P8W0,2,463,S,test,2,0.0,0.0,1.0,0.0,0.0,0.0,0.0,0.0,0.0,0.0
Q9P8W1,2,459,S,test,2,0.0,0.0,1.0,0.0,0.0,0.0,0.0,0.0,0.0,0.0
Q9P8W2,2,471,S,test,2,0.0,0.0,0.8062923982859223,0.0,0.0,0.0,0.0,0.0,0.19370760171407783,0.0
Q9P8W5,2,466,S,test,2,0.0,0.0,0.8232801096936954,0.0,0.0,0.1767198903063046,0.0,0.0,0.0,0.0
Q9PT51,2,233,S,test,2,0.0,0.0,1.0,0.0,0.0,0.0,0.0,0.0,0.0,0.0
Q9PT61,0,290,U,test,0,1.0,0.0,0.0,0.0,0.0,0.0,0.0,0.0,0.0,0.0
Q9PTT2,2,225,S,test,2,0.0,0.0,0.8036010291071264,0.0,0.19639897089287361,0.0,0.0,0.0,0.0,0.0
Q9QY02,0,738,U,test,0,1.0,0.0,0.0,0.0,0.0,0.0,0.0,0.0,0.0,0.0
Q9QY93,1,170,S,test,1,0.19909237580512126,0.40971219885298954,0.0,0.19607176248172795,0.0,0.19512366286016128,0.0,0.0,0.0,0.0
Q9QYJ6,1,794,S,test,1,0.36827964743623015,0.4385766966370763,0.0,0.0,0.19314365592669355,0.0,0.0,0.0,0.0,0.0
Q9QZQ8,0,372,U,test,1,0.19684924161729037,0.4025453937617004,0.0,0.4006053646210092,0.0,0.0,0.0,0.0,0.0,0.0
Q9R064,7,454,M,test,0,0.6082045198216977,0.19740723415287675,0.0,0.0,0.19438824602542554,0.0,0.0,0.0,0.0,0.0
Q9R0E0,7,394,M,test,5,0.0,0.0,0.0,0.0,0.0,0.7851704373992778,0.0,0.2148295626007222,0.0,0.0
Q9R0J8,8,435,U,test,2,0.0,0.0,0.6119248803408802,0.0,0.0,0.19926830403081094,0.0,0.18880681562830892,0.0,0.0
Q9R0U0,0,262,U,test,0,1.0,0.0,0.0,0.0,0.0,0.0,0.0,0.0,0.0,0.0
Q9R1S3,5,931,M,test,5,0.0,0.0,0.0,0.0,0.18880473262198358,0.8111952673780164,0.0,0.0,0.0,0.0
Q9R1S7,4,1498,M,test,5,0.0,0.0,0.0,0.19875958593152637,0.0,0.8012404140684736,0.0,0.0,0.0,0.0
Q9R1X4,0,1197,U,test,1,0.17959132732031316,0.6356819347462376,0.0,0.0,0.18472673793344932,0.0,0.0,0.0,0.0,0.0
Q9R2C1,5,66,M,test,3,0.0,0.0,0.0,0.587908969466438,0.0,0.20220050602611186,0.20989052450745013,0.0,0.0,0.0
Q9S757,3,368,U,test,3,0.0,0.0,0.0,0.8046340326978355,0.0,0.0,0.19536596730216454,0.0,0.0,0.0
Q9S775,0,1384,U,test,0,0.8112165668362665,0.18878343316373347,0.0,0.0,0.0,0.0,0.0,0.0,0.0,0.0
Q9S7B2,0,370,U,test,1,0.192783118919563,0.6053198495949381,0.0,0.2018970314854988,0.0,0.0,0.0,0.0,0.0,0.0
Q9S7H8,6,569,U,test,6,0.0,0.1935282358537287,0.0,0.0,0.0,0.0,0.8064717641462713,0.0,0.0,0.0
Q9S7I0,6,1307,U,test,6,0.20278927359838245,0.0,0.0,0.0,0.0,0.0,0.7972107264016176,0.0,0.0,0.0
Q9S834,6,298,S,test,6,0.0,0.0,0.0,0.0,0.0,0.0,1.0,0.0,0.0,0.0
Q9S841,6,331,M,test,6,0.0,0.0,0.0,0.0,0.0,0.0,1.0,0.0,0.0,0.0
Q9S850,9,393,U,test,3,0.20391755280399648,0.39586537419767037,0.0,0.40021707299833315,0.0,0.0,0.0,0.0,0.0,0.0
Q9SA49,1,147,S,test,4,0.17919036248083323,0.20236397944748433,0.0,0.0,0.6184456580716825,0.0,0.0,0.0,0.0,0.0
Q9SA96,6,392,S,test,6,0.0,0.0,0.0,0.20441347761778197,0.0,0.0,0.795586522382218,0.0,0.0,0.0
Q9SAA2,6,271,S,test,6,0.0,0.0,0.0,0.0,0.0,0.0,1.0,0.0,0.0,0.0
Q9SAK4,3,528,S,test,3,0.0,0.0,0.0,0.803345118894386,0.0,0.0,0.196654881105614,0.0,0.0,0.0
Q9SAK5,0,358,U,test,0,1.0,0.0,0.0,0.0,0.0,0.0,0.0,0.0,0.0,0.0
Q9SB31,0,404,U,test,0,1.0,0.0,0.0,0.0,0.0,0.0,0.0,0.0,0.0,0.0
Q9SB60,1,318,S,test,1,0.3925375384902561,0.607462461509744,0.0,0.0,0.0,0.0,0.0,0.0,0.0,0.0
Q9SCR0,0,542,U,test,0,1.0,0.0,0.0,0.0,0.0,0.0,0.0,0.0,0.0,0.0
Q9SCR2,0,209,S,test,0,1.0,0.0,0.0,0.0,0.0,0.0,0.0,0.0,0.0,0.0
Q9SCY2,6,208,U,test,6,0.0,0.0,0.0,0.0,0.0,0.0,1.0,0.0,0.0,0.0
Q9SCY3,6,217,U,test,6,0.0,0.0,0.0,0.0,0.0,0.0,1.0,0.0,0.0,0.0
Q9SDW0,0,323,U,test,0,1.0,0.0,0.0,0.0,0.0,0.0,0.0,0.0,0.0,0.0
Q9SEL7,6,323,U,test,6,0.0,0.0,0.0,0.0,0.0,0.0,1.0,0.0,0.0,0.0
Q9SEX2,1,523,S,test,0,0.7667634774118322,0.23323652258816788,0.0,0.0,0.0,0.0,0.0,0.0,0.0,0.0
Q9SFE9,7,341,M,test,7,0.0,0.0,0.0,0.0,0.0,0.4181334501204938,0.0,0.5818665498795063,0.0,0.0
Q9SGD6,6,413,S,test,6,0.0,0.43402456393668304,0.0,0.0,0.0,0.0,0.5659754360633169,0.0,0.0,0.0
Q9SGS2,0,338,U,test,0,0.8086009505183883,0.19139904948161157,0.0,0.0,0.0,0.0,0.0,0.0,0.0,0.0
Q9SGU2,1,110,S,test,4,0.17087153531464797,0.3459050289353011,0.0,0.0,0.4832234357500509,0.0,0.0,0.0,0.0,0.0
Q9SHJ5,3,585,M,test,6,0.0,0.0,0.0,0.0,0.1938139457713357,0.3933316074410032,0.41285444678766114,0.0,0.0,0.0
Q9SHJ6,3,323,M,test,1,0.18241020808296465,0.40461953145241275,0.0,0.0,0.0,0.0,0.23678907868392707,0.0,0.1761811817806956,0.0
Q9SIC4,6,379,S,test,0,0.7888634917135947,0.0,0.0,0.0,0.0,0.0,0.2111365082864053,0.0,0.0,0.0
Q9SID1,0,238,U,test,0,0.816129855373469,0.1838701446265309,0.0,0.0,0.0,0.0,0.0,0.0,0.0,0.0
Q9SIM9,0,693,U,test,0,0.6131973618297248,0.20813576519738713,0.0,0.17866687297288805,0.0,0.0,0.0,0.0,0.0,0.0
Q9SIW2,0,888,U,test,0,0.8057918019743155,0.19420819802568456,0.0,0.0,0.0,0.0,0.0,0.0,0.0,0.0
Q9SJI7,1,412,S,test,1,0.0,0.5954788220992328,0.0,0.0,0.21120150941056012,0.0,0.19331966849020707,0.0,0.0,0.0
Q9SJU5,0,172,U,test,0,1.0,0.0,0.0,0.0,0.0,0.0,0.0,0.0,0.0,0.0
Q9SJW3,1,119,S,test,0,0.6022384704018585,0.20205236136303972,0.0,0.0,0.0,0.0,0.0,0.19570916823510176,0.0,0.0
Q9SKX1,0,156,U,test,0,1.0,0.0,0.0,0.0,0.0,0.0,0.0,0.0,0.0,0.0
Q9SKX5,9,490,U,test,2,0.0,0.0,0.8200257628171381,0.17997423718286185,0.0,0.0,0.0,0.0,0.0,0.0
Q9SKZ5,6,560,M,test,6,0.0,0.0,0.0,0.0,0.0,0.0,0.5617124799466742,0.0,0.43828752005332583,0.0
Q9SLK0,9,416,U,test,1,0.0,0.6626803015103295,0.0,0.16313680604740358,0.0,0.0,0.17418289244226698,0.0,0.0,0.0
Q9SMR2,1,345,S,test,6,0.20242852213781712,0.21123762698019471,0.0,0.0,0.0,0.0,0.39448260074164027,0.19185125014034796,0.0,0.0
Q9SMX3,3,274,M,test,3,0.0,0.0,0.0,0.8625403767492137,0.0,0.0,0.1374596232507863,0.0,0.0,0.0
Q9SMZ4,1,1064,S,test,1,0.19816429308922728,0.8018357069107728,0.0,0.0,0.0,0.0,0.0,0.0,0.0,0.0
Q9SNC3,4,420,M,test,4,0.0,0.0,0.0,0.0,0.7968625210749115,0.20313747892508843,0.0,0.0,0.0,0.0
Q9SPG2,0,366,U,test,0,1.0,0.0,0.0,0.0,0.0,0.0,0.0,0.0,0.0,0.0
Q9SPG9,0,214,U,test,0,1.0,0.0,0.0,0.0,0.0,0.0,0.0,0.0,0.0,0.0
Q9SPM5,7,472,M,test,7,0.0,0.0,0.1712077155017445,0.18117838198195751,0.0,0.0,0.17235232425864075,0.4752615782576573,0.0,0.0
Q9SPU7,0,1123,U,test,3,0.0,0.19978719016124163,0.0,0.4078694653709309,0.0,0.17741748991802894,0.0,0.0,0.0,0.21492585454979846
Q9SQG2,7,471,M,test,7,0.0,0.0,0.1794165007829383,0.18052470388435274,0.0,0.18534506461481826,0.0,0.4547137307178907,0.0,0.0
Q9SQK3,6,315,U,test,0,0.7631677330802756,0.0,0.0,0.0,0.0,0.0,0.23683226691972437,0.0,0.0,0.0
Q9SR70,6,230,U,test,6,0.0,0.0,0.0,0.0,0.0,0.0,1.0,0.0,0.0,0.0
Q9SRH5,3,276,M,test,3,0.0,0.0,0.0,0.8816517199210371,0.0,0.0,0.118348280078963,0.0,0.0,0.0
Q9SSA5,6,437,U,test,6,0.0,0.0,0.0,0.0,0.0,0.0,1.0,0.0,0.0,0.0
Q9SSD1,4,496,M,test,4,0.0,0.0,0.19826575691044415,0.0,0.8017342430895559,0.0,0.0,0.0,0.0,0.0
Q9SSE7,6,381,S,test,6,0.0,0.0,0.0,0.20396071121028053,0.0,0.0,0.7960392887897194,0.0,0.0,0.0
Q9SSS9,6,234,M,test,6,0.0,0.0,0.0,0.0,0.0,0.0,1.0,0.0,0.0,0.0
Q9ST69,6,308,U,test,6,0.0,0.0,0.0,0.0,0.0,0.0,1.0,0.0,0.0,0.0
Q9STX1,2,362,S,test,0,1.0,0.0,0.0,0.0,0.0,0.0,0.0,0.0,0.0,0.0
Q9SU50,4,626,M,test,1,0.0,0.42475054337177015,0.18810914429844613,0.0,0.0,0.3871403123297838,0.0,0.0,0.0,0.0
Q9SU91,3,336,U,test,3,0.0,0.0,0.0,1.0,0.0,0.0,0.0,0.0,0.0,0.0
Q9SUC5,5,237,M,test,5,0.0,0.0,0.0,0.0,0.0,1.0,0.0,0.0,0.0,0.0
Q9SV55,0,425,U,test,0,0.5990991288373865,0.4009008711626135,0.0,0.0,0.0,0.0,0.0,0.0,0.0,0.0
Q9SV72,2,102,S,test,2,0.19770267596060487,0.0,0.608409699400244,0.0,0.0,0.0,0.19388762463915105,0.0,0.0,0.0
Q9SW18,6,312,M,test,6,0.0,0.0,0.0,0.0,0.0,0.0,1.0,0.0,0.0,0.0
Q9SWH5,7,558,M,test,7,0.0,0.0,0.0,0.0,0.0,0.0,0.0,1.0,0.0,0.0
Q9SWR3,1,1088,S,test,3,0.0,0.3920847397678341,0.0,0.42079379859084703,0.18712146164131893,0.0,0.0,0.0,0.0,0.0
Q9SX65,9,156,U,test,3,0.0,0.0,0.0,0.7998633135263167,0.0,0.0,0.0,0.0,0.0,0.20013668647368338
Q9SX73,1,297,S,test,1,0.21492765513133721,0.7850723448686628,0.0,0.0,0.0,0.0,0.0,0.0,0.0,0.0
Q9SXJ6,6,309,S,test,6,0.0,0.0,0.0,0.0,0.0,0.0,1.0,0.0,0.0,0.0
Q9SY59,0,1188,U,test,0,0.8085811793636034,0.19141882063639665,0.0,0.0,0.0,0.0,0.0,0.0,0.0,0.0
Q9T041,1,864,S,test,0,0.4057299018791575,0.395622599972368,0.0,0.0,0.0,0.0,0.0,0.0,0.19864749814847463,0.0
Q9TU31,4,595,M,test,4,0.0,0.0,0.0,0.0,1.0,0.0,0.0,0.0,0.0,0.0
Q9TUQ3,2,843,S,test,2,0.0,0.0,1.0,0.0,0.0,0.0,0.0,0.0,0.0,0.0
Q9TWL9,2,77,S,test,2,0.0,0.0,1.0,0.0,0.0,0.0,0.0,0.0,0.0,0.0
Q9TXD8,2,243,S,test,2,0.0,0.0,1.0,0.0,0.0,0.0,0.0,0.0,0.0,0.0
Q9TYU9,1,843,S,test,0,0.6126598511780341,0.3873401488219658,0.0,0.0,0.0,0.0,0.0,0.0,0.0,0.0
Q9U3C8,0,295,U,test,1,0.0,1.0,0.0,0.0,0.0,0.0,0.0,0.0,0.0,0.0
Q9U6M1,0,827,U,test,0,0.3799297047976539,0.23524888866791654,0.0,0.21220183534592324,0.0,0.17261957118850638,0.0,0.0,0.0,0.0
Q9U7C9,0,756,U,test,1,0.3937401653032583,0.4251781683949104,0.0,0.0,0.0,0.0,0.0,0.0,0.1810816663018313,0.0
Q9U7D3,2,176,S,test,2,0.0,0.0,1.0,0.0,0.0,0.0,0.0,0.0,0.0,0.0
Q9U969,5,1425,M,test,4,0.18842681353979915,0.17700448083803927,0.0,0.0,0.3793470587167608,0.0,0.0,0.0,0.25522164690540083,0.0
Q9UBC1,0,381,U,test,1,0.3873907186244288,0.4161106513475183,0.0,0.0,0.19649863002805296,0.0,0.0,0.0,0.0,0.0
Q9UBR5-2,2,99,S,test,4,0.0,0.0,0.0,0.0,1.0,0.0,0.0,0.0,0.0,0.0
Q9UBU7,0,674,U,test,0,0.8081350904496071,0.19186490955039293,0.0,0.0,0.0,0.0,0.0,0.0,0.0,0.0
Q9UDW3,0,170,U,test,1,0.37019340653644756,0.6298065934635525,0.0,0.0,0.0,0.0,0.0,0.0,0.0,0.0
Q9UFE4,1,941,S,test,1,0.36762106124221705,0.6323789387577831,0.0,0.0,0.0,0.0,0.0,0.0,0.0,0.0
Q9UGK3,1,403,S,test,1,0.3598614655101994,0.6401385344898006,0.0,0.0,0.0,0.0,0.0,0.0,0.0,0.0
Q9UHA3,0,163,U,test,1,0.35335186425049475,0.6466481357495053,0.0,0.0,0.0,0.0,0.0,0.0,0.0,0.0
Q9UHB7,0,1163,U,test,0,0.6708772069302585,0.16818948832287414,0.0,0.0,0.0,0.0,0.0,0.1609333047468674,0.0,0.0
Q9UHR5,0,308,U,test,0,1.0,0.0,0.0,0.0,0.0,0.0,0.0,0.0,0.0,0.0
Q9UIH9,0,416,U,test,0,1.0,0.0,0.0,0.0,0.0,0.0,0.0,0.0,0.0,0.0
Q9UII2,3,106,U,test,3,0.3866422245032927,0.2092134744560599,0.0,0.40414430104064747,0.0,0.0,0.0,0.0,0.0,0.0
Q9UJA3,0,840,U,test,0,0.8284559489066632,0.1715440510933369,0.0,0.0,0.0,0.0,0.0,0.0,0.0,0.0
Q9UK96,1,956,S,test,1,0.1954476074565324,0.4102523885439869,0.0,0.0,0.19522367056834833,0.0,0.0,0.19907633343113249,0.0,0.0
Q9UK97,1,447,S,test,0,0.5981925824388435,0.4018074175611564,0.0,0.0,0.0,0.0,0.0,0.0,0.0,0.0
Q9UKF6,0,684,U,test,0,0.7949258760297873,0.0,0.0,0.0,0.0,0.20507412397021274,0.0,0.0,0.0,0.0
Q9UKV5,5,643,M,test,0,0.7730283039539257,0.0,0.0,0.2269716960460743,0.0,0.0,0.0,0.0,0.0,0.0
Q9UL51,4,889,M,test,4,0.1769449761694371,0.0,0.0,0.0,0.823055023830563,0.0,0.0,0.0,0.0,0.0
Q9UL62,4,973,M,test,1,0.20351508766175447,0.7964849123382456,0.0,0.0,0.0,0.0,0.0,0.0,0.0,0.0
Q9ULC6,1,663,S,test,1,0.0,0.41627931831344245,0.0,0.3907709615497295,0.0,0.0,0.192949720136828,0.0,0.0,0.0
Q9ULE3,1,1009,S,test,0,0.6003002699539888,0.19311977734405797,0.0,0.0,0.20657995270195326,0.0,0.0,0.0,0.0,0.0
Q9ULG1,0,1556,U,test,0,0.7951641298009815,0.2048358701990185,0.0,0.0,0.0,0.0,0.0,0.0,0.0,0.0
Q9ULL4,4,1909,M,test,4,0.18894944447994302,0.18327198252542853,0.0,0.0,0.44293516804048527,0.0,0.0,0.0,0.18484340495414328,0.0
Q9UM63,0,463,U,test,0,1.0,0.0,0.0,0.0,0.0,0.0,0.0,0.0,0.0,0.0
Q9UNL4,0,249,U,test,0,1.0,0.0,0.0,0.0,0.0,0.0,0.0,0.0,0.0,0.0
Q9UNS1,0,1208,U,test,1,0.19090896983641728,0.8090910301635827,0.0,0.0,0.0,0.0,0.0,0.0,0.0,0.0
Q9UPP2,1,1182,S,test,0,0.6584492682890094,0.34155073171099065,0.0,0.0,0.0,0.0,0.0,0.0,0.0,0.0
Q9UPQ9,1,1833,S,test,0,0.5880684551598636,0.41193154484013644,0.0,0.0,0.0,0.0,0.0,0.0,0.0,0.0
Q9UPW6,0,733,S,test,0,0.7905340948809689,0.20946590511903113,0.0,0.0,0.0,0.0,0.0,0.0,0.0,0.0
Q9UQ49,4,428,M,test,3,0.41620173568945884,0.0,0.0,0.5837982643105412,0.0,0.0,0.0,0.0,0.0,0.0
Q9UQ84,0,846,U,test,0,1.0,0.0,0.0,0.0,0.0,0.0,0.0,0.0,0.0,0.0
Q9UQY9,0,429,U,test,0,0.3998844450554358,0.3836070940420243,0.0,0.0,0.0,0.0,0.0,0.0,0.21650846090253992,0.0
Q9UR19,2,361,S,test,2,0.0,0.0,0.809542159728047,0.0,0.0,0.0,0.0,0.0,0.0,0.19045784027195303
Q9URT4,0,697,U,test,1,0.20863490617649358,0.40944622569094064,0.0,0.18709406281312305,0.0,0.0,0.0,0.0,0.19482480531944277,0.0
Q9US47,1,547,S,test,3,0.0,0.0,0.0,0.8091300947606338,0.0,0.0,0.19086990523936626,0.0,0.0,0.0
Q9USH8,5,506,U,test,8,0.0,0.0,0.0,0.19125806974841744,0.0,0.22127031119813234,0.0,0.0,0.5874716190534502,0.0
Q9USK1,3,116,U,test,3,0.19763663981171203,0.0,0.0,0.5704638706589138,0.0,0.0,0.2318994895293742,0.0,0.0,0.0
Q9USN8,1,1021,S,test,1,0.20468730615625605,0.39837830492650145,0.0,0.39693438891724253,0.0,0.0,0.0,0.0,0.0,0.0
Q9USP8,3,379,U,test,3,0.0,0.20419295039184282,0.0,0.7958070496081572,0.0,0.0,0.0,0.0,0.0,0.0
Q9USP9,0,589,U,test,0,1.0,0.0,0.0,0.0,0.0,0.0,0.0,0.0,0.0,0.0
Q9UST7,0,1339,U,test,1,0.1950546745041949,0.4040234321247866,0.0,0.0,0.0,0.4009218933710185,0.0,0.0,0.0,0.0
Q9USU8,0,551,U,test,0,1.0,0.0,0.0,0.0,0.0,0.0,0.0,0.0,0.0,0.0
Q9USY1,1,747,S,test,3,0.0,0.23093449351984283,0.0,0.5724835595486545,0.0,0.0,0.1965819469315027,0.0,0.0,0.0
Q9USY4,0,527,U,test,0,1.0,0.0,0.0,0.0,0.0,0.0,0.0,0.0,0.0,0.0
Q9UT35,7,556,M,test,7,0.0,0.0,0.0,0.0,0.0,0.31973235825908386,0.0,0.6802676417409161,0.0,0.0
Q9UT52,1,677,S,test,7,0.19350345569595873,0.19696884874462464,0.0,0.1934074438539362,0.0,0.0,0.0,0.41612025170548045,0.0,0.0
Q9UT77,3,526,U,test,3,0.1932579921509672,0.0,0.0,0.8067420078490328,0.0,0.0,0.0,0.0,0.0,0.0
Q9UT79,0,1588,U,test,0,0.80574868883534,0.19425131116465993,0.0,0.0,0.0,0.0,0.0,0.0,0.0,0.0
Q9UT83,1,609,S,test,1,0.18889757518852363,0.8111024248114764,0.0,0.0,0.0,0.0,0.0,0.0,0.0,0.0
Q9UT87,3,182,U,test,3,0.20147154547469953,0.0,0.0,0.7985284545253005,0.0,0.0,0.0,0.0,0.0,0.0
Q9UTA2,3,121,U,test,1,0.21625810105707696,0.5865615609735966,0.0,0.19718033796932646,0.0,0.0,0.0,0.0,0.0,0.0
Q9UTJ8,0,1285,U,test,0,1.0,0.0,0.0,0.0,0.0,0.0,0.0,0.0,0.0,0.0
Q9UTK1,3,113,M,test,3,0.38173328651688176,0.2097707739180897,0.0,0.4084959395650285,0.0,0.0,0.0,0.0,0.0,0.0
Q9UTK4,0,1778,U,test,0,1.0,0.0,0.0,0.0,0.0,0.0,0.0,0.0,0.0,0.0
Q9UTL6,3,225,S,test,3,0.0,0.19989607425779551,0.0,0.6063981348874851,0.0,0.0,0.19370579085471945,0.0,0.0,0.0
Q9UTM3,0,443,U,test,1,0.3974986914005723,0.412250435995455,0.0,0.0,0.19025087260397278,0.0,0.0,0.0,0.0,0.0
Q9UTM8,1,493,S,test,3,0.0,0.0,0.0,0.5700276898271717,0.0,0.0,0.42997231017282833,0.0,0.0,0.0
Q9UTQ5,0,282,U,test,1,0.379787938187536,0.417028498973224,0.0,0.0,0.0,0.20318356283924,0.0,0.0,0.0,0.0
Q9UTQ9,5,167,M,test,5,0.3842903820642132,0.0,0.0,0.0,0.0,0.6157096179357868,0.0,0.0,0.0,0.0
Q9UTS5,0,897,U,test,0,0.8147702949667588,0.18522970503324118,0.0,0.0,0.0,0.0,0.0,0.0,0.0,0.0
Q9UTS8,5,311,M,test,4,0.0,0.0,0.0,0.0,0.62906242635571,0.0,0.0,0.0,0.37093757364429003,0.0
Q9UTT1,0,1129,U,test,1,0.0,1.0,0.0,0.0,0.0,0.0,0.0,0.0,0.0,0.0
Q9UU83,4,425,M,test,4,0.0,0.32915695946863743,0.0,0.0,0.6708430405313626,0.0,0.0,0.0,0.0,0.0
Q9UU96,0,736,U,test,0,0.6169795280397294,0.1907214966659544,0.0,0.19229897529431614,0.0,0.0,0.0,0.0,0.0,0.0
Q9UUC8,3,145,U,test,3,0.3995235243471333,0.0,0.0,0.41019256695847456,0.0,0.1902839086943922,0.0,0.0,0.0,0.0
Q9UUH8,8,166,M,test,4,0.0,0.0,0.0,0.19695587395558162,0.21261141540783474,0.20941460313024762,0.0,0.19273252921980677,0.1882855782865293,0.0
Q9UUJ5,3,145,U,test,1,0.0,0.5820265967621213,0.0,0.4179734032378786,0.0,0.0,0.0,0.0,0.0,0.0
Q9UUK3,1,324,S,test,0,0.6006162471249702,0.3993837528750299,0.0,0.0,0.0,0.0,0.0,0.0,0.0,0.0
Q9UUK4,0,202,U,test,0,0.8667225441405925,0.1332774558594076,0.0,0.0,0.0,0.0,0.0,0.0,0.0,0.0
Q9V3J8,0,361,U,test,0,0.8413052673522498,0.1586947326477503,0.0,0.0,0.0,0.0,0.0,0.0,0.0,0.0
Q9V3R8,3,359,M,test,8,0.0,0.0,0.0,0.0,0.40008219111665067,0.1974557606916865,0.0,0.0,0.4024620481916628,0.0
Q9V3V7,0,222,U,test,0,0.5998952277611418,0.40010477223885815,0.0,0.0,0.0,0.0,0.0,0.0,0.0,0.0
Q9V461,0,817,U,test,0,0.6430169777200834,0.35698302227991663,0.0,0.0,0.0,0.0,0.0,0.0,0.0,0.0
Q9V464,0,218,U,test,0,0.570921548189883,0.4290784518101169,0.0,0.0,0.0,0.0,0.0,0.0,0.0,0.0
Q9V5M6,0,963,U,test,0,1.0,0.0,0.0,0.0,0.0,0.0,0.0,0.0,0.0,0.0
Q9V637,1,270,S,test,0,0.42447232263806106,0.3900526224391564,0.0,0.0,0.18547505492278255,0.0,0.0,0.0,0.0,0.0
Q9V727,0,1669,U,test,0,1.0,0.0,0.0,0.0,0.0,0.0,0.0,0.0,0.0,0.0
Q9V7P1,0,506,U,test,0,1.0,0.0,0.0,0.0,0.0,0.0,0.0,0.0,0.0,0.0
Q9VAC8,1,472,S,test,0,0.47600210090186557,0.3381115502554351,0.0,0.0,0.0,0.0,0.0,0.1858863488426994,0.0,0.0
Q9VAW5,1,1673,S,test,0,0.6042222097271355,0.3957777902728645,0.0,0.0,0.0,0.0,0.0,0.0,0.0,0.0
Q9VBW9,0,419,U,test,0,1.0,0.0,0.0,0.0,0.0,0.0,0.0,0.0,0.0,0.0
Q9VDH4,2,138,S,test,2,0.0,0.0,0.8221921101528171,0.1778078898471829,0.0,0.0,0.0,0.0,0.0,0.0
Q9VDQ7,8,948,U,test,1,0.0,0.6020712815680388,0.0,0.0,0.0,0.0,0.0,0.3979287184319612,0.0,0.0
Q9VDY1,0,1638,U,test,0,0.7828293154748328,0.0,0.0,0.0,0.21717068452516727,0.0,0.0,0.0,0.0,0.0
Q9VE04,3,107,U,test,3,0.0,0.0,0.0,1.0,0.0,0.0,0.0,0.0,0.0,0.0
Q9VFM9,1,343,S,test,1,0.3903628343990609,0.4199854978740897,0.0,0.0,0.0,0.0,0.18965166772684938,0.0,0.0,0.0
Q9VFP2,0,829,U,test,0,1.0,0.0,0.0,0.0,0.0,0.0,0.0,0.0,0.0,0.0
Q9VH19,1,683,S,test,7,0.0,0.0,0.22605914869222407,0.0,0.0,0.18899056371390327,0.0,0.5849502875938727,0.0,0.0
Q9VH70,0,814,U,test,0,1.0,0.0,0.0,0.0,0.0,0.0,0.0,0.0,0.0,0.0
Q9VIP8,1,367,S,test,0,0.8090026502033244,0.1909973497966756,0.0,0.0,0.0,0.0,0.0,0.0,0.0,0.0
Q9VK33,0,1220,U,test,0,1.0,0.0,0.0,0.0,0.0,0.0,0.0,0.0,0.0,0.0
Q9VKJ3,0,1411,U,test,0,0.8235977819778115,0.1764022180221885,0.0,0.0,0.0,0.0,0.0,0.0,0.0,0.0
Q9VKQ9,0,134,U,test,0,1.0,0.0,0.0,0.0,0.0,0.0,0.0,0.0,0.0,0.0
Q9VLJ6,2,630,S,test,3,0.0,0.0,0.0,0.3885659425024412,0.0,0.0,0.0,0.2242090480634693,0.1988786151886608,0.18834639424542876
Q9VM91,1,992,S,test,0,1.0,0.0,0.0,0.0,0.0,0.0,0.0,0.0,0.0,0.0
Q9VMD6,3,659,U,test,1,0.20614763919156734,0.7938523608084327,0.0,0.0,0.0,0.0,0.0,0.0,0.0,0.0
Q9VQ79,3,739,S,test,1,0.0,0.5751463524654388,0.0,0.0,0.0,0.0,0.4248536475345613,0.0,0.0,0.0
Q9VQI9,0,1673,U,test,0,0.41152164752715964,0.4035665710262305,0.0,0.0,0.18491178144660997,0.0,0.0,0.0,0.0,0.0
Q9VR35,1,653,S,test,1,0.4049916072142476,0.5950083927857523,0.0,0.0,0.0,0.0,0.0,0.0,0.0,0.0
Q9VS24,4,994,M,test,0,0.8172820468099669,0.18271795319003317,0.0,0.0,0.0,0.0,0.0,0.0,0.0,0.0
Q9VSK8,0,597,U,test,0,1.0,0.0,0.0,0.0,0.0,0.0,0.0,0.0,0.0,0.0
Q9VTY6,1,178,S,test,0,1.0,0.0,0.0,0.0,0.0,0.0,0.0,0.0,0.0,0.0
Q9VW27,0,717,U,test,0,1.0,0.0,0.0,0.0,0.0,0.0,0.0,0.0,0.0,0.0
Q9VW47,0,2531,U,test,0,1.0,0.0,0.0,0.0,0.0,0.0,0.0,0.0,0.0,0.0
Q9W0K7,0,977,U,test,0,1.0,0.0,0.0,0.0,0.0,0.0,0.0,0.0,0.0,0.0
Q9W1X4,0,1711,U,test,0,1.0,0.0,0.0,0.0,0.0,0.0,0.0,0.0,0.0,0.0
Q9W266,4,677,M,test,4,0.0,0.19405651906859336,0.0,0.0,0.8059434809314067,0.0,0.0,0.0,0.0,0.0
Q9W539,0,1518,U,test,0,0.8321243438685942,0.0,0.0,0.0,0.0,0.1678756561314058,0.0,0.0,0.0,0.0
Q9W701,4,689,M,test,8,0.0,0.0,0.0,0.0,0.3873579555837984,0.0,0.0,0.0,0.6126420444162016,0.0
Q9WTN6,9,564,M,test,8,0.0,0.0,0.0,0.0,0.21646128728886543,0.0,0.0,0.0,0.7835387127111346,0.0
Q9WUB6,4,687,M,test,8,0.0,0.0,0.0,0.1645708274275858,0.18214505772786543,0.0,0.0,0.0,0.6532841148445487,0.0
Q9WUI0,0,231,U,test,0,1.0,0.0,0.0,0.0,0.0,0.0,0.0,0.0,0.0,0.0
Q9WUP1,4,147,M,test,4,0.0,0.0,0.0,0.0,1.0,0.0,0.0,0.0,0.0,0.0
Q9WVL3,4,1083,M,test,4,0.19850204445618916,0.0,0.0,0.0,0.4045135775311813,0.19612738517602307,0.0,0.0,0.20085699283660646,0.0
Q9XEE9,5,463,M,test,5,0.0,0.0,0.0,0.40448838939315224,0.0,0.5955116106068478,0.0,0.0,0.0,0.0
Q9XF04,2,96,S,test,2,0.0,0.0,1.0,0.0,0.0,0.0,0.0,0.0,0.0,0.0
Q9XGM8,7,444,M,test,7,0.0,0.1893081012256561,0.0,0.0,0.0,0.0,0.0,0.8106918987743439,0.0,0.0
Q9XI36,0,384,U,test,0,0.812579890776111,0.187420109223889,0.0,0.0,0.0,0.0,0.0,0.0,0.0,0.0
Q9XI84,6,482,S,test,6,0.0,0.0,0.0,0.0,0.0,0.0,1.0,0.0,0.0,0.0
Q9XI90,0,514,U,test,0,1.0,0.0,0.0,0.0,0.0,0.0,0.0,0.0,0.0,0.0
Q9XIA7,3,54,M,test,3,0.0,0.0,0.19595883319515844,0.6117967468062517,0.0,0.19224441999858974,0.0,0.0,0.0,0.0
Q9XIP8,1,259,S,test,1,0.0,1.0,0.0,0.0,0.0,0.0,0.0,0.0,0.0,0.0
Q9XTF3,1,817,S,test,1,0.0,1.0,0.0,0.0,0.0,0.0,0.0,0.0,0.0,0.0
Q9XVW1,5,502,M,test,7,0.0,0.0,0.0,0.0,0.0,0.40340052223270156,0.0,0.5965994777672985,0.0,0.0
Q9XXV8,1,858,S,test,0,0.8144224154019657,0.18557758459803442,0.0,0.0,0.0,0.0,0.0,0.0,0.0,0.0
Q9XZS8,0,613,U,test,0,0.6006053810435844,0.39939461895641554,0.0,0.0,0.0,0.0,0.0,0.0,0.0,0.0
Q9Y0V2,3,111,M,test,3,0.3849311924742711,0.0,0.0,0.6150688075257289,0.0,0.0,0.0,0.0,0.0,0.0
Q9Y117,7,667,M,test,7,0.0,0.0,0.0,0.0,0.0,0.0,0.0,1.0,0.0,0.0
Q9Y216,1,660,S,test,0,0.4834637974905977,0.37153847621938196,0.0,0.0,0.14499772629002042,0.0,0.0,0.0,0.0,0.0
Q9Y241,3,93,M,test,3,0.0,0.0,0.0,1.0,0.0,0.0,0.0,0.0,0.0,0.0
Q9Y294,0,204,U,test,1,0.41072937183890235,0.5892706281610977,0.0,0.0,0.0,0.0,0.0,0.0,0.0,0.0
Q9Y2F5,0,2266,U,test,1,0.3805369622296043,0.42751925040968314,0.0,0.0,0.0,0.0,0.0,0.19194378736071255,0.0,0.0
Q9Y2J8,1,665,S,test,3,0.1962975864122543,0.20799402932678146,0.0,0.40114718663435744,0.0,0.0,0.19456119762660676,0.0,0.0,0.0
Q9Y2K1,0,713,S,test,0,1.0,0.0,0.0,0.0,0.0,0.0,0.0,0.0,0.0,0.0
Q9Y2M2,1,353,S,test,0,0.5935394246698457,0.0,0.0,0.21035532216653843,0.1961052531636158,0.0,0.0,0.0,0.0,0.0
Q9Y2R0,3,106,M,test,3,0.0,0.0,0.0,1.0,0.0,0.0,0.0,0.0,0.0,0.0
Q9Y2W1,0,955,S,test,0,1.0,0.0,0.0,0.0,0.0,0.0,0.0,0.0,0.0,0.0
Q9Y2X7,1,761,S,test,0,0.6000048897922005,0.39999511020779965,0.0,0.0,0.0,0.0,0.0,0.0,0.0,0.0
Q9Y2Y4,0,487,U,test,0,0.7792450199444958,0.22075498005550417,0.0,0.0,0.0,0.0,0.0,0.0,0.0,0.0
Q9Y2Z4,3,477,S,test,3,0.0,0.0,0.0,1.0,0.0,0.0,0.0,0.0,0.0,0.0
Q9Y3P8,4,196,M,test,4,0.0,0.0,0.0,0.0,0.7973037425998741,0.0,0.0,0.2026962574001258,0.0,0.0
Q9Y471,1,501,S,test,1,0.0,0.3903291166941625,0.0,0.19404040096532355,0.0,0.21368312539184894,0.201947356948665,0.0,0.0,0.0
Q9Y4A5,0,3859,U,test,0,0.6473776858148607,0.35262231418513945,0.0,0.0,0.0,0.0,0.0,0.0,0.0,0.0
Q9Y4X5,1,557,S,test,0,0.6045821991359904,0.20457654492851848,0.0,0.19084125593549106,0.0,0.0,0.0,0.0,0.0,0.0
Q9Y5J1,0,556,U,test,0,1.0,0.0,0.0,0.0,0.0,0.0,0.0,0.0,0.0,0.0
Q9Y5J6,3,103,M,test,3,0.0,0.0,0.0,1.0,0.0,0.0,0.0,0.0,0.0,0.0
Q9Y5U4,5,225,M,test,5,0.0,0.0,0.0,0.0,0.0,0.8171441605438089,0.0,0.18285583945619116,0.0,0.0
Q9Y679,5,476,M,test,5,0.16549975543898587,0.0,0.0,0.2390992982872102,0.0,0.595400946273804,0.0,0.0,0.0,0.0
Q9Y694,4,548,M,test,4,0.0,0.0,0.0,0.0,0.6204417629310346,0.1847974901265073,0.0,0.0,0.19476074694245823,0.0
Q9Y6H1,0,151,U,test,3,0.41508693757999665,0.0,0.0,0.4386832163716193,0.1462298460483841,0.0,0.0,0.0,0.0,0.0
Q9Y6J9,0,622,U,test,1,0.1914423783354458,0.6220551785025003,0.0,0.0,0.0,0.18650244316205405,0.0,0.0,0.0,0.0
Q9Y6R1,4,1079,M,test,4,0.0,0.0,0.0,0.0,1.0,0.0,0.0,0.0,0.0,0.0
Q9Y6X4,0,670,M,test,0,1.0,0.0,0.0,0.0,0.0,0.0,0.0,0.0,0.0,0.0
Q9Y7I8,1,442,S,test,0,0.5787131362431045,0.42128686375689545,0.0,0.0,0.0,0.0,0.0,0.0,0.0,0.0
Q9Y7K5,1,426,S,test,0,0.812872991920678,0.1871270080793221,0.0,0.0,0.0,0.0,0.0,0.0,0.0,0.0
Q9Y7L8,1,292,S,test,1,0.1990088119411494,0.8009911880588507,0.0,0.0,0.0,0.0,0.0,0.0,0.0,0.0
Q9Y7Q6,1,147,S,test,0,0.7862252127770113,0.21377478722298868,0.0,0.0,0.0,0.0,0.0,0.0,0.0,0.0
Q9Y7V0,5,186,M,test,2,0.0,0.0,0.7791473235713091,0.0,0.2208526764286909,0.0,0.0,0.0,0.0,0.0
Q9Y7X4,3,277,M,test,3,0.0,0.0,0.0,1.0,0.0,0.0,0.0,0.0,0.0,0.0
Q9Y7X6,0,684,M,test,5,0.0,0.0,0.0,0.25868477313804533,0.17492907405105063,0.33755025295285296,0.22883589985805097,0.0,0.0,0.0
Q9Y7Y7,4,456,M,test,8,0.0,0.0,0.40145866474066116,0.0,0.0,0.0,0.0,0.19347058301377196,0.40507075224556693,0.0
Q9Y7Y9,5,457,M,test,7,0.0,0.0,0.0,0.0,0.18806012090222934,0.16558941092185914,0.0,0.4685372316048863,0.1778132365710252,0.0
Q9Y7Z9,3,479,M,test,3,0.0,0.2022621911234411,0.0,0.7977378088765589,0.0,0.0,0.0,0.0,0.0,0.0
Q9Y807,3,263,U,test,1,0.3951997913451638,0.413975564461884,0.0,0.0,0.0,0.0,0.0,0.0,0.1908246441929522,0.0
Q9Y809,1,811,S,test,1,0.1788831947474185,0.8211168052525815,0.0,0.0,0.0,0.0,0.0,0.0,0.0,0.0
Q9YGJ8,2,258,S,test,2,0.0,0.0,1.0,0.0,0.0,0.0,0.0,0.0,0.0,0.0
Q9YGW7,1,229,S,test,0,0.5801192929455934,0.4198807070544066,0.0,0.0,0.0,0.0,0.0,0.0,0.0,0.0
Q9Z0E8,4,557,M,test,8,0.0,0.0,0.0,0.0,0.40224116521880415,0.0,0.0,0.0,0.5977588347811958,0.0
Q9Z0G8,1,485,S,test,1,0.14201790081706064,0.8579820991829393,0.0,0.0,0.0,0.0,0.0,0.0,0.0,0.0
Q9Z0W3,0,1402,U,test,0,0.7679177188684362,0.23208228113156393,0.0,0.0,0.0,0.0,0.0,0.0,0.0,0.0
Q9Z258,4,1237,M,test,4,0.0,0.0,0.0,0.0,0.587016846812782,0.19563105830452757,0.0,0.21735209488269053,0.0,0.0
Q9Z2E9,5,383,M,test,4,0.18730191946306757,0.0,0.0,0.0,0.6104185926254374,0.20227948791149516,0.0,0.0,0.0,0.0
Q9Z2Y1,0,1205,U,test,1,0.3785178282343711,0.4337293087504982,0.0,0.0,0.18775286301513072,0.0,0.0,0.0,0.0,0.0
Q9Z325,5,84,M,test,5,0.0,0.0,0.0,0.20368833348547288,0.0,0.5981642993343174,0.0,0.1981473671802098,0.0,0.0
Q9ZNV4,5,132,M,test,3,0.0,0.2363541717246239,0.0,0.559767084485884,0.0,0.20387874378949222,0.0,0.0,0.0,0.0
Q9ZQX4,8,128,M,test,1,0.20866263094213336,0.41162872804518763,0.0,0.379708641012679,0.0,0.0,0.0,0.0,0.0,0.0
Q9ZQZ9,6,284,M,test,6,0.0,0.0,0.0,0.17400910833569236,0.0,0.0,0.8259908916643077,0.0,0.0,0.0
Q9ZSK3,1,139,S,test,1,0.2083457171101166,0.7916542828898834,0.0,0.0,0.0,0.0,0.0,0.0,0.0,0.0
Q9ZTZ7,6,1193,M,test,6,0.0,0.0,0.0,0.0,0.0,0.0,1.0,0.0,0.0,0.0
Q9ZUX7,1,466,S,test,0,0.8045225340219805,0.1954774659780195,0.0,0.0,0.0,0.0,0.0,0.0,0.0,0.0
Q9ZUY3,6,424,S,test,6,0.0,0.0,0.0,0.0,0.0,0.0,1.0,0.0,0.0,0.0
Q9ZV65,0,725,U,test,0,0.7952936079893508,0.0,0.0,0.0,0.0,0.20470639201064908,0.0,0.0,0.0,0.0
Q9ZVH8,0,378,U,test,1,0.2228772709666775,0.5872186880982436,0.0,0.0,0.0,0.0,0.0,0.18990404093507893,0.0,0.0
Q9ZVL6,6,285,M,test,6,0.0,0.0,0.0,0.0,0.0,0.0,1.0,0.0,0.0,0.0
Q9ZVT1,0,670,U,test,0,0.8038917243226347,0.0,0.0,0.0,0.0,0.0,0.1961082756773653,0.0,0.0,0.0
Q9ZWA6,0,506,U,test,0,1.0,0.0,0.0,0.0,0.0,0.0,0.0,0.0,0.0,0.0
Q9ZWT2,5,140,M,test,3,0.0,0.1988330544510146,0.0,0.5963183265623454,0.0,0.20484861898664003,0.0,0.0,0.0,0.0
W3VKA4,2,462,S,test,2,0.0,0.0,1.0,0.0,0.0,0.0,0.0,0.0,0.0,0.0
