id,label,length,membrane,split,prediction,p0,p1,p2,p3,p4,p5,p6,p7,p8,p9
A0A068FIK2,1,1033,S,test,1,0.0026356021814534078,0.9872200641323182,0.0013673325512990778,0.0021177658672216324,0.0016301025422276682,0.0011291391157557877,0.0008590037019245781,0.0010858824411266743,0.0010042770454970547,0.0009508304211759277
A0A0A7EQR3,2,474,S,test,2,0.0007275910425999047,0.0011379739418978946,0.9930031443389613,0.0005578634279119543,0.0005535220674069276,0.0010062219393418685,0.0006676750987898632,0.0005119242504741438,0.0011558944522138278,0.0006781894404023469
A0AQW4,0,356,U,test,0,0.9949862251111152,0.001124763334183885,0.00036946156237757427,0.0008148975137217473,0.0004725484990459206,0.00045800970893464693,0.0005109467560506777,0.0003609029694331136,0.00039328977175561965,0.0005089547733815581
A0AVI4,5,362,M,test,5,0.037508788108802205,0.005797273847892825,0.003743001032117587,0.008702738763729036,0.024217495371442344,0.8536961025230204,0.002654185454499123,0.03183329680247466,0.02557877054973607,0.006268347546285689
A0AVK6,0,867,U,test,0,0.9943872057203257,0.00136420783397106,0.0003663656888785418,0.001150743190756389,0.0004741123955712568,0.0004741123955712568,0.0005146441723369029,0.00037799537785031224,0.00038394792713425434,0.0005066652976043906
A0PJY2,0,475,U,test,0,0.99471214038251,0.0012122673244135149,0.00038108450167550687,0.0009769421552831815,0.0005128053118763639,0.0004855142742632616,0.0005088145950178916,0.00033894355610477613,0.0003840733774719955,0.0004874145213834729
A1XGB4,4,166,M,test,4,0.002785615082263261,0.000650112790695728,0.0011232940875875552,0.002359508007505664,0.9821097586119537,0.0038863736088742165,0.0009683400597224566,0.0022691166348172698,0.0027157768340895024,0.0011321042824906599
A1Z9P3,1,1576,S,test,1,0.0024302315784715165,0.9881149919007064,0.0012906863235933243,0.0020504613136584837,0.001417541411920372,0.0009896034967109978,0.0007469919484837591,0.00111264109411512,0.0009666793426469061,0.0008801715896930714
A2A8L1,0,1946,U,test,0,0.9951320754812958,0.0008881551011925977,0.000381245393217117,0.0007776945726984032,0.0005397464322627058,0.0004895287509735527,0.0005030989970721101,0.00036664012736175997,0.00041871614685385353,0.0005030989970721101
A2A935,0,1275,U,test,0,0.9949939005582598,0.0010566255450124601,0.00035254539185356317,0.0008607098437589483,0.0005049979259362586,0.00048187239979008087,0.0005049979259362586,0.0003752826146801016,0.00038719539498251464,0.00048187239979008087
A2A9C3,9,3431,U,test,0,0.9297144248386575,0.042476033181451774,0.000713910628705405,0.015323824807021954,0.0015351489507233248,0.002801597873703235,0.001753195165932395,0.0027474102745905075,0.001837332697690402,0.0010971215815234578
A2AMM0,1,362,S,test,1,0.0026407305421837332,0.9884167589160863,0.0010414726856901205,0.002372342460809278,0.0007892216310159514,0.0010133806200121364,0.0009669745610550054,0.0008804403723759425,0.0008533520978383984,0.001025326112933178
A2APC3,1,461,S,test,1,0.0031931376448536496,0.9872178732134956,0.0008657390514376199,0.00298142243147268,0.0008006777353901467,0.0013726809912688923,0.0009508283412205896,0.0008793724485403931,0.0008657390514376199,0.0008725290908827258
A2AR95,4,345,M,test,4,0.0031814491017022445,0.0017095719038242854,0.005497051340852168,0.003059569711706338,0.9280800714595515,0.04045966594426571,0.0034669464993879887,0.005704875505369514,0.005955349586709762,0.0028854489466305184
A2AVQ5,3,414,U,test,1,0.2201109487542706,0.6779894702511007,0.004862884434631384,0.0766649157430061,0.002972621415320385,0.004640196363624253,0.004094959626068182,0.0027066028638444307,0.003394840454778812,0.002562560093355177
A2RV66,5,269,M,test,4,0.008187141101698294,0.006948336816520048,0.036052878207374996,0.008852410880147443,0.5349922666607146,0.3145057196550762,0.01355114458303416,0.026222748144622464,0.04190383393141968,0.008783520019392073
A2XFC1,0,442,U,test,0,0.9949301514747082,0.0008309230682014319,0.000390207175363127,0.0008931931113788702,0.000537533062208109,0.0004913450419859629,0.0005481350075080215,0.0003932676183189785,0.0004219145529864022,0.0005633298873409024
A4D1B5,7,854,U,test,0,0.9932719270509232,0.0018012926004820423,0.0003254868918897257,0.0015638442171704314,0.0005002008601957985,0.0005450880489514695,0.0005408461072849866,0.00047729498055648867,0.0004698952440552518,0.0005041239984907006
A4Q9F4,1,727,S,test,1,0.002594510601127314,0.9885794084876343,0.0011849570047694144,0.0020275251337839007,0.0007187127019581876,0.0010135474313737204,0.0010295084379166861,0.0009156637973775039,0.0008402603698447721,0.001095906034214293
A5D6W6,5,292,M,test,5,0.0011310236709782557,0.0011266142076719748,0.0011992747170352259,0.0009636442180567079,0.00290461058187066,0.9850125673444071,0.0012666865250064191,0.001369614553491559,0.0036509890514700737,0.0013749751300119887
A6NNB3,4,132,M,test,4,0.009304686206829536,0.0020162136699501585,0.010149580161843221,0.0060193020212087256,0.9145287036832388,0.021846349712742685,0.005250128780488292,0.01714739717531286,0.008843980498955161,0.004893658089430606
A6XGK3,2,422,S,test,2,0.0007422668832791147,0.001179209324035248,0.9934386575421972,0.0006732068116891769,0.0005409368876561279,0.0011012928986613689,0.0006550481752326326,0.000459087166921593,0.0006299537467571118,0.0005803405635704435
A6YSL1,6,525,S,test,2,0.02283867615689702,0.1263925869599606,0.26239779371621075,0.06912229152200686,0.018860110854971225,0.16040055319331123,0.26239779371621075,0.012662079079115101,0.007923726857347841,0.05700438794396865
A7MAS3,1,351,S,test,1,0.07050283753036382,0.8861648472578255,0.0014071839229407499,0.02826404399387571,0.0016841786012128889,0.0033624984845241506,0.002000011645491129,0.002528251560836239,0.002588207551303599,0.0014979394516261675
A7WNV3,2,70,S,test,2,0.0007637241634103325,0.000842069761432151,0.994585785365826,0.0004560405055832064,0.0005415615081521979,0.0006532478753688909,0.0006160713955861315,0.0004152296264265506,0.0005631348991072737,0.0005631348991072737
A7WNV4,2,70,S,test,2,0.0008097986089427185,0.0008290024252148863,0.9945710658487033,0.0004668483015432753,0.0005458009813774509,0.0006406034060203653,0.0006160622956570414,0.00041199217099295056,0.0005587442717049079,0.000550081689843128
A7WNV7,2,62,S,test,2,0.0007373340725619294,0.0008670967011682454,0.9945765664248502,0.0004632178137785442,0.0005352471452072695,0.0006532418146735862,0.000611271413895734,0.00041199443224821406,0.0005764838966320928,0.0005675462849842411
A8B5P0,2,69,S,test,1,0.0038099459463695343,0.982744708572914,0.0027016561661645927,0.0028535176366815836,0.0009102594447466276,0.0014320390684927598,0.0018604495807344155,0.001293739518334339,0.0011687961826452422,0.001224887882916905
A8E0R9,1,1083,S,test,4,0.002039567995578032,0.0008321469128831219,0.0013666294333632557,0.002166872556905215,0.9867124441810746,0.0018211293414519454,0.0012838295123493416,0.0011329755315216442,0.0012989628036891633,0.0013454417311836253
A8IVX2,1,524,S,test,1,0.002471520169687458,0.9883573260757255,0.0007891741598130836,0.002423716320909816,0.0010133197771127623,0.0010999481295027476,0.0008400715706499241,0.0009898462610396636,0.001161776762685746,0.0008533007728733107
A8MQ27,1,555,S,test,4,0.02072531214573132,0.13889240261350033,0.025995364483765354,0.012424086295643462,0.7164614898914935,0.049912028300119475,0.006915045425562783,0.01446859904501929,0.004827479499174763,0.00937819229998977
A8MUP2,3,240,U,test,1,0.002689853011703769,0.988386852866868,0.0007413826814308072,0.0025637840906501067,0.000783056215193419,0.0011618114108271228,0.0009519542082657286,0.000846685616104843,0.0009519542082657286,0.000922665690690472
B0BMY1,8,293,M,test,8,0.0032170741046007264,0.0037028296453271627,0.003941641493845958,0.017838568874263407,0.013217718430860555,0.010149231965082002,0.0048294001266734774,0.008592538268473629,0.9275389434636871,0.0069720536271859436
B0FHH8,2,151,S,test,2,0.0007611539385578004,0.0014248027251375125,0.9912386283364167,0.000842520611447158,0.001081817858505893,0.0017525374196640778,0.0007883891245050613,0.0007348595046890515,0.0006876452405383271,0.0006876452405383271
B2D6M2,0,612,U,test,0,0.9947688081169306,0.0011311258828312848,0.0003722779169407802,0.001004081165219252,0.00047615069254988647,0.00047060338699220515,0.0005128344929998099,0.00035801614022184386,0.0003811062131636084,0.0005249959921507514
B2RNN3,2,333,S,test,2,0.0016277771684203956,0.0012801547457584686,0.9916048821536733,0.0009113185419761833,0.001077998383825073,0.0009738903778209852,0.000701466894765697,0.0004372554354753471,0.0007734259961032752,0.0006118303021812825
B2RXS4,4,1842,M,test,1,0.002624169239123225,0.9890458356050896,0.0009160958398754507,0.001745248417285592,0.0011717044005223436,0.0010964231583649793,0.0007535598660851731,0.0009675899995129271,0.000901893055380266,0.000777480418760418
B2RYG6,1,271,S,test,0,0.9033524339583823,0.05958255365083636,0.0009936331202882642,0.0226149851976332,0.0018133488406746944,0.0031577595074481967,0.002440127457569544,0.0021702944205260867,0.002103521381890577,0.001771342464750792
B3A0P0,2,47,S,test,2,0.0008786887428433286,0.0009065813312952915,0.9941871597934294,0.0004666680963788182,0.0005520215148460149,0.0006658650525342282,0.0005992136690191341,0.00043159739707897293,0.0007199717532551689,0.000592232649319663
B3A0P8,2,318,S,test,2,0.016812356674282866,0.03788722788403189,0.35666663484337335,0.0393964808632535,0.028487282696278544,0.2734657902991767,0.029276980932416777,0.018249638905505468,0.18503621754806746,0.014721389353613435
B3A0Q1,2,203,S,test,2,0.0008704875718876312,0.0008306251040849539,0.9945733884770296,0.00047792039035170723,0.0004950211021917103,0.0005947815216163901,0.0005787383265323784,0.0003900672498761544,0.0006661237393608172,0.0005228465170686267
B3A0Q2,2,296,S,test,2,0.05908220188165237,0.07425056582847998,0.6216923721534366,0.09240631807138047,0.019828748324766183,0.08154828976335798,0.01473547593357642,0.003997104872236499,0.020618636468323362,0.01184028670279009
B3A0Q4,2,185,S,test,2,0.0007549316787906082,0.000887791214145306,0.9947244046278074,0.0004817418862025107,0.00047986378655953573,0.0005925527046254691,0.0005148186868911318,0.00039627006068620655,0.0006507917506245228,0.0005168336036672927
B3A0Q9,2,121,S,test,2,0.0009051290577679269,0.0008453224836666101,0.9945350849063425,0.0005415339302954085,0.0005742124134217786,0.0006041246935570933,0.0005631061575981697,0.0003692940364880222,0.0005248726839146294,0.0005373196369478628
B3A0R3,2,264,S,test,0,0.994610459644297,0.0013904080189265171,0.00038104556258383373,0.0008999092752514694,0.000470528453689669,0.0004760749156861357,0.0004760749156861357,0.00039933231254220156,0.0004088022033662673,0.00048736469797078686
B3A0R5,2,214,S,test,1,0.0054154887717162,0.9713786017836971,0.004849674791700615,0.0075480889531031395,0.0010355848325295212,0.0027284025221355275,0.0028150115826914668,0.0011285162942028942,0.0012107212457405563,0.0018899092224830291
B3A0R6,2,513,S,test,4,0.001245984530600288,0.0005726860586085424,0.0014008981755058388,0.0011982516847468608,0.9880243516569174,0.00335402293949195,0.000918731437708281,0.0011659309478282943,0.0010492242316847745,0.0010699183369077896
B3A0R9,2,119,S,test,2,0.0007089133412506979,0.0010569549167444925,0.9943326275256229,0.0005227199642610006,0.0005146158866106778,0.000703396535806766,0.0005785982103399554,0.00042496829291188085,0.0005808628374960635,0.0005763424889555762
B3A0S3,2,489,S,test,4,0.0011625236204894829,0.0005385160837225367,0.0012041205606318141,0.001176227100662535,0.9889927369437488,0.002821622144457298,0.0008538493302641354,0.0011136295352454863,0.0011267566431681579,0.001010018037609739
B3A0S4,2,195,S,test,2,0.0006661271866794602,0.0009504631683186327,0.9945785935906253,0.0004705133876110651,0.0004668518347246412,0.000635622996510896,0.0005522388929693169,0.0004489670071540233,0.0006953736839266833,0.0005352482514799524
B3EWF4,2,109,S,test,2,0.0005498440716039347,0.0011392784381446365,0.9941414092307801,0.000524664889427681,0.0005065400692129061,0.0008189902768817494,0.000554156561343458,0.0004890414470952293,0.0007087770252781076,0.0005672979902322482
B3EWF5,2,111,S,test,2,0.0005693923472589708,0.0011390263727517555,0.9939215048154926,0.0005497224631453247,0.000573858155894492,0.0008922876225673528,0.0005497224631453247,0.0005084101534952265,0.0007311142594405538,0.0005649613468083775
B3EWF6,2,108,S,test,2,0.0005810163824800426,0.0009864136084855777,0.9945955123614325,0.0004854573560656052,0.0005147519634362908,0.0007202674490029885,0.000516766647085598,0.00043177466900806813,0.0006306873100571762,0.0005373522529461858
B3EWT2,2,40,S,test,2,0.0008938489756117631,0.000999110045379718,0.9937180142793751,0.0006059908979435947,0.0005965959465177938,0.0007872798629920783,0.0006733961412179002,0.00044162398058960266,0.000610743729154537,0.0006733961412179002
B3EWT3,2,51,S,test,2,0.0011423495706854244,0.0008514128357175504,0.9939052557167312,0.000562749575591271,0.000551864975727508,0.0006180594850478651,0.0006477207123477906,0.0004149455092756305,0.0006477207123477906,0.0006579209065280196
B3FIV1,2,99,S,test,2,0.0008963393075625833,0.0007972206829028388,0.9945421846179104,0.00045959712732689486,0.0005394264606950472,0.0005947628542849092,0.0005764639372430423,0.0004024366802612541,0.0006306535234939825,0.0005609148083190317
B3VZU0,2,67,S,test,2,0.0007787864233955735,0.0008306346019610221,0.9945847748787008,0.0004632216198120268,0.0005522422843562895,0.0006456366430703972,0.0005994532917968987,0.00041199783477275195,0.0005810101377779135,0.0005522422843562895
B5A9S9,2,59,S,test,2,0.0007118589478705976,0.0008486620917417924,0.9945715559245,0.00046321548240077043,0.0005543963325176213,0.0007008226001952722,0.0006065114583357608,0.000425070399616206,0.0005742334461255452,0.0005436733166964136
B5BUZ8,1,675,S,test,0,0.9948029198780534,0.001080419484301741,0.0003752105865319819,0.0008068295169524803,0.0005353689603940595,0.0005229671783502913,0.00052706883925255,0.00041532026201899136,0.0004088813016716136,0.0005250139924729466
B5X0I6,0,1091,U,test,0,0.9922041839819082,0.00271172549968601,0.0003176052487872978,0.0012635349116573834,0.0005445020549091308,0.0006491429102670994,0.0006750018994267882,0.00064661215729541,0.0004919165495119195,0.0004957747865507775
B6GX22,2,445,S,test,2,0.004790644638218555,0.012227367638208362,0.9129352590836008,0.0075662397024367,0.002816274768710776,0.019856670917609405,0.012132213479215776,0.0014384123530201901,0.023672670181078534,0.002564247237900848
B6RGY0,6,260,S,test,6,0.0020590253829810305,0.001999577428647347,0.0012211240604967028,0.001103193584167649,0.0007641598938351788,0.001801183003976842,0.9874089525156569,0.0009547345261129383,0.0009659886289719111,0.0017220609751535073
B6TVL4,6,395,M,test,6,0.002508143704903701,0.002582711445113254,0.0023378471782396436,0.0031861099965331766,0.0008667913066128396,0.0018065482457485533,0.9807258417873862,0.0012271558146728946,0.0011573182619015875,0.0036015322588881875
B8B0E2,6,1246,S,test,6,0.00486100663207604,0.007347289652439163,0.004198642084574657,0.004289823223471511,0.0020224149833325236,0.005764138560098258,0.9613657232707834,0.002070375303129993,0.0015265990887519214,0.006553987201342512
B8YG19,2,671,S,test,2,0.0007063384843894436,0.0008859469349549647,0.9945986447839111,0.00048168097595756456,0.0004524974330878905,0.0006233415279403929,0.0005653462144933532,0.00040561608555448437,0.0007063384843894436,0.0005742490753213786
B9DFZ0,6,386,S,test,0,0.99460839060964,0.0011004381839077773,0.0004024634689428567,0.0010490205574943798,0.0004911860982319207,0.0004854636151571407,0.0005479577240828338,0.00038104476453626837,0.0004152390623648056,0.0005187959156419856
B9V5F5,1,649,S,test,1,0.0018096598362372178,0.9881882470109532,0.0008871406092534565,0.0018854272381053933,0.0011302464864717805,0.001086947319170838,0.0007184283166350112,0.0017505599659133036,0.0016834970544245711,0.000859846162835217
C0HJQ5,2,57,S,test,2,0.0006456169053574567,0.0008738778773311353,0.9945543087162484,0.0004524772685865038,0.0005289994972874583,0.0007344430682875076,0.0005878408595783495,0.00044546222745936253,0.0006160518983300872,0.0005609216815337769
C0HJZ6,2,66,S,test,2,0.0006583617983506101,0.0008637116661832962,0.9945713500803134,0.00043856350905815814,0.000531079052846619,0.0006845879574733111,0.0006257640542827779,0.00042507033348544574,0.0006136606447693729,0.0005878509032370675
C0HJZ7,2,66,S,test,2,0.0006661101847113334,0.0008738768976270458,0.9945531940521534,0.0004419951228673573,0.0005373294038744432,0.0006953559250248996,0.0006184623837028508,0.0004217546896442417,0.0006017804175708581,0.000590140922823641
C0HJZ8,2,66,S,test,2,0.0006899836557328017,0.0008420897736691928,0.9946094351832474,0.00043858029532807557,0.0005458220110292507,0.0006507165317208816,0.0005948030630991208,0.0004250865942998526,0.0006381305210292738,0.0005653523708441875
C0HJZ9,2,66,S,test,2,0.0006899645697049086,0.0008503300833802023,0.994581952913404,0.00043856819742059,0.000533163343351372,0.0006661294678062509,0.0006184802769710669,0.0004217668790052499,0.0006209009585670742,0.0005787433103893005
C0HK00,2,66,S,test,2,0.0006713440637516768,0.000855314543673551,0.9945673246421382,0.00043856174874989647,0.0005331554775405989,0.0006792577439449124,0.0006356157965301539,0.000425068602714164,0.0006065088248970649,0.0005878485560598849
C0HK01,2,73,S,test,2,0.0007118701878026047,0.0008553316957824486,0.9945872780088404,0.0004420102815632535,0.00053316615388825,0.0006609491377442179,0.0005924710277670011,0.00041199887798775857,0.0006306820861282111,0.0005742425424958706
C0HK02,2,73,S,test,2,0.0007008306759569234,0.0008603544529554745,0.9945830517904956,0.00044200839758169757,0.0005310852858711527,0.0006635331910677664,0.0006065184458505757,0.0004152284825907004,0.0006209016150786488,0.0005764876625514644
C0HK03,2,73,S,test,2,0.0006926594111126923,0.0008637138290710606,0.9945738492302882,0.0004420043126261441,0.0005352456652410149,0.0006713484839595327,0.000608886668060671,0.00041522463109706524,0.0006160640207343851,0.0005810037478092166
C0IW58,2,330,S,test,5,0.20705364726957282,0.03577032069560754,0.009991430929513222,0.1310981869975406,0.11890090193621271,0.39600044776868754,0.008479617890890589,0.047272418205731984,0.026323916463511156,0.019109111842731792
C4LY96,1,1151,S,test,0,0.992103922565171,0.0023881785755045567,0.0003328137933532009,0.00196638165512265,0.0004767337466603523,0.0005795608671818129,0.0006097517253493657,0.0005074804588792302,0.0005074804588792302,0.0005276961538985885
C4M1E4,1,1153,S,test,0,0.9918653956854753,0.002449003364723058,0.0003459883817659667,0.0020382414727343886,0.0005073584307130311,0.0005978142944157205,0.0006167909802477946,0.0005073584307130311,0.0005234637328071521,0.0005485852264045715
C5J888,2,75,S,test,2,0.0007064411012720817,0.0008323910884922649,0.994743129372635,0.00043863925729609366,0.0004912526455227716,0.0006357281547554008,0.0006089903455409037,0.0004152953044358967,0.0005948830184435059,0.0005332497116060725
C5J8E3,2,62,S,test,2,0.0006660017510705449,0.0009049981567803544,0.9943912590294686,0.0004704247677896231,0.0005763765054946545,0.0007605978144556186,0.0006040373097322731,0.0004595273914862536,0.0005993366918840987,0.0005674405818380092
C5P3X6,2,276,S,test,2,0.0008252133693864979,0.000991516658105245,0.993900091174941,0.0005649491291221339,0.0005540220387445422,0.0008316855950412564,0.0006401712318543287,0.000389803166177109,0.0007058423896054515,0.0005967052470223778
C6Y4C9,1,138,S,test,1,0.002247292725665125,0.9889465754399198,0.00082110055446341,0.001992936170452071,0.0008878213820861404,0.001062583029258531,0.0007896446663635156,0.0011853971289362008,0.0012326178647459722,0.0008340310381092165
C7AU21,6,278,U,test,1,0.035099466658504185,0.5269840548642781,0.0816087081487619,0.12516968401058842,0.014489442629593929,0.10623012864017854,0.047070337284550054,0.010194596268694808,0.007285749335308885,0.045867832159541114
C9JLW8,0,97,U,test,1,0.0050833403494569785,0.9820482980666627,0.001647098963136217,0.0050833403494569785,0.0006919981272893016,0.0012336200184125889,0.0012530467093212886,0.0009912415659737636,0.0009532677019351386,0.0010147481483549893
D0VWU3,2,499,S,test,2,0.0008879096193635498,0.0011050213439308626,0.9929158757812855,0.0006198608360319102,0.000553473426683749,0.0010259776681577953,0.0007684216888949295,0.0004310455145530886,0.0010299931818819705,0.0006624209392166315
D0VWV4,3,169,M,test,3,0.001766708891050793,0.0018478823729023953,0.0015052547841632872,0.9856853259477973,0.0022818300850688165,0.0012626098981180077,0.001815683878576682,0.0008780073159399863,0.0015591151399669755,0.0013975816864156894
D2CZZ9,8,281,U,test,2,0.0010270054674724309,0.0021656941914672424,0.9900356366681,0.001114803795688312,0.000534888691086789,0.0015629405575360827,0.0009098763611488421,0.0006604994091429044,0.0012632382001225649,0.0007254166582348516
D2Y171,2,76,S,test,1,0.004418014355016127,0.9756962392895274,0.005168335672257662,0.0038874783804934373,0.0012547061070179067,0.0020605955922878873,0.0026770455958353757,0.0015737538904006957,0.0013356275492959519,0.0019282035678675196
D3Z3K2,0,276,U,test,0,0.9949691724585947,0.0011046064133593493,0.00034437013677375013,0.0007960067462613838,0.0004818604421442877,0.00047069816292517235,0.0005169607961350593,0.0004089496437237847,0.00041215706040923763,0.0004952181396732087
D3ZAW2,3,406,U,test,3,0.0016679732975409787,0.0018900613762973103,0.0014045743089920704,0.9867549901612309,0.0018426755655423597,0.001081139354691845,0.001393643841192994,0.0008003022816143372,0.00159159122301997,0.0015730485898772435
D3ZD32,0,1948,U,test,0,0.9951476462265081,0.000882980065157098,0.0003782844581244105,0.000717857736706044,0.0005439881937969387,0.0004972455211952441,0.0005090373455673389,0.00038725521910436907,0.0004286524202658609,0.0005070528135746535
D4AK17,2,305,S,test,2,0.000613627530658816,0.0009356703085159752,0.9945176462357331,0.00047603047098789875,0.00045246059350581607,0.000698052485740374,0.0005924295275309785,0.00045246059350581607,0.0006455930755960466,0.0006160291782251352
D4AL26,2,365,S,test,2,0.002114118298616339,0.003656437834196293,0.9835966773957654,0.002241693425355921,0.0010323532570088402,0.003211077518703126,0.0011516732569055986,0.000646030177703202,0.0014388902270293259,0.0009110486087159734
D4ALW9,2,271,S,test,2,0.0007814685904049503,0.0009334704836137508,0.9941192690974187,0.0005350010316234003,0.0005370949355216179,0.0007603897948481316,0.0006230410961834976,0.0003960290088305189,0.0007032455957544459,0.0006109903658010445
D4AMW3,2,190,S,test,2,0.019658874116146148,0.03994538512248759,0.3099284076805809,0.0645849833904724,0.3051234091920103,0.17659189754395502,0.013301859200968078,0.02012507183092891,0.029976203116388336,0.02076390880606231
D4AR77,2,930,S,test,2,0.0006974141977613323,0.0012896493493549062,0.9936082568054987,0.0006577243090568266,0.00046276683091496117,0.0010206948771076553,0.0005692129125197995,0.000516253712529482,0.0006577243090568266,0.0005203026961995733
D4AS12,2,422,S,test,2,0.0007002066779091655,0.0011409960325958637,0.9936975116635788,0.0006325841073664363,0.0005203494425027715,0.0010069255220225154,0.0006400407410197238,0.0004628083798920018,0.0006203487997214394,0.0005782286333912838
D4AS41,2,588,S,test,2,0.0006964992312690361,0.0012465038701910218,0.9923047157956744,0.0006122620961783434,0.0005980791014841905,0.0009632235484546271,0.0006267815311435777,0.00048433921052178677,0.0016437068840440296,0.0008238887310390785
D4ATH2,2,417,S,test,2,0.0006810741990907855,0.0012453688063754386,0.993339295306494,0.0005668402612673658,0.000424543768286411,0.0012105942672603282,0.0006705151541960572,0.0004590412389203006,0.0008576019790575999,0.0005451250190516814
D4AUH1,2,882,S,test,2,0.000735250891646361,0.0015710337648548352,0.9917665608856978,0.0006720736827919055,0.00045831445205278483,0.0017954915072712365,0.0007981073180272802,0.0005073078485281032,0.001129916827334579,0.0005659428217951149
D4AUX6,2,442,S,test,2,0.003404801545038955,0.005314820447551254,0.9403766028099152,0.0026413241860223655,0.004475527370700515,0.031187905877231265,0.004139186246912649,0.002241662900482245,0.004270578178610481,0.0019475904375350545
D4AWC9,2,495,S,test,2,0.0007441880318316137,0.0013112026397070656,0.992126902801015,0.0006749493150770721,0.0005195269898198337,0.001186888761059513,0.0007297942074448652,0.0005277083682619466,0.001383554302419305,0.0007952845833637318
D4AZ24,2,909,S,test,2,0.0012196180282818328,0.0023394245950958286,0.9861911870890034,0.0011867209238356667,0.0006084899704515098,0.002561838609267538,0.0013290643701932836,0.0009351136165677153,0.0026860949578896586,0.0009424478394135264
D4B1Z7,2,565,S,test,2,0.0006825497508330001,0.00135212012744857,0.9916102501784345,0.000641196127197343,0.0006362062765587805,0.001195574732256163,0.0006166323250506497,0.0005233290739234866,0.0019091242466853196,0.0008330171616121314
D4B528,2,373,S,test,2,0.000618461601608883,0.000967292268921488,0.9945518759125681,0.0005675322246461386,0.0005067492216321906,0.0006845745639235129,0.0005697534872801737,0.00041847203264913207,0.0005565551906958528,0.0005587334960744721
D4B5D3,2,197,S,test,3,0.0044930417913800905,0.0066354233741322466,0.002523446368515364,0.9752139404872454,0.00205957700464882,0.0016875568733376643,0.0026757222467728974,0.000984343226073569,0.0016102780641996288,0.002116670563694294
D4N4Z9,2,424,S,test,2,0.0009233054946480237,0.0014023840738220485,0.99294338499314,0.0007714506654177177,0.0006445711728467374,0.0009924987482957174,0.0006321040227183419,0.0005118934403244075,0.00059380675639697,0.0005846006323900086
D6PVB4,4,321,M,test,4,0.015029787764833035,0.0020741791004293473,0.00215680487882815,0.012357131204866678,0.8701171671978036,0.020543283779499367,0.0024060896753290194,0.01918588292832982,0.05225459722275656,0.00387507624732442
D6PVB5,4,320,M,test,4,0.0034822280305450066,0.000784615081398236,0.00102333099334648,0.003765186190073654,0.967412981493933,0.00836976180364965,0.0012636451713024161,0.004820451769927973,0.007429695475086462,0.0016481039907371585
D8QLP9,2,393,S,test,8,0.014397275787739087,0.05266304402197101,0.21828225566039716,0.01892486112411884,0.035633599323454536,0.18238164989451347,0.043361762058937735,0.017778261535671382,0.39218217996268867,0.024395110630508126
E7EKD0,2,62,S,test,2,0.0007431172429659245,0.0008503256930299192,0.9945767722405515,0.00045961311159350683,0.000563129769572206,0.0006456314521136739,0.0006088884452957719,0.00042840652688682203,0.0005565691253775217,0.0005675463926130811
E7EKD4,2,59,S,test,2,0.0007315855939483277,0.0008721796662137802,0.9945622329782055,0.0004524808760257347,0.0005415487168590569,0.0006792542342272535,0.0005971028016268106,0.00042840025258785965,0.0005764755801738079,0.000558739300131931
E9QAM5,0,2947,U,test,0,0.5748508664930029,0.34325913146251813,0.002206948155602306,0.05781427118675427,0.0032362756839261907,0.0054836278730934305,0.00393431034671781,0.003418188364211236,0.0032362756839261907,0.0025601047502474923
F1LW30,4,956,M,test,4,0.0012570046322817562,0.0005777511074039516,0.0010585040232070936,0.0018129267577172534,0.9890059481539,0.0019525990872268748,0.0010219374996324514,0.00113118165355104,0.001140053666520068,0.001042093418559515
F1NZP5,4,252,M,test,5,0.001287169163737468,0.001287169163737468,0.0013595215185950222,0.0015225919093575409,0.004759118860118453,0.9777537518286009,0.0012186672456233412,0.0016398960613745763,0.006904220161907751,0.0022678940869474483
F2Z699,3,582,M,test,3,0.0020718527413130625,0.0022423958473666255,0.00143793621838021,0.9867916956698125,0.0013882622619415567,0.0010276466794247646,0.0013720883306417755,0.000769671875654295,0.0014435642011831197,0.001454886174282097
F4HQA1,0,589,U,test,0,0.994411217831574,0.0015052917315061202,0.0003284159998816196,0.0009690462495886215,0.00045241214722555024,0.00048726706250637225,0.0005268613028357993,0.0004151567484698941,0.0004151567484698941,0.0004891741779421013
F4I2J8,0,716,U,test,0,0.9948610411222335,0.0010689379143573774,0.00038413088377047097,0.0008673447080812987,0.0005128820645995357,0.00048748748887442043,0.0005333129530622513,0.00036941508524583947,0.0004025657151757408,0.0005128820645995357
F4I443,0,714,U,test,0,0.9941906688876713,0.0014103298494588003,0.00029203444023131477,0.0010394042887387363,0.00046666975061361094,0.000532953585306453,0.0005541840167502353,0.0005541840167502353,0.00046666975061361094,0.0004929014138657848
F4I5N6,1,220,S,test,0,0.9937724385192148,0.0017969279860353675,0.00034127922550076823,0.0011692833985645216,0.0005004529332324595,0.000530652406229528,0.0005561190143586327,0.0004181440708871003,0.0004181440708871003,0.000496558375089725
F4I6M4,1,821,S,test,1,0.008488128318469202,0.9677720606839921,0.0006160800277429474,0.009124235563708588,0.0016746791110111047,0.0036152202982629414,0.001501172679367951,0.0030681977765451875,0.003116514788445394,0.0010237107524546094
F4I8Q7,5,416,M,test,5,0.0013426057957854857,0.0012514460955935132,0.0011848454837837237,0.001551378012258218,0.0031231766653519247,0.9807938993976952,0.0012035040626184029,0.002031297530821389,0.005820634215299556,0.001697212740792558
F4IPE3,0,445,U,test,0,0.995102875396466,0.0009362209088093742,0.00039952999774378877,0.0007348481994172314,0.0005482301459678884,0.000495284678118183,0.0005130067030968077,0.00036377622475078716,0.00040900457732948644,0.0004972231683004163
F4IUY8,0,1006,U,test,0,0.9852449522810283,0.006586867203659405,0.0003894393357454427,0.0026782818303372298,0.0007506639658243641,0.0010710843020128274,0.0008640088806190192,0.0009342163931836871,0.0008180271613177141,0.0006624586462720468
F4IVV0,1,224,S,test,0,0.9869912503139873,0.005556529520924197,0.00038709355630498605,0.0030866396421422373,0.0006089836388475243,0.0007850109438314104,0.0007728404783424838,0.0006584683590894407,0.0005810962896282507,0.0005720872569022413
F4IW47,6,741,M,test,6,0.001998781058199512,0.002422791518167738,0.0013288772162165247,0.0014035740621376335,0.0007873336689187477,0.001693033435029241,0.9860523065012518,0.0010512284109357594,0.0009423150635582013,0.002319759065584892
F4J8D3,1,1176,S,test,1,0.3668048270815651,0.5336978707648427,0.001752564074427712,0.06275290570754706,0.004303881652315632,0.008492682562185796,0.005613320793331893,0.006165026535778495,0.0069586545051879565,0.003458266322817729
F4J8K6,0,1920,U,test,0,0.994737830377592,0.0012016904670077125,0.0003184162662932718,0.000754941889262777,0.00045968753148009915,0.0005229329873946222,0.0005632209601336115,0.0004817483837156358,0.00043863693155529916,0.0005208942055649459
F4JCC1,0,992,U,test,0,0.9948931177015443,0.0009905705617689062,0.0004057361590390383,0.0009089987109786211,0.0005209755180379919,0.00048560261300988565,0.0005250616368265889,0.0003443438234955376,0.00040257868509087027,0.0005230145902082984
F4JI44,0,913,U,test,0,0.9950761367335758,0.0010393145589048228,0.00033381086017408553,0.0007581544143591351,0.0004781619735788968,0.00048569191954677993,0.0005011094684182325,0.00040899358440096487,0.0004252860525335943,0.0004933404345077452
F4JL28,0,234,U,test,0,0.9950884299433425,0.0009792223873645821,0.0003753182787669629,0.0008149812210881466,0.0004991620222583365,0.0004856979220878855,0.0004952774761420595,0.00038421866589347076,0.0003995242234622456,0.00047816785959380075
F4JYE9,3,530,S,test,3,0.002401592673700716,0.003642375465552571,0.0015566536790919418,0.9841291658685881,0.0013159641631630247,0.0011704427849950432,0.0017916972841999909,0.0009779415335249746,0.0014453040428717085,0.0015688625043118873
F4K1J4,0,1423,U,test,0,0.9950461013299541,0.0009975187307113428,0.0003694837796927382,0.0008181361357769242,0.0004856772829362766,0.0004837838171286664,0.0005109775007039628,0.0003782458648221834,0.0004089812511758766,0.0005010943070979816
F4K2R6,0,563,U,test,0,0.9937204061519876,0.0010128660298152031,0.00054109032166394,0.0015433055719582633,0.0006974929085941112,0.0004850302036403046,0.0006083641745975229,0.0003307618587920805,0.0004181221858533163,0.0006425605930975788
F4K5W8,2,836,S,test,1,0.002357841977765009,0.9871836862448161,0.0011115924124651102,0.0023167576089064405,0.0010042401273102834,0.0012995831557527987,0.0012019180234900788,0.0010042401273102834,0.001225623794659773,0.0012945165275240543
F4K6F1,7,517,M,test,7,0.0022153103886914326,0.002579863093700353,0.0028334252018992895,0.0019935636555214915,0.004798684102715009,0.004379932151034034,0.002946296138922189,0.9663417600130377,0.009110750314429915,0.0028004149400485154
F4KFS7,5,550,M,test,4,0.00679408063036758,0.0020479369536102344,0.0018646678954959872,0.009770161918325592,0.8933317132555769,0.04447636635285798,0.002888054295609909,0.013604323434973564,0.020442462614251092,0.00478023264893118
F7BJB9,0,942,S,test,1,0.003385786265650138,0.9823978058369051,0.0013874900075262688,0.004909481145252938,0.0010230709526475887,0.0019643326717339164,0.00151791858444951,0.0010310949947237645,0.0012054720996971975,0.0011775474414136126
G3HIK4,2,492,S,test,8,0.029104228574897986,0.10771374968919205,0.22015258300793683,0.07098616540641432,0.011667660241929922,0.20045122168201768,0.07388605053541351,0.009522867229383803,0.26555472167210187,0.010960751960711987
G5EBZ4,0,1829,U,test,0,0.994740544688427,0.001298785596746719,0.0003285247757073262,0.0007231919721044378,0.00046692785415602186,0.0005128199145203127,0.0005353353971354592,0.00046692785415602186,0.0004318376526448835,0.0004951042944018445
G5EFF5,0,753,U,test,0,0.9950361775768686,0.0009288728984745291,0.0004121848293977667,0.0008293901277205981,0.0005655949312252592,0.0004762786813489688,0.0005089803561936101,0.0003417132222941555,0.00036948010988997564,0.000531327266586581
G5EGM3,0,1744,U,test,0,0.9950967475958167,0.0009640490214057382,0.00036950258239151735,0.0008213800065951044,0.0005110034858576703,0.0005011198249899774,0.00048380842999876203,0.00036377398810538486,0.0003933334682650948,0.0004952815965740199
G9M8X1,2,687,S,test,4,0.015281626713610157,0.006546921858122302,0.008052852368506919,0.02524440104547278,0.8441836023171476,0.055246638766920174,0.003759580834153733,0.013407200249144074,0.015103590425592043,0.013173585421330196
H2A0K6,2,238,S,test,2,0.0007688451318778667,0.0012577467354766276,0.9934629922676659,0.0005284190108069868,0.00048490457150456495,0.000884935344481112,0.0006449084696895901,0.0005042209260636304,0.000884935344481112,0.0005780921979526636
H2A0K9,2,223,S,test,2,0.0012488160896258324,0.0016495727905580656,0.9902696173152595,0.0007255881472217019,0.0005434404353503831,0.0007845478485162182,0.0010113220914749648,0.0006869730120502314,0.0020285136103871744,0.001051608659555917
H2A0L9,2,332,S,test,2,0.0008175872804755663,0.0009067558196962637,0.9943785219302602,0.0004853514328381288,0.0004704187246600993,0.0005608225467309895,0.0005652210663737028,0.00040870685262447444,0.0008501561513588708,0.0005564581949816445
H2A0M3,2,781,S,test,5,0.030430280550698467,0.065307708479966,0.054274333345242155,0.08175438133476844,0.0059803856400698005,0.4750808614562328,0.054566630806369296,0.014686409808023557,0.20593231020858663,0.011986698370042861
H2A0N4,2,1014,S,test,4,0.0030473757835842168,0.0021191172368975036,0.005480492159699358,0.003095365207246375,0.9763411529000953,0.0036012212254414085,0.0012753071816948185,0.0015383141967789114,0.001357557402601512,0.002144096705960679
H2A0N6,2,100,S,test,2,0.000603760145895425,0.0011457355413043212,0.9939349838986927,0.0005245559391068795,0.0005044605021838307,0.0008220250066937904,0.000678825846470002,0.0005005348031643132,0.000697643508903831,0.0005874748075848425
I0IUP3,0,830,U,test,0,0.9925689612047871,0.0017877548973429692,0.00044111330063207157,0.0020921394558728818,0.0005279434586475454,0.0005197584705886019,0.0006100375204164064,0.0004047883379455671,0.0004445729899673541,0.000602930363799518
I0IUP4,0,1169,U,test,0,0.9944490135278437,0.001293264088924454,0.00034419010421800247,0.0011553188018825302,0.000455977799923291,0.0004778606206678213,0.0005330920653432031,0.00036926206447738624,0.0003930774377604307,0.0005289434889592093
I2C092,2,855,S,test,8,0.009927361031890486,0.038335210646767655,0.02554923047844321,0.04662652945864036,0.02906438079134198,0.02224095111874423,0.033444731617753375,0.01116163163427038,0.7643644028590298,0.01928557036311847
J3KML8,7,504,M,test,4,0.0022912998659388997,0.0006337903254894694,0.0011387149565449692,0.00290781066698383,0.9725295498768027,0.00739640620029179,0.0013004533076891888,0.004999773994809871,0.005317036447857256,0.0014851643575920068
J9VQZ4,2,594,S,test,2,0.0007635154903248131,0.0009209754695052862,0.9943140767940731,0.0005007256697881515,0.0005066280426797994,0.000748747741941209,0.0006479871434956285,0.0003809320113322955,0.0006556254433586144,0.0005607861935010457
J9VY90,2,624,S,test,2,0.0007341174545401908,0.0009593414777640288,0.9941133322605664,0.0005226046542055842,0.0005165161324710843,0.0008318640725820704,0.0006842726595943104,0.0003929447526332331,0.0006710376336105278,0.0005739689020325104
K0P7H2,2,125,S,test,2,0.0009284106549390792,0.0008273598943585902,0.9945410213681567,0.0004950050063214414,0.0005436565948597569,0.0005543793181743454,0.0005719771805469872,0.0003870191527974173,0.0005924434579901693,0.0005587273718555138
K4C9E2,6,498,U,test,6,0.0018576672946235267,0.0019035787051797663,0.001265582439696458,0.0011478334598508998,0.0007016565312450373,0.0014063549949551194,0.9880059704789639,0.0010169240766614487,0.0008974323593875812,0.0017969996594363357
K7WDL7,1,388,S,test,1,0.0036173628220775894,0.9823948680174562,0.0009915913587566078,0.006098007471257915,0.0007031435647171718,0.0017885398167016254,0.0012633202848993973,0.0008481530904360453,0.0009915913587566078,0.0013034222149407681
K7ZGS2,2,63,S,test,2,0.0007429204987228096,0.0009066965418308556,0.9943134770808087,0.00046672738906918925,0.0005564217564327338,0.000703383003310231,0.0006764368144658811,0.00042829310345236245,0.0005992897777828065,0.000606354034124379
M9MSG8,4,2551,M,test,5,0.006889093382560165,0.0018200879397183634,0.0017232245751953772,0.0026276033682749614,0.028249400431693397,0.9428288546967968,0.001508905839214384,0.0055409504604715136,0.006079603666642296,0.0027322756394327326
M9P2C1,2,91,S,test,2,0.0008519352644551468,0.0008586170966554351,0.9945150883255278,0.000491140016158209,0.0004949920828465148,0.0006088506944605614,0.0006355823888364016,0.00040876298969839535,0.0005697324095067124,0.0005652987318548001
O00267,0,1087,U,test,0,0.9939756613748415,0.0016999842132603357,0.0003386926242322249,0.0010111494587461863,0.0004927948289162889,0.0005454742215611115,0.000549752368574298,0.0004927948289162889,0.00040854127009234693,0.00048515481085943977
O00463,1,557,S,test,1,0.002798988699718613,0.9853803083317417,0.0008181395872982075,0.004474955490401249,0.0008375411917072534,0.0016334329361735516,0.0010423367715613114,0.0008915579634086637,0.0011358742779722332,0.0009868647500171671
O00623,9,359,M,test,9,0.008410036821604551,0.038434565714213394,0.010507425383069941,0.00967989411906256,0.009200609483521045,0.012046822313194426,0.009345497187494526,0.008952438114295082,0.008344589995560479,0.885078120867984
O00841,0,802,S,test,0,0.9936145452382098,0.0020062578656948244,0.00038665861582352137,0.0010531019555104046,0.0005560306548064773,0.0005203059942887339,0.0005347294450763952,0.0004279920500798186,0.0004115959416819994,0.0004887822388280192
O01583,1,1592,S,test,1,0.0036727390002380123,0.987017440073831,0.0008067936955723253,0.0032002930910866333,0.000769847901142148,0.0010772108523990664,0.0008723519857712202,0.0008521439766237497,0.0008723519857712202,0.0008588274375646742
O04147,1,181,S,test,1,0.009264308245781607,0.9617430197857425,0.0009631918736925301,0.014546363956570336,0.0015153134365209046,0.004350582705673029,0.0018278168711367772,0.0019155357017808375,0.002567585618078277,0.001306281805023193
O04193,1,200,S,test,1,0.0032331838158850446,0.9869889325405296,0.0007461406550843203,0.003156745522447639,0.0007942626120560025,0.001244678865010568,0.0010119168109137405,0.000907076324718485,0.0009285870802898985,0.0009884757730647066
O04196,6,783,U,test,1,0.0033684863691393284,0.9749949072186784,0.0034890160645345033,0.007020528386351194,0.001867535651705008,0.0022351476021430835,0.0020035732679446784,0.0013770344996735454,0.0020833864638412788,0.0015603844759889717
O04202,1,293,S,test,0,0.7583435139978952,0.18012237533369735,0.0018944885395184659,0.033449695443631924,0.004236072413448711,0.006091642149980289,0.005271876721502341,0.0031234838251651513,0.0042692964121984756,0.0031975551629619898
O04203,1,435,S,test,1,0.0024452797953739987,0.9884249678455445,0.0009669825776628338,0.0023839745511953225,0.0006910712602918215,0.0010213371863473477,0.00108296909194242,0.0009227012710807124,0.000894312694332096,0.0011664037262289655
O04348,6,340,M,test,6,0.0017656753094445169,0.001890596969398951,0.0010899276267702005,0.0012742546222760558,0.000740368365892224,0.001639374011654939,0.9870346351655298,0.001197051364933199,0.0010646794744044927,0.0023034370896956053
O04479,0,199,U,test,0,0.9948178474632633,0.0007698936466042997,0.00047062657370583726,0.0009544126763219797,0.000625919160442072,0.0005128597504976911,0.0005250218912035275,0.0003470182773760722,0.0004218669215689091,0.0005545336390162656
O08722,4,945,M,test,4,0.0017649831127456161,0.0005685469385969291,0.0007357544233558556,0.0017788260572894213,0.9885766120562505,0.0018733185019878809,0.0008737300237068313,0.0015334440036644536,0.0012812403621037924,0.0010135445202987786
O08750,0,462,U,test,0,0.9952338000276274,0.0009236295802026073,0.00037537308838656784,0.0007436081707024744,0.0005070966870970799,0.00045455853515734425,0.0004972885789757509,0.000358183491528072,0.0003933876333901868,0.0005130742069324744
O08858,4,362,M,test,4,0.0013179911023225353,0.0007137856092227331,0.0010026747215579044,0.001511084080533192,0.989502580791998,0.0017927052094714694,0.0009605035027091172,0.0010715190197960439,0.001034503020808459,0.0010926529415805396
O11780,2,683,S,test,2,0.0009917817201740829,0.00168050009218948,0.9902898762576762,0.0010113427564091017,0.0011020988725172639,0.0016319809737218062,0.0008000379768249514,0.0007907172410806786,0.0008890273155720738,0.000812636793834393
O13134,4,1035,M,test,4,0.0024717665034221827,0.0007869440074360365,0.0008778995251745534,0.0035199567202507365,0.9702845167994761,0.007379331601990968,0.0015050699168478775,0.003798554399379528,0.00749553969683386,0.0018804208291880935
O13472,0,328,U,test,0,0.9951731442165512,0.0008376445941186102,0.00039336366041812414,0.0006536336271803716,0.0005397687199625729,0.0005130429606145176,0.0005070657898946497,0.00041547483232736354,0.0004457394141132196,0.0005211221848193115
O13660,3,277,M,test,3,0.004029406774069391,0.005194110559908108,0.0037852770594261377,0.9083119654747146,0.005794449088119023,0.006591669700623043,0.03990844426382227,0.001956119929619357,0.0031503871575632634,0.021278169992134846
O13674,1,654,S,test,1,0.002327737615940363,0.9889607174083039,0.0009827426699492803,0.002032272330568709,0.0008538216916456001,0.0010420457867869092,0.0009018154697582988,0.000908888455797335,0.0009232014256200602,0.001066757145629505
O13684,0,261,U,test,0,0.989227938403339,0.003623896248336726,0.0003702043345279699,0.0029462066204027186,0.0005778807843844175,0.0007596099780142635,0.0007191841783663795,0.0006056138806221016,0.0005778807843844175,0.0005915847876219523
O13699,3,430,U,test,1,0.023513373224286687,0.946604976649551,0.0008498094479446901,0.017337674449629713,0.0013474236610988325,0.0028082719355490434,0.0014010989248281179,0.00243035683061763,0.0025271713056834785,0.0011798435708107974
O13701,0,393,U,test,0,0.9950249575539399,0.0010722507369876014,0.000328618695569007,0.0007670518322661822,0.0004933150369323443,0.0004875677879298159,0.0004952459011869992,0.000421954753950644,0.0004252641791475129,0.00048377352208996046
O13713,0,307,U,test,0,0.9949772269615299,0.001083779217494419,0.00035809114639400006,0.0008691418654594673,0.0004781144323797116,0.00045979816638326847,0.0005089501788472277,0.0003637303055466878,0.0003902256224136917,0.0005109421035516468
O13716,2,424,S,test,2,0.014276251994609013,0.041028278378487285,0.6589375506492826,0.029493899801405137,0.011426569601142944,0.02215472173810313,0.06373228488856655,0.005190752736707371,0.14029590079351706,0.01346378941817895
O13737,5,222,M,test,5,0.0011894525637835215,0.001261229366858892,0.0011664464498403763,0.0010016194555192055,0.0025229940114054315,0.9846075874103015,0.0011438853917040766,0.0016449531540427727,0.004258358686822709,0.0012034735097214457
O13744,3,259,U,test,0,0.9798524052857013,0.008089176162104136,0.0005905738738307593,0.00632451437380446,0.0006904507781969051,0.0009437343356924241,0.001142816369750795,0.0007885195778324385,0.0007642593793210969,0.0008135498637656648
O13746,0,107,M,test,1,0.003434630053960395,0.9864035157972885,0.0015663577580355822,0.002557390267640785,0.0006842909847721496,0.0009280362758245274,0.000950043953258933,0.0010849842193295547,0.0012536969212380523,0.00113705376865152
O13769,0,638,U,test,0,0.9928925666471221,0.0016906857397588567,0.0004310354106816256,0.0017401003217149527,0.0005364322327022956,0.0005448798528582393,0.0006676007601597478,0.0004049203091275271,0.00044471793715350065,0.0006470607887211761
O13816,0,962,U,test,0,0.9945441381270953,0.0013644232278736362,0.0003134186024277233,0.0007202302428633607,0.00046320270463383567,0.0005289940742681416,0.000531064520993524,0.0005522197484228147,0.0004911543757108378,0.0004911543757108378
O13846,5,347,M,test,5,0.0011693415913960838,0.0012111824254871567,0.0012064605032491332,0.001714726112817408,0.003480796508851374,0.9832032496007839,0.0014215578505870508,0.0012447576546665681,0.0033274865984068013,0.0020204411537545334
O13881,0,537,U,test,1,0.045186606404823644,0.9147156541651218,0.0012041823238964449,0.025546191638853678,0.0016459220995526844,0.00402623624435022,0.001954580776470736,0.002048383115075625,0.002064448894215748,0.0016077943376394252
O13894,0,124,U,test,0,0.9946537323230766,0.0012318869187359922,0.0003900987446869125,0.0009212901110903008,0.00047054894264754227,0.0004854857547021568,0.0005332018006244583,0.00037515430742939807,0.00043179996071257396,0.0005068011362940341
O13904,5,195,M,test,5,0.0764519817948149,0.00622672405311445,0.004849377221959433,0.01080092341278878,0.09078897659388391,0.7781935993607813,0.005538162861899501,0.011862493239442582,0.010550719894955016,0.004737041566360225
O13905,1,347,S,test,1,0.03554074105284418,0.6547502896670494,0.004016873905490207,0.059374407127323024,0.020083105257051873,0.059374407127323024,0.02180000401688741,0.09885250809228399,0.0332410373877209,0.012966626366025948
O13919,0,1075,U,test,0,0.9942102054440639,0.0011043029271891717,0.0004316074189487217,0.0013088332802130016,0.0005456029257973041,0.00048149287871409967,0.0005541949021509922,0.0003468063195688598,0.0004316074189487217,0.0005853464844052367
O13936,0,990,U,test,0,0.9943766791547187,0.0014174980695483312,0.0003335762187440706,0.0009502702323719177,0.0004968603137508973,0.0005289049743384148,0.0005227431104929541,0.0004595206470292221,0.00041514230523937584,0.0004988049737661345
O13968,8,596,M,test,5,0.0012664484022197402,0.0014018304567681786,0.0016453205515892027,0.0015336072452351046,0.005490467387304823,0.9771634285682993,0.002137536403885839,0.0026968265732927625,0.0048785558629116646,0.0017859785484933561
O13970,3,263,U,test,3,0.008212404371494824,0.011672179279879737,0.0020927065169031164,0.9679466540065407,0.0017969925056974916,0.0011877395511851062,0.002020413067305906,0.0013458852265731537,0.0019968745875928993,0.0017281508868270603
O13995,5,166,M,test,5,0.004364099583189587,0.001828132177041348,0.0020715451026729293,0.0023019659612896638,0.007049129715446223,0.9694532666114248,0.0018424703544933116,0.004454522162378302,0.004996141216048951,0.0016387271160148847
O14013,0,556,U,test,0,0.9951638850738901,0.000867608731711825,0.0003666518485692585,0.0007915111233223006,0.0005130381738093044,0.0004857347654030696,0.00048384106652852395,0.00039335999635058236,0.0004253235681451706,0.0005090456522698463
O14023,1,544,S,test,1,0.009908238568881246,0.9383733408011373,0.0036308267677927527,0.029929222971110565,0.002117842699239554,0.0060686260406521185,0.003397548387443647,0.0013673817936279045,0.0021013613162293105,0.0031056106538856075
O14036,0,115,U,test,0,0.9865975560163559,0.0054682012627034786,0.0004968397042579275,0.0031278817034717903,0.000684425630259912,0.0009282188469356853,0.0008418579537331991,0.0006231766253455302,0.0006183270545739057,0.0006135152023626849
O14038,5,134,M,test,5,0.0029544094119993442,0.0016188826161307064,0.001922470836936424,0.001231581070017968,0.008498921858803764,0.9577135295402376,0.0013739277861625427,0.014428944103530426,0.00870046844273313,0.0015568643334481218
O14090,5,101,M,test,0,0.9857662941389247,0.003689639027438196,0.0009130581711100478,0.0047283462499726195,0.0009420417481184454,0.0007995004239573696,0.0010970646007581702,0.0004415260882057247,0.0006275351235710413,0.0009949944279436418
O14097,0,331,U,test,0,0.9947583053981643,0.0012931926528564185,0.0003469975024461727,0.0007927353492333629,0.00045969700593789266,0.00049511314123246,0.0005209049006006316,0.0004185588822814256,0.0004251502312648643,0.0004893449359823744
O14104,1,362,S,test,1,0.002573483434118691,0.9877757597400418,0.0012026388785895542,0.0018846402344759076,0.000712539941965946,0.001188627714830129,0.0012456710967499052,0.0010530657036816574,0.0009739265808894397,0.0013896466746568927
O14119,5,249,M,test,5,0.0013779183884359127,0.0014610679003896725,0.0013996173855385997,0.0014272223636653248,0.0026097274256962474,0.9832726106217176,0.001790137866108313,0.0012065455200721983,0.0028858852403623454,0.0025692672880138294
O14121,3,551,U,test,3,0.0018530861522957141,0.002079415347218745,0.0015422750576556989,0.9865323802981854,0.0013663800064444669,0.0010114486694244131,0.0019119094168455043,0.0007694695883209759,0.0014152710650808089,0.0015183643985283378
O14154,5,513,U,test,2,0.0008556854363803046,0.001609596408439462,0.9911194349089878,0.0007882943534478385,0.0005524720711048332,0.0015646515963248175,0.0007521957669313936,0.0004913787659847808,0.0014871802271869058,0.0007791104652119035
O14158,3,578,U,test,3,0.018880099490148,0.0707673367440118,0.007343183232737157,0.8554134812499018,0.0038999351756102783,0.0039924192438001846,0.013001458436893603,0.004704219860863585,0.005007616387208867,0.016990250178824783
O14223,7,132,M,test,7,0.003490321047246704,0.0038483712408419455,0.003228019421074783,0.002893577787116904,0.017046267608515034,0.036086947443166935,0.0045344895628869385,0.9162655901110076,0.0070506426216731645,0.00555577315646997
O14228,1,1323,S,test,1,0.003162192705856547,0.9877269322495692,0.0012167549490589204,0.00238694819572235,0.0007014583877303055,0.0008073736237975563,0.0009892149285971848,0.0010047926947873366,0.0010530136646738468,0.0009513186002067452
O14246,0,508,U,test,0,0.9921512798668733,0.002701009443937259,0.00032258959887979956,0.0016734139391207836,0.0004513839755872085,0.0005933330510888426,0.0006097808483639404,0.0005318602884364574,0.00046571246099064335,0.0004996365267217233
O14254,3,439,U,test,3,0.0038568043069235804,0.0038044332402686976,0.0017273980452443725,0.9827612852439039,0.0011417403361238723,0.0009318613633231545,0.0016354676519882746,0.0008891882758523919,0.0015244234911273038,0.0017273980452443725
O14267,5,759,M,test,0,0.5922172075065013,0.01653945075025731,0.007058171096312042,0.06440063571967244,0.03985203806297112,0.093702368525511,0.006426537881071249,0.07128500199996401,0.09480690219887244,0.013711686258867092
O14275,3,931,U,test,3,0.013752715188692853,0.02650905302511402,0.0025639492940727504,0.9418055132679148,0.0017759957709273778,0.0015551138721362882,0.0033440202190994496,0.0017759957709273778,0.0033440202190994496,0.0035736233720155765
O14279,0,154,U,test,0,0.9945142495188521,0.001348651277754009,0.00038100870144459756,0.0010057867267611272,0.0004631887819196109,0.00048731754593885865,0.0005331270052228411,0.00035237542106785125,0.0004055816481343723,0.0005087133729046078
O14311,0,307,U,test,0,0.9951789636270348,0.0007977310866386412,0.00038726740603745025,0.000720689995028448,0.0005440053135375157,0.0005110457525106703,0.0005011612195012737,0.00039645114797911646,0.00043541640027181303,0.0005272680514602319
O14336,0,461,U,test,1,0.0026972481765187837,0.9871479959481682,0.0005949710530368897,0.0029790286375909404,0.0008589410195947896,0.0015074883768186429,0.0007580127885384418,0.001183241240897131,0.001314854801133237,0.0009582179577029412
O14341,3,308,U,test,1,0.0027796643494227176,0.9882107173877256,0.0009592495425119669,0.002341926889467057,0.0006644527575595556,0.0011435954820525202,0.0010412555834731067,0.000873406627013856,0.0008598657201095651,0.0011258656606640577
O14514,4,1584,M,test,4,0.003438841340966692,0.0007169590823910575,0.0011104479683451784,0.004150060217020605,0.9784928557128596,0.003066045277200195,0.001360549158923228,0.0031204168170994094,0.0029717127835470107,0.001572111641646977
O14843,4,346,M,test,4,0.001233795856185531,0.0006552640479026303,0.000987517759565538,0.0014480990915903768,0.9898916465013488,0.0017196602647142395,0.0008956397720121591,0.0009991583590027555,0.0010930824620024552,0.0010761358856755914
O14925,3,209,M,test,3,0.004416151325832937,0.0060657088968059355,0.003199526726093978,0.937006688179977,0.003569329998209847,0.002216247319809404,0.03439815627657831,0.0017260151942876036,0.002570891920424248,0.004831284161980736
O14974,1,1030,S,test,0,0.9931044389912849,0.0022766631038118393,0.000303336002359325,0.001223379361041047,0.0004962245801611229,0.0005667062690525925,0.0005846954659705722,0.0005365466631846861,0.0004345087626882448,0.0004735008004457175
O15031,4,1838,M,test,1,0.0026648994055902637,0.9889761895674524,0.0009018295721023372,0.0016848394884919206,0.0012867748465991821,0.0011179694750241245,0.0007190011591330043,0.0010021413440439199,0.0009160313110280155,0.0007303238305348208
O15091,3,583,U,test,3,0.01775600598703363,0.03044087720027549,0.0036073514684827235,0.9323062639691956,0.0022929720810758816,0.0020554068480211096,0.0038852704393418313,0.0018424548385467493,0.003025851866891658,0.002787545301135326
O15226,0,690,U,test,0,0.9209440797554298,0.051956108861847414,0.0009368560125326056,0.015969997013473233,0.001428534835743911,0.0022212178086921017,0.002127796377082856,0.0016964270924446911,0.0014970917012431023,0.0012218905415103322
O15245,4,554,M,test,4,0.026929087899258703,0.0028801877011356116,0.0032636802597944435,0.040071602854777684,0.6830755462640773,0.051856510268724745,0.0052153463402548625,0.04576320939823537,0.13138973694566208,0.009555092068079266
O15344,1,667,S,test,1,0.0026254824218681617,0.98727844189508,0.0011116991475973233,0.0025974298189361178,0.0010525355945048343,0.0011380623312084984,0.0011425166147018206,0.0009965207269396017,0.0010607907222241113,0.0009965207269396017
O15503,5,277,M,test,5,0.001487530170167195,0.0011228466648666325,0.0009793641776920622,0.001010452661093748,0.002720666515142169,0.9855608590754351,0.0011184690988809162,0.0015287659965772834,0.00355101801140427,0.0009200276287406039
O15525,0,162,U,test,0,0.9944421502274067,0.0012160877345743617,0.0004184258726703193,0.0010800276621320494,0.0005330883992578397,0.0005166869338797756,0.0005310100362987796,0.00036925951524653265,0.0003663859191404755,0.0005268776993931461
O16011,0,297,U,test,0,0.9939043388657429,0.0015447221950032838,0.00045218154914591224,0.0010985858318668712,0.0005738482262868539,0.00048134475277479517,0.0005990431806558362,0.0003928621482505532,0.0003990488079864908,0.0005540244422864375
O16259,1,320,S,test,1,0.0021812912652497607,0.9874752846158321,0.0006958222264622445,0.0031002403516313818,0.0008727565894346959,0.001574196845093489,0.0009585356536427176,0.0009218147661417098,0.0011836335415121293,0.0010364241449997912
O17087,1,1113,S,test,0,0.9948206259027557,0.0010942426068157544,0.00038112606791565614,0.0008707039675411943,0.000499027681972125,0.0004970821488197694,0.0005332912775003442,0.00037521726184431534,0.00040570661386092946,0.000522976470974211
O20250,6,741,M,test,6,0.0016193497896788618,0.0018278098136575935,0.0010133632294766733,0.0010871799719615355,0.0007185820606673478,0.0015301779829088203,0.9883997280397963,0.0010094124427637633,0.0009594330176057772,0.0018349636514834189
O22049,3,353,M,test,3,0.017332385553292404,0.02339170475037603,0.01582761962645403,0.6736650333579595,0.004646761196384801,0.0054326140327893985,0.2364786727729273,0.003852300377662436,0.0051434960955128416,0.014229412236641302
O22131,0,262,U,test,0,0.9949634446107134,0.0008293295122674639,0.0004353221318931217,0.0008212699628215871,0.0005880826721356106,0.0005149424151645866,0.000516957797291192,0.0003723507536627968,0.00041864519986220696,0.0005396549441880192
O22160,6,224,U,test,6,0.0018261517095966868,0.0018512900861327223,0.0013153277725639534,0.0010486706655048713,0.0007012993777609544,0.0018694576292840146,0.987503038769644,0.0010777408533058962,0.0010405098346442378,0.001766513301562651
O22241,6,424,S,test,0,0.9462752778612962,0.02813202290579587,0.0008764799449982538,0.016154859787524466,0.0013260718074527965,0.0020062826368597,0.0015747492341001083,0.0012852727806082545,0.0011521111253709262,0.0012168719159934979
O22315,0,303,S,test,0,0.9947645264684966,0.0008471705028468483,0.0004596998730445681,0.0008307847559195081,0.0005972242557860017,0.0005009525137920145,0.0005788495531651313,0.00041856149393090564,0.0004455564015408793,0.0005566741814775634
O22609,6,439,M,test,6,0.0018146248369110903,0.0017952360995606175,0.0013108600432308155,0.0010740802629987762,0.0007827503049229446,0.0015719613104051224,0.9880007250902084,0.0009817887649367573,0.0010011529386564392,0.0016668203481689972
O23179,1,414,S,test,1,0.0030252038762810843,0.9873893146763235,0.0012998539226557477,0.0021811015041749786,0.0008726806383613302,0.0010860685305006394,0.001036333938539981,0.001012327242608501,0.0010526537327162353,0.0010444619378379987
O23181,1,428,S,test,1,0.04114461677611434,0.6231994045604577,0.020588040287515104,0.07185931576242556,0.016478458739737883,0.021915854697540964,0.014429021207507112,0.005739468078299852,0.0074856777188269325,0.1771601421715745
O23342,6,177,M,test,6,0.00487955219741956,0.004371867328870175,0.0034382264993164107,0.006731720820091453,0.0016209342757633487,0.00415946059832785,0.9664481466496339,0.0012623848787004983,0.001343801560365668,0.00574390519151123
O23463,0,923,U,test,1,0.1350233886658713,0.8142953122818717,0.001686466550756049,0.03132794875832146,0.002694966106142117,0.004656483535788018,0.002758875325456983,0.0028687765142865187,0.0027161029381633423,0.0019716793233425186
O23647,6,858,S,test,1,0.0027108969119038003,0.9884863391725708,0.0009670426269772839,0.0023632600217002512,0.0009446411747292268,0.0011894826903594484,0.0008805023245996265,0.0008017064936842683,0.0008668514050751663,0.0007892771784001955
O23722,9,412,U,test,1,0.0028219747193474914,0.9871863987627938,0.0010858453531647082,0.0028281824490106857,0.0006585985686429307,0.001259602644759777,0.001183287290804169,0.0008390763411070581,0.000872501270321613,0.0012645326000477698
O24174,9,505,U,test,9,0.004044704627495471,0.006514112501484039,0.006840077732727366,0.007965684912907061,0.007512356196599209,0.008834446829749905,0.010338606370642444,0.004747245952937264,0.006167437450033263,0.937035327425424
O35254,7,451,M,test,4,0.003952569102319963,0.002772167305628832,0.0019277396032828112,0.002860165399169946,0.9792793467807516,0.002718548746083541,0.001495472126675932,0.0020202539120286666,0.001279145138972073,0.001694591885086661
O35586,9,227,U,test,1,0.0029865388178174105,0.9877055885424202,0.0008867073246330904,0.0029402367134387405,0.00070144320238018,0.001245582626845869,0.0009365495611688494,0.000807356186960754,0.000846102004716747,0.0009438950196182097
O35615,0,995,U,test,0,0.9949263640630551,0.001175509801940334,0.0003337606133753064,0.0008180376859813659,0.0004913431627163974,0.000478090005514073,0.0005029949980138542,0.00039635052727939496,0.00039945913661002897,0.000478090005514073
O35621,1,262,S,test,0,0.9284082051849429,0.03226865826910292,0.0011846044795175766,0.024741239837111937,0.002111785811565891,0.0030606514763573704,0.0027650680848984974,0.0015210624546088292,0.0019078395555583388,0.0020308848463356666
O36025,1,992,S,test,1,0.0018346935552434696,0.9882542231624231,0.0009297774881951554,0.002003244416623816,0.0007128851104027034,0.0011799489290812018,0.0012609651384959486,0.001321480145850162,0.0012269528917689487,0.001275829161915581
O42248,1,317,S,test,1,0.14868881123634406,0.7790736905967187,0.0012468316476379297,0.038186446743605655,0.004931314515806856,0.009339732320669668,0.0031591187341791626,0.006609938444356178,0.00674030825380952,0.0020238075068722515
O42250,0,344,U,test,0,0.9951891147613362,0.0010015669292139581,0.0003695368965586963,0.0006823425602157662,0.000517075034869834,0.00048196696201478377,0.0004914729148857535,0.00038727134766082126,0.0003995646330395782,0.0004800879602045703
O42602,4,415,M,test,4,0.0014505504909390126,0.0006706276283946235,0.001071659864703206,0.0015261135738237226,0.989632633548916,0.0016533484073962637,0.0009795765178672487,0.0009568846126194473,0.0010674818356072684,0.0009911235197332204
O42637,3,797,U,test,3,0.0017779860503748007,0.0019912498378659815,0.0015844651371548113,0.9861817281281752,0.0011061348398483549,0.000987667349672968,0.0025480910932477283,0.0008252269406188226,0.0014314449976601193,0.0015660056253812061
O42648,0,341,U,test,0,0.9943960726534773,0.0015023317212750254,0.0003183068618090679,0.000937384889709797,0.00044539136843018,0.000522753326345708,0.0005393472222393483,0.0004283286972039871,0.0004151503972781274,0.0004949328622314487
O42657,1,750,S,test,1,0.006956154891122085,0.7853969728806434,0.003443545862789804,0.012995807228314622,0.015922796124180943,0.008292968498192718,0.008657073761214712,0.0724847855079614,0.08149684502039876,0.004353050225181545
O42699,1,193,S,test,1,0.0035196771255076916,0.9874126467969431,0.0009145831102331746,0.002535128226927021,0.00075821601715611,0.0009584748331045678,0.0009436151146382614,0.0009004037811668897,0.0011426718840900265,0.0009145831102331746
O42721,2,462,S,test,5,0.013460922701554837,0.029922747144003888,0.20249765772160813,0.016949860710523568,0.04666315715170815,0.5723729808626891,0.043378192737992205,0.03286370710676574,0.02894553094383655,0.012945242919317854
O42866,3,236,U,test,1,0.0035583821091377697,0.9799190712334575,0.0016499603697721884,0.0053731549289032085,0.0016243800788728298,0.0017632478579668357,0.0018623608477505752,0.0009661800541870394,0.0017632478579668357,0.0015200146619852998
O42893,1,735,S,test,1,0.0030693442509935882,0.986264822987745,0.0014885926156838721,0.002074794947280002,0.0007632744488383797,0.0012244829377496367,0.0013875209559898972,0.000980063746121696,0.0009724368549953289,0.0017746662546026311
O42927,0,207,U,test,0,0.9946264811269336,0.001368873709578343,0.00035241518863923685,0.0009412717913300015,0.0004454945773436534,0.0004668743123685228,0.000529037861846368,0.000384040317416192,0.00039623106967333544,0.0004892800448707087
O42928,0,350,U,test,0,0.9934339039563507,0.0021145112666616493,0.0002987322794380386,0.0009549482573311222,0.00043806194675216615,0.0005894767782485248,0.0005691129988053506,0.0006348914517189118,0.0004963892064629546,0.0004699718582305657
O42955,3,687,U,test,3,0.0019017093312681743,0.0021974209281151957,0.0018869100318786606,0.985109793505644,0.0011761946480093783,0.0010420506551287964,0.0028395113349828803,0.0008638903735459372,0.0014243144919877497,0.0015582046994392727
O42956,1,483,S,test,1,0.0017939440730821861,0.9892198053411667,0.0008023014011330584,0.0018186390244730377,0.0010102499164220723,0.0013754644847953476,0.0008085938826186629,0.0011358546082771773,0.00118110187149577,0.0008540453965359622
O42973,1,446,S,test,8,0.01158197841009656,0.0602129754080235,0.0067557080466668015,0.0829468716906632,0.036735630413603046,0.010141518591344958,0.021095498757805947,0.04154570274964409,0.7109753870342858,0.01800872889786615
O43002,5,102,M,test,5,0.002469403982249378,0.0015819595614424294,0.001900768022832016,0.0014861134359233274,0.010315671856791974,0.9731510276040999,0.0020392263444572235,0.0015332878317944893,0.003368689004707399,0.0021538523557018954
O43013,0,533,U,test,0,0.9928982392706883,0.0024999059818093744,0.00030327301334559677,0.0011625643044970721,0.00042435526698360294,0.0005914648271866168,0.0005822949656837876,0.0005984368253272813,0.0004734024747118867,0.0004660630697664344
O43031,0,381,U,test,0,0.9947443538802808,0.0012016982713688408,0.000381096839502262,0.0009124199764207412,0.00048553000348302785,0.00047987338269385617,0.0005229363729600863,0.00036937174959716636,0.00040567549129475085,0.0004970440323983979
O43050,5,340,M,test,1,0.0032678427364083965,0.9843837500652326,0.0008768479299784622,0.0050459110764955305,0.000755890192837246,0.0016445793078501676,0.0011084396930201156,0.0008565357836400417,0.0009858666932101375,0.0010743365213273012
O43060,1,302,S,test,0,0.923370035358374,0.04455747895749514,0.0012541619437727485,0.01671507933539133,0.0025334765844654316,0.0028708053796218905,0.0030799245711946813,0.0015246731106247136,0.002166997389842382,0.0019273673692176696
O43071,0,558,U,test,0,0.9943878807939954,0.0014899005146642168,0.00032080072080263274,0.0009671327575763736,0.00045240152911286513,0.0004968658698880422,0.0005330592797706283,0.00044538770916825764,0.00042499191786203193,0.00048157890715956153
O43082,0,233,U,test,0,0.994771298330073,0.0009250052357921779,0.0004525759707494882,0.0009322601222081956,0.0005501924296572483,0.0005048849835416643,0.0005523458802730074,0.000341622274127107,0.0004153070607861087,0.0005545077127919092
O43090,3,551,U,test,3,0.0021050492736659388,0.002461051976033134,0.001779567175502615,0.9851327902300527,0.001199420978910901,0.0009268407374986856,0.0025691051827459828,0.000792768881593866,0.0013485452773654347,0.0016848602866306659
O43156,1,1089,S,test,0,0.9885480029020095,0.003977335838645563,0.0003239389211494588,0.0017190039437304328,0.0007357331645133581,0.0010017074730356446,0.0007955172030325363,0.0015274213513408897,0.0007893264110755317,0.0005820127914670545
O43257,0,154,U,test,0,0.9947430608460027,0.001099512874733779,0.00040885669316089585,0.0009377119803563868,0.000533249674871155,0.0004798727803260163,0.0005374319538152458,0.0003693712616153474,0.0003840853153379323,0.000506846619780502
O43405,2,550,S,test,2,0.0006845828075749972,0.0009597762902158975,0.9945638843268791,0.0005675390750471445,0.0005373351778019888,0.0006899520568770482,0.0005167502130033331,0.000415220481132459,0.0005522306929537372,0.0005127288785141959
O43809,0,227,U,test,3,0.025713749564473073,0.06364214219075306,0.004793871138093692,0.8785526311092116,0.0038220075430992918,0.003618603881454939,0.006920761554483206,0.0033466616245510093,0.0048884218079156255,0.0047011495859646
O46028,2,62,S,test,2,0.0007402360154118694,0.0008225734869517224,0.9945981432192683,0.0004385753387301867,0.0005373536803940967,0.0006481722766328061,0.000587866753838851,0.00043516230345283285,0.0006331574359833828,0.0005587594893359766
O48538,4,944,M,test,4,0.022135534358307958,0.09891437338406663,0.01963015752480193,0.016594947574771736,0.7780217809193326,0.03540704255904411,0.003957072578247025,0.013025523567003873,0.004626286959980165,0.007687280574444025
O48723,1,407,S,test,1,0.0028483799190427823,0.9877644664788338,0.0011475529152138626,0.0022402269465401107,0.0008594774246926253,0.001020654620275049,0.0010286598038570312,0.001020654620275049,0.0011035908786649774,0.0009663363926047986
O48814,4,395,M,test,1,0.006922941339163469,0.9474612679597684,0.005985458511078646,0.004456710632535184,0.01989572538302803,0.006272706338987148,0.0020404309476167145,0.00316028140809065,0.0015282121352208147,0.002276265344510944
O48845,5,134,M,test,5,0.002531223036814079,0.00189579851490704,0.0021315035727844174,0.0026217941585450493,0.009741147193925785,0.9706066991479203,0.00237786400881207,0.0013924242437619602,0.003187291138802337,0.0035142549837269632
O48916,5,237,M,test,5,0.00156779346011857,0.0017353891642539272,0.001876403056945662,0.0036954084653480082,0.009235979001746386,0.9644366820635576,0.0022633741426265975,0.002044788289868467,0.007320544910491858,0.005823637445042944
O49397,0,552,U,test,0,0.9951038517187726,0.0009565535115498338,0.0003724033090720835,0.0006485018439505563,0.0005170307860218188,0.000493354173615696,0.0005150150542097129,0.0004319953671044017,0.0004422398598332159,0.0005190543758701545
O49432,2,481,S,test,2,0.0006330914821548266,0.0010427724393935458,0.9944945113701259,0.0005394006157214507,0.0004419690634605617,0.0006557443879774285,0.0005719503944551401,0.00045599865075378104,0.0005970621080289236,0.0005674994879284166
O49523,1,419,S,test,1,0.003056837926261274,0.985609271696939,0.0017391843458026456,0.002135059155382134,0.0008509282372071865,0.0013651015513580533,0.0014876031725713707,0.000891765098937974,0.0010344656499453957,0.0018297831655948967
O49597,0,125,U,test,0,0.9950619444293941,0.0008968077201742621,0.00040264699746790216,0.0007976373018485696,0.0005700456635941661,0.0005070091020220953,0.0005030635543660404,0.000366614276514062,0.0003872218525966956,0.0005070091020220953
O49606,1,141,S,test,1,0.0026639289862465435,0.9871688973165726,0.001461138816393557,0.0019319175996817353,0.0009657537924613738,0.0016556872106582628,0.0011202939663422721,0.0009507811524237706,0.0010773761778518835,0.00100422498136792
O49782,0,352,U,test,0,0.9951391435862362,0.0008675871837870349,0.00037241652251251246,0.0007464474927431258,0.0005482501119970791,0.0004914482230707341,0.0004953027344599988,0.00040901947954901003,0.00042531299744902014,0.0005050716681952586
O54751,0,299,U,test,0,0.9950292800317253,0.0010082749744959028,0.0004026337739328546,0.0007262331851321375,0.0005375866363226108,0.0004725689404036482,0.0005190154237253882,0.0003872091510989635,0.00041218198409615327,0.0005050158990670796
O54769,2,207,S,test,1,0.007178598728056546,0.973853135528575,0.0023305498178510064,0.007508428023057477,0.0014302125556936356,0.001738696169583241,0.0018221380177346914,0.0011051824824545825,0.0015106054864904813,0.0015224531905032907
O54858,2,652,S,test,2,0.0007804785477351611,0.0012326708606999169,0.9928598212218116,0.0007106337713838472,0.0007078633192758661,0.0011693510473791196,0.0007078633192758661,0.0005406217495803866,0.0006780915529104228,0.0006126046099478018
O54874,1,1732,S,test,1,0.003558247010276924,0.9875672112336735,0.0010778108979175051,0.002538002552181588,0.0008660453941451565,0.0009511647768748575,0.0009291311420556039,0.0008660453941451565,0.0008199552920678028,0.0008263863066618837
O57437,1,286,S,test,1,0.0026841941288041305,0.9874199032208755,0.000746466452212395,0.0031289604956325516,0.0006903685861796624,0.0012599006294470804,0.0010526863624660365,0.0009362786658494571,0.0010202986886130938,0.0010609427699201656
O59676,0,359,U,test,0,0.994757051297524,0.000950633715609766,0.00040886244427471155,0.0010040693439968657,0.0005698709937650947,0.0005048777091070171,0.0005108290356654383,0.0003442967240389893,0.000412069191994294,0.0005374395440237678
O59697,1,423,S,test,1,0.0028985596425566773,0.9868679343183112,0.0010854951285124463,0.002439044893109764,0.0015609856675392567,0.0014493261545722213,0.0008520149085501184,0.0009357552941165339,0.0010039188453747495,0.0009069651473570461
O59711,1,450,S,test,1,0.007018143898659561,0.9689695547933693,0.0025667472243755,0.008785548658614856,0.0013685245700282016,0.002648224463110007,0.003741896589773912,0.0011705610873262702,0.001456786728017792,0.0022740119867246
O59714,5,511,M,test,4,0.0028018984962147647,0.0010108241131387458,0.0014592951008341713,0.004706064324080321,0.963084333564592,0.009009378153647418,0.0015293281219171781,0.0033273367844491113,0.011212351181126774,0.0018591901599995454
O59746,0,819,U,test,0,0.9932274739205785,0.0023676483679205824,0.0003033735932351348,0.0009773911942266326,0.0004345625925594296,0.0005734574125498616,0.0005579894262056536,0.0006176380137097323,0.0004885918710686205,0.00045187360794583955
O59755,1,548,S,test,1,0.015381081091548234,0.9590572157278044,0.0009023080965422128,0.01395003503203348,0.0011495703411824275,0.0027901823744482003,0.0016726149546104968,0.002198610929289376,0.0017666334822947223,0.001131747970246396
O59779,1,658,S,test,1,0.004943885830737453,0.9729942935875981,0.0029320173871416645,0.007151286361394155,0.0013529036522961202,0.0021788904210827908,0.0021959797230224065,0.0012909497522836906,0.0019228638163435374,0.0030369294680999896
O59782,5,667,M,test,4,0.0015772178383423898,0.0005667850847788695,0.0007747033437918587,0.001865690540925359,0.9855131294158256,0.00425395867682849,0.000979316746912273,0.0015649439398811834,0.0017458209607566512,0.0011584334519573298
O59792,0,320,U,test,0,0.9934142833558789,0.002122745533983494,0.0003034306539479811,0.001127381546954715,0.00040831054599136773,0.000551592367179664,0.0005668830568012341,0.0005430406707171444,0.0004736485407488522,0.0004886837277967089
O59800,0,354,U,test,0,0.9948114026145793,0.0011802624057658732,0.0003524807351941472,0.0008896047249083718,0.00045614395041132456,0.00045972153872325975,0.0005209327141364147,0.0004057028510441309,0.00040888477278620025,0.000514863692450933
O59811,1,463,S,test,1,0.005337027675375078,0.973984118911452,0.004371669395867272,0.005743646394560185,0.002232830401915577,0.001865599644991735,0.0016592986442861297,0.001851081372953062,0.001242757148156821,0.0017119704104421338
O59812,1,475,S,test,1,0.03786552978260091,0.8320437468279736,0.004832904203184406,0.06619699139043524,0.005391493774783949,0.019742942868437138,0.008062037444102603,0.006452773075763043,0.006452773075763043,0.012958807556956078
O59893,2,234,S,test,2,0.0010026863413415876,0.001844222541188771,0.9856563860003379,0.0008509689271131961,0.000716587619140728,0.0020334096866736905,0.001252747415548344,0.0008312562599695136,0.004493728847934709,0.0013180063607515656
O60053,0,440,U,test,1,0.0027226825859955816,0.9872548793115525,0.0008133170770341678,0.003371105543474728,0.000669016365179851,0.0011787558255052424,0.0010281290459548773,0.0009216090113235424,0.001036192787199477,0.0010043124467800332
O60065,9,286,M,test,3,0.004615988089842791,0.009527051765896312,0.004137745102997025,0.9585900250904377,0.0015341299496699943,0.001620364249565381,0.009677081312535555,0.0016718002637394222,0.0020483322322349283,0.006577481943080889
O60104,0,376,U,test,0,0.99453395573989,0.001290220689530344,0.00031587357359652243,0.0009522786139505703,0.0004489468722220037,0.000526926332073708,0.0005228257772323746,0.000456016745186799,0.000456016745186799,0.0004969389111308979
O60113,7,542,M,test,4,0.00874073290421276,0.0036153243420291637,0.010139427678978822,0.011006245034841154,0.5892977427206915,0.2917235348461651,0.006345091720029162,0.03573737853227886,0.03423431322507571,0.009160208995697793
O60118,3,157,U,test,3,0.0019492311745960183,0.002252332502249918,0.0015971428695094885,0.9863364890875473,0.001205586633487343,0.0010934196741242768,0.001747279611273657,0.0008582349178346263,0.0014599066895490413,0.001500376839828322
O60142,3,432,U,test,3,0.0019807803422052777,0.002162752175456406,0.001879031595246309,0.98483613341805,0.001117646681596764,0.0010917563772785464,0.0027743180065771763,0.0009411528882384306,0.0015516988046299254,0.001664729710721214
O60155,1,716,S,test,1,0.003129635453834896,0.9865484042979572,0.001027393305283006,0.0030457880235015117,0.0007061164376603943,0.0013771189902738639,0.0011108771705954648,0.0008651519199301143,0.0008651519199301143,0.0013243624810334797
O60161,0,710,U,test,0,0.9948410081574153,0.0011136701789573851,0.0003470263468843688,0.0008488920307896803,0.000491300991247088,0.0004893856095577684,0.0005250341422163055,0.0004318812598231442,0.0004318812598231442,0.00047992002328587486
O60167,1,649,S,test,7,0.0687976317704165,0.015592566400904834,0.005062165110145414,0.07704968606960613,0.3181170165889521,0.022864985785167928,0.0071947875955181645,0.36047380491208647,0.10088505408009414,0.02396230168710832
O60171,0,215,U,test,0,0.9950025910216814,0.0008725658030211442,0.00036090889741346023,0.0007093909828004241,0.0005129550237878833,0.0005722426128198514,0.000514962664267369,0.0004707139852102651,0.0004707139852102651,0.0005129550237878833
O60237,1,982,S,test,1,0.0025716636382157225,0.9890675147889042,0.0009600811947712264,0.0020949631419997458,0.0008879300036481455,0.0009161158998599335,0.0008472686920521646,0.000990557504278427,0.0008741638915648629,0.0007897412447055377
O60242,4,1522,M,test,9,0.025203587393449293,0.1936493061719488,0.1508142346485919,0.16890394624730964,0.054514720832874175,0.05377447212571475,0.057804375671579034,0.019782522619580765,0.04915384557413367,0.22639898871481795
O60292,4,1781,M,test,1,0.00305782631110815,0.9777777793299821,0.005288612098733106,0.003835373558997031,0.002844646108067745,0.0016399363525304795,0.0010103354000044835,0.0016788262877796838,0.0012771837649115324,0.00158948078788572
O60306,0,1485,U,test,0,0.9602991625942904,0.01946868628672653,0.0007973152593259771,0.012183192139657142,0.0010645555526842627,0.0014213681089271005,0.0016359847269445376,0.0010645555526842627,0.000992274804087136,0.0010729049746726993
O60462-6,2,555,S,test,2,0.0006659950382136,0.0008874849597855513,0.9943812171166256,0.0005186773903392858,0.0006633985691663569,0.0008159941383173704,0.0005166553144715481,0.00045594670514281094,0.0005718852443075224,0.00052274552363029
O60477,1,761,S,test,8,0.018386207302171644,0.0653122051339333,0.07048153762354294,0.0715914581648819,0.0056735757222988355,0.29558148642612875,0.06195724564408472,0.016417035438153336,0.37953412945873705,0.015065119086067594
O60478,8,399,M,test,4,0.0029754992823206312,0.0009289961678269757,0.0011652223203860452,0.006360948540467417,0.9422064219883559,0.009948712231156379,0.0015197363759083047,0.00308196736478672,0.029355337219933674,0.0024571585088579216
O60508,0,579,U,test,0,0.9950535647570948,0.0009994763866836597,0.00036092739009684435,0.0007746015134722494,0.0004952601034754238,0.0004837874320005204,0.0005210595425922787,0.00041219203994984733,0.00040580159563904293,0.0004933292389953124
O60635,8,241,M,test,4,0.005635088699422272,0.0054192122848067455,0.04131395996937107,0.008071892257517612,0.8169480014243389,0.050817039127626806,0.014616308158690325,0.008295653715908114,0.041475659944613066,0.007407184417705107
O60667-3,2,306,S,test,4,0.005412667381028377,0.003347699031469168,0.11801046091380482,0.006085625746734485,0.8320547838243714,0.01677016455055264,0.004366223029269161,0.006038267059669916,0.0033739553447190134,0.00454015311838109
O60858,5,407,M,test,5,0.0035933852572232338,0.0019728620743329622,0.0022530793448417843,0.001680899545466639,0.004997454636005093,0.971366773292307,0.0016940831151403813,0.0018972830347199312,0.008876361045855156,0.0016678186541078238
O60896,4,148,M,test,4,0.0015304362658492723,0.0006556662475117736,0.001350605321514474,0.0014660681368746722,0.9827910976330227,0.005866761972820333,0.001150729986425809,0.0020715296931647074,0.0019158515528378982,0.0012012531899782627
O61577,1,516,S,test,0,0.9941387785022986,0.0013798596691579747,0.0003720421300267051,0.001204490358083944,0.0005085213044167185,0.0005125096931083812,0.0005606872981034021,0.00039914291686520264,0.0003868626145325283,0.0005371055134065152
O61661,0,512,U,test,0,0.9919644161772515,0.0022874133174984384,0.00045129896783446626,0.0020969995588583255,0.0005794793466126347,0.0005749698252371976,0.0006515261581476751,0.00042065688854094155,0.00039826993478156734,0.0005749698252371976
O64425,5,249,M,test,4,0.11734774422701938,0.008174987829615817,0.009938257203816253,0.021707150071580247,0.29271639538378325,0.24267041142299517,0.010496892445599178,0.26861168004729835,0.015272888021041915,0.01306359334725041
O64538,1,134,S,test,4,0.006376493900808877,0.005542699990293734,0.0023572630725958435,0.0038940678410482603,0.9659636668526617,0.007881611586553726,0.001724610483651628,0.002713193098178855,0.0014983675769361757,0.0020480255972712817
O64654,6,275,U,test,0,0.9837754988814865,0.006680616254805608,0.0005232662938801206,0.0045203307808952846,0.0006563230036020581,0.0009699824167757508,0.0008831790833328906,0.000641119221663213,0.0006117603269435602,0.0007379237366150009
O65009,8,282,U,test,2,0.0012333162854923166,0.0031740844717614613,0.985649215468883,0.001499331446384412,0.0006129254603483042,0.00251827440396257,0.0010883978468893974,0.0008377697636168373,0.002555434637627785,0.0008312502150339994
O65272,6,1174,M,test,6,0.0015546093241325541,0.00160082829687198,0.0009596394978892772,0.0010457558011071166,0.0006647229101882344,0.0014921359804331976,0.9886124745411501,0.001135157169692893,0.0010539577252147983,0.0018807187533198245
O65312,0,689,U,test,0,0.99513096014135,0.0008608284507164658,0.0003902859243756608,0.0007377450989673282,0.0005656488039934963,0.0005011370823868685,0.0005170448277715153,0.00038423509284284623,0.00040901612997637174,0.0005030984476193518
O65375,2,744,S,test,2,0.0007117523610830399,0.0009139081570312446,0.99442265156168,0.0004949461037916224,0.00047784795200829635,0.0006111767952413049,0.0005786505859437006,0.0004384979419526752,0.0007786594504469184,0.0005719090908212767
O70237,0,330,U,test,0,0.9947667380265588,0.0010973937314103415,0.00041207322107182225,0.0010099796653957492,0.000545908369094859,0.00046694014859880974,0.0005068587063393241,0.00031594750421636843,0.0003811054312780677,0.0004970551960358434
O70491,4,670,M,test,8,0.008626867864364302,0.0036959042118655705,0.004493076740420928,0.01614862093066443,0.4271884484993475,0.027902315808326007,0.004635702270941489,0.017649400666972053,0.484067938106795,0.0055917249003026885
O70608,0,1505,U,test,0,0.9938732673155035,0.0017520550679631629,0.00027640438274090283,0.0010249630146081687,0.0004382556780365454,0.0005348686400003332,0.0005475527299645884,0.0005671449635335621,0.0004927441038245928,0.0004927441038245928
O73753,2,175,S,test,2,0.0008536167832103565,0.0008772798880866136,0.994533651992288,0.0005543752389380005,0.0006017685621311853,0.0006355942600981087,0.0005675217898972973,0.000378051059034759,0.0005127132755212052,0.00048542715079442596
O74172,1,88,S,test,0,0.9946307597561619,0.001021745326566559,0.000425095705121115,0.0011243614690811276,0.000510764222416868,0.00048547453762199034,0.0005228766539206677,0.00034425301010747794,0.00040562917261645603,0.0005290401463858239
O74308,0,547,U,test,0,0.9948141617709915,0.0011361594128000898,0.0003752148202484181,0.0006982606167248034,0.0005049066989079057,0.0005250199487695631,0.0005168802476400241,0.00047617239966271196,0.0004561452098280858,0.0004970788744268844
O74317,3,113,U,test,0,0.9909427789267535,0.0027455595819828116,0.0005972582028385403,0.002394719699156911,0.0005743776471379878,0.000569907764966557,0.0006901305521769303,0.0003886433385274593,0.0004508341714705102,0.0006457901149887395
O74356,3,585,U,test,3,0.0018153332292132887,0.0023354909967942244,0.00134640879933571,0.9874216762416156,0.0011882016504229905,0.0009217646853372048,0.0013622798172898067,0.0007701632331204704,0.0014276570351549243,0.0014110243117158414
O74362,0,334,U,test,0,0.994790477265361,0.0009250230373243948,0.00042849857312457707,0.0009304590503575338,0.0005128456582295858,0.0004931988279578715,0.0005523565497467769,0.0003752058839004602,0.00043524644121429993,0.0005566887127835518
O74434,1,626,S,test,0,0.9944227388187514,0.001437779583734214,0.00030137496101308436,0.00087205735500127,0.0004454033112527086,0.0005351643744150801,0.0005521523365098702,0.0004949461449705256,0.00043169968694404046,0.0005066834274078102
O74443,0,272,U,test,0,0.9944557056463009,0.0012304393743433806,0.00037802141496119635,0.001136304657910074,0.0004631615046463314,0.000481611762849605,0.0005330956567532174,0.00038397437107009835,0.0004087385893207062,0.0005289470218444967
O74454,1,1066,S,test,1,0.0021097002795826144,0.989239541290741,0.000902069703195188,0.0021158900820427485,0.0008086100306820004,0.0010423395676382456,0.0009453609510990342,0.0009677795145550772,0.0009380040850755593,0.0009307044953885597
O74462,0,452,U,test,0,0.9948446728215785,0.001087876062194265,0.00032600226867945476,0.0008227773567019874,0.00046697671668164775,0.0005250360782583969,0.0005029537162799814,0.00045973690430616053,0.0004490871408256879,0.0005148809344939591
O74509,8,341,U,test,1,0.08992554695125957,0.5886832877078497,0.0076456612242190415,0.08818623132015466,0.06721970961773797,0.018775931870056706,0.010288362051139723,0.03822590284327087,0.07572489726521647,0.015324469149095328
O74531,1,361,S,test,1,0.002210431748140375,0.9890089852578735,0.0007594418548734994,0.0022761481908623914,0.0007535317988103131,0.0010709845341229855,0.0009018594561764596,0.0009943754600525703,0.0011223822429114684,0.0009018594561764596
O74551,5,238,M,test,5,0.0013626029327008342,0.0019215782049760842,0.0025258667445470892,0.0020455094171024347,0.004605127059115473,0.9647768194873426,0.0027418024994372765,0.0024386095022191135,0.006350028364820335,0.011232055787738731
O74561,1,967,S,test,0,0.9922040167502524,0.002430774665687845,0.00036271652286396096,0.0018384321649053531,0.0004996630927702504,0.0006074358646746611,0.0006291708395332879,0.0004880883822138887,0.0004078131148772581,0.0005318886022210907
O74563,0,680,U,test,0,0.9796773630512478,0.009022516216920955,0.000442240404651487,0.005668245386973826,0.0007464220019700117,0.0009966040846401875,0.0010202377944428039,0.0009145353486492053,0.000788378728657433,0.0007234569818463614
O74628,1,292,S,test,1,0.0027722137907978334,0.9869764918873377,0.0010198404102870831,0.002596635495535898,0.0011738291338385153,0.00134580181358052,0.001164694488759512,0.0007758537328904445,0.000996215898653798,0.001178423348318644
O74648,1,246,S,test,0,0.9929937004794375,0.001668712637478799,0.0004081376932033757,0.001818460019415598,0.0005406946037538187,0.0005622334209717743,0.0005915217164277096,0.0004081376932033757,0.0004145649259938475,0.0005938368101142621
O74734,3,244,U,test,3,0.004091670985792755,0.006075955365985243,0.0020591801820498933,0.978842258445744,0.0013088945630648939,0.0012785741906490063,0.0015665417093901563,0.001119556904948347,0.001775124451190942,0.0018822432011846911
O74761,0,459,U,test,1,0.0073367576316404155,0.9639802633172382,0.001748172327348028,0.009807821703831826,0.0020121338592745735,0.0029390961018103475,0.0045699776489002515,0.0020760060652008695,0.0035176374854808856,0.0020121338592745735
O74765,3,425,U,test,1,0.0033528556331328674,0.9867164275300124,0.0010895763395814741,0.002906262871613083,0.0006232517017396985,0.0011508219844835186,0.0011827239786944166,0.0008321502406575547,0.0008720859410913573,0.001273843778993628
O74830,1,220,S,test,1,0.0029165278969954973,0.9850176331746774,0.001247054674854745,0.0035838893828635046,0.0006623058017013553,0.001724614149545281,0.0014409689405109585,0.0008372329628118241,0.0008982198015204101,0.0016715532145190697
O74879,0,634,U,test,0,0.9930847055882012,0.002020915113109946,0.0003834450176191636,0.0015785078865032688,0.00046980665044672764,0.0005365360026803228,0.0005846838099495208,0.00040499867496279556,0.00042443494125143905,0.0005119663152756836
O74886,1,236,S,test,1,0.002607785319208146,0.988314837105356,0.0009444772445638567,0.002115977631165392,0.0007129288062730933,0.001143716008243365,0.0009898036651605562,0.000974458147147773,0.0010744216526684318,0.0011215944202134212
O74890,3,445,S,test,1,0.03010975125956485,0.9440334764514555,0.0010967475954729163,0.013947745182262033,0.0014990763602223992,0.0026933521939576915,0.0017663436472274867,0.001685456750115069,0.0018656305721504137,0.0013024199875716163
O74942,0,610,U,test,0,0.9947658425186742,0.0011698808107008499,0.0003665051933590347,0.000996264477392612,0.00045970048641914645,0.0004706019660151799,0.0005088420404717349,0.00037227680287648133,0.0004120728553656782,0.0004780128487250877
O74964,0,803,U,test,0,0.9948110423703994,0.0011860390729642161,0.00034973756557625995,0.0008878685526729662,0.00047803456864353554,0.0004932089872808236,0.000497077352412412,0.00038712423365668686,0.00041858108297589797,0.0004912862134177558
O74974,0,652,U,test,0,0.9946494581274874,0.0012931300094756219,0.00035797319518036887,0.0010088748457478447,0.00045252054930340965,0.0004420379305167251,0.000504823106876813,0.0003810604805731437,0.000399347961728315,0.0005107737931103648
O74994,1,746,S,test,1,0.002349326679311563,0.9874682889721711,0.0006335488402203232,0.0023151636743203538,0.0011607316862903665,0.001294889740999777,0.0007349295814119565,0.0013784030599161587,0.0018512249023564407,0.000813492863001945
O75001,0,760,U,test,0,0.9948704742206559,0.001035048670722276,0.00033374186610132036,0.0009415026797192867,0.0004780631237800992,0.0004951689862516879,0.0005010058754587646,0.00040890908048865036,0.0004251981731191618,0.0005108873237028462
O75064,7,1496,U,test,1,0.005443494627964856,0.9802234761073721,0.0006001012876341368,0.006426543383030584,0.0009664802344307025,0.0017095294177139194,0.0009367447908609104,0.0013736454662999881,0.0014737063040602485,0.0008462783806324594
O75072,7,461,M,test,5,0.0029718895473172455,0.0023879801222062495,0.001852510411788056,0.0018964414776891489,0.004377181440476949,0.9709358960949258,0.002435078965283908,0.0013291111070431203,0.002551940850911588,0.009261969982357912
O75151,0,1096,U,test,0,0.9947991489041086,0.0011825552856212825,0.00034163181997085305,0.0008689862882537855,0.0004970713721032603,0.0004970713721032603,0.0005148573676530903,0.00039015577558096885,0.0004153186917882452,0.000493203122816671
O75170,1,966,S,test,1,0.002459138468664879,0.988702163602656,0.0009522578805179295,0.0023408046525929334,0.0007592062270738559,0.0009824858095927535,0.0009901915706047107,0.0009448474068942795,0.0008670406643703092,0.001001863717032404
O75324,3,88,M,test,2,0.02495899391719566,0.0198214651427998,0.3596757633522882,0.014276866482547066,0.21144246694111088,0.22332775127812418,0.04449421522910126,0.03980653384531459,0.04497475528379251,0.017221188527725896
O75363,1,584,S,test,1,0.002149798105201097,0.9885440941351736,0.0008874600501394554,0.002381934254135459,0.000795514049324099,0.0010704810903932546,0.001184914693466749,0.0010416068260888887,0.0008944205234035951,0.001049776272673786
O75367,0,372,U,test,0,0.9950819285925169,0.0009252940267538313,0.0003933276162222162,0.000785286886550567,0.0005231138389128286,0.00045984655508728183,0.0005210744167976607,0.0003694971053034644,0.0003902666786117109,0.0005503642832435327
O75462,2,422,S,test,4,0.0016337537237611313,0.0007249738296991521,0.003559744610120782,0.0021059916829280333,0.9817313990199463,0.004887023227542337,0.0014194298470801845,0.0013919755040927098,0.001185978000846524,0.0013597305539828572
O75475,0,530,U,test,0,0.9949196367877488,0.000997391917408549,0.0003841534930173385,0.0008984325453728053,0.0005149197150002216,0.0004894242928675043,0.0005169350389223899,0.00035251908327236,0.0003994564331856613,0.0005271306932044276
O75554,0,376,U,test,0,0.9950262700295281,0.0009620997974032578,0.00039639032099341316,0.000840798934458218,0.0005271871815453116,0.0004781380023164339,0.0005271871815453116,0.00034170981262101246,0.00038120484479097036,0.0005190138947979494
O75607,0,178,U,test,0,0.9938537161526281,0.0015244132801616453,0.000371935467669907,0.0014095935435109355,0.0005083754801477288,0.0004888998947510379,0.0005327729308665113,0.0003867516751987675,0.00039902848613746725,0.0005245130889279282
O75879,3,557,U,test,1,0.01275931414442786,0.896245793466149,0.004022745486751351,0.050169245296358744,0.005519962035938426,0.010536604747358234,0.005025982480024609,0.0023648501792290747,0.008270274994089477,0.005085227169673253
O75909,0,580,U,test,0,0.994604384210304,0.0013231703131723173,0.0003496649321073836,0.0008739218598175975,0.0004911841134703547,0.0004742159654846697,0.0005479555125593698,0.00042508443994881024,0.00040561842607318396,0.0005048002270623366
O75934,0,225,U,test,0,0.8385518842006338,0.11708808018858036,0.0011125742527748237,0.02612588198515559,0.0025268891053800485,0.004133714854626521,0.0024683538513829823,0.0033870444380329455,0.0030242903348188474,0.0015812867886141743
O76090,4,585,M,test,4,0.0018698603278161684,0.0006892279451254623,0.0010186129892390675,0.0018589361469063443,0.9857885187570866,0.002962604614528546,0.0011407923822271122,0.002106450486578609,0.0014197390914513104,0.001145257259040711
O76200,2,83,S,test,2,0.0007850422003179215,0.0007911993486211022,0.994771920317218,0.00044905430257099934,0.0005332651319587682,0.0005995661039622043,0.0005545080182901362,0.00039628899855052705,0.0005879694496234946,0.0005311861288868475
O76927,1,83,S,test,1,0.028864444312351873,0.9410398909402741,0.0027592372813420693,0.01737092830756329,0.0012881866375851908,0.0023508994025729225,0.002157306561350857,0.001350007940688355,0.0014370759994306826,0.0013820226168406342
O80678,0,451,U,test,0,0.994393810655502,0.0013425750457075317,0.00037213757775960506,0.000995891852307587,0.0005435761332221407,0.0004930021749633853,0.0005478394950743095,0.0003869618755154543,0.0003869618755154543,0.0005372433144324732
O80839,1,226,S,test,1,0.0026945701590575825,0.9882165364426582,0.0009082045618170477,0.0023259860835901907,0.0008802620403468723,0.0010453369989161204,0.001074314859756631,0.0009153277222963169,0.0008941241326449518,0.0010453369989161204
O80885,6,447,M,test,6,0.0018189136936128888,0.0022351183936556033,0.001195204727289838,0.001127185463778902,0.0008642430547615214,0.002643597889032545,0.98551200001615,0.0012923244464361488,0.0012822675591915135,0.0020291447560909738
O80931,0,367,U,test,0,0.9951090706916466,0.0009145390158681299,0.0003695071833926261,0.000734852751157003,0.0005460962179429169,0.0004972262799386942,0.0005030873849299568,0.0003902773392363761,0.00041221502454011577,0.0005231281113476492
O80939,4,675,M,test,4,0.001149944135937007,0.0006155208006637779,0.0009276225606991278,0.0016995072821464985,0.9898227555243849,0.0017415098092206428,0.0009312532049411056,0.0010348376842499187,0.001097284369399886,0.000979764628357098
O81027,3,468,S,test,6,0.003225859636334507,0.003952405883187961,0.0017555830749392271,0.002012785762315235,0.0012303913536822436,0.0033372095078548257,0.9794779982929334,0.0012303913536822436,0.0009582297031349146,0.0028191454319354764
O81242,0,355,U,test,0,0.994450354458743,0.0013830749591681511,0.00034419058492623274,0.0010305780555113447,0.00045597840268025785,0.0005066975206520231,0.0005268820704539773,0.0004023995138413857,0.0004087363767901423,0.0004911080572335175
O81645,1,965,S,test,1,0.002260292486016337,0.9878909900100441,0.0013736169055263733,0.0023048728035964267,0.0007888018402922549,0.0010781642390323791,0.0012265019273612733,0.0010049596048014393,0.0008595875386821591,0.0012122126446473102
O81796,3,368,U,test,3,0.002234765390645355,0.002908996387297536,0.0016574962525793355,0.9843946373172009,0.0017370410979670498,0.00140121455012009,0.0013009835163754248,0.001049461105235527,0.0015091674123763818,0.0018062369702023728
O82261,6,607,M,test,1,0.015038443072819565,0.9599294241877412,0.00099189278619913,0.012963947145657113,0.0011416615661281237,0.002644093988361158,0.0023425375539551483,0.0017682401553743641,0.0017138370625991862,0.0014659224811650149
O82268,0,219,U,test,0,0.9949721326420844,0.0010753396446945547,0.000393284202736722,0.0008759541288928538,0.0005251033119364442,0.00046340205490193973,0.0004894500710703463,0.0003209892093803642,0.0003871869210121944,0.0004971578132901782
O82291,6,376,S,test,6,0.0016538650571024005,0.0016652096127326645,0.0010584716388588016,0.001050234557121945,0.0006807363184990155,0.0013538057574538807,0.9889756703518967,0.0009414240764221244,0.000934097886285274,0.001686484743627204
O82359,3,364,U,test,1,0.004171863112707549,0.981714238151249,0.0023677888457383565,0.0036978712075990835,0.000967950083009975,0.0014991903792157444,0.0018083688276239415,0.0009755417579738545,0.001262444952400981,0.0015347426824815402
O82499,6,141,U,test,6,0.005050170792712206,0.004270487542519818,0.0039341576180570515,0.006045923678107105,0.00122590714497975,0.0020054502311221134,0.9683137115855863,0.0017020035611363775,0.0016887585240702994,0.00576342932170897
O82743,0,219,U,test,0,0.9913522090483531,0.0024050856216317434,0.0004475105708832599,0.0022904707781848076,0.0005613040460199699,0.0006850428821860315,0.0006877240434861252,0.00043714401921590994,0.0004617160924439075,0.0006717928975951712
O82804,0,695,U,test,1,0.002103623762360556,0.9883187104232514,0.001515183408981918,0.0020508838947507937,0.00114819678553323,0.0010956169889956293,0.0008400387840333484,0.0009668786359527405,0.0009154223055110621,0.0010454450106293115
O88286,0,1684,U,test,0,0.9942773830507722,0.0012823519781903316,0.000363474466293251,0.0011964513270953964,0.0005309220684289817,0.0005046342673146112,0.0005371803812895745,0.00036064583600579,0.00041187049667941423,0.0005350861279304661
O88291,0,580,S,test,0,0.9948785280122086,0.0012559307474872899,0.0003390002521583222,0.0008276406422031259,0.00044910242901466526,0.00045975256829002405,0.0005209678770973337,0.0003963314801779195,0.00038715050226033944,0.00048559548910238047
O88343,4,1079,M,test,8,0.012253951572324862,0.006508024563970627,0.006982091048772746,0.03745109304320335,0.10836833972799839,0.03963357304283987,0.007374557375955594,0.019696832170960698,0.7522253572770828,0.009506180176891008
O88703,4,863,M,test,4,0.0021764868812100963,0.0008456916525667874,0.0013252727186212696,0.0019509900541891377,0.9872265431673487,0.001818522806066784,0.001107306798749131,0.0012945728341844894,0.001098689736650574,0.0011559233504130695
O88705,4,779,M,test,4,0.0016257776535257412,0.0007074806340495433,0.0013321144224867727,0.0017374048108073216,0.9884543806076433,0.0016938462728363114,0.001083001355109184,0.0010374517659310373,0.0011801880069305045,0.0011483544706801959
O88728,4,134,M,test,4,0.009416737500416852,0.0019777143830469594,0.009916961193780341,0.006044382433829975,0.9183391866040704,0.02126243364968895,0.005633983888343209,0.015121558728417823,0.0076707210834771195,0.0046163205349283925
O88850,0,1191,U,test,0,0.9946004505957944,0.0014450752559555073,0.000301428826340414,0.0008620516339827947,0.00043857634131557025,0.0004931045880418532,0.0005208222655693214,0.0004596240601500171,0.0004120043362520855,0.00046686209659801086
O88871,4,940,M,test,4,0.001354755451457893,0.0005603512845242403,0.0008781194123479052,0.001669635606255771,0.9896694776444049,0.001919863000254694,0.0008712857749156689,0.0011100468420709002,0.0010675216066132094,0.000898943377154805
O88958,1,289,S,test,1,0.0038983052948754404,0.9827227428295165,0.0012539072342491301,0.004667938709508503,0.0007429155134025016,0.0016290275919811441,0.0015605128605525014,0.0008822339927646381,0.0011239952884975082,0.001518420684652052
O89017,8,435,U,test,1,0.0036853319558717485,0.9712455428529398,0.009103486087850558,0.004283417813534947,0.0020753747527632177,0.0016546332161327694,0.0014042688922303278,0.0017340405789596244,0.0026132915795127514,0.0022006122702042524
O94091,2,468,S,test,2,0.0006519451503557284,0.0012061573149820789,0.9926023546040539,0.000566419707447908,0.000499863674551355,0.0010727784252856807,0.0006245252107947151,0.0005077353871520747,0.0014663143459819174,0.0008019061793946077
O94251,0,102,U,test,1,0.0036465931868942,0.984307080841712,0.001134637195897473,0.004947929328925141,0.0006266061874103531,0.001300867803176892,0.0011798360280572523,0.000804578211578083,0.000926063890051423,0.0011258073262971973
O94275,1,807,S,test,1,0.004464208090229402,0.9849355421823831,0.0008981449401392641,0.0024847059125453165,0.0011353615948780816,0.001246950778389084,0.0011004301375687375,0.0015041097225825173,0.0012966236718032194,0.0009339229694812868
O94278,0,857,U,test,0,0.9940735955235286,0.0014785605400078603,0.00038683723961833,0.0008062379992785811,0.00057394594509422,0.0005875567010058283,0.0005349764389721976,0.000541282657118909,0.000512476092440301,0.0005045308629351338
O94284,3,459,U,test,3,0.0020909613575030308,0.0023303590067263466,0.001584517883789822,0.9862145300675069,0.0014370952139469428,0.0010270456127187653,0.0015783403042915532,0.0007998639479647059,0.0014370952139469428,0.0015001913916050185
O94330,3,500,U,test,0,0.9943685793174007,0.0012625868356511475,0.00035232381608488124,0.0011518458464419574,0.00045594091628770305,0.00048156957083033964,0.0005309707834131875,0.0003899869317776446,0.0004453790505249492,0.0005608169315874892
O94358,3,845,U,test,1,0.0028674963038854643,0.988041269392658,0.0008139649188269109,0.002607699916811673,0.0007469361787752515,0.0008939655269898577,0.0008801058756453767,0.0011039001264007164,0.001198272205864181,0.0008463895541425233
O94378,1,860,S,test,1,0.009256418990261625,0.9741519511608981,0.0008279974496564526,0.008010763969814124,0.001063169710615961,0.001994036678116532,0.0011317383297240117,0.0013026227372419069,0.001262545368903408,0.0009987556047678576
O94432,0,474,U,test,0,0.9938073777449489,0.0017046832984888073,0.0003837240519554449,0.0010430701101270274,0.00057379226333879,0.000541137649074983,0.0005828281296017304,0.0004280751173572501,0.0004149046445146777,0.0005204069905923842
O94433,5,172,M,test,5,0.0026293183147618475,0.0015217328161683018,0.0013964204403579972,0.0015947621341943535,0.014325442348874009,0.9658172537466733,0.00128142746899199,0.004136498515698672,0.005504104880343838,0.0017930393339357206
O94438,1,252,S,test,0,0.6250016733540074,0.2730430048282543,0.0034640618889097198,0.07701531841576567,0.0025146391956231665,0.004625129521604858,0.005365243731231252,0.0029399109290821498,0.003203733221078901,0.002827284914442655
O94439,8,728,M,test,8,0.004747333009491985,0.004156903367635704,0.007556640550081283,0.010761148306318698,0.009115048692668834,0.04214755449644062,0.005053509497133559,0.06108525028553349,0.8498696096705921,0.00550700212410372
O94500,3,452,U,test,3,0.0021114662812960574,0.003093238310014568,0.0015149029590463795,0.9842833851943875,0.001709917400912717,0.0014065397163695451,0.0012268057195532604,0.0011257802523411587,0.0018706553241864946,0.0016573088418923212
O94510,1,433,S,test,2,0.012282586998722301,0.029007591778513996,0.7994818303982595,0.02471326918086655,0.008881440891517135,0.017457074579746146,0.043375784313443216,0.002794669341365368,0.05398203918703364,0.008023713330532204
O94521,1,333,S,test,1,0.012243272684531036,0.8946928855336631,0.009978041182639029,0.051672100595460575,0.003434874772785279,0.009120667551963054,0.008669072065774849,0.0023607528269151863,0.003685082944260534,0.0041432498420073665
O94527,1,809,S,test,0,0.9915838690910047,0.0030708665954106047,0.00033005072368218614,0.0017196585737840621,0.0004993507981268105,0.0006118173173337582,0.0006190293050554065,0.0005929937156409495,0.00046909663740031727,0.0005032672425611846
O94532,4,1461,M,test,0,0.9924262005827371,0.00249384214878105,0.00033553304110884663,0.001675922147957798,0.00046949512640911116,0.000572994784005252,0.0006075718823362249,0.0004731774305117067,0.00043761758309454114,0.0005076452730583468
O94566,1,551,S,test,1,0.002644712981912434,0.9872525129780467,0.0013567363795010518,0.0028484679633952563,0.0008523469264947631,0.001192647822633,0.0008590319597968262,0.0009073185895682885,0.0011203888338723671,0.0009658355647792655
O94598,1,815,S,test,7,0.00527047644318924,0.023277154148971375,0.006407270196066666,0.0062588457832879465,0.01607644368693895,0.03864078589036914,0.009543600474403053,0.819747029208118,0.06942491965475507,0.005353474513900514
O94601,1,321,S,test,7,0.004839688903751783,0.015884233305793954,0.003149245799651341,0.0076436994858242215,0.011632508354511635,0.009891682097164125,0.00970035957334741,0.8731985505232891,0.05988795929823156,0.004172072658434851
O94639,5,408,M,test,4,0.0014293201699147598,0.0006075809246957373,0.0009558590648910752,0.002433730942358517,0.9847178871222747,0.0036108991387824863,0.0013745638750705983,0.0015274584007965082,0.001999978404376128,0.0013427219568394504
O94676,0,1097,U,test,0,0.9881903322504325,0.004435433110799522,0.0004976418145337483,0.0024735168217357517,0.0008531566151215729,0.0006963260579587211,0.0008665918136632297,0.0007128389859498942,0.0006097234951727395,0.0006644390346322574
O94682,1,253,S,test,1,0.005362383862798012,0.982741557135485,0.0006454685119783992,0.004892051924993317,0.0008287980484371055,0.0014432661452753804,0.0009465170060037698,0.0011417174727476936,0.0012011926722569075,0.0007970472200243337
O94704,0,168,U,test,0,0.9944645052767892,0.0015024350815228298,0.00033360565960171293,0.0008619338008149736,0.0004419557202003365,0.0004930371881658449,0.0005372814683530549,0.0004419557202003365,0.0004454220152642001,0.0004778680690874897
O94745,3,502,S,test,3,0.0019335843750745308,0.0024949239672058016,0.0015719928854407254,0.9860928240322844,0.0011234527641370948,0.0011060351679728863,0.0018595099984456346,0.0008922026148609901,0.0014313159009577384,0.001494158293620246
O94752,1,454,S,test,1,0.0022294803609516473,0.987837799882977,0.0009970852530985874,0.0025786765457981925,0.0006437666265504616,0.0011794517409512112,0.001433848705092918,0.0009440213963230781,0.000914976875719653,0.0012408926125372294
O94753,2,361,S,test,2,0.0005544759211457903,0.0009702887405991289,0.994714297877666,0.0004855153277144256,0.00045609944663304534,0.0006873661035708489,0.0005610118846233538,0.0004420667440479643,0.0005765637489172786,0.0005523142050822234
O94804,4,968,M,test,1,0.002670267443590386,0.9886725839576895,0.0011441299334281664,0.0020119364507328406,0.0009940372843380953,0.0009940372843380953,0.0008144849804821605,0.0008945367565613018,0.0008738148286585459,0.0009301710801808858
O94888,0,489,U,test,0,0.9938143561019215,0.001606111618581134,0.0003719207196830032,0.0011355717710751485,0.0004965793389589088,0.0005369302334017338,0.0006084217065167341,0.000466493104886509,0.0004052962399872748,0.0005583191649880574
O94901,0,812,M,test,0,0.9915860766671486,0.0019039576633801418,0.0005399281440404897,0.002511273805143129,0.0006878862536638375,0.0006312399557589186,0.000674581379530161,0.000354093524133542,0.0004012405065197993,0.000709722100681394
O94927,1,633,S,test,1,0.003724042568841162,0.9872150404778525,0.0012596392393449019,0.002635588779658824,0.0008793699177147973,0.0009002236245915828,0.0007521650066015422,0.0009215718054872992,0.0008862669426121643,0.0008260916372952801
O94966,5,1318,M,test,5,0.01416772522182842,0.006057863037255583,0.0028952629618026584,0.0036032128050747492,0.01994071061361713,0.9239896632427834,0.003659955037830646,0.016054135192285053,0.003896002036916376,0.005735469850605922
O95232,0,432,U,test,0,0.9947599112724232,0.0011360974197756855,0.00042848541615399856,0.0008131224169018304,0.000514837067850116,0.0004669369333646959,0.0005721030483119785,0.0003962842088052524,0.0003993923234425771,0.0005128298929706496
O95445,2,188,S,test,2,0.0006479726408018845,0.0010558800033802552,0.9942918005809637,0.0005673837835459388,0.0005288598573723823,0.0007400079765783453,0.000628036632989389,0.00044187895482003986,0.0005330077935726703,0.0005651717759754115
O95563,3,127,M,test,3,0.0027694457698294386,0.0026529664096902723,0.0024202759103361914,0.9802305934238367,0.0032283382436095946,0.001952358105134808,0.0020460534714596555,0.0011477320032073919,0.0019145959983277697,0.001637640664568176
O95684,1,399,S,test,1,0.0030997483396965906,0.9853921180043185,0.0011719447881349153,0.002215290200346958,0.002299042659765639,0.0013541797406799534,0.0008245662274196265,0.00146994816643165,0.0012091463596325138,0.000964015513573712
O95747,1,527,S,test,1,0.004993063533270734,0.9817136749664763,0.0007657111216966848,0.0052429159198012325,0.000923623940390398,0.0017390903806296723,0.0013127342335491946,0.0011494685227956614,0.0010882949584773976,0.0010714224229127522
O95834,1,649,S,test,1,0.01747543211049274,0.9541262565949234,0.0005979763920973314,0.00948268844713808,0.002797607850238827,0.004758891272524209,0.0013903366893592605,0.004257519343076634,0.004142679816906896,0.0009706114832425766
O95841,2,491,S,test,2,0.0013975996545560014,0.0013786217442294725,0.9914904747547739,0.0010570260309304598,0.000829669282204548,0.0012285689059227869,0.0007916759176082669,0.00048773738274162075,0.0006771563551902873,0.0006614699718426521
O95926,0,243,U,test,0,0.9929412176514844,0.002060476150833444,0.00043105651686892545,0.0016669957087784026,0.0004808782912256928,0.0005199534171504391,0.0006078871551925895,0.0003490802169650681,0.00040178885869498186,0.0005406660328061453
O95931,0,251,U,test,0,0.9947712326523908,0.0011016936596434017,0.0003608249717097504,0.0010109709619425334,0.0005128357701387349,0.0004931892866068128,0.0005188808688597865,0.0003497235769572293,0.0003932047891616091,0.00048744346258942483
O96693,6,488,U,test,0,0.9734036678794716,0.010318349456257564,0.0007416420337208015,0.00961776029019357,0.0009158056741201099,0.0010623531013259921,0.0013169653633847932,0.0008081956156548293,0.0008403905009880237,0.0009748700848826676
O97859,4,428,M,test,0,0.9893896132278326,0.0034315968447686165,0.0004195650171167086,0.003076063515247334,0.000551507816550381,0.0007392415538618993,0.0007508829115964351,0.0005734773671695241,0.0004717296176651866,0.0005963221281913056
P00287,6,99,M,test,6,0.005438843499225671,0.010906589664416337,0.015615341893467161,0.00461588632604014,0.005633454069375972,0.020286845874619874,0.9146728294394952,0.004137654027023145,0.012258949260594107,0.0064336059457423735
P00288,6,99,M,test,6,0.012627777325967338,0.03616692407382005,0.23733975886537367,0.014142439345041419,0.009796181447341202,0.10781644758671141,0.5306911335059808,0.0051622249750606026,0.03524297014664841,0.011014142728055032
P00289,6,168,M,test,6,0.0022453755381917594,0.002341671260653681,0.0018326220090944636,0.0014986667476581989,0.0007390013981332749,0.001868767334847343,0.9852122753551432,0.0010421591041802516,0.0011224495833596778,0.002097011668738076
P00290,6,99,M,test,6,0.006264775550933039,0.0103895666222905,0.014200854047979711,0.00597789049955948,0.00515326402236574,0.013451664694025475,0.9225395269210132,0.004140763718050289,0.011567783659912956,0.006313910263869702
P00291,6,99,M,test,2,0.00874509012500078,0.02637066325724745,0.6325393333857398,0.01034456400746611,0.00736410405338766,0.0977638589631856,0.17428290884542025,0.004228849439483251,0.030762761902908706,0.007597866020160415
P00292,6,99,M,test,6,0.005594657694327893,0.009728258285005684,0.013033400350697784,0.00531764694928903,0.00509399354125743,0.01260775703069208,0.9299152605427173,0.003860198022398342,0.008775884022403991,0.0060729435612104235
P00293,6,99,M,test,6,0.007859731080379571,0.020929042833479936,0.07754162860240264,0.008236927943056875,0.007499807459512573,0.06086311828188724,0.783142658215392,0.004693259567957442,0.0205678144295334,0.00866601158639831
P00294,6,99,M,test,6,0.00577970365110185,0.010193346244868798,0.014918388625595816,0.005283076390619788,0.004886047087199294,0.0148892792093589,0.9238697798478906,0.00401915300681939,0.01010414883188919,0.0060570771046563705
P00295,6,99,M,test,6,0.007042145861548255,0.011419373628232853,0.017877688731314737,0.006667369548235291,0.006023466620725393,0.013946972865315002,0.9115935018933946,0.004564546539808883,0.013683894725612707,0.007181039585812238
P00296,6,99,M,test,6,0.008057716667319081,0.011769794031400747,0.020021094464145014,0.007540013110944079,0.0069191045850586184,0.012025396425353893,0.9062238890492323,0.005062125267283565,0.014571060333293811,0.007809806065968836
P00297,6,99,M,test,6,0.007930699033524533,0.011882159270669275,0.020651179030711342,0.007450202229392034,0.007164789570596513,0.013576479089326087,0.9024526141360691,0.005387182037348527,0.015354149486849674,0.008150546115512894
P00298,6,99,M,test,6,0.005878658460951746,0.010388137595983905,0.012665815640179087,0.005971233794238638,0.005394560211129204,0.013561923110699283,0.9251189307861744,0.00396219157525426,0.010702203805345947,0.006356345020043582
P00299,6,168,M,test,6,0.0017639424262179376,0.0018558310191922063,0.0012508224516967813,0.0011478192222385331,0.0007016478369432699,0.0015935892075024081,0.987993721449255,0.001005064118326103,0.000944170406429831,0.0017433918621979536
P00732,2,417,S,test,2,0.0017383226642558001,0.0027055453169839948,0.9851209320826809,0.001850434903910602,0.0010502354915826182,0.0034536931211240737,0.0012326553536783458,0.0006125969739813412,0.0012867754288869218,0.0009488086629153437
P00927,3,576,U,test,3,0.005454499655802157,0.008940411425279111,0.0018022196695945355,0.9745616402039613,0.0013031705495149264,0.0010973797946908239,0.0019410669530754332,0.0009460004591468344,0.0017881946491323047,0.0021654166398025923
P01040,1,98,S,test,2,0.0007634867553376583,0.0009918921890911198,0.9942765837856876,0.0005695957329044565,0.0005435120619990612,0.0007088734109052434,0.0006479626952951529,0.00041510053323920025,0.0005309216270111366,0.0005520712085293724
P01096,3,109,U,test,3,0.011647648190469847,0.018905998808165916,0.0023571378132989534,0.9546591220939007,0.0017862248051926104,0.0015887012828299885,0.0031105261488033227,0.0015763378582348989,0.0023756252663949488,0.0019926777327088294
P01142,2,190,S,test,0,0.9938690164105421,0.001609340093097328,0.00041170133449937714,0.0012931410583283775,0.00047758190081870075,0.0004966066384179588,0.0005540047477480724,0.0003494063892314257,0.0004084974392920306,0.0005307039880245559
P01143,2,187,S,test,2,0.007230063420174875,0.008156810464808997,0.9613941911732878,0.007219480335437863,0.003975312007913277,0.005245901040244261,0.0018851539365065412,0.0010011976743864307,0.002006736010733352,0.0018851539365065412
P01405,2,60,S,test,2,0.0007345901187581539,0.000842211727969393,0.994753450931079,0.0004633001937525144,0.0005128265939843503,0.0005948892169713483,0.0005743384765538025,0.00040886097918270246,0.0005544977532484481,0.0005610340085003099
P01406,2,60,S,test,2,0.0006767359241756373,0.0008554742995687011,0.994753092336346,0.00045256769317027266,0.0005209022044537506,0.0006283279900978145,0.0005765862123416936,0.0004251479857934955,0.0005544975698442582,0.0005566677842083205
P02655,2,101,S,test,2,0.0005832445052968771,0.0009786604501367216,0.994517296852369,0.000493063373514041,0.0004524604146880689,0.0007258595070712585,0.000558714050015627,0.00044197919370077905,0.0006609026659087619,0.0005878189872988659
P02724,4,150,M,test,4,0.004921904939081332,0.0012940258417908157,0.004292961886953842,0.0028934386241296003,0.9527196319617456,0.019619191765532756,0.0021004112124082975,0.005107985041108403,0.005138002497232138,0.0019124462300172155
P02730,4,911,M,test,4,0.0021205981120700156,0.000704783736003035,0.001058005674311022,0.002393584344534623,0.9770234925070885,0.008034376952455288,0.001401629693688813,0.002738903138081844,0.002738903138081844,0.0017857227036849929
P02835,0,410,U,test,0,0.9949590324731693,0.0011833228859484644,0.00036657635691801703,0.0007149235256992245,0.0004894436460977458,0.00046885829865065976,0.0005089408884009492,0.0004121528779281222,0.000418643353661463,0.0004781056935260706
P02836,0,552,U,test,0,0.9950345673699524,0.001023158778141376,0.0003995025918379963,0.0007094138046383383,0.0005418058740588935,0.0004800134001361269,0.0005109715846075551,0.0003872111988524374,0.0004219588188878257,0.0004913965788870315
P03872,0,296,U,test,0,0.9947133062566403,0.0012870709947996294,0.0003234226217023866,0.0008982462413870826,0.0004632814947724374,0.0004798584264106277,0.0005148129146811236,0.0004120510958001512,0.00043182581100084324,0.0004761241428054306
P03973,2,132,S,test,2,0.0009519637836074576,0.0007815361360523873,0.9942051908891397,0.0005006708722958006,0.0007228027497573874,0.0006428740355126721,0.0005651225785941511,0.00042824646352535207,0.0006581194352007579,0.000543473056314365
P04201,4,325,M,test,4,0.0013180379195739701,0.0007082560613619323,0.0009058733318648573,0.0016825068027112886,0.9895377930741182,0.0015560644017574951,0.0009309851052461235,0.0010508314725531395,0.0011954085859092727,0.0011142432449037694
P04814,2,256,S,test,2,0.0006158976703415679,0.0009245719475496735,0.9943053761369709,0.0005026810404477581,0.0004630915095490882,0.0008048525327659117,0.0005854025038745074,0.0004216496072571173,0.0008001503435577786,0.000576326707685689
P04913,0,126,U,test,0,0.9950410026051751,0.0007960642129846764,0.00041541966491070423,0.00078219315373853,0.0005292583584382844,0.0005313297943219812,0.0005210529414699257,0.00039025064499251884,0.00043877059777155605,0.0005546580261966684
P04919,4,929,M,test,4,0.002170669480454634,0.0006724420267436847,0.0009119666856630033,0.0026440220154796417,0.9769257448962871,0.007201248032063417,0.0013165775563397895,0.0027279523260995055,0.0036157146988265417,0.001813662282042653
P05166,3,539,S,test,3,0.001977722776185497,0.0023809343967282843,0.0016141704734149716,0.981397352938567,0.002423156830232123,0.0017659078094806049,0.0030156674172636087,0.0010879443153306312,0.0016654097378164588,0.0026717333049808673
P05186,4,524,M,test,4,0.004469649592045584,0.004611531004431123,0.038162035639820284,0.009648873884089476,0.7400257308419641,0.15756057877818738,0.00812516675680659,0.010933606422455885,0.019540098401573044,0.006922728678626492
P05366,2,122,S,test,2,0.00835775670887711,0.03775064246542273,0.8103034435935061,0.01938498191993697,0.003110889787890838,0.057114898732938624,0.01804234074024602,0.00474354062420472,0.03560224893985503,0.005589256487121757
P05549,0,437,U,test,1,0.0020309022174908884,0.9882939606960626,0.0013112490403675181,0.001737122811042679,0.0014628039709875195,0.001157173252482688,0.0008205587138902558,0.0011892512601306528,0.0009225789855208788,0.0010743990520243496
P05740,1,184,S,test,1,0.004126961192738966,0.9854784765009093,0.0013864147372289182,0.002308243130725065,0.0007392010867229562,0.001067161408787531,0.0013918409722093025,0.0010025053818413037,0.0011448971638019416,0.0013542984250347265
P05747,1,59,S,test,1,0.0044799016100326525,0.983583590095802,0.0013569847360075328,0.003949640148970917,0.0007493981351530851,0.0010989197158828555,0.0014332614395805507,0.0010084254441731651,0.001274769222162307,0.0010651094522348998
P05764,1,87,S,test,1,0.04990568935998626,0.3711041345144708,0.3711041345144708,0.04681343753106645,0.08848994542552428,0.031062892820612874,0.011472125949037121,0.005998339719079509,0.007292126101205922,0.01675717406454608
P05981,4,417,M,test,4,0.00101804123116812,0.00047343315187138194,0.0019854571665508963,0.0016363854912649696,0.9852352869906124,0.004302889371445613,0.0010794742920916657,0.0012089539680599285,0.0019243711396853542,0.0011357071972497024
P06103,1,763,S,test,0,0.9879255774407769,0.0050443239597418935,0.00034461406601029286,0.002463213223270072,0.0006048165524047969,0.0008903760402943058,0.0007497718366231242,0.0008170549983431618,0.0006095601271811757,0.0005506917553542249
P06296,2,191,S,test,2,0.0007231746360607322,0.00091417848685466,0.994716755509725,0.0005395211908607244,0.0004931622789971397,0.0006137503396695496,0.0005654133567624962,0.0003840751504992948,0.0005208831550767256,0.000529085895493631
P06400,0,928,U,test,0,0.9946891904346911,0.0011069949178251675,0.0003234147811468661,0.0008860275907199012,0.0005168153327756143,0.0005088028719950732,0.0005127934736252035,0.00047425638537223016,0.00046690373766643375,0.0005148004741824966
P07030,6,165,M,test,6,0.001836798712907375,0.0019081041443719069,0.0013152672744599133,0.0012116809223946534,0.0006958098296542237,0.0017255127679681613,0.987457680265454,0.001008450390257824,0.0009363145101054328,0.001904381182426473
P07250,0,355,U,test,0,0.9913390829019374,0.0024191871231127836,0.0003980188560387457,0.0023631468795508002,0.0005928473294060636,0.00069582146030535,0.0006536638028493871,0.0004763661973536462,0.0004405667376751304,0.0006212987117706985
P07251,3,545,M,test,3,0.0018758897884388467,0.002371346982515725,0.0016980383805796154,0.9851116284026967,0.0010667642070576232,0.001117959240494765,0.00267399957027625,0.000843879919624957,0.0014187642007302177,0.0018217293075852745
P07256,3,457,M,test,3,0.0016981136433687678,0.0018869972588890127,0.001461009058206207,0.9870812897741185,0.0011924410223133272,0.0011028275397367811,0.001731605980206365,0.0008131740709792287,0.0015073864749224925,0.0015251551772593125
P07266,3,363,S,test,1,0.005929686295951137,0.9741193419461293,0.0012429296953020714,0.010529597899440739,0.0009093468984989248,0.0019939698333323185,0.0017122081421368162,0.0008952487731197251,0.0013025791476019611,0.0013650913684870095
P07313,1,608,S,test,1,0.0030439754112172785,0.9870036561503909,0.0012016987992574419,0.002060191057525169,0.0015982232036712847,0.0011647264604760334,0.0009731652982224041,0.0011113897377714415,0.0009358839932042569,0.0009070898882638489
P07664,0,433,U,test,0,0.9950671901833903,0.0009343605614036967,0.0004026491172830613,0.0008229614066148584,0.0005634074638958225,0.0004856875802079027,0.0004991513316614121,0.0003390645559036234,0.00039026089783152426,0.0004952669018078267
P07665,0,356,U,test,0,0.9948496399924275,0.0010159994942857188,0.00039942832923540837,0.0009378124504540141,0.0005766421884623575,0.00048180254173133354,0.0005049247524088155,0.0003337348630467285,0.00038713923513332215,0.0005128761528148375
P07766,4,207,M,test,4,0.0012634489112424738,0.0005541203104374423,0.0017201973464711724,0.0012783420404760982,0.9863403305072352,0.004150788493991943,0.0009725112923129392,0.0011822732020255443,0.0014316751127519407,0.0011063127830552098
P08018,1,668,S,test,1,0.0021417014475438754,0.9886755593978995,0.001066449526270452,0.0020316864111673987,0.001005757680948887,0.0011046087211872514,0.0009748137910086678,0.0010215961013391596,0.0009522323043781211,0.0010255946182566734
P08985,0,141,U,test,0,0.9949663995609097,0.0008374705652551706,0.00040576606031850605,0.0009108429657085579,0.0005149438916087278,0.0005030152187493276,0.0005230531516502057,0.0003608957740878943,0.0004186464577200133,0.0005589663539918695
P08992,0,146,U,test,1,0.28390717335523774,0.6601039228365214,0.00203632630068778,0.03471197531386034,0.0026767000410700026,0.0049040112840488545,0.0033312073014125,0.0029628370560719048,0.003129379667804194,0.002236466843285227
P09031,2,97,S,test,2,0.0054360880572383455,0.012345740795826489,0.9106452630437749,0.006480780082172911,0.006557173680388263,0.035034768919626244,0.0046679308554387205,0.0043509901360089965,0.010488571789606613,0.003992692639918538
P09932,0,586,U,test,0,0.9816546397841045,0.006117261454190747,0.0006704387458965375,0.006877822306184165,0.0007249171581559425,0.0008951531451753496,0.0010262981478621914,0.0005963005216253084,0.0006347586140634878,0.0008024101227418084
P0C0S6,0,128,U,test,0,0.9949794338492366,0.0008309642205377386,0.00040895385842880085,0.0008967333550383827,0.0005149506611565988,0.0004971614666583455,0.0005271623387512308,0.00036373109921862394,0.0004219354488409175,0.0005589737021327712
P0C0T4,1,108,S,test,0,0.994778322232577,0.0010594961371107451,0.00040887119666585054,0.0010228952702378065,0.0004817680095291647,0.0004798897935173095,0.0005088484297948656,0.0003416246897014999,0.00039939970270960756,0.0005188845381561601
P0C0V8,1,87,S,test,2,0.004378204235532908,0.005438795668070268,0.9765123285918409,0.004087416487560525,0.0015385838457289394,0.002607015616529654,0.0018271134859431967,0.0007797162735448607,0.00157507026636723,0.0012557555288815162
P0C0X0,1,67,S,test,3,0.04817572100206211,0.07403534269459949,0.006806131321027342,0.8341536931708523,0.003923729720503783,0.00420954751042056,0.010297348297373506,0.0030320234689295645,0.007188707943264715,0.008177754870966607
P0C1Y9,2,61,S,test,2,0.0008756209315676482,0.0007988206375111124,0.9945936838127133,0.00047052052289713964,0.0005187882363690416,0.0005720074427436632,0.0005675560700654771,0.00042177186862505045,0.0006136744074420435,0.0005675560700654771
P0C1Z0,2,61,S,test,2,0.0008570027901969255,0.0008113938900869322,0.99458591159301,0.0004705168455485209,0.0005107411591036136,0.0005810107805309369,0.0005720029710999183,0.0004284104747393663,0.0006065201694767089,0.0005764893262070617
P0C2B6,3,128,U,test,3,0.0017468661856749055,0.002229916522710072,0.0017064001053451975,0.9861031294870485,0.0014091401146621703,0.0010595279234491377,0.0020623355108734605,0.0008852686887905151,0.0014941739361575925,0.0013032415252884836
P0C5W7,2,66,S,test,2,0.0007864259767449202,0.0008257786087692906,0.9945809086103476,0.000448968075284707,0.0005522401762120772,0.0006635317802471377,0.0005924672038095145,0.00041199622415048434,0.0005832818011326235,0.0005544015433016206
P0C606,0,293,U,test,0,0.9947454607812571,0.0011103056411575836,0.0003840862527416135,0.0010020984049569205,0.0005108230845084476,0.0004912537836120501,0.000516844551141594,0.00033895490979884675,0.0003751889199540334,0.0005249836708717601
P0C607,2,75,S,test,2,0.0009014375059539905,0.0008255914713845934,0.9943555227405235,0.000494912714171672,0.0005652080081930579,0.0006280768780702128,0.0006159287650618386,0.00039922994605073815,0.0006354804266045469,0.0005786115439857937
P0C7L0,1,485,S,test,1,0.0034913516341606235,0.9775549882343921,0.004564154758521869,0.005733823819571668,0.0014356491032998767,0.0015891186182877164,0.0017453053834993921,0.0013174256101199607,0.0012089376981798776,0.0013592451399669194
P0C7P3,0,912,U,test,1,0.0028658964095697828,0.9879723061255452,0.0009079800751382606,0.002662844366750261,0.0007126816991684477,0.001103823041910703,0.0009894606031727786,0.0008869467396818477,0.000873195880123104,0.0010248650589396262
P0CB05,1,711,S,test,1,0.0021428967999473137,0.9892273674158645,0.0007478328736918972,0.0022109196744596045,0.0007655671776650169,0.0010142117550650494,0.0007960639196823162,0.001135863214152154,0.0011052252603391303,0.0008540519091330558
P0CB20,2,123,S,test,2,0.0007461648145814314,0.000811537731848907,0.9947622703989801,0.00044904993532548165,0.0005291101028146794,0.0006210134937908987,0.0005480424965850806,0.000393201247989758,0.0006042626652679361,0.0005353471128157009
P0CG03,2,260,S,test,2,0.0005763281792982465,0.0009191728060384784,0.9943079078623769,0.0004987704895949898,0.0004891233267637823,0.0008418345010031644,0.0005696136929660991,0.0004350353145406288,0.0007970328805388095,0.0005651809468789382
P0CG12,0,524,U,test,1,0.012979819973783828,0.9686427913330247,0.001235941880569687,0.00913244485535903,0.0011520246029098488,0.0018266038264165676,0.0012263237640798804,0.0011520246029098488,0.0013363718550336943,0.0013156533059129427
P0CI04,2,42,S,test,2,0.0010513984882045085,0.0008665476954921525,0.9939468679762381,0.0005370018346320338,0.0005044665416683907,0.0006061304846140978,0.0006605235721682415,0.00044519017993705146,0.0007003824376212927,0.0006814907894241162
P0CT87,2,472,S,test,2,0.0007852492954792948,0.001410837407910212,0.991154995326975,0.0006260552871580351,0.0006459283738523367,0.0013099181207954925,0.000782187863287322,0.0006359142105826078,0.0018031673211331932,0.0008457467928264353
P0CT88,2,407,S,test,2,0.0007502776741008527,0.0012249774363960676,0.9924613636691897,0.0005446432006091481,0.0005404047511469914,0.0010747230758278083,0.000735765978910773,0.0005752578721829523,0.0013245163882466579,0.0007680699533890309
P0CT92,2,617,S,test,5,0.01213817242019866,0.05813462463149363,0.07822868464741134,0.04417253419347793,0.006396366942563956,0.5201762476058007,0.07792370257202567,0.009602084115210673,0.18259904341257077,0.010628539459246706
P0CX31,1,135,S,test,1,0.00453625679338269,0.9833925656041036,0.000882835328038472,0.005140252097100459,0.0006115221947798407,0.001249870089373683,0.0011787398599811345,0.0009252034633043777,0.0010901560629496215,0.0009925985069860963
P0CX32,1,135,S,test,1,0.00453625679338269,0.9833925656041036,0.000882835328038472,0.005140252097100459,0.0006115221947798407,0.001249870089373683,0.0011787398599811345,0.0009252034633043777,0.0010901560629496215,0.0009925985069860963
P0CX82,1,189,S,test,1,0.0037156584459941398,0.9869182357264968,0.0008520583339722099,0.0030653849115267902,0.0006954296919783558,0.00101978024845881,0.0009579949215204466,0.0008654762454559508,0.0010645539234896643,0.0008454275511067423
P0CX83,1,189,S,test,1,0.0037156584459941398,0.9869182357264968,0.0008520583339722099,0.0030653849115267902,0.0006954296919783558,0.00101978024845881,0.0009579949215204466,0.0008654762454559508,0.0010645539234896643,0.0008454275511067423
P0CX84,1,120,S,test,1,0.003544475617198007,0.9866313245818227,0.001303939602225188,0.0025931936445701765,0.0007006802996149329,0.0010852347957713761,0.0011552264805655308,0.0008320784467525879,0.0009804279451579264,0.0011734185863216178
P0CX85,1,120,S,test,1,0.003544475617198007,0.9866313245818227,0.001303939602225188,0.0025931936445701765,0.0007006802996149329,0.0010852347957713761,0.0011552264805655308,0.0008320784467525879,0.0009804279451579264,0.0011734185863216178
P0DJ86,2,231,S,test,2,0.0006038262280842129,0.0009555344564549721,0.9940437065378667,0.0005005895220874776,0.0004814122212714756,0.000920725050826469,0.0005584479986361902,0.0004248448198213682,0.0009279464100782065,0.0005829667548729925
P0DJI8,2,122,S,test,3,0.014968608714345622,0.019408689426873214,0.005942483419364337,0.888859876118875,0.0029417425305465717,0.003180782087174184,0.04565849130282334,0.0030115039518014046,0.003333430991049841,0.0126943914571465
P0DL36,2,112,S,test,2,0.0007317288743891656,0.000855477734399463,0.9947570430753708,0.0004798795200709336,0.0005068537388173062,0.0006210102663247556,0.0005632318225432585,0.0004056806642913805,0.0005416547642113118,0.0005374395395815674
P0DL48,2,48,S,test,2,0.0010134978547574754,0.0007665239638767707,0.9943402135020581,0.0004949050649837453,0.0005608009122966851,0.0005923238541602565,0.0005993059215202485,0.00042166437105244016,0.0006207500319477777,0.0005900145233465048
P0DM40,4,2038,M,test,7,0.12825637228621978,0.006486065555342136,0.0126002754078389,0.02540359032330966,0.2935817691439653,0.029670817448506474,0.012308390515964175,0.4547083314846385,0.022594421407198896,0.014389966427016199
P0DMC2,2,58,S,test,2,0.0007665267605070048,0.0008719881450091278,0.9943438806383813,0.00043846321209009944,0.0005542694646158889,0.0007342876945523509,0.0006183322267051286,0.000452381535313978,0.0006480065470022932,0.0005718637758227781
P0DMC3,2,54,S,test,5,0.020905203052901965,0.013523801746290058,0.008596251115618549,0.05024701921281199,0.052864523760457964,0.7738098797632429,0.0318999861440616,0.015810926117233906,0.014565706809231992,0.01777670227814912
P10506,1,340,S,test,1,0.0027303754472819005,0.9871480080914692,0.0006741905380492279,0.0033249699759130553,0.00091433800625328,0.0014841169204818517,0.0008456243849380057,0.00091433800625328,0.0010280177450819493,0.0009360208842782132
P10734,0,429,U,test,0,0.9943258333000029,0.001527373122510236,0.0003869354033049543,0.0010115056235409352,0.0005330260117486754,0.00047039381085623854,0.0005046588569729211,0.0003721121528167452,0.0003809364925668173,0.00048722522567962677
P10911,1,925,S,test,1,0.0034972668816769903,0.9820842492561536,0.0010068882495069703,0.0031105334001964597,0.0027051187558999818,0.0015413301591538273,0.0009990525686518837,0.0020024362520380135,0.0017602544815123848,0.001292869995209947
P10964,0,1664,U,test,0,0.9921181731702747,0.002542239436652499,0.00035706218891385575,0.0019264937003433862,0.0004767405875845449,0.0005661434321487683,0.0005841147584568082,0.0004656969050339025,0.00044785634225094335,0.0005154794783405518
P11373,2,224,S,test,2,0.0005803847149764168,0.0010529956122802614,0.9935142279800208,0.0005082018568662947,0.00043130528394096866,0.000864480430871078,0.0007718941568146995,0.0004663522055745182,0.0010906733165868497,0.0007194844420681412
P11456,8,279,M,test,8,0.00862788146873885,0.004188499962960136,0.007466808576636374,0.015714884118987256,0.05692403504985082,0.06603303683894714,0.005999749180855795,0.06707290694310097,0.7616351995385781,0.006336998321344577
P11490,6,171,M,test,6,0.00181541876679519,0.00194766014804118,0.0013050455805905309,0.0011338432570943806,0.0007123180554355118,0.0017872733882604024,0.9874682012604227,0.0010445453856105563,0.0009290379474561181,0.0018566562102934432
P11597,2,493,S,test,5,0.007486498333954045,0.02751851412089962,0.018029465994344848,0.018385067299610366,0.00889043682562913,0.45599242344137747,0.017543153567740662,0.011550109655990444,0.41518583255767244,0.01941849820278099
P11672,2,200,S,test,2,0.0006430694079890987,0.0009979525884969162,0.9945073098603232,0.0005067265273965517,0.0004911361884775639,0.0006557528565048074,0.0005994066219218569,0.0004250429652720688,0.0005994066219218569,0.0005741963616961107
P11717,8,2491,M,test,8,0.00521924725411963,0.0032154850577911682,0.004903029243008813,0.013831693843336866,0.06560180414134917,0.04438839905518301,0.0036721993673784117,0.02249494780489298,0.8310298422310786,0.005643352001861425
P11831,0,508,U,test,0,0.9937602186954055,0.0020104747730943563,0.00032059822797342877,0.0010698426469815826,0.0004382058382489619,0.0005244637358578795,0.0005411119988369915,0.0004701262187835117,0.00040212026330807744,0.0004628376015096381
P11911,4,220,M,test,4,0.001368172161548818,0.0005770619795142717,0.0015778351151700374,0.0012852787453890282,0.9878263195434093,0.003134837242167268,0.000893771095099825,0.0011123160724010545,0.001231221638204621,0.0009931864070957576
P11970,6,168,M,test,6,0.0017406014212708312,0.0017749317161302465,0.001189307607982168,0.0010619321383080647,0.0007129475401755545,0.0015694341182764904,0.9883408123034263,0.0009706846488160138,0.0009190257012143897,0.0017203228043999068
P12080,4,1396,M,test,4,0.0011907315546705898,0.0005346123510866663,0.0011142278351468763,0.0013387755104587698,0.9895241054812473,0.0024135793000632905,0.0008779903744485578,0.001018486718080617,0.00106736485114252,0.0009201260236548595
P12353,6,212,M,test,6,0.0018980094012637945,0.0017468215248984049,0.0011704720976574413,0.0011982290021798304,0.0007127058173357114,0.0013630855504014768,0.9880056742058182,0.001001157890453843,0.0010169237842828835,0.0018869207257084446
P12359,6,332,M,test,6,0.0017090203437272616,0.0018263631541686957,0.0012650846873064313,0.0012850069590610157,0.0007293203861364931,0.0013948618190929587,0.9876173790519887,0.0010991246233698518,0.0009438107413170732,0.0021300282338315166
P12843,2,304,S,test,2,0.000709096502817632,0.0008963819671567781,0.9945894983789407,0.000531088698701996,0.0005810128821447834,0.0006558070436919416,0.0005479473241584262,0.000399323880288492,0.0005587546233972611,0.000531088698701996
P12979,0,224,U,test,0,0.9943505242377554,0.0014546219484311972,0.00034957566467030244,0.0010304745843733843,0.0005066466560728451,0.0005206914083935383,0.0005126188786857822,0.00039612113114583024,0.00037798144064721235,0.0005007440498245506
P13002,0,1333,U,test,0,0.994668331755603,0.0013556279374946345,0.00034696612628286235,0.0009177117856079371,0.00048171474035333273,0.0004705558366900444,0.0004950683930344064,0.00038106772563332287,0.0003993555545516603,0.00048360014474884766
P13010,0,732,U,test,0,0.9951502419835896,0.0008474989655866863,0.0003964396972021096,0.0007792291727738278,0.0005090386733808361,0.00046894840510996067,0.000517054858568921,0.00040268273135370635,0.00039954903432372216,0.0005293164781106309
P13432,2,146,S,test,2,0.0006532271044525477,0.0009522979236340721,0.9945541493349962,0.0005415442863270575,0.0005127238076769169,0.0007118464744299134,0.00054579169979882,0.0004454621707351409,0.0005742234094400817,0.000508733788509281
P13528,0,467,U,test,0,0.9950888016916104,0.0009706540011099982,0.00041220664121990544,0.000698453396759528,0.0005439560364365404,0.000480039561281014,0.0004991622071460623,0.0003842188216102459,0.0004252914927298519,0.0004972161500964172
P13635,2,1059,S,test,2,0.0037467038329925895,0.008223610639109086,0.9570400972221758,0.004635606728351623,0.0015436623397663525,0.011055276337917428,0.0059059162396706485,0.0011032058001292679,0.004983003074904795,0.0017629177849824765
P13726-2,2,238,S,test,2,0.0006864785237905931,0.001075771866451549,0.9934298245449966,0.0006274921546057665,0.0007480819096844363,0.00114291871772128,0.0005871761856544944,0.0005367224783774688,0.0005964229392212416,0.0005691106794965648
P14020,5,267,M,test,5,0.0019372340494890686,0.0014173108267431051,0.0013683492147140066,0.0013107981300786006,0.004083141654282547,0.9802657815072984,0.0011477732392214572,0.0018630198559870697,0.005074113217169385,0.0015324783050164263
P14404,0,1042,U,test,0,0.9949714982848736,0.0010711466727082058,0.00038118386281560575,0.0008914873331070925,0.0005271581385313055,0.0004743910029843451,0.0004952192462384969,0.00033639359230774635,0.0003752741555102286,0.00047624771092330694
P14448,2,741,S,test,2,0.0007370545149399773,0.0009594245811600087,0.9941994446326444,0.0006062845214628753,0.0006206621653935802,0.0007486614155334942,0.0005695515812815914,0.00046304216663914236,0.0005629161396424222,0.0005329582813025284
P14724,0,124,U,test,1,0.00432076035324493,0.9854702105730143,0.000722071501533083,0.0029739655801849806,0.0009491450970414772,0.0014082357478610481,0.0008441870891373135,0.0013177574182382573,0.0012772143888996003,0.0007164522508449584
P14772,8,1559,M,test,8,0.006962333022051562,0.003263179747608806,0.0043230108901378675,0.013518901828262039,0.01336792698513748,0.03549603075490771,0.003237785607259369,0.05829490099680517,0.8566373172109005,0.004898612956929435
P15381,4,2171,M,test,4,0.0013073344208972767,0.0006548062179741667,0.0010221380658099039,0.0016270040308376786,0.9892000105620596,0.001834656837406113,0.001067015241712498,0.0010221380658099039,0.0011810782772263514,0.0010838182802664828
P15382,4,129,M,test,4,0.006381096846425456,0.0027552172811047934,0.009316230283882858,0.004024507517234728,0.9214940161217816,0.03545214642979907,0.003977620547418497,0.00951390163963285,0.004596131898704343,0.002489131434015818
P15383,4,130,M,test,4,0.004440672698860305,0.0015167762031448092,0.0040591037461542405,0.002725153052214745,0.9626713815544433,0.013893635547897713,0.002155773569281053,0.004581634904670396,0.00227695052339627,0.0016789181999371861
P15398,0,1689,U,test,1,0.0026428069072376944,0.9879871538075881,0.000839756919841806,0.002892651400534377,0.0007071461984037303,0.001121222548179022,0.0009441641106122574,0.0009079937561391398,0.0009441641106122574,0.0010129402408516665
P15424,3,664,S,test,3,0.012174371503647767,0.014457423264605041,0.0026022183566889756,0.9596038499212576,0.00176764035178578,0.0013135987969725529,0.00230543773033291,0.001387436849538252,0.002416077928190616,0.0019719452969805488
P15478,8,386,U,test,5,0.01866325218967912,0.01653472371104487,0.012287563918998032,0.055827104803035515,0.054427468503135484,0.6013713613459027,0.009060280600047424,0.014821631233877641,0.030710459441925422,0.18629615425235377
P15693,4,540,M,test,4,0.0013402428850402633,0.0008128984866319476,0.0022010723524698845,0.002933082797912147,0.9714486362607259,0.010834057551771631,0.0020119428610783003,0.0023985925943933134,0.004370947262094358,0.0016485269478822438
P15705,1,589,S,test,0,0.8007698159761657,0.15046018551216694,0.0010791767989926848,0.025440816156054865,0.00317187704408573,0.00585680834862116,0.003074288639708326,0.004438254106711997,0.003708299761695831,0.0020004776557967516
P15891,1,592,S,test,1,0.0020864563012811884,0.9860136045201803,0.0019109039832831815,0.00305361589024998,0.0010594316492776403,0.0010430067287088933,0.0013082235203447866,0.001145518796659355,0.0010761153610946371,0.0013031232489201015
P15919,0,1040,U,test,0,0.9939246868589815,0.0017745314368189534,0.0003386752361771105,0.001204819108832168,0.00043827836488782325,0.00047389188281798814,0.0005475810739499342,0.0004149536208170658,0.00038981282659449106,0.0004927695901229718
P16068,1,619,S,test,1,0.002111260090075159,0.988039339625389,0.0007646477409209438,0.002369122067667181,0.0012123946506983287,0.001502967231178346,0.0009151635809101644,0.001012993757540487,0.0012123946506983287,0.0008597166049219811
P16104,0,143,U,test,0,0.9951362396987751,0.0008214126308078677,0.00039643414564437626,0.0008070998903070912,0.000509031544015997,0.0005031011144631418,0.000509031544015997,0.00036664165920423445,0.0004154594367618217,0.0005355483360044439
P16260,3,332,M,test,3,0.002622230707677462,0.0027804677560145903,0.002332260419619689,0.9707683768765226,0.0026324938816587734,0.0021485787091824336,0.009857613764966336,0.0010430512844468525,0.001640950086723436,0.004173976513187814
P16410,4,223,M,test,4,0.0014679709042087741,0.0006240108336846145,0.0016699394495525253,0.001295479759193657,0.9879182054170368,0.003062503627256835,0.0009186327403885671,0.0009971664981210978,0.0010010693208723329,0.0010450214496847937
P16521,1,1044,S,test,1,0.0031391776233322686,0.9872639806428637,0.0007522022503303124,0.0028735593179759563,0.0006433926387425184,0.0011650337171025956,0.0011559672923574778,0.0008932622802631917,0.0010443293124800714,0.0010690949245518824
P17341,6,97,M,test,6,0.006079154723178946,0.012298232274449249,0.018579396442120602,0.005622299113151893,0.0057556281777373704,0.024613699603621635,0.9022265827591572,0.004517644422895897,0.013472385045792708,0.0068349774378944975
P17427,4,938,M,test,8,0.0356564942197947,0.08553547667072643,0.007386932369677197,0.07533750907592503,0.044223805344814224,0.04001144811545158,0.015395688351860295,0.3092306646475394,0.367220502114907,0.02000147908930418
P17558,3,318,U,test,1,0.0045725374255258635,0.9854664966488954,0.0008310961400107059,0.0037723021184631047,0.0008246284530859943,0.0010506038369859727,0.000793037404931408,0.0009199394946182709,0.0009946917621099464,0.0007746667153732918
P17568,3,137,M,test,3,0.0031437553976010097,0.003792092843689558,0.002363779457673559,0.9800519200671064,0.0019750116367538676,0.0017773181549580015,0.0022910536386392933,0.0011475227601039186,0.0016309588265835514,0.0018265872168908087
P17629,0,752,U,test,0,0.9937678844874352,0.0018703266236337493,0.0003035386481142134,0.0010553235575949638,0.00041814215693367643,0.0005327269519874037,0.0005648740000996134,0.0005163366035863541,0.00046647128640555925,0.0005043756842092359
P17936,2,291,S,test,2,0.0008158078155610207,0.000989834841731856,0.9941540977581629,0.0005991937286091964,0.0006206338259165441,0.0007199478132485435,0.0006038932413836137,0.00041181942142740714,0.0005434450983931951,0.0005413264555657029
P18153,2,321,S,test,5,0.012316807804093164,0.01928267540461118,0.014204274659264,0.017833557893378364,0.015908031607923787,0.8239334647695912,0.015939132195573552,0.006290809573600559,0.005054807549355938,0.06923643854260829
P18583,0,2426,U,test,0,0.9769094923004985,0.011643015249438178,0.0005361086408011799,0.004968628924190318,0.0008238795264470787,0.0013063101082420665,0.0012319677468229148,0.0009191040615614972,0.0008566991022768121,0.0008047943397214548
P18911,0,458,U,test,0,0.9947124609320469,0.0011059403064031137,0.00039937326358162063,0.0009617963699145354,0.0005810846859416556,0.0004836216049658882,0.0005188502197362851,0.0003579958535149804,0.0003579958535149804,0.0005208809103800558
P18965,2,260,S,test,2,0.0005764563913032459,0.0008893522138067661,0.9945290703495365,0.0004741800348461445,0.0004797695432512191,0.0007848505779352708,0.0005543726904551172,0.00043174582488002017,0.0007344244541947211,0.0005457779197909488
P19136,2,382,S,test,2,0.0007026073363539507,0.0013126432956293693,0.9932170244938979,0.0007081179725421308,0.0005001732382095477,0.0011205726650239656,0.0006080560255047056,0.0005493328138592478,0.0006944217086512362,0.0005870504503279151
P19236,1,280,S,test,2,0.0005808492525863717,0.0009263832980111132,0.9943094232287236,0.0004891240963187329,0.0005125976771224,0.0008668638040349746,0.0005542502110619201,0.0004350359598219946,0.0007755355076461758,0.0005499369646726688
P19269,2,512,S,test,2,0.0009134532610072574,0.0017954544770393752,0.990052673862697,0.0008349638946982484,0.0005433213847646491,0.0017538627736061118,0.0008853492625932309,0.0005348979210388378,0.00179720873958321,0.000888814422972056
P19427,2,201,S,test,2,0.0007092142421488454,0.0009413930745778222,0.9947546641757575,0.0005353430127255474,0.0005088363501009448,0.000590260485171141,0.000522941812458443,0.0003811008033907443,0.0005353430127255474,0.0005209030309434275
P19492,4,888,M,test,4,0.0012653294584118826,0.0005815773819816274,0.000993168381841372,0.0016215450693651842,0.987808400984883,0.0032185348893431697,0.0009970556055968142,0.0014226481081223835,0.0010907821571114569,0.0010009579633430987
P20084,3,86,U,test,1,0.039013321009690884,0.8741728461019128,0.005982886103153552,0.055449104348843904,0.002183852685660141,0.003278351340855562,0.008671110384085691,0.0028482808764980416,0.004883089853529381,0.0035171572957700503
P20385,0,510,U,test,0,0.9949781481454919,0.0010806097745294453,0.00040577084078104094,0.000853998297091571,0.0005333757299367561,0.00047254467044381004,0.0004913687104422901,0.00032860324602248766,0.00038118642434341435,0.0004743941609172464
P20422,6,97,M,test,2,0.008866110903298636,0.024999538680999685,0.6412928763158389,0.011339929065731592,0.007236308954638657,0.07964257228770015,0.18662685338368823,0.003783591594293445,0.028746204731832398,0.007466014081978377
P20482,0,1383,U,test,0,0.9949116537319749,0.0011496646822621137,0.00038415040954288424,0.000808495306145446,0.0004971276134097999,0.00047067094982189325,0.0005129081184135766,0.000381160951261702,0.0003752515928571111,0.0005089166443106432
P20659,0,3726,U,test,0,0.9951024244887808,0.0008863957069029214,0.00037826726467426607,0.0007914622697751132,0.0005110064036619788,0.0004991690024749995,0.0005251721113298135,0.00037826726467426607,0.00040266337639599363,0.0005251721113298135
P21396,3,526,M,test,3,0.0034205582752958865,0.005107359935108516,0.003000996293378663,0.9766229342209657,0.0017919768489600386,0.0014342802970583955,0.002700604484867538,0.0009857654755017818,0.00186336109413247,0.0030721630747310106
P21675,0,1872,U,test,1,0.002996332998889544,0.9875634748751011,0.0007524304808049643,0.0029542032310107026,0.0008593025255785591,0.0011883722155441383,0.0009890511674894749,0.0009890511674894749,0.0009005413089137782,0.0008072400291782951
P21745,2,268,S,test,5,0.007005096298199078,0.01318988828822644,0.005541487408666823,0.013608579273765102,0.006086133259469329,0.9319348801779559,0.004150382450859115,0.0034949723052370932,0.009271187240561763,0.005717393297059359
P21750,2,142,S,test,2,0.0010117880753560077,0.001772278416914847,0.9907258595562364,0.0007344793157950553,0.00048356857564875867,0.0008290294578927632,0.0009654548916143033,0.0006257842458021716,0.0019412467657767057,0.0009105106989630126
P21771,3,286,U,test,3,0.002403976447347697,0.0029591983281913076,0.0014652222221797112,0.9860684128385855,0.0010678002504398276,0.000949721246149332,0.001263100558675638,0.0008513246370441394,0.0014595099555988916,0.0015117335157879335
P21926,4,228,M,test,4,0.007935053195950198,0.008186938684467156,0.06096820914934819,0.010930997599303865,0.7427448187622536,0.06120682887990302,0.018630604080521817,0.011865485683650631,0.06490031988022806,0.01263074408437347
P22139,0,70,U,test,1,0.30326064432028255,0.632049482836843,0.0036426729120392727,0.04267679062552167,0.0024455747775854746,0.004463095976643512,0.0037000367984665506,0.002542995316238301,0.003043567030291516,0.002175139406088114
P22185,3,349,M,test,3,0.0019338887955994482,0.0023648268397901072,0.0012932896891118975,0.9862480920106277,0.0019076288777863902,0.0010976007922791978,0.0011192490340157812,0.0009278900300025484,0.001720036432909228,0.001387497497877746
P22509,0,327,U,test,0,0.9943538307672187,0.0010538855034653205,0.00043166975631542617,0.0011779926258694852,0.0005247770191633348,0.000474096507989179,0.000587722321784023,0.0003750412076430746,0.0004216701452328462,0.0005993141453185966
P22557,3,587,S,test,3,0.004923496251197147,0.005455138002060446,0.0020990394372599644,0.9784905027958609,0.0010269939365925994,0.0008784345443213489,0.0025919677396444734,0.0008648156400885045,0.0016031149538253187,0.0020664966991492642
P23248,1,255,S,test,1,0.004324645877297751,0.982511016198912,0.00164145050371171,0.005329805135611101,0.0006062193041380779,0.0012733791208701338,0.0013035763250208137,0.0008416521872097996,0.0009243741236479839,0.0012438812235806259
P23321,6,332,M,test,6,0.006215538693858037,0.005884753852552706,0.005152862326906205,0.05839829829400685,0.0016182564126705895,0.0025859662773088346,0.9063941721473521,0.0024675465101843246,0.00281802649668186,0.008464578988478522
P23369,3,157,U,test,3,0.004743882602109191,0.007212396469212097,0.0026223807012271667,0.9746235315381981,0.000924145074827208,0.001168228838515117,0.003584369196933041,0.0010889090236968191,0.0016997629372620517,0.0023323936180191696
P23385,4,1199,M,test,4,0.0018774292595100997,0.0009221622933422701,0.0012853064109424905,0.0019107227579705714,0.9878475964009406,0.0017465420116278792,0.0010490365308213627,0.0012360671580487145,0.0010127971429087013,0.001112340033887376
P23432,2,351,S,test,2,0.000693190410170737,0.0013921024008507177,0.9914559001347207,0.0006692438355398023,0.0004764223348603728,0.001386675118289048,0.0008427052926557502,0.0005032022839363354,0.0018426608006384849,0.0007378973883380046
P23433,2,351,S,test,2,0.0007480326707737446,0.001643454932261019,0.9894916571803546,0.0007839314873481795,0.0005263066616856968,0.0018209161126660769,0.0009756184448257046,0.0005690731670356574,0.0026032525355530853,0.0008377568074962797
P23501,5,404,M,test,5,0.0010498216584075265,0.0012663265756731729,0.0013065240894974204,0.0016841761078671058,0.0033559323301878257,0.9770694785660694,0.0017444385017434017,0.0020634956593767197,0.008420351315260262,0.002039455195917204
P23604,2,213,S,test,2,0.0006402798632842957,0.0009425831077463722,0.9940687066886318,0.0005084854576194941,0.0004522563420371348,0.0008449260929239745,0.0005968064889496364,0.00042485549736944893,0.0009029393312440255,0.0006181611301938692
P23605,2,214,S,test,2,0.0006503586203797881,0.0009389023779684722,0.9940623659529954,0.0005084822196671408,0.0004522534444970143,0.0008449206959361596,0.0005921582935231892,0.00041826604943399513,0.000918945764971796,0.0006133465806270886
P23685,4,970,M,test,8,0.015070361230578061,0.009768238713013596,0.010982727059132684,0.17864242754506326,0.1025857201360163,0.014778874043732,0.01512934374879743,0.009320918915819881,0.6284137040458923,0.015307684561954499
P23757,0,370,U,test,0,0.9940069157913508,0.0016720474319529724,0.0003929026957603748,0.0010052737139751389,0.0006352576366953639,0.0005184821509372702,0.0005124417074197614,0.00038984507556887233,0.0003929026957603748,0.0004739311005790456
P25008,0,267,U,test,0,0.9938686482037586,0.0013051932498566227,0.0003549086258130879,0.0012824509374072968,0.0005805917780125954,0.0005605349338828982,0.0005605349338828982,0.00045571168038447616,0.0004416909117549776,0.0005897347452465486
P25046,0,220,U,test,0,0.9934867355409162,0.00224661339497629,0.00031308539603495933,0.0009184136501005165,0.0004346760160330602,0.0005537916457612001,0.0005494819496279003,0.000589508106946739,0.00046271022849260084,0.00044498407111061555
P25107,4,585,M,test,4,0.00125241026200218,0.0005557537199196163,0.0012972234097872342,0.001455661755841352,0.989247879944754,0.0022428380811083926,0.0009490689468252035,0.0009830281118446995,0.0010670668210920912,0.0009490689468252035
P25189,4,248,M,test,4,0.0014423636865371044,0.0006083541531242121,0.0019145571434959843,0.001303066936294286,0.9859710117071544,0.004141138309043967,0.001051141740726016,0.0012629758286526315,0.0011864559228974565,0.0011189345720739761
P25338,5,174,M,test,5,0.0012375606703132944,0.0015952787679611553,0.001540169150495078,0.0023576692216053415,0.0032989723333302265,0.9775185183570332,0.001620400729250224,0.001765812549501884,0.0065607895518065215,0.0025048286687030575
P25371,5,1049,M,test,4,0.0014244624876404819,0.0006650293143616546,0.001446894555265583,0.0022674102056138936,0.9737341679772475,0.01016182884682009,0.0011855429812665224,0.0023031166462890744,0.005010857547683728,0.0018006894378114066
P25625,5,357,M,test,5,0.001466321389618801,0.0012640480405410742,0.0013828727992243595,0.0008322275051188317,0.003821964485610299,0.9791286272446931,0.0010117312417273494,0.006221862396414044,0.003889741246839039,0.0009806036502131472
P25626,3,169,U,test,3,0.00855710707553034,0.011425236253058274,0.002855097179664182,0.9661553108564428,0.0013752521453924737,0.0011050461075015757,0.00306307223797558,0.0011855413720168143,0.002080690054838771,0.00219764671757924
P25681,2,61,S,test,2,0.0008998823404401142,0.0007956959697744772,0.9945806884567396,0.0004742046582879139,0.0005208119455320461,0.0005675486284222057,0.0005653360385451048,0.0004217663596913542,0.0006065169741449438,0.0005675486284222057
P25684,2,60,S,test,2,0.0008162932675199992,0.0007804352489537215,0.9947457222158332,0.0004669302659827771,0.0005208983196776654,0.0005632254219783661,0.0005676428018538843,0.0004056760675268134,0.0005743340060469313,0.0005588423846265868
P25846,3,959,U,test,3,0.003506742615395553,0.006014891972267948,0.001600025691647138,0.9804271847260935,0.001260789862485933,0.0011390286500579498,0.0016125747958862602,0.0010370973878867814,0.0016443799229275708,0.0017572843753513962
P25931,4,464,M,test,4,0.0014882430810465928,0.0007196673385498434,0.0008446694518080309,0.0015294988075635887,0.9898924613231795,0.0016570156081341088,0.000825102655977349,0.0009646427143104905,0.0010677621235833789,0.0010109368958470572
P25961,4,591,M,test,4,0.001267733945249965,0.0005559996183917507,0.0011363894101198016,0.0014197945862709906,0.9896855650221592,0.0020522164955499586,0.0009060086174850299,0.0009950557421878887,0.0010428095385837503,0.0009384270240016934
P25976,0,765,U,test,0,0.9949754052318467,0.0008293394577054335,0.00041539228962065813,0.000752178221535255,0.0005927022177403342,0.0005149486022302968,0.0005375575045030057,0.0004026119833047689,0.0004252430044876819,0.0005546214870258561
P25997,1,1050,S,test,1,0.00283722028626492,0.9879263105229741,0.0007410372090279377,0.002542647162794647,0.0006539630932074673,0.001143266385066412,0.0010951820867238474,0.0008869054829739503,0.0010994684986417277,0.001073999272324999
P26016,7,1269,M,test,5,0.005486845877534634,0.001876859079098263,0.0016434327421828933,0.0023911806816792583,0.006973377311236724,0.9646710590602244,0.0018333816824201094,0.00788645339855741,0.005741047576017224,0.0014963625910491012
P27091,2,455,S,test,2,0.0007059147800087107,0.0009573624199741125,0.9940020541318567,0.0005628043585561291,0.0006579849559710374,0.0008993587693763416,0.000545488683130286,0.000414985926254221,0.0007455945983626381,0.000508451376509822
P27614,8,576,M,test,5,0.0037307535505124285,0.008053778413830408,0.013382580635740061,0.006650786634730695,0.0064967216714166874,0.6678811098682433,0.011626988278492961,0.08229910319787982,0.1943644819250484,0.005513695824105216
P27661,0,143,U,test,0,0.9951383546789498,0.0008214143426168724,0.00039954425086452316,0.0008039550117556855,0.000509032606494659,0.0005031021767700686,0.000509032606494659,0.0003666424265212014,0.0004154602928039664,0.0005334616067284952
P27684,6,142,U,test,6,0.016566516160365703,0.02789310997971307,0.015769333871113116,0.05345126397429967,0.004781277656568607,0.006690209926083561,0.8492853893489443,0.004744069458574968,0.0069295956739807395,0.013889233950356322
P27882,3,189,S,test,1,0.003387910044656508,0.9806169839980148,0.0029549875147156165,0.004056778040280969,0.0013849748868632007,0.0015816908315385266,0.0019684460689646825,0.0011128584800990675,0.0012318220238023633,0.0017035481110642384
P27929,3,486,U,test,3,0.0018361131266268352,0.0019018121120887418,0.0015132982191625609,0.9870890762985295,0.0012065065998350657,0.0009581607677064997,0.0017900800646434337,0.0007759422129996425,0.001421612191213359,0.0015073984071944135
P28037,1,902,S,test,1,0.0024868415134335375,0.9877093201081228,0.0012310758397262754,0.0020416286864144415,0.0008329875988428683,0.001285126557360327,0.0012310758397262754,0.0008729634673229562,0.000852741305390254,0.0014562390836602042
P28241,3,369,S,test,3,0.0017258547696585049,0.0024007963278574497,0.001392190887891953,0.9857262098135627,0.001419649303424404,0.0013129610667873435,0.001392190887891953,0.000949391661284107,0.001464713789662468,0.002216041491979042
P28263,1,218,S,test,0,0.9936110743412172,0.0014743590106529448,0.0003806626622657912,0.0013423371623328085,0.0005669953743291595,0.0005965317470024221,0.0005849937076157086,0.00042465991391856954,0.0004148226733425837,0.0006035634073228364
P28272,1,314,S,test,1,0.0024222280193496063,0.9877503634453649,0.0009969970099844724,0.00220761869925728,0.0008330222436984564,0.0013208063480006837,0.0012505143101651623,0.0008798467568056641,0.0009969970099844724,0.0013416061573892184
P28288,9,659,M,test,4,0.007080426853426532,0.0025643607703164577,0.0025049575205762726,0.01981880259106854,0.8056982034422105,0.020729399566324264,0.002905801574084022,0.02185188920349446,0.10903939496932741,0.007806763509171466
P28290,1,1259,S,test,1,0.0020971876385238726,0.9891511648339942,0.000945276509497019,0.0021033406534799056,0.0008880050649187435,0.0008674344208948561,0.0009526903605010583,0.0011402210525361435,0.0009526903605010583,0.0009019891051531367
P28715,0,1186,U,test,0,0.9944457976011677,0.0013077059191009329,0.0003869820954106754,0.0010581080639372588,0.000466789493551451,0.00047785907854957756,0.0005674716747305922,0.00036926088739323013,0.0003721570390037252,0.0005478681471549034
P29352,1,802,S,test,4,0.01916951356015722,0.04871263462763752,0.008905950199362186,0.008767876036685943,0.8839282588970812,0.013200759248359159,0.003163134283502064,0.006748875752357579,0.0023876589785394265,0.005015338416317745
P29374,0,1257,U,test,0,0.9947682846075138,0.0011929576557385387,0.000358015947296648,0.0009865849503980309,0.00047244499351354534,0.00047429410542380586,0.0005088432924511476,0.0003524654392482743,0.0003871075839122159,0.0004990014245040108
P29692-2,0,647,U,test,0,0.9946441118906197,0.0013809823857304972,0.0003014420347332612,0.0008290633116220054,0.00045606724343555226,0.000493126254721434,0.0005167919167774392,0.0004596442204228722,0.00043518239402343535,0.00048358834791380775
P29786,2,254,S,test,2,0.0005994153541244099,0.0008619834280768846,0.9945217729029081,0.00046682516629408145,0.00047976601034957435,0.0007696645029376665,0.0005565383089833743,0.00042174138133687923,0.0007547778931231079,0.0005675150518659537
P30082,4,485,M,test,4,0.001363939867965286,0.0006293548684832884,0.0012614380462750176,0.0014863372997183269,0.9886248673694075,0.002384674816204996,0.0010705686190472545,0.0010831881555442796,0.0010457688974497756,0.0010498620599043232
P30181,0,916,U,test,0,0.994872251511537,0.0011518667430708222,0.00035250228252495523,0.0008707491497155236,0.0004669896615659747,0.0004894009811212293,0.0005049361999067334,0.00037817977977727045,0.00041211691582885586,0.0005010067749515902
P30288,2,48,S,test,2,0.001065018059898764,0.0008000019418072441,0.9941209684387609,0.0005267075315616218,0.000558491412047507,0.0006133827405309459,0.000625480676964646,0.0004215714167673327,0.0006453355978282737,0.0006230421838327952
P30292,2,499,S,test,2,0.0028998964445117437,0.007212443730481867,0.9511233605912912,0.005271586204511771,0.0019092420288757544,0.007675732562467804,0.004202875184191063,0.0011670961888206209,0.015738048817967355,0.0027997182468808474
P30307,0,473,U,test,1,0.0031062212523757073,0.9872087444900491,0.0008260863754471967,0.0023717582356916718,0.0008325654714913722,0.0011469073347674355,0.0012352677460240981,0.0010042655911991064,0.0010280810276386912,0.0012401024753155294
P30409,4,228,M,test,4,0.007910793554410055,0.008098393561619609,0.060781813740104336,0.010855093124454892,0.7462817060452354,0.06101971074776743,0.018250010407761256,0.011645814758941298,0.06271123819345412,0.012445425866251629
P30429,3,571,U,test,1,0.0030310287092785468,0.9867577092874317,0.0012250949099163696,0.002192515677285044,0.001857133025777324,0.0012889134409763202,0.0007401606519367822,0.0010196144134765849,0.0010685466842985227,0.0008192831996228848
P30518,4,371,M,test,4,0.0013753367254613277,0.0007361647178136653,0.0011094393458188972,0.0015134650242141431,0.9891278577781346,0.00187619446087147,0.001026063736439078,0.0011008056359308428,0.0010381585904108632,0.001096513984905087
P30536,3,169,M,test,9,0.006324194905095028,0.01067409955221428,0.01307818028181705,0.015111809758269984,0.017806062665553502,0.16828058840262403,0.022377468885240046,0.012825224685939107,0.057478674371731237,0.6760436964915157
P30543,4,410,M,test,4,0.0014447820847307874,0.0006864773212773392,0.0010305244281580115,0.0014848329155207891,0.989555049700185,0.0017771123381419734,0.0009129941328328607,0.0010426720183393434,0.0010549626829582043,0.0010105923778556862
P30627,1,159,S,test,4,0.06642289237005251,0.1682557258222195,0.06941965734669225,0.051214972656463256,0.39892216179408335,0.13052683631054487,0.04321164492925702,0.03710554415751287,0.01766488641878971,0.017255678194384637
P30936,4,428,M,test,4,0.0013625252595022526,0.0007194040754791663,0.0010304988419787865,0.0014761213598184423,0.9895303975673061,0.0017840232612596203,0.0009605305508727338,0.0010264813489276555,0.001042646083211102,0.0010673716516440997
P30974,4,504,M,test,4,0.0013813274990187373,0.0007082743024979171,0.0009273794026239644,0.0015082282310416894,0.9895632751876423,0.001855152405446604,0.0008953426631166871,0.000979507796638354,0.001109927763800599,0.0010715847481731408
P30975,4,519,M,test,4,0.001473195939582699,0.0007839381356255584,0.0008643574182690449,0.0015835985069295702,0.9895000496121851,0.0017752790943895299,0.0009023072348669299,0.0009948692155063224,0.0010757102125785532,0.0010466946300667311
P30989,4,418,M,test,4,0.0013261615421905333,0.0006552165669248932,0.0008059301696227582,0.0016027834366776953,0.9898199357235321,0.0017128317708136683,0.0008782528966716542,0.0010108628692371696,0.0011409920313150581,0.0010470329930145127
P31272,0,232,U,test,0,0.9950667223440062,0.0009696849931699213,0.0003933215944808833,0.0007852749013672417,0.0005313435528698635,0.0004972051062597786,0.0005011047288145578,0.000358123360903788,0.00040580696412238575,0.0004914124540053722
P31361,0,497,U,test,0,0.9950006742737052,0.0010181403683485403,0.00041217013186314595,0.0007093896058983297,0.0005655747546935453,0.0004933030072927742,0.0005069779095229313,0.00038119503738100164,0.00041540284026344454,0.0004971720710311104
P31374,1,1356,S,test,1,0.002936468257399834,0.9883681826220924,0.0007709014571713718,0.0023127516943466826,0.0009445282313692154,0.0010414214109088292,0.0008206203501075483,0.0009371778254974068,0.0010212785316276258,0.0008466696194790934
P31424,4,1203,M,test,4,0.0024680064272619125,0.0013431428095562654,0.0019052661760170684,0.0021130603055994368,0.9850265282808879,0.0023252800800110393,0.0012134284355233304,0.0014522836860501017,0.0008912378597970899,0.001261765939295827
P31431-2,2,153,S,test,1,0.0053532353888420675,0.9829829392742098,0.0008225502560642641,0.0042347578127351045,0.0008963644479901969,0.0014101790194301271,0.0011690795976476418,0.0011968035608191845,0.0011242928714174562,0.0008097977708442097
P32259,0,974,U,test,0,0.9933347038265441,0.0018297744358711546,0.0003255074825456549,0.0014767403710890198,0.0004810688802635095,0.0005451224640717202,0.000540880289009615,0.0005002324753698037,0.00048864460864349,0.0004773251665919689
P32288,1,370,S,test,5,0.015746976124325504,0.22428067014719522,0.02763680183342683,0.18960245172364962,0.03143916813319539,0.22959934125547057,0.05213903658649825,0.04468406809749743,0.12337666667707264,0.06149481942166854
P32307,4,370,M,test,4,0.0013597989848090678,0.0007027040885043224,0.0010425940263383915,0.0014905329181475644,0.9894810354014318,0.0018262391805906686,0.0009604826374264615,0.0010714957581578713,0.001018442388626113,0.0010466746159677233
P32316,1,526,S,test,1,0.11417616338778866,0.6885704360023401,0.008977970835830516,0.1355875542351205,0.005424184698522155,0.005640259935243627,0.01189387779195548,0.00833576333263089,0.012860349490167951,0.008533440290400112
P32334,4,1306,M,test,4,0.0035325262569026344,0.0019971092362441436,0.0030452280260491143,0.011938718878760059,0.8779927344956722,0.06021676484132021,0.0032926767046859667,0.011742153008134333,0.02223921157391201,0.004002876978319338
P32335,3,436,M,test,3,0.0036432608688140096,0.00613866710936341,0.0015220778570419723,0.9812491117154263,0.001281718048111803,0.0009160025676223913,0.0012230237700939974,0.0009982029621863574,0.0016202433327140422,0.0014076917686257772
P32340,3,513,M,test,3,0.0023180539049165796,0.0027420252233984334,0.0015411438207404875,0.9858087612114058,0.001464836489873488,0.001010706851822248,0.0013130709614723299,0.0008184953239518115,0.0015351355097394932,0.00144777070267929
P32354,0,571,U,test,0,0.9945513134715371,0.0013055318049962573,0.00034154671740401903,0.001027667503771724,0.00045247588791724297,0.0004854357745712355,0.0005187661530137912,0.0003900585862355621,0.0004184717848546205,0.0005087323156983902
P32378,3,372,M,test,3,0.0023079601581622463,0.0019818293400992396,0.0022899995997745443,0.9757819361546413,0.006485489181580299,0.003010147676257083,0.0023443054924302924,0.001410827821974427,0.0022108907208091633,0.00217661385427143
P32389,0,672,U,test,0,0.9946631601907281,0.001403441774958237,0.00034696431426315587,0.0008470841481987822,0.00047055340042228633,0.000472395061564718,0.00047796352611129107,0.00041203031680331223,0.0004284437408388836,0.00047796352611129107
P32418,4,973,M,test,8,0.017677223573285692,0.011502789504867635,0.012388991376593581,0.21036404684728455,0.09047643975133358,0.014540887654436941,0.016933743162955987,0.009028642572889366,0.599271365989318,0.017815869567034685
P32447,0,279,U,test,0,0.994984125405563,0.0008932415874274557,0.0003994823393190297,0.0006848720781247059,0.0005589763030452616,0.0005230624681852667,0.0005312994340780826,0.00045622316577876275,0.00044565475029319137,0.0005230624681852667
P32478,2,413,S,test,2,0.0006378168192219658,0.0011459492921094556,0.9941204659832151,0.0005045546224251201,0.00042157118686620483,0.0006736688401248693,0.0006062363677169669,0.00048522548713724145,0.0007814695496439549,0.0006230418515390753
P32480,0,875,U,test,0,0.905168715066547,0.06256752402483687,0.0007060080208955506,0.016971897016222547,0.002226228306926445,0.0034886945679580726,0.001919128918349887,0.003368175854349735,0.002464210297998965,0.0011194179259150195
P32497,1,812,S,test,0,0.9918471525325846,0.0024299003867490226,0.00032756918782615463,0.0015528567985504315,0.0006240500170958949,0.0007556941927689848,0.0006880673766317257,0.0006539987862095941,0.0005275595389238565,0.0005931511826596911
P32527,1,433,S,test,1,0.002586067513222086,0.98680681459037,0.0010854278424095745,0.0025016116790925382,0.000751853956709906,0.0015487420221695525,0.001329894111758424,0.0009806023512011902,0.0009653995559997183,0.001443586377067015
P32569,0,687,U,test,0,0.9934562570896736,0.001970985814798698,0.00028505873959734835,0.0011429491818151162,0.0004279238657604966,0.0005826222318978495,0.0005603023862825753,0.0005849025753875797,0.0004887043970166584,0.0005002937177700721
P32621,7,518,M,test,7,0.004664632669882793,0.005244587748337628,0.010803313407055894,0.005805229524163911,0.009459697071320917,0.06241210043327521,0.005805229524163911,0.7087101610909371,0.18201181987531914,0.005083228655543528
P32634,1,1753,S,test,1,0.0028350122581743365,0.9877601592122345,0.0010696322650842955,0.0022777184244336126,0.0010448541973280708,0.0008330304842358508,0.0008662146106060126,0.001183975034913374,0.0013156702054315636,0.0008137333075584401
P32793,1,468,S,test,3,0.12446872591768826,0.14298308187306172,0.06197858082310085,0.29223844939706806,0.09195690576348313,0.04309933271357795,0.02271175380418278,0.12667599748741856,0.052600535811811476,0.04128663640860722
P32837,8,571,M,test,4,0.009327624976603081,0.004237264418437692,0.015408719044599974,0.011791222794677444,0.5907647642722247,0.2747311309430625,0.00732133634754272,0.032429684134738616,0.043981172390176945,0.010007080677936304
P32860,3,256,S,test,3,0.026477209346478507,0.05024491418459228,0.004673504773331621,0.8906124000118414,0.004655284376521917,0.0029246046559809127,0.006071635709399287,0.0030174416941725797,0.005816270757260986,0.005506734490420514
P32902,3,394,U,test,3,0.0022127507135986197,0.0026926491265345993,0.0014539944162960464,0.9861868567107483,0.0012881677761609064,0.0011191795287325212,0.0012534215280719345,0.0008853438728575341,0.0015417348976573201,0.0013659014293421682
P32905,1,252,S,test,1,0.04013124747787813,0.9205466862717234,0.0012405969574611037,0.02322618229674208,0.0019065211025446457,0.004432794521351861,0.001998017023835349,0.0023727039182289637,0.002354239517350433,0.0017910109128839724
P32907,4,282,M,test,4,0.0030706953245460255,0.0010695269672495167,0.0022465686145909667,0.0030947790953117487,0.9572757608623585,0.015233036348480678,0.0018770782296018084,0.007266190451161402,0.005936286394334582,0.0029300777123647693
P32916,5,621,M,test,0,0.9876291908515241,0.004347174497356466,0.00047830571597082933,0.0036322002409593297,0.0006436306386830605,0.0006640617608184012,0.0008361798960167811,0.0005335885301117596,0.0005505265522526161,0.0006851413163066032
P33203,0,583,U,test,0,0.9948118575135045,0.0009992335405146836,0.00038411187993973926,0.0010021653445790788,0.0005332865911440339,0.0004597217551783266,0.0005209329439116078,0.0003443157014891656,0.0003963049030990296,0.0005480698266397988
P33313,1,385,S,test,1,0.0021241801805541942,0.988278026640483,0.0008334672351008997,0.00247132180008701,0.0006802561250208907,0.0014233244820918904,0.0010743816848169823,0.0009011928919042896,0.0009820643406158818,0.0012317846193248868
P33417,0,597,U,test,0,0.9950175668390698,0.0010711962712729173,0.00038419132176061564,0.0007177638596261272,0.0005460460043448705,0.0004952421782775143,0.0004971805517843298,0.00037237100358430655,0.00040896951054240097,0.000489472459737048
P33442,1,255,S,test,1,0.009522482164577607,0.9675328484097748,0.0022617879672934505,0.012664615632931066,0.0007605692063686635,0.0019421816804801614,0.0017546149370089783,0.0009465436792181885,0.0011597295942409325,0.0014546267281061705
P33891,5,701,M,test,1,0.0021560724659346235,0.9885290100383918,0.0006147162959968539,0.0022463436880568962,0.0009670843556299275,0.0012035560306403134,0.0007831688361060738,0.0012712084573280565,0.0014517656863164456,0.000777074145598987
P33893,3,541,U,test,1,0.041857992147244366,0.5778317559106603,0.011992515288153947,0.26455066100788605,0.014075545856273656,0.020842979119028507,0.011265925341582397,0.009267098442969815,0.0330962321366413,0.015219294749559737
P34216,1,1381,S,test,1,0.0022630826830916558,0.9881450051705302,0.0007828645847625557,0.0017642125224993843,0.0010411862869604308,0.0010452612889326257,0.0008598085359112645,0.001575264399399885,0.0016834234314340771,0.0008398910964780043
P34250,4,1132,M,test,4,0.0012721807982230488,0.0006248741884124986,0.001252457361821508,0.0016463242225368095,0.9892850997220585,0.0017628017298208212,0.0008278238472030966,0.0009127450553226605,0.0012573593790210387,0.0011583336955800412
P34343,0,1129,U,test,0,0.9945879304343508,0.0011753969053774436,0.0003208652394278092,0.0010541335654304872,0.000477927373127318,0.0005147480607304128,0.0005107422088966051,0.0004385708101828739,0.0004454772957206662,0.00047420810675563986
P34611,1,851,S,test,1,0.0023478288332347435,0.9887680254064564,0.0008019349445751304,0.001961684525426755,0.0012085586886962714,0.0012814884716712562,0.0008603506457823364,0.000944910378832653,0.0009375570042598698,0.0008876611010645667
P34982,4,312,M,test,4,0.0012625177807424593,0.0006105137379274491,0.0013731294511399677,0.001493431998728658,0.9894710923177058,0.00175112150829404,0.000938223630338669,0.0008917689103948783,0.0011450540208178285,0.0010631466439102464
P35035,2,274,S,test,2,0.0006610448794069258,0.0008356390578562902,0.9947313554638985,0.00046148371685011833,0.00047613278137782306,0.0006636321518528447,0.0005501703394237841,0.0003993808544521502,0.0006688370811451587,0.0005523236737364643
P35036,2,277,S,test,2,0.0006089741185608456,0.0008521079417623632,0.9947166506017621,0.00046328304029580564,0.00045255111851900866,0.0006767111347543325,0.0005698478576245127,0.0004088458352181469,0.0006767111347543325,0.0005743172167486134
P35037,2,275,S,test,2,0.0005879350344190729,0.0008604674932281548,0.9947137216909168,0.00045788427724223203,0.00045788427724223203,0.000703666124962931,0.000558824393723624,0.00041528302162655034,0.0006767091095093574,0.0005676245771290714
P35038,2,275,S,test,2,0.0006610394970094654,0.0008323744337215856,0.9947232325142972,0.0004596808078140491,0.0004742726283566414,0.000682023131636607,0.0005437562089002804,0.000399377596523623,0.000674077318102804,0.0005501658636377447
P35039,2,274,S,test,2,0.0005948718188706643,0.0008689209378214778,0.994724336152364,0.0004650998757583115,0.0004632866198041411,0.0007119682870829962,0.0005501664725151635,0.000415287447427209,0.0006558959158409182,0.0005501664725151635
P35040,2,273,S,test,2,0.0005925430067226085,0.0008689067928475618,0.9947081160721095,0.00047057465283178453,0.00045609660406181496,0.0007175406326105345,0.0005610084263863469,0.0004088423474209692,0.0006662139354450168,0.0005501575295638704
P35041,2,267,S,test,2,0.0006307665959442393,0.0008356299833461938,0.9947205144239644,0.0004596795444460099,0.00046509809590244126,0.0006954729129743829,0.0005501643479092957,0.0004056657715947936,0.0006846906416811566,0.0005523176822371421
P35064,0,138,U,test,0,0.9951639178049274,0.0007807633729141937,0.00040584659070350425,0.0008230414065487509,0.0005190856795882698,0.0004991998447570763,0.0005070610813455121,0.00035537117119838023,0.00041223773443141995,0.0005334753135855329
P35476,6,99,M,test,6,0.006617403462489313,0.013764941838636809,0.02186780721203368,0.006216475127177436,0.006643303078954731,0.02123644125461976,0.8942211132330459,0.004477559352541123,0.017485688404844015,0.007469267035657249
P35477,6,99,M,test,6,0.006515715089187536,0.014249014270053777,0.020545757732938295,0.006002557761895719,0.00682841082582965,0.02256509971157369,0.894345318125226,0.004766998679367862,0.016768957951042114,0.007412169852885329
P35523,4,988,M,test,4,0.001822329171432345,0.0010282412001992292,0.0008726570181068081,0.002077104442530883,0.987362584593493,0.0018582714693179338,0.001081805051829841,0.0011515756618546528,0.0014557279076980686,0.001289703483537262
P35525,4,907,M,test,4,0.0020496591450959315,0.0006178279990014637,0.000678551285475475,0.002937435272055106,0.9858012718845667,0.002037684663737832,0.0009347438938649213,0.0013977461911981574,0.0023067451829738355,0.0012383344820306073
P35590,4,1138,M,test,4,0.0022812526125927496,0.0010608809929669274,0.0012897033491992707,0.0018510265034074524,0.987362421578259,0.0019474514554236625,0.0009584260763014136,0.001235459977219253,0.000914536567015073,0.0010988408876151177
P35723,5,206,M,test,5,0.001930257717262855,0.002989641877964251,0.003335186250543029,0.0027649666266402442,0.005751440844168128,0.9393175041106139,0.004086355537386883,0.004038748197089566,0.01824237694064237,0.01754352189768875
P35731,3,278,U,test,1,0.0035976358710528137,0.9868664364114376,0.0011112351942527154,0.0026167092309811874,0.0008654308290809827,0.0010940071242650342,0.0010770461110154112,0.0007818516161248256,0.0008999057119224422,0.0010897418998670515
P35997,1,82,S,test,0,0.9900712534097766,0.0031144674927526456,0.0005024994992443297,0.002857995904365648,0.0005783734238943427,0.0006352188552788483,0.000728282085591441,0.0004400032968088253,0.0005024994992443297,0.0005694065330429648
P36008,1,412,S,test,1,0.003102558708634308,0.9853830023564734,0.0009416754731038323,0.003984007408115742,0.000647203472377064,0.0016462486540204083,0.0012186185844303722,0.0008915604188211146,0.0008777380189751802,0.0013073869050485869
P36029,7,618,M,test,4,0.001272334089436375,0.0005645947975631563,0.0006652553300231278,0.0017390744873069894,0.9894043138596437,0.0020531366757166,0.0008055917125055416,0.0010882849815385517,0.0013360013880006133,0.0010714126782653416
P36041,1,632,S,test,1,0.0027319667314531725,0.9841127662943874,0.0029568461466334206,0.00244414063779113,0.0019987494762708944,0.001305701549642106,0.0008973947114973938,0.0012655294271216632,0.001040995998182506,0.00124590902702038
P36046,3,403,M,test,3,0.003757310959308505,0.007186045773368066,0.0025029085720802385,0.9710627000969767,0.0021916200996491705,0.002880830138393184,0.004118546719931308,0.0016286737516475794,0.001733714233765519,0.0029376496548797672
P36062,8,692,M,test,4,0.00613826102270087,0.0019239593783169297,0.0023757724869603166,0.012822941114310215,0.8327202310433363,0.03774857570715121,0.0036226208798303453,0.006767946384472067,0.09126435340299177,0.004615338579930046
P36080,0,434,U,test,0,0.9949020214496892,0.0009828708187428672,0.00042190261187812877,0.0008931678757666028,0.0005129031489885897,0.00048182791588183456,0.000531255614945896,0.00034434690786910545,0.0004025822981484168,0.0005271213580893098
P36091,4,449,M,test,8,0.012412698458968885,0.005154209864339032,0.0044086293056016254,0.028691779001596737,0.29722852594397264,0.0436643750433909,0.004620203916158483,0.0806254028756085,0.5135648437114702,0.009629331878893024
P36103,1,277,S,test,1,0.004606333734985922,0.9850246085724762,0.0006675049914363326,0.003615552695868429,0.0008372388863080878,0.0013171615343029071,0.0009052710716272503,0.001091965282545047,0.00113546433484769,0.0007988988956021194
P36156,1,370,S,test,3,0.08352533903365741,0.3103343057944461,0.10314003244911742,0.35999408658686965,0.013635136834962177,0.051786153808366514,0.03182672580823613,0.010786281132249618,0.009298355717750157,0.025673582834344823
P36517,3,319,U,test,1,0.0034177286145447515,0.9847899349672827,0.0012964319854123383,0.003300266031476915,0.0007562020784259692,0.00129137758185766,0.0016197504822305184,0.001025562078627768,0.0011440971959552093,0.0013586489841861437
P36533,3,70,U,test,3,0.004334690963456,0.006118866590778173,0.0033824606664707344,0.9695252737770952,0.0011530740839423939,0.0012274410061383393,0.008756316232295386,0.0013693094897833044,0.0019614451952873336,0.0021711219947531182
P36534,3,297,U,test,1,0.0034208237993364563,0.9872471996912122,0.0008391280028893434,0.002657643995198812,0.0009964891689296627,0.0010859122095843825,0.0009734054636920327,0.000819689610957423,0.0011335895269218102,0.0008261185312778813
P36589,1,240,S,test,1,0.017492698138624755,0.9476365661294034,0.0008117775544815946,0.016954503540541378,0.00199353316149792,0.00494368835714868,0.0016144124308817473,0.003512453588179448,0.0037830614925663296,0.0012573056066747484
P36618,1,299,S,test,1,0.0029600195061306564,0.988059262195012,0.0007071978191276909,0.0027644352619823026,0.0007827966424545653,0.001236332015043813,0.0007827966424545653,0.0008664769003553674,0.0009742061170836865,0.0008664769003553674
P36626,0,561,U,test,0,0.9945695317294773,0.0008946149397576406,0.00041522281960577325,0.0011331102192388004,0.0005855580515205651,0.0004969566631937546,0.0005127317569132073,0.0003993158855117474,0.00043856269864984954,0.0005543952361314539
P37173,4,567,M,test,4,0.0011321353495650022,0.0005223946432092091,0.0010429720433190613,0.0011589831664014394,0.9898397517473585,0.002415528422098346,0.0007660410751980452,0.0010470540299965662,0.0011365663493630624,0.0009385731734907638
P37254,1,787,S,test,1,0.0029353617763185637,0.9871217476298333,0.001120240528971462,0.002709716987840662,0.0006637205280913203,0.0013045876810760723,0.0011558007527006457,0.0008260135544706649,0.0008324920670436011,0.0013303184936537143
P38064,3,232,U,test,3,0.001596070827354269,0.001947922750100896,0.0016857867608545938,0.9856744416639815,0.0012381750867547496,0.0010841822959004525,0.0029078046814951385,0.000877997605845563,0.0014646368811666568,0.001522981446546138
P38070,1,525,S,test,1,0.002919667948328975,0.9880058831378682,0.0006695252469827768,0.0027498142366181766,0.0008869768853539996,0.001179652509931457,0.0008267534236338128,0.0008939335170459037,0.0010410396706028782,0.0008267534236338128
P38126,0,564,U,test,0,0.9925174163756674,0.0022976460491849126,0.00034893123014981356,0.0017668351045346383,0.0004920718811586248,0.0005663712875735979,0.00058207164096848,0.0004732209214974588,0.00042751946461010984,0.0005279160446549417
P38166,7,215,M,test,7,0.027420060389907328,0.004406804633247612,0.005441677227596785,0.008297567159198606,0.06526542378979008,0.21067934983084735,0.006312456374144457,0.6489381118568346,0.012952319195583472,0.010286229542849707
P38172,3,270,U,test,3,0.002825861785962403,0.004863615659821383,0.0016742676683008662,0.9827707158702291,0.0009102835699374574,0.0009689917534661487,0.001747776836363046,0.0010314863450108518,0.001466037695575399,0.0017409628153332783
P38175,3,177,U,test,3,0.0027347998490416096,0.0027901010893276517,0.0016782927699690246,0.985133366842815,0.0013967991029335421,0.0009789394276964092,0.0015221453523300615,0.0008373312953532022,0.0014355197733046312,0.0014927044972288717
P38204,0,145,U,test,1,0.004378260675292843,0.9850251295335765,0.0011178611558018902,0.0039246474324909925,0.0006419335982442659,0.0010919658474602672,0.001002044206180884,0.0008982266497058837,0.0009487163833467519,0.0009712145178997358
P38211,5,433,M,test,5,0.0011379883925015162,0.0013200895622544374,0.001513490236966363,0.0011203455325146825,0.004375154536551158,0.9795317317553477,0.0014329437492927055,0.0016237380011354635,0.0058018011477028565,0.0021427170857331577
P38212,5,213,M,test,4,0.008280762131927969,0.0061537402022959955,0.03653643503077036,0.007138463841665155,0.6840271073419668,0.19906323332452935,0.011586869592012593,0.02177433394075307,0.017598985904496742,0.007840068689581918
P38228,3,572,M,test,3,0.012239365258554269,0.0164056561564675,0.0021943972803280115,0.9572191976955843,0.0018623607747744728,0.0014168093241004511,0.0020776136259561466,0.0014504080649563014,0.0026573081173090728,0.0024768837019694427
P38247,8,162,M,test,0,0.8188231708470898,0.13159686521543212,0.0012310508354966827,0.02982563197005718,0.0025457637760918587,0.004831010547180001,0.002709951291811165,0.0037331155587576417,0.003046880055562799,0.0016565599025207464
P38257,0,691,U,test,0,0.9880450076503855,0.004053717801780145,0.00040294337439161993,0.0034538108791978355,0.0006240909214921685,0.0007889248061091909,0.0007706494077638405,0.0006591713928889595,0.0005726980466119356,0.0006289857193787662
P38287,8,376,M,test,5,0.028648348596883262,0.0061414250594129015,0.006588787285319603,0.014560872740729968,0.050426937319294506,0.5703822759471042,0.006851254493664904,0.295910438013735,0.014675076179153307,0.005814584364702335
P38291,0,140,U,test,0,0.9357721345544414,0.03656840237951446,0.0009976247873161753,0.01713926479192287,0.0013011479604024708,0.002153626578771167,0.0018931592665849051,0.0015694841340525702,0.0013635913976856296,0.0012415641493083802
P38292,9,413,M,test,5,0.009716585296609598,0.01199838241934475,0.01652846860984055,0.011905010811807608,0.1320537778214622,0.5647224198369727,0.009640970285313149,0.01571008938496949,0.03408021858722012,0.19364407694645985
P38310,8,465,M,test,8,0.003950853629490393,0.003541522196697851,0.0038292985631104997,0.02119190200718212,0.01044985255893735,0.01881169094241774,0.004955480670851532,0.012803426864971426,0.9152929200264102,0.005173052539930918
P38313,0,324,U,test,0,0.9919501974864356,0.002700462215291917,0.0003101685068307517,0.0016859911115519935,0.0005074017929767458,0.0006464466463152315,0.0005885963709691594,0.0005749615734140054,0.0005401264363379219,0.0004956478598766032
P38319,0,544,U,test,0,0.9942173815223634,0.0011732390923232942,0.000424919054528623,0.0012458610732206759,0.0005006769734887459,0.0004814963539360113,0.00056734134145509,0.0003691760747170083,0.00041833128539401726,0.0006015772285731686
P38324,0,304,U,test,0,0.8129656270564255,0.1266356196520578,0.0018491966275127644,0.042750305603657404,0.0023744156798678846,0.004070695300262347,0.0026905652564716926,0.002230556833140393,0.002337603755623916,0.0020954142349803003
P38325,3,134,M,test,3,0.0071568131199475854,0.009398271099698237,0.003963963424426103,0.9642832402728448,0.0016817293453482574,0.0014725712761187678,0.005827332816007586,0.0010360832866431898,0.0018615046508173086,0.00331849070814817
P38345,3,138,S,test,3,0.002270084969232838,0.0028224089453232257,0.0019645950461167692,0.9844498564701714,0.0012709176989436487,0.0011259705862487776,0.00217460832335348,0.0009555988866976148,0.001474290295818157,0.0014916687780941525
P38347,1,419,S,test,1,0.19086897785642018,0.7091642813821467,0.0019306123796446477,0.06805643055036562,0.0038394809395367914,0.008551599906347,0.004151468862143532,0.0056522629757705676,0.005166586662433747,0.002618298485191217
P38574,5,287,M,test,4,0.001399976811953348,0.0005858813066185951,0.0013675464130147154,0.0011788986397799177,0.9873745046544982,0.003724644036476117,0.0009325855834412478,0.0011293157233891835,0.0013100292102032238,0.000996617620625543
P38633,0,127,U,test,1,0.028357741149507388,0.9390794277409026,0.0008430534675334723,0.013928855144730874,0.0020382417780577203,0.00479491656423998,0.0017570743036370527,0.004006302805944834,0.003928813966881654,0.0012655730785644899
P38702,3,357,M,test,3,0.002518470052161763,0.0027337734479431814,0.0023844394560086054,0.9694962958625983,0.003037854939504905,0.00277682430164584,0.009069360288918358,0.0011440667397513786,0.0018425520679719732,0.004996362843495672
P38711,1,82,S,test,0,0.9899478102906087,0.0032004047057162996,0.0004985268514969457,0.002908315434541343,0.0005738009324147718,0.0006351396933313499,0.000728191265125304,0.0004399484430878514,0.0004985268514969457,0.0005693355321804605
P38732,1,585,S,test,0,0.9857448701119994,0.005112449982643837,0.0003896369215120397,0.003548214127691144,0.000722272770069049,0.0010842598018399364,0.0008120731024693313,0.0010632882806034024,0.0008444224167064206,0.0006785124844654726
P38742,8,1146,M,test,1,0.002581733321961412,0.98035441582396,0.0009442178303988697,0.0020866718471826435,0.0023737636512341275,0.0016378476244512975,0.0009442178303988697,0.0028914043416825774,0.005256148600105913,0.0009295791286242637
P38745,7,532,M,test,8,0.007883754432206262,0.003027608336670097,0.0036235725856324404,0.022283950462566555,0.07165303711219236,0.03217063792520808,0.0036235725856324404,0.022991319748945287,0.8264570699479575,0.006285476862988922
P38805,0,295,U,test,0,0.9945331993967231,0.0009560049686501479,0.0004704919205960881,0.0010917919189301645,0.0005970853490163189,0.0004595929724479787,0.0005394215794308162,0.00034421924549719277,0.00040877043668636483,0.0005994222120217912
P38806,0,282,U,test,0,0.99506181520993,0.0010241865014807099,0.00034982572673849285,0.000701168054264424,0.0005190324196627749,0.0005089934595933877,0.0005109855588199962,0.0004186865911351723,0.00042527994830252915,0.0004800265300724887
P38813,5,335,M,test,5,0.004130867631260738,0.0061529085685181695,0.007278274024896998,0.006176990241150247,0.010164264234565283,0.7810779537163458,0.00802490552800339,0.005646226730445863,0.012661990267387931,0.15868561905742556
P38843,5,316,M,test,4,0.0011604446162277013,0.0005292189493878665,0.0006091272440111487,0.0022582149462669647,0.9872240175766946,0.0024182792673271007,0.0007944517699444737,0.0010565969068115303,0.0027892041071008707,0.0011604446162277013
P38848,9,579,M,test,5,0.005613658925232174,0.010007428726957044,0.010325098193888823,0.004690387187959895,0.022519077633806273,0.6799897409046356,0.006511958179512006,0.006666384497663331,0.018678089212386863,0.234998176537958
P38854,1,504,S,test,7,0.27887212548421986,0.02985577717631709,0.007607927707304807,0.13380430251516473,0.04161795571743425,0.016617243616493475,0.010983326446287698,0.43192560060454127,0.0329828513031661,0.01573288942907072
P38857,3,129,M,test,3,0.0031124029473483745,0.0031675968478770767,0.0024814239929013197,0.977887919037056,0.0035337095273079012,0.0025205006579401023,0.00206522408739971,0.0012575244642358122,0.0020411636017476464,0.0019325348361860506
P38877,0,133,U,test,1,0.002809658963367658,0.9872068087698187,0.0015194024275454287,0.0024566185170825376,0.0006689837491035881,0.0008657293322564636,0.0011424337404834896,0.0010524592384820307,0.001028079073374926,0.0012498261884852154
P38878,5,278,M,test,5,0.0016310515435212724,0.0018700097089191488,0.0018994581288861896,0.001395112143849856,0.0054322309151620864,0.9724803619010021,0.0020943116508818156,0.0016438439576440516,0.004884899620048863,0.006668720430084637
P38880,3,579,M,test,3,0.0019893695661977475,0.002040527803094467,0.0013408270442515355,0.9871767498394306,0.0015372657518665264,0.0010442370709643353,0.0013046604201419362,0.000806923904602262,0.0014899690103932813,0.0012694695890573462
P39001,0,836,U,test,0,0.993836760066804,0.0019260653043981742,0.0003308005886061351,0.0010846533759647327,0.00046650360903003837,0.0005286177934910924,0.0005204223871773511,0.00042475637364628447,0.0004149168918521913,0.00046650360903003837
P39543,5,234,M,test,5,0.0017572657523398612,0.0022213918976522716,0.002449270479530961,0.00380835215243872,0.009225415599652514,0.9539717391743272,0.003132665012606246,0.002797154871535717,0.004540230410231104,0.016096514649685447
P39551,4,298,M,test,0,0.5677079105080232,0.014436100041283947,0.015609146488315384,0.04148766502753548,0.15764679411096819,0.06457187397725936,0.012839733945832417,0.08638331511276728,0.02370831429969937,0.015609146488315384
P39723,1,622,S,test,1,0.001552385264461303,0.985271876750013,0.001002295241959625,0.0021721773357094385,0.0018435030999771858,0.0013487356211327212,0.0008309319932945427,0.0023996899097021157,0.0025197699938143054,0.0010586347899356851
P39735,0,261,U,test,1,0.0328350044067235,0.9300563141064361,0.001596889411151173,0.02402260071975003,0.0010889838919990026,0.0027270320583750603,0.0023416835894766977,0.0017675954913461962,0.0018237048849224244,0.0017401914398198742
P39923,8,615,M,test,8,0.008457125326032815,0.016688116213405862,0.004616055725728294,0.02906063068261643,0.029633800133590495,0.008038384062039548,0.006260300174668575,0.024759967352803173,0.8660265968679872,0.006459023461127636
P39936,1,914,S,test,1,0.0018417516934894987,0.9881884137294968,0.0009896771168049828,0.0023950697918507925,0.0007890392984253588,0.0013317560371249359,0.0011706885954930765,0.0011480454696128491,0.0010371725817900617,0.0011083856859115877
P39952,3,402,M,test,3,0.004064579651025486,0.0032787645040851213,0.0028486397742266637,0.9677430931251213,0.006903962779116459,0.0038108692692600896,0.004352148724199801,0.0015129012199329099,0.00261405898732895,0.002870981965703252
P39968,8,578,M,test,1,0.0022984851367327864,0.989008912275611,0.0007078775306549005,0.00206236181425248,0.0009675538834213466,0.0011534958019307352,0.00086056023371204,0.0009982673869543882,0.001075176234043866,0.0008673097026863562
P39996,0,337,M,test,5,0.003338447234794231,0.001718485225434266,0.0017661234218433138,0.0012770697666587266,0.012259325681287339,0.9700821430311638,0.0012572706640537592,0.0021137729765691063,0.004106359934018666,0.002081002064176791
P40006,5,225,M,test,5,0.002207462794085917,0.0013388938273830983,0.0016728018240456453,0.0014476892950863781,0.006071237997644098,0.9780822484492461,0.0012382743237225398,0.0022422251058704687,0.004039382352311568,0.0016597840306042137
P40014,0,221,U,test,0,0.9450119781759035,0.02990640337780822,0.0007256573584531838,0.01108824048054287,0.0019725409742162316,0.0032142815945142814,0.0018530307655278597,0.0026234201239006445,0.002370062462884821,0.0012343846862483683
P40047,3,520,S,test,3,0.0020809514106853587,0.0023442507160361986,0.0016269896683090963,0.985334790896425,0.001691801565016198,0.0011447301575280857,0.0017729927468902553,0.0008915167837795694,0.0014135530201922761,0.0016984230351379925
P40053,3,627,U,test,3,0.002124187297639408,0.002524999239880627,0.0015724076006908168,0.986352906618921,0.0009352669419767086,0.0009649554715566532,0.001841924699145014,0.000769329630475872,0.0013292823241734752,0.0015847401755404123
P40072,0,274,U,test,0,0.9945687073244681,0.0012916841101481326,0.0003469313675643298,0.0008670898402602319,0.00046321415075380537,0.0005394408372494477,0.0005436717775057763,0.0004668471819161693,0.00042506918619413686,0.0004873442239398136
P40094,7,801,M,test,7,0.004036406203581062,0.0069879188910338995,0.0033202568359208713,0.0032944186871215124,0.008901752858999407,0.011431471865198705,0.00508260233398787,0.9351128087723217,0.01866415211673268,0.003168211435102254
P40156,3,214,U,test,3,0.006693067045195531,0.008427843816710417,0.0019251009087563463,0.9741262735250802,0.0015110290991300962,0.001014456899680473,0.0020017883327054014,0.0011054925110809063,0.0017189217042389998,0.0014760261574216311
P40166,3,100,U,test,1,0.004791479710311361,0.9815224721616129,0.0014641756890867897,0.0054720413750739905,0.0006548198497729875,0.0013701033749062652,0.001498897607665101,0.0010221593873063792,0.0011492446430863823,0.0010546062011777884
P40215,3,560,S,test,3,0.001913110581057652,0.0022192472685048756,0.0013887694280882224,0.9871522047796577,0.001330359551064619,0.0009886393547052872,0.0013251730154071818,0.0007639612074604512,0.0014051397513991585,0.0015133950626548779
P40239,4,226,M,test,4,0.00714171651895428,0.006921989606230644,0.055736800585583536,0.009461237088521158,0.7815394800269946,0.05728188693176427,0.01625204480115987,0.010190153391354978,0.044961067940335345,0.010513623109101393
P40344,1,310,S,test,1,0.0026862969075768096,0.9879447014154049,0.0005681835241290568,0.0027389243089977087,0.000758624586364473,0.0014396163457989352,0.0008869219944598075,0.001074019318087782,0.0010824428967511042,0.0008202687024293688
P40395,7,1056,M,test,0,0.993818507999726,0.0016506413996429878,0.0002965222948887542,0.0011958991499345065,0.00048507810492343556,0.0005561447727521523,0.0005306770572758754,0.0005183838897589571,0.00045926271507239344,0.0004888826160248977
P40453,1,1071,S,test,1,0.001992831589604014,0.9888946436730292,0.0009017551842757871,0.00185752334945758,0.0010178387739132498,0.0010059805935041122,0.0008672094633953748,0.0012866687447809341,0.0012667208641270419,0.0009088277639127073
P40473,0,351,U,test,0,0.9946460025072025,0.0014130439547854444,0.00033628353232667877,0.0008520474058796408,0.0004525189843150779,0.0004668834698661028,0.0005228846781466967,0.00041525476255847035,0.00041525476255847035,0.00047982594236091757
P40474,4,542,M,test,5,0.013125676741187366,0.005536093410090178,0.004518427913421562,0.0206697640329166,0.061168529463555145,0.6449040809570593,0.005801775993510656,0.20936970539475147,0.01913508411904615,0.015770861974461564
P40475,4,563,M,test,5,0.003002241461927542,0.0017927201323636413,0.0018067807737275224,0.0026494686081239066,0.009466853111857694,0.9656453496217002,0.0016450925948525263,0.0060914041836088425,0.004498104178916805,0.0034019853329212415
P40486,0,507,U,test,1,0.005100553453173397,0.9815321090891882,0.0006809115960329702,0.00496297475544716,0.0009677704777046387,0.0019246414543521398,0.0010301863204489853,0.0013541544490603876,0.0015586222483278927,0.0008880761562641883
P40495,3,371,U,test,3,0.0019304659628905977,0.002969594843096053,0.0015093327630938908,0.9845025157811299,0.0013850417242571025,0.0012512807655913646,0.001750856696921312,0.0010093675389664118,0.0014346005367447787,0.002256943387308541
P40498,0,721,U,test,0,0.9948511578176278,0.0011180403773412696,0.0003524948079258004,0.0008724330104181297,0.0004706423447997472,0.0004932288932668661,0.0005168994428578638,0.00039632057231348716,0.00042188103708950636,0.000506901696359587
P40525,1,121,S,test,1,0.008920456531837123,0.9685956094917707,0.002555753840234797,0.007652458149513113,0.0013053512832131478,0.00216904009866303,0.00345260297549421,0.0012951928830074934,0.0018844946476033674,0.00216904009866303
P40531,7,326,M,test,1,0.0019322476078584801,0.9892678598752518,0.000765598509565507,0.0018222830814625577,0.0009715950917410221,0.0010142532203532013,0.0008408454807854357,0.0012426890907600583,0.0012475526905345302,0.0008950753516873939
P40546,0,346,U,test,0,0.9947028236549423,0.0010358853733155912,0.000438621501057576,0.0009712255052336505,0.0005290784532276811,0.0005088098458353568,0.0005332281358624157,0.0003496995432171982,0.0004218181414728618,0.0005088098458353568
P40564,1,432,S,test,1,0.014278002144299364,0.9551276632364857,0.0015405777282692613,0.01611601859578666,0.0015285888119330072,0.0029695413276571983,0.0031120527835906847,0.0015648383337781397,0.0019474728222285951,0.0018152442159714173
P40571,0,144,U,test,0,0.9866049014790865,0.004806892752307607,0.0005166353868165894,0.003938627102079476,0.0007172772247591922,0.0007877749202183282,0.0008788264423904286,0.0005456757171693907,0.0005946437343306747,0.0006087452408417424
P40847,0,254,U,test,0,0.9950034194179492,0.0011046444183120973,0.00032861159845955635,0.0007233830811203898,0.00047999836564972944,0.0004913812245476749,0.0005050027503912265,0.0004387540412872196,0.00043533960853381885,0.0004894654937490843
P40858,3,161,U,test,3,0.0017607923210377966,0.0021531584923527073,0.0016605853955544987,0.986229345884003,0.0012633067308568597,0.0010763507229167137,0.0020465481425716477,0.0009134870968558589,0.0015357903917886757,0.0013606348220621945
P40936,1,264,S,test,1,0.004206655647966613,0.9841182365343906,0.0007796743770692561,0.004804151314124822,0.0006565516534762297,0.0014623244865692023,0.0011255913765995324,0.0008904160384800467,0.0009552769601875267,0.0010011216111362102
P41000,1,583,S,test,0,0.9911117723214744,0.003371081342537942,0.00035669997877795667,0.0016768723857361857,0.0005271684319917409,0.0006795469614303914,0.0006560716935554017,0.0005973600661787674,0.000483756951402493,0.0005396698669147394
P41056,1,107,S,test,1,0.005566634086535517,0.9810913085340254,0.002214254147965513,0.003373038531902611,0.0009749227752200682,0.0010624106769965688,0.001765357219959931,0.0010541428624482765,0.001364162275703498,0.001533768889242675
P41057,1,56,S,test,1,0.007795596966930914,0.9780788440959371,0.00113630043627506,0.0057818918804954465,0.0009872349328321295,0.0013706400415127652,0.0015592173685152553,0.0009420261512119037,0.0012382700076345634,0.0011099781186548158
P41058,1,56,S,test,1,0.007136913527796307,0.9796108070153969,0.0014053414432906755,0.004924322044341558,0.0009734515977953372,0.0013201962076838584,0.0015254838024151521,0.0008794402876367345,0.0010859638056401175,0.0011380802680033277
P41180,4,1078,M,test,4,0.0016775809895664808,0.0008272251564502247,0.001241812014501892,0.0016451337111273152,0.9885696750347136,0.00171736371383562,0.0010416337735175457,0.0011175099040986786,0.0010746987516531744,0.0010873669505354633
P41183,0,707,U,test,0,0.9946015724574174,0.0013381101135627343,0.00035517035568941914,0.0010297286568981337,0.000481682404270124,0.00047793391745162974,0.0005047988248332792,0.0003693187201002508,0.0003693187201002508,0.00047236582967675393
P41546,0,238,U,test,0,0.9950813957814152,0.0008540869209323767,0.0004186948232155954,0.0007493255907734779,0.0005503639535217781,0.00048569448742757107,0.0005109956106612047,0.00040265488780999345,0.00041543653307537614,0.000531351411167414
P41593,4,591,M,test,4,0.0013075352881709115,0.0005779532676268694,0.0011766544242679795,0.0014643700181439512,0.9893519812725237,0.0021140651048076084,0.0009381106859073009,0.00102629622824134,0.0010713559451232912,0.0009716777651870636
P41594,4,1212,M,test,4,0.002564865032860803,0.001379593195883383,0.001983910517142761,0.002217539271047958,0.984467783763198,0.0024212613986863826,0.0012561338333050554,0.0015151867585622893,0.0008977184077183114,0.0012960078215951162
P41698,4,603,M,test,4,0.001408103713275623,0.0006756156032712642,0.0014471378961219794,0.001595590748829468,0.9815363172488704,0.0074068129419147845,0.00112263826059623,0.0018581619590265408,0.0017118190180995339,0.0012378026099942022
P41903,9,349,U,test,9,0.006143282128994209,0.007811472702093944,0.00757113932528981,0.006167326083751906,0.005358266144834182,0.007541621987795505,0.007224431216004388,0.003625584044984828,0.0041893543412181156,0.9443675220250332
P42223,7,864,U,test,1,0.002594275650713685,0.9887313009992917,0.0010790813127110584,0.0018608474108045166,0.0010097510924205891,0.0008945899017282783,0.0007301429992097767,0.0011308675094763786,0.0011352936204399105,0.0008338495032041203
P42260,4,908,M,test,4,0.0013433502578261652,0.0006247159244631718,0.001025966937255431,0.0014525081306454766,0.9890345205475596,0.0025642115752592446,0.000901882757728243,0.0011808806875663487,0.0009378096897267283,0.0009341534919696549
P42699,6,167,M,test,6,0.002073544198029972,0.002158251483571656,0.001630725433785933,0.0015469582020226102,0.0007393449043078706,0.0018587129804652392,0.9856702065851345,0.0011273663913081201,0.0010345295905403637,0.0021603602308337294
P42775,0,360,U,test,0,0.995048434536455,0.000983975918556613,0.000390253548529441,0.0007149877834332169,0.0005129786357556984,0.00048189882328686313,0.0005210568712619609,0.00039639914376710664,0.0004186809537470324,0.0005313337852070672
P42776,0,382,U,test,0,0.9950627587968697,0.0010162171682779274,0.00039332002363036346,0.0007434803373398953,0.0004972030853214433,0.0004725848479705081,0.0005089939228649891,0.00037825218133552644,0.00041219584108140983,0.0005149937953082841
P42826,1,600,S,test,1,0.003434644489981598,0.986407621404683,0.0007633849620310031,0.0037648586403991715,0.0006182080149688607,0.0012151297215217153,0.000995641674335874,0.0008994873349056912,0.0009208180557662451,0.0009802057014069283
P42900,3,643,M,test,0,0.9910654767441507,0.0029864730279096276,0.0003979089994705299,0.002215027919141531,0.00045799049070318666,0.0005699783514470582,0.0006742271823325473,0.0005524420103141634,0.0005149325221547378,0.000565542752375953
P43005,4,524,M,test,4,0.0012372082219698679,0.0006294405716874498,0.000884192829644996,0.0019162255329773345,0.9887595162470857,0.0021377040259174746,0.00112209909409752,0.0009302528953523102,0.0012915281865837124,0.001091832394683693
P43082,8,212,U,test,2,0.0009224685547225025,0.0009117213845406032,0.9939827321165143,0.000524581172359569,0.0005921108984725527,0.0006554069490851695,0.0006352421879522587,0.00040854418516211876,0.0007368938228708923,0.0006302987283199661
P43554,0,623,U,test,0,0.9896817441237307,0.003711536409465757,0.0004036108678589737,0.0027207266923202776,0.0005062414353108387,0.0006602633056818508,0.0007001065015276347,0.0005346974682404095,0.0004983928901688185,0.0005826803056947267
P43587,0,155,U,test,1,0.0037583232476696205,0.9822942259175708,0.0028410898098039064,0.002674174934519275,0.0022518809566315083,0.0016475113375660226,0.001293146391876764,0.0011774232867620682,0.0010150022752953352,0.0010472218423047367
P43596,0,787,U,test,0,0.9947041842473957,0.0013194318873921804,0.0003159276288335876,0.0008421699881572378,0.00045609480235262546,0.0005108019060433137,0.0005028826383310397,0.00044206224669812776,0.00042846141721172707,0.00047798323758442915
P43603,1,459,S,test,3,0.06543560399229383,0.1717277337431282,0.03066904877128879,0.23198935648787047,0.0957677375052244,0.04078890801357748,0.02315021332148701,0.19611922125651562,0.08805322745501877,0.05629894945359546
P43613,5,295,M,test,5,0.007578665535303432,0.00907047482761064,0.007119497885880718,0.21466681771042734,0.043104112971233496,0.6509691005059206,0.009358403451598501,0.007461169877046703,0.02392086804879624,0.02675088918618227
P45815,0,411,U,test,0,0.9942215871006261,0.0017037291299893504,0.0003495303421927943,0.0009745549954718806,0.00048149837772971856,0.0004967827821202701,0.0005046059519801798,0.0004183330666707759,0.0003899292632940553,0.00045944898992480635
P45846,2,183,S,test,2,0.0007432557082052226,0.0009160074870680901,0.9947621099503652,0.0005353470264677308,0.0005068563558742438,0.000592575168133832,0.0005229457098452194,0.00038110365372490487,0.0005229457098452194,0.0005168532304703923
P45895,7,804,M,test,7,0.0013738571385369038,0.0023738120133971843,0.002265107344375781,0.0016062016309953703,0.0035914629572369287,0.006097364218099866,0.002536799982643686,0.9727451767327316,0.004792891426036746,0.0026173265559459344
P46014,4,581,M,test,5,0.003288083035301384,0.0016942138477248946,0.0012989988168268705,0.0018247402301524642,0.005107624855266916,0.9790609051647907,0.0016549674457035908,0.002538353635840501,0.002253253188907738,0.001278859779484909
P46367,3,519,S,test,3,0.004602168670162581,0.0062353744157779755,0.0047761611292901195,0.9575886915170329,0.003282604162308417,0.002468179419943891,0.011368253008529111,0.0014284726598270477,0.0022124617836419952,0.006037633233485986
P46654,1,252,S,test,0,0.9838203938242237,0.006733319648035159,0.0004654239281143329,0.0042466518361569585,0.0007794383650415879,0.0010325881243605274,0.0008493838134902696,0.0007379573859148413,0.0006361590265540971,0.0006986840481085689
P46676,0,1062,U,test,0,0.9940219619411489,0.001660681545180822,0.0003257326738804693,0.0011822084567820277,0.00044175903807055296,0.0005205193395084857,0.0005287163180050574,0.00041499422078658917,0.0004182490771919441,0.0004851773894451902
P46784,1,105,S,test,1,0.0041446882573044335,0.9848906769546122,0.0009194019765322895,0.004169044203247045,0.0006726488958485093,0.001301639139265427,0.001017685196344536,0.0008636981810005325,0.0009786982903887253,0.0010418189054562912
P46943,3,645,M,test,3,0.001968555691074297,0.002099613286779953,0.0015361098397917326,0.9864344937257505,0.0012439796305367277,0.0011415399521804725,0.0015481576633193067,0.0008450131429906515,0.001566406932004035,0.0016161301355722437
P46974,0,1380,U,test,0,0.995084981526824,0.0009490916073392427,0.00039332879664008834,0.0008070582733077104,0.0005376166880927261,0.00048380271387724673,0.00048380271387724673,0.00035534297036080844,0.0004058144277211627,0.0004991602819598091
P46990,1,184,S,test,1,0.004067080680859672,0.9855106167185802,0.0013973339639517354,0.002330970786248288,0.000733472544882511,0.001075566312311948,0.0013973339639517354,0.0010025380474564301,0.0011360245160076537,0.0013490624657497745
P46992,4,396,M,test,4,0.0018407223775437304,0.0007096616822041268,0.0009475226292835258,0.002164668845287112,0.9837856779969717,0.00441566337604448,0.0010905918777447394,0.0024266829445801115,0.0011164544725251414,0.0015023537978153198
P46998,3,180,M,test,3,0.0032112183444688237,0.003767148448088067,0.0019572360070188514,0.9826796850024161,0.0013140259746948631,0.0010558495453355113,0.001972586761703364,0.0009689019823208389,0.0015726831992556151,0.0015006647346979803
P47013,5,409,M,test,5,0.0011621875262129101,0.0016135376376640188,0.0016778135625730105,0.002031750477554705,0.003829318500637013,0.9695834356068597,0.0021375899312929994,0.002356871923311534,0.01269145661326145,0.0029160382206326507
P47040,8,408,M,test,4,0.026353189771631577,0.0038207126109379218,0.003293660242831687,0.03889047929658622,0.7750573269419049,0.05399408555998065,0.00482983354174758,0.031803540175240355,0.05253768352091489,0.009419488338224237
P47082,8,602,M,test,4,0.001798325845855875,0.0007467311315234437,0.0008011255552608773,0.0019406597713358157,0.9877700503030947,0.0024093009838362122,0.0010286655504806903,0.001216808094317217,0.001057181253299315,0.0012311515109957771
P47095,1,244,S,test,1,0.0028447678102873726,0.9816466129439094,0.00175947002183654,0.0036349618694616463,0.001176647019197833,0.0021982660989943717,0.0020731622492477578,0.0010465314903757464,0.0016336126157913075,0.001985967880898054
P47150,3,247,U,test,3,0.0019220383042861148,0.002467945963983783,0.001621682810082294,0.9859647940243816,0.0011277033698362132,0.0010760619977431174,0.002086353062680952,0.0008646401277121181,0.0014708023800843388,0.001397977959209397
P47154,5,453,M,test,5,0.0025801292575637373,0.004423370962965644,0.004253914029900289,0.01049773839947121,0.010538825556682382,0.8903276148070937,0.005657577309549304,0.005929089965305141,0.02005785291434324,0.04573388679712536
P47155,5,203,M,test,5,0.009299112650573177,0.0025628002354259644,0.0025428564277943095,0.00258290050525296,0.007863205067223588,0.9053195877255891,0.0022440629947913927,0.04136150404457837,0.02403189098705901,0.0021920793617121203
P47170,8,1584,M,test,1,0.003480341565309614,0.9869222966880801,0.0015130425784734944,0.00269202689562569,0.0008258466864421385,0.000813043035566712,0.0008454310073974838,0.0009579988851582106,0.0010358437320627815,0.0009141289258838193
P47821,0,323,U,test,0,0.9936153586995116,0.0013829262536609876,0.00034122530052649964,0.0013093282477761874,0.0006059283002295192,0.0005895844606953485,0.0005849962414126909,0.0005003738199782962,0.0004737443948007128,0.0005965342814082121
P47866,4,411,M,test,4,0.001522636247423067,0.0006971135761667713,0.0011404017665095692,0.001478674805949995,0.9893079343207452,0.0017993676227331537,0.0010142943181799715,0.0009869354437326927,0.001038347580379609,0.0010142943181799715
P47896,2,493,S,test,5,0.01665255531427876,0.09002286496459334,0.0969584312859952,0.038379544360455264,0.011092993814564616,0.3673494872920934,0.044848328105209966,0.013173256350511139,0.3093392696278344,0.012183268884463933
P48003,0,139,U,test,1,0.09769853428722491,0.857277401472704,0.0015791497708305606,0.02670929234853918,0.0020920333535837565,0.004394369096153788,0.002707292440671417,0.0026862242969489143,0.0028594707624764464,0.001996232170866988
P48044,4,370,M,test,4,0.0014295860489406177,0.0007652022002823659,0.0011220948669778184,0.0015979364666920078,0.9887558152382012,0.001950199703245466,0.0010665361173381417,0.0011487046169969676,0.0010418298743475657,0.0011220948669778184
P48048,4,391,M,test,4,0.001846360270102644,0.0007090600847948307,0.001264036323101077,0.0019311932897198131,0.9829517025457347,0.0048360914360481245,0.0011419615717832166,0.0013092654274314201,0.0028948210019991523,0.001115508049284983
P48234,0,707,U,test,0,0.994741126322462,0.0011819089608130265,0.00037812992038115074,0.000984633037450828,0.00047428116306820657,0.00048174999299323713,0.0005188651536427554,0.00036364398115778287,0.0003901330405243968,0.0004855284275065464
P48239,9,356,U,test,9,0.005822759739157998,0.006901206162975889,0.006546704734962184,0.008389733019203436,0.005459303644355854,0.00506879169673302,0.0069146982334661765,0.0039015881337639575,0.0037374923514665905,0.9472577222839149
P48415,5,2195,M,test,1,0.002350031000451991,0.988729488382503,0.0008536220713091907,0.002171302079563818,0.0007301416409171715,0.0010790793959771466,0.0010377405550243838,0.001104668992782394,0.0010137012607974894,0.0009302246206735029
P48527,3,492,S,test,3,0.001975077392170768,0.00235464232257685,0.0016993009097568017,0.9858441127900214,0.0013079986376259786,0.001200287109793132,0.0015351904671525895,0.0009275099516622779,0.0016025935399685597,0.0015532868792717078
P48765,4,970,M,test,8,0.016965749358445616,0.010784087163004465,0.010868667088335395,0.1972203475344866,0.09763115254008672,0.015813818775805583,0.016965749358445616,0.009369377387134096,0.6074814421048167,0.01689960868943924
P48766,4,970,M,test,8,0.0176680943214512,0.011587018970520991,0.011677897426505598,0.21863101219170716,0.08137793763188704,0.015714328589715727,0.017394175591001513,0.009457049803277013,0.5989618841655376,0.017530601308396072
P48985,0,351,U,test,1,0.11810220946967302,0.8458147828471388,0.0012519162236069214,0.01748588782192825,0.003050484545743905,0.004615235382949045,0.002064061017609019,0.0033242293409011217,0.002671093316843256,0.0016201000336066454
P49047,8,478,U,test,9,0.009303016666068835,0.01748245969167178,0.020559176974960222,0.04669420087733102,0.008877000845869079,0.03708272458402861,0.09618526032722308,0.005555084953080643,0.007592900719806651,0.75066817435996
P49166,1,88,S,test,1,0.004905103585063779,0.983440825948289,0.0011787976501502306,0.004299248405353403,0.0008490561173332267,0.0011880431228291763,0.0012162166804302104,0.0008293877473275875,0.0011160631750363574,0.0009772575681870305
P49406,3,292,U,test,3,0.002227525977479312,0.002491058812590495,0.0013939500820256965,0.9869718347413136,0.0012110847929119415,0.0009358538487201783,0.0013353223993848018,0.0007880679274805227,0.0013510626809421044,0.0012942387371513433
P49736,0,904,U,test,0,0.9950317109773655,0.0010443550876839973,0.0003311983483448798,0.0007655602750917511,0.0004707277404958525,0.0005010870482480172,0.000512970024343201,0.0004154157720127489,0.00042195761380098843,0.0005050171126130594
P49739,0,807,U,test,0,0.9931767797968643,0.0017958509745387248,0.00036878966825127187,0.0016682056535880824,0.0005001529742963141,0.0005080292272153741,0.0005847380155847436,0.00042780350300468807,0.0004413834370863807,0.0005282667495701585
P49862,2,253,S,test,2,0.0005652991801605065,0.0008789793387597998,0.9945159182498076,0.0004668224208682505,0.000498874795977538,0.0008003198181926091,0.0005500512146378181,0.00043853907987718944,0.0007372891159505214,0.0005479067857682232
P49866,0,704,U,test,0,0.9946341135344873,0.0012972206937438956,0.00038705536533529714,0.0009598440576589816,0.0005415878119173743,0.00047794954566291776,0.0004931213155122432,0.000355181982663664,0.00037222751547858537,0.00048169817753975755
P50111,1,915,S,test,1,0.0017767602507212674,0.9874285083029938,0.001341168914940588,0.0020330907297693578,0.001444495780847349,0.0011652278740143548,0.0008727152793072884,0.0014165566850642588,0.0011697883279330062,0.0013516878544087964
P50133,4,585,M,test,4,0.0012677528746786817,0.0005647637503949933,0.0011364063652817564,0.0014032746193139312,0.9897003704579532,0.0020487430533419233,0.0009024899315520632,0.0010107408067950487,0.0010306757651725913,0.0009347823755157781
P50402,0,254,M,test,0,0.9936231766128929,0.0015670730624999009,0.0003576038368271393,0.0014240522031272952,0.0004926200962114653,0.0005431548743672308,0.0005759312543742138,0.00042799577736238705,0.00042799577736238705,0.0005603965049750661
P50536,0,512,U,test,0,0.9949837360022565,0.0009252027322829231,0.00036658545448025465,0.0008069761992395307,0.0005503099371242335,0.0005251094495881503,0.0004952253399670637,0.0004186537300967992,0.0004387453594032432,0.0004894557955612981
P50582,0,507,U,test,0,0.994274064879973,0.0013117966221096874,0.0003839042440403397,0.0012164759794302351,0.0004929428040214658,0.0004667088704305576,0.0005371785936874702,0.0003720927733527018,0.0003991972608115445,0.0005456379721429913
P50944,8,713,M,test,4,0.004878406632117108,0.001397686956858631,0.0018087413276282782,0.008743536120164784,0.9081241896534266,0.02152454018458637,0.002453016925936627,0.004802773456772621,0.04214300032090374,0.004124108421605295
P51402,1,88,S,test,1,0.007645888019671003,0.9782159624089369,0.0014366198010828002,0.005908284409226232,0.0009495477126324385,0.001318316444782747,0.0014592431418815838,0.0008850757373746371,0.0011543565084996105,0.0010267058159120677
P51553,3,393,U,test,3,0.003958884419516446,0.005915485708809863,0.0018182710069289938,0.9794082685196818,0.0015192223773668233,0.0011114867664342835,0.0016362668152369655,0.001173964079771406,0.0015674475439984902,0.0018907027622550084
P51813,1,675,S,test,1,0.017174141158360138,0.7773609858201769,0.01443385741604378,0.00877169318895365,0.1449251453848977,0.01515612607707934,0.0038924153192387654,0.010056795522539476,0.003152173760716547,0.005076666351993695
P52188,4,427,M,test,4,0.0016192576184478457,0.0006723753871916727,0.0011617605695623695,0.0016003926332766206,0.9844902663363995,0.005166130711497704,0.0011482255431139957,0.0013319649968940028,0.0017923547334945196,0.0010172714701218518
P52554,1,126,S,test,1,0.004227949584214662,0.981881981048777,0.001149665523435244,0.003909975547248171,0.0009094603608118339,0.0018588162550355512,0.0014819775052108222,0.0014307818850125623,0.0018157569022144624,0.0013336353880396552
P52701,0,1360,U,test,0,0.9948690089892217,0.0010061455113240675,0.0004153478721410787,0.0009287168064767332,0.0005271038470457024,0.0004724928366640592,0.000523001953118336,0.0003470361169468669,0.00039018318654376655,0.000520962880517661
P52848,7,882,M,test,7,0.002578574098761013,0.0031717000673737515,0.004088483169194493,0.0021293788913054152,0.004516708022051351,0.009376927807623779,0.004438006153418272,0.958342535060996,0.008877896372136967,0.002479790357138983
P53063,0,387,U,test,0,0.9194253939974697,0.041679063113752655,0.0011459670815421384,0.026082091762183936,0.0018600881386572907,0.002654065452164005,0.002416554207444774,0.0015420673147421512,0.0015786362787327621,0.0016160726533105407
P53070,3,669,U,test,3,0.002995141035693219,0.0036075413128831934,0.0018317871695243506,0.9828419696876181,0.0009319378289928413,0.0008419356829332942,0.0029015729134826943,0.000784770343070041,0.0013881172911601935,0.001875226734642102
P53075,3,577,U,test,2,0.03763017350296118,0.08075970238309992,0.3276247013962193,0.057913965236375854,0.008138095785699595,0.1392679780692202,0.10636416594835388,0.007409821105724307,0.22168196262914208,0.013209433943203668
P53083,3,459,M,test,1,0.0025099521971152982,0.9886475756720394,0.0007711193605053906,0.002456602544606735,0.0007076188734440878,0.0009522053245578835,0.0008875529660305324,0.0010295794919562267,0.0010705931941995094,0.0009672003755449526
P53093,7,235,M,test,5,0.0041244724535119,0.0037261504381915977,0.0035003943498080566,0.0024628350929792415,0.013313960510287229,0.8237055680087084,0.0036683818948901907,0.12631935095910743,0.014940079555526797,0.004238806736989154
P53094,1,1487,S,test,1,0.0035856008096265195,0.9864508602117767,0.0012488691662869964,0.002274699393024705,0.001288512655881606,0.0008995267685453305,0.0008319262572564576,0.0012586641181348572,0.0013294143622102916,0.0008319262572564576
P53102,0,219,U,test,0,0.9939651898466119,0.0013763385587015797,0.0003990732478786823,0.00141501010270906,0.0004889547620876051,0.0004702231856652527,0.0005454684693687285,0.0003748946271009868,0.00042150534761403345,0.0005433418522621777
P53115,0,1489,U,test,0,0.9947151745228553,0.0010278368346209549,0.00037517748609388284,0.0007973593473592663,0.0005654124658754143,0.0005249676867694444,0.0005437518231994918,0.00047426878397268464,0.00044902869021948337,0.0005270223590340675
P53136,0,463,U,test,0,0.9947471124405965,0.0012695597024529172,0.00033631771609150693,0.0008356523133387495,0.0004490430964187166,0.00048363843754101676,0.0005332518482980533,0.00042847990367866245,0.00042183692600118624,0.0004951076155826658
P53139,4,140,M,test,1,0.00284234116576359,0.9769854826521378,0.005328373205394971,0.004430337470757467,0.0010746249772413132,0.0018137731179597276,0.0021963911762587517,0.0016774659061727672,0.0015635701578811077,0.002087640170432525
P53174,5,237,M,test,4,0.005405112841759518,0.0022444018483285836,0.004845111864131633,0.004998912329372033,0.8639924707863366,0.064574141683459,0.0035586332126803597,0.01436628891167801,0.0323433301731185,0.003671596349135775
P53178,5,202,U,test,1,0.0031573242396789165,0.9864169413522322,0.001239107762375536,0.002342246120534795,0.0006478825672271931,0.0011194405817813327,0.0014040931106535392,0.001084998983889276,0.0011107291046801551,0.0014772361769470178
P53193,3,184,S,test,3,0.041383781502577044,0.22371860369384763,0.015463988656736646,0.37759662553660167,0.04345461827364327,0.09253403014815482,0.03834856390833305,0.014527073468246346,0.1269740491866611,0.02599866562519841
P53199,5,349,M,test,1,0.002679610411498848,0.986215129170946,0.0010111234795288024,0.003860920956003546,0.0007455556692418893,0.001517876147837165,0.0011235920703855278,0.0007874637229290261,0.000935136301243622,0.0011235920703855278
P53220,3,239,M,test,3,0.0019007251279291554,0.0022178368853548332,0.0015850165245086267,0.9865249125495907,0.0012248058318531936,0.0010273689200376677,0.001871257147591036,0.0008063910817182668,0.0014319430512667482,0.00140974288014969
P53223,5,239,M,test,5,0.0012544061985309274,0.0016879880474516714,0.001973457953076217,0.0017012270296940931,0.00390557310316167,0.9678719514703786,0.0017828707186228992,0.0059552877429658365,0.011901473671088094,0.0019657640650299142
P53236,0,928,U,test,0,0.9947868738743202,0.0012332555096477783,0.0003363311749975893,0.0008340550831407058,0.00046331575853674546,0.0005029244425836668,0.0005068689429938581,0.0004218538007454673,0.00042516244065805023,0.0004893589723759475
P53254,0,1237,U,test,0,0.9422809815891404,0.035412095988604814,0.0011032975904202652,0.00979524761672555,0.0020612313398296355,0.0020451907069260335,0.0024573530627356264,0.001543790892785825,0.001695522651320939,0.0016052885615108936
P53258,1,950,S,test,1,0.001833359509842769,0.9894662671059455,0.0006448278548288334,0.0018049358936184374,0.0008813752363581339,0.001038513862846718,0.0008025012933151671,0.0013758072402555587,0.001317942654291803,0.000834469348696984
P53259,3,346,M,test,3,0.0019126221025734579,0.0018037744899955662,0.001495381613367718,0.9830525965482706,0.0036526312728841766,0.001495381613367718,0.0021672846588899454,0.000984533555702214,0.0017011212194323368,0.001734672925516265
P53266,3,389,M,test,3,0.0026257162633006813,0.0029049838017874774,0.0011674323511674386,0.9854397914923172,0.00197041537830726,0.0011183317467315893,0.000964062185696017,0.0008641797650317572,0.0015587266979232505,0.0013863603177373454
P53298,0,406,U,test,0,0.9909340353447161,0.0030568896975738634,0.0003856155171848866,0.002339225544864761,0.0004724659766195021,0.000611416368213323,0.0006559540773215274,0.0004990235426168703,0.00047990622551447124,0.0005654677053746406
P53311,3,146,M,test,3,0.00354753931233224,0.003589356625410011,0.003052202850023182,0.9740752744052409,0.003903826759249165,0.003465360808957863,0.0021643360587438377,0.0014083602542792754,0.0023219935968476846,0.002471749328915845
P53314,7,239,U,test,1,0.0034291427928646485,0.987717020025779,0.0008661767420764172,0.0025783611592121182,0.0007014513054730462,0.0009815068179455308,0.0008661767420764172,0.0009892050124416202,0.0010047826600547921,0.0008661767420764172
P53318,3,479,M,test,3,0.0019651365405088488,0.0023820095226087133,0.0014209744759090786,0.986646317205211,0.0013453515559154728,0.0009502778063547291,0.0014949969182149032,0.0007755941883341046,0.0015067222682813384,0.0015126195186617533
P53330,0,157,U,test,0,0.990317737312174,0.0037430502866571216,0.0003322145902679979,0.0019276980992334776,0.00048336938452248583,0.0007486571240477033,0.0006816601039672103,0.0006870064196035033,0.0005477292773282118,0.0005308774021982694
P53394,5,754,M,test,4,0.0013780050840565224,0.0005677455014400607,0.0006383334693856949,0.001639620708524192,0.9871831390171077,0.0036093489514966628,0.0008657085521757717,0.001394248514651355,0.0016079076600139784,0.0011159425411479903
P53437,0,365,U,test,0,0.9944929153878646,0.0013700271849623339,0.00033101899155623554,0.0009959910770639675,0.00044892834757968164,0.0004854072599125111,0.000512692273057096,0.00042837039318270945,0.00044543475319963204,0.0004892143316213249
P53708,4,1063,M,test,4,0.001301942711598549,0.0005868315847931797,0.0012918109708705034,0.001418776649709149,0.988976009098092,0.00237426437593556,0.0009827578958648611,0.0010219066179378098,0.0010667735435568614,0.0009789265516415302
P53721,3,224,M,test,3,0.002461183486410627,0.0026507991073804705,0.0018833728777521543,0.9832631224142557,0.0023622789048842363,0.0012743538866306977,0.0020205641251908025,0.0010080968308821957,0.0015921662756494034,0.001484062090963653
P53725,0,186,U,test,0,0.9946426988909216,0.0010781376364345009,0.00036933398416345045,0.0007667571251987194,0.0005208444055076048,0.0005352827588026797,0.0005971511047093441,0.0004779536795060928,0.0004420349221954477,0.0005698054925605089
P53747,8,219,M,test,8,0.0036404065268686426,0.0038151135500411252,0.005401229598153029,0.015089067574583928,0.04265023861436242,0.01447562964920608,0.005276110609390987,0.005908963349550334,0.897764624033156,0.005978616494687452
P53753,2,1117,S,test,1,0.018935562978896706,0.7446518651717252,0.03151044921396842,0.04704939648419473,0.01029508751826261,0.01342732493727202,0.01704016303466319,0.007473432237552561,0.09284073996334846,0.01677597846011613
P53833,0,195,U,test,0,0.9947394374112247,0.0009377085578392393,0.0004120619033956634,0.0010001370361248393,0.0005029004956272877,0.00046329367150053707,0.0005458933760897936,0.0003810949595210759,0.0004386376318573797,0.0005788349568194689
P53865,1,581,S,test,1,0.0024155177242621197,0.988869274026097,0.0007302448823407407,0.002540108191188976,0.0007022696412229078,0.0009788209222038936,0.0008470988529172147,0.0010666584912690468,0.0010542315053548444,0.0007957757631431977
P53871,1,357,S,test,1,0.015927704665741584,0.8946032127353702,0.0030073756372851613,0.03794827529914861,0.003922356902652981,0.005662583695400019,0.007501704388097518,0.005888155180329378,0.01797808986375202,0.007560541632222433
P53882,8,636,M,test,4,0.00301367046694212,0.0014516341142478146,0.002248334947961084,0.0053934753342976816,0.9505729746116174,0.015485086593665827,0.002978560071278811,0.007889722532702405,0.007733345089356192,0.0032331962379306273
P53893,1,1110,S,test,1,0.002901663656561112,0.9876836352221666,0.0008073382328497542,0.0030025563720393355,0.0006745563985065864,0.0011564586328296604,0.0009969297433588223,0.0008661474581836739,0.000929240650089202,0.000981473633415272
P53923,1,493,S,test,1,0.0024698742699993453,0.9881815514461592,0.0008269003759930685,0.0025395812049842357,0.0007017812018876347,0.001175262406991755,0.0010131395161485156,0.000908172416736139,0.0010534983807369972,0.0011302387803631775
P53974,1,638,S,test,1,0.002377392070156603,0.9885878971854616,0.0013219263754353278,0.0021456983568906166,0.0008669404673910481,0.0010215054853895582,0.0008944601159682371,0.0008874994115969923,0.0008468578364366249,0.0010498226952734002
P54005,1,336,S,test,1,0.39596502590115323,0.5084291518981632,0.0023544939809539128,0.06989197933957984,0.0031436620113557898,0.006203265644030216,0.0038819043938336756,0.003791980312951597,0.0038516950845359213,0.0024868414334426134
P54785,0,490,U,test,0,0.994764327015211,0.0011836692489238779,0.00041856143602118646,0.000766850899932447,0.0005610401451439314,0.0005108328242012064,0.0005148393166658129,0.0003751960197982424,0.00040568365735850747,0.0004989994367437431
P55830,1,268,S,test,1,0.005695959226051432,0.9806292480390675,0.0012318374970157482,0.006379171318106899,0.0006697384756207061,0.0013742141142868234,0.0011481988042742397,0.0008735035610998158,0.0009444825550158398,0.001053646409461009
P55861,0,886,U,test,0,0.994948662021208,0.001114334719108517,0.00032603637113002453,0.0008489838530330066,0.0004526566647078941,0.00048185051438194343,0.0005129272073325513,0.0004026011594942206,0.0004089411963608863,0.0005030062932429405
P56271,2,484,S,test,2,0.003398224648268519,0.007913657081002983,0.9496235238732047,0.0051715630462311965,0.0017768029185879844,0.007211626458665367,0.004397629185415859,0.0011743949593601638,0.016403124940513943,0.00292945288874923
P56574,3,452,U,test,0,0.9936689907397975,0.0015115308605569721,0.0003661010769116821,0.0015245020887713254,0.0005004008504107976,0.0005203345298988294,0.000551733838217823,0.00036897243177068633,0.00043137247144363176,0.0005560611122207642
P57052,0,281,S,test,0,0.9948415062246511,0.001075198526470201,0.0004057151246000272,0.000810018829682992,0.0005049206056892572,0.0004669752310932206,0.0005438208479637683,0.0003841233396554046,0.00041533638634591493,0.0005523848838482075
P57727,5,454,M,test,4,0.0012571039641947434,0.0005059358001089184,0.0012719224702737553,0.0012719224702737553,0.9890841683949657,0.0025221197463653044,0.0008539283162695147,0.0011763358301066318,0.0010964656073814505,0.0009600974000602328
P59055,0,597,U,test,0,0.9943255812115074,0.0015499109444579201,0.00031580739112264163,0.0009558054163460117,0.0004631009056371149,0.0005126060034595183,0.000533025893701949,0.00044535979048681895,0.00039611118475375504,0.0005026912585269073
P59936,2,40,S,test,2,0.0010353109572865864,0.0008063009633894162,0.9941512277709155,0.0005105179393239172,0.0005739907699620584,0.0006110100249209783,0.0006110100249209783,0.00042158423549323957,0.0006632451106714428,0.0006158022031159588
P59942,3,119,U,test,0,0.9924685629939053,0.0021667800038249595,0.00040474738866478005,0.0018497289197707352,0.0005446471771830417,0.0005866080333431698,0.0006005190243969801,0.00038320709018293566,0.00043763626048174954,0.0005575631082463717
P60022,2,68,S,test,2,0.0008703358268255367,0.0008176049224315492,0.9944000081049282,0.0004968719656847086,0.0005630296900138613,0.0006232170543031742,0.0005900500366323062,0.00041192131513480236,0.0006505795455673651,0.0005763815384785058
P61407,1,2134,S,test,1,0.002032206842205181,0.9889288519860948,0.0011444265011629543,0.002314063668487908,0.0009017863831030895,0.0011624485220867106,0.0009017863831030895,0.000880896529286677,0.0007958237150235024,0.0009377094694461081
P61588,7,244,M,test,4,0.0022159225212138585,0.0005894590099116215,0.0009201325557021817,0.0015289404298629052,0.9856732990646159,0.0030660061824686214,0.0008779966175374329,0.002345055967282657,0.0016990065454869378,0.0010841811059179205
P61769,2,119,S,test,2,0.00468497604586077,0.006206584906127374,0.7817604295206262,0.00865071584958058,0.140161922879305,0.019801686471776058,0.01166356872753361,0.0043668781496678955,0.016780872648099333,0.0059223648014231686
P61964,0,334,U,test,1,0.004217595910363237,0.9828310392552477,0.0006159664553897242,0.0053107557153985185,0.0010076539223740943,0.001853359127896258,0.0009174793200322523,0.0010477941548528791,0.0013091047376552172,0.0008892514007901197
P61965,0,334,U,test,1,0.004217595910363237,0.9828310392552477,0.0006159664553897242,0.0053107557153985185,0.0010076539223740943,0.001853359127896258,0.0009174793200322523,0.0010477941548528791,0.0013091047376552172,0.0008892514007901197
P62487,0,172,U,test,1,0.09412312687243571,0.8521212345062527,0.0024501917731914015,0.028594018635520912,0.0035097377610338897,0.0044890226134016355,0.004988343226018071,0.003073229026563708,0.004103299124684912,0.00254779646089713
P62597,0,778,U,test,0,0.9936770913882703,0.0010823630989720623,0.0004416057781534432,0.0016674167577990931,0.00060833765758273,0.000516289447470403,0.0005919287993939848,0.0003632550257157855,0.000431375984126908,0.0006203360625153103
P62875,0,67,U,test,1,0.005822886157369658,0.9830915180198352,0.0012157846753146186,0.00395152152939972,0.0007259782175309823,0.0011783789195894255,0.001081341278823358,0.0010237933444263625,0.001039915702097487,0.0008688821556131722
P69391,2,56,S,test,2,0.0007090677523499635,0.0008453345084431956,0.9945492334516939,0.00044545997767798733,0.0005522225504705886,0.0006953531540671852,0.0006331263112108054,0.0004351408942543085,0.0005675306999160163,0.0005675306999160163
P70041,2,270,S,test,2,0.0006982031371726195,0.0009000194847783742,0.9947322709035725,0.0005458894430230666,0.000529094144150464,0.0006209947976704788,0.0005654221903368945,0.0004088522641561466,0.00047427692683465615,0.000524976708304774
P70056,0,518,U,test,0,0.99492713435784,0.001227945948560522,0.000352521722101604,0.0008022160551135402,0.00044912436368377474,0.0004526468870546573,0.0005069404527861948,0.00039326640909769607,0.00038716939038368483,0.0005010344133783211
P70158,2,445,S,test,2,0.0009646224067056222,0.0019987002930707026,0.986012444365292,0.0007750958675751724,0.0008579529632819457,0.002557000728112155,0.0009874977856618792,0.0008250853075495768,0.003982661008739042,0.0010389392740119486
P70207,4,1894,M,test,4,0.001243201313267521,0.0006680421582643088,0.0015232021376369313,0.0026563873735589096,0.9858172773150756,0.002472401124304424,0.0013868913340971817,0.0011678795596030782,0.0017361571727689859,0.0013285605114230017
P70279,0,355,S,test,0,0.9944552563912727,0.0012983338785671175,0.0003961628633856792,0.0010509095022809799,0.0004778636099302001,0.0004988443596404894,0.0005630609783207416,0.00035790328425132855,0.0003869857844569785,0.0005146793478937703
P70281,0,254,U,test,0,0.995018090307365,0.0010576835805022257,0.0003364093423206534,0.0007670465347400018,0.0004913884168852303,0.00048566360563422073,0.0005089710901029236,0.00040896973804070854,0.00042859660627651743,0.0004971807781324961
P70365,0,1447,U,test,0,0.9949160428323743,0.0012277074687281155,0.0003416719832229079,0.0007148926376324701,0.0004799562254978266,0.00047436456430677054,0.0005069347509213941,0.00044215640026853124,0.00042190857274089554,0.00047436456430677054
P70406,3,309,M,test,3,0.0034796568337662156,0.004020735899415438,0.0032181563681828902,0.9461512123925336,0.004450548698116324,0.004263364510889029,0.022251344178478582,0.0015622894714495542,0.0022554284771407465,0.008347263170027578
P70414,4,970,M,test,8,0.014769653353567721,0.009388163069238765,0.01123616043897511,0.18134242904216744,0.11526826410522452,0.01547846436242081,0.014769653353567721,0.009388163069238765,0.6134735551523491,0.01488549405324998
P70475,0,1187,U,test,0,0.9946890247832212,0.001321668511055898,0.00033629808009095867,0.0008570916126358207,0.00047425630776155153,0.0004761125208109345,0.0005270085095064089,0.00041527271449612557,0.00041204102542913664,0.0004912259349919855
P78508,4,379,M,test,4,0.001743206513074335,0.000726676600734112,0.0012753572020531487,0.0016122026058255686,0.9840372753285864,0.0052450708791531575,0.0011612259493918534,0.0012604987653541961,0.0018811779937161033,0.0010573081621110569
P79953,2,1004,S,test,2,0.0022083048844644035,0.004426183299595361,0.9263828649154853,0.0038908644242284674,0.021871705204013155,0.024021370990784004,0.0034741508789536664,0.005465606376406724,0.004730088299471031,0.003528860726597883
P80188,2,198,S,test,2,0.0006160224463631167,0.0009921218547773488,0.9945067551278006,0.0005207732250954182,0.0005269119220356156,0.0007007769417492302,0.000599406311218329,0.00042837635411654875,0.0005457656763017463,0.0005630901405419926
P80269,3,229,M,test,3,0.0023555333322314233,0.002300967604866573,0.0018202152532006746,0.9842928661550168,0.0017990090368633167,0.0011435197210349715,0.002195598693571345,0.0009045985621919896,0.0016000717705160125,0.001587619870506899
P81182,2,1454,S,test,6,0.010476847247535299,0.05662347413260892,0.019119912883117228,0.1139644540825404,0.02003749473044878,0.0930150753363087,0.39314079540966596,0.012153355483965471,0.24410666684503357,0.03736192384877565
P81661,2,232,S,test,2,0.0006109703043962205,0.0009706238785384164,0.9940866386808747,0.0005266893454774602,0.0004814330393583093,0.0008959287308417115,0.0005650551749357604,0.0004281954160227741,0.0008649784984024033,0.0005694869311523319
P82413,6,233,U,test,6,0.001900971509799893,0.0017444294378473532,0.0010335402388079223,0.001100197913736452,0.000680465157028796,0.0014071744434751626,0.9885817146749155,0.0009337258464887968,0.0009120961099669337,0.0017056846679331247
P82612,1,248,S,test,1,0.003498660092796467,0.9810373516318249,0.0009672826585846431,0.007009064627887178,0.0008738671126534925,0.0020397541181842987,0.0013118297803346767,0.0008338498149563634,0.001166765591887361,0.0012615745708905639
P82649,3,359,U,test,1,0.05544103520686519,0.6495355178620806,0.004480322226872603,0.2543617710947941,0.003201942099201781,0.008403105416710447,0.008112815903941637,0.003544226651306187,0.005532460126197544,0.007386803412029886
P82670,3,201,U,test,3,0.0018122734810143482,0.0023682712998555288,0.00199818304161729,0.9838339474507048,0.001260238323227492,0.0010737364414798512,0.003609419722605654,0.000985316096073543,0.0015024274729717195,0.001556186670449733
P82715,6,297,U,test,6,0.0018639956891299092,0.001860358641634172,0.0013570857741826649,0.0011607769446867271,0.0007642355654682315,0.0015287955804393957,0.9875067502922529,0.0010610360219280065,0.0009812979290732642,0.001915667561204777
P82869,6,466,U,test,6,0.0018511263556934864,0.0019173623636007876,0.0010044760570568423,0.000977382021880014,0.0007701585669782349,0.0018931747532238388,0.9874156885365503,0.0012069057620423583,0.0010444898640950258,0.0019192357188791524
P82919,3,196,U,test,3,0.0026964236339255643,0.0026160169728178867,0.00146458906418511,0.9856423160178096,0.001672613336842555,0.0010026720698410596,0.0012874565266934865,0.0008377638971271698,0.0014876531499836065,0.001292495330773945
P82920,3,87,U,test,1,0.0075859454000127766,0.965819519285591,0.0031102270341796857,0.012157873588801897,0.0012420050466990247,0.002302313696729879,0.0024700218596972533,0.0014184142081436638,0.002311324476410874,0.0015823554037339982
P82953,2,146,S,test,1,0.03403655605969441,0.7305819356804053,0.1309861152131479,0.05700050824329853,0.006126302333056365,0.008844350002277178,0.012768311584939221,0.0029394319278219973,0.00926879940153649,0.007447689553822599
P83183,0,84,U,test,0,0.9811378227420936,0.004021450210688386,0.0025586868755430136,0.005566897989693186,0.0018214819974480456,0.0008210062687038805,0.0016714858686240114,0.0005342389655778515,0.0007359452061680502,0.0011309838754599818
P83326,1,185,S,test,2,0.0009434383728848192,0.001240126346506003,0.9910916612557328,0.000635873539894749,0.0008228815623772883,0.0013304613868103264,0.0008556614431510411,0.0005481573207581558,0.001655785903018484,0.0008759528688663043
P83411,2,40,S,test,2,0.0008518227990274798,0.0008353471169410627,0.9943837947234088,0.0004891607019426082,0.0005186787446804126,0.0006111529268976831,0.0006063969524895047,0.0004350685143502387,0.0006404827842258941,0.0006280947360363809
P83428,2,55,S,test,2,0.0009843982297249802,0.000789442836009875,0.9945039034337078,0.0004797574013681138,0.0005457640771045397,0.000537302778277438,0.0005994045928940809,0.00040875839983469926,0.0005947399471399308,0.0005565283039385445
P83456,4,477,M,test,2,0.0020638551626396408,0.005290866153130609,0.9361382577988829,0.0040408323603803985,0.006007057904140322,0.006149511149374025,0.002000356887950067,0.0020638551626396408,0.03253733151015537,0.0037080759107069377
P83553,2,148,S,test,2,0.0011159771456664802,0.001314942470053742,0.9930152413082994,0.0007867230433762766,0.0006079324957083931,0.0008949631069900088,0.0007107450437986929,0.0003986918304108744,0.0005492212179024087,0.0006055623377936892
P83562,2,82,S,test,2,0.0008486607849093126,0.0007925853316445125,0.9945700264183229,0.0004524844179877092,0.0005565653275028613,0.0006160616448274062,0.0005697638557431722,0.000408785571728651,0.0006306711266972596,0.0005543955206361758
P83636,2,106,S,test,2,0.0006482624289723451,0.0008340128244246099,0.9947365276446066,0.0004152925455786576,0.0005148249545155714,0.0006740863199479012,0.0005654245909541146,0.00043522282266151094,0.0006283175708681724,0.0005480282974704967
P83673,2,184,S,test,2,0.0007958219058062828,0.0008723339039307546,0.994738132246476,0.0005208943509897497,0.00047058887026442804,0.0005416444526579587,0.0005610253353947677,0.00036649496579679164,0.0005654254857114904,0.0005676384829717423
P83758,0,448,U,test,0,0.9912197142684999,0.003306238961697652,0.0003539626830794367,0.0019172451281133831,0.0005110048300027408,0.0006285466464565272,0.0006092082567731693,0.0005070281407570734,0.00044396866663265483,0.0005030824179874771
P83773,1,524,S,test,1,0.003246614551322047,0.9862613793520272,0.0012983690780392547,0.0031503782004079226,0.0005852207838423902,0.0010432687778249403,0.0012535163522003458,0.0009499070703126363,0.000972433433988668,0.0012389124000346241
P83774,1,317,S,test,0,0.9665385699410288,0.0174283141994848,0.0005181301876753259,0.007673583652239631,0.0013127953671822038,0.0017256368966346695,0.0012823844191902627,0.0014817923816841142,0.0012236597456636777,0.000815133209216538
P83783,1,450,S,test,1,0.0029933213172211176,0.9875347740174105,0.001138357809354805,0.0021518015111356816,0.000706822445778765,0.0010528088448665302,0.0011837048374134674,0.0009437318196681601,0.0009585933998420343,0.0013360839973088816
P83800,2,72,S,test,2,0.0006306726188700193,0.000950457216407248,0.9945723222986713,0.00045961105465177146,0.00044896420301139734,0.0006845886343689318,0.0005832767351643321,0.0004454703169173702,0.0006481554662073452,0.0005764814557302858
P83911,2,43,S,test,2,0.0009519333720065071,0.0008335407301254807,0.9941733967620682,0.0005205986345608804,0.0005125275599023441,0.0006504312942642018,0.0006632599141134263,0.00043838802199928884,0.0006279618554798552,0.0006279618554798552
P84033,2,245,S,test,2,0.0006064742173760599,0.0009086491526964903,0.9945105045074956,0.0004930600274078948,0.0004560059918997119,0.0008018801237413277,0.000565296140099951,0.0004151981735446519,0.0007035223925988008,0.0005394092731395904
P84285,5,609,M,test,5,0.0013859872084241547,0.0012136109471941228,0.0011762720180986072,0.0010794078471483095,0.003815638341019903,0.9813337849527015,0.0009828121298955488,0.0018433211324088631,0.005744757321727654,0.0014244081013812953
P84338,6,99,M,test,6,0.004792022046055892,0.008025127299671834,0.00967778823747555,0.004590475905380584,0.004346175535181105,0.010735898374685606,0.9421857901006844,0.0032424443244572303,0.006931617122351806,0.005472661054056066
P84787,2,233,S,test,2,0.0006231544088199002,0.0009155820199826912,0.9943000287133217,0.0005145990397880234,0.0004740708490798469,0.0008207223899825932,0.0005651764923257703,0.00040549430684090154,0.0008048481709876906,0.0005763236088708988
P84805,2,239,S,test,2,0.0006836663051254871,0.0009831395902848573,0.9932323430020373,0.0005282963252724486,0.0007656698959232807,0.0010243020679274314,0.0005870594603308608,0.0004885942778033446,0.0010671879579484873,0.0006397411173464678
P84808,2,238,S,test,2,0.0007055643470510497,0.0009512968009410389,0.9935085551181021,0.0005284432488376815,0.0007194803449423366,0.0009550200543348114,0.0005895210772651974,0.00047740868761986314,0.00094205196829403,0.000622658352611939
P84809,2,95,S,test,2,0.000581026132586544,0.0009158694838227913,0.9946122119995215,0.0004420213495734599,0.0005249133656686118,0.0006740020438081599,0.0005653539527942332,0.0004385815387650671,0.0006740020438081599,0.0005720180896513894
P85070,2,67,S,test,2,0.000845347936258918,0.0008289974614353046,0.9945650758063795,0.00045960772095041857,0.0005352409561028532,0.0006160585733325284,0.0005924577517863233,0.00039931409721153077,0.000594776570527395,0.0005631231260152015
P85071,2,66,S,test,2,0.0008257473517831697,0.0008436800255110991,0.9945432777119938,0.0005008411061847028,0.0005653147612366768,0.0006136432997621871,0.0006112509649858851,0.00040243712998188204,0.0005394270796124436,0.0005543805689481421
P85109,2,236,S,test,2,0.0006063414046418705,0.0009336333348862635,0.994292713496184,0.0005145952372913043,0.0004815328170172756,0.0008805001544786651,0.0005520801596561137,0.00042495123981897313,0.0007785577501747433,0.0005350944058508413
P85886,2,69,S,test,2,0.0007489363682119736,0.0008306177352169125,0.9945645557132521,0.0004250674124546635,0.000541549951620604,0.0006635208628121363,0.0006041425791708148,0.0004454668431007361,0.0006282089474576874,0.0005479335867024175
P86037,2,80,S,test,2,0.0007461689646494753,0.000809958799456587,0.9947678007351171,0.00042848880495330213,0.0005416606521768965,0.0006161841544484379,0.0005610420573364173,0.0003993954805212839,0.0005833914129649858,0.0005459089383755559
P86038,2,79,S,test,2,0.000737473114609126,0.0008179042898720071,0.994764139496645,0.00043523491332147357,0.0005395468595140494,0.0006234452906885324,0.0005566739407282402,0.0003962858953512298,0.0005833892793674929,0.0005459069199028754
P86040,2,80,S,test,2,0.0007461723853429338,0.0008005261211355199,0.9947723306082115,0.00042849075144594774,0.000541663129310448,0.0006113917214034679,0.0005566785532775744,0.00039939730885772765,0.0005995663685338181,0.0005437830524811459
P86188,2,80,S,test,2,0.000749090840445648,0.0008020891012262265,0.9947697181211926,0.00043185032120063755,0.0005395499119587643,0.0006113901128660584,0.0005566771122500976,0.00039628811062369533,0.0005995647584590319,0.000543781609777166
P86399,2,64,S,test,2,0.0007774118830927085,0.0007789317433784409,0.9947703818586026,0.00044555902480984173,0.0005332643230887905,0.000594899311377885,0.0005545072096606575,0.00040568610634176546,0.0006019118213569482,0.0005374467182904575
P86413,0,259,U,test,0,0.9950100514194195,0.0010004091641885248,0.00040896642799022554,0.0008590444043810919,0.0005460418942262141,0.00047440936153799677,0.0004991226762649049,0.00032605648076733634,0.00039023849081866083,0.00048565968040561287
P86483,2,67,S,test,2,0.0006528221393104843,0.0010190409077808008,0.9939375768964411,0.0004966409018724434,0.0005716301288427563,0.0008382402141967878,0.0007114051864111667,0.0005328178975292801,0.000592083953381205,0.0006477417742339157
P86500,2,83,S,test,2,0.0007608705354695966,0.0008878120847763201,0.9947477945979675,0.0004970457420327625,0.0004705934425930548,0.0005698656865678865,0.0005416497530394431,0.0003931955232916025,0.0005788397953502473,0.0005523328389116511
P86716,2,166,S,test,2,0.0009016218202401295,0.0008322368917826294,0.9945588659874405,0.0004969513368998327,0.000531072376524156,0.0005742261391330528,0.0005653236266853136,0.0003931208611099846,0.0005878435302996651,0.0005587374298847742
P86718,2,171,S,test,2,0.0007958256845153794,0.0008471520325768644,0.9947428087234527,0.00048363633601757104,0.0004931752031704867,0.0005788369095021352,0.0005566620039585761,0.0003840852349142841,0.0005676411904877619,0.0005501766814042354
P86899,2,127,S,test,2,0.0005925933941509665,0.0008809429403008309,0.9947927370256195,0.0004490636784370564,0.000520922934577285,0.0006767629023843661,0.0005250086471097578,0.00042516494931628667,0.0005972411599119205,0.0005395623681920278
P86937,0,839,U,test,1,0.008844322559493018,0.9716488925849337,0.0009961893237567388,0.01109326611479805,0.0008791339623595493,0.0018466432103390997,0.0011376838676023008,0.001230129498121935,0.0013197363413066658,0.0010040025372889114
P86938,0,839,U,test,1,0.016324199486901676,0.9561943164804222,0.0011551280017830052,0.017107613212936978,0.0011022308533771422,0.0023887581224618067,0.001404278584783026,0.0015302958548093657,0.0016289916102557767,0.0011641877922689817
P86947,2,238,S,test,2,0.0008374320806918425,0.0013606145421415253,0.9929793575339916,0.0005710790546601953,0.0005039755001533063,0.0009714381986022381,0.0006808274148587223,0.000515926932910584,0.0009714381986022381,0.0006079105433877431
P86950,2,394,S,test,2,0.0008234868880792381,0.0015175853635885862,0.9918206938531599,0.0006119634495625197,0.0004547726424989642,0.0007126684655862449,0.0008463148267632097,0.0006313893250862104,0.0017576382975958843,0.0008234868880792381
P86957,2,329,S,test,2,0.0008207806683147985,0.0009246326196273232,0.994370604798776,0.0005027139966918098,0.00046675420724676895,0.0005652165659032947,0.0005763644967343762,0.00039612913758662585,0.0008159854631675798,0.0005608180459514281
P86965,2,98,S,test,2,0.000737174886130274,0.0009689981501050186,0.9943618453407298,0.0005288970887189567,0.0005106261098112617,0.0007089341563956058,0.0006256322342423089,0.0004119055008002195,0.0005741123962238871,0.0005718741368427044
P86987,2,183,S,test,2,0.0008944380437063544,0.000885745835164098,0.994372882491763,0.0005186730610843229,0.0005309730387947868,0.0005808863427559136,0.0005808863427559136,0.00038095454503568577,0.0006871302291224734,0.0005674300698174533
P86994,2,67,S,test,8,0.0066804554902552575,0.0039272377997638585,0.009202716824957224,0.01574634380023471,0.21441988537152357,0.04076321029644678,0.006525703206759535,0.01425344769061174,0.6814250315094016,0.007055968010045752
P87061,1,1147,S,test,1,0.002236386119229417,0.9889641383589872,0.0006860673802658154,0.0022716040759475434,0.0009018185761807273,0.0010139418774164875,0.0007774161964979903,0.00116249001279103,0.0012326397774185646,0.0007534976252651809
P87074,0,778,U,test,0,0.9926900842822494,0.0020842369456576344,0.000284838914146946,0.0014902645188592332,0.00048452732050482575,0.0006221454019743103,0.0006148971507867165,0.0006726995151066436,0.0005405292926645436,0.000515776658049765
P87113,5,219,M,test,3,0.008076617478698658,0.014869686970845227,0.0029974508704055506,0.9491574648394449,0.006210726458724538,0.0071206324425870555,0.00207627355380571,0.0019052957482354317,0.004517318261771927,0.0030685333754810864
P87122,5,743,M,test,3,0.0439852452819754,0.026117720887730934,0.024631355962641068,0.6762212110009523,0.03800105745916458,0.011910944701049558,0.040137116813230886,0.01277857888240587,0.10370188668625041,0.022514882324599
P87141,1,1313,S,test,1,0.0026893098406986834,0.9886491659774969,0.0009086021718288109,0.0020838771960921907,0.0008272917029017295,0.0008737941015494452,0.0009157284204586762,0.001091710463313301,0.0011002729279941783,0.0008602471976661581
P87143,0,565,U,test,0,0.9949220600615527,0.0011803936885802725,0.00035807130880420905,0.0008440013856229494,0.0004597726901430078,0.0004526445802844131,0.0005169363360696036,0.00038415442250770926,0.0003963488105458921,0.0004856167158892634
P87232,3,144,U,test,3,0.010156181551065553,0.013298002885346275,0.002744197821179517,0.961855104996242,0.002222319113917619,0.0017172751097808466,0.002347236711253646,0.0015635968746112935,0.0023380857685470816,0.0017579991680560707
P87262,1,121,S,test,1,0.008617463540720266,0.9691767714003053,0.0025975585506942136,0.007228340969576789,0.0013163785944938652,0.002187363808224899,0.0035090777169298937,0.0013061345118117235,0.0018563914386638717,0.0022045194685791935
P87299,1,285,S,test,1,0.0025678708792253925,0.9885133604927386,0.0007075228140523735,0.0024574686471408947,0.0007590612714230773,0.0011218197779375681,0.0008080164729320561,0.0011218197779375681,0.0011350433936803948,0.0008080164729320561
P87323,1,522,S,test,1,0.0020287948982523423,0.9891985953770068,0.0007595874257416516,0.0018328634937202113,0.0009602084467497446,0.0010880586597231292,0.0008473809903226449,0.0011627656291246494,0.0012474653402056942,0.0008742797391530857
P91685,4,976,M,test,4,0.0013059403556428025,0.000587484933938984,0.0009206401837786534,0.001553874473434807,0.9900770705199001,0.001703267451793484,0.0008581310391883996,0.0010721411524337514,0.0010150828638785198,0.0009063670260104456
P91870,1,824,S,test,1,0.002402139184347178,0.9862775433331047,0.0017200877586981901,0.0025998694488632277,0.0008188845428789148,0.0008383038413670156,0.0011638696573050991,0.001366027080196695,0.0014944381889830743,0.0013188369642559324
P91889,2,331,S,test,2,0.0009263967887874325,0.0008909071108314932,0.9943238899027407,0.0005186475091881595,0.000500730608357569,0.0006063604041363858,0.0006280569031659716,0.00040550403540402796,0.0006231693220966658,0.0005763374152916079
P91926,4,940,M,test,7,0.03044850460047124,0.05380534150959201,0.007246292854211616,0.05644260869232411,0.04373809438807488,0.03697983646199605,0.013121340772098127,0.5241301198841151,0.2117677089156394,0.022320151921477478
P91943,0,751,U,test,0,0.9915181740485592,0.0031190189224414794,0.00035131385497869176,0.0018606333192705327,0.000503233856172687,0.000602292070341399,0.0005837615433209802,0.0004993177025835569,0.00045109596879084696,0.0005111587135405564
P92935,6,618,M,test,6,0.0016948496996885562,0.0017081424659410593,0.0011334320732600497,0.0011924757088019012,0.0008324822457569604,0.0018254249579567358,0.987110074449061,0.0012303288467511665,0.0012893736464461615,0.0019834159063364743
P92990,2,626,S,test,1,0.002983718911872282,0.987737070919492,0.0008867355747315397,0.002993934589310381,0.0006798837644709916,0.0009513283839572507,0.0008936903425525523,0.0010326572346636954,0.0009815266934084215,0.0008594535855408965
P93009,6,182,S,test,6,0.0031093195454642165,0.0029785457930182977,0.0021962420621163587,0.006569586110800009,0.0014977069535936612,0.0033033952921718737,0.9731105391565916,0.001451627208903596,0.0012034412723348994,0.0045795966050054555
P93025,4,915,M,test,1,0.0025537838225975574,0.9883849009872484,0.0008735605668195747,0.0020310891346637305,0.0012128186760834807,0.0012860055995207774,0.0008533245607791949,0.000929900450031971,0.0009519523601386057,0.0009226638421166874
P93030,5,193,M,test,4,0.24695241704255025,0.008995240646365702,0.011460234528465736,0.03850534970272225,0.3482587075148204,0.08017370931982137,0.01554238253363055,0.20795476649655256,0.021078596107535583,0.021078596107535583
P93032,3,367,U,test,3,0.002811071717685764,0.004634673743336827,0.0018078884018036215,0.981453426386856,0.0016332911454875147,0.0013753690398472507,0.0014190279290865724,0.0011764154861238596,0.0016079692993934665,0.0020808668503791653
P93050,4,617,M,test,4,0.0011223899865577724,0.0005687995328007474,0.0011947779617731947,0.0011580184285571984,0.9890158332646768,0.002799729692109774,0.0008439214059177347,0.0010502772171509106,0.0012041486962716093,0.00104210381418424
P97361,2,278,S,test,2,0.0009316983909972536,0.0008960055664484866,0.9941718899217294,0.0005065555918634249,0.0004890564465260796,0.0005392256340945033,0.0006279608930347042,0.0003899097860448561,0.0008270528231785399,0.0006206449460827232
P97363,5,560,M,test,1,0.002903862684935054,0.9855405106594508,0.0013178514004509594,0.0023310415933562806,0.0010104317320174434,0.001745869535352586,0.0011813143967969344,0.0011097422611621062,0.0011539492307868484,0.0017054265056909948
P97368,0,378,U,test,0,0.9951109445067226,0.0008968518953716779,0.0004026668383573053,0.0007686178552455546,0.0005460972400662147,0.0005030882972395117,0.0004972271931478913,0.0003695078542714095,0.00040582501146466186,0.0004991733081131743
P97430,2,131,S,test,2,0.0009281067307807807,0.0007784972264173154,0.9942154372734747,0.0004929137099862075,0.0007370663567711014,0.0006555603901656236,0.0005651283961688314,0.0004282508848891481,0.0006555603901656236,0.0005434786411806639
P97468,4,371,M,test,4,0.001362623931935362,0.0007250989096585534,0.001014595803524833,0.0015112358830758703,0.9896019827232229,0.0016925039602655623,0.0009383477294396544,0.001018566846380675,0.0010550126402228356,0.0010800315722738426
P97484,4,841,M,test,4,0.0012615836086932496,0.000586690891838478,0.0013694361048115595,0.0012566651783600166,0.9887388933302703,0.0027636367723599255,0.0009086846315732945,0.0010337046020736265,0.0010748826754524096,0.0010058222045671295
P97586,2,281,S,test,4,0.011799158877362105,0.018132680132023946,0.32647089538820323,0.024352577244223475,0.36993999443313136,0.1706992601537511,0.01757479558562472,0.014915536352877108,0.0331562592114492,0.012958842621353772
P97852,9,735,U,test,9,0.003122623170132404,0.004251480227263297,0.004234905013255317,0.004941444988972989,0.0038710165507504913,0.0043268735858579335,0.005654340310126282,0.0032724811258568946,0.004201949231663161,0.9621228857961213
P98088,2,5654,S,test,2,0.0007817219249110496,0.0008468954101496012,0.9944415250331958,0.000502749847912833,0.0006281312394715294,0.0006844986044938302,0.0005310097242487617,0.00041193850851632593,0.0006405199828514814,0.0005310097242487617
P98137,2,590,S,test,2,0.0006688767480514003,0.0008843885946651809,0.9947902857363233,0.0004836594305260032,0.0005480579476209465,0.0006019238457355842,0.0005128455692357553,0.0004088761128189161,0.0005698900715829476,0.0005311959434399464
Q00805,2,444,S,test,2,0.0006306723424973167,0.0010137339214110854,0.9945718685892024,0.0005436734736976884,0.0005187768898879423,0.0006792608442173268,0.0005208072897674232,0.0004284044210592173,0.000571994938492148,0.0005208072897674232
Q00870,2,350,S,test,2,0.0007053633443060049,0.0012998981382408264,0.9932255134434301,0.0007053633443060049,0.0006056905831709583,0.0011075270578912357,0.0005536460658860654,0.0005241815225975275,0.000727753968781684,0.0005450625313896126
Q00IB6,0,440,U,test,0,0.9946565062689867,0.0010480472779897496,0.00036078335778717797,0.0009123394258557486,0.0004970000904287792,0.0005437197739128405,0.0005609793359914405,0.00047424080626606434,0.00041525915436900886,0.0005311245084124547
Q01081,0,240,U,test,0,0.9947813087835508,0.0008913169672759939,0.00046694697505066823,0.0007698654030103474,0.0005721153537365006,0.0004931942643754329,0.0005925865804914919,0.0004088724063358629,0.00045613015818277445,0.0005676631079901748
Q01117,2,624,S,test,2,0.0007925936132164019,0.001448578486918781,0.9926397768270895,0.0006418618308693185,0.0004807323255267776,0.001220421076868388,0.0007562981055972892,0.0004587179818700736,0.000926635802037861,0.0006343839500056219
Q01163,3,450,U,test,3,0.0022177885798077305,0.002748650619802561,0.001398741678500516,0.9865034061241359,0.0011371688952690952,0.0009879895222785456,0.001366339916964022,0.0008450721879326533,0.0014601537902686058,0.0013346886850404166
Q01329,0,785,U,test,1,0.0022910286716169765,0.9886927824514361,0.0006100335294050635,0.00210236599686927,0.0010057752011463819,0.0010917586284370508,0.0007358408929483977,0.001327241101942846,0.0014073326332495236,0.0007358408929483977
Q01846,1,1127,S,test,7,0.02292848588173589,0.03578212148845507,0.008304147134856898,0.017239853916352983,0.014861683513483515,0.22620520227426405,0.008567748679076542,0.4498627529931164,0.20276904313867863,0.013478960979980017
Q01989,1,1253,S,test,0,0.964670879937353,0.01986530139208893,0.0006537122244913809,0.008477469352873829,0.0010862425453996862,0.0012699460478487119,0.001341330412976624,0.0009075896054979902,0.0009075896054979902,0.0008199388759718962
Q02040,0,695,U,test,0,0.9949094240233902,0.0010350892199618128,0.0003932594280416705,0.0008572815075442351,0.0005049550486389209,0.0004725120167576777,0.0005291883549666342,0.00037525076214805597,0.0004121323322483835,0.0005109073063024425
Q02127,3,395,M,test,1,0.029482757608759635,0.43409297251624035,0.021360426258539015,0.14314867206428503,0.013211283066163712,0.01757060883124916,0.0464735679204088,0.010782734967751964,0.007950690484423855,0.27592628628217847
Q02204,3,264,U,test,3,0.0054538181862674485,0.009423352274424548,0.0029826146353711235,0.9725384788593322,0.0009664237215662739,0.0010865794612630302,0.0026788251440063187,0.0010207469495336,0.0015933635026037405,0.0022557972656317353
Q02353,7,882,M,test,7,0.0023302763024058283,0.002900075490943647,0.0036732063691108626,0.0019318668854753534,0.004219584891520762,0.0076705865527832715,0.0037529767048541463,0.9623943691644783,0.008760084900074202,0.002366972738353591
Q02455,0,1875,U,test,0,0.9942895649320118,0.0015065781970305708,0.00030848054382556854,0.0007546016814889994,0.00044883655460423985,0.0005740706490991603,0.0005564084045479897,0.0005831109406393149,0.00048153130845700505,0.0004968167882953518
Q02457,0,562,U,test,0,0.995091167033144,0.0009659283359254846,0.00033907271035398434,0.0007206264179784817,0.0005251661468198752,0.0005150085028720891,0.0004914245056781397,0.00042862810409673635,0.00043537800975264215,0.00048760023337850975
Q02614,0,308,U,test,0,0.9950233073684127,0.001077497439487269,0.000360916418365584,0.0007405524215493147,0.0004933142617632771,0.00047813658421003033,0.0005230830582372692,0.00039638915848100846,0.0004154122671643114,0.0004913910223292709
Q02648,1,567,S,test,0,0.9922716093199899,0.0018913702858968358,0.00045854784411634655,0.002226403400361244,0.0005277853167772247,0.0005445390563350963,0.0006146379152274508,0.00040466706868191025,0.00044098117621379135,0.0006194586164001809
Q02775,0,382,U,test,0,0.9942258288802328,0.0013722531647204122,0.0003868965080392723,0.0012379883594625383,0.0004703464955995993,0.00048150042119302625,0.0005413655398097885,0.0003495318497418203,0.00040546402258728216,0.0005288247586134903
Q02792,0,1006,U,test,0,0.9947424841965608,0.001137187458889335,0.00038408508999676524,0.0009358818332000456,0.0004970430616881905,0.00045968968887486833,0.0005229354032302688,0.00040251774076279493,0.0003931934256070236,0.0005249821011899308
Q02866,1,612,S,test,1,0.002620123571352423,0.9862260266637548,0.0007573048385274871,0.002314510067122597,0.0013713018331671042,0.0011105141652229702,0.0008448345508107601,0.0016999592847945673,0.0022171649715584762,0.0008382600536887781
Q02873,3,248,U,test,0,0.9273293484708153,0.04011232980160584,0.0016948958779912232,0.020973219659695272,0.0015553239118191332,0.0018469928528532518,0.002456444671981048,0.0010523847833543813,0.0012303623989592953,0.00174869757092527
Q02953,0,609,U,test,0,0.995090734946682,0.0009546745121167895,0.00035813199569008304,0.0007039328161606366,0.0005030781070263944,0.0004838054943684443,0.0005110004016531023,0.000438792525507559,0.0004286278974012716,0.0005272213033937462
Q02981,3,657,U,test,1,0.12903676446442325,0.47942972953626634,0.013707043744057113,0.31441768483359883,0.005409855353113124,0.008057955351535463,0.01590044734593255,0.007749259612465098,0.010266100859597765,0.016025158899010482
Q03178,2,341,S,test,2,0.0005925577332736886,0.0009543311636762179,0.9947328901304578,0.00047613350176781903,0.00043183432711244615,0.0005972052076999565,0.0005311652963408731,0.0004386347574689971,0.000682029721396401,0.0005632181608057156
Q03180,2,325,S,test,2,0.0005564141058624934,0.0011011715448787337,0.9942998266986588,0.000508603669209268,0.00043164632675062536,0.0006817328205166555,0.0005808436297249977,0.0005066208251259882,0.00071724613139369,0.000615894247878768
Q03218,3,510,M,test,3,0.002459842016041509,0.0024937037439455956,0.0016163577477287532,0.9827272045408014,0.002955568306198427,0.0018173198327019603,0.0013140895265964419,0.0011871809811622308,0.001754539721178146,0.0016741935836455458
Q03266,1,374,S,test,1,0.002419646565813619,0.9886266222851818,0.0011396164560777608,0.0018642880415574961,0.0007651022226736933,0.0011175742607865869,0.001005707974731395,0.0009228895257894456,0.00090151078147278,0.001237041885915393
Q03370,9,554,M,test,9,0.015225586193240794,0.01843744368700296,0.01924694547873241,0.017185586059502884,0.238168250320042,0.14788203247091286,0.013541917163315344,0.023307112972799953,0.029636093835622008,0.4773690318188288
Q03406,0,294,U,test,0,0.9946402217523657,0.0009864579685819504,0.0003931530134903872,0.0010739316309124516,0.0005415911710489507,0.0004892868120488891,0.0005352814020796572,0.0003664588915360561,0.00039934427165607664,0.0005742730862799742
Q03431,4,593,M,test,4,0.0013178241976209894,0.0005734702400651468,0.0011675274814415533,0.0014417039497618197,0.989377290211855,0.002133823867375877,0.0009308340680757123,0.0010303393629382811,0.0010630458973810548,0.000964140723484549
Q03445,4,991,M,test,4,0.0011997523145779582,0.0006248594065767678,0.0009343680169191548,0.0015315123143477306,0.9892616416637945,0.002318802044150599,0.0009527967350361135,0.001167391070427585,0.001014246847194444,0.0009946295869751357
Q03482,4,75,M,test,4,0.015631851471261348,0.005584605274814684,0.09083786991715719,0.009171561726654003,0.8096291169879258,0.022539681778806747,0.008350802008026736,0.007283698610410361,0.020739196747200053,0.010231615477743096
Q03496,1,1420,S,test,1,0.2072048938103157,0.4386527848578602,0.003915559045734515,0.056370746501825976,0.02043607836711056,0.045564130075920736,0.014662169892328335,0.15640646262953,0.04952887459526455,0.007258300224109461
Q03529,5,384,M,test,5,0.0013066516504726669,0.0010960211906464797,0.0010748223112758885,0.0013693591084187452,0.00366459505053344,0.9848288202365186,0.0012227001440142996,0.0011943761817867825,0.002920600147787262,0.0013220539785457602
Q03560,0,1150,U,test,0,0.9948646958630453,0.0010889608670797584,0.0003608588638388142,0.0006847898498703826,0.0005148912624773907,0.0005209606345405785,0.0005502440989149575,0.00045261848414653483,0.00044909616335111054,0.00051288391273517
Q03562,1,455,S,test,7,0.004852050025836996,0.002908631020136957,0.0033609168893550347,0.0031696465139456377,0.010680971759184253,0.008237510990534887,0.0034138434860650937,0.9502689324226116,0.009887935678906185,0.003219561213423443
Q03652,3,475,U,test,0,0.9267827295182917,0.025681776567092213,0.0016807148806384014,0.032719433871340305,0.0022092578568989815,0.0024646053527418556,0.0027927634241818,0.0012886486308437723,0.001817285903527393,0.0025627839944435725
Q03673,3,198,M,test,0,0.3447976630354672,0.3341893468908689,0.0057500455471483245,0.2727573986015113,0.0045132625933349945,0.011525019807241724,0.008836539094618455,0.004443290461195071,0.006464950221450152,0.0067224837471639145
Q03774,0,444,U,test,1,0.0024175423429154573,0.9887320328305693,0.0006648032710359553,0.002528001849425832,0.0007651838307008112,0.0010377432218086676,0.0008019057609252179,0.0011133359925381131,0.0011622171530610835,0.000777233747019554
Q03776,0,544,U,test,0,0.994317736999418,0.0012662263935228494,0.00029667125540189904,0.00112181442887454,0.00045949340588531375,0.0005330216628910388,0.0005288736674534462,0.0004968308654490702,0.00046672937676507377,0.0005126019443387808
Q03833,0,894,U,test,0,0.9950600590712411,0.0010464266373045356,0.00038420772796123243,0.0007730951779500567,0.0005030625800728934,0.00048002570149880406,0.0004952633343985891,0.00036376059592731994,0.00041219473229289343,0.00048190444135257435
Q03834,0,1242,U,test,0,0.9945796803487347,0.001237220224773173,0.0003523986274506342,0.0009412274919666913,0.00048544962561966804,0.0005127370247460366,0.0005394468293180146,0.00042840778324761114,0.00042840778324761114,0.0004950242608959205
Q03860,7,143,M,test,7,0.005627928333626064,0.003314956534362721,0.002824378447870429,0.002512054091438208,0.008413528375123188,0.018131727818026695,0.003263562899027178,0.9446252452510046,0.0071771721412325325,0.004109446108288443
Q03921,7,1698,M,test,1,0.0059063857133725434,0.9779015998802012,0.0005160942160288678,0.005346406650670748,0.001470215588773226,0.00240511213718351,0.000927253359423718,0.0022243650280032406,0.0025156177406204677,0.0007869496857225305
Q03937,0,162,U,test,0,0.9831995800945512,0.006547566394667582,0.0005437923155852587,0.005220174702830276,0.0006982431398355812,0.0009178233297087922,0.0009250219292222027,0.0005972389964029941,0.0006357576243351841,0.0007148014728609461
Q04031,0,235,U,test,0,0.9948844516016611,0.0009563426332456147,0.000408914821624973,0.000858935952430947,0.0005271120569800064,0.000491322435655002,0.0005567412703869093,0.00036654889863617954,0.0004121219764950587,0.000537508352884276
Q04213,0,475,U,test,0,0.9949142992848481,0.0010260365797609024,0.00036943484439503715,0.0008589617708392528,0.0005209866286239757,0.0004990746429538923,0.0005129094997485133,0.00037525258442014966,0.0004121343308963361,0.000510909833513844
Q04217,0,1267,U,test,0,0.9949563448101643,0.0011666818642035383,0.00033377066139721764,0.0008277053726378966,0.00044564229891046165,0.0004781044135716328,0.0005069553257052951,0.00039021744144634616,0.00040894435544320813,0.0004856334565201856
Q04231,0,177,U,test,1,0.060888288470905515,0.5384681586953995,0.015945825130646994,0.13093040355576036,0.010663783396728195,0.01886231347758986,0.06269851105603988,0.00830496347092888,0.006028756967038589,0.14720899577896224
Q04235,1,462,S,test,1,0.006652666786955499,0.9701392580038297,0.001902301664606987,0.011427621732456482,0.0009271078700541287,0.0020649290750046835,0.002452163870735186,0.0012378512900418437,0.0013595137838348268,0.0018365859224806701
Q04341,3,121,S,test,3,0.002798561549772345,0.0043770335809020285,0.0026187557369767994,0.9809098734783707,0.0013962542090138895,0.0016776378728811693,0.0016710975429607626,0.0011666140182195867,0.0016260224566763942,0.0017581495542263585
Q04712,0,507,U,test,0,0.992111294467607,0.002669434301025695,0.0003460741444630266,0.0017327983312375287,0.00045136578794574724,0.0005841107278988653,0.0006073790677996209,0.0005235934980226242,0.0004584737588839678,0.000515475915115887
Q04806,1,366,S,test,1,0.002681692009202522,0.9840939532221896,0.001032875132184742,0.0050051699295441555,0.0006934395889518022,0.0019221418557464987,0.0013314288212175683,0.0008496199775552977,0.0009779065020367466,0.0014117729613710897
Q04924,5,702,U,test,1,0.004508128796598126,0.9804015627823567,0.0014398295710258055,0.0034070706016393485,0.0014064758832653403,0.0023462210941621146,0.0017367659375865728,0.001203022648727226,0.0017165321400096174,0.0018343905446292202
Q04949,1,312,S,test,1,0.0030218949640527745,0.9882376391771216,0.0008871849407625395,0.0026193854640442845,0.000605007623957384,0.0009153472645661809,0.0008077910818829954,0.0009743820028756258,0.00103722427921425,0.0008941432015223905
Q04952,3,1785,M,test,5,0.0020085707553067207,0.0016329564994135575,0.0021132027475200123,0.0010379702662903247,0.005007804666263195,0.9736161495943633,0.0012422876474458863,0.0018795213486650312,0.004901362415857242,0.0065601740588747195
Q04969,5,178,M,test,5,0.0013223477056553646,0.0012519736064087999,0.0015826430130658072,0.001452314799223464,0.004365552028862304,0.9812072834660571,0.001588837354997541,0.0015339502165257024,0.004314692045015519,0.0013804057641884065
Q05021,0,590,U,test,0,0.9949661209205524,0.0009288075037832073,0.0003811818017815903,0.0007434081595059827,0.0005417686425483066,0.0005210137665896182,0.0005271553160286483,0.00043193557193367044,0.00042523904146776715,0.0005333692758088005
Q05031,4,458,M,test,4,0.001991505285244485,0.0006193542696414705,0.0007184634767459945,0.002507684134704364,0.980546060669788,0.004594354999325523,0.0010372231614888048,0.0036522236098901215,0.002975041651712062,0.0013580887414592264
Q05123,0,467,U,test,0,0.9948304539244919,0.0009488488054293332,0.00037230099685957665,0.0010021840271607096,0.0004912957792500898,0.0004724745331041401,0.0005395828244448414,0.0003608464551343807,0.0004120996176382179,0.000569913036486796
Q05201,0,766,U,test,0,0.9940388083763552,0.0016901597644128003,0.00031571631175001953,0.0010774830460185904,0.0004593645225745038,0.0005307946639904809,0.0005349577340568757,0.00044872334737955545,0.0004150012633016589,0.0004889909701603672
Q05394,4,352,M,test,4,0.0013603981458630413,0.0006604202876054387,0.0010030947850504382,0.0014481362850625138,0.9899170570589285,0.0016798674645817234,0.0008852279580277145,0.0009875430975773843,0.0010512342589958515,0.001007020658307421
Q05471,0,1514,U,test,0,0.9949849123609724,0.0008862910164685473,0.0004285823291330777,0.0008391234839489961,0.0005567975140590905,0.0004818680691813085,0.0005169689783984349,0.00036946106707479566,0.00040261583216084375,0.0005333793486024649
Q05635,0,350,U,test,0,0.994492467436401,0.0010196097942259672,0.000402416571704313,0.0011576280656967585,0.0005331153758009118,0.0005008155393651096,0.0005415107244070245,0.00037803539226595576,0.0004454345333069322,0.0005289665668260777
Q05812,4,728,M,test,4,0.010951787386347363,0.04198249488113208,0.010594125053763274,0.0075860820839099875,0.897625280045326,0.010248142437750601,0.002541019151094637,0.008869027842800522,0.0031133215378036936,0.006488719580071786
Q05924,1,578,S,test,5,0.0019438281958292557,0.0019062312854329555,0.0014787865856013243,0.0011882385049056486,0.0022417067165361845,0.9836025273534095,0.0012698237597202576,0.0016888273009510765,0.0021348777304148778,0.0025451525671989343
Q05926,1,109,S,test,1,0.004595813492582798,0.9808572853324217,0.0016322990950574743,0.005116996057977829,0.0007473209652954448,0.001551478337297755,0.001945989736092987,0.000930055948293396,0.0011131312132882383,0.00150962982169241
Q05949,0,395,U,test,0,0.9940160501831924,0.0015986126775204283,0.00030125170442898996,0.0008030483342044165,0.00045223237594954987,0.0005562553323844353,0.0005716752383858746,0.0006452674662092645,0.0005391411179942105,0.0005164655697304899
Q05JG2,5,471,M,test,5,0.0012797983165116543,0.001598968495072004,0.0018548358643086197,0.0015377128491508997,0.002575184411543942,0.979779407113015,0.004550591040725283,0.0012698387530529227,0.0022373592600262743,0.003316303896593347
Q06139,3,101,U,test,1,0.0034578369407799363,0.9846188144614083,0.0022882823178342884,0.002798191424580757,0.0011261638397731327,0.0014977639811461492,0.0013425869017833513,0.0009048981333439597,0.0008908689815192093,0.0010745930178309108
Q06188,0,304,U,test,0,0.9949911524606055,0.0008984970887280682,0.00040895865550570024,0.0008828412065499043,0.0005611680261150765,0.0004971673041053669,0.0005010666354227646,0.00033640024294092556,0.0004057761515531891,0.0005169722284734714
Q06224,0,779,U,test,0,0.993314631921045,0.0012761157042685026,0.0004924671119784357,0.0017213989320579888,0.0005940287647955336,0.0005242285861699102,0.0006372998138054895,0.0003519503915689537,0.00043800936602834,0.00064986940828189
Q06244,3,254,U,test,1,0.006985510934157634,0.9701317228007352,0.0028668478114780996,0.010486494403080502,0.0008985767775220092,0.002081108210720735,0.002386002256811522,0.0010670863204807375,0.0012091671415367783,0.0018874833434767474
Q06328,8,317,M,test,8,0.0032587967054428326,0.0037508519521409446,0.004668010358044889,0.022532344053067855,0.008892997977594429,0.019962549164275808,0.007062474442978275,0.012339172145495262,0.9106608266170098,0.006871976583949953
Q06349,1,442,S,test,0,0.9935897795943585,0.001414303168532585,0.00041806721195541437,0.0015681685061533761,0.0004849664502181303,0.0005122266732699026,0.0005827005609080665,0.00037183667298283136,0.00045203843000967645,0.0006059127316115106
Q06385,7,345,M,test,1,0.011652499095969644,0.8815595574979298,0.002534838926860688,0.015848531929560206,0.012307491881300849,0.00644770214071561,0.0047728447976176855,0.013126870586232051,0.04708738126023502,0.004662281883578473
Q06488,0,889,U,test,0,0.9950154505238096,0.001101964146770988,0.0003470872083248267,0.0007121766471770405,0.0004894714256188915,0.0005010789050244027,0.00048756314587649355,0.0004285954741160489,0.0004422005820134878,0.00047441194126819625
Q06551,5,359,M,test,5,0.0049702693702703225,0.0017311509322589437,0.0014351745170573613,0.0021544523007134405,0.010687758413846761,0.962081331053401,0.0014577752716424925,0.009431912739424272,0.004534328906504976,0.0015158464948804395
Q06632,0,1357,U,test,0,0.9946097523375655,0.0012240379199152513,0.0003607663957245819,0.0010277278956881159,0.0004816863694299305,0.0004705281336833302,0.0005127524723823588,0.0003931409779983648,0.0004284207341936524,0.0004911867634188778
Q06678,3,367,U,test,3,0.003146537668015055,0.005658827834156343,0.0019215624412999327,0.9799618529419584,0.0008460525122922908,0.0011208374033419418,0.0026730408827141923,0.0009891355721596507,0.0014224167968448637,0.0022597359472173763
Q06679,0,776,U,test,0,0.9950438761905721,0.001067048290528037,0.000347097114101316,0.0008070249479200886,0.0004762823530336445,0.00046889827467147717,0.0005030544137626862,0.0003995063316879976,0.0004219627891149986,0.00046524929460765825
Q06685,1,1146,S,test,1,0.0022789547921857694,0.9892619142288397,0.0008408404519507664,0.0019247029931467336,0.0007837494508784249,0.0009527970007545592,0.0009020900990602991,0.0010796604140391767,0.0011009548703574882,0.0008743356987871482
Q06688,1,274,S,test,0,0.9913556717192142,0.002222177272193515,0.0005231947095973207,0.0024050939288985706,0.0005398026952675919,0.000602193396166151,0.0007762579475563053,0.0004337436143730499,0.0004405741092663789,0.0007012906074669094
Q06707,0,132,U,test,0,0.9938698187866444,0.0013032842051790541,0.00039592964105329177,0.0014115966624335342,0.0005204396591904481,0.0005286354135868753,0.0005760742458677192,0.0003719414801645828,0.00043484364195385734,0.0005874362639262254
Q06709,1,432,S,test,0,0.994280256911849,0.0014904668813327958,0.00036064689505236166,0.0010883211480197169,0.00048152679266774516,0.0004910240725377703,0.0005371819400253702,0.0003899522741636899,0.00037795474203188164,0.0005026683423196983
Q07084,1,712,S,test,1,0.002321574996836538,0.9892364625540306,0.0008213412591033673,0.001850921158840466,0.0009602451924276847,0.0010382725750806335,0.0008277831602339787,0.0010221757093934931,0.0010261764390201268,0.0008950469550331153
Q07230,0,614,U,test,0,0.9947209430149474,0.0011277625742531475,0.00042182584383050517,0.0010328738644729731,0.00053532484815108,0.0004761277871778981,0.0005068353479700768,0.00032342508833400847,0.00036936305841364815,0.0004855185724493105
Q07376,8,486,M,test,8,0.003251518386306334,0.0034075619619878855,0.004110304506119799,0.011928455939307499,0.006910405681659741,0.03663474245669562,0.004015089338005308,0.009294427753067776,0.9157533791573197,0.004694114819530388
Q07500,3,545,S,test,3,0.0019729278511404877,0.00223780436069876,0.0014490742945929785,0.9866963752919374,0.0013773255560942735,0.000995933147398434,0.0015009242794911093,0.0007756335176445243,0.0014210466087008252,0.0015729550923012196
Q07508,0,261,U,test,1,0.006629201877429063,0.9800250779952954,0.0007293898842208967,0.005495801505221515,0.0009439006355053367,0.0015807360986145192,0.0013002781111246767,0.0010205999898007616,0.001331113267282541,0.0009439006355053367
Q07549,8,140,M,test,8,0.005157581866481611,0.0065453116067467135,0.006596647037091227,0.008824899570762842,0.006294564651368888,0.015609656068067333,0.007895152817322755,0.018072185583460135,0.9161272414629948,0.00887675933570368
Q07844,0,837,U,test,0,0.9950007605863395,0.0010869847540708802,0.00035254780143333033,0.0007852228217550361,0.00048755594431585666,0.00047440494064261116,0.0005129540739088593,0.00039023485005083337,0.0003963801535742518,0.0005129540739088593
Q07845,0,632,U,test,0,0.98915112318199,0.0034441973146929405,0.0004942492261205324,0.003325216184473326,0.0005428266101603792,0.0006861971025619044,0.00072476858845454,0.0004643042039525272,0.0005020325226688309,0.0006650850649249653
Q07913,0,336,U,test,0,0.9928280888300977,0.001971663942346058,0.0003278931603126259,0.0017587793140594068,0.0005078508492824788,0.0005621396803934949,0.0005799838794491404,0.000480823518438987,0.00045880501511412074,0.0005239718105060374
Q08179,3,573,M,test,3,0.0019039698669433508,0.0021116228074653342,0.0015600569696594656,0.9862807775278601,0.0015846242138766486,0.0010976371047071662,0.0015539749669826906,0.0008253098585600964,0.0014598241825320528,0.0016222025014130087
Q08217,1,1101,S,test,1,0.0029849801938892496,0.9881545967027464,0.0009296837462363524,0.0022897814568610337,0.0009443241363235951,0.0010131118508236758,0.0008531257168749632,0.0008940681102493081,0.0010210577781885354,0.0009152703078068314
Q08230,3,162,S,test,3,0.0017675538334871697,0.0019718488808698146,0.0016800361658698794,0.9861567551383631,0.0014258281629818406,0.0011546707868151413,0.002090838850360942,0.000871591258690571,0.0014826267358980683,0.0013982501866634366
Q08235,0,291,U,test,0,0.994293540386722,0.0009708258727362651,0.0004740677376906398,0.001227238864683118,0.0005876866931658654,0.00048153322056511204,0.0005564106063346173,0.0003663311619954623,0.0004216445716566467,0.0006207208844502428
Q08278,0,222,U,test,1,0.008881176611713679,0.9756977158306582,0.0008228575547625246,0.00753735718984467,0.0008827973059088831,0.0017832996374754582,0.001073208491849122,0.0011604151000955062,0.0012066408341787735,0.0009545314435131943
Q08281,8,1341,M,test,1,0.0024702736586069774,0.9890655143660798,0.000759485250375409,0.0021175848737387732,0.0009019109956101307,0.00097901512300544,0.0007897396676044636,0.0009944323512515402,0.0010879123287318606,0.0008341313849955929
Q08287,0,484,U,test,0,0.9947660814134702,0.001219755258622051,0.00034700022697642743,0.0009562288408131501,0.0004490516529864609,0.0004633060700704551,0.0005108336769804787,0.00038110517524371685,0.00040568435168205,0.0005009533331549559
Q08288,0,388,U,test,0,0.9950836819860776,0.0010192202092406638,0.00036093831015722856,0.0007234414168506797,0.0004952751294551654,0.0004856956037344926,0.000517020289043215,0.00040265579861861067,0.0004089967083187912,0.0005030745485035636
Q08412,1,411,S,test,1,0.002108083881571722,0.9894474011056598,0.0006917861242932545,0.0018658358384229443,0.0008475941093734643,0.0010672820871860382,0.0009604499661588776,0.0011228797124612172,0.0010344452854546664,0.000854241889418093
Q08465,0,219,U,test,0,0.9949480670868078,0.0009508162929627022,0.0003963591815467039,0.0008623529056519487,0.0005481448380849456,0.0004990915988118512,0.0005069510904068256,0.0003665723341342794,0.0004186387229142032,0.0005030059486787562
Q08553,0,188,U,test,1,0.0038846487170492204,0.9845541235338857,0.0006316791479242492,0.0043506008153095235,0.000830326646550441,0.001486010634117652,0.0009860373218066256,0.0011893879994899254,0.0011893879994899254,0.0008977971843766882
Q08605,0,581,U,test,0,0.9949245341140613,0.0011626638104760402,0.00038415538243960273,0.000789776763024772,0.0005271332910847358,0.00046701420047407687,0.0005149222538217125,0.0003525207958665877,0.00037819963213588423,0.0004990797566152926
Q08742,3,149,U,test,3,0.0021376047146848772,0.0033172597367271046,0.0017514906588616754,0.9848589547907455,0.001401875372900813,0.00104995611096906,0.0016325687813658525,0.0009786667335111125,0.001570025921145283,0.001301597179088795
Q08748,1,1289,S,test,1,0.0027555633205353573,0.9872955966659649,0.0006434132415488832,0.002274425067877054,0.0012548307787021947,0.001178804353591018,0.0006956955969305769,0.0013621058710670815,0.0018329138934277016,0.0007066512103552786
Q08881,1,620,S,test,1,0.015834846485250947,0.8474174408803584,0.014228959807537493,0.00850480176573569,0.08522701223613079,0.010941731641982892,0.003545328803954528,0.007653492991616229,0.0025337322257674424,0.00411265316166552
Q08909,1,290,S,test,1,0.003435795228684479,0.9877021857879517,0.0009512947839277725,0.002617646843465483,0.0007643868068347059,0.0009077318267363468,0.0006905659397014206,0.0010407196677967485,0.0011252863080666285,0.0007643868068347059
Q08925,1,612,S,test,0,0.9486407499308221,0.03195744162033772,0.000673700331157165,0.009084708495718855,0.001774964124863342,0.0024072082012179074,0.0013931852971989784,0.0016415733472015886,0.001415124696978506,0.001011343954503777
Q08960,5,810,U,test,5,0.01361900082780239,0.0035113379858970673,0.0029800337952021138,0.005481120960698477,0.025543225446256878,0.9290124679754703,0.0032474568005208806,0.00932597791860506,0.004669973413328136,0.0026094048762186272
Q08968,3,688,U,test,3,0.009892907522642838,0.01411568861206681,0.001978705929242903,0.9628937473694411,0.0014590063190576634,0.0014819822831956594,0.00228639027326634,0.0012001457533082943,0.0020495069444615866,0.00264191899331674
Q09146,0,399,U,test,0,0.9944719253287423,0.0012827594993009934,0.00034961835521874114,0.0010235792906730938,0.00044891888027598484,0.0005106826520215773,0.0005608752353365895,0.000408745261670326,0.0003992766795085431,0.0005436188172518368
Q09175,7,709,M,test,4,0.0015711908876045672,0.0007962407526225431,0.0020253450181827,0.002491217050224726,0.9665266364034566,0.012552989604707595,0.0016084506617326088,0.0038359300622441157,0.007069149089695096,0.0015228504695294553
Q09377,0,322,U,test,0,0.9946446626029669,0.001134303072821378,0.0003810586428979292,0.0010572866524167254,0.0005147773879749179,0.0005028525588580649,0.0005028525588580649,0.00034695785866415324,0.0004024781603416883,0.0005127705042001232
Q09428,4,1581,M,test,8,0.00260374724957382,0.0033432776296042493,0.0035312050089516263,0.009047016853483013,0.014925115717480234,0.010480639785021558,0.0033959266883600877,0.006018525069790335,0.9415963285279018,0.005058217469833371
Q09685,0,411,U,test,0,0.9947058748663915,0.0012155196396225483,0.0003636310936098927,0.0009923204969368691,0.0004761205727936239,0.00046327804169773805,0.0005208774918636921,0.00036648309442620353,0.0003870833098863291,0.0005088113927715774
Q09706,1,1369,S,test,1,0.0020055609824603557,0.989397025053161,0.0009308526374260613,0.0018767050412685402,0.0008882257662488638,0.0008951922344010759,0.0008882257662488638,0.0011011052307631562,0.0010223416432258335,0.000994765644796259
Q09712,5,464,M,test,5,0.0012859050685474712,0.0015571684704830833,0.0015816903090233906,0.0015632630450970577,0.004943840882028277,0.9767935964372517,0.0016575972858914642,0.0013371297865700331,0.0061587208499767196,0.003121087865130752
Q09774,3,118,M,test,3,0.001856128280126022,0.0019604622560913747,0.001572201778297615,0.9862238490762876,0.0017920074172618427,0.001136846644674135,0.0016867264026225028,0.0008581368882101259,0.001584532838834154,0.0013291084175946785
Q09778,1,899,S,test,1,0.0018880171455073677,0.9876147937107873,0.0006436212460045075,0.0023611763007518735,0.0010365705514319115,0.0011654476422785734,0.0008866257839661024,0.0015259795361557986,0.001998042059285852,0.0008797260238307101
Q09781,1,252,S,test,0,0.9918524745227488,0.002142298111039403,0.0004879154508400784,0.0023005959803725972,0.0004879154508400784,0.000540073224385729,0.0006853885701633103,0.00041733622852859766,0.0004619490649523135,0.0006240533961290388
Q09800,1,419,S,test,0,0.9934654905939125,0.001534457465341471,0.00035476466338758963,0.0015852936042404682,0.0005081769288668947,0.0005494702104361416,0.0005559472112993009,0.0004484645560397084,0.0004484645560397084,0.0005494702104361416
Q09808,0,152,U,test,1,0.0033634772006602047,0.9716453940794096,0.0008860259321925589,0.010836252444685985,0.0013723038685725046,0.004628862905084901,0.0014158653195888895,0.001927713707807667,0.0025940221840337176,0.0013300823579639302
Q09842,0,407,U,test,0,0.9942770117767863,0.0013526569620215703,0.00036919821010885094,0.0011917864590144133,0.00047405987170044114,0.0004891081247272995,0.000535085951910318,0.0003663250797611282,0.0004054848976156491,0.0005392826663540065
Q09868,1,576,S,test,1,0.002096969253161361,0.9890482322258408,0.0006598406586734112,0.0021720021824013294,0.0008147944469252105,0.0011855189548569307,0.0008406588445999371,0.0011901589200108377,0.0011312300703462366,0.0008605944431839599
Q09GJ9,2,239,S,test,2,0.0007273966364399022,0.001052172743088216,0.9927378343657919,0.0005620885666884234,0.0007926718718492438,0.0011113158013914119,0.0006295093364891512,0.0005321747764890407,0.0011899415459708117,0.0006648943558018913
Q09LL3,0,331,U,test,6,0.0017935541880220005,0.001830715821785827,0.001086783723248393,0.001275551868071482,0.0007016803211884187,0.001400919645883053,0.9880394443657214,0.0010329733013040483,0.0009009753798062764,0.0019374013849691053
Q0DFC9,6,154,M,test,6,0.0029872198080749947,0.0033097815036017514,0.0020976705862633394,0.0021058806600241695,0.001084014488293091,0.005041888206342501,0.9778524165937095,0.0013075710109744223,0.0012379832900449306,0.0029755738526713598
Q0E7J7,0,325,U,test,0,0.9945924328560604,0.0011014956684457006,0.0003900747243400431,0.00112212435086328,0.0004931006442427135,0.000459620348209101,0.0005208180897445724,0.00036358962255853195,0.00040879477720420397,0.000547948918331538
Q0HA38,1,1315,S,test,1,0.002397095569625981,0.9880587997217262,0.0006144238885209046,0.0021361890915414087,0.0010616291892500554,0.0013578444278494707,0.0008139793288393606,0.0011889683190151503,0.0015507069779432674,0.0008203634856882025
Q0J7U6,0,1133,U,test,0,0.991692965188746,0.002785461372121626,0.0003486413770444506,0.0018627796092715318,0.0005442214996058223,0.0005884437277824756,0.0006616050623579467,0.000535784123477279,0.00047282781549823805,0.0005072702240946596
Q0KL02,1,3102,S,test,1,0.002816051826379162,0.9870403439517745,0.0011201481325362824,0.002316421184767054,0.001519146214282556,0.0014439279372267572,0.0009286354165603504,0.0009214087017321562,0.0009432592782690041,0.0009506573564721536
Q0MW30,1,546,S,test,4,0.00922321088304401,0.012705510837179912,0.006591532097892801,0.004784939013000736,0.9371253513859218,0.016187239890561624,0.0025512083215045275,0.005073683478134223,0.001986882937705599,0.003770441155054825
Q0V8E7,4,668,M,test,8,0.01307202957790531,0.005396276585989324,0.0073758349734068486,0.021631203089008302,0.028551937944494014,0.038196368681504285,0.006259790083892486,0.06032651297006721,0.8134904419170738,0.005699604176658468
Q0VAK6,1,560,S,test,1,0.0030002644990606035,0.9869297328722003,0.0012891381277917997,0.0031782080834807246,0.000757845228134232,0.001043975765411961,0.0012016088375997316,0.0008258528943939197,0.0008520682236189749,0.0009213054683076864
Q0VD83,4,1088,M,test,1,0.0040394816294968845,0.9802577866380835,0.0021193231651327376,0.0042716239922031525,0.0015205401125700656,0.001373693497603838,0.0012507620787426711,0.002601725837292209,0.0014172991783957022,0.0011477638704792215
Q0WMY5,6,952,U,test,1,0.002916676269014093,0.9841061789012644,0.0010995035278757903,0.004956590621925112,0.0006216029466686258,0.0015146301776529647,0.0016186258405487424,0.0008562942412067502,0.0009627575013117691,0.0013471399725317728
Q0WMZ5,6,178,M,test,6,0.010188820814573852,0.017621904685440073,0.008251158555159545,0.4522611815809974,0.008714959993229545,0.00742523887512607,0.45938328101041237,0.0043311035442072585,0.007140782691662686,0.02468156824919121
Q0WNX9,0,196,S,test,0,0.9941001022473723,0.0016673123111592713,0.00030127717617330513,0.0008768974708627075,0.00047397552602620644,0.0005829998342259766,0.000541297064125925,0.0005329050312409077,0.00044179378481487455,0.0004814395539985083
Q0WP36,8,464,M,test,4,0.006054074973371398,0.0021502310425161137,0.0036576662703820036,0.014431076134390484,0.7960307603674225,0.033504143380679294,0.003954880407979861,0.018376691279730312,0.1146791131105361,0.007161363032992018
Q0WQE7,1,617,S,test,1,0.0026147157100040188,0.9887664129519033,0.0011759578967803501,0.0022424993563728373,0.0007132545291087711,0.0008876596477617876,0.000771212074091783,0.0009087099253296984,0.0009597889543237735,0.0009597889543237735
Q0WRY5,4,378,M,test,4,0.0017041356647061287,0.0008081272798978633,0.0010874540656024784,0.0018462124052055135,0.9886489360774273,0.0016842819643888259,0.0010376559020484537,0.0010336104699201435,0.0010705946835520032,0.0010789914872513056
Q0WTP1,1,329,S,test,1,0.04675981607619331,0.8961870467595892,0.0016000328589245198,0.03906928919361928,0.001960401276484048,0.00526683940384519,0.0021530795856042535,0.002439758847443048,0.0025568451923237458,0.0020068908059734194
Q0WUA3,6,382,M,test,6,0.005243647998146057,0.005102209418993998,0.005162353306653788,0.029476107790568553,0.0030585929178086114,0.013896358911728097,0.9169747721923479,0.00222030052168124,0.0029644899782633664,0.01590116696380843
Q0WV90,0,1120,U,test,1,0.0029035756897149564,0.9878519879390716,0.000619113260792513,0.002962289750822509,0.0008462274215112207,0.0011036886085716668,0.0008528644911094439,0.0010049198813332678,0.0010908301884437546,0.0007645027686291299
Q0WX00,0,460,U,test,0,0.9950574750751335,0.000990734216442857,0.00036375962782533844,0.0007976337102627634,0.0005050302214859789,0.00047815300515352885,0.0005089912533311739,0.00038420673032397637,0.00040898593855484994,0.0005050302214859789
Q10109,0,688,M,test,0,0.9887937094630097,0.002973813446038388,0.00043262269395209817,0.0033566345364972137,0.0006100957634814421,0.0008705147530279836,0.0008209736288273961,0.0007077235187953259,0.0006443895649376471,0.0007895226314327489
Q10146,0,777,U,test,0,0.9947920248226416,0.0012537537597379557,0.0003209311045245856,0.0007759118883896985,0.0004352471066305569,0.0004990133359870842,0.0005332759361414843,0.00046331815801396357,0.0004352471066305569,0.0004912767813025017
Q10154,0,240,U,test,0,0.994883991067944,0.001098595235482516,0.0003871526247437361,0.0007404487663303377,0.0004913222102120952,0.0005069184277889985,0.0005271117696275439,0.00042520392994753724,0.0004421421541391217,0.0004971138137840916
Q10197,1,1105,S,test,1,0.002589858289629721,0.9863250240544396,0.0005761849800531752,0.003731601392872434,0.0008994120237303995,0.0014485289264651524,0.0007937283257053388,0.0012197835158103214,0.0016096507681630655,0.0008062277231308665
Q10215,3,142,U,test,3,0.0019063752157299381,0.002854830017063944,0.0015712072507591173,0.9855999592050925,0.001493411434178225,0.0011767798145738242,0.0015288267200338356,0.0009948265148092303,0.0015712072507591173,0.001302576577000301
Q10253,1,286,S,test,1,0.007230246863603933,0.9656528826680846,0.001835247611144642,0.005957611638260482,0.003375536944710481,0.0020156251418539063,0.0013961828634800955,0.003832462482493469,0.006825434418218697,0.0018787693681497153
Q10269,5,537,M,test,5,0.0011688330068327524,0.0013665042654514468,0.0014320841664892624,0.0014320841664892624,0.004338502418261397,0.9751275632376333,0.0012153939018716543,0.0022094079802131928,0.009559813981660233,0.0021498128750975557
Q10297,0,993,U,test,1,0.02707258630511131,0.6332500460106565,0.0034824647316245914,0.0335364516124471,0.018973681648831474,0.06100901305394462,0.013401901432224075,0.15397694381943594,0.049599979100747316,0.005696932284977052
Q10308,3,269,U,test,1,0.002509376810786587,0.9884209573604279,0.0007074567253836016,0.002774576901945512,0.0007019512715524149,0.001074537019969504,0.0008533557047950059,0.0009976739391497557,0.0010374167232128778,0.0009226975427767923
Q10425,1,725,S,test,0,0.9818653921161815,0.008833194844763003,0.00039421522289304257,0.0034456426003184964,0.0008216151085361317,0.0012382175863708616,0.0008814643010124005,0.0011099311242268664,0.0007901394814126754,0.0006201876142849581
Q10430,0,238,U,test,0,0.9917936815762458,0.0022340409686024956,0.0003859500534345929,0.001887692002084584,0.0007154383271369446,0.0006642619775824825,0.0006961405668963181,0.0005400411843696192,0.0005033737344279823,0.0005793796092192189
Q10451,3,1261,U,test,1,0.002494512406166426,0.9830458900441786,0.002361757052022713,0.003724647527154018,0.0013562428121234233,0.0009542360931984179,0.0010398674642889355,0.0017077676650153661,0.002108811512974955,0.0012062674228771253
Q10916,2,564,S,test,2,0.0014369021462359427,0.002675326855629697,0.9860820737600903,0.0016474165795243747,0.0009133506592461101,0.0024204995069541622,0.0013445821076198399,0.0005369311597082381,0.002022403064489725,0.0009205141605016894
Q10925,1,1237,S,test,1,0.0034428157096788106,0.9868250265987086,0.0007879507063474424,0.003330380411000379,0.0008193390665778738,0.001215644006422556,0.000872181894429017,0.000906925692999217,0.0008998679569180446,0.0008998679569180446
Q10R09,4,310,M,test,1,0.0027274058999467664,0.9843906880543826,0.002602509021906118,0.003240456611412571,0.0011891905596555453,0.001198517522523685,0.0011084474525864913,0.0011891905596555453,0.001057687926927725,0.0012959063910029562
Q12008,1,311,S,test,1,0.0029551313808402115,0.9867212074789544,0.0009728868513866083,0.0035413384349721245,0.0006531653671045428,0.0013091624206391188,0.0010768875320907778,0.0007878677965115157,0.000892771161666371,0.0010895815758342935
Q12010,8,308,M,test,8,0.0026018472260374045,0.0035563038316281104,0.003921122666385486,0.01506058651117201,0.007128025708127181,0.01235225861647135,0.006168791883498988,0.009246897672723055,0.9335871125823965,0.006377053301559942
Q12032,3,185,U,test,3,0.0018784944402842928,0.0024262090522697123,0.0019918510826192615,0.9845546144043044,0.0013689777964846516,0.001321685927681412,0.0022307674887793514,0.0009119358905859987,0.001451587983649389,0.0018638759333415938
Q12035,0,217,U,test,0,0.9947184222975567,0.00108349736115479,0.0004318280476725815,0.000917758023379384,0.00051885327809491,0.0004989764086422127,0.0005416337204413729,0.000344283342954593,0.0004218247696087501,0.0005229227504947625
Q12046,0,339,U,test,0,0.9949957217186964,0.0008391325899244358,0.00041540075098491565,0.0008069858955116613,0.0005313056217178396,0.0004762593057106708,0.0005503165931802581,0.0003994869800822834,0.00042858699818537545,0.0005568035460060764
Q12050,0,791,U,test,1,0.008639822852832213,0.9754945196465408,0.000766827853608672,0.007835978767993518,0.0009106306389052221,0.0017899064401871395,0.0010158817912675076,0.0013249597026552585,0.0013249597026552585,0.0008965126033544936
Q12052,0,315,U,test,0,0.9948695414988123,0.0009619482524138055,0.00039632787910437716,0.0009866854682553344,0.000497106559067888,0.00047993378035993595,0.0005148937780354822,0.0003636909498981671,0.00040890868311897684,0.0005209631509336568
Q12072,0,812,U,test,0,0.9947375249381619,0.0012827693567378903,0.00031841615752835887,0.0007461462526853785,0.0004874269455860946,0.0005229328357464862,0.0005108190638532565,0.00046692643862253195,0.00044903875734858637,0.0004779992537295322
Q12102,0,859,U,test,0,0.9937744992206168,0.0013583836145215499,0.0004181449462954243,0.001506533085053169,0.0004888609242128235,0.0004926951218333482,0.0005828088649469265,0.0003604634416707174,0.0004348019159023632,0.0005828088649469265
Q12118,1,346,S,test,1,0.0025669593455476497,0.9843098915972714,0.00075583347129944,0.00447883346976462,0.0008236606370691053,0.0022565018450950453,0.0012172914016728353,0.0009935244209918082,0.0012657829165467962,0.0013317208947412893
Q12129,1,218,S,test,0,0.889359487506597,0.07532044108162667,0.001207967225932359,0.021748917908202124,0.00184193011101536,0.002978091904520164,0.0022217918893856726,0.001976102720559817,0.00184193011101536,0.0015033395411455102
Q12134,1,243,S,test,1,0.022616046751211302,0.9541750677655448,0.0009706611244032756,0.01334732342588139,0.001161729321638407,0.0022132033340917672,0.0012366544472364141,0.0016003497254644507,0.001612901391232621,0.0010660627132955576
Q12146,0,194,U,test,0,0.9948700422885088,0.0008006047755125108,0.00046335450367621827,0.0008639710382083758,0.000616247475229516,0.00047249331103777766,0.0005655004599998795,0.0003416561847338936,0.00039943651961378166,0.0006066934434792411
Q12168,1,779,S,test,1,0.0032921804247400895,0.9783681808767649,0.0006840399125020749,0.007044817914603231,0.0011635911862273032,0.0033374999790277793,0.0011016660337173265,0.0016281567809628855,0.002278200857737024,0.0011016660337173265
Q12176,0,1025,U,test,0,0.9948575509802763,0.0010996394265400226,0.00035249707037005257,0.0007346670022179582,0.00048748575523434995,0.0005312318578869546,0.0005374938365556001,0.00047064535162310396,0.0004218837579594083,0.0005069049613362664
Q12188,0,680,U,test,0,0.9949477991205797,0.0008932089621497692,0.00038117479141759153,0.0008440231972430607,0.0005589558904417435,0.00047623637167031047,0.0004932768100592563,0.0004353152797726895,0.0004387295083587545,0.0005312800683070841
Q12204,3,715,U,test,3,0.0025344139235942485,0.0035428211286400685,0.0018926353514061853,0.9842466040327824,0.0009188007609172666,0.0009479665823087801,0.002090868756873843,0.0008564164679819384,0.001363214211308847,0.001606258784186435
Q12251,3,326,M,test,3,0.0030199940823186925,0.003355912092644818,0.0031158590643064065,0.9562958799326241,0.004542410890955044,0.004471987543910946,0.01369421711161593,0.0013718940231258725,0.0021752200900580117,0.007956625168440222
Q12270,7,262,M,test,7,0.00217629075344192,0.0046797607017221386,0.0027944125473952307,0.003437186216046301,0.011052116293628537,0.01614367336184395,0.0031173928745798925,0.9273299786577149,0.025898483439830585,0.0033707051537964685
Q12288,1,251,S,test,1,0.0024091975383065756,0.988210023644962,0.0009592488649025356,0.0025986115650001693,0.0008014824036023871,0.0013060259737813294,0.0010211150557337453,0.0008734060057433176,0.0008465341463910062,0.0009743548015768771
Q12346,5,211,M,test,7,0.10806496265238445,0.0065407053432778054,0.007767279971458577,0.023924907279493403,0.1039250625123376,0.16477939217943757,0.008268226734647558,0.5360862525352189,0.026742342423656033,0.013900868368088085
Q12359,4,275,M,test,4,0.008157010638400566,0.003334579241220071,0.007114670630326092,0.010806283576014201,0.7487528735552165,0.08735423270044823,0.006631602897555168,0.04479079939672459,0.07241920034655633,0.010638747017538244
Q12361,4,961,M,test,4,0.0013336179456654676,0.0007963396439571679,0.0007422701406398092,0.0016891468437060981,0.9895700150628701,0.0015744580782782159,0.000854347768624101,0.0009871969166828523,0.00124306859555015,0.001209539004026013
Q12373,0,385,U,test,0,0.9948078580481711,0.0011918404844340645,0.0003259902261532721,0.0008373371169239465,0.00046332553763550616,0.0004990212429796351,0.0005229697974162223,0.00043186685557407647,0.0004285060613838689,0.0004912846293283613
Q12427,1,513,S,test,0,0.9940004993900664,0.0017420420515465041,0.0003231908405162682,0.0010230940521507117,0.0004851669097291754,0.0005412428250288823,0.0005225453623402652,0.0004522253064571942,0.0004248263524353703,0.0004851669097291754
Q12429,1,685,S,test,1,0.003272996434833345,0.9870199697509866,0.0008521461597457406,0.0030957860348056507,0.0006185918011207001,0.0011245090728064775,0.0010605130199706804,0.00087235416821098,0.0009000457015568745,0.0011830878559629442
Q12451,4,1283,M,test,0,0.9920748488671457,0.0024304583243366833,0.0003952145641240999,0.0020546612829527495,0.0005074655645563482,0.0005661186887960871,0.0006002808232505342,0.0004240033456638977,0.000410958135716635,0.000535990403457296
Q12454,1,224,S,test,1,0.0027699439100605703,0.9882924019212184,0.0009820786150544247,0.0021916407139871102,0.0009298133676297882,0.0011799945825075393,0.0009593288463994926,0.0008269931304898966,0.0008466046909172203,0.001021200221735593
Q12462,9,236,M,test,9,0.0038493053055155026,0.005903982342914388,0.005688904577989803,0.006278621736107164,0.0040026440693967805,0.003658712941510785,0.009877659021663758,0.003532321064024678,0.004211152750779914,0.9529966961900972
Q12487,3,163,U,test,3,0.0021530208992095387,0.0025995762570353224,0.0015001180232873967,0.9861663012075075,0.001101805282632413,0.0010110734088840505,0.0016735025488911887,0.0008580868230844965,0.001459654742194023,0.001476860807274047
Q12488,0,208,U,test,0,0.9946583608737638,0.0008194161519024603,0.0004490030181335408,0.0010297875337094474,0.000638161928652382,0.00048738817462121056,0.0005631759714332303,0.00034426255760613864,0.0003870648022216279,0.0006233789879561419
Q12497,3,93,U,test,3,0.004978592356849228,0.006918844091834097,0.00472285165126186,0.9674642389243583,0.001713847689609928,0.001477429016477947,0.0066213773421991955,0.001727289584337816,0.0020512071748597237,0.002324322168211946
Q12507,0,346,U,test,0,0.9931072954190812,0.002210938019089862,0.00031053032345081707,0.0012609853519183895,0.0004311286121757087,0.000568925899510991,0.0005892829843621015,0.0005514219218135354,0.0004809587432872866,0.0004885327253101684
Q12515,1,295,S,test,4,0.004017339481193616,0.002040865095759033,0.0039647239476288424,0.0028949940520427097,0.9777448596956146,0.003397838151237821,0.0011270727060390324,0.0015285372225424193,0.001447189922407917,0.0018365797255339733
Q12524,9,340,U,test,1,0.002483176288160798,0.9881817650162109,0.0010617612809182642,0.0019414686735787332,0.0009592214435935834,0.0013162317854257144,0.0010131397235030462,0.0009743269136033801,0.0009819685899137192,0.0010869402850918132
Q12532,1,1038,S,test,0,0.9917509285064675,0.0025813179937291828,0.0004339165604040016,0.002119191060434338,0.0004916918858110659,0.0005977453161513832,0.000643797065293163,0.00039818421497340344,0.0004172934996397751,0.0005659338970961836
Q12692,0,134,U,test,0,0.9949941524713415,0.0008069846474482111,0.0004057773819801127,0.0008967466275162324,0.0005251149670400715,0.0005089588478883958,0.0005230677452981649,0.0003637364893798394,0.00041865812678849553,0.0005568026953190018
Q12697,8,1472,M,test,5,0.028795421363671317,0.004945596867046682,0.004100044026921817,0.007252238282225639,0.024750587067184488,0.7282796687810495,0.0035069531647761664,0.13159745190139316,0.06216223560197721,0.0046098029437539375
Q12706,1,436,S,test,1,0.0027191907480540833,0.9879162940679787,0.0009367493378768209,0.0020945694966600548,0.0013261987304810576,0.001352355621990506,0.0008266784245312343,0.0009150495813325082,0.0010049853599699756,0.0009079286311251269
Q12769,0,1436,U,test,0,0.9717539044343961,0.01252266359738252,0.0004251673366356742,0.005611430805206374,0.001319878969866726,0.0019813730647363402,0.0012399115530357986,0.0028548645459135174,0.0014839798415081148,0.0008068258513187675
Q12800,0,502,U,test,0,0.9946408172767762,0.0008487212240221952,0.0004931245890340782,0.0010781356852687996,0.0006927060491771566,0.0004632477284532338,0.0005290454718539172,0.00033366482995678663,0.0003810571925386309,0.0005394799529189565
Q12933,1,501,S,test,1,0.04653700555433847,0.8919167737702884,0.0016174855806503278,0.03980521210456497,0.0026460297590019505,0.0061762828034343745,0.002928888031513823,0.0026460297590019505,0.0036166937513186573,0.0021095988858869956
Q13136,1,1202,S,test,1,0.0028093023282399964,0.9875635419706807,0.0009890512376596772,0.001959294880613053,0.0015199514659608746,0.0011608437071548574,0.0008796803759199016,0.001169948317115431,0.001004626444372867,0.0009437592722825935
Q13148,0,414,U,test,0,0.9949433118904518,0.0011094425473277974,0.0003841626423657357,0.0007550978267373303,0.0005230409977942896,0.00044913164638465144,0.0005312776727784958,0.0003871757036984268,0.0003963572636338264,0.0005210018088276686
Q13191,1,982,S,test,1,0.03721137489545876,0.8945331624793582,0.010093856143306969,0.01418604898943362,0.015241720038304773,0.005487934517743277,0.002572143109415061,0.007953767838980863,0.007101914901249855,0.0056180770867485606
Q13255,4,1194,M,test,4,0.0031078644912717213,0.0018234544446679038,0.002492366656897203,0.0022915956234506813,0.9822002907151084,0.0028968484435741935,0.001168148739195608,0.0017062986019032932,0.0009313294093607438,0.0013818028745703106
Q13324,4,411,M,test,4,0.0015196742363125049,0.000697117784851528,0.0011359624879054607,0.0014873731772113141,0.9893138467433269,0.0017958675932869977,0.001010346055109236,0.0009830935789955366,0.0010424178924541981,0.0010143004505462992
Q13495,0,774,U,test,0,0.9932429536961415,0.002303821070500122,0.0003033783027311778,0.0011032285622091513,0.0004211990675567632,0.0005802262543792324,0.0005734663664649226,0.0005601820988122145,0.00043797774452202166,0.000473566836682936
Q13536,0,156,U,test,1,0.004162199093142235,0.980397059047206,0.0023462102516020353,0.005328734903440709,0.000664369149288291,0.0015813361048516799,0.0020304756539222756,0.0009516648856268242,0.001086835333283013,0.0014511155776369303
Q13873,4,1038,M,test,4,0.00123924482766104,0.0006039597203183304,0.001566552356893261,0.0011551032010811459,0.9865260467032254,0.004376375998566786,0.0009538808697598999,0.0012538527400494338,0.0012440950396759081,0.0010808885427688228
Q14149,0,939,S,test,1,0.0025190932851310217,0.9850072515225137,0.0014465935896244714,0.0035961220024331307,0.0009711968843134259,0.001793296005557661,0.0013803491952836396,0.0009788141136373024,0.0011266081414841905,0.001180675260021531
Q14197,3,206,U,test,3,0.06290976075287463,0.14513129266223485,0.007721781874481251,0.7486441870898788,0.005123761112312993,0.008749923831781817,0.007935837059017962,0.003413160860783623,0.0052864068241120655,0.005083887932521998
Q14203,1,1278,S,test,1,0.0018608052297435917,0.9887088645810489,0.0012084864415468173,0.0019846895196805694,0.0011046459586571944,0.00101368019481963,0.0009229662955184204,0.00113971118318526,0.0009979644763937737,0.0010581861194058064
Q14258,1,630,S,test,1,0.002974350942770385,0.9863200803823537,0.0010597610402090728,0.0031849809521503243,0.0009955533334778369,0.0011730485153999585,0.0012438353176423254,0.0009499636381660081,0.0011106199840358283,0.0009878058937944707
Q14318-3,3,253,M,test,3,0.002649767784678758,0.003666285561587143,0.0015486175898075127,0.9828805636167764,0.0020435865063163474,0.0011418789064592547,0.0015246084452376562,0.0009175255302887283,0.0015915467836109319,0.0020356192752371913
Q14508,2,124,S,test,2,0.0008096754480699328,0.0008033744686495158,0.994419773521066,0.00047784657595080027,0.0006608378158410223,0.0006556951106883826,0.0005457179614035818,0.00042169812632991547,0.0006660208589034851,0.0005393601130973105
Q14669,0,1992,S,test,0,0.992703632302607,0.002357173940064821,0.0003773554210887726,0.0014130417697771102,0.0004999146728492802,0.0005936633678078008,0.0005983195159318561,0.00048076324271090995,0.0004481206420095452,0.0005280151251528244
Q14680,4,651,M,test,1,0.0029819986535235396,0.9873484136885848,0.0012021185542648468,0.0022458531356506495,0.0014671242910560638,0.001274659733527506,0.0008133941251839869,0.0009074067130600941,0.0008726444585099309,0.0008863866466385713
Q14690,0,1871,U,test,0,0.9947811508661788,0.0011710418566709636,0.0003259814744509174,0.0007520313670845144,0.0004597075477699039,0.0005048899727590003,0.0005610496080283478,0.0004743002402983607,0.0004386560155169845,0.0005311910512422529
Q14832,4,879,M,test,4,0.001368211250756154,0.0006350358057185249,0.0009683139872877366,0.0015293340300791029,0.9897858874639167,0.0017482608640607968,0.0008990491341100273,0.0011015379484154927,0.0010147844271790804,0.0009495850884763808
Q14833,4,912,M,test,4,0.0015015557473734792,0.0006345580654803052,0.001312240675726111,0.0016491363896840021,0.9890413191415203,0.0018415420554524612,0.0009713726379547551,0.0011356495665710955,0.0009563128601187747,0.0009563128601187747
Q149M9,1,1564,S,test,4,0.0973643888443522,0.00673006980358983,0.0031297733083378125,0.015151643737510614,0.7839913991776964,0.012162803728163992,0.002615023481569956,0.04838751282747062,0.02466570219567092,0.005801682895637656
Q14BA6,1,303,S,test,1,0.0018683818748791293,0.9888643086789382,0.0008405025052053832,0.002088405437492915,0.0010501162678854428,0.0011222180978996271,0.0009159277016397338,0.001091948134979149,0.0011443517939278937,0.001013839507152626
Q14CX7,1,972,S,test,1,0.0021802707099169366,0.9850873311247065,0.0005754619698163981,0.0030122616246460155,0.0012230209915240831,0.0022671228208207056,0.0010178883601423474,0.0014354526302825562,0.0022671228208207056,0.0009340669473237215
Q15042,1,981,S,test,1,0.002640069473594184,0.9884106283257642,0.0012223627556437223,0.0023083382211262528,0.0006910612575878427,0.0008335790362895367,0.0009821961042281017,0.0009372181170929384,0.0009083829174116156,0.0010661637912616024
Q15070,3,435,M,test,3,0.003797988619722256,0.0029463450153089862,0.002610317038906419,0.9701400344412558,0.007299398462112789,0.002855695420373847,0.003299749843176465,0.001493135060135625,0.0027786680495039007,0.0027786680495039007
Q15582,2,683,S,test,2,0.0011663649987395052,0.001960938806103065,0.9883921791341467,0.0011940245808505039,0.001326837583490484,0.0021078931272012946,0.0009408686938680382,0.0009299072599412243,0.0010253005944629288,0.0009556852211962247
Q15648,0,1581,U,test,0,0.9943255657220827,0.0014869002984230389,0.00034414739446322223,0.0010947666310739314,0.0004703936824586228,0.0004853255753196807,0.000526815932315678,0.0003839241181489004,0.00039302863912094217,0.0004891320065932883
Q16719,1,465,S,test,1,0.0026738417623166804,0.9802554103764165,0.0023828134207134733,0.003875249714646994,0.0014396149282816194,0.0034132226034565044,0.0016765186344867473,0.0010782216619189097,0.0012904624288174597,0.0019146444689451473
Q16740,3,277,S,test,3,0.003954977793345678,0.005002002313882383,0.001333187472538491,0.9815521997398301,0.001829383342753054,0.0011582934720580675,0.0009907408547231997,0.0009234720061311444,0.001780038961556914,0.001475704043180946
Q16853,4,763,M,test,7,0.007724442713484125,0.005922535583291632,0.007143942353209894,0.015634309893591672,0.02688208289986126,0.06672900337882628,0.004948463881023717,0.6281802812226747,0.23109461948234097,0.005740318591695839
Q16891,3,758,M,test,3,0.001820298034006054,0.0019002186660952883,0.0013291598340207588,0.9862620266063844,0.0022390047159945394,0.0011324583356201886,0.0012389131628524177,0.0008514917599288774,0.0016541662678925288,0.0015722626172049463
Q17025,2,258,S,test,2,0.0005497880058547874,0.0009370492790630815,0.9940400144136755,0.0004814104478043778,0.0004966920834053639,0.0009443986947605243,0.0005739265482624989,0.000470258587546075,0.0009189251014393429,0.0005875368381883924
Q17353,1,1379,S,test,4,0.02408089171162047,0.4156856631713908,0.015260104438171312,0.011700328706445223,0.4936389439684843,0.015500416401550362,0.003513075491478992,0.01004699081755362,0.004915676191853421,0.005657909101451536
Q18409,0,179,U,test,0,0.9938790921923935,0.001047228135978826,0.0005286403583823991,0.0010090784807194144,0.000725393745227954,0.0005605408383387919,0.0006579035832780471,0.00048133251226919235,0.0004927469487740271,0.0006180432046379002
Q18685,4,720,M,test,1,0.0600885035703375,0.438824617316018,0.013779230215974266,0.010081099881439183,0.438824617316018,0.013148232129820837,0.003511259518695802,0.012160126765377099,0.005108852676306481,0.004473460610012761
Q1A3R1,2,62,S,test,2,0.0007878131360684259,0.0008402621951963071,0.99439111533644,0.0004524030246110131,0.0005696613646909088,0.0006871428147288068,0.0006305576939558002,0.0004419231139082796,0.0006159508311066179,0.0005831704892938182
Q1ECF5,1,205,S,test,1,0.0026130266707252887,0.9883689340617742,0.0010292892868107564,0.0021960955951760104,0.0007953731430442012,0.001005445794636571,0.0010786858304791835,0.0009154688412668827,0.0008803977876992027,0.001117282988387699
Q1EHB4,4,618,M,test,4,0.0015416905733276365,0.0006591990417734378,0.0015937388127792984,0.0016767610929289533,0.988086520495163,0.0022224323854962945,0.0011082713509482246,0.0010451993961044027,0.0010451993961044027,0.001020987455374401
Q1EJP5,2,73,S,test,2,0.0006636652156794278,0.0008324226793305757,0.9947808897344563,0.0004352422480698087,0.0005168629843639059,0.0006457639725122784,0.0005654497945461811,0.0004120790902926816,0.0005995715345850219,0.0005480527461638371
Q1G3I2,0,117,U,test,0,0.9946277596932751,0.0010197484954377353,0.00041524713155202024,0.0011036883650699005,0.0005697969383059153,0.0004911957006342386,0.0005188060385367211,0.00032848753734593796,0.00039623156211546917,0.0005290385377269491
Q1G7G9,1,1523,S,test,1,0.001793671069322866,0.9890692294095962,0.001034049959696101,0.0021134609142532505,0.0007535776995599248,0.000923302673059819,0.001026002983841534,0.001208926834776597,0.0010794501865184793,0.0009983282693752774
Q1HG44,5,320,M,test,4,0.002961186802226293,0.000904876584869802,0.001723874754540225,0.0028255841455063833,0.9769332004026254,0.007725870382225856,0.001509475226354182,0.0025677037292506396,0.0013269137739691298,0.0015213141984320416
Q1K8F6,3,712,U,test,3,0.0019191913775784076,0.002230653496297042,0.0015602915245775488,0.9864290600036787,0.0011326501644178374,0.0009956633122439823,0.002046962675676881,0.0007938120491193383,0.001443033695087958,0.0014486817013223566
Q1MTQ5,5,396,M,test,4,0.008383585201595661,0.001874287742897883,0.002663899931105051,0.004804893897695969,0.9049830503079496,0.03508999969468801,0.002444532019319655,0.007814359908493313,0.02931879109785471,0.002622600198400185
Q1MX22,2,177,S,test,2,0.000811362830435246,0.0008755805592925396,0.9945478283408797,0.0004988908422309166,0.0004988908422309166,0.0006184590598420077,0.0006112537651456654,0.00039930715143252825,0.0005947662678630727,0.0005436603406473488
Q1PFN9,1,564,S,test,1,0.003655302352344731,0.9804147519582984,0.001112628965256358,0.004054456033487461,0.0018130436143640473,0.0015207835298713596,0.001203038734348989,0.00229190174439372,0.0026534649179741207,0.0012806281496608547
Q1T7F1,1,81,S,test,2,0.0007695140124340253,0.0009670737831942449,0.9943272523228247,0.0005372073529334773,0.0005854154036144423,0.0006897879101880836,0.000637949505884694,0.00043165823669600136,0.000477802098191069,0.0005763393740392275
Q20374,1,833,S,test,1,0.0020412741509661485,0.9856109237113633,0.0006081319797482781,0.0021985389236556926,0.0013811951474197877,0.0015110321187866706,0.0008312179226009005,0.0024335605229825865,0.0026390265979749127,0.0007450989245017805
Q20748,3,595,M,test,1,0.003115365215505168,0.9869774228703597,0.0007638259406929733,0.0034098845427565035,0.000711964083950223,0.0012349783188850124,0.0010359016184111958,0.0008194655906817201,0.0009731394468860847,0.0009580523718714038
Q22866,1,284,S,test,1,0.002055584067780635,0.9886508446919513,0.0007591668419086749,0.0022053197719169903,0.0007832653356087372,0.0012419140209561177,0.0009447983929612003,0.0011575910335656385,0.0012713652325491824,0.0009301506108015381
Q23255,0,728,U,test,0,0.9942223385986996,0.0013737569037057316,0.00035781945759573897,0.0011812925752492395,0.0004630528253642558,0.0005006794795742432,0.0005607344185505383,0.0003838842659616341,0.0004150778677233973,0.0005413636075755958
Q23498,2,618,S,test,2,0.0006895230026579311,0.0009993387228444568,0.993945453834737,0.0005245614580254498,0.0005124100277743093,0.0008993075855669585,0.0006205035656817928,0.0004382875256031264,0.0007967423197810599,0.0005738719573279656
Q23917,1,793,S,test,1,0.002773553292515609,0.9880902143330972,0.0007646871239127869,0.002362313117713514,0.0008940098273615417,0.0012315505426826385,0.000915210688499976,0.0010130458395514457,0.0010330264352163135,0.000922388799448971
Q24142,0,601,U,test,0,0.9950143853723035,0.0009471724805331494,0.0004121757964998471,0.000849039962358814,0.0005767376843781659,0.0004837683889175063,0.0004952406229271279,0.0003390465510974727,0.00036947201243962217,0.0005129611285448393
Q24JJ9,0,361,U,test,0,0.9845822055192761,0.006016833929944575,0.0004078543696401881,0.0041840507818900925,0.0007158067020654179,0.0010055137857077597,0.000856708467739379,0.0009227113541399367,0.0007102362291413487,0.0005980788604551455
Q27249,1,256,S,test,1,0.0019661018048783914,0.9890608752793211,0.0007418882112854756,0.0020087989815073884,0.0007897359503591835,0.0011809121051032738,0.0009378346731813107,0.0011626037025411794,0.0012279543666651731,0.0009232949251575927
Q27289,2,259,S,test,2,0.0005520685534261441,0.0008996028687169632,0.9942718393733033,0.00047036826414017656,0.000487198773851366,0.0008787635980206327,0.0005585761689065968,0.00045234874672398526,0.0008484063285037951,0.000580827324406987
Q27511,0,140,U,test,0,0.9951696815823913,0.000791515733544902,0.0003933623014261166,0.0008278828899098793,0.0005110409602431783,0.0004992027445837369,0.0005011565428953857,0.00036665397862305346,0.00041224012236803554,0.0005272631440144035
Q27908,2,447,S,test,2,0.0007804355927030181,0.0013301611393507818,0.9928051665887002,0.000710594657858513,0.0007302931218828166,0.0011422000844681258,0.0006101827070888376,0.0005754571189355147,0.000721784907205562,0.0005937240818066561
Q28298,5,1534,M,test,5,0.05123205558938275,0.04230727998249635,0.02260126930151071,0.04468539375851584,0.1784685410336059,0.3413300216989797,0.01986778887693971,0.17986829663405185,0.030771837469705122,0.08886751565481207
Q28388,2,180,S,test,2,0.001218297487162014,0.0016124065313992723,0.9909125309235539,0.0008826635083144109,0.0008259529499118789,0.0016266406324295256,0.0008036742593139224,0.000592592215148259,0.0008324309967420864,0.0006928104960247012
Q2HJF1,3,112,U,test,1,0.0035061658183995945,0.9865080762473961,0.0010936098648251518,0.003482279729766288,0.0006134595528521763,0.0010850993252523968,0.0010114238152554025,0.0008651165747266944,0.0009066343988946616,0.0009281346726315306
Q2KIX7,2,212,S,test,2,0.0007564016542665212,0.0008638378080061541,0.9947166207252941,0.0004989754705813381,0.0005311566248213057,0.0005995327591202887,0.0005374176738866664,0.0003579973547517644,0.0006089741002702141,0.0005290858290016144
Q2L4Q9,2,553,S,test,2,0.0007110522200961273,0.0011318283513093372,0.9934444094131263,0.0006299573775714052,0.0005646901269412742,0.0011012992527552746,0.0006201907738540752,0.000528409122841941,0.0006945806769477305,0.0005735826845565391
Q2M2Z5,1,673,S,test,1,0.002042732408188683,0.9892088644191419,0.0007837074126340664,0.0021596634483939292,0.0007478188394731758,0.000986836605175395,0.0009379749997545441,0.0011810888385027911,0.0010838280293134642,0.0008674849994220596
Q2PFD7,4,1037,M,test,1,0.03449516372498831,0.8555603031327763,0.007008117161229307,0.02204454504979986,0.02870942094768836,0.005248837175429257,0.005994360431094822,0.027394721297265365,0.007063082422624847,0.006481448657103557
Q2QX40,0,465,U,test,0,0.9952013220683031,0.0009445790492733835,0.00037536083815274126,0.0007235269381968852,0.00054828437691029,0.00048197286469011427,0.000487654223958888,0.000358171794153511,0.0003933748011987116,0.0004857530451623439
Q2TAA5,5,492,M,test,5,0.0016447773502358467,0.003170391271330166,0.002955129549328994,0.0022569430498251843,0.00310907019533049,0.9654602993983794,0.0030370486879607622,0.0022219520944213775,0.008978839576939984,0.007165548826247796
Q2TBR2,3,149,U,test,1,0.0037373220070064193,0.9868728373510554,0.0008654364433364819,0.0031780248915513447,0.0006846165701772915,0.001011797733068287,0.0009654641474219534,0.0008453886786853315,0.0010197334157153902,0.0008193787619821609
Q2U1F3,2,377,S,test,2,0.0019846472293594663,0.0028595822771187566,0.9829116956377959,0.0021968041651718277,0.0010077365393356091,0.004343342982778657,0.0014893381643464397,0.0006660731897885725,0.0015486666785502277,0.0009921131357545556
Q2ULM2,2,496,S,test,2,0.0005993116977507831,0.0009823253244256513,0.9943498099001068,0.0005046710325532722,0.0004316680208572386,0.0007665313317700035,0.0006582151820121168,0.0004316680208572386,0.0007061617709300011,0.0005696377187369084
Q2VWH6,0,458,U,test,0,0.994932390788345,0.0010932974082843176,0.00038717145521344946,0.0009125924965563412,0.0005230352550376342,0.00047437234484825274,0.0004951998300116882,0.00032858812687988945,0.00037525940390743627,0.00047809289091602
Q2WFL8,5,288,M,test,4,0.006518020202273728,0.005116052752954182,0.025231325581415113,0.006028183149856761,0.7533806993932585,0.15791716586044588,0.009900046148200368,0.01565119527517679,0.013584720748905396,0.0066725908875133275
Q2YDF6,3,325,U,test,1,0.003486040579476858,0.9856465519583435,0.0010184661946017683,0.003957923978740228,0.000722200701468404,0.0012237153474028068,0.0011098616413861072,0.000949314919297524,0.0008987932947685257,0.0009871313845143251
Q32MW3,3,439,U,test,1,0.0021509436054862156,0.9871410849898817,0.0008132232843470818,0.00228520001838945,0.000965726573506758,0.001850611450795399,0.0012112924880617693,0.0011971805087158983,0.0012644746069731256,0.0011202624738425417
Q32NK7,0,271,U,test,0,0.9950198185019574,0.0010043345644005087,0.00040578784974626365,0.0008424372274610018,0.0005439183578535898,0.0004744140434026287,0.0004991275616556838,0.00033119438116615494,0.0003933030628663413,0.00048566444949038617
Q38819,0,450,U,test,0,0.9926230948462756,0.0023754686215344276,0.00034088452371086467,0.0015389456011625669,0.0004623080040807759,0.0005731084989785859,0.000629436576546286,0.0004998741226440215,0.0004411373829539373,0.0005157418221129145
Q38898,5,802,M,test,4,0.0019564807065273527,0.0008775595559079292,0.0008741382843650056,0.0017081402927271293,0.989038545396668,0.001469635692642818,0.0008844423786934498,0.0010585389823004423,0.0011535302720773223,0.0009789884380905585
Q38998,4,857,M,test,4,0.001419123313103946,0.0006497220351193146,0.0010142017718595276,0.0016688732619595875,0.989217631387453,0.0017252153601192274,0.0009984780220170153,0.0009198410538089228,0.0013647575976096426,0.0010221561969497737
Q39002,6,624,M,test,6,0.0018485992309338897,0.001918488235783857,0.0011773382626902253,0.0011411155200733965,0.0009062296880117452,0.0022994956646395985,0.9860676800500348,0.0013288979682349216,0.0013288979682349216,0.001983257411362681
Q39044,8,486,U,test,2,0.001570718333368563,0.004383730944510573,0.9776256028996037,0.0020011471294035304,0.0006079359781892958,0.004895183528448941,0.0017386267224615082,0.0009126199797604338,0.005292955613014511,0.0009714788712389376
Q39119,8,494,U,test,8,0.010261854515242898,0.04379875365873171,0.12797962576079738,0.03225578107833098,0.004809633996674115,0.06850255519975519,0.030338511930493823,0.00750773286590351,0.6653468841225916,0.009198666871478788
Q39238,0,688,U,test,0,0.9923185021429736,0.002145398621836288,0.0003953116212109841,0.001964886888069442,0.000544564793608693,0.0005706989853874376,0.0006568705371563773,0.0004175323082546698,0.0004110590634461512,0.0005751750380563684
Q39250,1,139,S,test,1,0.0031735933150375175,0.986640165867098,0.0016743066273752984,0.0024768823823972217,0.000757622856563979,0.001155236841545667,0.0011284757559725472,0.0008996993593038533,0.0009067558150516123,0.001187261179654268
Q3C1E9,0,204,U,test,0,0.8505485222198831,0.10318324169242034,0.0013826563057397663,0.030981228354257054,0.001980563663967602,0.003278177760562104,0.00242663715067573,0.00242663715067573,0.002261874775340689,0.001530460926477857
Q3E705,0,233,U,test,0,0.994295639101366,0.0015453303182497644,0.0003634811517708529,0.0010862144354842924,0.00043844194558356287,0.0004777869232344579,0.0005371902337825188,0.00037796057083753186,0.0003869236493156017,0.0004910316703754718
Q3E754,1,87,S,test,2,0.0028890038693782792,0.0030059230097407236,0.9854171982620742,0.002130477896122356,0.001010305364333881,0.0016271257511150047,0.0013228438769145212,0.0005667299121549952,0.0010587909377036105,0.0009716011204624757
Q3E769,1,90,S,test,1,0.279015244563424,0.6487298739812801,0.0026929612034017453,0.04810826275222531,0.002911785245752076,0.006068682047795679,0.00343092150373947,0.0030515246258198446,0.003595574929627384,0.0023951691469344147
Q3E785,3,79,S,test,3,0.002306310367660847,0.0037362067349550367,0.0016906313775858612,0.9846532744803564,0.0012035293670517784,0.0010662678057269295,0.0013321855090003634,0.0010016659259543014,0.001651467988275954,0.0013584604434324899
Q3E792,1,108,S,test,0,0.9945658297266406,0.001134213140135199,0.00041522129548030793,0.00109182772415334,0.00048734281862861095,0.0004911650823751019,0.000524888908541888,0.0003496513638271189,0.0004087838491928641,0.0005310760910249577
Q3E7B6,8,73,M,test,5,0.004347517057936258,0.0023270581794442645,0.003618324560262459,0.0019595794873033577,0.010718257858196098,0.9170549306931735,0.002419757602667266,0.04565747352710053,0.009321282409400887,0.002575818624515415
Q3E7X9,1,67,S,test,3,0.048177240616515314,0.07403767998410456,0.006753378427760505,0.8341799784537565,0.003893317656813169,0.004176920316016973,0.010378438363614071,0.0030321189119884183,0.007160907074582775,0.0082100201948477
Q3E823,3,68,M,test,5,0.035888741203057024,0.06081080449291943,0.25904093833154423,0.04532333750462807,0.019209859246639933,0.4654122885763977,0.04444670213607675,0.01036294149670752,0.04969295056454897,0.009811436447480395
Q3EBR6,6,529,U,test,6,0.0018244880291344771,0.0032398211687982865,0.0016742444050216378,0.0018173750534999813,0.0007970597933371076,0.0026007285735260744,0.982757018415521,0.0012687322671152746,0.001700609795901731,0.0023199224981443867
Q3EDG5,7,500,M,test,5,0.0010653450059510976,0.0012119187633383756,0.0013310324748560707,0.0011164719372927367,0.002481843788570244,0.9838010581712144,0.001320674305272842,0.00191407835280174,0.004700522828237184,0.0010570543724652225
Q3KQU3,1,841,S,test,1,0.00302135270601266,0.9866440507595855,0.0013453484216914442,0.0030946070532673923,0.0008128138225767898,0.0010852488645969368,0.0012442439183014764,0.000851821631522687,0.0008320892328581226,0.0010684235895869537
Q3KRE0,3,591,M,test,1,0.003054794302063536,0.9883226154104353,0.0008532707780029938,0.0023779149982105317,0.0008667078394678656,0.000989811432065141,0.0008532707780029938,0.0008335048569210855,0.001001479039166427,0.0008466305656641302
Q3MIR4,4,351,M,test,4,0.0076562909066537396,0.0011604512481861856,0.0017694769760833783,0.0026151173188301343,0.9681349110599957,0.009021316012467945,0.0014900489954468182,0.003595446817198288,0.0028946710280182927,0.001662269637119508
Q3SY69,3,923,U,test,1,0.05330852397143193,0.4193040125235264,0.02792750083394453,0.37586168006935194,0.010915226595101404,0.023471424704105483,0.04188322045751143,0.010497070269847888,0.007102673316967648,0.029728667258211328
Q3SYS1,3,178,U,test,3,0.0017057447535886888,0.00227302411642926,0.001659735326494122,0.9857244323365772,0.0011142934972746916,0.0010591210209095617,0.0026264745102692368,0.0008644293323496898,0.0014196467882156417,0.0015530983178918855
Q3SZX9,1,391,S,test,1,0.005392752643669372,0.9844541055635101,0.0009407877903117465,0.00308397136098629,0.001306154429475747,0.001134806673624296,0.0006936933567908952,0.0010577560279216019,0.0012032858919227081,0.0007326862617872047
Q3T0L3,3,172,U,test,1,0.10511074469692945,0.5507409109913406,0.01245599456490563,0.27692992165701275,0.005792575562938084,0.007917511468618455,0.012901689238328412,0.006214526166746095,0.012310878671782878,0.009625246981397663
Q3TA38,0,339,M,test,5,0.001542806513112263,0.002020074606110967,0.0019655864186944078,0.0018037234983258896,0.004272323722229068,0.9715722688435731,0.0012396797799971114,0.001721124970854364,0.010218789988809296,0.0036436216582935842
Q3TRM4,5,1355,M,test,5,0.0074180495162748696,0.00406475556817623,0.006470137637133143,0.003730029577339589,0.02713409599303703,0.9056053723155869,0.004941485988180108,0.00680718471695306,0.004259827159961013,0.029569061527358085
Q3TTA7,1,982,S,test,1,0.07843600341407807,0.7921755599463167,0.018092295305830695,0.02765489118616981,0.03406596190378298,0.009589996324856357,0.004029059765369298,0.014396290034387875,0.011704100667163757,0.009855841452044484
Q3TYA6,0,858,U,test,0,0.9951070723148823,0.0009289390404099839,0.0003581378752087279,0.0008326956284481027,0.0005231271052981158,0.0004952867265014937,0.0004933558035005354,0.00036094680268761864,0.00040900631377432223,0.0004914323892888673
Q3TZW7,1,114,S,test,1,0.0053816155610024955,0.9795469995191751,0.004027693212100409,0.003944971741053886,0.0012695375356772723,0.0012114012352580185,0.001438574568130788,0.001138006145225594,0.0010524836050195057,0.0009887168773568971
Q3U1F9,4,429,M,test,4,0.0013572207472258393,0.0006069866069646053,0.0018696504687247546,0.0015560612506639422,0.983754647678722,0.005305373788899137,0.001116419274353274,0.0015867517040823503,0.0015867517040823503,0.0012601367762817683
Q3UH93,4,1925,M,test,4,0.0010568597267010121,0.0006069034607317275,0.0035405653877841536,0.0022199610182521714,0.9836199094028247,0.003164457712611501,0.0012501590063928405,0.001147210482086844,0.002114168118098074,0.0012798056845168906
Q3UMU9,0,669,U,test,0,0.9948961095867754,0.0010091250298200538,0.00038715732914359075,0.0009197165389299318,0.0005271182189501185,0.0004913281867653589,0.000512900123014714,0.0003443448620005731,0.0003932541457710818,0.0005189459788291886
Q3UNX5,3,580,S,test,5,0.01225172792197835,0.23481358322274,0.0811494035128193,0.03020509862479337,0.0314697378895295,0.49710037916677186,0.03664840948983182,0.0185362724941515,0.018392021795691195,0.03943336588169307
Q3UPP8,1,700,S,test,1,0.0018111906259345816,0.9890241708858905,0.0009232606418453288,0.00196602872832351,0.0010259562566424074,0.0009232606418453288,0.0007303592644979693,0.0014078042659283075,0.0013538721835704198,0.0008340965055216944
Q3YEE8,2,61,S,test,2,0.0008176082137087596,0.0008468635029053624,0.9944040401077893,0.0004595332807698593,0.0005696687617421825,0.0006660103065120384,0.0006087827414862122,0.00043169156473480286,0.0006305659126367906,0.0005652356077147365
Q3YEE9,2,62,S,test,2,0.0008177372861422567,0.0008097903701767518,0.9945609660612261,0.00045602912218022557,0.0005764748383117847,0.0006481480726479742,0.0005809961758093973,0.0004283997255928235,0.0005924553414351054,0.0005290030064775892
Q3YEH7,2,61,S,test,2,0.0008049163047983115,0.0008353473859441893,0.9943841566711392,0.00046312820030856015,0.0005696574152078477,0.0006686036271800631,0.0006305532797348347,0.00043848098152193365,0.0006354987189571714,0.0005696574152078477
Q3ZBF7,1,160,S,test,1,0.03226228488706889,0.942842142795875,0.001683329844292346,0.01182235891705417,0.0019375007015623976,0.0025171256144108883,0.0018201135425243394,0.0015690359568260072,0.0021614383827966532,0.001384669357589339
Q3ZBI7,3,58,M,test,3,0.0038071384753637742,0.00451447103963578,0.003119457517401986,0.9724772119693946,0.0020861399083222914,0.002102501617387584,0.006681736600954784,0.0011565849132894014,0.0017635815487730725,0.0022911764094766924
Q3ZCI1,3,114,M,test,3,0.004187068569522728,0.004286361983593219,0.004991727950475358,0.9512549479543377,0.009385160356680937,0.009219377500981157,0.006600061838836156,0.0025695213404933973,0.003351287650226362,0.004154484854852936
Q40161,2,630,S,test,8,0.054290001031863516,0.11063695093020688,0.1680434963373348,0.12784075897731842,0.007767933052840732,0.1628733446810303,0.07830026099183925,0.014287416071519364,0.25925615755837234,0.016703680367674386
Q40424,6,503,M,test,6,0.0018661821802032404,0.00184804653586082,0.0012553448217207915,0.0014562255114344473,0.0007525345363469382,0.001197858470626555,0.9877000963771416,0.0010653972768642354,0.0009328931258485243,0.001925421163952789
Q40983,6,1257,S,test,6,0.0020150313350948495,0.00195494333609272,0.001016194196642751,0.0011030683124833296,0.0007640730776876591,0.001752400124852867,0.9872967837117737,0.0010859667859147765,0.0010004395952986562,0.002011099524158734
Q41738,6,354,U,test,6,0.00218989997055425,0.0022616222766851392,0.0014832080706945181,0.0012344353129676367,0.0007116510172901667,0.0016708759474817253,0.9865434652078059,0.0010641497548275777,0.0008584149791838332,0.001982277462509289
Q41739,6,354,U,test,6,0.0028260588538093004,0.002850310729187643,0.0020645624000871065,0.0017624682151298678,0.0008423445754412217,0.0017351435569892089,0.9833193325926457,0.0011423886863524515,0.0009179351478095483,0.002539455242547919
Q42191,3,429,M,test,3,0.004331280300865404,0.0034531977483281853,0.0027639047513521903,0.9649856293405208,0.007966443571698009,0.00444266228529953,0.004468770049969955,0.0015564781445116561,0.0028628014258597397,0.003168832381594538
Q42290,3,531,U,test,3,0.002058400031485827,0.0024372597187043168,0.0014884128160549707,0.9861456548049052,0.0013032976734294397,0.0010595735874871827,0.0016604445065920125,0.0007935839657600557,0.0014313925926023878,0.0016219803029785976
Q42342,5,134,M,test,5,0.0018670962758910296,0.0015358314534556052,0.001911373216181793,0.0018238450710576037,0.0063534238163703485,0.9785806481756512,0.001987513497479832,0.0012983616460954981,0.002459050059324221,0.002182856788492875
Q42512,6,139,S,test,6,0.0019659311138327798,0.00223204718974702,0.0012742684334939402,0.0012398971636920872,0.0006955192865905401,0.0016393917689004112,0.987045331309376,0.0010605402929431823,0.0010359728217069141,0.0018111006197171831
Q42599,3,222,U,test,3,0.0023277741585884457,0.002287213896782907,0.0018486281408855209,0.9841591005195037,0.0017502460192161842,0.0011523318109995242,0.0023969795741492464,0.0008835234809256685,0.0015627937209467203,0.001631408678002089
Q43386,0,204,U,test,0,0.9950563338748537,0.0009127061337972875,0.000425277595501317,0.0007898813841114967,0.0005418177218523266,0.000489491534343274,0.0005334175991568096,0.00034172014378074523,0.00038420626738841783,0.0005251477452145758
Q43725,3,430,U,test,6,0.0015469070306743699,0.0014531847859098968,0.0009832739015115915,0.0010264448912410034,0.0006348493249596933,0.0013283184176019957,0.9894952784340888,0.0009530217521111992,0.0009093797460175584,0.0016693417158838988
Q49B93,4,619,M,test,4,0.0014339772468596763,0.0006240159732090883,0.001683050966207271,0.0016962511828734336,0.9879263444508525,0.002385681913656522,0.0011299468819603795,0.0009971746279600659,0.0010866592423770644,0.0010368975140440594
Q4JL84,0,235,U,test,0,0.9949793540707353,0.000853999312591193,0.00039328705857494343,0.0007405196904797438,0.0006020382473844923,0.0005169660601914907,0.0005149506198673113,0.0004219354150096879,0.000445652621979498,0.0005312969031862526
Q4R1C4,2,892,S,test,2,0.0012565463850591721,0.002757983513273992,0.9847910884035095,0.001286344625344776,0.0008112873451996479,0.003284796005564266,0.0011575847718989956,0.000672580852767122,0.0029481811879687975,0.001033606909413744
Q4TTV7,2,274,S,test,2,0.0005995352394012919,0.0008826012476703074,0.9947206958685945,0.00046147877512096966,0.0004490311541653165,0.0006900608412521768,0.000558828352088519,0.00042182573750740955,0.0006636250171818501,0.0005523177670177293
Q4W6B5,3,469,M,test,3,0.004779516877805195,0.0077711911534777,0.002360839245004665,0.9750167696958807,0.0017339871314865426,0.0012636662347307707,0.002099773944463206,0.0010978922240859237,0.0018172028936566788,0.0020591605994085957
Q4WZ11,2,87,S,test,2,0.0008215882948879085,0.0012737440798391635,0.9934069220357992,0.0005917678534285342,0.0005121323785039811,0.0010085990959192294,0.0007110254007572525,0.00045549996069159414,0.0006473959853328067,0.0005713249148403567
Q4ZJN1,2,333,S,test,2,0.0017581147058829026,0.0013199857490646344,0.9910001374451707,0.0009507500424271284,0.0012718995844299464,0.0010606383670050854,0.000728965345341307,0.00047620334535022565,0.000797490548474101,0.0006358148668540386
Q500W4,1,213,S,test,1,0.0032389828878588217,0.9873118581784913,0.0008523981378315759,0.0028457717850273144,0.000800753919842761,0.0011650902423196393,0.0010201869419246895,0.0008523981378315759,0.0009003118854220603,0.0010122478834502383
Q501B2,0,409,U,test,0,0.9948120761098707,0.0010846580382285022,0.0003994132534221011,0.0008195427893271891,0.000520933103938448,0.0004893713365414253,0.0005291366011602746,0.0004057031154598729,0.00041209198873526717,0.0005270736633163128
Q53EK2,0,232,U,test,1,0.4457326203461607,0.48195189398358534,0.001396674956634219,0.04145959546235607,0.004169700731190795,0.007943671274295235,0.003622699057725802,0.005654953207070235,0.005654953207070235,0.0024132377739113768
Q53HC0,1,331,S,test,1,0.00189097588519986,0.9891625136676099,0.0010181144523130146,0.0020208117915146537,0.0008606938786950242,0.001006253128609591,0.0009601734436587165,0.0010381950465628502,0.0009752939305452534,0.0010669747752911163
Q53R12,4,229,M,test,4,0.0031284505019810557,0.0008956598365015285,0.0015058186293668433,0.002123544477255788,0.9822102757614531,0.004757523635115686,0.0011865565563211977,0.0016345505910913666,0.0013710634545921498,0.0011865565563211977
Q53R41,3,847,U,test,3,0.001953801676848683,0.00209203345136696,0.001500960547950418,0.9867201822284365,0.0012688824321597523,0.0010356315485141418,0.0016875752247043684,0.0008256775225198877,0.0014547808054978326,0.0014604745620014552
Q53WJ1,0,1238,U,test,0,0.994785379849649,0.0011483967668745995,0.00034430652553148016,0.0009789242288591382,0.00046694890432926676,0.00048745039943767066,0.0005048920923997498,0.0003841016485628221,0.0004025350836629171,0.0004970645006933312
Q54ER9,0,602,U,test,0,0.990935134566925,0.0034774708590103376,0.00041695022217662695,0.0014174286409177244,0.0007462033177629377,0.000737509769836433,0.0005834182422811357,0.0006357731285412602,0.0005312083513199985,0.0005189029012286005
Q54J33,8,407,M,test,8,0.0066566641796154385,0.0037340502100924916,0.0037928527552583123,0.013738854314353356,0.02684688284972316,0.017537974405086212,0.003453431765977466,0.012768557720329555,0.9065815512186759,0.004889180580888135
Q54JH4,8,388,M,test,8,0.0041869535700335995,0.003738528486157405,0.003948673283679652,0.010870742075107005,0.008855128982430353,0.010058703266353745,0.0038122645566969343,0.006297650044419199,0.9438262924637882,0.004405063271333899
Q54NL4,5,403,M,test,5,0.001806714484626373,0.0014125777826015067,0.0011988391043332737,0.0020392940541404648,0.0043542335532862665,0.9769922718819438,0.001306420847132564,0.002319867360432966,0.006898843286216712,0.0016709376452860153
Q54QR9,1,584,S,test,8,0.025100657856654326,0.3438073713917697,0.011313753265778086,0.08760990251382758,0.047423813757060916,0.022854408376967953,0.022324986880598516,0.02746020272817576,0.3805600724028055,0.03154483082636165
Q54RP0,1,648,S,test,1,0.0020590486602516927,0.9883848044990641,0.0008667623869765951,0.002047018999853074,0.0009898737387122945,0.0015152847038875975,0.0009371935957397725,0.0009745271148853012,0.0012660677984550582,0.0009594185021745425
Q54RR8,1,254,S,test,1,0.12215627300652904,0.834786606807123,0.0011790112917710123,0.020654998650847585,0.003034323950252224,0.005646762928516271,0.0028062909950377747,0.004329522981986421,0.003492485336655991,0.0019137240512806621
Q553Y0,8,368,M,test,4,0.03506265761887422,0.005309201120082906,0.006978813453879344,0.02560233643365062,0.45603355142275065,0.054678610558307625,0.005226889895361279,0.07415519292989113,0.32846866755747334,0.008484079009728866
Q553Y1,8,369,M,test,4,0.035312990569037826,0.0036357425144313105,0.005087318754225939,0.015608952645060006,0.7491493798955684,0.04394772612927526,0.003900582502431153,0.05078149975908767,0.08672033914620791,0.005855468084674562
Q55D99,1,1197,S,test,1,0.0024660967944107647,0.9881166295057209,0.0012219991860958918,0.0022763165353213823,0.0012030538728926364,0.0011301644931111688,0.0009224134334849752,0.0009010457502466739,0.0008398669952306999,0.0009224134334849752
Q55P57,2,624,S,test,2,0.000742745469972793,0.000961184095033547,0.9940792330838267,0.0005205493075661501,0.000508490833897805,0.0008700551123504309,0.0006869272916987485,0.00038683944182718355,0.0006789243786004293,0.0005650509852261612
Q569K4,0,471,U,test,0,0.9949696983496296,0.0010181087167359492,0.0003871859642818664,0.0008539910473019118,0.0005251020363805284,0.0004634008951723459,0.0005292204031470229,0.0003470712512405178,0.00039328324606459895,0.0005129380900456991
Q569Z6,0,951,S,test,0,0.9947407483950618,0.0009655881668099056,0.00043183772488719326,0.0008947689371045002,0.0005566608627645941,0.0005168421045393609,0.0005588395756953296,0.00038408441780284313,0.0004152943204645484,0.0005353354948699968
Q56WN1,1,356,S,test,1,0.0020467838243518627,0.9844183459970409,0.0014742431703349578,0.003191865830877571,0.0011259345973665311,0.0016705362739476703,0.0010092813280946139,0.0014288854347727226,0.0024448995262740052,0.001189224016939141
Q56X52,6,351,M,test,6,0.002294403982859288,0.002384638188785262,0.0012584580085263336,0.0012486645705016989,0.0008448887750526946,0.00185262953145939,0.9862892889199466,0.0009839240464532702,0.0009279288058068724,0.0019151751706086243
Q582G4,1,390,S,test,0,0.9942443833925442,0.0013434387060101474,0.0003899382146110092,0.0011999219811810475,0.0004967941746889462,0.000492928079183343,0.0005186060453635592,0.00039299653311938246,0.0004183426573495926,0.0005026502159487771
Q58A45,1,887,S,test,1,0.0021288514960327624,0.9894846680727819,0.0006972381219458561,0.0019516373303313055,0.0008410297959735028,0.0011814181476758603,0.0008883044894223956,0.0010548876072910562,0.000930935142571837,0.0008410297959735028
Q58FA4,0,860,U,test,0,0.994051310676342,0.0015631620127571227,0.0003605638459488957,0.0012548099456178303,0.0004739522567616507,0.0004851917199001457,0.0005287319248254602,0.0003898624984204936,0.0003898624984204936,0.0005025526210058915
Q58WW2,0,860,U,test,1,0.09488762075649675,0.8725703360913237,0.001148699861553523,0.01748401419004476,0.0022844624875053305,0.003209048636505572,0.00214605374075771,0.0025089911042940525,0.0025089911042940525,0.0012517820272244995
Q59E36,0,590,U,test,0,0.9949533813576066,0.0009545427034078559,0.00038416653475393695,0.0007640064356600182,0.0005438820483181755,0.0005149371816153284,0.0005271485673755312,0.00039636130222616355,0.0004219243909815912,0.0005396494780548019
Q59L72,4,384,M,test,4,0.002169287931347712,0.0009113862302173104,0.0012264041945973397,0.002913400057697941,0.9763039509712225,0.007873175343466576,0.0014226536668549945,0.0033272074315381863,0.0014793259304729384,0.0023732082425845877
Q59NP1,4,251,M,test,4,0.002233587544569706,0.0007964101518209163,0.0011319270647733336,0.0032057215506695754,0.9743143960363285,0.006760054350741389,0.001686000286107983,0.0021564270079715946,0.006036048878853002,0.0016794271281639465
Q59SF7,2,346,S,test,2,0.00163144143692812,0.0029361828954077678,0.9841788852732513,0.001550663189363033,0.0007557329044974014,0.0035878382526361666,0.0011300663561528191,0.0009044937866775767,0.0022917315497027195,0.0010329643553831772
Q59WG7,5,322,M,test,5,0.0011057693692251007,0.0013234327160730082,0.0015412173676805825,0.0013442736188417773,0.0027826201265429506,0.9820123451332372,0.0027049205862709697,0.0013869455366451171,0.002626824535431403,0.0031716510100518697
Q59YT1,4,504,M,test,5,0.027896104302547582,0.004078117653509274,0.00488086741916593,0.01612926642560605,0.030578095380464302,0.6005362255483785,0.005155223407348925,0.27068290038774845,0.03220242252889344,0.007860776946337586
Q5A6P6,4,509,M,test,7,0.033210036248593575,0.0053844551047126646,0.005913667063851851,0.045838193257927165,0.11512472770024804,0.23994054503589377,0.007957709221968565,0.4809213103585647,0.0516884786967085,0.014020877311531163
Q5A960,0,833,U,test,0,0.9948194364442677,0.0011158232519976397,0.00032345711111419367,0.0007375141530472279,0.0004633309315612271,0.0005374732287611232,0.0005270775736228017,0.0005148678767792586,0.00044211345390628224,0.0005189059749425204
Q5A961,1,690,S,test,1,0.0024272242648005426,0.9888216102842595,0.001045976981967581,0.0022273463780916746,0.0008470580082496426,0.0010059062467432304,0.0009087606307847979,0.0008470580082496426,0.000901688574717116,0.0009673706221362036
Q5AB48,2,358,S,test,2,0.0009362917008775425,0.0013918811402707201,0.9912983141586655,0.0008864631493564169,0.0007671698666022834,0.0013569851820238378,0.0007823009479994907,0.0006021585409098593,0.0012022223045266903,0.000776213008767585
Q5ABZ2,0,534,U,test,0,0.9949018448223873,0.0012098373514156315,0.00036943022493715144,0.000789758745481062,0.0005312555369732029,0.000467003559022281,0.0005069275270038788,0.00035527758418427445,0.00038115717766974943,0.0004875074709254165
Q5BD29,2,555,S,test,2,0.0008644887691724841,0.0010286128357317932,0.9935238338226363,0.0005713921841900046,0.00046635672225068154,0.0007365536276796981,0.0007688922324010817,0.00044153767418689634,0.0009329113505480081,0.0006654207812030316
Q5CPU3,1,152,S,test,1,0.0023840762906722694,0.9875024267413407,0.0009660800868351732,0.0018404732151190693,0.0012898861517837144,0.0013412693121936327,0.0009363569277382985,0.0011929496772792984,0.0015804015102026542,0.0009660800868351732
Q5D869,0,1976,U,test,0,0.9918740702760489,0.002512003210140413,0.0003514399818944508,0.0020422440323153474,0.0005153526634513784,0.0005885511946569334,0.0006192104548748129,0.00048412902166775356,0.0004729141790438481,0.0005400849859062152
Q5DTL9,4,1118,M,test,4,0.0019272155862569247,0.0006925594409104808,0.0006979912636841455,0.0027687085318976756,0.9828448788735716,0.003388981504907253,0.0015126890097708632,0.002158379290516194,0.00254816411741296,0.0014604323810718902
Q5DW34,0,1296,U,test,0,0.9950328405371848,0.0010151946348041778,0.0003553243620437934,0.0008070160054186504,0.0004952497823605431,0.0005089786436425884,0.0005149782829155649,0.0003902474512443099,0.0003963929298369768,0.000483777370548646
Q5E930,4,385,M,test,4,0.0025171129871987435,0.0009080838029500284,0.0017098298932123415,0.003749228767340455,0.9651961887251027,0.011149492073896225,0.0023924822365675134,0.004357684387677924,0.005350890549766708,0.0026690065762873614
Q5EA95,1,429,S,test,0,0.9885426395774575,0.003824945631246192,0.0004000089973557222,0.003258894543323503,0.0006492787267390642,0.0008568011374488287,0.0007243227179782629,0.0006099408849964611,0.0005136217034383603,0.0006195460800161297
Q5EU90,3,539,U,test,6,0.0019269457358638792,0.001897071234472481,0.001308939718422064,0.0010641604266419756,0.0008451150340857277,0.0020213950046167406,0.9865534206252027,0.001234447762125481,0.001115230666745601,0.0020332737918234097
Q5EXX3,0,1203,U,test,0,0.9945093921353777,0.0012398541354526032,0.0003750998850402983,0.0011132990399601033,0.0005269133216985318,0.0004930594553044947,0.0005107019061683984,0.00034691067175229525,0.00037804184572189596,0.0005067276035237305
Q5FW60,2,181,S,test,2,0.0007422497512706055,0.001189591770967482,0.9934157622875152,0.0006129476543962177,0.0006226001730737246,0.0010066400778377513,0.0006864688231981763,0.0005283938632084524,0.0005871678875602782,0.0006081777109721746
Q5FW85,2,670,S,test,2,0.0007202799865777326,0.0009412588510001269,0.9946128085959601,0.0005631501528667629,0.000560954676322141,0.000643137606741019,0.0005167756439608668,0.0003993332484766534,0.000539464757253921,0.0005028364808405999
Q5FWF5,0,840,U,test,0,0.9945962035336633,0.0012003465334140412,0.00033890407174167765,0.000965447883204559,0.00048545769355652526,0.0005107464489123018,0.0005436868051776277,0.0004120025634762654,0.00042841488319280335,0.0005187895836609508
Q5FWP4,0,625,U,test,0,0.9947592966971065,0.0012096639683619355,0.00032343757315557274,0.0008672559939765565,0.00046330290385298195,0.000493183341975621,0.0005249909776114237,0.00044904860389206175,0.00041855931361479124,0.0004912606264525058
Q5FWY4,0,821,U,test,0,0.9922684613289107,0.0021833338795486648,0.0003771899925628311,0.0020015841912166756,0.00048812008173332793,0.0006170416342728811,0.0006122397352784307,0.0004694205221987909,0.00042078581164282317,0.0005618228226349426
Q5HYJ3,0,339,U,test,0,0.9949736550069254,0.0010555726528727472,0.00035808987503388185,0.000875955490327315,0.0004932896104268773,0.0004688651783268134,0.0005129401115629526,0.0003694569011981013,0.0003871875097291115,0.0005049876635968725
Q5HZG4,0,932,U,test,0,0.9950363039101617,0.0010754090034395274,0.00036660482870939264,0.0007290807551999099,0.000489481666548281,0.0004875733574892301,0.0005169956711600829,0.00040897721188297344,0.0004057945625036552,0.0004837790329052561
Q5HZV9,0,360,U,test,1,0.0024579465098280824,0.987740419720204,0.0008867386066538617,0.002391647512890984,0.001028634693053074,0.0011565250837530312,0.0011385949108143776,0.0010367023919397153,0.0011341558778098534,0.001028634693053074
Q5JNS0,0,379,U,test,0,0.9947343890811563,0.0008706284879590499,0.0004817467326735862,0.0008275207629890217,0.0006584697494934694,0.0005128167628885874,0.0005632190144632848,0.0003497106148259549,0.0003901303970513576,0.0006113683964993877
Q5JRA6,5,1907,M,test,1,0.005128540554775781,0.9584236723213947,0.013302423035162644,0.006078409485372883,0.006794212839018157,0.002910762088539522,0.0014983318951011973,0.002320661903693039,0.0015580187289826223,0.0019849671479594574
Q5JTZ9,3,985,U,test,3,0.0028575406186463048,0.0032946346968549156,0.0016449586578794156,0.9846108547775582,0.001332128141687931,0.0010334177545750993,0.0011438891294351873,0.000986094117113326,0.0016839676812391074,0.001412514425010583
Q5JVL4,1,640,S,test,1,0.0055593611508077765,0.979809499005829,0.0014277618839946178,0.005002883285332493,0.001373065303851469,0.0015558868534668794,0.0013838344206629838,0.0014962816208000294,0.001394687938591057,0.0009967385366636903
Q5K4E3,2,855,S,test,4,0.002334939659120245,0.0008725031636349536,0.0022987396182047436,0.0025644294038327125,0.9718835440192446,0.010670866257601273,0.0016817938585709626,0.003917932304899615,0.0016492649746367393,0.002125986740254212
Q5MPP0,5,372,M,test,5,0.0013625900765886047,0.0010488229440179036,0.0009852781028200776,0.0013519863864259875,0.003874084190634213,0.9837960537366063,0.0010007939377530922,0.0016308068016456863,0.0038589804659627746,0.0010906033575453983
Q5N712,0,1286,U,test,0,0.9947575643986838,0.0011778957348573948,0.0003781361566257931,0.0009506342184201996,0.0005009489990196545,0.00048553645393550524,0.0005108293423172246,0.00034971876821933857,0.00039939138316961114,0.0004893445447515346
Q5NCS9,3,454,M,test,3,0.004902301950298288,0.00679289166249803,0.0036502037895682904,0.9657528974754697,0.001363981564052497,0.0015216314448065048,0.007548474690174003,0.0013117281912720118,0.0017242341762091706,0.005431655055651547
Q5QHG5,2,373,S,test,2,0.0006306497421251127,0.0009691680961141146,0.9945362871156577,0.0005742131071346735,0.0004969400502541851,0.0006845638316980999,0.0005787167503042307,0.0004119777613168995,0.000554376692865637,0.0005631068525293357
Q5QHG6,2,495,S,test,2,0.00079174536446384,0.0013814382758821366,0.9915774709274906,0.0007014475105387468,0.0005614315728518413,0.00123589697485028,0.0007673859190389751,0.0005614315728518413,0.0015623203654827275,0.0008594315165489564
Q5QNQ9,2,1845,S,test,2,0.0008638272359442074,0.0012016500142379982,0.9927635352134887,0.0007245795243555329,0.0008210561801073681,0.001148864153753512,0.0005844947282310595,0.0005239377360366152,0.0008146666657078699,0.0005533885481371199
Q5RJM1,5,330,M,test,5,0.001214431602458379,0.0013234125257479872,0.0014421733838385561,0.0010886094565857023,0.002870906385900868,0.9819974332968626,0.0012049808901885412,0.0013654221589096095,0.005839170440078996,0.0016534598594286894
Q5RLM2,4,535,M,test,4,0.0016981522864083175,0.0007023862796701041,0.000850555607125596,0.001790106641461449,0.9890335680078481,0.001960295924123288,0.0009341526237472791,0.0010021994658160264,0.000990523476244915,0.0010380596875548451
Q5S003,1,2320,S,test,1,0.002848499356526298,0.9881073108019333,0.0013846934962642736,0.001870601526508052,0.0013264550989498382,0.0010953826649665196,0.0007587494687679758,0.0009742535064036551,0.0008870679722858047,0.000746986107394315
Q5SML5,0,696,U,test,0,0.993615428863854,0.002069945297632784,0.00032815318129246154,0.001080184054266852,0.00043134919823368373,0.0005203064856929666,0.0005560311479782418,0.0004964799354385978,0.0004246617780098237,0.0004774600576006126
Q5SNT2-2,0,392,M,test,5,0.10243958530540312,0.007837820093121773,0.007837820093121773,0.023308182808154883,0.2021400241799101,0.5941226057874046,0.009307640873395714,0.02916372279084791,0.015166922910301583,0.008675675158338557
Q5SUE7,0,619,U,test,1,0.0023968554494268207,0.9869954234704517,0.0009962350764556656,0.0033293294022777877,0.0006089862280138353,0.00138854880520633,0.0012642880489462582,0.0009962350764556656,0.0009213667694031116,0.001102731673362854
Q5SWZ9,3,221,M,test,5,0.10672290404129615,0.03424419898382639,0.032803931104036683,0.19552820644691957,0.11767095009416141,0.3888542598869063,0.01776565637135071,0.023080447466295766,0.0683692631946704,0.01496018241053662
Q5T2S8,1,1044,S,test,1,0.002706968669193103,0.9886517698653082,0.001100275867628464,0.001961453737715789,0.0010622662620917113,0.0009374467338379315,0.0007832660949794828,0.0009672044714749548,0.0009824357295000813,0.0008469125682702879
Q5T7N3,1,995,S,test,1,0.009314720514706108,0.9226953113573244,0.011225929669822783,0.005817629044651151,0.033088113680754,0.006643940890274181,0.001753605727494333,0.004602123509954615,0.0022871331259956143,0.0025714924790228334
Q5T8A7,0,1209,U,test,1,0.0023317368682348283,0.988726933247593,0.0011046662243742987,0.0023823749700291968,0.0008945859371329334,0.0009302222372989888,0.0009302222372989888,0.0010176661475348344,0.0008670623875837965,0.0008145297429192101
Q5T9A4,3,648,M,test,1,0.0032420629353713776,0.9882507039850816,0.0008599005148817676,0.002351188084004377,0.0008666447461329756,0.0010014062037353281,0.0007952779563463186,0.0008269582354079522,0.0009592883587906271,0.0008465689802475885
Q5TB30,0,811,U,test,0,0.9558244199954486,0.027327315301274423,0.0005369766401594489,0.008205147845050621,0.0012583000942942382,0.001686626658741215,0.0012982428915789218,0.0017131872813234193,0.0013499590037429564,0.0007998242883860585
Q5TCY1,1,1321,S,test,0,0.9915321013082857,0.002535780220686797,0.00047275113053766264,0.0022160708556641295,0.0005527021041082555,0.0005614058973370353,0.00070141543070077,0.0004043654684665873,0.00043044480482936314,0.0005929627793836503
Q5TEU4,3,345,M,test,1,0.005695564199132041,0.9767384111111064,0.0009117917750150486,0.00871868846639259,0.000978209848382377,0.0016836054408939898,0.001638193111903797,0.0010494659088966754,0.0015032905935473413,0.0010827795447297586
Q5TGU0,5,170,M,test,5,0.001054013237185565,0.001353379719455774,0.001814071559391908,0.0013117406282663919,0.006124950277783986,0.9733366481159141,0.0012226767196792856,0.0023293138835497745,0.008161924509260045,0.0032912813495131607
Q5TGZ0,3,78,M,test,3,0.004813359535897558,0.004416986751165025,0.0053071319065645965,0.9353553866856275,0.019873041518212165,0.006801195566087204,0.012931633929388555,0.0024680455490278417,0.003047629523491064,0.004985589034538511
Q5TZA2,1,2017,S,test,1,0.0021591894100992637,0.9889917018128767,0.0008021164002512928,0.0020363092874149985,0.0009451240959238095,0.0010100169782119239,0.0007476546821845171,0.0011947488069007403,0.00121831301910192,0.0008948255070348437
Q5U3Z0,1,290,S,test,1,0.03851503030269153,0.9186668441631024,0.0016147392998500237,0.028846426087880468,0.0016021734291343085,0.00326186301618789,0.001978420092148247,0.0019477474466721141,0.002073366339786421,0.0014933898225466132
Q5U4F6,1,535,S,test,1,0.006837237661734348,0.9796814969270288,0.0005460963030696481,0.005377100808462243,0.0012115675553114567,0.0017422828913586667,0.0008262172966225387,0.0014557318138866762,0.0015988086898749447,0.0007234600526506515
Q5U5X0,3,104,S,test,3,0.01952167818929049,0.030592177568945243,0.003513742762030041,0.9296487127442515,0.0016468580851626872,0.0022509883064357958,0.0034323470303082465,0.0016597745981635518,0.0030054634468136133,0.004728257268598831
Q5VT66,3,337,M,test,3,0.0038816770189644923,0.005759200374890324,0.0027822485680953682,0.9751921197322836,0.002370505481758318,0.0017963547477036924,0.0025933409500731312,0.0014210334772258837,0.0018606311426214454,0.002342888506383771
Q5VTD9,0,330,U,test,0,0.9947736911724216,0.0010846161806349272,0.0004153080539303703,0.0010149303178681988,0.0005437838291523767,0.0004706056813354263,0.0005048861520884207,0.0003159497008073055,0.00038110808437284325,0.0004951208273885093
Q5VWG9,0,929,U,test,0,0.9950479516688884,0.001056682979944464,0.0003666091232726241,0.000746379114632318,0.0004894874120115606,0.0004856781863994297,0.0005149861500968592,0.00040264135213866986,0.0004057993213594721,0.0004837846912562095
Q5VWK5,4,629,M,test,4,0.002134911519889116,0.0009585285144533266,0.001255049720612095,0.002009484965181486,0.987467913526089,0.0018368177757075493,0.0010989583252139718,0.0011975768784889768,0.0010283509256121608,0.0010124078487523608
Q5VYS4,1,303,S,test,1,0.0022317483349262434,0.9888427212004725,0.0007957544052707249,0.002173672449423205,0.0008339434664938241,0.001079202987589661,0.0009673912966998447,0.0009749786079720005,0.0010297826986833904,0.0010708045524686265
Q5W7F2,7,827,U,test,4,0.14406695370793893,0.25482846896490774,0.015544636213677587,0.0644307251245329,0.43010446132812546,0.022266663137698945,0.007755506336334091,0.03158555749452892,0.011733706841392777,0.017683320850862654
Q5XEN5,0,204,U,test,0,0.9950705850289066,0.0009307210595529255,0.00040580855529949434,0.0008310403110439822,0.0005546745507553393,0.00046708277826836676,0.0004991530498597185,0.0003417250556317993,0.00038421179320584484,0.0005149978174759711
Q5XF06,3,469,M,test,3,0.002065684977121503,0.0023706334957474154,0.0018229606767789298,0.9857774925160718,0.0013868353820854508,0.0010674852413522055,0.0016150536357838322,0.0008712560533575427,0.0015172024896425898,0.0015053955320586806
Q5XF36,5,416,M,test,5,0.0018323170110443453,0.0012495315387704483,0.0010771635177838257,0.001714591781946756,0.0037641188325805057,0.9792933636197468,0.0013197683961229665,0.001988961163481364,0.006078755589887976,0.00168142854863495
Q5XIX0,5,703,M,test,1,0.00332109104163431,0.9864779803832728,0.0011021535547029982,0.0030677599208608452,0.0009957127095087126,0.00128854808477446,0.0010193253430195207,0.0009137173911524537,0.0008856052477466615,0.0009281063233271996
Q5XM24,2,494,S,test,8,0.016483656427536637,0.021837295728720407,0.027176954014372378,0.052589979215709806,0.13376965625358048,0.14351389881326995,0.014433571281550175,0.02803964376744954,0.545863728662113,0.01629161583569764
Q5YGP7,0,568,U,test,0,0.9943307651769587,0.001375500813145439,0.00038392611948204365,0.0011417231305287275,0.000545669114963572,0.0004703961319205298,0.0005330286810946519,0.00033356080575838444,0.00036066520309981613,0.0005247648230481412
Q5ZIH3,7,460,M,test,4,0.005476991285535456,0.0009916068710870032,0.0014885783015768299,0.004777116327106975,0.9447747054379231,0.017439870498792576,0.0016867801638225475,0.009744741209768959,0.010913592972879162,0.0027060169315073633
Q5ZLF4,7,770,M,test,8,0.024199498000338857,0.003625145292457643,0.004476457217455307,0.03740778439116461,0.24632317486292207,0.04756575662246097,0.005658772117336756,0.07541835053459256,0.5464918428935769,0.00883321806769431
Q60547,0,234,U,test,0,0.9943049697484547,0.001543836389515509,0.0003037026880667922,0.0009391314993186181,0.00045236381605985294,0.0005066234202557666,0.0005456549124264207,0.00047038394555897557,0.000438446045655576,0.0004948875346877613
Q60848,0,821,U,test,0,0.9951179964469838,0.000941736886933179,0.0003995360833505177,0.0007552303852039127,0.0005130144901224958,0.00046528394174510473,0.0005150223635747489,0.00036951047354862043,0.0003995360833505177,0.0005231328451870578
Q60954,0,390,U,test,0,0.9950310972237572,0.0010362273094511427,0.0003812067071365279,0.0006929778462925808,0.0005292530873882349,0.0005030479407948429,0.0004913948837432061,0.0004252668205046198,0.000421957365806132,0.00048757081512553076
Q61043,1,2035,S,test,1,0.004230312963665342,0.9829106835377339,0.0021925156266194242,0.0031838665885490685,0.0013774111738669578,0.0009541048113805725,0.0009175536602963353,0.0014605300830627785,0.0015669200656291092,0.0012061014891965175
Q61048,0,376,U,test,0,0.995003809901146,0.0010013804343291964,0.0003871992425143338,0.0008326091756680007,0.0005190021735859265,0.00047626319641080926,0.000533389478272788,0.0003470831317757155,0.00037822976165861557,0.0005210335046386432
Q61074,0,542,M,test,0,0.9934694329554686,0.0018918050027455628,0.0003332718586851712,0.001186175827633092,0.00046270216138953813,0.0005826299754164716,0.0006105909587827745,0.0005003003550746923,0.0004346684475453992,0.0005284224572586424
Q61112,7,361,S,test,2,0.00845223120071427,0.02723090094484296,0.47985933677685166,0.021625727243536664,0.012154648799803547,0.06859231840090439,0.015546032627905444,0.008065176369079562,0.35107260620376723,0.007401021432594242
Q61477,2,178,S,test,2,0.0008721406923657905,0.0008552719387304223,0.9945177967459425,0.0005394132682430477,0.0006306380545977724,0.0006355841338400789,0.0005653002506001162,0.0003839983582646745,0.0005087151902003661,0.0004911413672151801
Q61595,5,1327,M,test,7,0.022103601891658626,0.02173967828528279,0.0041693988857419316,0.012135453426138167,0.016234634315600256,0.022103601891658626,0.009250215181497086,0.8658479979637005,0.020007980829041604,0.006407437329680457
Q61606,4,485,M,test,4,0.0013592334558554708,0.0006198762924513132,0.001180922458916804,0.0014754338598813234,0.9890695119643141,0.0021704586193096466,0.0010180187949868846,0.0010503341707228176,0.001042160419210062,0.0010140499643514823
Q62018,0,1173,U,test,0,0.9941576785253113,0.0015278606544118442,0.0003309074112751664,0.0007876281795202296,0.00052262796435852,0.0005876063990282785,0.0005899062419338915,0.0005498530845322676,0.00044528459261418575,0.0005006469470142475
Q62233,0,333,U,test,0,0.9950441997214096,0.0009955704156488004,0.0003872149440623925,0.0007655699246549138,0.0005460606087638053,0.0005030545732073637,0.0004952554444509428,0.0003694830845511135,0.00039639746531358513,0.0004971938179375056
Q62315,0,1234,U,test,0,0.9940290053954728,0.0017017364931633894,0.00031081851496504617,0.0010880462065674067,0.00044871893574831875,0.0005287200751750138,0.0005412583555845183,0.00045578520082920244,0.0004182520249554819,0.000477658797538792
Q62414,0,383,U,test,0,0.994925838412191,0.0011780950287528914,0.00037525695673552145,0.0007433780601170591,0.000512915427716063,0.00047436922928470763,0.0005029947446245358,0.00039945892169735624,0.00039635031177430853,0.0004913429071065665
Q62504,0,3644,U,test,0,0.994820260747031,0.0010605758647073574,0.00038112591951250315,0.0009847113646274796,0.0005068860045855916,0.00046696526414809875,0.0005168834046131509,0.0003524838463185102,0.0003932241798431396,0.0005168834046131509
Q63089,4,556,M,test,4,0.037104577007516314,0.003887945572297754,0.004337316400158137,0.06010915740912135,0.47836828465706993,0.0673190656615655,0.006562151046890107,0.08610238922018329,0.2443265926863203,0.011882520338877321
Q63262,0,497,U,test,0,0.9950028398942465,0.0010161559674541217,0.00041217102202840234,0.0007121676703962488,0.0005655759787865228,0.000493304122187139,0.0005069790230517853,0.00037822940620416275,0.00041540373010589806,0.0004971731855391288
Q63520,0,257,U,test,0,0.9947688815604204,0.0011912121441538823,0.00032092363921484125,0.0007911969371603691,0.00048744231424124895,0.0005068597757119203,0.0005249960576619527,0.0004525748830563986,0.0004490529126670251,0.0005068597757119203
Q63707,3,395,M,test,1,0.021416600514359393,0.8504851945612647,0.007832697490548934,0.06558237884365646,0.0042919641732354664,0.008208596971891488,0.016348674680216755,0.0045332176951085705,0.004325626361594751,0.016975048708123452
Q640Q5,1,837,S,test,1,0.0022345109622959164,0.9891003456808507,0.000702433717573653,0.002084828340153147,0.0008606398034802274,0.001213696606333746,0.0009019427933835325,0.0010922087259471463,0.0009752326375408515,0.0008341607324411017
Q642G2,2,206,S,test,2,0.0009104469042573865,0.000820915316128672,0.9945337590596406,0.0005289885351607576,0.0005994225393387793,0.0005970856764187976,0.0005719729711069078,0.00038701632749736734,0.0005436526744913462,0.0005067399959594268
Q64368,1,298,S,test,1,0.0035268334506259346,0.9850818132653085,0.0007564262069148812,0.004310630355488109,0.0007505396660388968,0.0014752367598856399,0.0010178827435983265,0.0009637119574160641,0.0010667318942660347,0.0010501937004575885
Q65YR7,1,95,S,test,2,0.0007256953525909437,0.0009689304063792937,0.9942923560715803,0.0005740722755330623,0.0005696047799863567,0.0007285356532084867,0.0006505091097703388,0.00042164407022405676,0.0004968181476452627,0.0005718341330819362
Q65YR8,1,94,S,test,2,0.0009124831280761117,0.0012088438000520403,0.992872052427288,0.0007303423142907627,0.00069147420252757,0.0011762371452891252,0.0007624082198226342,0.0005078733658184035,0.0005491420199968238,0.0005891433768385079
Q66K79,2,652,S,test,2,0.0009702608620866766,0.0014007351704011107,0.991775911079824,0.0009008567219137241,0.0009043825929107907,0.0013523460921573186,0.0007497594650677745,0.0005931085568581848,0.0006961280882513634,0.0006565113705290148
Q66S17,2,364,S,test,2,0.000748612649855091,0.0010132883430774722,0.9941346772974344,0.0005584991041044108,0.0005650825066588418,0.0007370065084771039,0.0005968460764766846,0.00045228633877554726,0.000599182008006736,0.0005945191671336498
Q66S21,2,376,S,test,2,0.0007545402890527196,0.0009445589426995254,0.9942086945998049,0.0005006726119974161,0.0005651245502860281,0.0006479184770490036,0.0005968905043407856,0.0004852685384433084,0.0006924050736008936,0.0006039264127254831
Q66S25,2,355,S,test,2,0.0006661530801567819,0.0008929121748165161,0.99461717676079,0.0004723732202756743,0.0005565917221430363,0.0006233531662965438,0.0005544217989843727,0.0004385837349439589,0.0006041745589879945,0.0005742597826050909
Q67FY2,0,1494,U,test,0,0.9938623888116015,0.0019298805822076115,0.0003282347455572497,0.001016975611564658,0.0004416881412599585,0.000518406798638578,0.0005561693096296516,0.00047757872298309975,0.00040216161800410086,0.00046651565855356094
Q67Y93,0,191,S,test,0,0.9946947123855043,0.0013030928908948152,0.00033108615640970384,0.0009376663951856633,0.0004525411342186532,0.0004893136516776587,0.0005188409447142968,0.0003840666562714394,0.00039936613344581046,0.0004893136516776587
Q67ZM4,1,137,S,test,1,0.00288540969967138,0.987440370610336,0.0017560814400465858,0.00234238775554045,0.000764184173608288,0.0010123796647291535,0.0010283222739130606,0.0009004290695471816,0.0008659341694794594,0.001004501143128449
Q680Q4,0,884,U,test,0,0.9950973102158842,0.0009821040748274653,0.0003753216055302603,0.0007945558893445037,0.0005170273830757462,0.00047260125496826694,0.0004952818721007089,0.0003666273010538803,0.0004058194540248729,0.0004933509491900596
Q681K7,4,593,M,test,5,0.0015686052171161155,0.0021356701539090046,0.0024200315575562677,0.0019069388562965408,0.005459619833877087,0.9649360214280883,0.0014851255409230046,0.002102559775663553,0.01018871307671576,0.007796714559854325
Q681Y3,6,432,U,test,6,0.0017848430539172345,0.0015044570988946458,0.0009982773394339025,0.0010878609091668594,0.0006702116846392967,0.001335480840346052,0.9890188036888663,0.0009562911056322862,0.0009637913956157241,0.0016799828834877274
Q684R7,2,2191,S,test,2,0.0007375827959131249,0.0014899581374619771,0.9910332518428665,0.0008656966928860721,0.0008164297288982564,0.001818861921039822,0.0006611649850229125,0.0006358360961070264,0.0013887938053008433,0.0005524239945035107
Q68CQ4,0,756,U,test,0,0.9394829281447825,0.03558385601035324,0.0009408982028074396,0.015545437181002233,0.0012562637792534355,0.0017578292138875277,0.0018136287110426768,0.0012367872618284266,0.0011261077157890555,0.0012562637792534355
Q68CZ6,1,603,S,test,1,0.0019210253497401338,0.9893020450243023,0.0008086611194023383,0.0021098336456067167,0.0008086611194023383,0.0010302609903019909,0.0007537550582053682,0.0011493391897335263,0.0012623020926416006,0.0008541164106636651
Q68E01,0,1043,U,test,0,0.9939304699280703,0.001760732169024298,0.0003231680638225039,0.0010879383308973847,0.00045931444541672087,0.000520471430972036,0.0005475842686847105,0.0004521934365177564,0.00042149061217502346,0.0004966373144192699
Q68KK0,2,346,S,test,2,0.0005627787806607173,0.0009915732794080075,0.9939568733293369,0.0005454639191122023,0.0005124159312924277,0.000978108913565893,0.0005897870822324863,0.00043149743020142416,0.0008531217332963203,0.0005783796008936607
Q69IL4,0,380,U,test,0,0.9948227090446158,0.0010129998865414135,0.00041532851924508824,0.0008131737257092963,0.0005480758164811894,0.0004970831652656462,0.000535379618571165,0.00040255019031827476,0.0004088894417080481,0.0005438105915440911
Q69YI7,0,327,U,test,0,0.9950637900544688,0.0009490713802863199,0.0003753089792830811,0.0008590907812627913,0.0005439423559198065,0.00048379239577345045,0.00048758683657750115,0.0003390633908426021,0.00039332043680564695,0.0005050333887800187
Q69YN4,0,1812,S,test,0,0.9949958837976958,0.0010463591363238903,0.00037528336427695514,0.0008556830883018378,0.000487553563192792,0.00046704769922976117,0.0005149591898402906,0.00036090644791661117,0.0003932936034543476,0.0005030301097677831
Q6AT90,0,505,U,test,0,0.9944599268386755,0.0012890226977116414,0.00040240340823451376,0.0008980174270060887,0.0005674797332583966,0.0005106765033967534,0.0005478759157614987,0.000393081741821098,0.00039002275443451563,0.0005414929797000398
Q6AX31,0,660,M,test,5,0.02678667557282432,0.02537350150647746,0.006946898055967235,0.01318289519231218,0.02496792726240947,0.8155968724746067,0.006526006348508827,0.005410249234570722,0.008781701902961344,0.06642727244936182
Q6B4T4,2,105,S,test,2,0.0007344619966967739,0.0008519907730916574,0.9945799131134901,0.00044896762204539543,0.0005394469491166544,0.0006456334970998047,0.0006065165519080933,0.00042840789036844256,0.0005971133953080387,0.000567548210874975
Q6C7L6,3,237,U,test,1,0.01169564420759021,0.9585929608520886,0.003363973052620199,0.012945898132604161,0.0008809794793930724,0.0030749205757046724,0.0036801977955539813,0.0014524896802099398,0.0012619448166826914,0.0030509914075525424
Q6DJT9,0,500,U,test,0,0.9949402197869842,0.0011263600789899319,0.0003902111253778076,0.0008742169638434422,0.0005210002098514395,0.0004526528368136456,0.0004990876462085283,0.00033638301217857113,0.00037234207306714625,0.00048752626668522285
Q6DRC5,0,1014,U,test,0,0.9896974837432616,0.004339294423834338,0.0003320065153139782,0.001700122175225085,0.0005142217721135167,0.0007933371931977547,0.0007251689149418998,0.0008412106702004159,0.0005388997852417335,0.0005182548066697059
Q6DT37,1,1551,S,test,1,0.0031107325694701067,0.9871954207923821,0.0017149763553674078,0.002337237235679177,0.0012208599960606974,0.0010280671333049148,0.000813268048358842,0.0008862493410452268,0.000806939187286304,0.0008862493410452268
Q6E434,0,485,U,test,0,0.9951400240726209,0.00086758793488722,0.00036664305215940347,0.0007656436249271227,0.0005376464408448095,0.0005031029898519183,0.0004876241766339435,0.00040583685846064233,0.00042864913808144734,0.0004972417115325594
Q6EVK6,0,2193,U,test,0,0.994875742979458,0.0012988828230580645,0.000349760335167179,0.00077901424319508,0.00046699130752703177,0.0004651706589615647,0.0004971096724392021,0.0003932460911965545,0.00040891123003573517,0.0004651706589615647
Q6IWZ0,2,535,S,test,2,0.001090163184780702,0.0015343767167068027,0.9911118628009999,0.0008261190776743877,0.0005524678538783832,0.0014813710718914294,0.001138027113828836,0.0006260280799456685,0.000893247706146349,0.0007463363941475324
Q6J1Y9,5,1357,M,test,1,0.032563513074141036,0.9223662663243251,0.001365222421444087,0.02255608566296244,0.0022685249386183316,0.005192706053112624,0.0038438467355023796,0.003100706313112725,0.0035688909911394113,0.0031742374856419493
Q6J5K9,1,1188,S,test,1,0.0019174867626918057,0.9894102725956243,0.0009831894316188205,0.0018296786549002319,0.0007838669850374083,0.0010506961068898286,0.0010384550373808174,0.0010506961068898286,0.001026356693037931,0.0009093016259290565
Q6J9Q2,0,348,U,test,0,0.9936147757435536,0.0018267190893444904,0.000392747693872395,0.0012972365927722096,0.0005582070523092052,0.0005042979569377076,0.0005431502986836826,0.0003718460457780641,0.00037476245396630324,0.0005162570727823662
Q6K1L7,0,188,U,test,0,0.9940359945097553,0.0012695816563098935,0.0003959958407422216,0.0013086039571553766,0.0005967868121656101,0.00047394495276207156,0.0005761705892612212,0.0003662362999295015,0.0003959958407422216,0.0005806895411765596
Q6K8X6,0,688,U,test,0,0.9945912078837913,0.0014635243162005479,0.00033105170704935197,0.0008824863696253934,0.0004385722678397036,0.0004742096786632034,0.0005187869430096868,0.00041848858571930396,0.00039621699384035345,0.0004854552542612033
Q6KCM7,3,469,M,test,3,0.003246409594367227,0.004605075221350774,0.0033364033014468978,0.9507367126085748,0.0030497196070815935,0.003246409594367227,0.015793222246210676,0.0014747481260406845,0.0028205294863225825,0.011690770214237525
Q6L6S1,2,517,S,test,1,0.002264030202053563,0.9875938142674789,0.0012749765892093887,0.002250803327820579,0.0007236275301540708,0.0013625172904196093,0.0010446782430173034,0.000951190407694274,0.0010611295883948702,0.0014732325537574124
Q6L9W6,7,998,M,test,7,0.0027345016264815206,0.0028769492654717767,0.003209469116463595,0.0021048209801867515,0.004561575228873767,0.015311520248075368,0.0038865103058409746,0.9547198840001692,0.007579752100861055,0.0030150171275760726
Q6NLW5,0,300,U,test,0,0.9947787052657378,0.0011982242281657752,0.0003389662552131313,0.0009196080003068531,0.0004455627381784825,0.0004893549257968691,0.0005209155874944304,0.0003962916958715914,0.0004153101482356692,0.0004970611549994326
Q6NNI3,0,190,U,test,0,0.9948585044370581,0.0011794540594748575,0.0003636868935753313,0.0009018934723969834,0.0004874862214057139,0.00046698321065385945,0.0005049292259494813,0.0003470324574131478,0.0003811405792261679,0.0005088894428462848
Q6NPM8,6,346,U,test,6,0.0024249177904853638,0.0032758547035382857,0.0014493992463656378,0.0014493992463656378,0.0009692868897876239,0.002847502173661177,0.9830700730722749,0.0012543504855767901,0.0011420991004536046,0.002117117291491023
Q6NPP4,0,1050,U,test,0,0.9447219041259721,0.035503831003795186,0.0007722210545795692,0.011171776636943475,0.0013552901635607748,0.0017470381604647671,0.0014092788115007105,0.0012148743235120064,0.001150219937663025,0.0009535657820083234
Q6NQ88,0,557,U,test,0,0.9947285931285161,0.0013123962553035782,0.0003469871313119685,0.0008307547108087307,0.000459683284559944,0.000472426135912078,0.0005208893438873489,0.00042513752953355293,0.00042513752953355293,0.00047799495063311
Q6NQ99,1,344,S,test,1,0.02429985174662924,0.5584894830115357,0.24398598758363857,0.03520104172673358,0.0690887547539074,0.019640221542466557,0.007601615255831423,0.017063719587622168,0.008219306085458615,0.016410018706176744
Q6NSW7,0,305,U,test,0,0.9950779477906551,0.0009453847636124937,0.0003964109052820452,0.0006984458092824359,0.0005503620531404861,0.0004972107054330756,0.0005129938907794682,0.0003902651353660906,0.0004219772289699801,0.0005090017174788507
Q6NUK1,3,477,M,test,3,0.005473754051382476,0.008379145970938879,0.00608260754622303,0.8580412963283521,0.007659159156696259,0.009024695901398249,0.05152938588736181,0.0031679659642224376,0.005872481162136465,0.04476950803128828
Q6NVG5,4,214,M,test,8,0.00397923023659092,0.00450905870957859,0.0063836797061166215,0.017251262168147177,0.2811535552333943,0.013356805567568452,0.00592704573575428,0.00606760186781247,0.6537015930629083,0.00767016771212886
Q6NWY9,0,871,U,test,0,0.9949822713587751,0.0010785057468921744,0.00037822159805603783,0.0007670188887551674,0.0005109447391995737,0.0004799881561462492,0.000537561242254361,0.00037235781598242624,0.0003841776974880583,0.0005089527564508553
Q6P050,1,247,S,test,0,0.9930232406719061,0.0014463104360411955,0.0005407106819095375,0.0017505565501301022,0.0006272353876072886,0.0005578747255732256,0.0006321548666909721,0.00033312218039809445,0.0004211058903432314,0.0006676886094002918
Q6PAL8,7,1287,M,test,1,0.002193769123412702,0.98925209804771,0.001071247810622805,0.0019896620839098267,0.0010182066580890195,0.0009234733924789732,0.0007837417020128671,0.0009907424191592962,0.0008607718630531316,0.0009162868995514472
Q6PEH4,0,753,U,test,1,0.01770506751465208,0.9591413294597265,0.0010386412844489029,0.012752481802560828,0.0010632719745066444,0.0023133453860143317,0.0017393969661643218,0.0015230668968871416,0.001430788771422819,0.001292609943616423
Q6PGG6,0,577,U,test,1,0.0036623900115651978,0.9861604805904333,0.0011191495938348503,0.003778647018346367,0.0006229005463733973,0.001026989396548228,0.001011067388056225,0.0008252092051597847,0.0008580817515987609,0.0009350844980838749
Q6PHR2,1,472,S,test,4,0.19207717245723752,0.08164890756696853,0.007506052872558415,0.028773640865406645,0.6200327202114971,0.01879664673995561,0.0060785868400506406,0.027389051061069907,0.009125039802281635,0.008572181582973935
Q6PIW4,0,674,U,test,0,0.9936477203228983,0.0015556758907274214,0.00037771428803199856,0.0014657994128523298,0.0004964960816188232,0.0005082700954489717,0.0005804627351738027,0.00039584114472752024,0.00041160965963092476,0.0005604103688898903
Q6PIZ9,4,186,M,test,4,0.0013856101149358993,0.0005821384475535936,0.001707661673973005,0.0012132807576192442,0.9887614229256144,0.002252364157784359,0.0008082192003254906,0.0010337281792799123,0.001374827146424522,0.000880747396489535
Q6PQK2,2,205,S,test,4,0.023273137320121103,0.037849883534843504,0.2802216958912325,0.02801798683369229,0.4656310400961779,0.11102993161281018,0.015203392119659617,0.014851205080948143,0.005725649875915974,0.01819607763459879
Q6Q4D0,0,1311,S,test,1,0.001989673415132412,0.9892577815713812,0.000777647038180627,0.0020091990591365105,0.0008278009721686181,0.0010712539389196587,0.0009453783551462939,0.0011358982048508075,0.001054645779380435,0.0009307216657034232
Q6QZN6,1,821,S,test,4,0.029472822631368023,0.22353345544085354,0.030130341880742866,0.01813497184048966,0.6468154634083386,0.02261346316395685,0.005135224536680193,0.011172632322653454,0.004324292728328663,0.008667332046588101
Q6R567,5,252,M,test,7,0.06217356390965593,0.005348439642183201,0.006867532555623493,0.010846432003495485,0.022320730058668175,0.009027201280662492,0.00796647696000342,0.831873108081525,0.036407461663400836,0.007169053844781958
Q6RI88,4,1112,M,test,4,0.0024801668406567294,0.0008843306709903377,0.001033887332013834,0.002905277623392313,0.9697863572430144,0.010606328428314467,0.0018503171401173183,0.004386968226448819,0.004002188598628072,0.0020641778964237147
Q6S4P4,0,329,U,test,0,0.9947605895573314,0.0011179386825188628,0.00039628448511542456,0.000858829021856267,0.0005088393894426597,0.0004931839731167066,0.0005332590752113602,0.0004056821121271704,0.00039628448511542456,0.0005291092181647488
Q6SJQ0,4,318,M,test,4,0.0013020132031931178,0.0006054924088218172,0.001452500821495213,0.001359178472387381,0.989029551066558,0.0022516002621825607,0.0010021953675377782,0.0008741303262480264,0.0011093291118548945,0.0010140089597211895
Q6STE5,0,483,U,test,0,0.9947867443580793,0.001240351243601785,0.00031105545506034376,0.0007804674717778362,0.00045613263730515455,0.0005029243791652237,0.000512843721334414,0.00047802290887042075,0.00044209891570741054,0.0004893589090980558
Q6T264,0,1020,U,test,0,0.9943632862543792,0.0015882764787728033,0.0003233087896896032,0.0009085146470589733,0.0004453766692738572,0.0005007504823689204,0.0005288978987605116,0.0004453766692738572,0.0004183926783399089,0.00047781943208238765
Q6T6C1,2,107,S,test,2,0.0005284812802166233,0.0012493254234644605,0.993580111857861,0.0005516844894477726,0.0005495335994262251,0.0009970221589472945,0.0006035446178494214,0.0005872650369846124,0.0007423725430345725,0.0006106589927680622
Q6U6J0,5,461,M,test,5,0.0018791763331945832,0.004218279385916187,0.005416378047828551,0.002162918688158806,0.0038558193099149482,0.9216320344006755,0.005270280062373101,0.004578899168306031,0.011738391962711368,0.03924782264092089
Q6UN27,3,169,M,test,5,0.005334554723157493,0.007067136489539386,0.010945796070909394,0.01367557891445656,0.021077979424756886,0.5929694791095268,0.017662981582638283,0.009509872676138351,0.03724675265174698,0.2845098683571299
Q6UPR8,5,898,M,test,8,0.0072443669669143,0.015638807387959953,0.02686357056838629,0.016389330429298257,0.005258846427669491,0.11875936084810419,0.014295027225172847,0.0090157610849166,0.7804820337674991,0.006052895294078979
Q6UVM4,4,1142,M,test,4,0.0012579757499680435,0.0006154880070047107,0.000920354718939845,0.0015625213302851537,0.9897700284404645,0.0019181839395750538,0.0009348481915447989,0.0009060859278729686,0.001055191814290027,0.0010593218800549866
Q6UW78,3,93,M,test,3,0.01268033124358855,0.01998796127503878,0.006682064849105423,0.9370966552597125,0.002377914730182626,0.0018664466913479326,0.010931129566052564,0.0020985023581773857,0.00243430514791581,0.003844688878878405
Q6UWY5,2,402,S,test,2,0.0007903441545169644,0.0011432257170972192,0.9936966435358053,0.0007084598861273619,0.0006012621533996044,0.0009385569265358104,0.0005389678481802388,0.00043476786823801704,0.0005873339330682147,0.0005604379770312508
Q6UXZ4,4,953,M,test,4,0.001348636180698127,0.0006007959256103292,0.0010180040487438376,0.0018147884550192474,0.9890551724439326,0.001845168201548179,0.0010061438869685675,0.001158064505696716,0.001131237988105384,0.0010219883636769795
Q6V9X0,2,132,S,test,2,0.0009464085723465543,0.0007754594032651382,0.99421187496652,0.000500674192516225,0.0007486707883413347,0.0006453945878348721,0.0005607285366324206,0.00042824935526350054,0.0006453945878348721,0.0005371450094451576
Q6X4U4,2,206,S,test,2,0.0009283798379532553,0.0008338212648947937,0.9945080358252923,0.0005479024554153033,0.0006017530954810197,0.0005994070358301223,0.0005719582252261106,0.00038100631552511757,0.0005269125993604087,0.0005008233450215255
Q6XE24,1,437,S,test,1,0.0022867325630394494,0.9887682365597067,0.0009158387149141915,0.0021629218468615656,0.0009449105298933476,0.0011309098426258626,0.0009087115945988591,0.0008807534667475359,0.0009302610592622653,0.0010707238223502241
Q6ZP29,8,291,M,test,8,0.0037798690063990934,0.004023649206043628,0.004667514867757931,0.021206309712773375,0.0364271471606374,0.0121539969105395,0.004741017172591978,0.00800198211890578,0.8964471091563532,0.008551404687998096
Q6ZPV2,0,1559,U,test,0,0.9950086419318146,0.0011280888606348888,0.0003723676693504329,0.0007376543763657792,0.0005050054443810999,0.000489468072608764,0.0005010754375255468,0.0003811980921332153,0.00040578329231366487,0.0004707168228720264
Q6ZWS8,0,374,U,test,0,0.9946324651890653,0.001073923292474354,0.0003931499308820113,0.0010327820020426175,0.0005028464278088356,0.0004950505012956201,0.0005544302888417225,0.0003751463016753366,0.0003900904198624147,0.0005501156460517298
Q704V3,0,163,U,test,1,0.024316266742423247,0.9488094799604412,0.0009210030302986965,0.014183552488138023,0.0015544869625236987,0.0030080795495216936,0.0017341555196525623,0.0021581912703777105,0.002141396263052779,0.0011733882135704274
Q70VB1,4,928,M,test,4,0.0012437295772013313,0.0005738869507348405,0.0009388163787496847,0.001514946652676978,0.9900961853264847,0.0017676961840615625,0.0008448433141041301,0.0010032762974451668,0.0010555395578174258,0.0009610797607241471
Q715S9,1,587,S,test,0,0.8389405470468783,0.10665932867688065,0.0015333461090687429,0.037734597301974634,0.0019383311419160232,0.003635452534933713,0.0029326013273679665,0.002412291902567591,0.002213643594630558,0.001999860363781882
Q715T0,1,586,S,test,1,0.01563514076531144,0.9597842419633821,0.0009763672460897302,0.013960609681396266,0.001015261198964768,0.0026027074492165235,0.0015972302598879825,0.0015848004791437344,0.0015602304425703457,0.0012834105140371171
Q71PD7,0,128,U,test,0,0.9949310256641305,0.0008657132004684247,0.00040893394762183825,0.000950800003819657,0.0005049660042454911,0.0004856210935980896,0.0005291998350452229,0.00034705774249354013,0.00040893394762183825,0.0005677485609554102
Q75J96,1,1055,S,test,1,0.0022590618517247,0.9892833848344479,0.0009716103697361512,0.0018764894857479083,0.0009163158757330113,0.0010182389055991036,0.0007961090013260345,0.0009946514108573772,0.000967822389094769,0.0009163158757330113
Q769J6,2,1426,S,test,2,0.0007202009389814397,0.0009211511032787028,0.9945036522324212,0.0004969237676884509,0.0005500444365181224,0.000775686992894303,0.000535207883528119,0.00043853367491480754,0.0005479000077500078,0.0005106989620248401
Q76CY5,1,286,S,test,0,0.9947027718875315,0.0012947788741674534,0.00034427793482470325,0.0008895075534497864,0.00045609414128745823,0.00047426287494355693,0.00052087585598061,0.00041527846804986616,0.00041853553558429636,0.0004836168741807557
Q76DI2,2,481,S,test,2,0.0006855825258140708,0.0011892167495037573,0.9921332092930707,0.0006516370400180256,0.0008078136672053113,0.0015151014225200066,0.0006465658721372839,0.0005750676553498889,0.001066006962700578,0.0007297988116804168
Q76EJ3,7,337,M,test,7,0.00390660600808072,0.0027486406578419395,0.0030783316637190417,0.0034882067542875194,0.005344914604698354,0.0058188726086260256,0.004166690891726517,0.9634123447423559,0.0046938949388614735,0.00334149712980253
Q76LX8,2,1427,S,test,2,0.0008189373732897444,0.001003383027587293,0.9940771530778055,0.0005584668043927828,0.0005761944143734796,0.0008302106845651056,0.0005829863757424063,0.0004417835739856694,0.0005717103869144636,0.0005391742813435375
Q76MX4,0,189,U,test,0,0.9943480411209105,0.001290136936967554,0.0004118997728981939,0.0011395151588448483,0.0005206900844522806,0.0005146239138207083,0.0005330379105131348,0.00036350029826325074,0.00035786471887723617,0.0005206900844522806
Q76PC7,3,233,U,test,3,0.001755677289622467,0.0022389763157386203,0.0013566821654983868,0.9872130805625364,0.0014669231685047724,0.0010483628196261187,0.0012498342034805343,0.0008325690914796138,0.0015433392339079808,0.0012945551496050427
Q7K1V5,5,197,M,test,5,0.0020527313698324515,0.0012305392792969466,0.0010607912054689257,0.001138062798773985,0.0039567431125199694,0.979595799682904,0.0009288598301725915,0.0029432747305477196,0.0061044318895458315,0.000988766100937605
Q7K556,1,475,S,test,1,0.0024329961816757875,0.9882734797494382,0.001231779000320075,0.002095326755293306,0.0007355288397204662,0.0010053487322916888,0.0010828031131784712,0.0009297955884210136,0.0009370880777308123,0.001275853961930163
Q7KRI2,0,127,U,test,0,0.994635061712872,0.0010500736611076817,0.00037222788306072365,0.0010348036977559573,0.0005415883518431527,0.0005290424485323579,0.0005269799184891881,0.0003931509738548101,0.00039009143399495474,0.0005269799184891881
Q7KRW1,5,809,M,test,5,0.00216836575242009,0.0012847140886596174,0.0012747164572445892,0.0012847140886596174,0.008025046431439076,0.9758888475094897,0.0011789199188057752,0.00331606343118329,0.00430389586485372,0.0012747164572445892
Q7KTX8,0,2618,U,test,0,0.9744241274577407,0.013791248166877367,0.0004645942546478,0.005443089063889777,0.0008478696659569714,0.0012145172429388182,0.0009912601151879812,0.0012145172429388182,0.0009167657130811442,0.0006920110767407088
Q7L0Y3,3,403,S,test,3,0.0029177379075703822,0.004653434228771267,0.001586346640463124,0.9835034523542263,0.0011927689089368467,0.0008898597948375909,0.0012846626229924888,0.000977319773192247,0.0014387538997471373,0.0015556638692625613
Q7L266,1,308,S,test,1,0.0029439581026889493,0.9877491415127743,0.0011253397475895867,0.002333985366652751,0.0009293022863518151,0.0011839618459909588,0.0009892372003137407,0.0008937012592186575,0.0009293022863518151,0.0009220703920674382
Q7L513,1,359,S,test,4,0.0012799292367232462,0.0006237877177656067,0.0019402569347813522,0.0017089297650088274,0.9875649898484581,0.002377252635576231,0.0012405500027784964,0.0011295335435192529,0.0010569618522952664,0.001077808463093665
Q7L5A8,5,372,M,test,5,0.001151849064422754,0.0010905488297213712,0.0010325109016241815,0.0015499824851108862,0.003685678168475577,0.9837468389026951,0.00116542669999188,0.0013413978907663344,0.003965756905304266,0.0012700101518876717
Q7M6Y5,1,601,S,test,1,0.0019362207875506744,0.9893677781164688,0.0007656758254801876,0.0020133510694424926,0.0008343862518331923,0.0009908581831179696,0.0007777334856232184,0.0012673269092557363,0.0012187763593422888,0.000827893011885447
Q7PLI2,0,2077,U,test,0,0.9934925005908666,0.0019404992085006647,0.0003058345407758755,0.001197844136993103,0.000444986658729755,0.000555962366729886,0.0005895115188204892,0.0005161935509712617,0.0004484767321378097,0.000508190695474562
Q7RTR2,1,1065,S,test,1,0.0021397420452550606,0.9877710339328332,0.0011122538882855466,0.002504056155354956,0.0010367345614339617,0.0013574490327856387,0.001107917533440833,0.0008594831322209862,0.000981560444335162,0.0011297692740547271
Q7SIB8,6,102,M,test,6,0.005695251850295111,0.011515966813225554,0.02054948601160218,0.005026042140755908,0.005991933485076349,0.025325717651460636,0.9032859225989452,0.004852415684246948,0.010860590502665891,0.006896673261726165
Q7T0L4,0,329,U,test,0,0.9948124516699736,0.001110380357869884,0.000336339830290033,0.0009178447313218439,0.0004932097325698356,0.0005009766715158394,0.0004990235717339665,0.00042186463433738263,0.0004088852286536776,0.0004990235717339665
Q7T0P4,1,441,S,test,1,0.0023184342987203187,0.9888632785044144,0.0006545833052620326,0.002455339422430406,0.0008537375672671315,0.0011488295260967342,0.0008537375672671315,0.000982645831088362,0.001041943142337599,0.0008274708351159816
Q7T3L1,2,294,S,test,2,0.0011897670115282068,0.001288959945791636,0.9925923007415992,0.0006700108952363294,0.0005362699753982915,0.0007894657955040889,0.0008569570399936488,0.0004515846281189019,0.0009086695879765072,0.0007160143788532026
Q7TMA4,4,361,M,test,4,0.0013683869039708765,0.0006867256018662756,0.0008817731455734399,0.0014853698768758621,0.989912951902519,0.0016831446243522066,0.0008381134962545567,0.0010109578422295327,0.0011016793789376163,0.0010308972274205614
Q7TN78,3,580,S,test,3,0.002805049660475791,0.005209906333335265,0.0034100732868100185,0.9641674792984846,0.004327608219180668,0.005524295185456979,0.0043360688180952706,0.0016425748248756781,0.002494862935306874,0.006082081437978907
Q7TSP2,1,1385,S,test,1,0.0030399374456801056,0.9869887761610044,0.0013616826525355648,0.002210229154525045,0.0015190668533480015,0.001004041747802817,0.0007119722383038168,0.0011511396072640006,0.0012063839157841333,0.0008067702237521231
Q7X8R0,0,464,U,test,0,0.9948806994913123,0.0009544730060002578,0.0004153527358172256,0.0008879307049827308,0.0005417221235827643,0.0004837033742785601,0.0005209689965069158,0.0003580564018094806,0.00038715132717320706,0.0005699418385365674
Q7XA78,6,264,U,test,5,0.0020385803187265615,0.002679663183179958,0.0032960422512469437,0.0019376433475739626,0.0027218618737292954,0.9728427306225037,0.006145802651214981,0.0016834536414080804,0.003048340952894282,0.003605881157522254
Q7Y1W1,6,527,M,test,6,0.021465745432959156,0.023987726058462305,0.017566942177518956,0.40890375941206203,0.004988971773687414,0.006819115679695297,0.48558522650073227,0.004201135251796455,0.0047234633416548665,0.021757914371431236
Q7YR83,2,223,S,test,2,0.0008273711761407713,0.0008404003231102138,0.9945545804551493,0.000533148626437507,0.0005631171953289839,0.0005697550235579981,0.0005719849594512041,0.00037511692303384607,0.0005947702942321909,0.0005697550235579981
Q7YRU6,4,1106,M,test,4,0.002121342599276775,0.0009515066140446923,0.0013107557441267824,0.0018233619805457261,0.9879221415034933,0.0016504906974925523,0.0009778833576332983,0.0010168377873358686,0.001143261568425116,0.0010824181476258086
Q7Z2G1,0,175,M,test,0,0.9951601724098387,0.0008150399349882897,0.00039955302761186557,0.0007567389153869825,0.000527258147811001,0.0005011517819266148,0.0005070591603688909,0.0003724243897949113,0.00041872796778794454,0.0005418742644848032
Q7Z410,4,1059,M,test,4,0.0015200895399370383,0.00103661097730396,0.0200232539222396,0.002795872433115659,0.942425362725282,0.013978482997019242,0.0020137914638676383,0.002496433116705824,0.01149838574483679,0.002211717079692242
Q7Z443,4,1732,M,test,4,0.0013978913416739518,0.0006178921352551605,0.0010929397460691553,0.0017809597214530411,0.9859036589603486,0.003150196592968725,0.0012777760961679883,0.0013338772274007016,0.0022207735913351047,0.001224034587327564
Q7Z589,0,1322,U,test,0,0.9947035808588235,0.0013281571739879687,0.00031592744029122126,0.0008083262087604514,0.00044902343342885113,0.0005128008760012716,0.0005290788829933604,0.00045609452995671213,0.00041527878977450295,0.0004817318059821954
Q7Z7A1,1,2325,S,test,1,0.002477311509131254,0.9887403239966138,0.0009941054200628859,0.002336327406767039,0.0009229956690720642,0.000952294675085609,0.0008338570814008348,0.0009672911249176585,0.0009672911249176585,0.0008082019920311958
Q7Z7J5,0,298,U,test,0,0.9948400766105825,0.0011017698619323543,0.00036940727753802575,0.0009196647298499773,0.0005068960579599365,0.00048179790132126085,0.0005108716998488286,0.00036084993552760726,0.0004057145428893974,0.000502951382550084
Q7Z7L1,0,901,U,test,0,0.9896167130766438,0.003711292608258894,0.00040044360396584874,0.0027152394282625512,0.0005647159776208163,0.0006892070254678426,0.0007194668588902106,0.0005141797973483065,0.0004906337516891879,0.0005781078718525664
Q7ZVT3,1,627,S,test,0,0.819017374210892,0.13162806476229713,0.0010698091859083635,0.02780713795775365,0.0025663387772915203,0.004908251608721377,0.002668570299515652,0.004908251608721377,0.0036761105532721154,0.0017500910356267568
Q7ZZH7,0,661,U,test,0,0.9939232121745935,0.0016062875311205595,0.00029195589177093194,0.0011706034491234486,0.00044867117423538235,0.000532810161605651,0.0005518749789001733,0.0005225047259591749,0.00045931110027386105,0.0004927688124173655
Q804Q5,0,430,U,test,0,0.9947614199237206,0.001155681711956494,0.00039014100258738337,0.0009674960282594671,0.0005188757309632914,0.0004798816279491086,0.0005068560220156143,0.0003363225705282535,0.00039014100258738337,0.0004931843794324118
Q80TD3,1,1108,S,test,1,0.0022543976430233776,0.9872408833626114,0.0019624839208932407,0.0022809717662011174,0.0013201250698540328,0.001069069862464938,0.000839122613712962,0.001060750358637129,0.0008862901398505719,0.001085905262751217
Q80TT8,1,1865,S,test,1,0.2253080186267097,0.7049264189214303,0.001494577341443754,0.04506443718061452,0.003164020009716035,0.005957530166026749,0.003164020009716035,0.00462163991715443,0.004191646036340744,0.002107691790847777
Q80US8,0,206,U,test,0,0.9789260882278934,0.010540301545871204,0.0005542683455660046,0.004863550252125369,0.001027451210401433,0.0011506906777031462,0.0008385812107127625,0.0007116946261277191,0.0006530877209012233,0.0007342861826977131
Q80WM7,2,277,S,test,2,0.0006112276788252367,0.0008687297115919157,0.9945053992229066,0.0004668174620391282,0.00047416876986510414,0.0007756883112930499,0.000567505690474296,0.00042504214170047637,0.0007488918310760471,0.0005565291802281379
Q80WW9,5,315,U,test,1,0.0034644127581913787,0.9862504334376134,0.000558415388221155,0.002998199413877927,0.0009135066370619055,0.0014540881869145978,0.0009724226871737163,0.001196100300024582,0.0013606639567099307,0.0008317572342113647
Q80Z64,0,305,U,test,0,0.9950774456166934,0.0009509399064012317,0.000390264927429449,0.0007039234405355166,0.0005460788530649101,0.0005030713603241386,0.0005109935986612826,0.000390264927429449,0.0004219770183263452,0.0005050403511342645
Q80Z96,4,526,M,test,4,0.001173700304361009,0.0005544167858102573,0.0009579462783354208,0.001466410561282398,0.9868681279166377,0.0034095069335244,0.0008790609291712704,0.0012493973871552787,0.002355937576971045,0.0010854953267512165
Q80ZA5,4,1117,M,test,4,0.0018911923104527012,0.0006822740904617538,0.0006984537851661821,0.00262566040276985,0.9834961463796406,0.003369769082051999,0.0014443744109756066,0.0020568832341355415,0.0023353107710737796,0.0013999355332720304
Q810U5,1,305,S,test,1,0.0024960396993714534,0.9836477525642077,0.0029525642413791484,0.003355510029108004,0.0014559270183144971,0.0014333549025757118,0.0012848512123719564,0.0010651789950375733,0.000962309004526454,0.0013465123331075357
Q84JH7,6,225,U,test,6,0.054815419528776964,0.07249463417096653,0.14788030225672108,0.1325590622849675,0.018080622126167845,0.08592153420598744,0.30820903469071753,0.009380103176274366,0.0069707008727891455,0.16368858668663155
Q84K00,0,567,M,test,0,0.9945758535039437,0.001025687555686368,0.0004317661429919,0.0010993281714688121,0.0006065140595074383,0.0004779215637853914,0.0005248941620246038,0.0003284703794754527,0.0003664351956312585,0.0005631292654850043
Q84L08,7,341,M,test,7,0.0035065070136349867,0.0025554137979544992,0.0025754560938508124,0.003319893939507046,0.005346784704279124,0.015592778150469553,0.004083539615980279,0.9534520510193085,0.0060883564045318,0.0034792192604833285
Q84LG2,0,389,U,test,0,0.9947877045176783,0.0011461586823868855,0.00039321129315372333,0.0008179236996428723,0.0005068694067079095,0.0004855511416903407,0.0005291235927161198,0.0004056931694812429,0.0004088750330941806,0.0005188894634484057
Q84LH8,0,444,U,test,0,0.9948469274456608,0.0012718587952765352,0.00035804425262178847,0.0007912590417487755,0.00047618807854765867,0.0004669777931664331,0.0005108752456077278,0.00039942725055877663,0.00038713818740783283,0.0004913039094035863
Q84LM2,8,497,U,test,2,0.007194114565894622,0.02340502572351849,0.871432389302162,0.021603874012116643,0.003761530240136522,0.03541067103287126,0.010590760551896288,0.0021600650239151464,0.020078118100482514,0.0043634514470064795
Q84M97,4,742,M,test,8,0.0111401662994011,0.005579788461830315,0.007992678907085611,0.01608270895867984,0.2281694313419251,0.23176256308615284,0.008118544353626378,0.08199439587747734,0.400449795070183,0.008709927643638444
Q84MM9,0,441,U,test,1,0.013182956401537662,0.9685497046024553,0.0010406675027240019,0.008217520809977211,0.0016629818884086355,0.0020696143111343704,0.001226205930727365,0.0013258447544936506,0.001599273954349709,0.0011252298441921016
Q84N48,6,611,S,test,1,0.021628392716191127,0.9562978453271344,0.0009355524385306875,0.011220661813525079,0.00121069478745063,0.002603403051044765,0.0016291680165511895,0.0016164896906886385,0.0015790436581594642,0.0012787485007240257
Q84N49,6,674,S,test,0,0.9940953751751179,0.001572417756001631,0.000323221685693566,0.0011846072167145088,0.00043155755677190267,0.0005104893026006357,0.0005391841092588816,0.0004215605360293121,0.00042486690595749954,0.0004967197558541241
Q84P17,9,727,U,test,9,0.0039950984783582305,0.006510065140612128,0.00747111921838866,0.003857086024415707,0.004652533958459186,0.007434728255912664,0.007198951848452289,0.0033773773852069193,0.00430289079798383,0.9512001488922104
Q84TH4,0,382,U,test,0,0.9945523214598936,0.0009284212204583589,0.0004930807662395536,0.0008998566837738168,0.0006184618731896203,0.0005067494385198766,0.0005855478854272479,0.0004250622035881803,0.00044895516799707205,0.0005415433009126788
Q84VQ4,6,218,M,test,6,0.0018639009040550692,0.0018711960705854703,0.0012489221490404362,0.0015787855630629932,0.0007399619019313935,0.0014831318610570464,0.9864927459074166,0.001089329307179839,0.0011371566820517886,0.002494869653619294
Q84WL6,1,338,S,test,1,0.0034047851368275432,0.986464301117364,0.0015725851877501503,0.0029534378484796153,0.0007694165063244276,0.0008718630871590573,0.0011640900266411721,0.0009065941986221059,0.0009353725877098763,0.0009575543031219711
Q84ZT9,1,202,S,test,1,0.0053456820150034065,0.9815959608400727,0.0016399218123429088,0.005071084772492965,0.0008213896134219684,0.0011858144450699834,0.001424788710196027,0.0008743647045700247,0.0009528286432008199,0.0010881644436292095
Q868T3,4,495,M,test,4,0.0013210234970269048,0.0006552326045050181,0.0009204235745546343,0.0014881704106070078,0.9898441216400584,0.0016863180270832348,0.0009168352467450754,0.0010268068100914868,0.0011102427221735397,0.001030825467154636
Q86B79,1,599,S,test,1,0.0074451930546506305,0.978944383716377,0.0007400591314319293,0.005889632301810206,0.0009067394599907311,0.001648319208483909,0.0011373059613896703,0.0011462259369268766,0.0011918864746990386,0.0009502547542399902
Q86DA5,1,1000,S,test,4,0.005315471555675964,0.0044115248812826675,0.0019440287067352487,0.0025553771561777137,0.9760486176926495,0.0038025079975477364,0.001142835418297919,0.0017769859004946888,0.0011976812291259946,0.0018049694620125554
Q86IV5,2,258,S,test,2,0.0006307733229065908,0.0009817427387792197,0.9947311762201071,0.0005048646090023031,0.00046510306794627406,0.0006533433458673889,0.0005588342341706986,0.00040251314919853397,0.0005588342341706986,0.000512815077851225
Q86JM7,8,378,M,test,4,0.009900691363479333,0.0013063198852299033,0.0018858930667628932,0.0051665955118021184,0.9394916960928825,0.016101826941468684,0.0017171252021037104,0.01005660499826963,0.011989254763021507,0.0023839921749797383
Q86LE4,2,74,S,test,2,0.0009958690493794837,0.0007816665784988333,0.99437111276997,0.000477823193425092,0.0005696499219553949,0.0005831587574736142,0.000594660534402107,0.00040552327476046473,0.0006531068535327686,0.0005674290666022316
Q86LE5,2,110,S,test,2,0.0005631080745179381,0.0010326843439736504,0.9945384754247177,0.000489236782191602,0.000506742388877441,0.000711835300070172,0.0005500636780747731,0.0004560188015293843,0.0006017715279725539,0.0005500636780747731
Q86QI5,2,74,S,test,2,0.0009539999606741439,0.0007908937559133955,0.9943876596239315,0.00046676221225562965,0.0005696593964920731,0.0005923521208732399,0.0005946704740156084,0.0004087106297801163,0.0006634028431210229,0.0005718889829432841
Q86QW7,1,781,S,test,1,0.0023826796884663373,0.9888533906995282,0.0009826360566817444,0.002220901749958229,0.0006648848800674187,0.0009376379288280091,0.0009376379288280091,0.0009598733702756324,0.0010020168782072878,0.0010583408191591555
Q86T26,4,416,M,test,4,0.0011299990184559913,0.0005133251997374071,0.0017196807261811683,0.001280456720713691,0.9879719440696447,0.0031444982467610486,0.0009552789112935603,0.001024864705100275,0.0012704921526200282,0.0009894602494921096
Q86UN3,4,420,M,test,4,0.001337965586278918,0.000756417116919271,0.0033374690300305267,0.002223233588903142,0.9774041576167939,0.007639543001020843,0.0019016326010849822,0.0019090753830679457,0.0019016326010849822,0.0015888734748154445
Q86UU0,0,1499,U,test,0,0.9930355205907135,0.0024518924775126317,0.0003228770787528591,0.0011821892158788174,0.0004625000728217787,0.0005622571384658384,0.0005733466281438248,0.0005323343290495035,0.00041458239583944074,0.0004625000728217787
Q86V15,0,1759,U,test,0,0.9947442957098112,0.001205224011550165,0.000344292312345568,0.0009195761932626182,0.0005029029577386109,0.000489338008427459,0.000516843928627448,0.00038109682124568456,0.0003993860509436577,0.0004970440060476715
Q86VD7,3,318,M,test,3,0.0028816863196034505,0.0029615693460609107,0.0025730562753916567,0.9637921063187694,0.0030915980375389894,0.0026755550726762028,0.012814317312258284,0.0011919171766383502,0.0019651392146591905,0.0060530549264035585
Q86VD9,5,579,M,test,5,0.0011187354868529907,0.0010591974275661734,0.0011452654927754902,0.0010028279607257387,0.003675363743807408,0.9857955653741715,0.0010028279607257387,0.0013130533942109202,0.002614508096283623,0.0012726550628805041
Q86VV8,1,2226,S,test,1,0.0026647352382870326,0.9865038467290287,0.0005247174399439822,0.002943657935822093,0.001196407693613146,0.0016099425766507615,0.000787694208789401,0.0012936250700982704,0.0016938087470522699,0.0007815643607143718
Q86VW1,4,577,M,test,4,0.0017475329178092873,0.0006194617207555443,0.0007709325528152047,0.0020732209723594527,0.9884080594568196,0.002213407375889312,0.0008977976088666553,0.0010293299881442353,0.0011573068687609645,0.001082950537779711
Q86WI3,1,1866,S,test,0,0.9922010158708666,0.002522666122254891,0.0003627154093704981,0.001785347785214388,0.00048808691686555135,0.0005706313791920181,0.000639076839457101,0.0004767803983599327,0.0004341134824738172,0.0005195657959452375
Q86WV5,0,123,U,test,0,0.9947580081795243,0.0010920387629589964,0.00036082017239181803,0.001002111064829515,0.0004742892036477604,0.0004669360331435784,0.00053117869718193,0.00038710358127195095,0.00040252401390594613,0.0005249902911442213
Q86X83,1,199,S,test,0,0.9873736852364218,0.003688444494453836,0.0005292992236615226,0.003695655493445849,0.0009109815260684339,0.0009109815260684339,0.0008933615404861687,0.0005210931645506201,0.0006139978445832507,0.0008624999502600907
Q86Y13,1,1208,S,test,0,0.49613938180388106,0.4310533701924896,0.001734305176469843,0.047986484651452097,0.0033429609591113228,0.005753599504461106,0.0036429523211287717,0.004463438252780922,0.0037585918592341447,0.0021249152789910744
Q86Y34,4,549,M,test,4,0.00141700442218422,0.0006641366873747107,0.0016469676079876126,0.0014966551921976972,0.9877406769875133,0.0025150071583081653,0.0012073029710742054,0.0010571499278376533,0.0011209428377532112,0.001134156207769171
Q86YI8,0,300,S,test,0,0.9950038942898687,0.0010923086688131901,0.00035254892235379723,0.0007960345579031827,0.0004991195807134961,0.0004952353839066851,0.0004991195807134961,0.0003902360796539066,0.0004026235126127421,0.00046887942346086463
Q86Z20,1,511,S,test,1,0.0015154573312664483,0.9884973599382086,0.0007954764540729503,0.0020673428481798027,0.0011394674676673854,0.0011802392608210842,0.000860115136910784,0.001497801665308418,0.0015453469682510674,0.0009013929293133772
Q8AY79,2,258,S,test,2,0.0005228036479831418,0.0009229409913848068,0.9944918467102464,0.0004760181331132629,0.0004704723398384009,0.0008176804077760352,0.0005586997315159798,0.0004419678727734552,0.0007518126748313207,0.0005457574905372184
Q8AY80,2,258,S,test,2,0.0005564131564911366,0.0009173701836406478,0.9942980811046592,0.000487211616430417,0.0004910328617543948,0.0008651624561453837,0.000560777159106194,0.0004488404018081068,0.0008143339008582635,0.000560777159106194
Q8BG17,0,217,U,test,0,0.9948800857511643,0.0009269149739164192,0.00042189331194142544,0.0008844684288572168,0.0005545683201949672,0.00048181729145781404,0.0005524062545669191,0.0003525050566121873,0.0004057308469168053,0.0005396097643719656
Q8BG60,1,397,S,test,4,0.042619718916399416,0.30582715903682467,0.019858758217618358,0.023399337658246616,0.5121641464331237,0.041490378468655255,0.007596652476290016,0.02559895220988704,0.007362927749033436,0.014081968833921482
Q8BGC9,2,288,S,test,2,0.0019883041052087837,0.00330024239992792,0.9828013900154909,0.002235510414373085,0.0008485040267452052,0.003320142900950193,0.0019651397841831154,0.0006979603872962484,0.0017274684720718215,0.0011153374937527246
Q8BGV8,3,463,M,test,3,0.0073263729136144205,0.009810691718801594,0.003894808709878911,0.956758381829701,0.00177622156103558,0.0014957285050101793,0.010484300574547741,0.0012694082713662577,0.002044418365083997,0.005139667550960364
Q8BH00,1,487,S,test,1,0.01717138815615405,0.801908536963091,0.025131044417850735,0.04027711893821182,0.019006995112498388,0.01785541849679892,0.039963684194500214,0.009119656689918796,0.011987561125551553,0.017578595905424547
Q8BHD1,1,476,S,test,1,0.00232781801498662,0.9889948420564499,0.0007476570751642528,0.002201782385913312,0.0009866231717944108,0.0010709692008693155,0.0007896832317989934,0.0010751609666266994,0.0010219259955275993,0.0007835379008688748
Q8BHP7,2,681,S,test,2,0.004986803523402066,0.010619102128276572,0.878899121738188,0.008000078443445304,0.006923490864837368,0.04175399269888574,0.006403182778811301,0.0031206617782524155,0.0365610232087829,0.0027325428371183956
Q8BJ05,0,735,U,test,0,0.9948298381317645,0.0010605860890391837,0.00038112960843402356,0.0009713495427993474,0.0005148732511475943,0.0004669697663406169,0.0005068908843669432,0.00034702244692642143,0.0003963120600391028,0.0005250282191422795
Q8BJM5,7,460,M,test,4,0.008362104102180008,0.0012680491074239632,0.0016155364996147572,0.00719803238615478,0.9263291267284686,0.017850130619800057,0.0019035670950772238,0.011547442411359795,0.020787559243973516,0.0031384518059473015
Q8BL65,1,612,S,test,1,0.002335970646345499,0.9890722765579057,0.0007477156118743965,0.002155151815808957,0.0008879342515778764,0.0011050520180455746,0.0009161203205259087,0.0009828535379950048,0.0009089909883432117,0.0008879342515778764
Q8BMB0,0,1264,U,test,0,0.9947102330919556,0.00130997120248889,0.00032342161167983716,0.0008146714355102933,0.00044902645621713356,0.0005168262385381042,0.0005311531798160685,0.00044902645621713356,0.00041204981025214684,0.00048362051732478477
Q8BND3,1,1181,S,test,0,0.8752070979691442,0.08140694278617376,0.0007980855661967402,0.014453619200294728,0.003576771463105849,0.0055182142236803716,0.002942172049698278,0.009989756088916344,0.004556925044652199,0.0015504156081374914
Q8BPC6,3,396,U,test,3,0.002663062187217032,0.003435338449591598,0.0016632500629364568,0.9839608338589951,0.0014394229606778904,0.0010993411795590733,0.0014563903789042453,0.0009931720265729078,0.0013896975485901996,0.0018994913469554731
Q8BPQ7,7,1093,U,test,1,0.0033029604816288897,0.9868580772284855,0.0011600144757183053,0.0020964163176401722,0.0015011702567533979,0.0012542746762401683,0.0009140694262574439,0.0010770370147596298,0.0009430851287786227,0.0008928949937378962
Q8BSF4,3,406,U,test,3,0.0016547795813981598,0.0018496491452965353,0.0014949688368896868,0.9866277635080071,0.001629124557795374,0.0010436563718778566,0.001904639662479201,0.0007816625560262147,0.0015304210236068898,0.001483334756623014
Q8BT20,2,105,S,test,2,0.000754702495834759,0.0008840615930977261,0.9944224219420642,0.0004930163503940628,0.0006281191477583274,0.0006608396002396057,0.0005478552520310853,0.00043169954620299143,0.0006208013376217692,0.0005564827347554986
Q8BTE6,2,63,S,test,2,0.0008193427130107014,0.0007848822628172633,0.9945692266540237,0.00045603291647492236,0.0005742321046418769,0.0006041454303700699,0.0005901504454185497,0.0004317632602808888,0.0006136592983467582,0.0005565649146152356
Q8BZQ2,2,495,S,test,2,0.0006792972237924322,0.0008756486849489351,0.9946251548298105,0.0004798159072181014,0.0005833077732281962,0.0007091219016066308,0.000504810774667472,0.00042842735474330027,0.0005833077732281962,0.0005311077767561805
Q8C0D7,0,249,U,test,0,0.9951173911934674,0.0008968577290846612,0.00038724344735077774,0.000734858887703862,0.0005656410742608234,0.0004933608989365248,0.0005090219023894385,0.00038422986222746535,0.0004122184620282515,0.0004991765425507714
Q8C0V1,0,768,M,test,0,0.9951078437269771,0.0009565573527227867,0.0003417378546728091,0.0007776756299907784,0.0004991717091173952,0.0004895168607370824,0.0004933561805877902,0.0004058237450664052,0.0004388000793907829,0.0004895168607370824
Q8C1E7,0,343,M,test,5,0.001648353499227303,0.0018317021562548428,0.0017546632706970592,0.0015728699223408816,0.003751075292801514,0.975148183279308,0.0011688577730276375,0.0015008430655426906,0.00824125003004039,0.003382201710759724
Q8C1Q4,2,291,S,test,2,0.11501349949154728,0.2140357746039462,0.22256199474346314,0.1933652135079811,0.03012049109506595,0.10309742940259345,0.01870223895384053,0.009477832420889683,0.07605639896027083,0.01756912682040182
Q8CCG4,0,296,U,test,0,0.9943955344571332,0.0013387314349566249,0.0003606887039050864,0.00114962952178868,0.00047411637657871565,0.0004910810000342882,0.0005372442171929727,0.0003523333721946902,0.0003899974847147394,0.0005106434315009166
Q8CCH7,0,1151,U,test,0,0.99503015322183,0.0010628736222290658,0.00034981462118226323,0.0008310065508730011,0.000481889955952347,0.0004725693670447788,0.0005010862893270312,0.0003841961689605995,0.00040263414383383484,0.0004837760587671336
Q8CCK0,0,372,U,test,0,0.9945747541197869,0.0011188218578654444,0.00041848164572203694,0.0010019265242958348,0.0005394441242741383,0.00046685001303045924,0.0005609331760894512,0.0003551607740500912,0.0003780666880237675,0.0005855610768618845
Q8CD91,2,447,S,test,2,0.0007938324314730042,0.0009556762991174609,0.9941912797497726,0.0005876262859867795,0.0006353754935719522,0.0006951028502864329,0.0005585308906770102,0.00040862989831333,0.0006110346172320694,0.0005629114835693942
Q8CFH6,1,931,S,test,1,0.0024849637652104516,0.9879278369806613,0.0009589749215601164,0.001967688993004596,0.001562662234954078,0.001406243798409646,0.0008331719133836054,0.0010208234780574273,0.0009008736000368088,0.0009367603147219819
Q8CFI0,1,1004,S,test,0,0.5439633514299422,0.02854883931665565,0.011877704878464708,0.029333078086386175,0.3248153499865488,0.013617855895357255,0.008656036701469179,0.017554111092097438,0.011028076090683047,0.010605596522395448
Q8CFP6,0,273,U,test,1,0.002411804018984586,0.986385132153926,0.0009207970890581021,0.003571383797063351,0.0009065214296128911,0.0013715230352497215,0.0011549381835054655,0.0008994668368324217,0.0012934693680949569,0.0010849640876724814
Q8CFZ5,4,553,M,test,4,0.0016639515971271033,0.0006193492462612803,0.0007297716926323672,0.0021282264228933805,0.9882285359445991,0.0023832824059877686,0.0009117702439121154,0.0010331709472324749,0.0011891724994402533,0.0011127689999141058
Q8CG85,2,686,S,test,2,0.0022617808071437795,0.0029499180323711107,0.9600003559887261,0.00293841736320446,0.01704204756918259,0.006408699056890692,0.0018245048530488592,0.0018103064917413157,0.002836908561883093,0.0019270612758079295
Q8CIG3,0,826,U,test,0,0.9905928839648027,0.002389203260095631,0.0005146869740096986,0.0029734111932911028,0.0005877909639237351,0.0006159996766014999,0.0007606580521010292,0.00041680622416423864,0.00046136244178013005,0.0006871972492302663
Q8CIV2,5,574,M,test,5,0.0016544378764665616,0.0014657506669049037,0.0017542738972067555,0.00153609368461638,0.005899960336525047,0.9749318281073845,0.001187001083671556,0.0016544378764665616,0.006454576361507631,0.0034616401092500237
Q8CJ40,1,2009,S,test,1,0.002148705851338532,0.9890072852194032,0.00080842018576639,0.0020603454640442825,0.0009377838510030085,0.0009982657392430996,0.00075944053797903,0.0011994437414374263,0.0011854698292506761,0.0008948395805343787
Q8CJ78,0,1038,U,test,0,0.9949349013354537,0.0010847918805394834,0.00039946255764771707,0.0008879791045106817,0.0005271387821682631,0.00047068195372992184,0.0005049680096613185,0.0003234946682565137,0.00036944251176026404,0.0004971391962720836
Q8GS71,1,1035,S,test,1,0.003764952313265364,0.983066323852631,0.0019966240576350506,0.00265544979829149,0.002832237873804655,0.0014325076531357167,0.0008964404727906471,0.0012740987630354896,0.001081313592432929,0.0010000516229776606
Q8GSA7,0,1032,U,test,0,0.9853974177039462,0.00623728497989267,0.00045537116503850986,0.003753664254994355,0.0007276810512844987,0.0008950629865647605,0.0007685843420029189,0.0006127689122547136,0.000553590564914561,0.0005985740391068733
Q8GSI0,0,179,U,test,0,0.9950775184311638,0.0009216826518563363,0.000412201952467215,0.0008540835863823235,0.0005050403857947573,0.0004670860189613621,0.0005251589342305294,0.00033381130212916884,0.00037825780278399185,0.0005251589342305294
Q8GSP8,5,371,S,test,5,0.21052596522006548,0.019203214979028032,0.00889550854732803,0.10061766502480216,0.10752614851924112,0.505025543047836,0.00924986559525733,0.013044400488835551,0.015430217850347556,0.010481470727258739
Q8GUK1,3,602,M,test,3,0.0024629294398665165,0.003205997686491014,0.001568593810241324,0.983960572380959,0.0017913903717671892,0.001170242254922783,0.001805440536157011,0.0008972559078066383,0.0014282209216816989,0.0017093566901068228
Q8GUK7,5,243,M,test,5,0.012367893852432093,0.003258019662229668,0.0021200338225529883,0.003096703650430354,0.01603653456616854,0.9467115929936852,0.002153419408305548,0.005706845275845331,0.006428922945797301,0.0021200338225529883
Q8GVZ6,0,276,U,test,0,0.9949404129562982,0.0011170492825838948,0.000341680353683839,0.000837448688071629,0.0005049707921765166,0.00048184651524119863,0.0004913500812997917,0.00037526245319740805,0.00040893780139613587,0.0005010410760514003
Q8GW20,6,523,M,test,6,0.001907006016056073,0.0020024323477006627,0.001456451741263033,0.0033111390852467756,0.0008234032481264209,0.0013897561271174327,0.9840022883558103,0.0011521481632122295,0.0012555398634936062,0.0026998350519735017
Q8GWD5,4,178,M,test,4,0.0014985166025167944,0.0005914300380255905,0.0010060564069875944,0.001610816755648392,0.9889691761275421,0.002187793773709908,0.0008275594771205679,0.0011179614465291698,0.0012040919017872666,0.0009865974701326078
Q8GWE6,0,413,U,test,1,0.01973014081433075,0.9395759138336325,0.0006777706185312877,0.016103269407820704,0.0029904643108728144,0.005855044558836702,0.0027016591206473917,0.0041034780035625815,0.006405437971725565,0.0018568213600396828
Q8GXA4,0,489,M,test,5,0.0989425431928441,0.06590993378580308,0.005669858844273892,0.01994496564338307,0.013234413708130461,0.7426049831276264,0.00762962917762766,0.018663513982731528,0.010306972040165856,0.017093186497413957
Q8GXN9,0,930,S,test,0,0.9941103893721692,0.001506306800757528,0.00039913153355376085,0.0010796672518261134,0.0004890261846060814,0.0005104970164588179,0.0005852877074484723,0.0004118013360040864,0.00041503113431140857,0.0004928616628645069
Q8GXX0,3,191,U,test,1,0.0027489509476968012,0.9844457380700832,0.001945494646405383,0.0033207286823892096,0.0009630896840204157,0.001347604725693907,0.001587866476406299,0.0009782560954937202,0.0010744041954048413,0.001587866476406299
Q8GYB1,3,285,U,test,0,0.9889335863153897,0.0021294849490469474,0.000686046159541264,0.0037671347096691035,0.0008052084782910882,0.0007653397803020927,0.0010298772489757263,0.00042931672489247326,0.0004789374182032133,0.000975068215688362
Q8GYD2,0,230,U,test,0,0.994828722802443,0.000919654225731153,0.00036367602361986947,0.0009544231196307632,0.0005721426454923633,0.00047617939238379106,0.0005250276146646538,0.0003781632131145101,0.00041209889338380857,0.0005699120695360129
Q8GYJ3,0,289,S,test,0,0.9934468333098826,0.0015474074616557867,0.00042458972803182434,0.0015172926785442364,0.0005624900014256762,0.000545183989571811,0.0006058255496462198,0.00035754037718018346,0.0004147541169795701,0.0005780827870820917
Q8GYX9,1,286,S,test,1,0.003814074112694899,0.9857328876565481,0.0012142986212437979,0.0036787210482874242,0.0007000422739995012,0.0009643489363229467,0.0012048489569835808,0.0008780496783963196,0.0008780496783963196,0.0009346790371271704
Q8H191,9,497,U,test,2,0.02166832746172132,0.049793425329178104,0.7119724002686802,0.03275113384642263,0.011067098697177705,0.08437124421156325,0.03260752389645586,0.013245583407072433,0.011241379895408129,0.031281882986320335
Q8I948,2,156,S,test,2,0.016221917923958332,0.0346195953396023,0.7116692556192091,0.015600465936951847,0.009611167801750186,0.008220868062662064,0.038592676988353176,0.021914412872278497,0.11437565662897145,0.02917398282626297
Q8IN43,2,129,S,test,2,0.0006357193048045326,0.0009124062067235857,0.994729294016308,0.0004970364740937649,0.0005416396638102391,0.0006688357370405674,0.0005270298326357599,0.0004088510278821345,0.0005311633912764677,0.000548024345424878
Q8IN44,2,129,S,test,2,0.0007432574073274733,0.0008405776556184805,0.9947644080826533,0.0004724431581206671,0.0005459070528734856,0.0006113868349667169,0.0005291112309648208,0.00039628599468057105,0.0005654404395029489,0.0005311821432915111
Q8INM3,0,1420,U,test,0,0.9932398969234986,0.001826029884797518,0.0003717057471702499,0.0015448205209496516,0.0004885979664008536,0.0005536540507932303,0.0006009857857131424,0.000411440741924249,0.0004345680138883833,0.0005283003648641728
Q8IRB5,0,1465,U,test,0,0.9944388586528357,0.0014726182128728766,0.00033885043453793886,0.0009540490907298612,0.00044541054331470446,0.0005066916178611116,0.0005393704415986412,0.00040873166060746805,0.0004023948845401062,0.0004930244611016705
Q8IS21,1,1529,S,test,1,0.024362063398391955,0.8554442056334646,0.005207283499945454,0.007606207506451123,0.08209448430082923,0.0086526946522697,0.0025980102751107553,0.007286300059948863,0.003961492388866728,0.002787258284721647
Q8ISB6,2,482,S,test,2,0.0006620927955701461,0.001143993786996521,0.99242400964963,0.0006219786416880472,0.0006492867624818684,0.001271241771862461,0.0006646841421109542,0.0005278663532943148,0.0012787123749854756,0.0007561337213802844
Q8IUH2,2,290,S,test,2,0.0008463091146144462,0.0015672779450445781,0.9918140513777135,0.000886924318997232,0.0005704088584744017,0.0013107890678716245,0.0008731738088508871,0.000552859251269946,0.0008765913547473886,0.0007016149024159787
Q8IV08,5,490,M,test,8,0.00977298067216139,0.006586948933616294,0.04483813832137949,0.01762758956054421,0.218129785798707,0.03157839206978187,0.006091931888715693,0.015863113245647004,0.6411191281775308,0.008391991331916225
Q8IVM8,4,553,M,test,4,0.0021415038019016288,0.0006081821572341699,0.0006784762375465236,0.002467263702797052,0.985692228469758,0.0032399916556703177,0.0009419709907379588,0.0013493110891244743,0.0017224278157016975,0.0011586440795281975
Q8IVP5,3,155,M,test,3,0.01098929073886916,0.007671760914417176,0.013203935789903178,0.4858906899059007,0.3186548970545751,0.044234246324521345,0.0317442717385311,0.0068769222605758505,0.021558050216813923,0.05917593505589246
Q8IW35,1,865,S,test,1,0.00210887291178962,0.9888515181478469,0.0009981085582353821,0.0021109332299705068,0.0011852831913553297,0.0011443370159585412,0.0009017158655016597,0.0009981085582353821,0.000833950861990552,0.0008671716591161951
Q8IWC1,1,876,S,test,1,0.003214608735944675,0.9875674050121808,0.000973721191085506,0.0030095414960819057,0.0007013450500862054,0.0009437629855651155,0.0010244450399355218,0.0008796837950272581,0.0008526188015839159,0.0008328678925091782
Q8IWF2,5,684,S,test,5,0.0019335829912588327,0.004995779562379904,0.005677569678366566,0.0033803135724634384,0.0021570678320249922,0.9632492890757831,0.00380058851992166,0.001816433078713569,0.00964844402638902,0.0033409316626989405
Q8IWT3,1,2517,S,test,1,0.004943113289459855,0.9833490279386616,0.00066636951599839,0.0049238423591889515,0.000829310367683832,0.0013673014668580698,0.0009179628635093244,0.0010901078032755668,0.0010901078032755668,0.0008228565920888361
Q8IWX5,5,399,M,test,5,0.0014126778030509068,0.001976691477430422,0.00202356749960597,0.002909971609633829,0.004906712597679014,0.9619135006689062,0.0033362986831633953,0.0029213607523924656,0.01324696256145316,0.005352256346684582
Q8IY17,5,1366,M,test,5,0.007887687886700983,0.004305246012892396,0.006462939838153415,0.006488235026072041,0.04052916350346045,0.8871013918713357,0.004728387786971977,0.012015548140505618,0.005316269355994583,0.025165130577912802
Q8IY21,1,1712,S,test,1,0.0021791472636267595,0.9884333257858697,0.0011349515104715532,0.002531560665860898,0.0006964972879864714,0.0011438530918589011,0.0009669907396331594,0.0008668049335630195,0.0008804551542522694,0.001166413566877189
Q8IY49,7,270,M,test,7,0.0032395800162341435,0.0022972061877768756,0.0021245685615817887,0.0034485150064240207,0.01619687958451661,0.007618246639990435,0.0029381714516409792,0.9413534472871508,0.01758154755933876,0.00320183770534558
Q8IYW5,0,571,U,test,0,0.994167505159983,0.0015391073373062145,0.0003414149131814825,0.0010713267420656906,0.00043838543019919686,0.0005205955586189226,0.0005673128609756794,0.00043838543019919686,0.0004054402374933804,0.0005105263299772872
Q8IYX3,1,515,S,test,0,0.9884039985171883,0.004704103628787984,0.00035021045329424486,0.0027225263327530728,0.0005819280413700234,0.0007501349037578982,0.0007356259463271645,0.0006750483627704003,0.0005424166244154152,0.0005340071893354977
Q8IYY4,1,767,S,test,1,0.0025678489154636283,0.9887462359631514,0.0007244719383019873,0.002468873306324339,0.0008273728975105117,0.0010458972645037527,0.0008876415758990285,0.000994111305042379,0.0009230011586593582,0.0008145456751436018
Q8IZJ1,4,945,M,test,4,0.001389198861129709,0.0005387312877521511,0.0008087313952040874,0.0016561711221331017,0.9893879819625524,0.001862083307087666,0.0008986876782579877,0.0012283604820036479,0.001223571504366917,0.0010064823995123869
Q8IZS7,4,167,M,test,4,0.0018536337723337188,0.0005764764670798846,0.0015307252830982529,0.0014212302779039146,0.9868239651073335,0.003416019713338918,0.0009357136354632475,0.0011509474475540067,0.0012991096827139443,0.000992178613180566
Q8IZT9,0,166,U,test,0,0.9942804223956146,0.0014970314858976288,0.0003441317700364209,0.001023382145173308,0.0004523526426432725,0.0005166029258794341,0.0005435141892148324,0.0004023307559538165,0.0004316379047354922,0.0005085937848511309
Q8IZU0,0,186,U,test,0,0.994776392055364,0.0012105710629819572,0.0003722807540181065,0.0008740730328131562,0.000497060024952853,0.0004912690610446805,0.0005249999939012922,0.0003665090859499907,0.00039939891808618284,0.00048744601088780926
Q8J025,4,514,M,test,4,0.0013007658375946256,0.000619257424139256,0.0009080809457239745,0.001788384384570205,0.9880820346960283,0.0024144788214130967,0.0010451946600977917,0.0013792597888717217,0.0013368244308371515,0.0011257190107238373
Q8JZL0,0,594,U,test,0,0.9947545497144604,0.0010835367686516265,0.0004284830925090886,0.0010109540276117903,0.0005544983415199146,0.0004724384619905801,0.0005048764853701385,0.0003184216319819232,0.0003751923492958078,0.0004970491266087249
Q8K0T0,5,780,M,test,5,0.003683229279318259,0.0033536181486312,0.0028797288502701644,0.001517510419459628,0.011300914202671044,0.9631374063934502,0.001816222129183354,0.0034736160378351106,0.0051688850900809494,0.0036688694491000904
Q8K0T4,1,488,S,test,0,0.9904971569275978,0.003091559884744529,0.00039768083998955613,0.002503621271989231,0.0005877341874409542,0.0006898202429447427,0.0006738405512814356,0.0005186735886214706,0.00048345696265095716,0.000556455542739412
Q8K1M4,0,789,U,test,0,0.9922473144449708,0.0025277161018877935,0.00034612161357024167,0.0017594679235320909,0.0004996848748854668,0.0005841908229225842,0.0005933904863622143,0.00047680262638401006,0.00043753870333774575,0.0005277724021470065
Q8K1S2,4,956,M,test,4,0.0015015247925205311,0.0006198458504039311,0.0008707148300489547,0.0017248723735652444,0.9890209420085936,0.0019223558446283182,0.0009488512270323225,0.0012768189938364507,0.00109212106907309,0.0010219530102975364
Q8K1S3,4,945,M,test,4,0.0019132128724893471,0.000590951896091173,0.0007470331818272882,0.0018489249540295483,0.9881695770668539,0.001903893942145616,0.0008940816278806388,0.0016063737409946074,0.001300881069147778,0.001025069648540037
Q8K1T0,5,453,M,test,4,0.0012769879951613932,0.0005139382835117005,0.0012920407282166848,0.001218510370564705,0.9891518963261698,0.0025235243050655046,0.0008374691330620418,0.0011138087645936594,0.00109654064809463,0.0009752834455597837
Q8K203,0,606,U,test,0,0.9946258066945872,0.0010562346381189983,0.0004024705316901467,0.0010918935803761573,0.000520835541116431,0.00046687398678736544,0.0005352736595008301,0.00036077222483369114,0.0004024705316901467,0.0005373686112989833
Q8K3P6,3,469,M,test,3,0.0030011744699621375,0.004166717705084796,0.0031085608539090062,0.9577900914508258,0.002954645593419347,0.0030723449780546987,0.0128343936165492,0.0014066221408632262,0.0026176707290034434,0.009047778462328338
Q8K3Q3,0,521,U,test,0,0.9949038876517637,0.0012208925471504197,0.00035251350137013003,0.0008456359510185556,0.00045618635198788266,0.0004579718132890878,0.0005029836105062114,0.000387160350562423,0.000387160350562423,0.0004856078717891658
Q8K3W2,0,274,U,test,1,0.003590410892549452,0.984884579010072,0.0008636928621433948,0.004587723218295521,0.0009122414835908303,0.0014520744425842507,0.0010256606195925828,0.0008503025395496048,0.0009560208605384215,0.0008772940710839588
Q8K4G5,1,861,S,test,1,0.002391867033037456,0.9887962769403541,0.0008470363323813814,0.002203491178971463,0.0009230478665779662,0.0011004366153926281,0.0009449373267124509,0.0009302874455903167,0.0008876864739482655,0.0009749327870339501
Q8K4I4,2,270,S,test,2,0.0009172764831061694,0.0009048209167972013,0.9941965332308816,0.0005125394668313308,0.00048526260025309157,0.0005541872810067728,0.0006329017918250507,0.00039605976743990577,0.000784588162056554,0.0006158302998022825
Q8K4S7,1,938,S,test,1,0.04566971087152467,0.8752943632926944,0.012607928019078563,0.01680915384006683,0.01826398955770983,0.005943943117422683,0.0028297411431769245,0.008716216071389267,0.00796726696655678,0.005897687120380094
Q8K4Z6,4,928,M,test,4,0.0012437945675013104,0.0005784181983948823,0.0009243096557531041,0.0015091192881353957,0.990147886873771,0.0016901333553021463,0.0008448873980557831,0.0009994170377623564,0.0010933654828757088,0.0009686681424483708
Q8K596,4,921,M,test,4,0.02008277225668994,0.01021728687353504,0.010876245978435313,0.19429811986343853,0.3687130256697872,0.01893985885982443,0.01521860330721676,0.009673533294497556,0.3357170290843955,0.01626352481217977
Q8L5W8,0,416,U,test,0,0.9911944998190376,0.00346482032629211,0.000385716870963819,0.0017333116835187138,0.0005612147091880765,0.0006334602631274205,0.0006115770900837043,0.0004952702517996791,0.0004170593722462223,0.0005030696137426865
Q8L607,3,386,U,test,0,0.8245369722959885,0.1169442097685213,0.0015427584067251691,0.039788262750053247,0.0022623055436296257,0.003818363704193096,0.0033961229461086737,0.0025435787364825515,0.0026038977138884744,0.0025635281344093285
Q8L735,6,882,U,test,0,0.9930440845438944,0.0017643233195237956,0.00041135961611549643,0.0017446200238164249,0.0005119453481553025,0.0005281961724349295,0.0006055799495548534,0.00037748481955806,0.0004277463261966858,0.0005846598807500915
Q8L748,0,1101,U,test,0,0.9942817503367621,0.0014229102261650631,0.00031827028715469515,0.001120678943261936,0.00046308049654339683,0.0005085944336465546,0.0005145895897786786,0.0004216395822293692,0.0004418745147438039,0.0005066115897143553
Q8L7F7,0,739,U,test,0,0.9937308801999055,0.0014409946417537041,0.00040844067356786683,0.0013973420402694388,0.00048503531792455927,0.000556095723525901,0.0006012828535401269,0.0004116441321137975,0.0004313993170159732,0.0005368851003830868
Q8L7M0,5,465,M,test,5,0.013117728843238866,0.005017978748082618,0.0023796025997096866,0.007577145916574571,0.00888457185306078,0.9377617829427467,0.0036856003531194996,0.011302669737595868,0.005686115108111927,0.00458680389775944
Q8L7W8,2,843,S,test,5,0.0009167212644998063,0.0017126608222807493,0.0019559200576471703,0.0011408780268479328,0.0017126608222807493,0.9820190295416159,0.0021481578354375142,0.0014535162511926263,0.003870864484703422,0.0030695908934941247
Q8L856,8,239,M,test,4,0.0012414561911095702,0.0005661641888983755,0.001207970146604882,0.002208816762688381,0.9844335375926615,0.0034546550583068234,0.0011985697280036678,0.001485828657694014,0.0028917624302171345,0.0013112392438156476
Q8L9A0,3,270,U,test,3,0.002007307329030174,0.0024714424292994665,0.0014317586869560608,0.9863978407242437,0.00168044696964178,0.001059844548551913,0.0011459652309036496,0.0008650198911149712,0.001584812361163562,0.0013555618290947056
Q8LB10,6,305,U,test,6,0.0024438014697277183,0.002347886882506993,0.001618412034246447,0.002343305706592064,0.000804307725859843,0.0013735284375541769,0.9839761623158566,0.0011521175466596098,0.0011166707096593794,0.002823807171337119
Q8LBP4,6,462,M,test,6,0.008586436174520753,0.008653781045886398,0.006687123326762289,0.013429442421061416,0.007430941847716614,0.11488525621495357,0.810019906932938,0.006041313009409066,0.007489223087157234,0.016776575939594682
Q8LCT3,6,236,U,test,6,0.001960243714206346,0.0018023375126827335,0.001108221197299405,0.0011039007920580872,0.0007527949320049767,0.0014313464613092256,0.988041836050669,0.0010451521516233154,0.0009553464657728218,0.0017988207223740742
Q8LD38,3,108,M,test,3,0.004321550325470063,0.00427120255785556,0.004338464075946787,0.9590640748001195,0.006654243456715982,0.007205499846971292,0.004974073151733092,0.001940281151518135,0.003326415785796383,0.003904194847873256
Q8LDF9,0,241,U,test,0,0.9951241446192941,0.000879516868594723,0.0003812423610700901,0.0007348639069296221,0.0005397421101279332,0.0005011336095732784,0.0005251835594694315,0.00038724607373939225,0.00040583038257473847,0.0005210965086266691
Q8LDL0,6,231,M,test,6,0.008952136951502267,0.008417970377408868,0.009308748741994805,0.07372122149811197,0.0020111931658570725,0.0035574379786572903,0.8773036470473442,0.002836237154276357,0.0031888670751595346,0.01070254000968765
Q8LDV3,6,185,S,test,6,0.0021754110700492988,0.0022687063029824266,0.0014141850664153603,0.0011542243143310205,0.0008313566262761803,0.00209207237329266,0.9857754075586141,0.0011542243143310205,0.0010927976572903443,0.002041614716417517
Q8LE52,6,258,S,test,3,0.04279709174904557,0.2521205885754117,0.016645403759529526,0.6438125317416529,0.004337974851326764,0.008627092525326145,0.013894180294574647,0.004440846869878578,0.004764333351580269,0.008559956281673855
Q8LFC0,3,367,U,test,1,0.021701902080367638,0.731412825584463,0.0267198755466197,0.0724196804189413,0.010764224419673174,0.05055708421678302,0.039760287721491414,0.007937041085418645,0.005045090319907464,0.0336819886063347
Q8LFH6,1,137,S,test,1,0.0028428575775443755,0.9874753574945689,0.0017087745691560091,0.0023039031844351385,0.0007012796913203436,0.0010124155195797059,0.0010527455035077692,0.0009004609663949546,0.000907523358552688,0.0010946821349400793
Q8LFP1,5,241,M,test,5,0.006504548810490203,0.008821477313659747,0.013451146162318382,0.013242605339625558,0.18424231088522539,0.6380644535729952,0.008890664337436323,0.02153689446355245,0.020232038873911482,0.08501386024078518
Q8LFP9,6,220,M,test,6,0.011129821505567523,0.01152806341518379,0.010537502218480193,0.061835139183614454,0.012081306270194903,0.15364244379941913,0.6994211582542432,0.005640318543683309,0.008401229868068157,0.02578301694154531
Q8LG50,5,389,M,test,5,0.0010375503033804372,0.0014016410193597316,0.0015944837253304453,0.0013115864212122916,0.0031036086980043456,0.9808553035934221,0.0015944837253304453,0.001724047826566413,0.00457341799912757,0.002803876688266219
Q8LG77,3,374,U,test,3,0.002540425005354954,0.004026889821032278,0.0018842000225595225,0.9798598875215794,0.0015559668666661802,0.0015559668666661802,0.00243833620638078,0.0012600603868978286,0.0015258716396990952,0.0033523956631638465
Q8LGU6,0,744,U,test,1,0.002189080116977122,0.9881021462285822,0.0006389277072622574,0.002291896959711106,0.0011039680692514257,0.0014511387971393947,0.0008013948846813857,0.0011569486794578774,0.0014568182347344991,0.0008076803222027253
Q8LK61,1,496,S,test,1,0.022700275800767125,0.6305521529890098,0.04422849324302519,0.05121834527966332,0.12176155325005354,0.05011745487152313,0.024449160008265525,0.019041025354331102,0.012783539359719192,0.023147999843642107
Q8LPK4,4,1013,M,test,8,0.04601119702927604,0.23298059150566694,0.008289731547715793,0.11714999999622815,0.04632680364011583,0.04437835750129668,0.016104199847150027,0.1358963621278225,0.32599844278945705,0.02686431401527105
Q8LPQ9,0,901,U,test,0,0.9937673809946436,0.001674912553069868,0.0003719031656723872,0.0011807520392102776,0.0005244674930404193,0.0005123182168855416,0.0005670845179163287,0.00044510976788904034,0.0004021231535143915,0.0005539480981581559
Q8LPW2,3,148,U,test,1,0.008726742503351129,0.9681398262200847,0.0020849638244008484,0.010103445798664606,0.0011604571919508779,0.0020287254485936964,0.002729948671917386,0.0013252835822055852,0.0020768352414787094,0.0016237715173525414
Q8MIR0,3,373,U,test,3,0.005870416770615524,0.006434810779895472,0.0014246269187990295,0.9776580767229772,0.0014302027466206193,0.0010504540172256993,0.0014698493783764296,0.0008374949616624051,0.001815021828548977,0.0020090458752786418
Q8MLZ3,1,867,S,test,1,0.0030294617678596094,0.9863680279862523,0.001205625220349346,0.0018311917823856576,0.0018028019331689982,0.0013876661484662077,0.0010598124998068015,0.0010934545415597977,0.001137012838305372,0.001084945281845927
Q8MMH0,2,109,S,test,2,0.0007403735353118514,0.0008243347847393716,0.9947829401060452,0.00044209722448351025,0.0004990087283178164,0.0005949068579306191,0.000541668898501617,0.0004025341099187463,0.0006283468746174921,0.0005437888801337506
Q8MQ70,0,846,U,test,0,0.9949647807583,0.0011280390437714382,0.0003811813022285585,0.0008776601717491607,0.0004762445174473985,0.0004526640104667842,0.0004913620956656385,0.0003525350695147794,0.0003841709351906795,0.0004913620956656385
Q8MU95,2,488,S,test,2,0.0006621075286071107,0.0011306910038783276,0.9924461007532784,0.0006028557400931275,0.0006938826824841284,0.0012762457757598453,0.0006493012032289933,0.0005361909733089455,0.0012345661811622986,0.0007680581581988394
Q8MUG0,2,274,S,test,2,0.0006089811318770451,0.0008774514578423584,0.994728165209039,0.0004614822180761816,0.0004490345386781133,0.0006793675829023038,0.0005610197064759771,0.0004185462093747627,0.000663630035556267,0.0005523219101780425
Q8MVA6,2,69,S,test,2,0.0007942544420432115,0.000775855585993172,0.9947197935658991,0.0004455363697423625,0.0005566491272180453,0.0006137522287322785,0.0005810890060030569,0.00040566546835165757,0.0005720799752007891,0.0005353242308162723
Q8N0S6,0,344,U,test,1,0.002615450120816028,0.9875963691773756,0.0005505082532409947,0.0026084353993506147,0.0011608822694025023,0.0012950577931255347,0.0007013656265243669,0.0012454448437701506,0.001514075986473879,0.000712410529920395
Q8N1Q8,3,247,S,test,1,0.029651046018826552,0.8836214052741661,0.0034457918209725865,0.04331087081041484,0.0035000548621143546,0.006239522834074117,0.011342536029516818,0.0032118310303390525,0.003997188305638074,0.011679753013937451
Q8N2A8,3,252,M,test,5,0.06495887270983045,0.020560334232908394,0.017586187150585568,0.11924452756651868,0.06090414367090674,0.649685703858786,0.014353427612623431,0.01117845943642916,0.032188390589467104,0.009339953171944452
Q8N2F6,5,343,M,test,1,0.0071045340379660175,0.9433195388909901,0.0019690084315024375,0.018463786295925187,0.0028873599912884835,0.005653176335596428,0.004892416193591829,0.0029790144706914826,0.007315753802412807,0.005415411550035267
Q8N2Z9,0,138,U,test,0,0.9949313523049248,0.0009019595023676653,0.0003637135204377733,0.0009090336536836046,0.0004706802785982629,0.000527136875752138,0.0005230346910451792,0.00039326808050528284,0.0004252241721320645,0.0005545969205532006
Q8N3G9,7,435,M,test,4,0.0012270096556615932,0.0006415569032264678,0.001474286036400913,0.001900429897183779,0.9767859883074168,0.007754940308483234,0.001198586040777384,0.001849168972882063,0.005830914539667531,0.0013371193383002477
Q8N427,1,588,S,test,1,0.002804298622425959,0.988696877280965,0.0007358439479708773,0.002242341474178904,0.0007076541573951241,0.0009940617590926413,0.000997952474875858,0.0009374895106175592,0.0009748347825604491,0.000908645989917613
Q8N4C6,1,2090,S,test,1,0.002643397929538034,0.9885700046970007,0.0008402523564145248,0.0018861556322646435,0.0010580374773089185,0.000944721134765682,0.000753197330623154,0.0012083167311556133,0.0013427193803055772,0.000753197330623154
Q8N4T0,2,437,S,test,2,0.001601599366007941,0.004705064394797294,0.9624096608923252,0.002339433844072267,0.0011180965064561163,0.008326475385406243,0.0025493704802624357,0.0012970146298500642,0.014499695757233845,0.001153588743588681
Q8N4X5,1,818,S,test,1,0.017069837221529834,0.5027663153828092,0.34018871473306644,0.029407751061646045,0.044275787098782216,0.02003476971789536,0.007171575971454553,0.015603094492506096,0.00899517171173966,0.014486982608570571
Q8N556,1,730,S,test,4,0.03247816049555943,0.11996602137100594,0.2992475224743683,0.0360907528240614,0.39643854509704834,0.04910491116325174,0.009396465157636024,0.029629515208043432,0.008292351660885856,0.019355754548139488
Q8N573,3,874,U,test,1,0.002075790134018611,0.9886669823143461,0.001108922381082785,0.001969161152927667,0.0008144803339566798,0.0010458134041374933,0.0010748045437138827,0.0010664402195008338,0.000959692436577444,0.0012179130797384842
Q8N5M9,5,183,M,test,5,0.0014476185203042312,0.0013078143192898134,0.001499416583944155,0.0011274064350301107,0.0040244197405338135,0.9780343897931547,0.0010265152176231764,0.0023042693560292276,0.007734579128836444,0.001493570905254314
Q8N5Z5,1,321,S,test,1,0.004471601365744436,0.982720534769547,0.0008095815853215608,0.004939953700526121,0.0010476764087842358,0.002019449097890407,0.0009919201063864564,0.0009919201063864564,0.0009919201063864564,0.001015442753026851
Q8N695,4,610,M,test,4,0.001497847061817698,0.0006342283010859015,0.0014461032440677493,0.0016775090858105115,0.9885273202415599,0.0021112717698015143,0.001049758424415283,0.0009227968028934186,0.0010915759731107335,0.0010415890954373742
Q8N6S4,5,541,M,test,1,0.004967791723793913,0.9824847383711036,0.0007544320059095017,0.005706736477758811,0.0007783802058343788,0.0014542056289558033,0.00096117121098788,0.0010392738901265864,0.0009916821491310318,0.0008615883363985163
Q8N7H5,0,531,U,test,0,0.9945107858790718,0.0012581513931804766,0.0003579232783024635,0.000990189977123089,0.00047789028801347653,0.000514708118430231,0.0005543624955205253,0.00040558024847098446,0.0003931018354423116,0.0005373064864446582
Q8N7J2,4,671,M,test,0,0.9897841735130927,0.003583690589698546,0.0004132250001103559,0.0026527899113618614,0.00056481157228379,0.0007084323970185897,0.000713988725663715,0.000530591405111012,0.0004609857825067521,0.0005873111031527476
Q8N8N0,8,203,M,test,7,0.07140930080299691,0.005681288367800235,0.008765046603863931,0.013549079794312418,0.06975510070041518,0.011748676030902877,0.008730874519122751,0.7920923691120085,0.009330342590465128,0.008937921478112053
Q8N8Q8,3,333,M,test,3,0.007747913183535578,0.006850877202720496,0.004671891929233399,0.9185663940754888,0.021434500068735336,0.018014437527217438,0.009437481433617846,0.003087932404991439,0.004915263760140883,0.005273308414318852
Q8N983,3,215,U,test,5,0.05643912703716403,0.13738828718342258,0.016154298348203137,0.1593731919012734,0.019485803066937958,0.41016566218592293,0.01816276437204452,0.012580979451412603,0.01578008549202122,0.15446980096159763
Q8N9N8,0,165,U,test,0,0.994690474974192,0.0009159415018985625,0.00041527331744719117,0.000992305103256861,0.000616136265001965,0.00046327084822805713,0.0005566327413679712,0.0003722486114510051,0.00040565351428458114,0.0005720631228717356
Q8N9W6,1,283,S,test,1,0.4620306597315967,0.4693065984160916,0.0017738127341697738,0.042641112666400346,0.003725938576519721,0.006513731748341121,0.003445929936873387,0.004092143212330147,0.0041565851438723645,0.0023134878338048415
Q8NAP3,0,1195,U,test,0,0.9947291853246089,0.0011749899537454175,0.00035800188298527625,0.0010369249793209948,0.0005048636073204638,0.00047799523982121155,0.0004970364224990847,0.0003497088040067594,0.0003781253790012079,0.000493168406690724
Q8NAT1,5,580,M,test,5,0.006698635448229303,0.009822899784932672,0.01940208364339388,0.00801721723268668,0.008467868365519635,0.6221329771866626,0.015066154278350537,0.11689532552949886,0.18679820308249648,0.006698635448229303
Q8NBI6,5,393,M,test,7,0.0017338104465927226,0.0027276666975794756,0.002643745218514853,0.0017069302646005155,0.0036277143159990006,0.005679396573077509,0.003207705520637305,0.9711166240139021,0.00445345845662646,0.0031029484924700998
Q8NCE2,1,650,S,test,1,0.0016246068693807527,0.9877425960001829,0.0015025158284295776,0.002148055120599142,0.000794869075161976,0.0012553989161071487,0.0012652450917227539,0.0011209450329786365,0.0009587951284003169,0.0015869729370368386
Q8NDT2,0,890,S,test,0,0.9946600361726775,0.0012282908201618856,0.0003840532737955126,0.0010079008830570417,0.0004912116357578462,0.0004596515851213613,0.0005168001911093627,0.0003469632330157793,0.0003780990952909874,0.0005269931100127268
Q8NDV7,1,1962,S,test,1,0.0024617562409969917,0.9873411827337816,0.0006334673108359056,0.003196656799460021,0.0007761403934103664,0.0013782256854971313,0.0010202172705367938,0.001142589209878885,0.0010988172835829227,0.0009509470720193966
Q8NDX1,4,1056,M,test,4,0.003343611602863223,0.0013119369256847663,0.0027289761686002706,0.002888008583979971,0.981117460472051,0.0022846028048702067,0.0015278299622087145,0.0020240459808815894,0.0010624389755664514,0.001711088523293807
Q8NDX5,0,983,U,test,0,0.9950306351004223,0.0010535733436444566,0.000375296484158748,0.0007914051628658593,0.0004971870798171879,0.0004818901902745834,0.0005109695511889325,0.0003666027314171625,0.0003933073356279567,0.000499133020582827
Q8NEC7,1,633,S,test,1,0.002229575863211356,0.9888453636487434,0.0009087824389658107,0.002152554334874331,0.0007245445706397805,0.0011354246394626446,0.0011047984509069706,0.0009376303255669915,0.000894693102348648,0.0010666326252799895
Q8NEW0,7,376,M,test,4,0.002370721863060806,0.0007726730270376742,0.0011874262555256795,0.00302628277736243,0.9676913736977469,0.011398787276267112,0.0013455302357949456,0.004209791774158779,0.006077544089064667,0.0019198690039809916
Q8NF64,0,920,U,test,0,0.9945895606136231,0.0014247413397703702,0.0003469386406139508,0.0009692200046261732,0.0004668569859939006,0.0004705185679833022,0.0005008644042042951,0.00038103753216286654,0.0003870380434714713,0.0004632238675504976
Q8NFA0,7,1604,M,test,4,0.0016567174909504993,0.0005918757310208911,0.0009131411192493231,0.0014170655930313546,0.9897143860007034,0.0018159979919138047,0.0008027024949718188,0.001136422460764832,0.0009720336551621989,0.0009796574622319412
Q8NFJ6,4,384,M,test,4,0.0013791137199971261,0.0006813786838820453,0.000902680071387354,0.0014999404804565848,0.9899089043684232,0.0016060613086517467,0.0008817694936914543,0.001010953768065402,0.0011103154064598362,0.0010188826989852584
Q8NFW8,0,434,U,test,0,0.9943780187240566,0.0011518568364919997,0.00040552610408600763,0.001098036520438775,0.0005166536369750551,0.0004929943185649542,0.0005741217106799396,0.00038999062508821226,0.0004119121829058022,0.0005808893407125801
Q8NHJ6,4,448,M,test,4,0.0013544877241677992,0.000601050260516522,0.0012429477504362716,0.0013439470144019686,0.9894738414521017,0.0021029996551477532,0.0009129191917042422,0.000923680392107735,0.0010798917806711511,0.0009642347787448384
Q8NHS3,8,518,M,test,4,0.0113087570176692,0.00365710246866174,0.003985284023448804,0.037663911739354,0.47525839533433323,0.04056562985235157,0.006779196888383006,0.010748822584885334,0.4002076813086058,0.00982521878230734
Q8NKC1,8,281,U,test,5,0.09082815538136406,0.140952434112272,0.029201022451155648,0.2542368101382417,0.04215659826455987,0.2949198698671013,0.04536012431282197,0.014231441138257315,0.006217256477450652,0.08189628785677554
Q8QFR2,0,1013,U,test,0,0.9932179698992595,0.001932399862683772,0.000282772569142624,0.0011382201318501943,0.0005408167233262356,0.0006447493961539357,0.0005558087443540284,0.0007053579390588246,0.0005120350185280381,0.00046986971564282883
Q8R0W1,0,432,U,test,0,0.9929022083931334,0.002376136629194955,0.0003178286771063542,0.0013671680680751427,0.0004378274793555434,0.0005688084094987111,0.0005914671991724481,0.0005118722305195732,0.0004344202644484802,0.0004922626494953993
Q8R2Y0,3,336,M,test,5,0.004505336595049637,0.006328773466716876,0.007312883836611452,0.007060256543355536,0.01205985020267362,0.8789255316180692,0.00663249730560705,0.0031947622837441,0.005673075830653491,0.068307032317519
Q8R2Z5,2,415,S,test,2,0.0012057544568598098,0.0012785149567262368,0.9903347054111968,0.0010353729677468593,0.0016432495934429014,0.0015573175161944456,0.0007938479874188028,0.0006924064805395188,0.0006924064805395188,0.0007664241493350754
Q8R366,4,611,M,test,4,0.0011542235193104755,0.0005305103010579017,0.001042754107654499,0.0013130255359582628,0.9896329177628214,0.002368312916573376,0.0008544020420060467,0.0009911237984281814,0.0011407763861163408,0.0009719536300735389
Q8R3H7,7,356,M,test,7,0.0017807439325401293,0.002415047012269789,0.0023316179723972745,0.0017877136013995831,0.0033398885073822352,0.0037514723140248058,0.002368335597505585,0.9742994248357287,0.005648150073905481,0.002277606152846347
Q8R400,0,80,M,test,4,0.04414690950366722,0.010516575301696404,0.16709753485762047,0.01268541058587297,0.5697172064799085,0.11218397316063018,0.016544894477992792,0.03910722097066482,0.01680543943605032,0.011194835225896258
Q8R4E4,1,245,S,test,1,0.03565210251329658,0.9339595823031445,0.0014151643848027285,0.018496067096258492,0.0013088130467371819,0.002483690725838557,0.0019494711528604686,0.0017889353487491664,0.0017070141162246013,0.0012391593120877579
Q8R4V5,0,546,U,test,2,0.0007114409722446821,0.0009081713383643851,0.9939875468781616,0.0005164507823321994,0.0007543724394265318,0.0009425061744294257,0.0005497589516878828,0.00043151075952367737,0.000697680448559519,0.0005005612552701536
Q8R507,7,461,M,test,5,0.0028842359950207877,0.002160192747632557,0.0016823598786683308,0.001636981185221747,0.003754412837976593,0.9760158276729043,0.002135026082806281,0.001305115088665247,0.0025652924651326935,0.0058605560459714726
Q8R5K4,0,1152,U,test,0,0.9850680028496345,0.005354122613747981,0.0007505291568558983,0.0032002166183620635,0.0012229970636449313,0.0008242950255153273,0.0012374133547254757,0.0007105866533088113,0.0007050568674286369,0.00092677979677643
Q8RVC7,6,411,M,test,6,0.008371662044822047,0.010624192520275244,0.0044115556917434864,0.022712133664942125,0.006343994765255208,0.034971724092237456,0.8879495332762016,0.005177817695601214,0.0053840786529875655,0.01405330759593403
Q8RWV0,6,741,M,test,6,0.001516521799943365,0.0015738562254296008,0.0009677327361204777,0.0010463685446336997,0.0006808850543965325,0.001370063302896583,0.9891917594517884,0.0009868195506386455,0.0009791400980679295,0.0016868532360848172
Q8RWV3,0,416,U,test,0,0.9947475228857543,0.0010803592842672312,0.0003931954228200845,0.0009580804059742648,0.0005374343940480974,0.0004724351464543398,0.0005208992845575803,0.00036364633098985116,0.00039938735045338036,0.0005270394946808792
Q8RX88,5,424,M,test,5,0.0015570280543984378,0.0019837050827855606,0.0017781818778927147,0.005587941609814304,0.007101862237448528,0.965326545531364,0.0025273059276525217,0.0030485128898134484,0.00553904391814313,0.005549872870687371
Q8RXL8,7,357,M,test,7,0.004274425162494197,0.003461534676249439,0.003201396486557128,0.008287588261761895,0.005785668823368415,0.007724881290887055,0.004191750259291268,0.930258109559546,0.028983075617086837,0.003831569862757719
Q8RXN0,4,703,M,test,4,0.00289003528429786,0.0015960290368549305,0.003596707023159932,0.0042545432328881475,0.873236300695916,0.08250271549128893,0.00289003528429786,0.00896737447338119,0.015501800962437156,0.004564458515478022
Q8S1D9,6,435,U,test,6,0.0030460670911146605,0.003393159360878185,0.002276947175728452,0.004510596700831538,0.0008986587900734806,0.0017941913632050764,0.9778298390131261,0.0012574498097370358,0.001058878805328892,0.003934211889976483
Q8S4F6,6,510,M,test,6,0.00150174790460536,0.0015799780772779368,0.000963936655072059,0.0010341531454444565,0.0006808686393449363,0.001388889874619555,0.989167907194813,0.0010301213332053682,0.000963936655072059,0.0016884605205453411
Q8S8P5,0,519,U,test,0,0.9948793671100015,0.0012182572417121565,0.00035526955693174233,0.0008423182898646789,0.00048181694104727514,0.0004651723730617306,0.0005069160844872179,0.0003811485666142833,0.0003841379374622544,0.00048559589881723794
Q8SPJ0,2,213,S,test,2,0.0006153866021464683,0.0010695412382739368,0.9934802358378448,0.0005872060025399519,0.0006499777862678957,0.0010047410921242748,0.0006627974418984878,0.000508184443826825,0.000818445605043409,0.0006034839500338765
Q8SRA2,4,559,M,test,8,0.011860195157982522,0.0036455249614037993,0.005101006776270933,0.03411811478187931,0.08232607422210825,0.04372304906953361,0.004431831504942793,0.0435525872416527,0.7629941451404769,0.00824747114374921
Q8SUF9,4,553,M,test,5,0.002905863781817109,0.002645819175090036,0.002544459373786995,0.004211523411377992,0.00566722447374865,0.905890292381789,0.0026665704405486,0.007511518977374174,0.06360348777563583,0.002353240208831659
Q8SUG7,4,536,M,test,8,0.006166745261525633,0.0041401569777520094,0.004765291452297872,0.022979463578652076,0.01895785046593621,0.062281920651863394,0.004654904110746229,0.08714808180353609,0.7828344467564533,0.006071138941237123
Q8T0W3,2,63,S,test,2,0.0007605900304682811,0.0008353447861757991,0.9943810708481621,0.0004419186472862363,0.000571885170537678,0.0007201121926357646,0.000613543226832976,0.00044887786750139025,0.0006480307982203471,0.0005786264321794504
Q8T0W5,2,85,S,test,2,0.0006713955212743406,0.0008051262162679362,0.9946435022676225,0.000459643952214412,0.0006185185797022036,0.0006609865370097696,0.0005653717292245176,0.00042510117113537274,0.0006233696640449612,0.0005269843615038858
Q8T0W8,2,65,S,test,2,0.0006925441220135294,0.000880602529676147,0.9944083206169444,0.0004419307591221269,0.0005309919684403415,0.000695254619819571,0.0005741392098975764,0.0004453968505376738,0.0007314723559979837,0.0005993469675506109
Q8T6B9,0,637,U,test,0,0.9950808468829448,0.0009362001609077531,0.0003872292070756425,0.0007611253088907053,0.0005210738258830806,0.0004781642143138827,0.0005190423784800122,0.0003812257561306178,0.00040581273075822414,0.0005292795346152511
Q8TAD4,7,765,M,test,4,0.019917418667108014,0.0027193251977031194,0.003464510200585348,0.027223885041230952,0.5872107546027586,0.04122866969498407,0.004448518924070291,0.03783355164564297,0.2688446525097345,0.00710871351618218
Q8TAT5,0,605,U,test,0,0.9941476189084638,0.0011282138034726219,0.00043837665605255286,0.0013300100011645576,0.0005455685751551227,0.0004967458479085559,0.000578490597978775,0.000357792566834079,0.0004054321359661524,0.0005717509070037995
Q8TBE7,4,412,M,test,7,0.00839913666319497,0.0028800754369160742,0.003238155747950069,0.0070727822484402065,0.02095110648736497,0.012413118921185797,0.0038304134293762147,0.9263516829058548,0.010540023127029311,0.004323505032687603
Q8TBK2,0,473,U,test,0,0.9916983612529208,0.00208826381519802,0.000420544053905348,0.0021066988794730943,0.0006118879977064608,0.0006564599891468221,0.0007294789369298322,0.0005233755679319816,0.0004955220386785634,0.0006694074681090668
Q8TCB6,4,317,M,test,4,0.0013078513258097794,0.0006449092385476073,0.0011318510436618965,0.0015652930848053849,0.9895911235612407,0.001662994637950287,0.0009059221537472915,0.0009383374743504595,0.0011632270665400707,0.001088490413346596
Q8TD26,0,2715,S,test,0,0.9948511364091226,0.0013125579510809599,0.0003337353690341546,0.00077747501916384,0.0004526123028364074,0.00048748262367261634,0.000514884289805216,0.00041534039191664176,0.0003932363800721913,0.0004615392632953279
Q8TDI0,0,1954,U,test,0,0.9951450119796892,0.0008761063589667256,0.00038424051125357837,0.0007435418310588705,0.0005482533612075369,0.0004933745904482484,0.0005050746226036889,0.00037533959850465467,0.00042200567486874133,0.0005070514713988088
Q8TDR4,0,215,U,test,0,0.9803527024113575,0.009611038864135231,0.0005507564899945296,0.004947339362846415,0.0007527948618348878,0.0009151657628049474,0.0009080438812829209,0.0006489497232453535,0.0006591691834706089,0.0006540394590276189
Q8TDS7,4,321,M,test,4,0.0014146050949720508,0.0006760888581919324,0.0009386563890023465,0.0015597206620776337,0.9899274742993517,0.0015176497868308347,0.0008414061544400107,0.001007031252855723,0.0011103362494220821,0.001007031252855723
Q8TDY4,1,903,S,test,1,0.06999818537395763,0.42795419962994236,0.022948094121673705,0.048747450751413915,0.3385396385372659,0.026003597520063974,0.00753797542994625,0.031122231747664736,0.007899730897339339,0.019248895990732193
Q8TEP8,1,1941,S,test,1,0.002734625603045495,0.9881417006704865,0.001451196913201781,0.0021280395830757214,0.0012172659013323062,0.0009296716146220288,0.0007411987507164378,0.000989630281106357,0.0009369631140118758,0.0007297075684014992
Q8TG42,2,273,S,test,2,0.004019721089214074,0.008526386941532347,0.8816873917122225,0.004554940954106933,0.010026936547535897,0.06487501638079862,0.00842705115235746,0.005061593432634104,0.00938271190327292,0.003438249886325104
Q8TGH6,7,599,M,test,8,0.005581018447360732,0.011362389523805059,0.02138378631510844,0.021300418044528518,0.00871184643986262,0.30710315332529975,0.015805955784882024,0.011907682609930753,0.5919568466996411,0.0048869028095810335
Q8VBV9,4,320,M,test,4,0.0012875318442546542,0.0006348895454162514,0.0011677407182119175,0.0015744389008446218,0.9895579809038847,0.0016435651505874946,0.0009201575325822562,0.0009568124660367014,0.0011768993438535944,0.001079983594327766
Q8VC69,4,545,M,test,4,0.002467156072848402,0.0008312502102915588,0.0009058450785367451,0.002333576700645613,0.9856492286749441,0.0030839482342743837,0.0009718298690538814,0.0014250944074548336,0.00103450759111429,0.0012975631608362168
Q8VDW4,0,151,U,test,0,0.9942621000947474,0.001066209854271015,0.00044533136469979617,0.0012081741313845742,0.0005876681416950198,0.0005125732831384142,0.0005785571886553237,0.00032836675110306887,0.000402323358986036,0.0006086958313193566
Q8VE43,2,311,S,test,8,0.012990924541830016,0.03914999965499155,0.32473224431717046,0.024034380935164523,0.009504362949639897,0.14186501516202932,0.01912448929541231,0.00957890693990412,0.41050002017105003,0.008519656032807806
Q8VEN2,4,237,M,test,4,0.001190536818526893,0.0006249229377619961,0.0008214457072768934,0.0015436811286565386,0.9893622639113803,0.001953302577107445,0.000902181641189261,0.0009417921228686211,0.0015926828910865047,0.0010671902641455969
Q8VYE2,3,376,M,test,3,0.0037139748764029906,0.0038808257355816317,0.002095594022547871,0.9768844021690181,0.003599707885558931,0.0021202964219475757,0.0023932435463808683,0.0013905241764937775,0.0020792858661503296,0.0018421452999179287
Q8VYF7,3,238,U,test,1,0.02307032875138214,0.9251478044688451,0.003259311777955325,0.03215533608373567,0.0015761001824352839,0.0025186008730828835,0.004136281699558412,0.00236600645781727,0.003110057085560087,0.002660172619627824
Q8VYI3,9,309,U,test,1,0.0031101717485287773,0.9877406174570778,0.0009815302134994126,0.002098291248119132,0.0006538401423452263,0.0010530283075664533,0.0011035641947798075,0.0009439285331806739,0.001044833484464381,0.0012701946704384074
Q8VYN6,6,537,U,test,1,0.006187111896309857,0.9774708016061852,0.002441910908994377,0.0035529594678864935,0.0007683813817345385,0.001458131660452841,0.0025691165401609197,0.0013276439319634776,0.0013070606543573126,0.0029168819519550014
Q8VZ20,0,314,U,test,0,0.9951570286593078,0.0008134470083576085,0.0004026854928777464,0.00070123514319476,0.0005590734548775137,0.0004972502198344778,0.0005150425570631252,0.0003933572778634501,0.00042532064969970097,0.0005355595369238128
Q8VZJ2,2,344,S,test,2,0.0007691888444026928,0.0009685550265280356,0.9939071328950374,0.0005497144769878486,0.0004557293337332608,0.0007752217190846931,0.0007113833996307071,0.00041171712524986764,0.0008284490150059138,0.0006229081643395404
Q8VZL6,0,441,U,test,0,0.9951529369943977,0.0008778261605827798,0.0003637945433844767,0.0006587468206718658,0.0005313896091914445,0.000505078637712652,0.0005090400769130665,0.00043540502061008475,0.0004527495957359576,0.00051303254080005
Q8W2F3,0,430,U,test,0,0.9949197195174309,0.00117177707543211,0.00036370928930189097,0.0007699725217672431,0.0004990773784035414,0.0004743662995165199,0.0005149197613058849,0.00039326347957887675,0.0003902030655470291,0.0005029916117159968
Q8W487,3,250,S,test,1,0.06802171572372437,0.7032865814792305,0.010847010558229108,0.16704520498092565,0.003439932970057043,0.005454218897745327,0.018541701252248834,0.00541177387540964,0.007998083895253022,0.009953776367176457
Q8W4D0,0,631,U,test,0,0.9936412337264816,0.001899537825579589,0.00031806525000660274,0.001227632031340357,0.0004381533634675074,0.0005264533775590611,0.0005582218900545039,0.0004700699562221546,0.0004280035501820721,0.000492629029106525
Q8W4D8,0,314,U,test,0,0.9949317285227357,0.0009434014517331365,0.00040575191363034064,0.0008358073876305838,0.000545998902949129,0.0004990834132016075,0.0005271370602244883,0.00037820237404014414,0.00040575191363034064,0.0005271370602244883
Q8W4F1,6,284,S,test,6,0.0023520190040305236,0.0024709197894695486,0.0012831487314218883,0.0011061433143439551,0.0007998434939933562,0.001985439739270488,0.9861892766786062,0.0010110969589658687,0.0009278347441919488,0.0018742775457062108
Q8W4P8,5,611,M,test,5,0.005725266172185684,0.0024624062742520736,0.0017875153112653283,0.005172346922734939,0.010004095196652723,0.9405375494205194,0.0026008194407538734,0.016827492707469503,0.012026067366455314,0.0028564411877111486
Q8WN93,4,462,M,test,4,0.0012976367937504337,0.0006250497659457204,0.0011318188960377704,0.0014279615250863413,0.9895630945189915,0.001946082195961873,0.000979507619388192,0.000979507619388192,0.0010426805055596961,0.0010066605598903083
Q8WNR4,1,122,S,test,0,0.9950063164656635,0.0008117368803674293,0.0004057823219344702,0.000847376447790284,0.0005210347910831085,0.0005292399190102726,0.0005169801029289238,0.00039023703207120093,0.0004252562221365383,0.0005460398170142746
Q8WQL7,0,882,U,test,0,0.9943378869623604,0.0016418555445751508,0.00033617936324771374,0.0008979072223311926,0.0004453653129183308,0.0004910525309830676,0.0005247686170568845,0.00042830363039794705,0.0004151261156387647,0.0004815547004906036
Q8WSR7,2,254,S,test,2,0.0005972229569003395,0.0009414003830572285,0.9947623875401793,0.0005108317845562439,0.000512831159554204,0.0006432343678478921,0.000533260070018382,0.00042184341541685644,0.0005374424069817121,0.0005395459154878193
Q8WTC1,3,280,U,test,1,0.011856439703853893,0.9642095551209061,0.002219073799534684,0.00948977503431523,0.0011028206674458408,0.0020603401212923897,0.0036945380259039012,0.001269338804935069,0.0017080820480831161,0.0023900366737297793
Q8WUQ7,0,758,U,test,0,0.9948994312322512,0.0009925135930382773,0.0003994483373162622,0.0008390514081206129,0.0005438525652860231,0.000491329866779954,0.0005396202276334328,0.0003752469864911684,0.00040258124856043943,0.0005169245345225715
Q8WUU5,0,269,U,test,0,0.9929986607540394,0.002040570260994098,0.00035183843980672537,0.001540115197344047,0.0004809061359516548,0.0006126902673822752,0.0005800835561046736,0.0004482538189689375,0.000414567006269349,0.0005323145631387949
Q8WV22,0,266,U,test,0,0.9943143345601955,0.0013096097296824013,0.0003084882298113796,0.0008753750140655805,0.0005520921418711846,0.0005651846174870508,0.0005351060390834071,0.0005651846174870508,0.00047779590651547503,0.0004968291438009883
Q8WVX9,9,515,M,test,9,0.00742394401627646,0.014157128856523694,0.013338411543638906,0.00580440242589662,0.011611269131384197,0.07645801636360532,0.007841247320130288,0.005203032989685741,0.010068361886537846,0.848094185466321
Q8WW12,0,178,U,test,0,0.9949112514572441,0.0010391423852589674,0.00036370617365641834,0.0007775219957247346,0.0004971274191934318,0.0004913356973485779,0.0005481245600221747,0.0004186232521332234,0.00042190654333875647,0.0005312605160795534
Q8WW38,0,1151,U,test,0,0.9950093894921698,0.0010838142704462641,0.0003498073086278839,0.0008523586739983183,0.0004781298763781917,0.00047071718921295325,0.0004991223521790926,0.00037528846805211404,0.0003994924641265254,0.000481879904808886
Q8WWF5,5,429,M,test,0,0.5018493105346106,0.015758224359989238,0.01871335569180623,0.10195687755052707,0.18752737972045846,0.030732818978262584,0.01945880865726351,0.06634459866993646,0.03678237025082608,0.02087625558631979
Q8WWL7,0,1395,U,test,1,0.0029328644193828022,0.9861916493253841,0.0009134521357877698,0.003906339022945498,0.0006735374115642946,0.0012291841534109703,0.0011502099670793041,0.0009424482279266745,0.0009498399034063708,0.00111047543311226
Q8WWQ2,2,592,S,test,2,0.0005717076428895429,0.001092352268511312,0.9940723287299514,0.0005185163208129346,0.0004487384937451707,0.0008269699930902213,0.0005921642586489346,0.0004248570558016032,0.0008532207737545963,0.0005991444627942858
Q8WWZ8,0,545,U,test,2,0.0007031439013065729,0.0009028547140043378,0.9939755257970516,0.000516444540505962,0.0007543633345798294,0.0009480334133145247,0.0005454741615827873,0.0004315055485265004,0.0007142168049048797,0.0005084377842229951
Q8WXF8,0,326,U,test,0,0.9935018819013888,0.002177525427563375,0.000323028733758957,0.0010488773047377742,0.00046634643704857726,0.0005581436291950012,0.0005473481436350117,0.0004964231842698168,0.0004213088633853874,0.0004591163750172795
Q8WYH8,0,240,U,test,0,0.9951110978327141,0.0008881363762012221,0.00039333913224370723,0.0007234613655393862,0.0005790512366195549,0.0004876099944602442,0.0005170345214917364,0.0003842274209653718,0.0004090079659546797,0.0005070341538099312
Q8WYQ3,3,142,S,test,3,0.005083455827916274,0.0063202877406737055,0.004530158419166434,0.9574491299711323,0.0037629757714369183,0.0033599591518891176,0.011727409865765393,0.0016184357940175163,0.002626980493831515,0.003521206964170809
Q8WZK2,5,935,M,test,5,0.0018931494523242518,0.0010956708062947282,0.0010373602307645789,0.0011754832930466748,0.005478009907761829,0.9806756961177591,0.0008873012794478103,0.0019840035837630082,0.004541429495781332,0.0012318958330567367
Q8X150,2,618,S,test,2,0.002374574728782067,0.005597053369573917,0.973057692193518,0.0027815863948058486,0.0007953829129061942,0.0066987952730752955,0.002669806045732193,0.0010786992394822262,0.003743033882146563,0.0012033759599777004
Q8X151,2,618,S,test,2,0.001207088748107247,0.0025256354029503715,0.9875653520750832,0.001310282330036374,0.0005769095343716446,0.002609627439117765,0.001274939797734903,0.0007179754703007281,0.0014112296780290838,0.0008009595242686676
Q8X168,2,350,S,test,2,0.0009840861367774686,0.001744074071594277,0.9903126425285987,0.0008450279840861495,0.0005308746774754354,0.001981125805721699,0.0011595368230707048,0.00047216969344741964,0.0012391515111795021,0.0007313107680485936
Q8X1T0,1,201,S,test,1,0.0025206062285103516,0.9875257584795823,0.001116329850105963,0.0025280016277785316,0.0007642502996789365,0.0012356643950203118,0.001183694037495842,0.0009437231916205365,0.000951124877315699,0.001230847012891474
Q90738,1,729,S,test,1,0.031058051010257156,0.4004138749135217,0.32937148550812745,0.03838904613841279,0.11562025665475319,0.028667955021697566,0.008915676826678631,0.023489680381851723,0.00792976663189701,0.01614420691280279
Q90812,4,420,M,test,4,0.0014387605848310875,0.0006862917974739501,0.0011139615957658426,0.0015987959169473614,0.9892876402169843,0.0017253375123763598,0.0010182432858881825,0.0009907780003811405,0.0011139615957658426,0.0010262294935858346
Q90941,0,1633,U,test,0,0.9951271219271461,0.0009235305908366251,0.000387247213559847,0.0007552372971531139,0.0005210980474902036,0.0004857168146565075,0.0004952967471429726,0.00037827665702701475,0.0004154556042212013,0.0005110191007664193
Q90WV8,2,265,S,test,2,0.0008551304631767691,0.0009428529677534159,0.9943532761910258,0.0005877219970494477,0.0005900223058348018,0.0006379661565629024,0.0005900223058348018,0.00038694608813468346,0.0005146266134852051,0.0005414349111422568
Q90WZ1,2,208,S,test,2,0.0010850942370350546,0.0013716877899265906,0.9923008171771147,0.0006803621887777171,0.000480568157326182,0.0008533654180711455,0.0009822175567479245,0.0004843373069039663,0.001005510282391228,0.0007560398857055046
Q90X64,4,521,M,test,4,0.0019935384172736115,0.0005282351237144398,0.0008574102263427612,0.001894831608604394,0.9853887313536422,0.0031732456959550973,0.0009056057056375021,0.0017730898157986845,0.0025212998470266353,0.0009640122060046696
Q90YK5,2,523,S,test,8,0.015459723645583283,0.06807840225509416,0.06676164617636444,0.06222869780362311,0.009826797573175899,0.025588534244296995,0.0496615160080091,0.011048565263598835,0.6625199067416738,0.0288262102885803
Q90ZD5,2,456,S,test,2,0.0007231078983308079,0.0008756484459753405,0.9946249224572918,0.0005127603186812907,0.0006065440014730901,0.0006356526122199776,0.0005167819451847705,0.0004024701614973084,0.0005833076138547873,0.0005188045454907861
Q91620,2,405,S,test,2,0.0008209684249502879,0.0008322697342722761,0.9945981117761151,0.0005208210627481441,0.000576496403892771,0.0006661402835122208,0.0005436878277787867,0.0003579547046199345,0.0005787527076359053,0.0005047970744745992
Q91821,4,651,M,test,1,0.003208572242624291,0.9858332048944053,0.0012927457076095691,0.0022732750942144916,0.0021355441384654354,0.0015472139802148995,0.000824935316120846,0.001050994760113682,0.000927499709012797,0.0009060141572187238
Q91826,2,64,S,test,2,0.0007201293143161232,0.0008875059145555664,0.9944047069742529,0.00045595747436673047,0.0005351546749463449,0.0006791466376667149,0.000653128918310126,0.000441929136577127,0.0006135578356929398,0.0006087831193155062
Q91876,0,720,U,test,1,0.008145855465948213,0.9714204179606063,0.0008128748580314946,0.01041870953707814,0.001102421764180491,0.002593421650267902,0.001382746654189194,0.0014491059617112668,0.0015546638291374832,0.001119782318849498
Q91V79,5,292,M,test,5,0.0011539260951848045,0.001088255988046007,0.0011316071854833036,0.0009491937718757097,0.0029201557235468746,0.9855207682171048,0.0011952154611314571,0.001364978896513536,0.0034282070215877003,0.0012476916395258509
Q91V88,2,561,S,test,2,0.0007725974994354469,0.0008518533996151107,0.994419513049122,0.0005608456546795529,0.0006480558645370177,0.0006898518753683504,0.0005330762349074506,0.000415160203413935,0.000592371040179548,0.0005166751787415528
Q91VN0,5,1614,M,test,4,0.001493829221884971,0.0007251958786360582,0.0014996759482776045,0.0018446329218582997,0.9743899177259618,0.010050203108895903,0.0013234593657050961,0.002785394749251373,0.00430989288752487,0.0015777981920040373
Q91WC0,0,594,U,test,0,0.977924096744112,0.010529512123324382,0.0004245372755001055,0.004764598561721219,0.0008509150773283399,0.0013386773134790291,0.0010184119953759528,0.0014474552134393077,0.0009567095434825385,0.0007450861522371945
Q91WW2,4,313,M,test,4,0.00141684276097862,0.0007307540313489394,0.0008849075415859089,0.0017123798348797294,0.9895587491051354,0.00155003074376017,0.0008918479324021475,0.001010596107146229,0.0011723120152968692,0.0010715799274660038
Q91WW5,4,304,M,test,4,0.001282871166761392,0.0006707646785828802,0.0008218381279405391,0.0016472391469389417,0.9898348821131413,0.0015504632026974484,0.0008782661499411994,0.001006937041381637,0.0012051458921579648,0.0011015924804566874
Q91XJ0,0,401,U,test,0,0.99420718806226,0.0017271572978447309,0.0003662993717806199,0.0009783552249000218,0.00048149140505617915,0.00046667749293378746,0.0005145509793412368,0.00039606401317128357,0.0003991703822945313,0.0004630457704175839
Q91XT6,0,489,U,test,4,0.02510411838440298,0.0030813740834519507,0.007234717288220076,0.005734321592164578,0.9383524709126642,0.006188181656852819,0.002940267760599853,0.004589693006858887,0.0036449565278720317,0.003129898786912658
Q91YJ3,0,226,U,test,0,0.9924765152954723,0.0014168633344042772,0.0005489232170072613,0.002069592708571483,0.0006367620796608947,0.000553228547130766,0.0007300513336722594,0.00037433313107027456,0.00045507336495061195,0.0007386569880598674
Q91YR1,1,350,S,test,0,0.9369883392836401,0.033600667248325916,0.0011770170516433496,0.019752812592506455,0.0012726588788070689,0.001895619764084297,0.0016859990658708397,0.0012627549612406355,0.001214379619661854,0.0011497515342194977
Q91ZD4,4,521,M,test,4,0.0015716321641470635,0.0005549369000332335,0.0008937417622874541,0.001550291139401527,0.9877938988703987,0.0026000552828327438,0.0009185171555675483,0.001485088079419815,0.0016729937079925472,0.0009588449379193932
Q91ZU1,1,418,S,test,1,0.0021765470349771137,0.9882184158447455,0.0008598724349085398,0.0025533536025405534,0.000982005079104785,0.001417689855637141,0.001005292682007215,0.0008734133985166313,0.0008598724349085398,0.0010535376326539787
Q920N1,1,254,S,test,1,0.011945101570866258,0.9676326625374436,0.0026549212942091594,0.010500418143904722,0.0011689460506092446,0.0015245931166802784,0.0012738451043548514,0.0009615487181202156,0.0011598492408409946,0.0011781142229706008
Q920S2,4,322,M,test,5,0.013227690908066556,0.01793941039343439,0.25351866423909153,0.014302545038431943,0.21182277740844738,0.3926574024658278,0.023397401344776334,0.028277828959016447,0.029867341183525936,0.014988938059381712
Q922B9,1,1252,S,test,1,0.0022301753251701656,0.9891111662367689,0.001046283310751279,0.002097102860026404,0.0009638813610069504,0.0008673993301471986,0.0009090267633618276,0.001046283310751279,0.0008407123453120305,0.0008879691567040215
Q923Z3,3,669,U,test,3,0.00908889670823663,0.010543303987368958,0.0023617366121896823,0.9677968750861582,0.0017827323477189996,0.0010645180660404173,0.002465429364157869,0.0010562339521384733,0.001935137808189372,0.0019051360678013494
Q92484,2,453,S,test,2,0.0015355424319561553,0.0038603532750988803,0.9669977465929604,0.0015719567955260268,0.001431282848363614,0.004819853250949511,0.002131889350085534,0.0011773412163843101,0.01491431059804755,0.0015597236406279644
Q924M5,1,281,S,test,1,0.14913474692256012,0.793715612098169,0.001462065650667407,0.03487343149083514,0.0030951928971304746,0.005626606445132656,0.0027529213924273126,0.0035625449748379443,0.0037627977109743146,0.0020140804172656453
Q924N4,4,1150,M,test,4,0.0026795485628807103,0.0009723654423354092,0.0011061468619774635,0.0026625936004494428,0.9861924098922883,0.0017402133529179505,0.0009647984454661518,0.0011820958782315083,0.001308460767826667,0.0011913671956263953
Q924W5,0,1097,U,test,0,0.9947462426318963,0.000961829011321669,0.0004185538207668116,0.0009524818513057294,0.0005765822224716904,0.00046693052377165957,0.0005311724510022632,0.00039938682546476414,0.00042183655793960666,0.0005249841040595942
Q92506,3,261,S,test,1,0.00361493501298087,0.9810167370701782,0.0017583410535049792,0.004514262737146536,0.0016518085730795656,0.0018141567311660677,0.0018355415281999293,0.0008738487165049804,0.0012814144681248425,0.0016389541091140472
Q92521,5,554,M,test,5,0.0011017854052789982,0.0010720666673158102,0.0011456756140459828,0.0009723221882348232,0.0031633115867572485,0.9861485355518843,0.0010229731590133996,0.0012881176850582045,0.0026482131052596295,0.0014369990371515748
Q92585,0,1016,U,test,0,0.9945650683384005,0.0014923504496721276,0.00032337439627598097,0.0009194104888817911,0.0004489609245140554,0.0004816647260912896,0.0005067559256014553,0.00040244595759209804,0.00039312330165869807,0.0004668454913119778
Q925D4,0,263,M,test,4,0.002398566260796683,0.0009767092662918701,0.0028483680405863325,0.0019576527905243077,0.9752400779723442,0.009523642854770762,0.0018247330402406498,0.002004077123804172,0.0017074951317622828,0.001518677518878692
Q925J9,0,1575,U,test,0,0.9824305734360403,0.008174072423185377,0.0004504670505532301,0.004426839941205753,0.0007369148767549163,0.0009279160277497237,0.0008682979408548816,0.000714242412216731,0.0006254115902181855,0.0006452643012208432
Q92643,5,395,M,test,5,0.0010341478251897822,0.0010880193656835834,0.0011225568819741283,0.0010261000338316786,0.0028153979779958088,0.9853065210030665,0.001546387358618928,0.0012377129415572753,0.0034041116691780155,0.0014190449429043435
Q92754,0,450,U,test,0,0.987508942581838,0.004887064744918312,0.00041227511671601097,0.003313218042617037,0.0005723872869850127,0.0007642372675247318,0.0007407241695608073,0.0006335749392983707,0.0005723872869850127,0.0005951885635567896
Q92791,0,437,U,test,1,0.00435144390932375,0.9847449281417999,0.0005237819076154939,0.0038816093836361656,0.0008979711219692305,0.001468982723832737,0.0008771696838195691,0.0011803608632053638,0.0013116540581102406,0.000762098206687549
Q92833,0,1246,U,test,0,0.9939533556108462,0.0017815282390328615,0.0002988884721034788,0.0010879633062810675,0.00044868479176825917,0.0005391071104514651,0.0005391071104514651,0.00047021761145098147,0.0004182202096340396,0.0004629275379802171
Q93373,4,773,M,test,4,0.0010941707263094741,0.0005632308277491272,0.0011556745639147597,0.0013511205010519746,0.9870140664520182,0.004065337611662998,0.0009395568185505213,0.0014495407973220166,0.0012942941141505181,0.0010730075872704466
Q93833,1,412,S,test,0,0.965365913139779,0.015603686147010023,0.0006490923474214223,0.010893129369538141,0.0010870251198447764,0.0018347022657705042,0.0013422967870745863,0.0012511582615445732,0.0009518309635121685,0.0010211655985047283
Q93V61,5,447,M,test,5,0.06366959864393475,0.058597932627827934,0.026309186200660674,0.1555958516061924,0.0708207850035908,0.3255588363772804,0.027357225830000255,0.033913883806558194,0.06594779989201129,0.17222890001194327
Q93VJ2,5,881,M,test,9,0.017590940350857766,0.047537771074159144,0.00886257289959613,0.06523074340304451,0.009287895820745976,0.05241436988758757,0.024886061004409855,0.004932764550721681,0.008006667878612279,0.7612502131302651
Q93VQ0,8,858,M,test,1,0.0029986428276299604,0.9854936505655666,0.000496283809107813,0.0034064210160488118,0.0011096894635126767,0.0016723610301113683,0.000871005168717538,0.0013126513096926027,0.0018766171818270104,0.0007626776277856476
Q93VY3,0,297,U,test,0,0.994857553639069,0.0008243966358394068,0.000459742882819361,0.0009396534372406115,0.0006611287642941903,0.0004836921310897835,0.0005270977825319518,0.0003234695093878356,0.0003665389825233389,0.0005567262352045388
Q93WX6,6,463,S,test,6,0.002411468241107204,0.0030418299816677395,0.0017488296533586549,0.001783322233416397,0.0008897324640284953,0.0019433541889479764,0.9833626966357646,0.0011513992469400348,0.0009771798722364412,0.0026901874825324516
Q93YP7,3,407,M,test,3,0.00882579001170276,0.009035087062246094,0.010358778612714843,0.5789822853827106,0.00576552880189911,0.018609082061994353,0.3403661202727041,0.0038107816985674006,0.005249573774583637,0.018996972320877176
Q93ZM9,0,197,U,test,0,0.9943342485518527,0.0010652464412378496,0.0004523771475206756,0.001280235627896189,0.0005564334142240214,0.0004891362759405246,0.0005629924864688893,0.00032329935665109037,0.0003839274684151943,0.0005521032297928669
Q93ZS9,0,580,U,test,1,0.0022611818625151592,0.9882796980767107,0.0014288976617610224,0.0022967902868794884,0.0007891122138275673,0.0009593164985562767,0.001029196317155456,0.000944443682732436,0.0008941813033752126,0.0011171820964867008
Q941D3,6,239,U,test,6,0.0021280730999918398,0.002212846032992175,0.0012498084988461053,0.0010732019276495622,0.0007760237249361709,0.001725049919369671,0.987192800921327,0.0009545255374409993,0.0009251578536881407,0.0017625124837583378
Q941F1,6,515,U,test,6,0.002414273296090554,0.0038242383773664994,0.001349004780957872,0.0020610079803079144,0.0010629901509020968,0.0027706825240090683,0.981626496449848,0.0011404220548676869,0.0010967331314465372,0.0026541512542037813
Q944H2,6,391,M,test,6,0.011598716506173903,0.009710036231731115,0.005982179668707093,0.009634471511888976,0.011920243518315596,0.26244327462619627,0.6597823509850292,0.011219926194129409,0.007651324394603248,0.010057476363225109
Q944N1,0,399,U,test,0,0.9947000384959419,0.0013195874908382345,0.0003184041793056309,0.0008757145642899957,0.0004705708264948191,0.0005028805843637672,0.0005127990518234517,0.00040565742032273974,0.00040883902146895404,0.0004855083651504461
Q945K7,3,374,U,test,3,0.0020858990803905224,0.0027809636925316553,0.0013336696600446305,0.9857502441868091,0.0015592178100347763,0.0010591487310214883,0.001312993019858953,0.0008988878602582512,0.0014590389406011204,0.0017599370184494506
Q94637,2,1648,S,test,1,0.0031691293790038016,0.9764520554350807,0.006464641094395894,0.003748761966558994,0.002448913415570608,0.0017707898565882056,0.0013471457680778861,0.0017433362132384682,0.00115227490067562,0.0017029519708098143
Q946J8,0,445,U,test,0,0.9946072227710847,0.0014493249352202343,0.00031343850635367105,0.0008388049768696456,0.00046323207973484367,0.0005067774138680845,0.000510752124758548,0.0004420191376432939,0.00040880086317775157,0.00045962719128917135
Q948R1,6,447,U,test,1,0.0050698615632858764,0.9746735814123895,0.0040381010845385815,0.003913861269740018,0.0030421709096097424,0.0025617647432088675,0.001609385768225093,0.0017538092036449725,0.0012053742380035218,0.0021320898073538337
Q948T9,4,867,M,test,4,0.047257891165247395,0.10322072679054149,0.00990579165187321,0.02192337190388731,0.7747145610602394,0.015614465906137966,0.003166081491225491,0.009526306616658108,0.007535929404557289,0.0071348740096323264
Q948U0,4,963,M,test,1,0.004460200092347426,0.9669046395702805,0.0038001379016342454,0.0033145392368216548,0.009516299593297561,0.004442811365352291,0.00151159036821308,0.0027158360810913746,0.0016344189163396536,0.0016995268746222186
Q94981,1,503,S,test,1,0.009558492432003117,0.9674052439547518,0.0006978454931719381,0.008518119323115182,0.0018242700814055674,0.003329234786940667,0.00195715620643519,0.0022264283671044843,0.0031275268266630495,0.0013556825284089526
Q949Q5,6,140,M,test,6,0.002108476921133964,0.002006037021103405,0.0011418898887483014,0.001068524134617896,0.0008585832946205901,0.0020197973127825102,0.9867368798828702,0.0010938634439897157,0.001068524134617896,0.0018974239655155877
Q949S9,0,253,U,test,0,0.8833565418267184,0.07963701610142397,0.0010103445147445062,0.022638826474525846,0.0021896221027417223,0.003004571991430615,0.0020893517199751695,0.002386114641735063,0.002349121576482633,0.0013384890502220696
Q949W6,0,485,M,test,0,0.9865330560763066,0.005383072477198526,0.00042494174420583543,0.003628168991490752,0.0006182866119187352,0.000769470127888483,0.0008287519535958404,0.0006429163107766931,0.0005673716718938211,0.0006039640347247213
Q94A68,6,377,S,test,6,0.0023260724914533847,0.0027002680960383474,0.001657505865714788,0.0015940078314993465,0.0008700389252714657,0.001926499512695044,0.9844003801317611,0.0012317537605195153,0.0009261516884185785,0.0023673216966284146
Q94AI7,0,1131,U,test,1,0.003175152911650703,0.9869442733897917,0.00056760815171727,0.003389849259229713,0.0008722872944951275,0.0012157908219050655,0.0008654991186148502,0.0010645820213850974,0.0011646564510968183,0.0007403005801136574
Q94AP3,8,389,M,test,4,0.01007663230325161,0.0024216227621141648,0.0030137583288683692,0.033040004336703385,0.7147535979885389,0.020858430365645553,0.003930681686943392,0.01227401890860652,0.19237332734399812,0.007257925975329999
Q94AV5,0,459,M,test,5,0.03005358677804664,0.03720407224372494,0.017910801118847255,0.01090596797142281,0.03787090659748955,0.5296003340080079,0.011252161030229534,0.023314507434603553,0.013948944999791994,0.28793871781783587
Q94BP7,1,741,S,test,1,0.0020465305351819573,0.9891143787685779,0.0006346049724932031,0.002082822773641195,0.0008148489263617835,0.0011581337952539894,0.0008539543988705954,0.0013330039022349653,0.0011902384587821376,0.0007714834686022598
Q94CC0,5,480,M,test,5,0.0028635599392511776,0.0016637877952406573,0.0015208252364777375,0.0013213157964527828,0.005094886877244239,0.980441593337944,0.0012706970163482239,0.0018201894554866326,0.002204160956344627,0.0017989835892099288
Q94CG5,1,974,S,test,7,0.03333606560868936,0.14715746000571014,0.0035986748880746837,0.02932933336559652,0.05165712892274776,0.0077990595946582555,0.009334252187668979,0.6543816308241893,0.0539251489795216,0.009481245623143345
Q94F00,6,371,S,test,6,0.0016737630427941486,0.0018837011671613841,0.0010291634601540338,0.001082775386174131,0.000712880710346072,0.0016510353989957335,0.9882481552917031,0.0010743492463171976,0.0009407315414506177,0.0017034447549036157
Q94FB9,9,1337,M,test,3,0.004669376690275109,0.009268046438737252,0.002670943760661376,0.9621310319194988,0.004845909817177935,0.005088398278076,0.003737322320700215,0.0020882745923834004,0.0025786748384101416,0.002922021344079825
Q94ID1,3,329,U,test,1,0.018556308320995144,0.9517570898006728,0.001376091642731517,0.01798539080911291,0.0010067700814690875,0.0024627498775356194,0.002277671398722493,0.0013977620060170043,0.0015962942545595055,0.0015838718081839648
Q94ID2,6,330,U,test,1,0.0028310274242105394,0.986732997610577,0.0008518984218635376,0.0036182882113053403,0.0006430466363235692,0.0012989898796883542,0.001137433569542177,0.000885834190020141,0.0009728984820545141,0.0010275855744148559
Q94ID3,6,357,U,test,0,0.9715287074084317,0.008051851257678867,0.0012789741517876358,0.011578886041139729,0.001210908329289412,0.0011828577100142612,0.001988666938283192,0.0006184714922816677,0.0008193416354649055,0.0017413350356286872
Q94JX5,1,190,S,test,1,0.0029231292011922326,0.9874880971982818,0.0008659759883016992,0.002923485897719022,0.0008198896096042912,0.0011562296961121386,0.0010283719192167328,0.0008659759883016992,0.0009004725820536825,0.0010283719192167328
Q94KI8,8,733,M,test,4,0.0029741945536175766,0.0015429918788037735,0.002837996084700541,0.007134721245638067,0.88473285631959,0.013698919899491542,0.002772254260387168,0.005199523839565391,0.07492860764401245,0.0041779342741935024
Q95218,2,1594,S,test,2,0.0006895266650134599,0.0008975575837999767,0.993950716530897,0.0004927825026247208,0.0007692225564209193,0.0009610598130344969,0.0005412156998936791,0.0004486835932713374,0.0007226177199740677,0.0005266173350704416
Q95J56,5,699,M,test,1,0.0030151751314231676,0.9872444715097947,0.001138023151865686,0.0026151564680206144,0.0009734027408117844,0.0012209206436137794,0.0010121787653997207,0.0009215992590501572,0.0008932446181245382,0.0009658277118958745
Q95M12,8,433,U,test,1,0.0035100297863597963,0.9789532514191536,0.005394133789410198,0.0033492937530325145,0.0015066993795959222,0.0012887482418562123,0.0011109704022386148,0.0013826250925904615,0.0018751176714442454,0.0016291304643184922
Q95T19,3,464,U,test,3,0.002487185326247558,0.0027077353513650583,0.002152479583224125,0.9839946345837024,0.0013628651844532832,0.001265377465632205,0.0016633072154653478,0.001000995900983644,0.001580951162491783,0.0017844682264346302
Q95XZ6,8,311,M,test,8,0.002811963171558883,0.0036962558085069084,0.0043213609102954985,0.016404485139012277,0.008703851971031958,0.011435412668676434,0.0054627125446834535,0.007251066071318159,0.9331541548814374,0.00675873683347906
Q960V3,3,1122,U,test,7,0.008506158598017165,0.004977978356248851,0.001795875342832428,0.008306071409909929,0.008263594722100363,0.003953317320556922,0.004731501528856859,0.9449363765225259,0.01087290517902654,0.0036562210199250537
Q96285,4,661,M,test,4,0.001199642724396904,0.0005302628612906444,0.0007079937176732845,0.0019682423723016776,0.989171281653142,0.0017643210382771119,0.0008914987155510749,0.0011225663551744194,0.0015646290727042201,0.0010795614894886366
Q96288,0,248,U,test,0,0.9948128589705979,0.0010359999934189245,0.0004025462210180768,0.0009675460870797575,0.0005312080152151565,0.00047246617480336254,0.0005148644660153397,0.00036652251353301514,0.00038112309230317414,0.0005148644660153397
Q969D9,2,159,S,test,2,0.0006207530775713204,0.0010415981012210458,0.9943451312377894,0.0005288882279622006,0.0005046686590227654,0.0007695277936521842,0.0005674142513203808,0.00044190266493872153,0.0005969724526303381,0.0005831435338916498
Q969J2,0,545,U,test,0,0.9948233337348935,0.0010259428497645905,0.0004088896955223731,0.0009770513251211937,0.0005523747515781695,0.00048746898979124876,0.0005088714518823465,0.00032599529273943234,0.00038712902348704597,0.0005029428852200698
Q969V3,5,563,M,test,5,0.0010580199279301742,0.0013638416634091355,0.0017512073167988253,0.0010916050460084254,0.0019612591836396173,0.984699674972812,0.0016973283328559285,0.0013799181518842308,0.00378411965730372,0.001213025747357999
Q969X6,0,686,U,test,0,0.9947218675303375,0.0012443648936407896,0.0003310951902574378,0.0009655698447997306,0.00046328547050291367,0.0004669190840906581,0.0005108109825469464,0.0003962690630889202,0.00042182621595316625,0.0004779917247818726
Q96AG3,3,418,M,test,3,0.002881448054268163,0.0028257160718695583,0.0024075402885786433,0.971271028621588,0.0034824850988530876,0.002333468000350411,0.006791792597401108,0.0011283913266763798,0.0018896999339073084,0.004988430006507336
Q96AY2,0,570,U,test,0,0.9947404898846345,0.0009981865931777362,0.00039319262898950463,0.001000138063341789,0.0005290985327932165,0.0004893361203915972,0.0005290985327932165,0.0003781296786429517,0.0004152941956610797,0.0005270357695744101
Q96B02,0,151,U,test,0,0.9942639814449398,0.0010662118807898409,0.0004418665929063353,0.0012117211428106576,0.0005853781097277518,0.0005125742350345052,0.0005763027201697765,0.0003309427816951039,0.0004023241193140188,0.0006086969726122159
Q96BF6,0,587,U,test,0,0.9946477747811178,0.0013549382669189515,0.0003389216170655854,0.0009431321823553289,0.0004668843030531726,0.0004668843030531726,0.0004989409238360552,0.0003962395501413311,0.0003931559990159159,0.0004931280734426912
Q96BH3,2,223,S,test,2,0.0008177389184371266,0.0008436967387339305,0.9945629472207789,0.0005373346566865885,0.0005653259032136784,0.0005719898066308166,0.0005742284730536942,0.00037806218453566493,0.0005855541693762363,0.0005631219285533604
Q96BN2,0,335,U,test,0,0.9949326195065279,0.0009108120318906944,0.0004025946757229524,0.0009251552131262406,0.0005271375508785943,0.0004913462455553375,0.000508927344046355,0.000358075103345629,0.0003994616486627883,0.0005438706802435093
Q96BP3,0,646,U,test,0,0.9943167114894487,0.001559005372652008,0.0003283847991019778,0.0010673102671927995,0.0004350391605329394,0.00047038950693217493,0.00052681125340157,0.000402345440123754,0.0004086814586219943,0.0004853212519921679
Q96BY9,5,339,M,test,5,0.0027567529859949705,0.0023033534565513724,0.0030633902689695728,0.003312314884504503,0.008650422766942247,0.958736255592474,0.002911711337417335,0.003273725064972054,0.011493571993745741,0.003498501648428163
Q96BY9-2,5,167,M,test,2,0.0013162820489556553,0.0019415427890017646,0.9882194738181818,0.0009153304033640295,0.0006340307716719232,0.0014915428666740654,0.0015509591499093397,0.0008014900750092025,0.002124054302020445,0.0010052937752118094
Q96C03,3,454,M,test,3,0.00713163145134653,0.009202018936146961,0.0046000329762949975,0.9571442586320767,0.0019978649258720568,0.001951584593960131,0.009130408607735539,0.0014502944835348564,0.001982317425872053,0.005409587967160176
Q96C10,1,678,S,test,1,0.0029641568262776053,0.9870276580331168,0.0005948985286195368,0.003158411369480831,0.0009432471854957232,0.0013831805810981851,0.0009000527401747199,0.0009885145218139592,0.001187727425870501,0.0008521527880521807
Q96CJ1,0,260,U,test,0,0.9942833546270242,0.0012495993574069965,0.0004054875075451606,0.001213521085872224,0.0005226940724408607,0.0005007102035865919,0.0005371835887143076,0.00035229362296923,0.0003809202372414516,0.0005542356971989099
Q96CN5,1,670,S,test,1,0.0025090043970769503,0.9887568748601903,0.0009980129863176898,0.002129364330127029,0.0009748939557942039,0.00090870114844941,0.0008670886746612006,0.0010019190688247246,0.0010137294008468586,0.0008404111777116863
Q96DI7,0,357,U,test,0,0.9942426641835153,0.001555847486649962,0.0003283603372573951,0.0010193536803266023,0.00045588318603185005,0.0004987377587319685,0.0005607459102769276,0.0004630622856392338,0.00040865101916115124,0.000466694152409704
Q96DZ1,5,483,S,test,5,0.006533096740515931,0.004784385259898342,0.0023068094576648283,0.002826362095909921,0.0039010897558391182,0.9714930655914882,0.0018608281460768027,0.0015669743909672179,0.002465196897677856,0.0022621916639617833
Q96E29,3,417,U,test,3,0.0020455143426822793,0.002460142935076548,0.0017057562957324315,0.9857310813018213,0.0010185535299085703,0.000979533320569901,0.002216052335176812,0.0008378393816987183,0.0014031168135783128,0.0016024097437551108
Q96EG1,8,525,U,test,8,0.005025166861397226,0.01618978480671141,0.42494451631450847,0.015002376390767137,0.011062058368787032,0.02186032705268039,0.008220623752624884,0.005064579503854967,0.48152521232204887,0.011105354626619634
Q96EP1,0,664,U,test,1,0.002113319419901745,0.989003099459095,0.0011136411669893183,0.002100973109640266,0.0009160562560226603,0.0009525477437686017,0.0009827847602833486,0.0009751367394737788,0.0008673046053514413,0.0009751367394737788
Q96EX3,1,536,S,test,1,0.010748999960387239,0.9713811375499514,0.0005809119152951757,0.0077422141034595255,0.0014834105862922373,0.0023155712312372826,0.0009577618431192834,0.0019121917630747834,0.0020837885417698855,0.000794012505413227
Q96G97,5,398,M,test,5,0.009990574988583937,0.0022032275298081165,0.0020616713851250783,0.0016437078916684996,0.008663024923770132,0.9648325633090808,0.001568437002723321,0.0028289999438101646,0.004511908251153363,0.0016958847742765825
Q96GG9,0,259,U,test,1,0.040827766288972084,0.8329615043455446,0.01589497560203993,0.01945592287623839,0.01188155735962963,0.006212416605348233,0.008230114401672674,0.008557965095478846,0.04848417294295974,0.00749360448211583
Q96GM5,0,515,U,test,0,0.9950693718033845,0.0010312195967775814,0.00033642668427305274,0.0006769510714064986,0.0005011060210821523,0.0005050362605042467,0.0005149972209731997,0.0004252831804464256,0.0004286187122046001,0.0005109894489477637
Q96GX9,1,242,S,test,1,0.019550412697093435,0.9456785212498983,0.0022020805866707987,0.019550412697093435,0.0016364474059549533,0.002751259745515354,0.0031915172586468705,0.0011695162375601384,0.002084888099662238,0.0021849440219045444
Q96HY6,5,314,U,test,1,0.0036709992745969167,0.9865499001564328,0.0005499249264682799,0.0028258413304225903,0.0008996170858846152,0.0013610770845497355,0.0009354537356077681,0.001119591561744547,0.0012936855403219562,0.0007939093039707408
Q96HY7,3,919,U,test,3,0.0023820827142290875,0.0031227909126671683,0.0015652621906259625,0.985713561734168,0.0009871985106370013,0.0009273871218728597,0.0015349872269024667,0.0008443955836171871,0.0013813390502461038,0.0015409949550341084
Q96I25,0,401,U,test,0,0.9940675787524044,0.0015210232676212722,0.0003778738720396466,0.0011281229419585852,0.000477677312434768,0.0005124730091344944,0.0005829807657664843,0.00040539948988650834,0.00040224463457281276,0.0005246259541810856
Q96JC9,0,268,U,test,0,0.9948707021797983,0.0010071301809535514,0.0004153485723225611,0.0009196930635032967,0.0005230028434475705,0.0004818127386043669,0.0005189327303166005,0.0003552664696243452,0.00038714745087651474,0.0005209637705528417
Q96JK9,0,1138,U,test,0,0.9946722876615726,0.0013843972886251924,0.00033367536347461837,0.0008688754718681951,0.00045253094576465873,0.00047796789551095704,0.0005068105752563421,0.0004185226857246409,0.0004088276184088335,0.00047610449379397254
Q96JW4,4,573,M,test,4,0.005752610889632607,0.002174932244927452,0.0030195943102626034,0.014935713973606475,0.8504345888324596,0.022841063924369628,0.0034216485881330768,0.006993396105108793,0.08620127909102464,0.004225172040475104
Q96M02,1,699,S,test,0,0.9931728695949265,0.0019247786570505308,0.00037168065459984134,0.0015782626566840218,0.0004885649759460259,0.0005365836732772236,0.000573425918469137,0.00038347905554964723,0.00043794684108742766,0.0005324079724097272
Q96M11,1,299,S,test,1,0.008573300903815617,0.9075623298172875,0.04483323537084097,0.010141355811961586,0.010628049196632863,0.0045089972154584304,0.0021975098105912177,0.004725388170659044,0.00275629455333182,0.004073539149420965
Q96M32,1,723,S,test,1,0.0023349811794921033,0.9891360803549181,0.0008212579252672627,0.0020808353610731224,0.000670291179176512,0.0010381672559946,0.0010220719067461147,0.0009639056326239309,0.000937905959027574,0.0009945032456807037
Q96MT8,1,703,S,test,1,0.0017437187463774132,0.9881789137572482,0.0009152928266533739,0.0020666768727132267,0.001139100366159727,0.000997429662332642,0.0007647557567139132,0.0016966848578118027,0.0016509196635063192,0.0008465074904834272
Q96MU7,0,727,U,test,0,0.994779152557439,0.0012188782209660925,0.0003840992571690983,0.0008488392269346923,0.0004931931819013215,0.0004633121650571705,0.0005188849937121356,0.0003901479348909507,0.00040253257422297054,0.0005009598877065622
Q96MW5,7,612,M,test,7,0.014258120189060289,0.04823460050639519,0.00473870569178084,0.017953684528422983,0.020908150792715862,0.025467539170569452,0.009876310811550854,0.5830448261699013,0.26693737469575735,0.008580687443845877
Q96N77,0,438,U,test,0,0.9950345225374563,0.0009621077415426141,0.00040263591237401524,0.0008424496916262152,0.00054605528579115,0.0004913965554191636,0.0005069951581076248,0.00033905342525879505,0.0003872112050424504,0.0004875724873816692
Q96NL6,1,688,S,test,1,0.0021288189260074016,0.9846499202903651,0.0012861601538943117,0.0022705464260866512,0.001864056384146484,0.001161948968159151,0.0007740247828586994,0.002342621244675042,0.002528035222489964,0.0009938676013171797
Q96NY9,0,551,U,test,0,0.9919389710235021,0.0024065090371880754,0.0003569976991225839,0.0019622183600062426,0.0005401203322627376,0.0006216746754554724,0.0006314646215772403,0.0005235025695643035,0.0004656128119626398,0.000552928869358575
Q96PN7,0,1200,U,test,0,0.9949270900905173,0.0011390658802371532,0.0003665645933997401,0.0009001957743684748,0.000506940435295832,0.00046884322860411533,0.0004951971556331244,0.00034167575325689766,0.00037820062544275117,0.00047622646324464127
Q96PU5,1,975,S,test,4,0.3390405133497941,0.020202515468026577,0.009845918912177717,0.0238742208198151,0.5503170530224216,0.014325728123689535,0.007549128197989976,0.015672395284795308,0.009923141378293894,0.009249385442996099
Q96Q11,3,434,U,test,1,0.0045961040118917,0.9828371215029013,0.0006818168949395051,0.005404966916433215,0.000784766448251096,0.0016165384893107447,0.0010315560841473277,0.0009998183595744052,0.001115378019537033,0.0009319332730136666
Q96QG7,1,549,S,test,1,0.003549846215693015,0.9840337100163649,0.0010409123369109227,0.004100838174065694,0.000962686614207252,0.0018628897638901193,0.0012074794564907372,0.0010409123369109227,0.0012074794564907372,0.0009932456289756938
Q96RT7,1,1819,S,test,1,0.002940681333448957,0.9878549101085743,0.0006906727297308358,0.002422484366173402,0.0011254602715764263,0.0011476579961690492,0.0007887730122561977,0.0010287539461317403,0.0012653889289939,0.0007352173069451733
Q96S37,4,553,M,test,4,0.001878676673674333,0.0006183130220193115,0.0006790839727413449,0.0024335635443531118,0.9865751707475111,0.0029816643331986056,0.0009727428397955043,0.001273661482620018,0.001371787257353859,0.001215336126732829
Q96S94,0,520,S,test,0,0.9948928279728947,0.000973310139468118,0.00040257858618043986,0.0008357746928044211,0.0005375128780170518,0.0004913266128362672,0.0005333299591206274,0.0003871560590862879,0.0004252077164054255,0.0005209753831866692
Q96SB8,0,1091,U,test,0,0.9947624776243644,0.0009450850750435277,0.00041207144277000037,0.0009286173711151298,0.0005765916415120638,0.0004742913284816165,0.0005332601126130126,0.00041207144277000037,0.0004284865269730719,0.0005270474343571894
Q96T37,0,977,M,test,0,0.9948876799524837,0.0011817945988725294,0.00037818563261080837,0.0008896729245293479,0.0004688246840600833,0.000442143775789785,0.0005209726671072928,0.0003525077587835555,0.0003752425658749653,0.0005029754398878607
Q96T58,0,3664,U,test,0,0.9937448739644669,0.0016830726775218965,0.0003718947430765384,0.0012986741420282118,0.0004965446258439537,0.0005244556090483086,0.0005517759590677995,0.000405267904535653,0.000398984765362462,0.0005244556090483086
Q96TA2,3,773,M,test,3,0.0023009704392018045,0.002256465561125564,0.0015238218144289254,0.9862183714367302,0.001344768068427308,0.0010270497073018026,0.0014203581650628712,0.0008124631536746889,0.0015357733603541587,0.0015599582936926487
Q96VH5,3,97,M,test,3,0.012858447127792674,0.009225484562809702,0.015449780380873945,0.710322948989234,0.125379453282284,0.029215815292812485,0.05085614874483822,0.005339300987393278,0.009975127494912382,0.03137749313704929
Q96WW4,5,371,M,test,4,0.005333890529383112,0.0010831166946023661,0.0015759254826588237,0.0023109420667610753,0.9694391478713273,0.010981905937614988,0.0013270622222620637,0.00358625453213068,0.0029156042161861653,0.0014461504470734022
Q98SJ2,1,360,S,test,0,0.9800916849243222,0.009913486038500554,0.0005420733655607803,0.004005410927177607,0.0009970255740458372,0.001193283423740641,0.0009815681796003454,0.000833046027773361,0.0007409264621667693,0.000701495077111897
Q99109,2,652,S,test,2,0.0006478916512236446,0.0010978041320511308,0.9941675197436312,0.0004890542834768802,0.0004054402530327345,0.0006279581452487881,0.0006328832704215862,0.00045230129430211816,0.0008752457855077859,0.0006039014411041431
Q99134,2,64,S,test,2,0.0007202554869757355,0.0008437103173731578,0.9945790000309664,0.0004454732936297747,0.0005331617601503436,0.0006532433986504257,0.0006233292034464621,0.0004284074781547468,0.0005855636102982933,0.0005878554203546164
Q99158,5,426,S,test,9,0.003964028253831421,0.005881382983797007,0.006334498417000662,0.006862616515492321,0.005745141203656022,0.013279812184761677,0.006175686500308776,0.0038270886802632656,0.007806799241831446,0.9401229460190574
Q99177,0,341,U,test,0,0.9945186602131031,0.0014288197903402227,0.00030615042802317337,0.0008209028441122605,0.0004317413097995777,0.0005207794408023566,0.0005269182533242459,0.000498876189854883,0.00045600974164866875,0.000491141788991474
Q99332,5,602,M,test,5,0.009584931567451622,0.02202599847665058,0.014615275760970305,0.1865953189637948,0.03610642965783896,0.4546678917979087,0.019513953295406387,0.01077662863976668,0.017492195428421762,0.22862137641179026
Q99549,0,860,U,test,0,0.9950795523126277,0.0009744440085186349,0.00034172812066444856,0.0008326725927273571,0.0005030724184428831,0.0004895029300132328,0.0004991575451863352,0.0003723942203870519,0.0004122027950988698,0.0004952730563334911
Q99590,0,1463,U,test,0,0.8987080994376171,0.06822651581789461,0.000996277777734329,0.020325897133723084,0.0015673648933137647,0.0027832367748144566,0.002159136333899414,0.002060262240556283,0.0017349148292926371,0.0014382947611543447
Q99638,0,391,U,test,0,0.9943802242486044,0.001147368650312427,0.0003606831621783614,0.0011384397100405559,0.0005478320284938805,0.0004968620741812698,0.00056522203578044,0.00041191310105220694,0.0004183997929801816,0.000533055196376263
Q99678,4,358,M,test,4,0.0012680581670781695,0.0006760965156764998,0.0009460291227640622,0.0014912222586257128,0.9899387099743845,0.001640989285655892,0.0008991879640651301,0.0009914299911391615,0.0010846276715649828,0.0010636490490458835
Q99714,3,261,U,test,1,0.006723387761616993,0.9337287077792752,0.005508946444740639,0.02015088956513413,0.005155000111943804,0.007906629308144258,0.009444531511847331,0.002074688336332796,0.004880656243921003,0.0044265629370438325
Q99732,8,161,M,test,4,0.008225864092483466,0.0025833326846477346,0.014895115578303272,0.004292600475430459,0.9125727144124977,0.02347911977961318,0.005384127335569701,0.011953960598669008,0.011353760430851333,0.005259404611934187
Q99788,4,373,M,test,4,0.0013760155873222724,0.0007251092981828231,0.0009872428983211346,0.0015083087936919083,0.989616146638284,0.0017091377948745214,0.0009238132541001037,0.0010067145248730978,0.001067464113787026,0.0010800470965630755
Q99871,1,368,S,test,1,0.21668573087826512,0.6994701030327154,0.001628766557800516,0.05106685002498966,0.003846632180185366,0.009263707186191433,0.0036135766021882653,0.0065433421183093985,0.0052168071077150786,0.0026644843116397933
Q99J87,1,678,S,test,1,0.0024243333458825564,0.9886088784447158,0.0006751882893024706,0.0022181853182064986,0.0009671625270521439,0.0011666208061874926,0.0008944791417007814,0.0010135776088426775,0.001144056256245379,0.0008875182618642058
Q99JS0,4,100,M,test,4,0.02061942434811548,0.013897407386926587,0.10677937786960073,0.013055406009969742,0.5297087387436803,0.21739202025151463,0.024582006738693225,0.0410817755397026,0.02061942434811548,0.012264418763681223
Q99JX3,7,451,M,test,1,0.003697188325782951,0.9762751427115897,0.0017430203675120614,0.003851983217556552,0.0029304344108115653,0.0022033844068765004,0.00155027443019697,0.002941903881109877,0.002053779775793709,0.0027528884727701353
Q99K48,0,473,U,test,0,0.9950210507319525,0.0010191560225817926,0.00037237233009263204,0.0006795676171415128,0.0005030428621494036,0.00048000688779678574,0.000548185059826012,0.0004319594291585019,0.0004154113393236214,0.0005292477199772293
Q99KK2,0,432,U,test,0,0.9941954469781145,0.0011720679760485186,0.0004183220715379991,0.0011471554482752977,0.000532956114004776,0.0005085502838821435,0.0005968825564359417,0.00040545163107094515,0.0004216029752053437,0.0006015639654245935
Q99LQ4,2,66,S,test,1,0.003976808177876352,0.9864882287620307,0.0010599416566963065,0.002864037716683733,0.000757506192237004,0.0010273307000366314,0.0009802857576585184,0.0009575774951858174,0.0009957231269809407,0.0008925604146140261
Q99MG7,2,172,S,test,2,0.0010397900980168317,0.0015578640039522406,0.9906822366890232,0.0009467396812414729,0.001201475146308383,0.0016278513814976681,0.0008161405504372348,0.0007373215573999072,0.0006208870279394854,0.0007696938641835242
Q99ML4,5,431,M,test,5,0.0013723500607222049,0.0011421710233236254,0.0013458063212764201,0.0012063730215372713,0.0030760721232417337,0.9831319429339783,0.0010898671359140131,0.0018978911655883736,0.004310507987663812,0.0014270182267541716
Q99ML8,2,113,S,test,1,0.016327715287875046,0.9639013846683769,0.0010602332666703566,0.010338065683221978,0.0011024681652676489,0.002067743195847838,0.0013194815854004208,0.0014719881086306843,0.001460533073274143,0.000950386965434966
Q99MQ1,1,977,S,test,1,0.0024409601253591586,0.9886078499854598,0.0010539528198068556,0.0021248892395573766,0.0009900971476014674,0.0011131961165614318,0.0009596350387353571,0.0009447572757308569,0.0008272571275367588,0.00093740512365089
Q99MS4,2,279,S,test,2,0.0005898714841929784,0.0009463012270606433,0.9940991547870087,0.000512489296593447,0.0005225972304705941,0.0009153970369032966,0.0005563018491075146,0.0004522701889812966,0.0008449519211862587,0.00056066497849522
Q99MU0,0,676,U,test,0,0.9918133100014966,0.0025764433105472558,0.0002823726655838472,0.0016324975792188876,0.0004955794455610686,0.000682689522186835,0.0006289230536241827,0.000807553206328592,0.0005571949834868584,0.0005234362319658034
Q99MV1,1,1172,S,test,1,0.0020245495552220555,0.9890584605426336,0.0011995058486603013,0.0021869232828580208,0.0008539060854300159,0.0011007284006690084,0.0009378323758040617,0.0009019045779515742,0.0007835882775877915,0.0009526010531835436
Q99MV2,1,351,S,test,0,0.899713094574289,0.06416455089855086,0.0010371234171248174,0.02305801439932596,0.0016834174469991792,0.002897344584654528,0.001999107709388088,0.0021615508977445665,0.0019225230550994753,0.0013632730168234464
Q99N93,3,251,U,test,3,0.0018739888750682443,0.0023875237791164197,0.0015475344509630947,0.9860373667988702,0.0010430318629737214,0.0010188700944638903,0.0021738650976988578,0.0008251061523288236,0.0014709106969361166,0.0016218021915806351
Q99NB1,3,682,S,test,3,0.0021127522245115533,0.0026242320613073782,0.0021798181653323104,0.9810431769909305,0.002347756593411867,0.001814205690442121,0.002660356669814713,0.000990227058581351,0.0015040293812290434,0.002723445164439234
Q99P30,9,236,U,test,1,0.003378219233901525,0.980680959193837,0.002046993627142131,0.0035576725351304343,0.0010373658376001264,0.0026697830510576115,0.002120238195210592,0.0010212829432237201,0.0011129311452896806,0.002374554237607195
Q99PQ1,1,284,S,test,8,0.22770667542661246,0.016112909051109105,0.011515377325320897,0.08024540707971803,0.028058967196659443,0.1006502827762684,0.010322317692535918,0.2139106287677156,0.299314773254958,0.012162661429102115
Q9ASQ7,4,519,M,test,4,0.002026642235638527,0.0007058820666416233,0.001084783487247781,0.0025370189467231966,0.9785460899850665,0.006593391684056025,0.0016221040623834474,0.002165793022105781,0.0029087065745665324,0.0018095879355705614
Q9BMK9,4,1001,M,test,4,0.0012027935020841938,0.0006438089503553811,0.0007765818538212913,0.0019504210012911021,0.98790274972151,0.0025681652000856267,0.001108065185879086,0.0011037453623185757,0.0015687384486581981,0.0011749307739965284
Q9BQ83,0,275,U,test,0,0.9897396417355551,0.0035279718838234124,0.0004004933570606849,0.0027155769346809103,0.0006399865480149952,0.0007511485618899085,0.0006654807448811968,0.0005347287695738421,0.0004645804525755355,0.0005603910119444828
Q9BQA5,0,517,U,test,0,0.9948185926563866,0.0010523206647901793,0.00039630760201504056,0.0009600220607120193,0.0005523721142924589,0.00048178749900044027,0.0005108606820956417,0.00033372444433989006,0.00038712717737189026,0.0005068850989958331
Q9BQB4,2,213,S,test,2,0.0009541250696690187,0.0007987599085581917,0.9945180355240546,0.0005207790807739517,0.0006041143531040125,0.0005901200665141224,0.000567512908290704,0.00038701021448889184,0.0005587144706241978,0.0005008284039222554
Q9BQQ3,7,440,M,test,4,0.002732843585886162,0.0017235828308743634,0.00127089033352641,0.002332963946242069,0.9844286296257707,0.002170318472707825,0.0013370943290867167,0.001462785621898508,0.001198563707035781,0.0013423275469714312
Q9BR76,1,489,S,test,1,0.003526360230563247,0.985430632649411,0.0005667376089907673,0.0036064616388068508,0.0010262292547676794,0.0016208042061654523,0.0009056441939100391,0.0012622836226397866,0.0012922177209740951,0.0007626288737711203
Q9BSH3,0,213,U,test,1,0.06089365396195047,0.8878621280538267,0.0018677863705188146,0.03496828467203153,0.001810320621748633,0.003832448919805391,0.00243605265675174,0.0023796214909952928,0.002288459674983484,0.0016612435773879295
Q9BTP7,0,215,U,test,0,0.9942348251622677,0.001241631878876316,0.00040546771233865905,0.0012386042657074772,0.0005308993673493085,0.00048528129749151065,0.0005456164171968431,0.0003838890854550211,0.0003838890854550211,0.0005498957278621771
Q9BUL9,0,199,U,test,0,0.994977786560498,0.0010504354779644258,0.00039022583475458746,0.0008862846528027727,0.0004562202476538445,0.00044218382095016426,0.0005292246957294454,0.00034707405554648056,0.0003871891123010147,0.0005333755417992882
Q9BV35,3,468,M,test,3,0.004036276012019939,0.005669870051786182,0.004467749781608788,0.9314371179763523,0.004700487259029059,0.0069333151105817935,0.023964472341881097,0.002168918410336635,0.003438950014249035,0.013182843042155125
Q9BVJ6,0,771,U,test,0,0.9941616907567798,0.0013396424815346013,0.00038386084884050773,0.0011337522007534623,0.0004928870601368886,0.0005226300696755443,0.0006015435363617317,0.0004118225874945278,0.0004150525597847006,0.0005371178986381903
Q9BVK8,5,224,M,test,5,0.0011072946657613354,0.001598566431438687,0.0018185028150423796,0.0017420189902853352,0.003437458111144546,0.9681211880317898,0.0019509685606065464,0.002656261646917313,0.014136989788752172,0.0034307509582618546
Q9BVV6,1,1533,S,test,0,0.9403643039929361,0.03674785570798708,0.0006678226233227247,0.012600888668109987,0.0012574424440259314,0.0020894323144555822,0.0016020232774957455,0.002081286269218245,0.0015049615431256777,0.0010839831593228435
Q9BW62,1,490,S,test,1,0.00958191059408746,0.9735710175007302,0.0007133527652499315,0.008195842742681174,0.0010542669496138547,0.001961951174302787,0.0011669672274290535,0.001312056460167221,0.0014751848293773353,0.0009674497563609729
Q9BWV1,4,1114,M,test,4,0.0012222938514912804,0.0005552520285641388,0.0012610935657310306,0.0011986524602327555,0.9883548243956941,0.0032140317631320966,0.000915455768948967,0.0010536831342484437,0.0012464013697089005,0.000978311662248255
Q9BWW7,0,348,U,test,0,0.9949301531757109,0.0010858466253343784,0.00037525857021720305,0.0009019584482509609,0.000531270605252537,0.00048562066760760096,0.0004990825854395636,0.000336379609252932,0.00037820178222225056,0.00047622793071165734
Q9BX84,4,2022,M,test,1,0.00243942868242318,0.9879876069771284,0.0010782697466310102,0.0025891618138308777,0.0007016434784117377,0.0012028968699542195,0.0010824899178228954,0.0008397573147243793,0.0008664140328682178,0.001212331166205092
Q9BX95,5,441,M,test,5,0.0015119893087668017,0.0015845512131789016,0.0015599849022176749,0.0017335042712624128,0.004488142299222881,0.9747452935617384,0.001774613083378866,0.002454200809814425,0.007769027418381165,0.00237869313203846
Q9BXB5,1,764,S,test,1,0.00237708737128265,0.988461187104408,0.0009670180062049614,0.0020511796344497126,0.0010293853061554695,0.0012514142490536936,0.000982246295227859,0.0010415193921821163,0.0008943455050267495,0.0009446171360087684
Q9BXL5,0,484,U,test,0,0.993131062785781,0.001932230701638063,0.0003518853463392695,0.0014925114324771606,0.0004809702318533075,0.0005557601062747259,0.0006273034477546597,0.00045894503060313585,0.00041139564848506935,0.0005579352687936024
Q9BXS1,9,227,U,test,1,0.0032347851087116968,0.9879599988492881,0.001198173638702836,0.0022167293756154153,0.0007468747343098536,0.0010491559704700198,0.000997208658962737,0.0008202814063469133,0.0007950440193094947,0.0009817482382829593
Q9BY07,4,1137,M,test,4,0.002944797777222397,0.0008338692811049979,0.0008082138468065856,0.003272351613920064,0.9658503048240795,0.01035896886963367,0.0013535034533908583,0.005704029994964482,0.00692756808005425,0.0019463922588231542
Q9BYC9,3,149,U,test,1,0.0037223433160264775,0.9867646000071492,0.0008928104521512672,0.003353019181351854,0.0006686841125919673,0.0009729296343593156,0.0009729296343593156,0.0008387178373038981,0.0009882511138458337,0.0008257147108609005
Q9BYD1,3,178,U,test,3,0.001661234558372656,0.0020634056723486337,0.0015728251652642046,0.9866148775927914,0.0012937706891570342,0.0010436427393194113,0.002011674202319622,0.0008320646124922121,0.001518491347459626,0.0013880134204751165
Q9BYG8,1,508,S,test,1,0.002961145477302768,0.9807431685286371,0.0033325585493983066,0.0056412601771236096,0.0006910784859673744,0.001651347961956073,0.001503569421295628,0.0010213478222448815,0.001241643096592967,0.0012128804794813406
Q9BYK8,0,2649,U,test,0,0.9874331444182979,0.003957361484260242,0.0005170691339383901,0.004179806486230227,0.0006639299159234586,0.0007641785847050883,0.0007915220993271753,0.0005252117454893783,0.0004933908393417706,0.0006743852924863878
Q9C0E8,5,428,M,test,5,0.05293216778146806,0.00902032051786261,0.005344363153443059,0.014641426185950802,0.1206905668890807,0.7568517644501565,0.005302773079485436,0.021953909646650716,0.006916120006912761,0.006346588288989359
Q9C0U6,1,555,S,test,1,0.0038383728815618964,0.9842929241749707,0.001108337426300082,0.00472127925494656,0.0005932502097931574,0.0013161831299503839,0.001134620862748795,0.000856456754064081,0.000926050590135611,0.0012125247155287014
Q9C0Z8,3,319,U,test,3,0.0023890215560153838,0.0038815532717817436,0.0013065214255743257,0.9847307407102293,0.001117527061015473,0.0012762559987519978,0.0011351255677073135,0.0009862141682808786,0.0016133387062954561,0.0015637015343481985
Q9C1W6,1,395,S,test,1,0.0020913195011305727,0.9883119129433382,0.0006645207973015263,0.0023036042814924182,0.0007185182510922039,0.00124148817403605,0.0010536373449786252,0.0013795807559186495,0.0012909435084806592,0.0009444744422311451
Q9C4Z7,6,229,U,test,6,0.0038383427771223676,0.005050335759101693,0.0020970856728194263,0.002490350616454103,0.0016784860765292463,0.005428812696608694,0.9737684543304748,0.0014413044001714793,0.0013123226209643105,0.0028945050497539153
Q9C5P4,0,669,U,test,0,0.9951094614590692,0.0008898712363401046,0.00039642346362159556,0.0007406165547654797,0.0005612347531767081,0.0004952879205382996,0.0005130101153586311,0.00038123673620861417,0.0004058244079628081,0.000507033352958514
Q9C5S1,1,784,S,test,1,0.002820995037802317,0.9875665876198021,0.0007013444801341546,0.0031172248021824446,0.0007947274490092263,0.0012308978763775665,0.0009364177762832745,0.0009661428024044412,0.0009437621869732366,0.0009218999690312914
Q9C5S2,5,841,M,test,5,0.0030156188457402394,0.0036660601358400598,0.003637530465046463,0.010073011989644559,0.008970065263758162,0.9474792714307091,0.004105792482200545,0.0027031831644795407,0.014108448637531967,0.0022410175850493515
Q9C5Y2,5,489,M,test,5,0.0013264438613882646,0.0016702449661320676,0.0022475603054898,0.0017989246422183318,0.003341198901574639,0.9765872367234099,0.003934972457069066,0.0011614729892614193,0.002136275872466379,0.005795669280990223
Q9C658,1,611,S,test,1,0.0022269615756715967,0.988650812954182,0.000801839877225727,0.0022204467413382313,0.0007076212306317654,0.0011089042686386063,0.001222659851236637,0.001087456142268738,0.0009596767041413387,0.0010136206546653226
Q9C8J6,6,527,U,test,9,0.014896203444700055,0.1227907139582686,0.03119832024205349,0.03922711228744725,0.008894929471813721,0.05281163266425249,0.08913650172749576,0.008356012224975711,0.009105866579865169,0.6235827073991278
Q9C8L2,6,287,S,test,6,0.0016835070159698625,0.0015017353282166018,0.0010880157877905354,0.0010922741435980387,0.0006755644175984566,0.0012720193899630379,0.9891595856703526,0.0009601705843296497,0.000930629266825058,0.00163649839535624
Q9C8M5,1,476,S,test,1,0.002767821138094929,0.985412596690253,0.0014026634464265894,0.002353611723204727,0.0017731328336272696,0.0017456428704667561,0.0010838943333020192,0.0010182244542959948,0.001034259150492862,0.0014081533598358541
Q9C8N5,0,499,U,test,0,0.9950045347421644,0.0010597370035829515,0.00036374027692192553,0.0008309851898520284,0.0005190025278316522,0.0004725572063178781,0.0004991198956177065,0.000369468347656521,0.00039329702295940865,0.0004875577870954726
Q9C932,0,317,U,test,0,0.9946816807357238,0.0008587609255650518,0.0004669002197080404,0.0009922962878921963,0.0006766873577659354,0.0004970127023548323,0.000541613741546135,0.0003310818364486013,0.0003751648565489103,0.000578801336446507
Q9C952,0,693,U,test,0,0.9932108293968956,0.0013925251888957805,0.0004847814742021199,0.0017560242959346122,0.0005667669237768172,0.0005241737650294858,0.0006498015371856935,0.00034917498953878024,0.0004311735649391375,0.0006347488636019503
Q9C9N6,1,607,S,test,1,0.0019079889790537914,0.9883627616513067,0.0007355952641497225,0.0022154683966789956,0.0009976151956169214,0.001143771493704087,0.0009083389017529033,0.0013742729070855004,0.0015271351935889942,0.00082705201706238
Q9C9X7,0,419,U,test,0,0.995063071757953,0.0010201949069193318,0.0003753087162017138,0.0007640906425241251,0.0005109862261856277,0.0004837920450490819,0.0005109862261856277,0.000366614704027039,0.00040580548342285076,0.00049914929153153
Q9CA19,3,154,U,test,3,0.07662180683369403,0.2435035901731444,0.007527547097888611,0.6218082213647768,0.006048554110526974,0.008463448595337852,0.014709464528009931,0.0046739600638836115,0.008630375141769136,0.00801303209096871
Q9CAC5,6,191,M,test,6,0.0031569477517257275,0.0030035682329661887,0.0017214386468331726,0.002245179202429089,0.0012159237252454208,0.0064209533644643026,0.9755526436023804,0.0014215588236884797,0.0015310792180672878,0.0037307074322000078
Q9CAE4,0,261,U,test,0,0.9949068019110598,0.0009125690113065322,0.0004089239841375427,0.0007975129457093151,0.0005502673881746621,0.0004971251865562228,0.0005502673881746621,0.00039019799606921653,0.00042521369036632457,0.0005611204984456508
Q9CAL8,4,710,M,test,4,0.0012609860434141143,0.0005773215525272255,0.0009189604321454945,0.0013795231359517719,0.9882706349835384,0.0032200411093299603,0.0009047132940259183,0.0013475664356473775,0.0010870379422253356,0.0010332150711943487
Q9CQ45,2,171,S,test,2,0.007324189815788715,0.03633367842406689,0.4158169259626406,0.017916352541246267,0.006264711608754457,0.06976195808123381,0.016634768789123146,0.01024838500158369,0.40937026604343735,0.010328763732125107
Q9CQL4,3,149,U,test,1,0.00352582990599502,0.9872086733815116,0.0008862612383822417,0.0029498993221312,0.0007177161816486463,0.0009886958958951616,0.0009657926945169259,0.000858993801172068,0.0010524612248516614,0.0008456763538954263
Q9CQN4,2,206,S,test,2,0.0009051317449258345,0.0008241318797877547,0.9945380713402927,0.000528990847997843,0.0005970882857959263,0.0005994251489047083,0.0005697455846184607,0.00038701798857989023,0.0005436549885131801,0.0005067421905836739
Q9CRZ8,5,162,M,test,5,0.0012421866972891103,0.0018502315770139918,0.002609244653644941,0.0018358328650498136,0.006144184785863706,0.9584436546278363,0.0017111844248982274,0.0027993110508993248,0.017830950271648213,0.00553321904585632
Q9CUU3,0,1500,U,test,0,0.9933633105522321,0.0019592874305319214,0.0002806130736409082,0.0009255018437840002,0.00046628139217205745,0.0005917418716011699,0.0005917418716011699,0.0007747975094115714,0.0005580657614170493,0.0004886586936080123
Q9CWH0,0,301,U,test,0,0.9932119226597009,0.0018529229363846128,0.00037754863455649655,0.0016043544104607811,0.0005366047633414702,0.0005160477929153633,0.0005667675711316189,0.0003834941116175631,0.0004179082330930936,0.0005324288867980336
Q9CXD9,2,443,S,test,2,0.0011205458734522545,0.0016953317856279453,0.9873908942035309,0.0011743219565573902,0.0018295140752249048,0.0027124415897288845,0.001069232323844234,0.00108607028807731,0.0010282707747167118,0.0008933771292395403
Q9CY02,1,102,S,test,0,0.9902051549561344,0.003354867206028083,0.00039446973811369527,0.0024737236585322406,0.0004909254712432084,0.0007142924057963402,0.0006923159304238984,0.0005739500786504679,0.0005308170409564574,0.0005694835141212381
Q9CZ16,5,297,M,test,4,0.0054800782123763485,0.002734112168642995,0.008740052652742239,0.00607775268059505,0.9216074213274891,0.03774325610311359,0.004632749660859253,0.006185532326220404,0.00241284565756398,0.004386199210397017
Q9D023,3,127,M,test,3,0.0028258384522355435,0.002870338910194879,0.0024123514602932975,0.9808450340084106,0.0028759503618779286,0.0016386671752838416,0.001984346079854796,0.001130646396086874,0.0018714166915752106,0.001545410464187019
Q9D198,0,242,U,test,0,0.9938371765386208,0.0015773916364923803,0.00042145105492961174,0.0013525125088401392,0.0004813122207934761,0.0004888917895577192,0.0005671243991289747,0.0003413014633600058,0.0004021514027585986,0.0005306869855182928
Q9D1F4,1,257,S,test,1,0.011012247556670985,0.928054133524797,0.013819198576633671,0.007997938448078905,0.02341560265662686,0.005083798693854567,0.00206207974828744,0.00406902146191398,0.0019986364097856306,0.002487342923350867
Q9D1T0,4,614,M,test,4,0.0012412463267849237,0.000559473624732096,0.0013473601807589212,0.001352633562382746,0.9881193745798731,0.0031882601267675865,0.0009742654040747354,0.0011390316878780015,0.001049325177700609,0.0010290293290472997
Q9D219,0,1425,U,test,0,0.9931678443586403,0.0022153955084346305,0.00034915988576022367,0.0013319470812969084,0.0005001484667631297,0.0005324052906655502,0.0005514555526503781,0.00046618962170589916,0.0004082092601457196,0.000477244973937307
Q9D495,0,329,U,test,1,0.0027707741669839134,0.9882718917656457,0.0007648277434578018,0.0028126902071427705,0.0007355276332432182,0.0010092819625387094,0.0008666633390468267,0.0009593089334021535,0.0009820582362540518,0.0008269760122848335
Q9D563,4,222,M,test,4,0.005415822637255935,0.003097920293386691,0.010449470584276763,0.007091210273395691,0.9072504107673375,0.04660316722325718,0.0059018286057802676,0.006257970970646363,0.003171385337244773,0.004760813307418882
Q9D6I7,5,428,M,test,5,0.001658099089660996,0.0012862944030673908,0.001492127631155891,0.0009410730964962248,0.0023065432464440395,0.984752695775612,0.0010831684132361315,0.0018425316895478798,0.003133636140790402,0.0015038305139890734
Q9D6Z6,2,183,S,test,1,0.014711078815729011,0.9538208593314428,0.0011522608254022793,0.016604846734985666,0.0017986535829520578,0.004223034808676517,0.0015146181508171822,0.0019754344244364654,0.0027426192435513665,0.0014565940820067077
Q9D7G9,1,263,S,test,1,0.0023725699397981127,0.9885114943363829,0.0012912042714769807,0.002328953545492661,0.0007472916690575219,0.0009300195321392334,0.0009373137082494328,0.0010134778452378923,0.0009156009134463803,0.0009520742387189676
Q9D7K2,0,161,U,test,0,0.9947332473729152,0.001151705875824552,0.00035245303153045454,0.000992347749555146,0.0004798680477238072,0.0004596854161662291,0.0005290946697454222,0.00037518431440406456,0.0003993816152983796,0.0005270319068367529
Q9DDT5,0,1084,U,test,0,0.99446704773305,0.0013474353265918212,0.0003441963440679218,0.0007756584307151241,0.0004988503199245244,0.0005457438680540329,0.000552176920709704,0.0005310233248219977,0.000435104925895442,0.0005027628061694561
Q9EPK6,5,465,S,test,2,0.0008525400969230041,0.0016273443371717137,0.9913411804514111,0.0008934543735551928,0.0007123239112781024,0.001484610670477758,0.0006360336416986809,0.0007040251295873341,0.001081929768691818,0.0006665576192053127
Q9EQ14,2,196,S,test,2,0.0007063130843947527,0.0009248114554053283,0.9945629188603533,0.0005609265124743736,0.0005187721703561675,0.0006792547262442718,0.0005675384960594769,0.00042506673130157836,0.0005107293840939147,0.0005436685793168399
Q9EQJ4,0,579,U,test,0,0.9949639415442298,0.0010422462963742564,0.00039328095668257125,0.0008374685320886885,0.0005524528413980257,0.0004837438451182707,0.0005149426583960813,0.0003363910266306565,0.0003841706132148672,0.0004913616858667033
Q9EQR5,4,269,M,test,4,0.0014539090200046702,0.0006326895285568178,0.002098962729235138,0.0012147864700889938,0.9861288970372515,0.0038681310861279107,0.0010070933804819592,0.0012006338589787083,0.001293133402014359,0.0011017634872599088
Q9ERP3,1,366,S,test,1,0.002049171630118408,0.987493596802862,0.0006958351485332398,0.0024790249191810106,0.0011836554623435706,0.0015437777267130555,0.000981284791114232,0.0011162934892168612,0.0015498199141528448,0.0009075401157648468
Q9ERU2,0,237,U,test,0,0.9946506807624664,0.0010307856260692774,0.00045964728359666247,0.0010287743187570788,0.0005675886068377501,0.0004950595985612981,0.0005249336879796456,0.0003234022552625095,0.000396240695433146,0.0005228871650361489
Q9ERZ0,0,503,U,test,0,0.991728088472868,0.0027531073032713953,0.0003513882345659659,0.0018519623467968783,0.00048029077492570983,0.0006437822539341967,0.0006694275572647546,0.000527496222829005,0.0004373097475951904,0.000557147085948961
Q9ESC8,0,1160,U,test,0,0.9947353896994803,0.0012075694611570478,0.0003134788908823658,0.0007973755468941579,0.0005068427264311249,0.0005068427264311249,0.0005229316726675293,0.0004561091053345808,0.00043863583544432195,0.0005148243352774397
Q9ESP5,0,455,U,test,0,0.9949284985084468,0.0011110522534311705,0.00038116740337103424,0.0009090310371924337,0.0005169396272627268,0.0004725210984229219,0.0004951978431286104,0.0003311639657734883,0.0003782011409133021,0.0004762271220575637
Q9EST4,0,264,U,test,1,0.002670181865427981,0.9865913803392764,0.0007755510015310533,0.0035547310755638206,0.0006135113539451481,0.0015007646009183562,0.001097982845306716,0.0010194425514071705,0.0010436178223487396,0.0011328365442746032
Q9FE22,0,292,U,test,0,0.9952449962590725,0.0009093202064412245,0.0003995870661606448,0.0007123409848771624,0.0005110796582033224,0.0004599219015460423,0.0005031560815487045,0.00035818753356242346,0.0003903306503846434,0.0005110796582033224
Q9FEE2,1,480,S,test,3,0.006633299304020667,0.007116491402450219,0.002003381978679189,0.971100988663601,0.0031150429693535342,0.0016673623814034099,0.0018893691055406694,0.0012103752587903907,0.003054792677642138,0.0022088962585188176
Q9FEN9,0,228,U,test,0,0.9951391235730304,0.0009003875822124601,0.0004090194912164961,0.000767139811038884,0.0005313822247514,0.00047077855453670994,0.0005050716603334534,0.0003753373913105147,0.0004122274613179183,0.0004895322502517805
Q9FFA2,0,426,U,test,0,0.9940737101905988,0.0016366176190681498,0.00033609005175397056,0.0011492574366975372,0.0004281898236910097,0.0004928434605609584,0.0005519585219615138,0.00041501582903457463,0.0004117861477960613,0.0005045309188374424
Q9FFD9,5,368,M,test,5,0.001418484725451517,0.0012616263585560482,0.0013273479354566752,0.000994137687238419,0.0024509217761814624,0.9849175436243192,0.001246927991632798,0.0011265055280176971,0.003456353496804373,0.0018001508763418037
Q9FFH3,0,466,U,test,0,0.9950911483243619,0.0009820979976754626,0.0003902702972211081,0.0006984550493289138,0.0005313565795713014,0.0005070239741325298,0.000503078309834254,0.0003902702972211081,0.000418698946442335,0.0004876002242111019
Q9FFK6,0,810,U,test,0,0.9932688456329224,0.0019438553111610678,0.00028949315211930184,0.0011607289748740463,0.0005041223824151655,0.0006372704091910451,0.0005450863270366829,0.0006574996146589125,0.0005120612112391731,0.00048103698438222467
Q9FG00,4,491,M,test,4,0.005964139520386049,0.0011778543545567775,0.0016871984394271455,0.004968646872670716,0.9450090142940889,0.01976686512456264,0.00188220611092859,0.012083240885881103,0.0040791229105177585,0.003381711486980346
Q9FG36,6,210,S,test,1,0.003535303343180713,0.9830126321979005,0.001460681576124939,0.004189637090287945,0.0006558140261553586,0.001674679832970311,0.0019426624365386194,0.0008355287850871582,0.0008963914730014792,0.0017966692387530367
Q9FH18,0,509,M,test,1,0.04313810382626904,0.7317663792368193,0.00921157979240057,0.039201049206457665,0.012640013983399366,0.09449872095923145,0.014893577237948397,0.011553908337240239,0.011735857112333575,0.031360810307900375
Q9FHM5,0,419,U,test,0,0.9951002978335077,0.0008441525524971776,0.00041221138642800494,0.0006876328354322445,0.0005835863985078566,0.0005130054117720064,0.0005130054117720064,0.00040266253513336614,0.00040582065029381867,0.000537624984655746
Q9FHW2,0,171,U,test,0,0.9947814816259584,0.0010803961575943154,0.0003994009750048913,0.0009286351177949086,0.0005311912588310246,0.0004836551610850436,0.0005250026789790231,0.00037228266803559015,0.00038711272749648764,0.0005108416292203329
Q9FI76,9,157,U,test,9,0.004281544190370205,0.006735813904342263,0.0055299183246481165,0.004575518028073281,0.004776407570040339,0.0042482247277829755,0.00475778624054471,0.003822988654643128,0.0036336992011770488,0.9576380991583779
Q9FJV0,1,356,S,test,1,0.003133546111571418,0.9862148490256881,0.0006631107972899176,0.0038609198644146254,0.0008448250144736195,0.0014943431566966825,0.0008853689848413259,0.0009424704179404562,0.00100325447568893,0.0009573121513949418
Q9FJX3,3,276,M,test,3,0.003490635114659098,0.0036796514632772017,0.004697162864674763,0.9640830583431986,0.0018180053084164399,0.002446393590040595,0.012818186176623494,0.0015071794122590006,0.0022187825337401357,0.003240945193110649
Q9FK07,3,579,U,test,6,0.002362325087711237,0.002972438403983682,0.0011936658974263687,0.0014230613350243392,0.0010658236095275725,0.0026651273633637525,0.984243056960059,0.0011039604502704084,0.0009479631777863664,0.002022577714847293
Q9FKB5,0,222,S,test,1,0.03030524052866204,0.9427683473322671,0.000922316405698548,0.013874749060531778,0.0016700992665077926,0.003206650159076294,0.0015936198851207474,0.002392306733375155,0.00212776180889947,0.0011389088198610806
Q9FKM2,3,274,M,test,3,0.004065436827368305,0.0046338155511555104,0.005932530927795545,0.9529404758900207,0.0018110873868905882,0.0028941093838854813,0.019019980220489424,0.0018832328731084613,0.002624843069452118,0.004194487869833853
Q9FKW0,0,522,U,test,0,0.9948687857464373,0.00106373955313788,0.00037523541975396707,0.0008539043885270145,0.0005010050507092822,0.000491314698393044,0.0005250487706413091,0.0003901830875346341,0.0004218885356696515,0.0005088947491958913
Q9FL03,0,584,U,test,0,0.9859350603510266,0.005978213431430305,0.0004347552755178094,0.002982641241778892,0.0008545410545279667,0.001047005610488117,0.0007395435585938103,0.0007996373204165043,0.0006526449951571766,0.0005759571610628397
Q9FLV9,4,635,M,test,4,0.0020011458769568715,0.0007595492728190415,0.0009526882310698356,0.002423290190360958,0.9814513435376958,0.005858764583529136,0.001492945843297383,0.0019244830106327274,0.0015954525621099684,0.0015403368915282588
Q9FM85,4,408,M,test,1,0.002568653755985345,0.9868852981900577,0.0014607190224075427,0.00208422585855172,0.0015918013927511715,0.0015671228581988492,0.0010118104870042524,0.0010039365039698426,0.0008066856444997455,0.0010197462865738614
Q9FN48,6,387,M,test,6,0.0018197932561097373,0.0019485435965287301,0.0014367658915379123,0.0019220847221145996,0.0007224513120314984,0.0014311645683135375,0.9859885599213586,0.0011499730201757505,0.0011102467571595396,0.002470416954670146
Q9FNC9,3,99,M,test,3,0.005441048623504944,0.005730080857934296,0.0021876743895328484,0.9769168451777942,0.002007522843976809,0.0012562756835256294,0.0021706498129461724,0.0010414890664841429,0.0015512934116995378,0.001697120132601391
Q9FNF2,6,652,U,test,9,0.031529149292128855,0.13326221107959674,0.07203012442790806,0.06773215241424271,0.01754861442698188,0.1396576110789068,0.09412865226833425,0.01196711590665611,0.0069803562970698375,0.42516401280817473
Q9FNJ8,6,425,S,test,0,0.9937968784831834,0.0012569414191671967,0.00038976270924364714,0.0014790515041112524,0.0005204014874452471,0.0005285966026705797,0.0005805498531934858,0.0004116714628010853,0.00041815437048537627,0.0006179921076986799
Q9FNJ9,6,482,S,test,1,0.02619294138493347,0.6728912631966762,0.0687401732216846,0.10563832774971636,0.01096157740112404,0.033191918739098825,0.05301464105116768,0.009375934444048764,0.007077327201467669,0.01291589561008234
Q9FNZ4,0,112,U,test,0,0.9940510055146465,0.0013964278149989433,0.00043153831203403725,0.0011605091465173418,0.00048519157090782595,0.0005349642997830696,0.0005898429462928606,0.00036056373442823676,0.00041826129054899785,0.0005716953698421972
Q9FQ24,1,257,S,test,1,0.003838304217019861,0.9861996228588734,0.0012534377585669753,0.002278565950054049,0.0014314709178378593,0.0010596316017629484,0.0008382376295428334,0.0011729052376205902,0.0011279719445129778,0.0007998518842085202
Q9FQ25,1,260,S,test,1,0.006213174059991769,0.9796729322481637,0.002751699612702729,0.0033321742902788897,0.0024188989737693118,0.0011651428674653362,0.0009003526931807764,0.0014614165729308485,0.0012115569532497247,0.0008726517282669518
Q9FRK5,8,617,M,test,5,0.0017743727749160356,0.0019036242666625092,0.001874111240070491,0.0014652718572307586,0.003231855400360725,0.9746133052387497,0.0023506623057453803,0.0017063977606561064,0.0030658413516001094,0.008014557804008235
Q9FVC1,0,240,U,test,0,0.9910769408682131,0.002334997791735842,0.0004688568253218264,0.0025296703092194815,0.0005611481673052379,0.0006458775183602902,0.0007405022893223805,0.000440450232069026,0.00047253412382617976,0.000729021874626642
Q9FX32,2,942,S,test,9,0.006545293175360622,0.013694953237171067,0.016168145538159394,0.006148733227275001,0.0184646026159851,0.2133899192017965,0.008876733523219514,0.01306781551366586,0.025492014482114533,0.6781517894852525
Q9FX53,0,406,U,test,0,0.9951232944837831,0.0008262289478301848,0.0004026718440121681,0.0006822973969268638,0.0005881771144084492,0.0005150250958275955,0.0005110171487776814,0.00039334394912075925,0.0004286419217927151,0.0005293020975204299
Q9FX83,3,222,U,test,3,0.0023783429218167374,0.0025022372425311528,0.0018199806374430904,0.9841660097917864,0.0016378053080697039,0.0011344745311371667,0.002318715453404756,0.0008974432486463382,0.0015325773712543862,0.0016124134939102593
Q9FXH7,0,345,U,test,0,0.9950673949413156,0.0008197531291861447,0.0004781577622532829,0.0007551919832729554,0.0006359353664685504,0.0004744367209759896,0.0005231062144436996,0.00033642600258297617,0.0003782539419560279,0.0005313439375448367
Q9FY74,0,1007,U,test,0,0.9880045722302337,0.004417310766599017,0.0004356678403275646,0.003360512660087183,0.0006048648909452338,0.0007016555646269782,0.0007981917543980556,0.0005379779976198055,0.0005296374213253226,0.000609608873837108
Q9FYS5,0,193,U,test,0,0.994899478371624,0.0009544909933981001,0.0004219015281739993,0.0008084853782883394,0.0005481181072790323,0.000510902218911054,0.0005417323184870675,0.0003694293514364295,0.00041212819853942307,0.0005333335338626351
Q9FZ33,5,473,M,test,6,0.009571130516905833,0.011343819415117157,0.008186620636105403,0.004869396872313905,0.004538776390361032,0.09780443798632187,0.8318024603505552,0.012593304271440215,0.01022829042483732,0.009061763136042109
Q9GKK3,2,241,S,test,0,0.988470625524535,0.004419394621322348,0.00044970945200711675,0.002943951150033831,0.0005774383732520083,0.000718633637818846,0.0007560691991388797,0.0005640620189803139,0.0005135843318016162,0.000586531691109977
Q9GL25,2,245,S,test,2,0.0007490728952132247,0.0008243040171937287,0.9947458421567085,0.00050684803182416,0.000541648699797589,0.0005743341016447893,0.0005501783911259162,0.00037226931771254307,0.0005788386755296704,0.000556663713249912
Q9GL77,4,1079,M,test,8,0.009422296258886829,0.006252131625570367,0.0065521776693648805,0.030594280555807273,0.06363954125382087,0.03366693711667728,0.006866622890875356,0.01562602938061176,0.8188676487109828,0.00851233453740252
Q9GMC9,3,169,M,test,5,0.003600287624627436,0.005197621748843605,0.007711652003163072,0.009485494102490053,0.01345530117859991,0.7896886265683573,0.012789081454556678,0.006418206098954503,0.026706847609543886,0.12494688161086362
Q9GPZ7,3,366,U,test,3,0.009501680651073393,0.014774090070425914,0.002213195397279605,0.9616554048276746,0.0019153612052221743,0.001503384108201412,0.001991660279639386,0.0014013080016716678,0.00283072006153219,0.002213195397279605
Q9GU58,2,88,S,test,2,0.0006712205386842412,0.0009032260113876264,0.9943843259221773,0.0004453860961624023,0.0005542920095621335,0.0006952378325020402,0.0006183573931437694,0.0004453860961624023,0.0006925273929953201,0.0005900407072227843
Q9GV77,4,3103,M,test,4,0.0009741590550147902,0.0004898379594756086,0.0009295491690066433,0.0012123605795928717,0.9880115466312003,0.0030777845769972396,0.0008397777047759408,0.0012218692667379865,0.0021856753324795758,0.0010574397247191218
Q9GYZ0,1,1463,S,test,1,0.0031541099697592425,0.9876105178887318,0.0012406071584648132,0.0023245595830719474,0.0012601438601587565,0.0009076476005390159,0.0007180083334970526,0.00100467429380332,0.0010446958999292591,0.0007350354120448255
Q9GZN4,2,317,S,test,2,0.0005457642810425044,0.0009247568623043869,0.99450420841267,0.0004668169107940375,0.000494986711880549,0.0008224957814724102,0.000535208205372753,0.00044543979818336766,0.0007230201118243445,0.0005373029244556821
Q9GZN7,0,287,U,test,0,0.8559116918251043,0.09907896989803529,0.0011716548973505034,0.029059768553308184,0.0022061075731252353,0.003723511584558899,0.002240848702345459,0.0026610738269769083,0.0024419384943068774,0.0015044346448883853
Q9GZP0,2,370,S,test,2,0.000896167540666974,0.0009174195652796842,0.9943516329088807,0.0005741064712672805,0.0006183370761436808,0.0006607925801795351,0.0005630023121267614,0.0003869454405454431,0.0005288916912527655,0.0005027044136571273
Q9GZP8,0,106,U,test,0,0.9939097751853146,0.0012279638737145498,0.0005245426698983229,0.0012546312462740144,0.0006426830267573351,0.0005044476985546535,0.0006156526712465566,0.0003282504130616765,0.0004182018491977629,0.0005738513659804459
Q9GZV9,2,251,S,test,1,0.003256051377734576,0.9853620222808533,0.0013436003179039637,0.0038726794203545922,0.0008708888731582728,0.00125727488788098,0.0010923393347670896,0.0008440944389645585,0.0010587316375161688,0.0010423174308664708
Q9H069,1,523,S,test,1,0.0025572124432200224,0.9882631436969652,0.0008269686980101521,0.0024809566764915324,0.001082791794104756,0.0010743655360722097,0.0007829581733758002,0.0009593003906350813,0.001170777103867015,0.0008015254872582675
Q9H0E3,0,1048,U,test,0,0.9945724608540187,0.0014026286083337152,0.00030856829841388323,0.000976804993314367,0.000452485517690872,0.0004911683500813721,0.0005167546915943176,0.0003931262181941386,0.00040244893179092157,0.00048355353656762964
Q9H0I3,1,377,S,test,1,0.006542937458264672,0.9825045400923419,0.0010073191826758625,0.0036310395234813967,0.0014094927406710026,0.0011685106106128758,0.0007087374945104965,0.0010474461419895486,0.0012487414790094764,0.0007312352764428143
Q9H160,0,280,U,test,0,0.994922134768146,0.0009638798396189794,0.00039020403196174977,0.0008325408258414073,0.0005789412728395407,0.0005010318877083959,0.0005169363748852598,0.00037525554743969764,0.00041213758154615295,0.0005069378700128178
Q9H161,0,411,U,test,0,0.9950028700523587,0.0011003372188521288,0.0003665925270644353,0.0007038706811689319,0.0005069790409505803,0.0004913809565626553,0.0005089632822685488,0.0004089634919500443,0.0004186617922614052,0.0004913809565626553
Q9H173,5,461,S,test,8,0.014028876889228105,0.053463994958773305,0.13001896319893222,0.047517049615112605,0.015773089455691263,0.21774078702795518,0.017665024682273857,0.015528551158229344,0.4755896285587025,0.012674034455101617
Q9H1Z4,0,485,U,test,1,0.006873053018129691,0.9809739109717327,0.0007021265109402498,0.005249207608048725,0.0009824517328988831,0.0013586814231669497,0.0008208691073005976,0.0011046000599534446,0.0012274662039781148,0.0007076333638506497
Q9H255,4,320,M,test,4,0.0012825321951928247,0.0006398790089526333,0.0011541540271010396,0.0015713913388876923,0.989573359962379,0.001643590612468834,0.0009237733299084696,0.00094938120980541,0.0011861484519411366,0.0010757898633629566
Q9H2W2,0,232,U,test,0,0.9950316973982795,0.0009453408226592706,0.000393307749984953,0.0007929532089485706,0.0005590030333307427,0.0005030482359799259,0.0005089780256290243,0.0003723763020750948,0.00039024698713303576,0.0005030482359799259
Q9H3J6,3,166,U,test,1,0.01304774101253497,0.9661339998055175,0.0012818476913946581,0.010859293581759334,0.0008879099616437108,0.0020404006982548645,0.0017796693115589264,0.0012718721808521987,0.001353900961552743,0.0013433647949310612
Q9H400,4,295,M,test,4,0.0013904454551339255,0.0005509247196810725,0.0016511948106440037,0.0011846742808544078,0.9883435561880185,0.0028391118401557736,0.0008667261801480592,0.0010828799126893318,0.0011348484087273312,0.0009556382039476452
Q9H425,1,327,S,test,1,0.0034472577286435045,0.9813667009107245,0.004086729385426472,0.004076266908184736,0.001113709351813885,0.0010219971333699442,0.0011671573694260386,0.0012619980166455398,0.001176311571351295,0.0012818716244140153
Q9H4F8,2,434,S,test,2,0.0007802991528189254,0.0008387754480628238,0.9945722046524464,0.0005290089715665235,0.0006065118397080534,0.0006356189327680643,0.0005331580722680663,0.00039006677600335245,0.000583276677873347,0.000531079476484448
Q9H6A0,1,471,S,test,0,0.42811419453599225,0.3083591000110635,0.008679400578077721,0.038407666427232624,0.13898832214293178,0.012727499565288871,0.005872776057590241,0.023136726661982156,0.027102456683121123,0.008611857336719795
Q9H6H4,5,257,M,test,5,0.020453781489556764,0.0043655062443701985,0.004647057174129692,0.017503589905205258,0.1423244220048369,0.7115773767369682,0.00534873005792964,0.06936338747380925,0.018541718445778014,0.005874430467416122
Q9H6R4,0,1146,U,test,0,0.9932953088787465,0.001662711790683903,0.0004483877194055046,0.001328221058810131,0.0006397817018986897,0.0005408588706172867,0.0006397817018986897,0.00043121022817673474,0.00043121022817673474,0.0005825278215858024
Q9H867,1,229,S,test,1,0.0033201787602535134,0.9852444472569969,0.0006728904865708039,0.004277790354272153,0.0008439936885716013,0.0016524595209015047,0.0010101282852667264,0.0009944676324986793,0.0010922089929907126,0.0008914350216774341
Q9H8L6,2,949,S,test,2,0.0008220088868987514,0.0010310301990668256,0.9939154811855773,0.0006351992156282183,0.0007368439586812738,0.0007782623275201573,0.0005328060383044592,0.00043147945839681245,0.0005943880692432142,0.0005225006606830009
Q9H9P8,3,463,U,test,3,0.008549960160246063,0.011107776371930833,0.003036696967095274,0.9653484488944015,0.002301190719056281,0.0014513426123043869,0.002808485430256854,0.0011571113585017376,0.0019377967671508117,0.002301190719056281
Q9H9S0,0,305,U,test,0,0.9950810623575072,0.0009417019820116674,0.00039952124874420396,0.000695724993426146,0.0005525178911660107,0.0004972122832399373,0.0005129954669354216,0.0003902663460095316,0.00042197855271169736,0.0005070188782482182
Q9H9Y2,0,349,U,test,0,0.9947587082816606,0.0009469290816403624,0.000425150410643331,0.0009962572182961864,0.0005459039401531275,0.00045611979425103354,0.0005229439300712587,0.0003580125064510782,0.0004088631225686878,0.0005811117142643445
Q9HAC7,3,445,U,test,3,0.004704128475489151,0.00564111153403241,0.002187622955667702,0.9768938627159371,0.0024404695585454376,0.001337266974064087,0.0022220728070522664,0.0009190893268946634,0.0017238053846798053,0.0019305702676373775
Q9HAF1,0,191,U,test,0,0.9950619043875931,0.001071243992611676,0.0003812185075218458,0.0007776397514976966,0.0004856849992272149,0.000474434097643799,0.0004991486652395097,0.00035533472253608143,0.0004058049891481827,0.00048758588698083575
Q9HAJ7,0,183,U,test,0,0.9950859163187288,0.0009271067881635502,0.000375317330340707,0.0008441403804928716,0.0005355212602610876,0.00047630247280484807,0.0004972146813802996,0.00035813026662414243,0.00039332916752620394,0.0005070213336775096
Q9HAU0,1,1116,S,test,4,0.05573585205026109,0.0888918555444865,0.08820009149424647,0.04432814154468345,0.6194467486865189,0.026379223667278667,0.00738269828834852,0.0415003444859726,0.008300591182889498,0.019834453055314224
Q9HAZ2,0,1276,U,test,0,0.9945815807851969,0.001383595301796079,0.00032337979077801934,0.000974907890295552,0.00047979486332764957,0.0004989077305866237,0.0005047886844603652,0.00040879032266358874,0.00038103448931456075,0.00046322014158072585
Q9HBU9,4,364,M,test,4,0.0031520438716721153,0.0007370689098850254,0.0009841159878049691,0.0036779220840361493,0.967401445813568,0.007400641244094164,0.0012735407406167887,0.007770968116423813,0.005494321490197358,0.0021079317417016376
Q9HCC0,3,563,S,test,9,0.004260285509500797,0.009214889653091689,0.0073899240588115025,0.008357542080482115,0.007990413811615795,0.0176239375942423,0.01481188654364747,0.004697321640716305,0.005688227847670912,0.9199655712602212
Q9HCE9,4,1232,M,test,4,0.0026648292086225685,0.0009870603939730346,0.000934530015887753,0.0026648292086225685,0.9855757018373489,0.002033243242010515,0.0010507202517401214,0.001375761268454856,0.0014992196040779842,0.0012141049692617578
Q9HCY8,1,104,S,test,1,0.004315725413655202,0.984321925854185,0.000704522866298597,0.0039027425360490388,0.0009260778652714012,0.0015938807788990744,0.0010250747165768453,0.0011170630746552119,0.0012757260946568772,0.0008172607997527577
Q9HDW0,1,430,S,test,1,0.002225992516249489,0.9891862333673376,0.0009945536791596175,0.002151194507365314,0.0006547970737303661,0.0009527241403723621,0.0010102157309926495,0.0009601964324724759,0.0008811258066281566,0.0009829667456920438
Q9HDX9,3,526,U,test,3,0.0018192450588311968,0.0021331532509484678,0.0011208043925260817,0.9876186254996107,0.0015500161332272324,0.0010325334113707098,0.0010285078861988364,0.0007885843624226704,0.001508207086301321,0.001400322918562863
Q9HDY4,0,1183,U,test,0,0.9947478023931092,0.0011567951480529303,0.00034971533393606224,0.0009808009330032996,0.0004705934499054679,0.00048363877448474776,0.00052293819531236,0.0003751897968794028,0.0004056768991768822,0.0005068490761396325
Q9HDZ5,3,388,U,test,9,0.012912302674169216,0.015408792825703248,0.008353107262669808,0.04806881571275899,0.013961526917956818,0.01898555751437572,0.021761736861991426,0.006582090358340162,0.005247700276297832,0.8487183695957368
Q9HE09,0,783,U,test,0,0.9948423508235739,0.0011350825861665653,0.00038113437982112674,0.0009089523156017563,0.0004817990117400221,0.00046697564330366534,0.0005088811769723653,0.00036368098522183685,0.0004121045262314027,0.000499038551367417
Q9HEM6,7,522,M,test,8,0.00420498094324316,0.006987216582298287,0.017092050665923314,0.008763932483365247,0.006166196985283035,0.19484555991368305,0.008763932483365247,0.023962835152070046,0.7239390669596284,0.005274227831140253
Q9HFP8,2,284,S,test,5,0.014483567867406209,0.031388836996372536,0.219590568572165,0.021573211415090478,0.049381571419476,0.543491885288372,0.04894945265768643,0.023786270348539727,0.03553349056237263,0.011821144872519
Q9HG09,9,425,M,test,3,0.00500447081628354,0.00999153334898591,0.0042306813655337274,0.9574159896733367,0.0021948483986633546,0.0017636102571608738,0.006930231919463347,0.0018627436195302175,0.0025065953952798643,0.008099295205762462
Q9HGM2,5,171,M,test,5,0.0020162390076481824,0.002713146028128439,0.003947604264697701,0.00470624376634543,0.009121491151122204,0.9362278146880364,0.0034701664255552185,0.004743154872234953,0.017622959914857284,0.015431179881374166
Q9HGM4,5,250,M,test,5,0.0012468409244357132,0.001126426969274847,0.0011089632740372754,0.0010176419734283793,0.0027420313531276407,0.9848487961748047,0.0011897439821742662,0.0014691376110199635,0.004088234151610832,0.0011621835860863984
Q9I7I0,0,575,U,test,0,0.9930463650696656,0.0020809169552705713,0.0003491171723768479,0.0014840812433355088,0.0004734731136451119,0.0005492384277352776,0.0006151178095003578,0.00045890588773426176,0.00041458691767010597,0.0005281974030664056
Q9I9E1,0,472,U,test,0,0.9952115145998671,0.0009812580853323727,0.00036954520779093657,0.0007747245043401872,0.0004857580220065431,0.00045101104708026636,0.0004857580220065431,0.00036381594429828423,0.000381275826479785,0.0004953387407979933
Q9JHH6,2,422,S,test,2,0.00255608920606902,0.005148337012894906,0.968722689622616,0.003829657290510794,0.0028073148800436703,0.009722238889825065,0.002069983967100637,0.0009854600556184821,0.002546123821194618,0.0016121052541268224
Q9JHW9,1,512,S,test,1,0.04343258014337008,0.5480497693811454,0.06162473427899074,0.06391163420331537,0.12666203577053314,0.03252950065418987,0.05756692440976466,0.018607293052139047,0.020436114499640473,0.027179413606911312
Q9JI66,4,1079,M,test,8,0.010243081441227488,0.006310579695893061,0.006310579695893061,0.03293616382781715,0.04312498455838215,0.030699881588352972,0.006460230646493248,0.01620932886241357,0.8395386728898492,0.008166496793678103
Q9JIE6,2,140,S,test,2,0.0006974304379987707,0.0011487460658018162,0.9936313605111451,0.0006475422205647486,0.0005647964169378192,0.0010227141326447178,0.0006812744933285561,0.000500381894809991,0.000543159347562154,0.0005625944792063639
Q9JIH7,1,2126,S,test,1,0.0024785354593195434,0.9887458440339394,0.0008469931574225702,0.002288914928134515,0.0007416519620750435,0.00093024000579603,0.0009672965152267986,0.0010582257269151274,0.000982529226884812,0.0009597689842861743
Q9JJK1,4,265,M,test,4,0.00302601350999724,0.0008682382714616124,0.0014427102993057306,0.0020266155182048313,0.9823630339729251,0.0043920876084712485,0.0010391450901806375,0.00208279545299106,0.0014711651122911382,0.0012881951641714078
Q9JJN5,2,457,S,test,0,0.9388091351872149,0.03041465684272884,0.0023089655480556274,0.017329749852799746,0.0019904530423539503,0.0016761293921356243,0.003143677949017593,0.0009256464907136117,0.001315609005913421,0.0020859766890667327
Q9JJW5,1,264,S,test,1,0.12054544845735683,0.8237785892165906,0.0016928301533214976,0.03793130630449321,0.0021736369341867697,0.004305940377539597,0.0026015028022895368,0.0026015028022895368,0.0025812579459783365,0.0017879850059540788
Q9JJZ5,2,550,S,test,2,0.0007545497377154987,0.0009353913026283614,0.9942211091003605,0.0005899438632761051,0.0006978443505065179,0.0007341970188181464,0.0005206236518475231,0.0004418475463925273,0.0005673434552427673,0.0005371499732119926
Q9JKA9,4,863,M,test,4,0.0025670634817951074,0.0009135287342952705,0.0013660225804877873,0.002087007962161203,0.9862743050198075,0.0018891405882534716,0.0010933506877079029,0.0014541233573606195,0.0011593282486730967,0.0011961293394580842
Q9JKN1,7,378,M,test,4,0.0025969306502413502,0.0008497123831919587,0.0012656428364699718,0.003467357163144228,0.9614020439271709,0.013136885625991409,0.001491291727040251,0.0049619116627640895,0.008716934377050109,0.002111289646935711
Q9JL61,0,658,U,test,0,0.995173811827617,0.0010044900137065845,0.00035260913790587155,0.0007334665717578553,0.0005050892661662785,0.0004634959609388665,0.0005031201008798032,0.0003782944048695209,0.00039030273334565913,0.0004953199828125817
Q9JLM4,0,1370,U,test,0,0.9949047608590629,0.0009360344973439668,0.000415362785622474,0.0008862196361562889,0.0005655202382409734,0.0005010231383269398,0.0005109049341796666,0.0003390091954238787,0.00040574091601839447,0.0005354237996245088
Q9JM73,0,504,U,test,0,0.9938365917032368,0.001933603449649137,0.000330800524612596,0.0010574598774451666,0.00044514078729680903,0.0005183933627460836,0.0005432715530854774,0.0004592710771703831,0.0004053052925300651,0.0004701623722275054
Q9JM80,4,424,M,test,4,0.0013865315367878408,0.0006810414026861886,0.002181320256968108,0.0014587596782636213,0.9817192132143909,0.006798140359264488,0.0012046394617186392,0.001633733423464871,0.0016084048250314701,0.001328215841423814
Q9JMB1,0,375,U,test,1,0.002408117165239887,0.9877668349710704,0.0017773690331918139,0.002334027205762852,0.0009366076334346666,0.0010206570968433319,0.0009077912366713092,0.0009293189294212079,0.0008662204373434447,0.0010530562910211103
Q9LD83,4,556,M,test,4,0.0016567807087328886,0.0006564525501824104,0.0010009705965004275,0.00236859799915594,0.9839696829744429,0.004181447881434721,0.0014338240646633036,0.0015322716123444375,0.0015624930297235937,0.001637478582819431
Q9LES2,0,478,U,test,0,0.9949350317551618,0.0010890379225931505,0.00038116989111901874,0.00084401235281815,0.0005271388512675439,0.00045265047432605096,0.0005169430221886284,0.0003608844037406328,0.00037820362855294295,0.0005149276982320891
Q9LFH9,4,715,M,test,4,0.0014671425685861786,0.000753746700972659,0.000956554368281852,0.0016886706938017849,0.9892910673377489,0.001732096288812117,0.0008812191571601151,0.0009127505398698568,0.0011674258343444147,0.001149326510422173
Q9LFS2,4,641,M,test,5,0.006419945340784988,0.0019262057925290557,0.001823694995564211,0.001911216038579028,0.01095540965572098,0.9595742075319994,0.0017132028801795035,0.010494640584495105,0.003584596494940808,0.0015968806852068977
Q9LFU9,5,149,M,test,1,0.002352987022464701,0.9870770495135537,0.0009808708476169048,0.002109203809161829,0.001094240620462312,0.0013618043391756774,0.0010688924664352232,0.0011648130971303574,0.0016298664318477275,0.00116027185215154
Q9LG05,0,485,U,test,0,0.9949328393930185,0.001201045915694597,0.00034435756068164016,0.0007610121132197651,0.00048184284728107187,0.0004743725642179711,0.0005029982446749543,0.00042191568049115456,0.0004089347041564873,0.00047068097656387736
Q9LIB2,6,962,S,test,6,0.0017120058146532732,0.002009371427970965,0.001044486136080133,0.0012452125904139045,0.0007291688715002478,0.0017526048459082775,0.9874121601315311,0.0011789436297586764,0.0009436146395846603,0.0019724319125987194
Q9LIG6,3,283,U,test,6,0.005086992110857609,0.004248266796826036,0.003998679346014797,0.01150296469592074,0.0012755608621169367,0.0022386790836239896,0.9613956259510884,0.0017988291937828607,0.0017709409737107322,0.006683460986057838
Q9LIQ6,0,234,U,test,0,0.9950972385028599,0.000881212594451159,0.00038123203015189987,0.0007641168670642637,0.0005678434012583183,0.0005050503649552291,0.00050901157145179,0.0003782653016797279,0.0004090022687341492,0.0005070270973935229
Q9LJL4,6,330,U,test,1,0.005151229462865303,0.9778235568542372,0.001858378288081478,0.0055916068204112344,0.0009199639847854837,0.00188028427964193,0.0024909719293015734,0.0009947182348276217,0.0011998591827434822,0.002089430963104732
Q9LJR2,2,271,S,test,2,0.0012952217731546215,0.0024788401422806464,0.9877214418383823,0.0012359092180812864,0.0005092013429528205,0.002435722238042766,0.0015231663352718858,0.0006905793717588453,0.0012504777798017926,0.0008594399602730783
Q9LK31,7,426,M,test,5,0.0073674147601412825,0.004926964709365324,0.008513030841595336,0.008613380840926018,0.005285861010451822,0.8285880017347055,0.005582982224479353,0.03162974609437116,0.09591602506420001,0.003576592719764197
Q9LK72,2,276,S,test,2,0.0008802462676053342,0.0015799723167065549,0.9920665382798637,0.0007558613379383753,0.00048422297112489954,0.0013593636705982576,0.0008598553690040214,0.0005661139835952304,0.000785971459902664,0.0006618543436610267
Q9LKA4,0,404,U,test,0,0.9593304709039483,0.024778729467853824,0.0006603308010527305,0.007324578458621604,0.00153531507467906,0.0018811072846563323,0.0012050825898129646,0.0012530876194548457,0.001114519255046262,0.0009167785448741026
Q9LKX9,0,867,U,test,0,0.9944785827355586,0.001047859791844659,0.0003496206898924891,0.0011530987896665127,0.0005331079063668207,0.0005008085296813327,0.0005047363831082387,0.0004317239150755516,0.0004631721792416528,0.0005372890795642349
Q9LKZ3,0,1013,U,test,0,0.9947125583999261,0.0010079540911536887,0.0003552099980269059,0.0010001100270274168,0.0005374154830248349,0.0005009263239612163,0.0004912375427060499,0.00041853963997602486,0.00044902750208568955,0.0005270209921120037
Q9LLC6,6,198,M,test,6,0.0028536690737830865,0.0025705332430094536,0.00198247840971187,0.004168314851205901,0.0009147635268305901,0.0017291483970576593,0.9799218061457229,0.001094828596387916,0.001120791660727297,0.003643666095563342
Q9LM71,6,232,U,test,6,0.0020764069536214143,0.001996861063074785,0.0013301962692590019,0.0012993822978663258,0.0007288873860622929,0.0015612436619506771,0.9870310380370675,0.001023888699658727,0.000939572982360477,0.0020125226490787878
Q9LMR3,6,358,U,test,1,0.03349047315401998,0.8145756207522952,0.024252195243643384,0.06791740227359905,0.0038018193956713526,0.011130605121982752,0.020214055320711577,0.005036592631387384,0.003543685432444617,0.016037550674244706
Q9LNI5,0,83,U,test,0,0.9943674052194635,0.0009614627193245952,0.0004384735880261026,0.0010559602942119004,0.0006429789255096476,0.0005696478094849755,0.0005608162522701349,0.0003961278646156343,0.0004419125547870847,0.0005652147723063626
Q9LP21,1,528,S,test,1,0.0025384348279231615,0.9858081238927948,0.0008577751616084139,0.0028484699768421824,0.001323368692293507,0.0013182092823226742,0.0009950366660598851,0.0014995731540526343,0.0017600402952584633,0.0010509680508442134
Q9LPP4,0,128,U,test,0,0.9944877397118363,0.0014449114646188357,0.0003635513702668352,0.0008585934864037418,0.00045957197122385674,0.0005269018729730792,0.0005372940350614508,0.00041518869165995195,0.0004283681855680337,0.00047787921038787017
Q9LQ02,0,1453,U,test,0,0.9845088719684117,0.005808546559133094,0.0005115258700374618,0.004968313335096322,0.0006415971826424049,0.0007984805753001313,0.000856644642193207,0.0006366041873949435,0.0006074519846089308,0.0006619636951817828
Q9LQU4,4,152,M,test,4,0.0122053607435392,0.0037442995584672316,0.01928629624238488,0.011760727812143691,0.8539922382085962,0.04687940081543662,0.009231101233637896,0.010059483748976418,0.02713171621810189,0.005709375418716059
Q9LRH6,0,309,U,test,0,0.9947581307182173,0.0011081532092833625,0.00037519368323146615,0.0009904362405004855,0.0005148361404532218,0.0004724401805648389,0.0005229436532100337,0.0003497189824500217,0.0003811021104236675,0.000527045081665661
Q9LRY0,0,189,S,test,1,0.003588313081170064,0.9862334852575858,0.0009724059602784059,0.0036483819837454653,0.0007170071864015558,0.0011018803314365552,0.0010890429824579073,0.0008716591039389643,0.0008784955929730901,0.0008993285200121436
Q9LS90,0,460,U,test,0,0.995020909904716,0.0010241443909147802,0.0003525549568707747,0.0007066383885931937,0.0005010816585904845,0.0004894740623571794,0.0005030427909527831,0.00045981836732345363,0.00043534725735669107,0.0005069882223246615
Q9LSP8,0,838,U,test,0,0.9805996828816039,0.008483849405631792,0.0005134907496276825,0.00552054644435667,0.0007829799073036153,0.0010093010368528211,0.0009897794659465423,0.0007129113223389474,0.0006856001104110966,0.0007018586759268483
Q9LSR8,4,766,M,test,4,0.005840197988712748,0.0032315691361602845,0.0012483166743726339,0.003920923665989115,0.9707276752835401,0.0064393071233244175,0.0012483166743726339,0.0035630755200931185,0.001298043831040439,0.002482574102394528
Q9LSZ9,5,489,M,test,9,0.004892387056043795,0.00833850011267908,0.00898091892530686,0.005675267928713619,0.012126524012245512,0.03080028993056749,0.008998477148473367,0.0053732358497393115,0.004087742107779736,0.9107266569284512
Q9LTT3,0,319,U,test,0,0.9951418595075334,0.000839255862955204,0.0004026793449884507,0.0007746702725001998,0.0005723227489135435,0.0004972426082796549,0.0004953040603489991,0.00036095941166326657,0.0004026793449884507,0.0005130268378287729
Q9LU10,6,448,U,test,6,0.00255718148076101,0.003054573664257572,0.002402249672340699,0.004987199236253777,0.0009936136944283832,0.0025175360070868475,0.9767377518469934,0.001551009016880399,0.0013687607003755047,0.0038301246806223548
Q9LU21,6,204,M,test,6,0.0021826353903783256,0.002303072158210262,0.0013186741319672133,0.001229139460818148,0.0008382003531704397,0.002026508247455161,0.986155768077689,0.0010804828052097262,0.00098764135697794,0.001877878018123725
Q9LUT2,1,393,S,test,1,0.02700980578509248,0.901457132374955,0.005236089823209476,0.034010478895878736,0.0024733534815910008,0.0035707028608106327,0.008482428651854224,0.0023417240826744653,0.003276661292734747,0.01214162275119929
Q9LVA0,5,446,U,test,1,0.005565789899156859,0.9809425453047128,0.001113227945426892,0.006088992855288067,0.000753247738726461,0.0013533410216896437,0.001281317552904791,0.0008945037940928296,0.0009447843190205785,0.001062249568981096
Q9LVI9,6,426,U,test,3,0.010494972584068297,0.02989739739796957,0.012366100220180164,0.6493009927912154,0.010172076528040728,0.006415448620177549,0.03884153442403373,0.006218065510605493,0.00836732145788489,0.22792609046582415
Q9LVV5,6,223,U,test,6,0.0019636144394102563,0.002053834914694396,0.0014764353048602329,0.0018810273165965818,0.000805865663010682,0.00168614190248586,0.9858821395769601,0.0011588672365773992,0.0008713485232797948,0.002220725122124622
Q9LW68,0,195,U,test,0,0.9948131297501972,0.0013224790052364902,0.0003363400505518701,0.0008439089241810426,0.00045793005348575895,0.00046878953583178714,0.0004951404621076857,0.0003841123839793879,0.00040570355376142277,0.0004724662806673224
Q9LX82,0,256,U,test,0,0.9950918815358721,0.0009091803497096639,0.00036662530546061013,0.0007291214760107421,0.0005525238625435252,0.000503078668157941,0.0004991637374323928,0.0004154408967031795,0.00042198314653067937,0.0005110010215791063
Q9LXU0,2,80,S,test,2,0.0006801748452604547,0.002014824571019691,0.9881599679917074,0.000789016601748944,0.0008531303659241859,0.0020848809885675355,0.001255929330074592,0.0008802116567891093,0.0020405663288849893,0.0012412973200231555
Q9LXW7,0,1580,U,test,0,0.9910717313129331,0.0031667099537416132,0.00035390986294574027,0.0018543550183914193,0.0005481462898309893,0.0006211311494069132,0.0007318713125243456,0.0005973359675898839,0.0005109285341837472,0.0005438805984521685
Q9LY61,1,428,S,test,1,0.0026405183117771667,0.9878549349961021,0.0007070515957346178,0.003013359160820071,0.0006746733464002307,0.0011298652429741264,0.0009366911571117743,0.0010049229447250045,0.0010408806165256906,0.0009971026278291736
Q9LY62,7,334,M,test,5,0.001251481923073419,0.0012035384808245595,0.0013691254359818326,0.001049744864375588,0.002231007853658452,0.9846607640422027,0.0015154837216446507,0.0017443110935658152,0.0034825541544100053,0.0014919884302630121
Q9LYG9,4,734,M,test,8,0.011012189285114032,0.0056685890142835595,0.007451220081721601,0.017392412135802053,0.1270162932698704,0.20297143222434186,0.007748043301713488,0.1260278396257469,0.4869031694262849,0.007808811635121164
Q9LYR5,6,256,U,test,6,0.0019940354293538232,0.002122639915395025,0.0016563453930936792,0.0016022525421064565,0.0007278560309221425,0.001621139416782267,0.9856343773686522,0.0011406140511213889,0.001114191728237768,0.0023865481243352
Q9LYT1,9,488,U,test,2,0.020410652614222664,0.03485558135773056,0.358972029474199,0.11608680433109611,0.01458683527847589,0.1367836728272086,0.1461753669598863,0.021642320983242796,0.013703063346729454,0.1367836728272086
Q9LZ78,0,127,U,test,0,0.9944502406078959,0.0014399270153391196,0.00038397227193666465,0.0009671934236586,0.0004778611913771674,0.000502754306491205,0.0005248278718699587,0.0003635376595177143,0.0004023994769356222,0.0004872861749780961
Q9LZS3,6,805,S,test,6,0.002439868901701701,0.0029147984394349274,0.0015814631344142555,0.0016638459435380864,0.0008905925056532709,0.00175394254766795,0.9843132879546582,0.0011214253270107359,0.0009046173493601917,0.002416157896560687
Q9M021,4,682,M,test,4,0.001089081693007566,0.0005739057367762503,0.000976246497503564,0.0014655195803285938,0.9901286439221488,0.0018571189327061645,0.0008649064821068574,0.000983903249232993,0.0010806064251933944,0.000980067480995731
Q9M047,1,199,S,test,1,0.003380292287803855,0.9870493210605079,0.0008005410135286554,0.0030013606787025566,0.0007759109676719863,0.0011647803699181443,0.0010359770712712677,0.0008655912125575937,0.0009142465849305585,0.0010119787531074538
Q9M069,2,504,S,test,2,0.005261709648992567,0.014443170484219486,0.7451466543246812,0.0071919049244719875,0.01972220366355125,0.15138573183228307,0.014872569774166898,0.0123780503231895,0.023446443242851705,0.006151561781592354
Q9M0S5,6,764,U,test,1,0.005650925559031667,0.9429439722234424,0.00918131933120904,0.015541877198574774,0.0052672421345425924,0.005477065354779864,0.0040071065294459505,0.002507583106113728,0.005968567046719974,0.0034543415161400457
Q9M0X8,0,298,U,test,0,0.9950285382359454,0.0010754006155100583,0.0003553228235150929,0.0007434548059226578,0.00047627500835786135,0.00048188919603642797,0.000505015538646687,0.0004057914027364722,0.00042526570901496916,0.0005030466643143575
Q9M1S3,0,261,U,test,1,0.016518516373717134,0.9600467032191528,0.001159781932869282,0.012132503955815896,0.0015364612832490655,0.00257308849558371,0.0016228265504008538,0.0013453705393967933,0.0016874726767420432,0.0013772749730724377
Q9M297,0,1256,S,test,0,0.9943707481205178,0.0010958860829567488,0.0004350628020286592,0.0012737353767425302,0.0005106307133358505,0.000485347637037279,0.0005393334892673098,0.000341484715186815,0.0003869528959865559,0.0005608181669404564
Q9M2Q6,0,354,U,test,0,0.9948873257992084,0.0011948493012127028,0.0003525076144955175,0.0009001597948018579,0.00047250151824167555,0.0004597566303144893,0.0005010143672747822,0.0003752424216663277,0.00038414103454266306,0.00047250151824167555
Q9M365,0,359,U,test,0,0.9935344456469717,0.00183372036532572,0.0003359077381510395,0.001305391546186829,0.00042795753683569403,0.0005326017853183902,0.000578133796740075,0.00047742112650566023,0.0004313140524980479,0.000543106405466899
Q9M3D8,4,664,M,test,4,0.004826866711439748,0.0050461777968460065,0.0014219504332965427,0.0024188194266534036,0.9758213727439989,0.004442648676649892,0.001000467157892665,0.002109731644791101,0.0011074161609525653,0.0018045492474791612
Q9M424,6,498,U,test,6,0.0021605142521749347,0.0022031266840013006,0.001518627987034775,0.0013040351992423893,0.0007636140262854893,0.0015245716877416058,0.9867036401777571,0.0009998385854404987,0.0008720746316145924,0.0019499567687072295
Q9M427,0,406,U,test,0,0.887881003672546,0.08258580073212148,0.0009766154283830306,0.014634313384949943,0.002593219870959933,0.003435457913850146,0.0018678260190861894,0.0023983362065388325,0.0021498546973455082,0.0014775720742189755
Q9M4A1,0,383,U,test,0,0.9933253115222072,0.0013127864295235188,0.00042453777922925377,0.0015549813224008848,0.0006010374305228541,0.0005408752062255438,0.0006864063112492107,0.0004963349889599257,0.0004590347870812884,0.0005986942226003706
Q9M5P3,6,354,M,test,6,0.001843923959701229,0.002198284104186993,0.0013464111788416124,0.0018082592008271383,0.0008829980695454782,0.0031015916379504684,0.9835738593113612,0.0013783405199430548,0.0012069152634967323,0.002659416754146062
Q9M670,4,366,M,test,3,0.02185777932037922,0.0727975201932636,0.0172909269597734,0.6338069338721991,0.019979629365996333,0.021518904536578787,0.02741579739649499,0.012261102935236549,0.007732980558248579,0.16533842486182942
Q9M7X9,6,183,U,test,6,0.0020848109453274633,0.0019243727069628296,0.0012113185134644275,0.001346055043229594,0.000740464122289984,0.0014328681589445551,0.9871622730991577,0.0010858188408174086,0.0009695271542892772,0.002042491415516725
Q9M815,4,190,M,test,4,0.0093359918569327,0.006620209614781963,0.017578726503411482,0.019268782665813097,0.6596368502107497,0.054784550854678815,0.011305430819798776,0.015819141523397404,0.19498827908196836,0.010662036868467652
Q9M8S2,4,558,M,test,1,0.0023390338713937643,0.9889195543564562,0.001009943311142954,0.0020282226578056052,0.0009304034157631392,0.0010338934352591928,0.0009827017766386413,0.0009524672624232198,0.0008210781364787008,0.0009827017766386413
Q9M9E0,4,656,M,test,4,0.001267939663885452,0.0005827771265288792,0.0007903629870243418,0.001696231274965191,0.989846149897991,0.0016797470985590486,0.0008817136225502274,0.001063549636740047,0.0012193656046677363,0.0009721630870881051
Q9M9F0,0,311,U,test,1,0.003287845417467521,0.986668406739213,0.0007286196489364709,0.003506735598571436,0.0008128339258310928,0.001366568393236727,0.0008256342002241047,0.0009652641593456527,0.000972834765502364,0.0008652571516717068
Q9M9V6,6,562,U,test,1,0.0032513388791646117,0.9671749079942452,0.0028028292569807697,0.011986180268017108,0.0017267730117320127,0.004549440838175709,0.0030783058825877003,0.0012340689865160943,0.0022698002415194843,0.0019263546410612524
Q9MAQ0,6,610,U,test,1,0.0027344090025486186,0.9849925595736291,0.0015278845269344984,0.0024225519333338744,0.0012373185381352543,0.0018144077611143333,0.001457917526061397,0.0011091252536660013,0.0010257730527862654,0.0016780528317907157
Q9MBA2,6,326,M,test,6,0.0017567387919855944,0.0019237557721304196,0.0010993389381860025,0.0011166510599129123,0.0006960580625954866,0.0017774466320814922,0.9878099710598741,0.0010780757970300725,0.0009329968758389833,0.001808967010364961
Q9NH52,0,898,U,test,0,0.9945925200004969,0.0014450637858509706,0.0003208667434753099,0.0009105006760357866,0.00043515981768425897,0.0004816780139117604,0.0005208181269452254,0.000421771385852765,0.000412001055029255,0.0004596203947177238
Q9NHB0,4,494,M,test,2,0.00272035389017289,0.007863922039141933,0.90275347169762,0.003806459714793745,0.0034658207999548264,0.026943193729773728,0.004432852376881392,0.0023634843511761974,0.04288724806889385,0.0027631933315914172
Q9NJ98,2,487,S,test,2,0.0010815656020165248,0.002189094148487283,0.9832954768119877,0.001142360941252672,0.0017148870565518917,0.004875725950169864,0.0010731487744493062,0.0009925004323638755,0.0025869509519165215,0.0010482893308043349
Q9NP55,2,256,S,test,2,0.0009669525057723546,0.0008925398832968751,0.9942025281587248,0.0005105443311460026,0.0004929072918215701,0.0005541906512790507,0.0006182443464095865,0.0003929800081824257,0.0007604534751706447,0.0006086593481966539
Q9NP59,4,571,M,test,4,0.0036977458855391434,0.0008032156012379736,0.0007033191045078495,0.00512629671450558,0.9749931440829793,0.00523251124443829,0.0012735464120530746,0.0023241814973856143,0.0038188522612338997,0.002027187196119257
Q9NP95,2,211,S,test,1,0.011173137001868158,0.9597160623475791,0.004207841763160061,0.011505318357774514,0.0021660116945777814,0.002512617142295324,0.003042657289002007,0.0014770916352549197,0.001911498570122172,0.002287764198365956
Q9NPF7,2,189,S,test,2,0.0007805537714020526,0.001232789659402551,0.9929554968739985,0.0007594996519224773,0.0006008136858181556,0.0011246621716537084,0.0006888362464623381,0.0005322914492738962,0.0006728793721088633,0.0006521771179574516
Q9NPI8,0,374,U,test,1,0.004447525636117156,0.9831733106121577,0.0007911920443903965,0.004109273913172982,0.0009618448675235744,0.0013885852789238622,0.001197035380389993,0.001089913021564695,0.001707989010878407,0.0011333302348811478
Q9NQ11,8,1180,M,test,8,0.03327281986032592,0.005895987801585931,0.00585010480016433,0.03253380798223325,0.02551115368136725,0.12508075829440815,0.005122522577820427,0.08397524401105469,0.6761801514557769,0.006577449535263096
Q9NQ79,2,661,S,test,2,0.002429662372983519,0.005539869718661811,0.9687761205931946,0.002988535855371013,0.0013055945210270513,0.009760828165805015,0.0019599295117376484,0.0011167342677514188,0.004915247414619278,0.001207477578848608
Q9NQ92,0,184,U,test,1,0.07862549493894767,0.8858707306819915,0.0013634368202400226,0.019648034673752243,0.002078992676953689,0.003620351312138609,0.0022655579789006113,0.002648705653956608,0.0023929060758386576,0.0014857891872803238
Q9NQG5,0,326,U,test,0,0.9946450694424126,0.001028768557749713,0.00037809341777679794,0.0007259527848190025,0.0005925054263641683,0.0005437134914569264,0.000590195455178392,0.00048738165576692205,0.0004317961878614614,0.00057652358061404
Q9NQG6,3,463,M,test,3,0.0073666209783877995,0.009903196929092027,0.0036789344369443275,0.958263880602373,0.0017108634364025222,0.0014406913954683111,0.00967378888006285,0.001261511555416085,0.002031700593046664,0.004668811192806465
Q9NRN5,2,406,S,test,1,0.002823105681647633,0.9885469329242649,0.0008737037700428647,0.00231995681566803,0.000901438147891061,0.0011711133001465878,0.0007531797482712993,0.0008468227164738082,0.000930052858372116,0.0008336940372217146
Q9NRR1,2,136,S,test,2,0.0005854176477474761,0.0010304544881812388,0.994331082521958,0.0005309507625023608,0.0004929710801502776,0.0008080234667637978,0.0005586094702789054,0.0004631034790400247,0.000642955452646854,0.0005564316307310788
Q9NRX1,0,252,U,test,1,0.102029047431289,0.854278739289014,0.0013148138471189242,0.024424092730395065,0.0017282901018471919,0.003588022647481306,0.004145952387964575,0.003644525987820113,0.0027617998292585842,0.0020847157478112925
Q9NSA0,4,550,M,test,4,0.0018842144461450028,0.0007123789476571432,0.0007823952499716193,0.002101993038870074,0.9875525726353697,0.0025930814930381894,0.0009291173695556175,0.0012117973831712381,0.0010487232776072854,0.001183726158614175
Q9NSV4,1,1193,S,test,1,0.002658191508791408,0.9850427427194304,0.0015888294104235718,0.004202391706275972,0.000857109190528517,0.0012277521369118138,0.001510161054095057,0.0009123880194572523,0.0008912525256365054,0.0011091817284494866
Q9NSY1,0,1161,U,test,1,0.002036361772888717,0.9870873934988815,0.0016620301588954683,0.0022895432180745382,0.0013199198620630068,0.001220726321989795,0.000988574373892116,0.0011924483411232616,0.0009286796788537306,0.0012743227733378196
Q9NT62,1,314,S,test,1,0.0020679744947015247,0.9887993735505393,0.0008470389707456175,0.0019502857080051078,0.0008339069152505685,0.0013588622408353243,0.0010541570163641856,0.000990289010940553,0.0010019622078590844,0.0010961498847588016
Q9NUB1,3,689,S,test,3,0.002267870395645188,0.0024617501060302765,0.0019209611120625978,0.9834894124495984,0.0018838063465043801,0.0013410469067628708,0.002202392829498469,0.0008898471298081122,0.001399925935930594,0.0021429867881590492
Q9NUX5,0,634,U,test,0,0.9934336009199097,0.001069491037340502,0.00046631438018106833,0.0017823363998672672,0.0006448893731765919,0.0005202112402721953,0.0006299505515326562,0.0003575356117470119,0.0004380618074845781,0.0006576086784883479
Q9NV88,0,658,U,test,0,0.994819522589162,0.0011445174945665902,0.0003470188616139528,0.0008690041208050858,0.00045614768377678303,0.0004669649075287864,0.0005291405519004613,0.0004120950808686469,0.00042851109546550786,0.0005270776143122073
Q9NVH0,0,621,U,test,1,0.05233680922274997,0.8381000309381734,0.0016955589202393843,0.0749690269107484,0.003973212346468998,0.010066996721928997,0.0052226890813077,0.0036746207989460152,0.005987842712968145,0.003973212346468998
Q9NVH2,0,962,U,test,1,0.00454904901771765,0.971825260066432,0.0015432082433150614,0.00659302296085945,0.002860656179252074,0.002125859095094153,0.0017762218083437827,0.002142532332671308,0.004602671785168452,0.001981518511146069
Q9NVH6,3,421,S,test,1,0.02657622964655041,0.7407431419662263,0.019095463206963825,0.1135966451742583,0.006458947741275546,0.05450426280092172,0.013461603450838019,0.004370342832231815,0.006408683797502778,0.014784679383231324
Q9NVN8,0,582,U,test,1,0.36980204086722807,0.5380587928324185,0.0026732109198464686,0.06787416029178178,0.002590964895712882,0.005358010751621307,0.004172823201428785,0.003405758955625641,0.0034324706828304905,0.002631766601506096
Q9NVR2,0,710,U,test,1,0.006069070101545418,0.9777329877698749,0.0004923756245024957,0.005429664396899206,0.0013917320838469655,0.002605181281742085,0.001010289167228498,0.002138782286697707,0.0023307127765916686,0.0007992045110709883
Q9NVS2,3,196,U,test,3,0.0025630790446531473,0.00253817082313303,0.0015111772361450589,0.9857055848857771,0.0016467875778782835,0.0010027364763435403,0.0013976104841926288,0.0008443887677396483,0.0014877485369062047,0.0013027161672314088
Q9NWQ8,4,432,M,test,4,0.001381542573442192,0.0006919748465604818,0.0020062102117269563,0.0015232662410717918,0.9820152804079445,0.006514183433291083,0.001167928717222805,0.0016599614651455151,0.0016795284365866436,0.0013601236670080813
Q9NWS8,3,449,U,test,3,0.004124210676965058,0.004433282645846155,0.0032245097644341765,0.970500766101176,0.0037845885337044155,0.003366082669973743,0.003366082669973743,0.0021563935999800526,0.0026941788351463867,0.0023499045028003113
Q9NX18,3,166,S,test,3,0.0017535221720648587,0.0020460750548012656,0.0016602014334660168,0.9860013031172062,0.0013550169055943683,0.0011365902022208358,0.0023072132613499853,0.000871453885864253,0.0014651225225605139,0.0014035014448716397
Q9NX20,3,251,U,test,3,0.0019815379544627096,0.0026978821506338977,0.001797177069159889,0.9832905196104574,0.0009396758076204948,0.00109859226255931,0.003975547249097427,0.0009036773391620231,0.00148991210900721,0.0018254784478395657
Q9NX58,0,379,U,test,0,0.9951320749610356,0.000950992091805214,0.0003782785316599967,0.0007150478371453725,0.0005130217721726022,0.0004876202955027325,0.0005130217721726022,0.0003933474198264492,0.00041545768948016815,0.0005011376291992021
Q9NXG0,1,1405,S,test,1,0.0022121507908234635,0.9888120161574799,0.0007712476668164426,0.002322846154076956,0.0007245201316826297,0.0009825949532106394,0.0009749483297748004,0.0012039005801236353,0.0011353863265677528,0.000860388909443749
Q9NZC9,0,954,U,test,0,0.994142718334199,0.0014130187387364525,0.0003808663652634796,0.0012610679698509888,0.00046301574977268453,0.0004890420862978741,0.0005628840432815923,0.0003779024598968083,0.00038686414161413475,0.0005226201110870067
Q9NZD4,1,102,S,test,0,0.9919330036595455,0.00259696377999613,0.0003770624585405622,0.0019242540310294089,0.0004729422879563698,0.0006096466406149537,0.0006241040841667261,0.00046926181772048416,0.00046926181772048416,0.0005234994227093668
Q9NZH8,2,169,S,test,1,0.012928578940585477,0.9573104838113161,0.0012310627134864461,0.016471436844306495,0.0017225664182456866,0.0034796797790810634,0.0015684146160313806,0.0016308930846409132,0.002336146363306721,0.001320737428999657
Q9NZI6,0,479,U,test,0,0.9946142437467564,0.0008603814259493661,0.0004950414570656504,0.0011221489716979848,0.0006899869693289041,0.00045605356533212925,0.0005228679736152835,0.0003259267829520883,0.00037808168177766796,0.0005352674255245148
Q9NZI7,0,540,U,test,0,0.9948425445086653,0.0008406436586584667,0.00047804971793900683,0.0009268800028092789,0.0006767967642763059,0.000449086165766891,0.0005209490582967517,0.00034432630897904693,0.00038113444999475667,0.0005395893646141898
Q9NZP6,0,1156,M,test,0,0.9877474764232537,0.00522387517529685,0.00039349064534965596,0.0027207179320329847,0.0005463076774901211,0.0007644218629324313,0.0007794987537509448,0.0006745999874136812,0.0005680700677193002,0.0005815414747603447
Q9NZP8,2,487,S,test,2,0.0005587395332798883,0.0009579024134287225,0.994562694781187,0.0005028111092223078,0.0005373345388939018,0.0007757330385796466,0.000533153016910135,0.000452481068939856,0.000590146582964722,0.0005290039165937999
Q9NZS9,5,450,M,test,9,0.011249670099924712,0.01656111556160171,0.014961721737873522,0.008327451736213402,0.02254811170161786,0.39811665783732486,0.007178712810060506,0.011118607864793208,0.022155222088131844,0.48778272856245836
Q9P013,0,229,U,test,0,0.994690074974388,0.0009769204912169534,0.0004251210546022061,0.0009035037495235988,0.0005353082165096676,0.000495079213449478,0.0005856289729264091,0.00040883492919331545,0.000418530171958001,0.0005609982262323354
Q9P0G3,2,267,S,test,2,0.0006234127008431567,0.0008405335350720578,0.9947122271968131,0.00044553296371955474,0.0004855143166590834,0.0007064191431348496,0.0005311542684324068,0.00040566240904858954,0.0007036650480063599,0.0005458784182708856
Q9P0M6,0,372,U,test,0,0.9947718362263033,0.001069886439076622,0.00040886853280411013,0.0009377390922465866,0.0005249976251876876,0.0004561258220389285,0.0005437828100598294,0.0003497237833304113,0.0003693819376476877,0.0005676577313048341
Q9P0W5,1,487,S,test,1,0.030837893141382636,0.6009253792361314,0.023266300299022716,0.015521416267140773,0.288327154275099,0.015643153164798546,0.004112765612683085,0.01135571102027918,0.004210297436897113,0.005799929546565605
Q9P1Q0,7,977,U,test,1,0.0020991920512367563,0.9891301526791423,0.000691564322448165,0.0020686660871182877,0.0008742192301697021,0.001105116711928199,0.0008276941898134551,0.0011763904888678171,0.0012184835973282602,0.0008085206419470789
Q9P278,1,1114,S,test,1,0.0020975271424485574,0.9893113398932526,0.0010713119371903155,0.002013236167890514,0.0009307720509674023,0.0009640764353489561,0.0008608233850217877,0.0009792585058368453,0.0008408824310756607,0.0009307720509674023
Q9P2E8,7,410,M,test,7,0.10210146517256588,0.0074833890543461535,0.014999221661146226,0.02581529072915924,0.22740856773665716,0.06801424017142876,0.009608861766549253,0.47396017997618345,0.06084860347098197,0.009760180260981893
Q9P2M4,7,693,U,test,4,0.013249415586233765,0.008275094593080387,0.0019847956011439165,0.0037080863253737425,0.9583407928869079,0.0053532481733557045,0.0015824170222322237,0.0036936298720724654,0.0016326483662187615,0.002179871573381129
Q9P2N6,0,904,U,test,0,0.9941382516106815,0.0015587255521518923,0.0003522422246212484,0.0011617449242313674,0.00047771129786315625,0.0004928754687191575,0.0005267167005918607,0.0003868624204311785,0.00040227324622340227,0.0005025965544852286
Q9P3A9,1,773,S,test,0,0.9932508872488636,0.001854806044598055,0.0003519278024706951,0.0016005050139544427,0.0004735706210509169,0.0005080671328295782,0.0005493515607728346,0.0004448784322837163,0.0004735706210509169,0.0004924355221252909
Q9P3B1,7,374,U,test,1,0.0026053631825504846,0.988361626922679,0.0009976140854550477,0.0022680041629030514,0.0010578144256205963,0.0011437701415661044,0.0008803912522758894,0.0009298785309803672,0.0009154620654127859,0.0008400752305566045
Q9P3B2,3,242,M,test,3,0.002820320941343342,0.003132499109543554,0.0020195329907433304,0.982761340270042,0.0016164138491280419,0.0011417403779732803,0.002459927504138246,0.0009689824821474526,0.0015125604372409154,0.001566682037699765
Q9P3U8,0,468,U,test,0,0.9948609530052437,0.00108683204438754,0.00035526296515995664,0.0008227908272079766,0.0004893954061608573,0.0005088907258587405,0.0005169045829978945,0.00043527726317982236,0.0004285289280595307,0.0004951642517439779
Q9P4E5,2,465,S,test,2,0.00303350911119284,0.0073916066984704085,0.8678076550115532,0.0038647909045849754,0.004791058290458321,0.011983490939645267,0.0048475341588851955,0.003384124132287078,0.08659850343218783,0.006297727320734837
Q9P4E6,2,453,S,test,8,0.0034593075343814744,0.010247215681947914,0.021778259423002724,0.010368006346880846,0.005378850740516309,0.027103481354638668,0.00661609917070612,0.0057257567283049045,0.9010569277245204,0.00826609529510069
Q9P4E7,2,426,S,test,2,0.0005797514921438149,0.0013745487599593938,0.9924302296497286,0.0005934998517096273,0.0005036967742527242,0.0012787204324178742,0.0005797514921438149,0.0005196858379040843,0.0013839772376260263,0.0007561384721140905
Q9P4E8,2,463,S,test,2,0.0030853127220188716,0.00822453526181437,0.8488143657556009,0.004184304480285579,0.00539378203101915,0.0131684644025848,0.005330942455115995,0.0034961173632724525,0.10137642277920168,0.006925752749086218
Q9P546,1,287,S,test,0,0.9455969710129039,0.03235654661733878,0.0007318014104706331,0.01218558803287697,0.0014105841380567029,0.0022278461560983425,0.0015015591068115567,0.0015859624303876366,0.001304577040272456,0.0010985640547830735
Q9P6I3,5,442,M,test,5,0.0014857927625844156,0.0012808333496146947,0.0013010034677179271,0.0011753587426431452,0.004195591784739488,0.9805718389810615,0.0014067201021368773,0.003069560191653929,0.0037830051853586654,0.0017302954324893633
Q9P6I8,7,423,U,test,1,0.0027600536241803764,0.9869749588563658,0.0011969789681360384,0.002729230339287492,0.0007461300733972821,0.0013094990337793092,0.001269210019027904,0.0008130864624497713,0.0008655260354308951,0.0013353265879451162
Q9P6L5,1,1102,S,test,1,0.004211631629524808,0.9719033897284977,0.0012208763585317003,0.004146336603415646,0.002437505420435661,0.0032672346771186493,0.0018043381971807597,0.004106042000653714,0.004981937383306525,0.0019207080013348633
Q9P6M1,1,242,S,test,1,0.0033693024080994915,0.9819205681507599,0.0010716482232344855,0.004859408377076383,0.0009606192740594142,0.00219887963519382,0.0016150310063714523,0.0011587281564246908,0.0012926545420804403,0.0015531602266999425
Q9P6R1,1,309,S,test,1,0.003707380707226991,0.9751499179603518,0.003758415544537959,0.007430833710647638,0.0012059633128344458,0.0017546663360465964,0.00220084473364793,0.0016743142847175413,0.001443349125271607,0.0016743142847175413
Q9P6R6,3,167,M,test,3,0.0024376197601467405,0.0036432548016449833,0.0019510463159506555,0.9834059617667148,0.000869160064834483,0.0009696180488987617,0.0027648837235850162,0.0008490259764285519,0.0013943498688173753,0.0017150796729785856
Q9P792,7,397,U,test,1,0.007272599591775008,0.9713094100758443,0.0014717580491636804,0.003946328965686717,0.00709026849787814,0.002613463490992066,0.001371829337909848,0.0019804667511159647,0.001494934828865691,0.0014489404107686393
Q9P7C1,5,303,M,test,5,0.003128761792848015,0.0016136973392514417,0.0017312444558866792,0.0024319278189657914,0.009731840760336402,0.9696793972761019,0.001480811804814678,0.0025387020940870362,0.006283348230476898,0.0013802684272312385
Q9P7C8,0,214,U,test,0,0.9946914096117785,0.0008274849615169501,0.0004525396367821877,0.0009487162224434788,0.000648233055216007,0.00048172592124554856,0.0005631946811015171,0.0003552024192710911,0.000405653914302902,0.0006258395763418758
Q9P7D0,5,381,M,test,9,0.009211547196108848,0.022401542577223627,0.013143490717378453,0.24511021095406374,0.03629920438291303,0.07834192752104453,0.029648253294972168,0.008998162557280264,0.01727679270847702,0.5395688680905383
Q9P7D1,3,314,U,test,0,0.6298015262815988,0.2974971601395446,0.0025142317751676185,0.05089576659693403,0.0023804267951432275,0.004276852222021755,0.0038941182162421065,0.0032791761505972686,0.0031535530724101125,0.00230718875034053
Q9P7F4,3,348,U,test,1,0.014813395872462618,0.4943997469842481,0.08491286477236329,0.06510495273200884,0.020168574151237045,0.17628365426727283,0.08864098622201036,0.01858016068897842,0.008984778840378321,0.028110885469040173
Q9P7J2,0,203,U,test,0,0.9898409297779279,0.004013773127499441,0.00036469068701527603,0.002121315649281102,0.00047937684677527067,0.0006707687991528193,0.0007338233186776563,0.0006760297258890414,0.0005560869176574693,0.000543205150123966
Q9P7M0,3,692,M,test,3,0.001768558144610787,0.0018679696168336698,0.0015186485454347718,0.9867170366469079,0.0015546623255932636,0.0010685026033177161,0.0016292719778816824,0.0007696136414683017,0.0014378274369142563,0.0016679090610376638
Q9P7M3,0,271,U,test,0,0.9930665222777404,0.0017660870900351022,0.00041459534586038647,0.0018292803518015098,0.0005079728296563671,0.0005323509540831397,0.0005711291877667597,0.00037455566488760677,0.0003925309758919622,0.0005449753222768216
Q9P7M4,3,689,U,test,3,0.0018760707190167837,0.002159344269081791,0.0014553891227404657,0.9871327766898914,0.0011786100349460435,0.0009732926167029653,0.00146108532506179,0.0008390307531165255,0.0015192884521570613,0.001405112017285191
Q9P7N6,3,356,U,test,3,0.003355695945351184,0.0044282433692055525,0.002087672290368643,0.9808244936991684,0.0010134836432683723,0.001021432481630565,0.0027549341972046117,0.000937319149993801,0.0015214191876407822,0.002055306036168142
Q9P7R5,1,577,S,test,0,0.9186915619247158,0.05182903219515312,0.0007869822393765972,0.016245147781469432,0.0018155489532808704,0.0026006540539502514,0.0017874015933512255,0.002811977415718308,0.0022594873389905454,0.001172206503993907
Q9P7T4,0,1019,U,test,0,0.9948961572479155,0.000979033224165672,0.0003723255947953808,0.0008793153595491624,0.0004932512153223817,0.0004951817886647447,0.0005354191699803688,0.00039944701577327986,0.00041861689252669336,0.0005312524913067966
Q9P7W9,0,217,U,test,0,0.9946165328549268,0.0011887057756666168,0.000418499234774682,0.0010357955181052325,0.0004873676637028575,0.0004351703468253014,0.0005249156244908293,0.0003551756971971102,0.0004088046898233706,0.0005290325944871746
Q9P7X0,3,159,M,test,3,0.0016613172422774364,0.0017893091405530941,0.0013880825571352905,0.98666396852419,0.002120710975901644,0.0010937826352629835,0.0016291844005539543,0.000819205390379747,0.0015606630384687671,0.001273776095277008
Q9P7X3,0,245,U,test,1,0.10197684279704741,0.8538416148652095,0.0018677709562078652,0.028097574163501962,0.0020836491024018035,0.0035861866299110186,0.002379601788205664,0.0021497911715413717,0.0023427095367914968,0.0016742589891819203
Q9P8V9,2,460,S,test,2,0.0012018802656087852,0.00320385881359449,0.9718482967080241,0.001449744315116884,0.0012894292431245805,0.004100800439833285,0.00160472069693327,0.0012497578123324084,0.0119503697726654,0.00210114193276683
Q9P8W0,2,463,S,test,2,0.0022700803526632804,0.0051057226876037275,0.9375336414553346,0.00259251287163176,0.002738239489081829,0.007256695254200062,0.0030073675228833446,0.0022700803526632804,0.03309898747669304,0.004126672537245072
Q9P8W1,2,459,S,test,2,0.000912102376114159,0.002242095750827336,0.9847343913178781,0.0009939528325938283,0.0007680672143203461,0.0023820416494264897,0.001009605339777144,0.0008435567952125075,0.004723396605630464,0.0013907901182196164
Q9P8W2,2,471,S,test,2,0.001079110986058486,0.0024749389624578694,0.9810639261473746,0.0011220979293728583,0.0010377709704419609,0.0028737844081901266,0.001232383528216739,0.0009980145525828265,0.006406977385875477,0.0017109951294290884
Q9P8W5,2,466,S,test,2,0.002077913125129344,0.004556342961580317,0.9499069831587792,0.0022119269649171717,0.002647329859312733,0.006042070841545528,0.0025459123129833792,0.0021776342672148513,0.023966968657782577,0.0038669178507548694
Q9PT51,2,233,S,test,2,0.0005944796767127303,0.0009536938815079393,0.9940686302269495,0.0005144792997692285,0.00048142430393188307,0.0009047045092692713,0.0005628420665333485,0.00042818763505904746,0.0009153689095301493,0.0005761894907369868
Q9PT61,0,290,U,test,0,0.9949925575113701,0.0010806253709906186,0.0003811919358032255,0.0007262064045752359,0.0005210276096342855,0.00047812180102805126,0.000510949998436571,0.0004057767331665431,0.0004121667717341395,0.0004913758632612212
Q9PTT2,2,225,S,test,4,0.003411438025084256,0.0020530396264999474,0.0467269625447066,0.004082956839016838,0.9167950056297327,0.014167661608199218,0.0023630338749467345,0.0025952852636997913,0.004886658980244784,0.0029179576078691176
Q9QY02,0,738,U,test,0,0.9947622054030987,0.0012465438212928357,0.00037519523386969156,0.0008471685118872781,0.0004931848208075216,0.00046693802389129445,0.0005148382470920492,0.00039628512263819476,0.00040252571200314593,0.0004951151034193486
Q9QY93,1,170,S,test,1,0.008565786231317624,0.9671352434189655,0.0015001848694796511,0.01352861513627378,0.0009170446360678954,0.002454138575606304,0.0018095683638346858,0.0010721337669435313,0.001420346543869003,0.0015969384576420308
Q9QYJ6,1,794,S,test,1,0.002705727666070764,0.9875955443699536,0.0011473566831924486,0.0018990752021911294,0.0012849785673667877,0.0015081718819005617,0.0009813861551500928,0.0009737489026913107,0.0008593304544780805,0.0010446801170052944
Q9QZQ8,0,372,U,test,0,0.9950685130812472,0.0009289030701501746,0.00039332231201590496,0.0007929825664730966,0.0005231068247721082,0.0004598403523481047,0.0005210673443362557,0.00036949211991881605,0.00039026143244345445,0.0005525108962948659
Q9R064,7,454,M,test,1,0.003025566195693591,0.9788664318495947,0.001740833475591292,0.0033035212563993425,0.0024645768742354345,0.0019726225310689603,0.0014832086028329946,0.002675272988643813,0.0018031231178961946,0.002664843108043771
Q9R0E0,7,394,M,test,7,0.003921016892805713,0.002857493587223256,0.002726639045470265,0.0027587799175481952,0.007782658248581021,0.007143512080463676,0.0031261072631886795,0.9557007166239843,0.011191776502836185,0.002791299837898726
Q9R0J8,8,435,U,test,1,0.005280075066424015,0.9489409810872772,0.0210468915585914,0.006879794329668044,0.0035172884400510905,0.0026653799843195875,0.002027714135261853,0.0025833749371226592,0.0038932833823940127,0.0031652170788901693
Q9R0U0,0,262,U,test,0,0.9943779202115952,0.0009210346178263518,0.0005247897353168765,0.0009595968396662974,0.0006455023989695146,0.0005268436506124782,0.0006135412743923077,0.0004055260639107685,0.00044887644740735397,0.0005763687603028152
Q9R1S3,5,931,M,test,5,0.001058284229806307,0.001130946834493165,0.0012180777687067234,0.0009412575488773714,0.002799120362608133,0.9849456888665907,0.0011852221041240675,0.0014521645417631122,0.004017393709062277,0.0012518440339681408
Q9R1S7,4,1498,M,test,8,0.026872101808297005,0.0051487036285398505,0.00548076622237348,0.036231062817060934,0.024170471028916698,0.061032175193571916,0.004169546942730964,0.05961836793975315,0.7701285377453418,0.007148266673414161
Q9R1X4,0,1197,U,test,0,0.9940777724836211,0.0017151674915710706,0.0003036332984143626,0.0009574353762724864,0.0004487409473737831,0.0005349787376958258,0.000539174578601776,0.0005104802398830349,0.00043493461447989215,0.00047768223208669063
Q9R2C1,5,66,M,test,5,0.14189229261233166,0.013616990178346049,0.012993423111344762,0.026765120879716924,0.19394376539848837,0.46162634859242135,0.013198039349796733,0.09600913351828656,0.022538490074186925,0.01741639628508069
Q9S757,3,368,U,test,3,0.002783166320477137,0.004167839649678404,0.0013269281896184306,0.9846060912774817,0.0010745791345097135,0.0009336106068996784,0.0013269281896184306,0.00083688315871755,0.0014403668816832646,0.0015036065913157778
Q9S775,0,1384,U,test,0,0.9950732821320372,0.000984961888488743,0.00034440618114773425,0.0007150056356956928,0.0004991543945164006,0.0005129914617844666,0.0005089993474750802,0.0004353701762622878,0.0004286203866411865,0.0004972083959512628
Q9S7B2,0,370,U,test,0,0.9950772291578178,0.0009546615532324333,0.00037531404730964114,0.0007291107588611518,0.0005439497380052015,0.0004800339695916821,0.0005109934905138747,0.0003872278171579277,0.00041220184408959223,0.0005292776234207179
Q9S7H8,6,569,U,test,6,0.002293110418237281,0.0028068348963213676,0.0015744917296608202,0.00192534361787559,0.0009041545459175525,0.002005954586448801,0.9838097540843348,0.0013206859746613476,0.0008971184044003952,0.0024625517421420972
Q9S7I0,6,1307,U,test,6,0.0039250081157483985,0.0063646983306282,0.0024827345460018244,0.003793119338966814,0.0016282171220425496,0.002913971111201152,0.9707904166467572,0.0018164074899823018,0.0016538578287354532,0.004631569469936084
Q9S834,6,298,S,test,6,0.0016584983603226205,0.0015794622552328316,0.0010257704010277595,0.0011488082363974768,0.0006700939000779849,0.0012866041579463736,0.9888450111952489,0.001033815514354818,0.00098647359579324,0.0017654623835979483
Q9S841,6,331,M,test,6,0.00338056841744747,0.003232067415436722,0.002852289467854147,0.011019699292135705,0.0010012477038091035,0.0016125382215553253,0.9689829141268486,0.0015507627854014438,0.0017098458228725856,0.004658066746638902
Q9S850,9,393,U,test,8,0.01070487793005504,0.039512128456069016,0.034286854128668574,0.059590510364947544,0.0142928872917424,0.20041435972532778,0.009085111582908952,0.019083507817613782,0.5577018446676008,0.0553279180350662
Q9SA49,1,147,S,test,4,0.0024138643755145122,0.0011502945063333202,0.001076388708141983,0.001975918801382916,0.9862641263896926,0.0026049168114976526,0.0010721922852183084,0.001163853747523687,0.0011236478552314627,0.0011547965194635208
Q9SA96,6,392,S,test,0,0.95007895349406,0.02434880106176279,0.0008596177740584938,0.016475221784990158,0.0012704326296230834,0.0018557035154398256,0.0015205089041213898,0.0012217632288763517,0.0011567422496518037,0.0012122553574160663
Q9SAA2,6,271,S,test,6,0.0021012838384191013,0.0021053919024621582,0.0014484271528260606,0.0015722526641497303,0.0007632674260084825,0.0014204119209087628,0.9862557453123153,0.0010933301388843554,0.0009877415541249864,0.0022521480899010244
Q9SAK4,3,528,S,test,3,0.0025125961904584686,0.0028527105212674975,0.002066805157997623,0.9824667682931321,0.0018745109209945493,0.0013554438976496857,0.002374236587312707,0.001047405828122576,0.0015003396387160352,0.0019491829643488443
Q9SAK5,0,358,U,test,0,0.9951051983048105,0.0009217082878250186,0.0003666302260506947,0.0006849554252355765,0.000554693832984964,0.0005011240975429912,0.0004991704155120754,0.0004187048394379035,0.0004387989108173434,0.0005090156597829931
Q9SB31,0,404,U,test,0,0.995114347615865,0.0008070821033068895,0.0004286380739993214,0.0006849617149949909,0.0006021199782225715,0.0005090203039206213,0.0005150204668691493,0.00039953461778771476,0.0004058264011585485,0.0005334487238751176
Q9SB60,1,318,S,test,1,0.002694048494364528,0.9871812613930478,0.0008260633457251044,0.003491468548207557,0.0006534698868556053,0.00125468547514071,0.0011072559451689194,0.0008522854317067581,0.000950793051746358,0.0009886684280366053
Q9SCR0,0,542,U,test,0,0.989308822946735,0.003949421433986072,0.00041626595443823155,0.002281289606136856,0.000774655203426029,0.0008574651661570539,0.0006704082273704275,0.0006297902719689419,0.0005689680253689175,0.0005429131644125015
Q9SCR2,0,209,S,test,0,0.9947599539800474,0.0012099601462691673,0.00033110788717523944,0.0009160055052560341,0.0004633032287851603,0.000510830533831722,0.0005068552421974737,0.0004056818727669704,0.00040886364857716293,0.0004874379550937597
Q9SCY2,6,208,U,test,6,0.002181426329718232,0.002244088271968456,0.0013192313131061234,0.0012937150543172234,0.0007816187358811982,0.00164823590478776,0.9865724771681754,0.0010558996294764203,0.0009209719468481564,0.0019823356457209984
Q9SCY3,6,217,U,test,6,0.008018610099404206,0.007083312170676958,0.006121122302501248,0.029778204976168808,0.0017332993516386693,0.003089940420475087,0.9336384571790355,0.001816482173949526,0.0019185874919909955,0.006801983834159031
Q9SDW0,0,323,U,test,0,0.9947698803566905,0.0008757760825058628,0.0004561249046671075,0.0007175852171123575,0.0006432392083092555,0.0005311850630973436,0.0005743479545683426,0.0003993963134935241,0.0004352374396088847,0.000597227459946837
Q9SEL7,6,323,U,test,6,0.0017466840868071464,0.0018720893328046317,0.0012507391639290633,0.001103773453873094,0.0007527081369614352,0.0015810824980292007,0.9879279646461442,0.0010288300524064569,0.0009515122443430755,0.0017846163847016739
Q9SEX2,1,523,S,test,0,0.9926958600432957,0.002035967634230378,0.00036861107620115777,0.0017585450517585014,0.0005239019745085762,0.0005731504835246893,0.0006173073941643235,0.0004551739238478532,0.00043094999250047744,0.000540532425968403
Q9SFE9,7,341,M,test,7,0.00434180304227384,0.003102946938549066,0.003251860280561735,0.004126825874599002,0.006958537947016105,0.008079933098636033,0.004392982937748445,0.9560603107114374,0.005684942816357452,0.003999856352820941
Q9SGD6,6,413,S,test,1,0.0032291042048413683,0.9857435561199424,0.000756934348184458,0.004028508777019293,0.0007222718076364551,0.0015714361809399068,0.0009643593545349871,0.0009130371436055816,0.0009949714573878618,0.0010758206059077293
Q9SGS2,0,338,U,test,0,0.9951311885656519,0.0008491396166491017,0.0003964321328418476,0.0007792142757910877,0.0005656489338336262,0.0005030985631015508,0.0004972372834604942,0.0003553594904973498,0.0003995413829009017,0.0005231397552721837
Q9SGU2,1,110,S,test,4,0.002640397754181269,0.0012533405100119627,0.0010595492788263478,0.002046327805623023,0.9861230852515723,0.002380746417301881,0.0010636962254214324,0.0011367305417397829,0.0011278843742627382,0.0011682418410592344
Q9SHJ5,3,585,M,test,3,0.0031082078059370835,0.005210353944354189,0.0017779348252533486,0.9765698222762922,0.0027322896967428767,0.002977480618492881,0.0019679944778979337,0.0012363595772873649,0.001892601820709167,0.002526954957032996
Q9SHJ6,3,323,M,test,9,0.004660809238969935,0.013274169032492898,0.00810048233343354,0.01931851844048059,0.006888230074635518,0.007361180806115985,0.012589995280280885,0.006572794855654432,0.004846474906560969,0.9163873450313752
Q9SIC4,6,379,S,test,0,0.99445615811392,0.0010664179480209819,0.0004217135331799329,0.0011374153487010699,0.0005187164881374934,0.0005027572855573529,0.0005565015855033563,0.00037802160942444296,0.0004250210963519445,0.0005372769912034753
Q9SID1,0,238,U,test,0,0.9950591143984512,0.0009725226961319307,0.00039025774365029475,0.000852401265947603,0.0005129841709638894,0.00046163577675877845,0.0005030620908884798,0.0003666132335811167,0.00038420734699748203,0.0004972012766292234
Q9SIM9,0,693,U,test,0,0.9946790373497821,0.0010237925002268907,0.00039935983706866195,0.0010429659908325617,0.0004970113843350186,0.0004490123488133194,0.000543732062973307,0.0003962519839634115,0.00040564885584152774,0.0005631876861631641
Q9SIW2,0,888,U,test,0,0.9948983136994879,0.0010794683351180354,0.00035251150858964264,0.0009001697173405595,0.0004561837987737513,0.00048750574651384,0.0005149086600127489,0.00039944789317792283,0.000402580803906114,0.0005089098370794925
Q9SJI7,1,412,S,test,9,0.008908235376709523,0.021621646138058875,0.019230689656420066,0.049783285197228064,0.043379369678745915,0.04401948630417292,0.03637779466793338,0.013689972320022345,0.055320746629938286,0.7076687740307707
Q9SJU5,0,172,U,test,0,0.9938605840403002,0.0014581709132622824,0.0004084939934841476,0.0013989112081789147,0.0005561683107921066,0.0004927377940506045,0.0005715858318614361,0.00037193804060200005,0.00036904357740499464,0.0005123662900633578
Q9SJW3,1,119,S,test,1,0.002795720335260301,0.986876439134505,0.0009883631232569924,0.0033665239550127145,0.0006089128137600934,0.0011829157010217499,0.0011921935360531945,0.000950499449150955,0.0009140864262987675,0.0011243455256803245
Q9SKX1,0,156,U,test,0,0.994929934595873,0.0008473113549539858,0.0004633823803203933,0.00085229061331437,0.0005880628513395612,0.0004971367147123945,0.000516940417828508,0.0003390177731999971,0.0004025935828327223,0.0005633297156250369
Q9SKX5,9,490,U,test,2,0.018947825471052636,0.03760872534840751,0.3926580679935314,0.07686724026428596,0.017387502478389154,0.18260296301330128,0.06200630425682939,0.02510178918360212,0.01793944150751447,0.16888014048308606
Q9SKZ5,6,560,M,test,8,0.009540930999027353,0.006739156750619633,0.0071179685067207015,0.042261323793698735,0.029273564000836697,0.03970083847596071,0.007787081444091237,0.012468047304135971,0.8356813129448983,0.009429775780010634
Q9SLK0,9,416,U,test,9,0.004281986470895926,0.006529249199201708,0.004022553996935758,0.006671043991387008,0.004069970422801796,0.003914052589545541,0.005055276636993651,0.0035360515769045442,0.004182794098226587,0.9577370210171074
Q9SMR2,1,345,S,test,1,0.002535602768590178,0.9875974314180311,0.000723630179446354,0.002658586696867347,0.0009511938813115688,0.001274981182172235,0.0010528756703606723,0.001073641833497899,0.0012454461521656936,0.0008866102175569013
Q9SMX3,3,274,M,test,3,0.011329993779719712,0.010356452475191527,0.014294509064275212,0.6258885360575848,0.0044542547068513955,0.008002846624745959,0.3050337182665769,0.004351072080240295,0.00489204198188958,0.011396574962924687
Q9SMZ4,1,1064,S,test,3,0.007087848063140422,0.017932315386001145,0.0033958085768474203,0.9526624593679713,0.003177630186745651,0.0051881128906425935,0.0038329532559912764,0.001810558935727122,0.0025137124066599305,0.002398600930273117
Q9SNC3,4,420,M,test,4,0.0012860643344113744,0.0006466736971790601,0.001385145777640466,0.001995789626269181,0.9845764793975414,0.004676744051339075,0.0012367958500642232,0.001690499483342037,0.001104334404203295,0.0014014733780098806
Q9SPG2,0,366,U,test,0,0.9951311177822003,0.0008692763239841213,0.00037533435743324246,0.0007122594545530678,0.0005503914417489041,0.0004914442464612261,0.0005090288990409981,0.00041545728056343917,0.0004286453043369332,0.000517044909677706
Q9SPG9,0,214,U,test,0,0.9949784890453662,0.0009090766989835132,0.0003932867041779367,0.0007670159788179857,0.0005633572194649977,0.0005049901136911088,0.0005129426208661025,0.0004219350374936957,0.000431940936817978,0.0005169656443204234
Q9SPM5,7,472,M,test,8,0.004656553205549697,0.006266077430119624,0.01412082351301616,0.007100395762402807,0.010997307338322554,0.062303996734872504,0.006722519549097369,0.3264495686315757,0.5553094669692337,0.00607329086580992
Q9SPU7,0,1123,U,test,0,0.9942282486601068,0.0015880607611385102,0.00032580027049432524,0.0009745614999774777,0.0004216168911199208,0.0005105574989360496,0.0005206273661153615,0.0004929200537245968,0.00045232891208547306,0.0004852780863014469
Q9SQG2,7,471,M,test,7,0.005174404056581526,0.006144756419031128,0.013342971763723954,0.006490156459953997,0.010617188249067051,0.04684523113487744,0.006854971781016751,0.6074981793273784,0.29148081563522016,0.005551325173149547
Q9SQK3,6,315,U,test,1,0.003577694588810279,0.9862001105258725,0.0005761120214369039,0.0036163342317472517,0.0007632243340343534,0.001293226748662791,0.001003239553242458,0.001055501069626905,0.0010763189234814243,0.0008382380030851109
Q9SR70,6,230,U,test,6,0.0019288002755854313,0.0019610885311613746,0.0011427763527515164,0.0011882992843557526,0.0007465292095003132,0.0015619900273968143,0.9875028853596085,0.001040509682192356,0.0009812939802626788,0.0019458272971852389
Q9SRH5,3,276,M,test,6,0.0135338328820759,0.010748045078558862,0.015403383711586815,0.35731945957797,0.005383386521722183,0.006885456104800041,0.5709948305750522,0.004063593522833553,0.0038173928223873637,0.011850619203013139
Q9SSA5,6,437,U,test,6,0.002285703257790925,0.002476266287021287,0.0015390507935820461,0.0018528274469319927,0.0008237946095176301,0.001581714912428371,0.9844699837878944,0.0011128754992244371,0.0010702418811916249,0.002787541524417241
Q9SSD1,4,496,M,test,4,0.0011615102722503487,0.0005465196009523059,0.0009479970575269923,0.0018890031419608534,0.9881305958582055,0.002414597495709328,0.0009591717645677179,0.00124126047418328,0.001428682045997415,0.0012806622886462132
Q9SSE7,6,381,S,test,6,0.0018030144816822424,0.0017629685410912345,0.001045544779658472,0.0011987230169901043,0.0006964829727123548,0.0014601255973617623,0.9884129464049761,0.000933566391622521,0.0009594458094817519,0.0017271820044234103
Q9SSS9,6,234,M,test,6,0.003743789789168227,0.0045735684373426335,0.0027930374555019846,0.003445574234056643,0.0012938191053764455,0.0034120899263967285,0.97515694617868,0.001443359482287183,0.001064266590668444,0.0030735488005216986
Q9ST69,6,308,U,test,6,0.0020926012201417242,0.0017811782849153062,0.0011388392534929716,0.0011211831260574618,0.0007527267606502065,0.0014622984836568163,0.9879523989244373,0.0010782312331234223,0.0009008959716041461,0.00171964674192059
Q9STX1,2,362,S,test,0,0.40548294839283866,0.10093268766198217,0.0064524109565453755,0.09936786456876602,0.02165835540042029,0.26800787486323324,0.012732290680611913,0.05043100572717051,0.018964691114096936,0.01596987063433491
Q9SU50,4,626,M,test,5,0.0013134765111811916,0.001488363878064838,0.0019336244405562452,0.002165556713732691,0.003138582078120141,0.9746246613601447,0.006439952827630161,0.0017198011532788724,0.0034269195553778497,0.003749061481913312
Q9SU91,3,336,U,test,3,0.014596448300174793,0.04584698677928101,0.030303007104630113,0.5350395789861404,0.024732593196706402,0.07441700735054027,0.04721002961015522,0.01238784461016685,0.007572537781743002,0.2078939662804619
Q9SUC5,5,237,M,test,5,0.0014389035886596398,0.0017629816017161004,0.0018766840946379231,0.0032426194926064326,0.006129420218987686,0.9645811093644235,0.0024668545816282543,0.002069201271991542,0.01018496485809121,0.006247260927257658
Q9SV55,0,425,U,test,0,0.9938751712619379,0.001903699524443524,0.0003206352977345776,0.0010647546478775446,0.0004416938259165841,0.0005083864523659871,0.0005432926582769298,0.0004557146847490812,0.00040532101965590363,0.0004813306270419868
Q9SV72,2,102,S,test,2,0.0006925599205198456,0.0008857976103925329,0.994431029147974,0.00046315003765544653,0.0005435964940502637,0.0006871704146092444,0.0006281245592268223,0.0004350891700938645,0.0006791646487796036,0.0005543179966984398
Q9SW18,6,312,M,test,6,0.002815675026183273,0.002694618709619106,0.0021378727625333553,0.002788312074626879,0.0008404797871726052,0.0015702228924088036,0.9811424307096402,0.0011945626970067413,0.0011578099198560569,0.003658015420952902
Q9SWH5,7,558,M,test,7,0.0018532082506713206,0.0028147884317715243,0.0023888799056931767,0.0016227234681529812,0.00322717089302814,0.00959699049001868,0.0031833496001895858,0.9675149137533559,0.005059110993508289,0.002738864213610472
Q9SWR3,1,1088,S,test,1,0.0032604523733767076,0.9870854241324057,0.0009214508088048641,0.00307339832554911,0.0006283748802917735,0.0011693819222396728,0.0010564485801577512,0.0008259831414327205,0.0008588865941082674,0.0011201992416333354
Q9SX65,9,156,U,test,9,0.004111521994556765,0.00547889061404481,0.00451562329109598,0.005299961210883716,0.004063621284636169,0.004079525944556239,0.004988586572966186,0.0038624174413457633,0.0036142595774516263,0.9599855920684628
Q9SX73,1,297,S,test,0,0.9937483240027803,0.0019258939753350134,0.0002941939505583284,0.000920451494570061,0.0004382005792040243,0.0005670736523142177,0.0005626606966352324,0.0005760038135946441,0.0005043657814540246,0.00046283205355408694
Q9SXJ6,6,309,S,test,6,0.0017373359287179558,0.001773332712772882,0.0010414709796523593,0.0011528032666829724,0.000680350510925071,0.0014014523243798499,0.9884151877352353,0.0010293374755130729,0.0009408905796297501,0.001827838486490745
Q9SY59,0,1188,U,test,1,0.0018185455962189225,0.9872389189515371,0.0015076272088573952,0.0023214168724076337,0.0009288222456326429,0.0011926313754429382,0.0011879816317512872,0.0013567176999137501,0.0011116546356077566,0.0013356837826305704
Q9T041,1,864,S,test,1,0.00209921992101726,0.9881778354524824,0.0005817948717906182,0.0024807426867526064,0.0009297056278029101,0.001321378003934653,0.0008531457991690603,0.0013633230213847007,0.0014399560752471098,0.0007528985404187195
Q9TU31,4,595,M,test,4,0.0013229833401684976,0.0005825016667934474,0.0011952159018628634,0.0014304861317172444,0.9893783368346638,0.0021265452923981396,0.0009272060764842961,0.0010263235892906156,0.0010424858767532684,0.0009679152898677956
Q9TUQ3,2,843,S,test,2,0.0007931256566060632,0.0011250593256119184,0.9933061023343126,0.0006863930625455317,0.0008779100625454997,0.0009529623221839266,0.0005894009384815366,0.0005242240741979108,0.0005668213136536026,0.0005780009098614119
Q9TWL9,2,77,S,test,2,0.0008755638357068121,0.0008050333747097003,0.9945287875163706,0.00051271075377505,0.000526923610474351,0.0005587205372299854,0.000608859106807148,0.00039619213347069925,0.0005970827065662042,0.0005901264248894556
Q9TXD8,2,243,S,test,2,0.0006017560430098456,0.0009086513397273256,0.9945129251917759,0.0005008258206587444,0.0004760282218213351,0.0008161022639289105,0.0005457690620285447,0.0004217376158222076,0.0006872269507576746,0.000528977490469451
Q9TYU9,1,843,S,test,1,0.0033003040664312346,0.9865459226115659,0.000950181160416516,0.0035684793337231206,0.0006737793461813938,0.0011152221148073244,0.0010600036499870558,0.0009727139862915411,0.0009137803010897147,0.0008996134295061303
Q9U3C8,0,295,U,test,1,0.0052083722378829175,0.9744126065811782,0.0015594525557721245,0.003294919509308527,0.0021398614619801385,0.001408848016644636,0.0014880400135709546,0.0022867859959700785,0.0067475440782391325,0.0014535695494533073
Q9U6M1,0,827,U,test,0,0.9567669308004744,0.023034597475373998,0.0007346837293277724,0.012138379154033176,0.0010857921171822655,0.001519296361802484,0.0014384409126192872,0.0012303637693018522,0.0010857921171822655,0.0009657235627025362
Q9U7C9,0,756,U,test,0,0.9933089952840821,0.0019553573277602473,0.000294063866774605,0.0010263838006281877,0.0005408663212041467,0.0006298715261059708,0.000573504516069715,0.0006298715261059708,0.0005408663212041467,0.0005002195100649142
Q9U7D3,2,176,S,test,2,0.0019504500312384223,0.0037376262039826125,0.9716518681721019,0.0032920075187926625,0.0045305054495812696,0.007699126484915264,0.0017898334684350572,0.001890440969687822,0.0016683082328299587,0.0017898334684350572
Q9U969,5,1425,M,test,4,0.001743020112868137,0.0005336716337075715,0.0007764876813173098,0.0017362247178104387,0.9877829990777677,0.0025280429579925415,0.0007825777741589274,0.0013627783411625722,0.0017878431542729272,0.0009663545489419023
Q9UBC1,0,381,U,test,1,0.0031952805526210826,0.9861934877324752,0.0010596249472103068,0.003716557572193653,0.000775238180071483,0.0012682050919973105,0.0010270237712778395,0.0008648407150187457,0.0009424500284287436,0.0009572914087056823
Q9UBR5-2,2,99,S,test,4,0.0044577648604899305,0.0015345561057316512,0.003724601565064607,0.0030399313105746936,0.951394373676975,0.021019040325953905,0.0023036417977232632,0.007465350402858442,0.002757098156905245,0.0023036417977232632
Q9UBU7,0,674,U,test,0,0.9883375455634483,0.004316438265536505,0.00029719977318908735,0.0023365161559990295,0.0006003600099508822,0.0009012471796914094,0.0007355765021415708,0.001189303753099859,0.000712945192390991,0.0005728676045523775
Q9UDW3,0,170,U,test,0,0.9948884888514951,0.0009125521866609933,0.0004491069184977666,0.0008966514271416363,0.0005545730178874047,0.0004856003528143338,0.0005354150162469609,0.00034166251556500975,0.0003963354226473519,0.0005396142910435366
Q9UFE4,1,941,S,test,1,0.0037963160071865475,0.9859458844987999,0.0012240869426448826,0.002665830231990232,0.0011544239057824973,0.0008250296433101487,0.0007395517032395165,0.0013443964593543615,0.0015473908800593284,0.0007570897276325853
Q9UGK3,1,403,S,test,1,0.002496934096189686,0.9859240315627255,0.001719471229044717,0.002840471063366501,0.001442294955183863,0.0013549107019282796,0.0010593354516277495,0.0010676438969507772,0.0008851079271314083,0.001209799115851568
Q9UHA3,0,163,U,test,0,0.5234130360771243,0.42719728611255514,0.0018730317475525015,0.028176714196864405,0.002969803839443922,0.004091077746486967,0.0035543898681965106,0.0033390401599730658,0.0031613398634488554,0.0022242803883543555
Q9UHB7,0,1163,U,test,0,0.9945019906621954,0.0013035562744029734,0.0003109664008301413,0.0008738319063043636,0.0005067237843071025,0.0005228090044953999,0.0005310420118336733,0.00047788608150605235,0.00045245346839746736,0.0005187404057274905
Q9UHR5,0,308,U,test,0,0.9950608793265795,0.0009946152749940815,0.0003782514610188131,0.0007463888168998111,0.000512985056343826,0.0004800261027976061,0.0005231027703566838,0.0003872214363527683,0.00041542796712904797,0.0005011017875278201
Q9UIH9,0,416,U,test,0,0.9950115754539133,0.0010362069665056414,0.00038720225271351446,0.0008358744733602504,0.0005333936463580287,0.0004913852353726757,0.0004971775379608231,0.000344384813443121,0.00039023909192506014,0.0004725605284475877
Q9UII2,3,106,U,test,3,0.003753036927639197,0.0050337994049264164,0.002037815034072534,0.9801046766145695,0.0011747988075267624,0.0011297929937316691,0.002467694671629693,0.0011656563631343587,0.001618353636408986,0.001514375546360966
Q9UJA3,0,840,U,test,0,0.9928967598839513,0.0020284406404195254,0.0003686856742994451,0.001762339771866121,0.00045883674129451363,0.000515884033878998,0.0005961028655156901,0.00043441789935000125,0.0004145244703212376,0.0005240080191031657
Q9UK96,1,956,S,test,4,0.01692415411387708,0.00169547101092397,0.0014502132630395792,0.005808984895266852,0.9422522839222647,0.006392394696130898,0.0015803527879293534,0.01653210642318444,0.004083142174435808,0.0032808967129473727
Q9UK97,1,447,S,test,1,0.0024925327059192315,0.9880381051476517,0.0010953059421016339,0.002404078245150465,0.0008013429810865237,0.0011389380573354811,0.0010910357114997543,0.000880103071932416,0.0009151624207093201,0.0011433957166134883
Q9UKF6,0,684,U,test,0,0.9928876514113427,0.001527399736077561,0.00047339744944266003,0.0018505100658098982,0.0005845677902246299,0.0005322550406838227,0.0006807645853580921,0.0003658131961112422,0.0004378210649411907,0.0006598196600081877
Q9UKV5,5,643,M,test,4,0.09191941885099915,0.005673215515120842,0.008254480921050836,0.051865133005621795,0.36497126678107905,0.03764545342494221,0.0071158067743448804,0.07893057524052718,0.3428587770356337,0.010765872450680298
Q9UL51,4,889,M,test,1,0.023140536394924267,0.8399839319104038,0.05265975319507773,0.02083948606735598,0.029771124652962378,0.010288625854970356,0.0037117660613976942,0.007324282939634313,0.004173250828106763,0.008107242095166778
Q9UL62,4,973,M,test,4,0.025313718350320574,0.06025189629852152,0.09386835977249597,0.035351148761642096,0.6722587869815609,0.05068765974828935,0.008595754129575072,0.0246790797083668,0.007468120310071899,0.02152547593915578
Q9ULC6,1,663,S,test,1,0.0032082838496611645,0.9858649880936842,0.0010107644918016401,0.004068543140490088,0.0007001360318388622,0.001370799782554717,0.0010592720725552647,0.000837953186741008,0.000844525296465963,0.0010347340542071223
Q9ULE3,1,1009,S,test,4,0.3074714724702521,0.046421243782117594,0.008130072169308196,0.037924932713802616,0.531263025478305,0.011968622697509689,0.005249169036696496,0.028879957132336924,0.01249410938436445,0.010197395135307022
Q9ULG1,0,1556,U,test,0,0.9949981571606243,0.0011374797423667248,0.00037236374244636395,0.00077153869181884,0.0005010702016794771,0.0004818744781108995,0.0004991166942542693,0.0003694659902891243,0.00039637911883561527,0.00047255417957434175
Q9ULL4,4,1909,M,test,2,0.0036311820622873946,0.008542271442331188,0.8478326311983697,0.007054183258450185,0.031246332859106978,0.06486905450761948,0.005668195504094229,0.006626791407144702,0.019939113668303556,0.004590244092292541
Q9UM63,0,463,U,test,0,0.9946568545465685,0.0012956676767970161,0.0003751554960337358,0.0009655067632691777,0.0005008983112247279,0.00047239206819056385,0.0005127768074317975,0.00035797585324010353,0.00038106331199869224,0.00048170916524565205
Q9UNL4,0,249,U,test,0,0.995122807365113,0.0008933660680150676,0.0003872455570570817,0.0007348628698512665,0.0005656441643570567,0.0004933635734906425,0.0005090246369037541,0.0003842319424927037,0.0004122207200485289,0.0004972331026708355
Q9UNS1,0,1208,U,test,0,0.9945146392629651,0.0013339161240738721,0.00033362248378948736,0.0009979599206867073,0.00046682180138074987,0.0004949918627144691,0.0005248618786749353,0.00041519990408952036,0.00041519990408952036,0.0005027868575355643
Q9UPP2,1,1182,S,test,1,0.0030406784952606626,0.9876059819171128,0.0006141423108828063,0.0026534222081087003,0.0009291676018188701,0.0012849920414436332,0.0008009924630231172,0.001142895608477212,0.0010948269046302762,0.0008329004492419196
Q9UPQ9,1,1833,S,test,1,0.0018873585678231143,0.9892005124461111,0.0007248047913113665,0.002085039242782339,0.0007478125343620209,0.0011492212530379313,0.0010221385573520865,0.0011582347096913425,0.001034187194397719,0.0009906907031309792
Q9UPW6,0,733,S,test,0,0.9952594971125827,0.0009040209499530577,0.00038428473229856953,0.0007095741427070655,0.0005232071983828983,0.00048388754847906003,0.00048388754847906003,0.0003724615641302505,0.0003933977811124519,0.0004857814218749433
Q9UQ49,4,428,M,test,1,0.0028967944026963397,0.9869895359691977,0.0017829212374467916,0.0022145518198079567,0.0008004925350886373,0.001160168970990073,0.0010771804580348052,0.0009213613077869727,0.0009506083831195154,0.001206384915831232
Q9UQ84,0,846,U,test,0,0.9924295762836295,0.0019902135558481256,0.00045151061535934846,0.002029467163986577,0.0005446257394462468,0.0005076470026151256,0.0006442375937727712,0.0004111050778628275,0.00042085413134234457,0.0005707628361371315
Q9UQY9,0,429,U,test,0,0.9885847656941961,0.0028537048140122715,0.0006293293407994352,0.003692968538542399,0.0007473470694949699,0.0006911830174598261,0.0009558714307500671,0.0004825235271105622,0.0005382938916038597,0.0008240126760305766
Q9UR19,2,361,S,test,2,0.0005543648869964874,0.001013676059300241,0.9945150567421839,0.000504754893391663,0.0004631891713122295,0.0007344140884193648,0.0005832431695556466,0.00046682199959530526,0.0005947466358707921,0.0005697323533743684
Q9URT4,0,697,U,test,1,0.0036218643590891775,0.9857810122442064,0.0005941471307407824,0.0037477984959007034,0.0007871170514488179,0.0013441716995832307,0.0009130717937722712,0.0012480211422405767,0.001163283710199262,0.0007995123728186957
Q9US47,1,547,S,test,3,0.01029077983467263,0.017811284613775683,0.010742598903588321,0.7074854232524468,0.004239857003605118,0.0062173390099745166,0.1964616007691719,0.003626541467598976,0.0039829772662608245,0.03914159787890525
Q9USH8,5,506,U,test,1,0.0822309711278756,0.5575736314511557,0.011754306023129896,0.05361332687479806,0.01930401878417878,0.15124590973635368,0.013215720526360008,0.012909578988120153,0.039842043606177206,0.05831049288185091
Q9USK1,3,116,U,test,3,0.007521584309187536,0.009273189438895683,0.008914674079513185,0.945544681496814,0.005079428285408946,0.003940440058378819,0.010215734293626152,0.0025943178089947363,0.003228680857339219,0.0036872693718416616
Q9USN8,1,1021,S,test,1,0.002309079958664692,0.9877630778814219,0.0018809387083790366,0.0023500278877061666,0.0008011199101897806,0.000893713871664995,0.000989251161990939,0.0009439499980072431,0.0008662171522132662,0.0012026234697619714
Q9USP8,3,379,U,test,3,0.0019908953439105037,0.0023851178291768474,0.0013656511197088538,0.9860060744810833,0.0018484836925955715,0.0011864981012433206,0.0011958039910740512,0.0009061730275952111,0.0014998742352418104,0.0016154281783704388
Q9USP9,0,589,U,test,0,0.9950191999977896,0.0010443419564519305,0.0003637456547348624,0.0007347863600892556,0.0004933121984907334,0.0004744137402867015,0.0005333977239906099,0.00041217778148116175,0.00039949642609231453,0.0005251281605928318
Q9UST7,0,1339,U,test,1,0.018553796923115963,0.9516282795137456,0.0011142421186884335,0.018699316058967196,0.0011586285983363935,0.0028121680105334416,0.0014532457094583266,0.001571333324048514,0.00168579448535798,0.0013231952577480814
Q9USU8,0,551,U,test,0,0.9943212886197808,0.0014810969281107995,0.00029436356856167166,0.0008271771059456959,0.0004350411572094438,0.0005564261402214013,0.0005351097418871143,0.000567400610657859,0.0004891299471037277,0.0004929661805214915
Q9USY1,1,747,S,test,3,0.0018398411455826142,0.002223610799959774,0.0014384777588082594,0.9871633144006671,0.0011925400133639258,0.0009964045132335624,0.0015252819182489286,0.000769961678939532,0.001377977410334918,0.0014725903608613922
Q9USY4,0,527,U,test,0,0.9950024944620502,0.0011336035230139904,0.0003470826688162755,0.0007121673920631635,0.0004837626120991235,0.0004837626120991235,0.0005089630901468154,0.00041866163422637196,0.0004219452150546774,0.0004875567904301703
Q9UT35,7,556,M,test,7,0.002167227795572038,0.0035731545259582356,0.005427168976639018,0.0024944638323993592,0.0057771907528129975,0.038415031728963926,0.005058677210163276,0.9162816902374927,0.01731501241084139,0.003490382529157011
Q9UT52,1,677,S,test,0,0.9895887369666942,0.003889291315216382,0.0003479016139667525,0.002440997226494061,0.0005346472667088205,0.0007279271667295792,0.000665379302285964,0.0006705979107510645,0.0005871951702234597,0.000547326060929647
Q9UT77,3,526,U,test,1,0.002388460459487561,0.9883526508377104,0.0010252595508787768,0.002193916010570308,0.0008599891914281669,0.0012463986158612358,0.0009012609864110899,0.0009226337929300362,0.0011939767935742966,0.0009154537611481813
Q9UT79,0,1588,U,test,0,0.9950339698593246,0.001093409013677593,0.0003470936465734586,0.0007806614082766969,0.0004800131090915434,0.000493319525767716,0.0004894804977367002,0.0003841976540051044,0.0004121839262073424,0.00048567135933927645
Q9UT83,1,609,S,test,1,0.002280873756097235,0.9881629538187954,0.0007828787934927317,0.0027485732518705624,0.0007072720463682809,0.0012172921795237175,0.0010784610848041845,0.0009592031895588301,0.001013120423032836,0.0010493714564562514
Q9UT87,3,182,U,test,3,0.0020147891924070342,0.002325812038459104,0.001693312017999112,0.986214542790074,0.0012534567636828073,0.0009954468921528148,0.0017402524203064683,0.0008648591737290116,0.0014827135651516987,0.001414815146037952
Q9UTA2,3,121,U,test,0,0.9858417161689104,0.00463724660186656,0.0007394735770051855,0.004619167767595625,0.0006732983916019036,0.0007280091122400434,0.0009569499764759379,0.0004887621739278393,0.0005759026533713414,0.0007394735770051855
Q9UTJ8,0,1285,U,test,0,0.9939507094725204,0.0011235928224737567,0.0004451918871830172,0.0013840686086370876,0.0006427094824572251,0.00047021634975904743,0.0005944091736200499,0.00040535182890019477,0.00043828982658376976,0.0005454605478654888
Q9UTK1,3,113,M,test,3,0.013904027984575117,0.015941047367337136,0.004078038795812977,0.9410745699878236,0.0017608072795936556,0.0016801740729828379,0.013267316294829848,0.0018890705325486368,0.0024831363813278143,0.00392181130316836
Q9UTK4,0,1778,U,test,0,0.9922731069996655,0.0015958095932034162,0.0005236788812311553,0.00229259853662075,0.0005319256268318441,0.0005842060055509867,0.000699202989919242,0.00039221736397499613,0.0004731044236620302,0.0006341495793400396
Q9UTL6,3,225,S,test,3,0.0022464756940477936,0.0026899924421604307,0.001621239059178599,0.9856950270035894,0.0017123697845852653,0.001092708512099361,0.001338814451308331,0.0008780159657356379,0.0015530520466114615,0.0011723050406837686
Q9UTM3,0,443,U,test,1,0.004304676287752272,0.9782129922547171,0.0007453062745666153,0.004893343926471336,0.0014822185379165988,0.0023046901925161366,0.0014938436567183521,0.0018089719322182981,0.0035905504051089144,0.0011634065320143467
Q9UTM8,1,493,S,test,1,0.009496853496709512,0.8820163430987379,0.018813116099236537,0.019184173631984987,0.012005148215116293,0.014795453922727835,0.01997762505941192,0.005942979242863083,0.0065782785961097205,0.011190028637102232
Q9UTQ5,0,282,U,test,0,0.9945213266183872,0.0012215409011541143,0.00038701148276790723,0.0009786643266258453,0.0004949951863422405,0.00047417634440801327,0.0005764518558105603,0.0003931060282684744,0.0003961891714878896,0.0005565380847477778
Q9UTQ9,5,167,M,test,5,0.0014668277528943879,0.0014554127636097211,0.0014106345362203964,0.0014783322655718782,0.003885389288690194,0.9794667898247782,0.0014328486776661463,0.0018398142216140064,0.006079832328389593,0.0014841183405655196
Q9UTS5,0,897,U,test,0,0.9950457141984229,0.0010566805113138493,0.0003637553500179902,0.0007234138118150274,0.0004933253771873513,0.0004952561836089419,0.0004933253771873513,0.00040898110421289726,0.00043197013378684906,0.0004875779524468294
Q9UTS8,5,311,M,test,5,0.003530221064439094,0.0012550568224170275,0.0012069763631183585,0.0013784102647521664,0.003913327125255787,0.9759690178017667,0.0014673100104718947,0.00548375584887356,0.004550634889171574,0.001245289809733884
Q9UTT1,0,1129,U,test,1,0.05577271093094552,0.8792745550734419,0.0015698376088334517,0.04309780803389829,0.002162542705274679,0.006294297694090887,0.003097699353231557,0.0033756813926142356,0.003323346429194185,0.0020315207784753083
Q9UU83,4,425,M,test,4,0.012631041797726268,0.025316845366307985,0.036123322748007204,0.011322392867806102,0.8855044210462837,0.01047150205081528,0.0030473807893897347,0.007571859764760792,0.0029078309403103813,0.0051034026285925686
Q9UU96,0,736,U,test,0,0.9715411702641217,0.014523363731372836,0.0005587495420542818,0.007534621779773357,0.0008066492188061497,0.0011645342503626248,0.0011375576769717176,0.0010686365465403394,0.0009069401458537794,0.000757776844143191
Q9UUC8,3,145,U,test,9,0.06053223223229954,0.15457448168816357,0.02804035555909574,0.13067420922282974,0.022796647671329127,0.037954162262263336,0.09412109895693037,0.012394322189957832,0.008128395054075453,0.4507840951630553
Q9UUH8,8,166,M,test,4,0.004966425300425579,0.0021866874553141385,0.009483476277601518,0.0034671235293822953,0.9173144206750222,0.04323986222007155,0.0037635269538529264,0.007820917382655886,0.004927776344460678,0.002829783861213226
Q9UUJ5,3,145,U,test,3,0.0027107968257403785,0.0032720413648438676,0.001736601771768232,0.9841456766427863,0.0010740767200821703,0.0009933586452864072,0.002107051614823874,0.0009779579463266902,0.0014853941608565437,0.0014970443074855263
Q9UUK3,1,324,S,test,1,0.0024847519941082756,0.9878435913555125,0.0010572600434435315,0.002494477096856046,0.0006642059028635241,0.0010739094128284564,0.001226443047529753,0.001036810645282568,0.0009664138374587318,0.0011521366641166235
Q9UUK4,0,202,U,test,0,0.994176111609144,0.0011823917543641522,0.0005125289155044854,0.001151622949453845,0.0005853263907976737,0.0005246831999679331,0.0005563449104698062,0.0003414178779666349,0.00042823394194357525,0.0005413384503879275
Q9V3J8,0,361,U,test,1,0.3254720329741991,0.5986346711156667,0.0015550791568346726,0.044741500981579786,0.004606479862543156,0.008308738620970774,0.0037014107892080306,0.005302026032832924,0.005343610052205991,0.002334450413958899
Q9V3R8,3,359,M,test,5,0.001528174451124614,0.0016203912085220877,0.0014355871437978398,0.0026507831105755746,0.005589830084593018,0.9775127903430976,0.002713644583595938,0.002413565497589024,0.0024708015500364547,0.0020644320270678316
Q9V3V7,0,222,U,test,0,0.9916549428667835,0.0024199580037835883,0.00038289294306842605,0.0022822377535777166,0.0005192798304519561,0.0006118612060138485,0.0006362349643192472,0.0004441636044723241,0.0004691302659823491,0.0005792985615470869
Q9V461,0,817,U,test,0,0.9939375863262827,0.0013097528966779855,0.00038678433811109494,0.0014801640851602644,0.0005164248155535064,0.0004889411960365931,0.0005562114387991434,0.00037196685080628783,0.0003959566137733018,0.0005562114387991434
Q9V464,0,218,U,test,0,0.9943606394167079,0.0014725023812074945,0.00032079192194883754,0.0010345182371655063,0.0004419095513914486,0.0005206966876363593,0.000526834509469429,0.0004216730514683028,0.0004055190031282668,0.0004949152398763762
Q9V5M6,0,963,U,test,0,0.9949378962652116,0.0011324235232861603,0.0003723411935510388,0.0008358125920240708,0.000508930068226098,0.0004762316236848796,0.0005069458854818037,0.00036088543112348514,0.000375261501001538,0.0004932719164093621
Q9V637,1,270,S,test,1,0.041786124266780716,0.9290168087712257,0.001013910129797352,0.016686425842105272,0.0014984620588920376,0.002933846347733336,0.0016979800791125277,0.0020164013152155456,0.002048154753646946,0.0013018864354905591
Q9V727,0,1669,U,test,0,0.9946175753778247,0.0013944974879288548,0.000352412031539551,0.0008894313937212707,0.0005048069537182875,0.000500878518942315,0.0004950431431129178,0.000381048277967627,0.0003900845801710483,0.00047422223507346395
Q9V7P1,0,506,U,test,0,0.9943281909857871,0.001539356079865645,0.00032583302741855975,0.0008255688159600854,0.0004667342782117794,0.0005393104004910231,0.000547803365832043,0.0005106088365806267,0.0004350441867838972,0.00048155002306924527
Q9VAC8,1,472,S,test,1,0.0021247604730155255,0.988548012597679,0.0008272070321521608,0.0021986394968149907,0.0008874636010357109,0.0009595769536986674,0.0007243266824021826,0.0013853110914872227,0.0014978784181017384,0.0008468236536127617
Q9VAW5,1,1673,S,test,1,0.0019560117271091777,0.98783634981148,0.0010865603494184773,0.0024557856947290476,0.0008462140080028196,0.0012703177308145206,0.0012752895960231427,0.0010908130008203448,0.0009514239983253927,0.0012312340832770613
Q9VBW9,0,419,U,test,0,0.9948236432805846,0.0013380821368217959,0.00032599538343857076,0.0008179532361941188,0.00046333287251742756,0.00045614958272807135,0.0004990291510244622,0.0004153289063575217,0.00040255058074283403,0.0004579348695905871
Q9VDH4,2,138,S,test,2,0.0008258611971495172,0.0008290935268431497,0.9946803682755462,0.00047610838029763316,0.0005311372348215682,0.0006018573907986757,0.0005698270530265667,0.00040883091650560947,0.0005353029825873962,0.0005416130424236664
Q9VDQ7,8,948,U,test,1,0.002229510351610915,0.9859235334344938,0.0006179045915653743,0.002531304967711814,0.0011771662450456525,0.0020339607825048,0.0009951531003810062,0.0014650069713589957,0.0021274136482141524,0.0008990459071135154
Q9VDY1,0,1638,U,test,0,0.9949699499438506,0.001124195922376704,0.0003470713140441834,0.0007521740970672597,0.0005049857658403235,0.0005089464481007254,0.0005089464481007254,0.00041538999802994884,0.0003994766339885906,0.0004688634286009855
Q9VE04,3,107,U,test,3,0.0024071629880336146,0.0027210217015228764,0.0017457073553042524,0.9854489503015097,0.001257385741789974,0.0010024753195560076,0.0017731982496416666,0.0008055116094228686,0.0014303813431966468,0.0014082053900223933
Q9VFM9,1,343,S,test,1,0.03948193771062493,0.919914539559191,0.0012790987909997633,0.026506919296544168,0.0014607767742698177,0.0035594045027092366,0.002012304952779367,0.002175820283279618,0.002125417571425686,0.001483780558176378
Q9VFP2,0,829,U,test,0,0.994720779237555,0.0012704950745622296,0.0003416049165822348,0.0008723187165403662,0.0004761277053423439,0.0004989775874366731,0.000516831739013148,0.00040566587926253413,0.000396268631110934,0.0005009305125946036
Q9VH19,1,683,S,test,4,0.0012995926417429227,0.000563331694395584,0.0009809839353652333,0.0015342880215819688,0.9871908239533067,0.0032354248075563774,0.0009771594592849243,0.001623699410835845,0.0014611712846159545,0.0011335247913145253
Q9VH70,0,814,U,test,0,0.9950361560639228,0.0010043510489778694,0.0004057945025374063,0.0008085964321812721,0.0005418067426427333,0.0004744218148782489,0.0005050193767774998,0.000336415467201278,0.00039024874643047726,0.0004971898044503578
Q9VIP8,1,367,S,test,0,0.9899640427846734,0.0035703677957142762,0.00038523804617121213,0.0025317699427067,0.0005518280363140257,0.0006867610417978718,0.0006867610417978718,0.0005783108269566599,0.000522460241933985,0.000522460241933985
Q9VK33,0,1220,U,test,0,0.9949516661719601,0.0011604268342340933,0.0003665736516793859,0.0008725211902989156,0.0004971475874933158,0.00046520616073262775,0.000479973416098643,0.00034978702691459187,0.00038416587052010696,0.0004725320900682537
Q9VKJ3,0,1411,U,test,0,0.9806227351799017,0.007428881488808663,0.0003727631122185912,0.0032828927059329015,0.0010292318912360487,0.0016319086799623835,0.0010212224019240574,0.002630803557953279,0.0012610413036535726,0.0007185196784088155
Q9VKQ9,0,134,U,test,0,0.9350117554291637,0.04172848852352013,0.0008459852016761911,0.011678465591702342,0.001790950675557372,0.0028843774773502496,0.0016563586044731056,0.001669349624046422,0.0015318813958041305,0.0012023874767063051
Q9VLJ6,2,630,S,test,5,0.005570225009017135,0.012214107564049944,0.007321922649202076,0.014224068407402143,0.009891286593679481,0.6240218941720583,0.00495426082471094,0.02242134906969484,0.29019713699088295,0.009183748719302226
Q9VM91,1,992,S,test,0,0.9890044541229637,0.004421780978273407,0.0003759492488715577,0.0025096325035530113,0.0005301733787038932,0.0007332031839381527,0.0007389537524054983,0.000624696929073952,0.0005098628020796415,0.0005512931001371878
Q9VMD6,3,659,U,test,1,0.0024746187615008373,0.9881479081726524,0.0008733511259326009,0.0021891814671337615,0.0012030920116263629,0.0008531199500049342,0.0008204374584966516,0.0011937295433876493,0.0013847504148643548,0.0008598110944004732
Q9VQ79,3,739,S,test,3,0.0052377291146691604,0.006686085484257937,0.001976403166394806,0.9769188760793883,0.0011438543209918795,0.0008567073500382236,0.0026285565973543715,0.0010015923703705896,0.001664298383303801,0.0018858971332309194
Q9VQI9,0,1673,U,test,0,0.994345066219808,0.0015051916025878099,0.00033096979621402713,0.00090142799897247,0.0005086268023923995,0.000526826240252734,0.000528888188180108,0.00043505157131957037,0.00042497361456003745,0.0004929779657128916
Q9VR35,1,653,S,test,1,0.0027461670211316445,0.9879609206948063,0.0008463207441369695,0.0026961761841529453,0.001005030749248947,0.001217043199945026,0.0008663906301321788,0.0008800343318578821,0.0008596483782493051,0.0009222680663387783
Q9VS24,4,994,M,test,1,0.0022312937310552923,0.9886412967144018,0.0006858434226574741,0.0021774784280811747,0.000982425265190233,0.0009747799810823139,0.0008737871429861528,0.0013015020370796206,0.0012713529178442515,0.0008602403596216987
Q9VSK8,0,597,U,test,0,0.9950816015181242,0.000965919051579427,0.0003872295016200546,0.0007626139167625796,0.0005050424685260592,0.00047816458155851494,0.0005150035473080543,0.0003812260497182443,0.00041220364849150863,0.0005109957163114114
Q9VTY6,1,178,S,test,0,0.9940375052614603,0.001057673707389557,0.00048518497898174457,0.001315653435641328,0.0006229898403473577,0.0005246100462056322,0.000589834931437541,0.00033086741918374814,0.00039291477732205846,0.0006427656020307332
Q9VW27,0,717,U,test,0,0.9943212453225254,0.001539345344991027,0.00031828290991961906,0.0010036294339003451,0.00047408097458201897,0.0005186461629220655,0.0005066316925949807,0.00043165561656829027,0.00040868331972875656,0.00047779922226753277
Q9VW47,0,2531,U,test,0,0.9948497594103348,0.0012982149144196082,0.0003636837129447348,0.000734661253387166,0.0004990422839009615,0.0004855814419296947,0.0004855814419296947,0.00040256113423930664,0.0004121075982550017,0.0004688068086589984
Q9W0K7,0,977,U,test,0,0.9949044762583756,0.0011974982684046808,0.000366556253839277,0.0008148305402257356,0.0005209814812854613,0.00047250968817602194,0.00048182911376252194,0.000372328708020795,0.0003871605741473,0.00048182911376252194
Q9W1X4,0,1711,U,test,0,0.9937969233721431,0.001421522139999302,0.0003897627268488972,0.001447644343808392,0.00048506756554485313,0.0005163517125440776,0.0005693209802350658,0.00039900566775561883,0.0004416590235166692,0.0005327424676040751
Q9W266,4,677,M,test,4,0.0014406254140194197,0.0006244648946847845,0.0015637839677718306,0.0014576069157490941,0.9809434279096553,0.00748959546986256,0.0011804061062331418,0.0023751897364713446,0.001697471471691767,0.0012274281138607774
Q9W539,0,1518,U,test,0,0.9947236699712899,0.0012597271955376748,0.0003184117442823612,0.000821072060020834,0.0004912430272891472,0.000518856046231008,0.0005128112381749583,0.0004386306882965158,0.0004185443282084102,0.0004970337006691509
Q9W701,4,689,M,test,4,0.002201304052383914,0.0008257866936506419,0.0006953820792454208,0.004836345558772657,0.971550916133828,0.005555737369142242,0.0014157276804388937,0.0024176596205981314,0.008504644858051934,0.0019964959538881248
Q9WTN6,9,564,M,test,4,0.0018250563986660937,0.0005720405639850102,0.0006482069185481344,0.002387889209132928,0.9869107661472561,0.002871216757171885,0.0009468267726876468,0.0012205079036095873,0.0014437383590483709,0.0011737509698941779
Q9WUB6,4,687,M,test,4,0.003529520278366011,0.0008958952474279208,0.000815721940548553,0.006086564753681672,0.967236644469747,0.0072989059322591575,0.0016349802291337216,0.003374476032978864,0.006710947122084615,0.002416343993772457
Q9WUI0,0,231,U,test,0,0.9950182377368427,0.0009877971584816812,0.0003933024172397155,0.0008085818986891873,0.0005396846778001012,0.0004913884896930902,0.0005069868658920346,0.00036659819136792464,0.0003902417121949693,0.0004971808517985965
Q9WUP1,4,147,M,test,4,0.0013914874352919258,0.0005984712570953663,0.0011312712283692778,0.0012919522099313064,0.9852281486153296,0.004837833306179108,0.0009638550959762841,0.001850636257182607,0.001614153644015135,0.0010921909506293875
Q9WVL3,4,1083,M,test,4,0.0020014606599130973,0.0009298572052495776,0.001275938481576877,0.0017542499277867166,0.9883389563281797,0.0016383374026754738,0.0009408179989380544,0.0009706828366264937,0.0011042327488169855,0.0010454664102370285
Q9XEE9,5,463,M,test,5,0.0021638419389169673,0.0023033976053510328,0.0025396888200491744,0.0019779115287380353,0.003849938661544527,0.9738529107145584,0.0038877198587286325,0.001464128551191992,0.0019625193271182307,0.005997942993803062
Q9XF04,2,96,S,test,2,0.0006620167345051947,0.0013269034556609078,0.9923099508636696,0.0006317007906592207,0.0005403223388876452,0.001258743106252237,0.0008567132505040506,0.0006620167345051947,0.001049667029304259,0.0007019656960516694
Q9XGM8,7,444,M,test,5,0.0018612563992806105,0.0023436756338073806,0.0028491849142600204,0.0015551380275097592,0.004860846870583667,0.9492068728073157,0.0028159909505255263,0.025098655239867335,0.0072827575525590904,0.0021256216042908425
Q9XI36,0,384,U,test,0,0.994187758239922,0.0015182389218849695,0.0003182401761319125,0.0008855809500148893,0.0004523104827638547,0.0005717739854251036,0.0005830512532305019,0.0005288045112448895,0.000431597666511776,0.0005226438128701265
Q9XI84,6,482,S,test,6,0.0018406402315214012,0.002083682915893237,0.001052869945786364,0.00108629161671668,0.0007702961150917465,0.0016759219995695679,0.9875920480303225,0.0010736358756940861,0.0010406036139708546,0.0017840096554335367
Q9XI90,0,514,U,test,0,0.994910784489709,0.0011803803343045762,0.00035251594511140696,0.0008489515380870241,0.0004913354674009352,0.0004670077528675084,0.0005069320919820488,0.00037233105302983605,0.0003841500881518852,0.0004856112393557788
Q9XIA7,3,54,M,test,3,0.0039163760439191436,0.005249514248133331,0.0028764963654659827,0.9772065343103,0.0016844122953552445,0.0015761899537574092,0.002394032707188552,0.0012864486834931767,0.0019161596534854786,0.0018938357389016716
Q9XIP8,1,259,S,test,1,0.0017681490476023647,0.9864888464591014,0.0011778411509501192,0.0035095230409571796,0.0009726577225449103,0.0016162191597054395,0.001011404053536017,0.0009957237270009243,0.0015242397772995445,0.0009353958613021368
Q9XTF3,1,817,S,test,0,0.7745420145533705,0.17554525458484646,0.0015669747609146484,0.03172038288815551,0.0026447706841283987,0.00404857772144156,0.0031407428218742746,0.002504018731916371,0.002352307673565362,0.0019349555797869172
Q9XVW1,5,502,M,test,8,0.009326128588546203,0.003325333360658957,0.00401111758145615,0.0263351854720295,0.287869553135233,0.023635542281450983,0.005881915401751785,0.19784966260794276,0.4321433907016817,0.009622170869248983
Q9XXV8,1,858,S,test,4,0.0021522594127232923,0.0007301271378092011,0.000846962308842031,0.001492283040308953,0.9887098445558897,0.001869915243630126,0.0008018877524454016,0.001353441823283076,0.0010256301378833738,0.0010176485871847866
Q9XZS8,0,613,U,test,0,0.9946321371456548,0.001366210536155473,0.00036645593805619464,0.0008306741467495205,0.000516785664326754,0.0004854752101631606,0.0005107648966383874,0.0004024730928430252,0.00039009028594615494,0.0004989330834665072
Q9Y0V2,3,111,M,test,3,0.0022613372068700575,0.0034054603938077125,0.001785374476064963,0.9844943220879965,0.0012610842559504635,0.0011348530354821883,0.0017440161895294062,0.0009859774066224942,0.0014123473300700934,0.0015152276176061588
Q9Y117,7,667,M,test,7,0.005340199022289778,0.003066618481867932,0.005424294657377653,0.003557339567496173,0.016225613763216604,0.048346214322848295,0.005016652901070876,0.8910944521989997,0.017960116388472582,0.003968498696360379
Q9Y216,1,660,S,test,1,0.0025688248889186925,0.988639135768659,0.000696642312263073,0.002611906935551977,0.0008403110867215371,0.0011263537481444046,0.000873785261398306,0.0009085929152444283,0.0008875453764272309,0.000846901706671304
Q9Y241,3,93,M,test,3,0.002482952124859823,0.002721668498245253,0.002026526523255011,0.9823199074627816,0.0023508118848681522,0.0013238471217149167,0.0026122960687756363,0.0009992922586273536,0.0015782604716900346,0.0015844375851821692
Q9Y294,0,204,U,test,0,0.8505485222198831,0.10318324169242034,0.0013826563057397663,0.030981228354257054,0.001980563663967602,0.003278177760562104,0.00242663715067573,0.00242663715067573,0.002261874775340689,0.001530460926477857
Q9Y2F5,0,2266,U,test,1,0.0027007129033022196,0.988370741715534,0.0007413705785245997,0.002691164053277621,0.000707420728649885,0.001033319706390699,0.0008270587134519493,0.0010172995616820153,0.0010373639745299575,0.0008735480646570626
Q9Y2J8,1,665,S,test,1,0.00300542304659156,0.9876616533481686,0.0011385040738535331,0.0025160341948414957,0.0007124576170309304,0.0011164834160511175,0.0010529440463885075,0.0008200337038929115,0.0008200337038929115,0.0011564328492885
Q9Y2K1,0,713,S,test,0,0.9941013662545178,0.001496761835636614,0.0003605820022691249,0.0012640977774599452,0.000500618548785653,0.0005045449466343906,0.0005185314329360992,0.00037202813157265023,0.0003808505214019962,0.000500618548785653
Q9Y2M2,1,353,S,test,4,0.028382743454824947,0.0016456329423648716,0.004633355064997192,0.012849448555397913,0.9145549754011177,0.0154013199681964,0.003098560338281662,0.011039120408592243,0.003886465308806555,0.0045083785574205225
Q9Y2R0,3,106,M,test,3,0.00605951417240876,0.005748248948070952,0.0027339054828333844,0.9733377991987883,0.002649792155769522,0.00175140559878537,0.0028317288090968034,0.001096001676127263,0.0018070012474143493,0.0019846027107053533
Q9Y2W1,0,955,S,test,0,0.9947427729402352,0.0009637060795821235,0.0004284780169429709,0.000905318038843983,0.000554491769717124,0.0005168431747396116,0.0005566619839341463,0.000381096228898744,0.00041529514718996143,0.0005353366199161278
Q9Y2X7,1,761,S,test,1,0.002296108046913652,0.9860584109403953,0.0007454372220958948,0.0021527854193643652,0.0017742948784703837,0.001559705235840265,0.0009952892984292508,0.001881363563023492,0.0015719380414047793,0.0009646673540627019
Q9Y2Y4,0,487,U,test,0,0.9946776287210393,0.0012337223052137373,0.000360791020222381,0.001019799703417559,0.0004989559374060336,0.0004779704731410375,0.0005048374145907921,0.000360791020222381,0.00037810579266087514,0.0004873976120859612
Q9Y2Z4,3,477,S,test,3,0.002431318927774538,0.002767178970763185,0.001464623042111689,0.9856651342682393,0.0014589129873845922,0.00103452422051678,0.001109882530698609,0.0009346147937671455,0.0014935102216653414,0.0016403000370788538
Q9Y3P8,4,196,M,test,4,0.0019411019682188595,0.0008155181580174844,0.0027859363528318277,0.001436880728884701,0.9822230319649328,0.005682973887176389,0.0012005588188776666,0.0015235884797011974,0.0012581748500191312,0.0011322347913399848
Q9Y471,1,501,S,test,0,0.9770181697799409,0.008519159974141197,0.0006518148717151019,0.008129039219069385,0.0008839920019587426,0.000948384979106031,0.0013638158785902197,0.0007502342988575454,0.0008304336816518637,0.0009049553149689983
Q9Y4A5,0,3859,U,test,0,0.9932895335150076,0.001974507707088047,0.00028279295749010085,0.0012624489650303232,0.00046990355047831536,0.0005690302951183227,0.0005515231186806512,0.0006033681003486629,0.0005120718868377168,0.00048481990392028324
Q9Y4X5,1,557,S,test,1,0.0026660557319848613,0.9869926459527381,0.0006793713640849519,0.0026608535972870604,0.0012063887268609077,0.0014608778407993739,0.0009580671798148639,0.0011647135580370774,0.0013249587713697597,0.0008860672770230477
Q9Y5J1,0,556,U,test,0,0.9939638783128689,0.0017334928855422137,0.00033605291290137243,0.0009800279337725615,0.0004776274918093845,0.0005433411536436696,0.0005694166167571503,0.0004927890174003412,0.0004182246178966234,0.00048514905740774066
Q9Y5J6,3,103,M,test,3,0.0020152461965824925,0.0024933619782481005,0.0019380432937478043,0.9845135302673399,0.001799412459958129,0.0014290235568322372,0.0016772368126563124,0.0010913986926477561,0.0014976039275117897,0.001545142814475518
Q9Y5U4,5,225,M,test,5,0.001196193701111203,0.001015196403555787,0.0010311833699147262,0.0011237199270396378,0.00332707574495824,0.9824820424078179,0.0013086399551464447,0.0021618003224623513,0.005298510945650437,0.001055637222343307
Q9Y679,5,476,M,test,5,0.005629952000779629,0.008736887428695939,0.0060636969302090985,0.009794410894183815,0.01600694530191618,0.9248794548551831,0.008127784676026942,0.002557520915409859,0.0043504896749913865,0.01385285732260409
Q9Y694,4,548,M,test,4,0.0020629417099849593,0.000628547593695269,0.0007066950559436523,0.002284583706524525,0.9873567940156742,0.0024432338297102874,0.0009472546612104428,0.0011834914739647954,0.0012746705272786486,0.0011117874260131782
Q9Y6H1,0,151,U,test,3,0.005004735863957221,0.005555991305883625,0.004169380924928356,0.9659189968691364,0.002945007175798815,0.002197109017964162,0.008052403429759058,0.0014075209018992248,0.0021295110616544035,0.00261934344901868
Q9Y6J9,0,622,U,test,0,0.9948666851405342,0.0010189979469519804,0.0003636898893904257,0.0009269025245237072,0.000514892321769167,0.0004932366229478143,0.0005049333964907262,0.0003723145493003532,0.00041534689936200715,0.0005230007087295458
Q9Y6R1,4,1079,M,test,8,0.008960339043764245,0.006039231579240765,0.006279807121141839,0.029959284361840248,0.06442258289939472,0.03189149015252584,0.006632797963625025,0.015035080093040176,0.822492428477233,0.00828695830819414
Q9Y6X4,0,670,M,test,0,0.993924656168477,0.0016670180129025772,0.0003107858871864721,0.00089928878415438,0.0004629141959793602,0.0005649631373200688,0.0005967200140761046,0.0005738599452702521,0.00048135458629016906,0.0005184392683436167
Q9Y7I8,1,442,S,test,1,0.0022494830536809473,0.9879789504237964,0.0011522944728032303,0.002182403845721542,0.0007646010025552628,0.00141734632047472,0.0010824804360614411,0.0009515613347299043,0.0009894672700448055,0.0012314118401317814
Q9Y7K5,1,426,S,test,0,0.9933649898349973,0.0018173642531633086,0.00036598905706861204,0.0015288803508748347,0.0004848567187343729,0.0005242551246354909,0.0005780351583911575,0.00042455474979482156,0.0004147199548923996,0.0004963547974477252
Q9Y7L8,1,292,S,test,0,0.9638763162679733,0.019088534821616966,0.0006430472774723778,0.009194626561197999,0.0011198003883920065,0.0017074917141427363,0.001259025547638257,0.0011644082954227557,0.0010037826237748455,0.0009429665023687687
Q9Y7Q6,1,147,S,test,0,0.9945599216539988,0.0011622376241979793,0.000355155488218368,0.0009941145379562014,0.0005167481682498854,0.0005436669471805827,0.0005415474311625758,0.0004283992807239126,0.0003993120040178922,0.0004988968642938695
Q9Y7V0,5,186,M,test,2,0.0005901547491979192,0.000984470009927118,0.9945764501486001,0.000495022628709361,0.0005047860930137622,0.0006926611999856074,0.0005587472849506743,0.0004596129793774426,0.0005901547491979192,0.000547940157040121
Q9Y7X4,3,277,M,test,3,0.0019933388274520486,0.0023950517849570412,0.0021722174902381484,0.9814488376289623,0.0017318430040213725,0.0014357481973997046,0.004120132455705874,0.0009829273997732238,0.0015645896917883815,0.002155313519701967
Q9Y7X6,0,684,M,test,5,0.0032281437411084586,0.003330616245936284,0.00453466421954178,0.0023525527929932235,0.0038335156001697,0.941701712921763,0.007353302577612045,0.0026244622327389663,0.00432700673253642,0.026714022935600195
Q9Y7Y7,4,456,M,test,4,0.002206653333778951,0.0011358877958021643,0.004554366165353645,0.0033125789724271653,0.9550746765104934,0.01997740894119233,0.0029926657469823937,0.003709912568870582,0.004829196631320444,0.002206653333778951
Q9Y7Y9,5,457,M,test,4,0.0043699509295975604,0.0011355254298924485,0.0015043268475738618,0.00971411464935136,0.911047951394831,0.012255829972957086,0.001977400423098596,0.006624450557128012,0.048283771523573174,0.003086678271996991
Q9Y7Z9,3,479,M,test,3,0.0023457313886839806,0.002908816156777729,0.0015115628711872189,0.985957127852271,0.0012288918407521144,0.0008990765114434349,0.0014089314869763102,0.000757098383738721,0.0014593452515012783,0.0015234182566682111
Q9Y807,3,263,U,test,1,0.0028037823444558682,0.9885148795568718,0.0009446684061282146,0.002476746779677782,0.000753155357081337,0.0009156040393202528,0.0008736754296975132,0.0009520775431625368,0.0009446684061282146,0.0008207421374764775
Q9Y809,1,811,S,test,1,0.004626805856627256,0.9754910775827484,0.0005480252364277912,0.005633011050317877,0.001775970846868216,0.0037050578912628143,0.0011784394663827697,0.002524163574761483,0.003563119195480803,0.0009543292991225366
Q9YGJ8,2,258,S,test,2,0.0005477727959191991,0.0009209372196579178,0.9942727660088725,0.0004891060513309459,0.0004703687142914944,0.0008517276707207615,0.0005740609471287683,0.000438431858850377,0.0008517276707207615,0.0005831010625072903
Q9YGW7,1,229,S,test,1,0.010457449398479429,0.9712312964369387,0.0008450915011010258,0.009014884902366776,0.0012296008485408983,0.002059194037722786,0.0012200320921931802,0.001298717316162754,0.001506538550276904,0.0011371949162175064
Q9Z0E8,4,557,M,test,4,0.002813297191895688,0.0006540135639291878,0.0007239270150029814,0.0033887236651899714,0.9803138511410819,0.004995691821297653,0.0011125144725265758,0.002119444444061244,0.0023096398298180602,0.0015688968551967489
Q9Z0G8,1,485,S,test,1,0.0032302658633922244,0.979858534643301,0.0038964446378604335,0.005187216770473786,0.0012699413566409218,0.0014731576921768134,0.0015928632623209416,0.0011562948548570198,0.00109475783108721,0.0012405230878896475
Q9Z0W3,0,1402,U,test,0,0.9538971148210401,0.01995277894151488,0.0005794393703641839,0.007677471249104482,0.0020704030805980727,0.003400209558930412,0.0018999087572626426,0.006748929549324275,0.0026480859764836783,0.0011256586953772142
Q9Z258,4,1237,M,test,4,0.0012724225967838505,0.0006810787524606634,0.0009345678160529748,0.001649856432817011,0.989473153196134,0.0018084771965047,0.0009909637629000848,0.0009871002876571174,0.0011011899793447865,0.0011011899793447865
Q9Z2E9,5,383,M,test,5,0.009989082893501817,0.002110247517191698,0.0020453219931953607,0.0016179828801705523,0.008313652194761904,0.964688487649372,0.0016306728488435535,0.003070392204897602,0.004877807611665773,0.0016563522063996995
Q9Z2Y1,0,1205,U,test,0,0.9946711356064882,0.001367599010657547,0.00031101930522212253,0.0008774011714157414,0.00044551457883003625,0.0004950697626879023,0.0005107849594237581,0.0004351942141088144,0.0004120336165926187,0.00047424777457317883
Q9Z325,5,84,M,test,5,0.0016709078783439567,0.001908236783316246,0.0016385897080744328,0.0010579529890044894,0.0027818963059580734,0.9769748541602534,0.0016709078783439567,0.0036585196459446453,0.007062318405455223,0.0015758162453055487
Q9ZNV4,5,132,M,test,5,0.002298109625928505,0.0015733082475216389,0.002043981014315116,0.002068074796656223,0.00802119038866957,0.9754199467512905,0.0022802256701158737,0.0016169219703067114,0.0025939468234528616,0.002084294711743009
Q9ZQX4,8,128,M,test,1,0.0024855152106114152,0.9871825749532324,0.0010606876586327894,0.0029281166992053756,0.000788236177796871,0.0012352349639464112,0.001077391161124542,0.0009360536532476873,0.0013252137593207816,0.0009809757628817352
Q9ZQZ9,6,284,M,test,6,0.0026257348945835832,0.0031518134289468774,0.0015988220238535656,0.0023767914280245937,0.0010608927584486246,0.003418756567703822,0.9796896415368832,0.0013516124471747715,0.001394517315937101,0.0033314175984438163
Q9ZSK3,1,139,S,test,1,0.003829408052589043,0.9858374212079755,0.0011100765296780638,0.003668348140124146,0.0006226964689197091,0.0010843615471307084,0.001010736184202093,0.000891971533232595,0.0009421097538103724,0.0010028705823377619
Q9ZTZ7,6,1193,M,test,6,0.0015977086682874616,0.0015790947897073332,0.0010017752616495075,0.001058085585474122,0.0006804880083034592,0.0014238096729699806,0.9886149137515696,0.0011002348003494294,0.0010539604085579106,0.0018899290531311278
Q9ZUX7,1,466,S,test,0,0.9911184358321111,0.0021872020978463583,0.0004913782778137397,0.0026305512000309424,0.0006260322060344841,0.0006309422547913806,0.0007376462045648635,0.00040419676897633313,0.00044740506998017536,0.0007262100878505854
Q9ZUY3,6,424,S,test,1,0.004571059683606734,0.9755742474938859,0.002805168951728713,0.00575021510250934,0.0009618961411196336,0.0025342588583867664,0.0027295041153967297,0.001235099150622666,0.0012943728261826785,0.0025441776765608545
Q9ZV65,0,725,U,test,0,0.9950889256050416,0.0009021023827924635,0.0004154396596035527,0.0007686008516320311,0.000563419734233305,0.00048380461082062775,0.000495277718342093,0.00035257905725198863,0.00039641527275461897,0.0005334351075277047
Q9ZVH8,0,378,U,test,0,0.9946482323700955,0.0010521404333857789,0.00041525568344095325,0.001003959515699133,0.0005311200796874248,0.0004950584024510441,0.0005352857102513503,0.000363610042623282,0.00038106002708933914,0.0005742777352761709
Q9ZVL6,6,285,M,test,6,0.001839623835532625,0.0019316784446385686,0.0013147199078953277,0.00120175128434236,0.0007638795173374153,0.0018432202543932532,0.9870466881540565,0.0011114382486075683,0.0010856917173015946,0.001861308635894782
Q9ZVT1,0,670,U,test,0,0.99426770417498,0.0010517379194080394,0.000445333868186237,0.0012949237937034481,0.0005718200026683227,0.0005085872818377883,0.000541388342636055,0.00032581321083440337,0.0004118665043719925,0.0005808249013737309
Q9ZWA6,0,506,U,test,0,0.9950826510306181,0.0009565331585388827,0.00039332788099567155,0.0007066822070629084,0.0005482189853345098,0.0005109962863864588,0.0005109962863864588,0.0003753160996253339,0.0004122040753676903,0.0005030739896839367
Q9ZWT2,5,140,M,test,5,0.0017215237937327908,0.0018254081758451108,0.0023530441191211763,0.002012665257764517,0.0066380564860990055,0.9756008905649193,0.0022365368229916,0.0017081268341995266,0.003093018128246684,0.0028107298170802564
W3VKA4,2,462,S,test,2,0.0007045486689150888,0.0012389388972216808,0.9920783983327514,0.0005705608731611072,0.0005573438935575055,0.0011019350717751842,0.0006440096799397021,0.0005318212334116938,0.001709212286565241,0.0008632310627014842
