id,label,length,membrane,split,prediction,p0,p1,p2,p3,p4,p5,p6,p7,p8,p9
A0A068FIK2,1,1033,S,test,1,0.295468319430556,0.45406898772690973,0.0015626359796529305,0.06278608394865576,0.0878763254913765,0.011017656656642892,0.03487753345548272,0.031142132480848652,0.012484640679506479,0.008715684150368315
A0A0A7EQR3,2,474,S,test,2,0.0005906121210169943,0.010281414702145048,0.95721620109548,0.0004672126950606423,0.008515272270679686,0.0022464287417612336,0.0032941698955151685,0.0034253946429720966,0.012144080336352633,0.0018192134990164712
A0AQW4,0,356,U,test,0,0.9764410981150424,0.008382129172948276,0.00012050240349838341,0.0003711735464568198,0.0026170282701953257,0.0003829558547408251,0.010975145617083643,0.000348685247826545,0.0002758327668575237,8.544900535019745e-05
A0AVI4,5,362,M,test,0,0.349745183205944,0.06846655886117399,0.009616253870680219,0.12349358166523208,0.043265737472290906,0.2578859322018383,0.004471973503552451,0.07788643219167432,0.04080347705407959,0.02436486997353415
A0AVK6,0,867,U,test,0,0.8850550439424056,0.10906017320881675,7.745174682335766e-05,0.0020448761521897124,0.0016820693482443288,0.000521080753681865,0.0001058639803625341,0.0009811424219999944,8.506410036676637e-05,0.0003872343451090926
A0PJY2,0,475,U,test,0,0.9574609329240963,0.03126220576992332,0.00039973033578071177,0.008546611764072998,0.001637533629943478,0.00028345130079837725,3.4583451534438213e-06,7.394268001935845e-05,5.882843520928241e-06,0.0003262504066910591
A1XGB4,4,166,M,test,4,0.00013663702182336823,0.00018970171938384716,0.01560909780373881,0.0002360876112664693,0.835744259321211,0.0196548229493343,0.0010416674907598724,0.007607267293051275,0.11853374606792456,0.0012467127215065297
A1Z9P3,1,1576,S,test,1,0.33401685213845295,0.6048264369609968,0.00016303204395849404,0.007916933681675347,0.0222035883668045,0.005929509977885977,9.888392887074652e-05,0.013052818076491002,0.010695095868617634,0.00109684895624658
A2A8L1,0,1946,U,test,0,0.931505992871508,0.051737231505878126,0.0002757674532442072,0.002657611027951101,0.005827475524314082,0.0031807442061559145,0.000993076780503936,0.002363728245557096,0.0009184458898639568,0.0005399264950235834
A2A935,0,1275,U,test,0,0.7441221345876937,0.2098892890579392,0.0012677013653053112,0.0026011541032322184,0.028294683872125005,0.007705178443127024,0.00031555577329657074,0.0030410570959329723,0.0024056741548411425,0.00035757154650679565
A2A9C3,9,3431,U,test,0,0.6255089067078135,0.26485714868082294,0.004348433177809384,0.041824709514367064,0.013083842314644566,0.03163267382016816,0.0001313113050507304,0.004701777395881081,0.006037201644497581,0.007873995438945054
A2AMM0,1,362,S,test,1,0.3605657595564455,0.39292229068123546,0.020824119897147428,0.024536809481134375,0.13109937592565368,0.025514245582760244,0.001384271920669161,0.03514735848902042,0.005828003058929528,0.0021777654070042306
A2APC3,1,461,S,test,0,0.6056516080252586,0.13395659425919362,0.01117989869892748,0.08725239206474435,0.06187120732856978,0.03525314800064045,0.0029623782752099892,0.03811774718585987,0.019166804564493826,0.0045882215971019625
A2AR95,4,345,M,test,4,0.03883351660091367,0.014078309404105717,0.1378112847586726,0.0069692687234791965,0.6574608517617131,0.0609149731219477,1.8389236619976464e-05,0.06612258237573915,0.017181856123989203,0.0006089678928196801
A2AVQ5,3,414,U,test,3,0.0456410604324009,0.3412196897876447,0.00029690339262985387,0.5988592441664519,0.0045367646479147995,0.004329010798118021,0.00024614153982583075,0.002667026100210742,0.0006484966656033131,0.0015556624691999616
A2RV66,5,269,M,test,4,0.03409176116957304,0.013814728816282389,0.030980335567523692,0.006399400151416966,0.8123685830188141,0.025633486324977386,9.418015710034884e-05,0.06191332269817164,0.014365046361550672,0.000339155734589769
A2XFC1,0,442,U,test,0,0.5836801590085047,0.1865553875442111,0.0011994380163901277,0.09235161639652745,0.009508305328868734,0.01604830304211323,0.04370909975071193,0.01804359276126178,0.015194229009500775,0.03370986914191025
A4D1B5,7,854,U,test,0,0.5940221116964558,0.2698467150747824,0.003216090701408409,0.0362355793642562,0.014526565031216685,0.041382336275382806,0.0007520455028120023,0.02395025893488628,0.011672422613933775,0.004395874804865585
A4Q9F4,1,727,S,test,0,0.7325074934467047,0.1686327976519176,0.007409208581735174,0.027853046204150408,0.04052594119145431,0.006538603156440375,0.004493911545535861,0.005770297457701922,0.0026008767285915467,0.0036678240357680453
A5D6W6,5,292,M,test,5,0.0002559083210215783,0.00041538028539465016,0.003941018114856762,0.015048568062535005,0.05928620294206035,0.8510229545449285,0.00025993832840498314,0.03540141117938794,0.01917237220159431,0.015196246019815974
A6NNB3,4,132,M,test,4,0.004463226153116774,0.005554574646725142,0.00644341914984966,0.028263608527884374,0.8439213793032525,0.08554109347600745,3.328775773454218e-05,0.014981398642079024,0.008738571943092688,0.0020594404002578556
A6XGK3,2,422,S,test,2,0.0006084377864459632,0.003845445423576799,0.8978602523499276,0.003138561140620066,0.00741228990116336,0.029201882643036862,0.003114136741426139,0.010210860108122177,0.04038473800598829,0.004223395899692739
A6YSL1,6,525,S,test,3,0.27471711694350515,0.0359647266983434,0.0016335276567339145,0.5132391352411156,0.005191340009664986,0.0110762638667584,0.13921984757891223,0.002735643826938681,0.002651476947887786,0.01357092123013982
A7MAS3,1,351,S,test,1,0.23884003620859576,0.4843584456669195,0.030246720700449117,0.11216091674589794,0.00820464345502573,0.05205789698087386,0.007707549052743665,0.02819304060889138,0.021785894595436152,0.01644485598516693
A7WNV3,2,70,S,test,2,0.0009370588127009297,1.8127562522786362e-05,0.9882426747400216,0.0015646875660924027,0.0027541692526257024,0.005105422752609095,0.0002813560973113096,0.0002581868291821876,0.0008334374194865963,4.87896744743115e-06
A7WNV4,2,70,S,test,2,0.0005857678397492404,8.587153268119609e-06,0.9910470704542962,0.0015448006817825888,0.002032586112096673,0.0038047946922428137,0.00026505963971352846,0.00023759790596335973,0.0004688427077614485,4.892813126089322e-06
A7WNV7,2,62,S,test,2,0.018367527450610426,0.00015432222032844766,0.9148750503342528,0.008899321041050125,0.010930328866667616,0.030940585508579702,0.0067438517295264075,0.002113773766124392,0.006957924609841877,1.7314473018233446e-05
A8B5P0,2,69,S,test,3,0.16124349794992363,0.009422230512317664,0.26274838982441373,0.3194208137704506,0.035144850529858725,0.14063906636871615,0.027910677651151367,0.02424921834783345,0.018447831230126714,0.0007734238152079661
A8E0R9,1,1083,S,test,1,0.3169237838115676,0.5475951799096237,0.001663063350091005,0.00520326454676938,0.11038494391262475,0.004520674511794525,0.00021476437366451848,0.00567019613844566,0.006681123933302502,0.0011430055121163616
A8IVX2,1,524,S,test,1,0.22705501293501323,0.6885357635874543,0.0010033227066854119,0.013319841628862865,0.011939828418949423,0.015694609727592745,0.0015539768046666043,0.017853929401573078,0.02071091953346542,0.0023327952557369506
A8MQ27,1,555,S,test,1,0.4176313462397639,0.5037595488943286,0.004786737595124051,0.03381577039652214,0.02572568061596675,0.004938685197233636,0.00017710262414712577,0.001119323043544133,0.0015540262250036125,0.006491779168366105
A8MUP2,3,240,U,test,3,0.03196653570023141,0.055530672085684775,0.004292533060906437,0.8308938342194127,0.02320521585832418,0.032217247725263784,0.0004968967748318836,0.01113398412727571,0.0036146753126684453,0.006648405135400672
B0BMY1,8,293,M,test,4,0.00032660136439916166,0.0003165528890933323,0.0016329040854795016,0.006483537747762189,0.3812613592082627,0.311176463095523,0.013665464014293019,0.06573770607212366,0.21723616512584956,0.0021632463972138948
B0FHH8,2,151,S,test,2,9.570778087699177e-05,0.0005422215256933758,0.9651604014621478,0.001473910896603825,0.011593206949687632,0.017133649194857343,0.0006339211848688174,0.000614417425668396,0.002716237004446548,3.632657514926472e-05
B2D6M2,0,612,U,test,0,0.3347446724419893,0.3206657283367202,0.07889008064669788,0.02571210302358641,0.020985607703817934,0.07827616029168388,0.031999228529676814,0.023228949451817103,0.0823537734090142,0.0031436961649962828
B2RNN3,2,333,S,test,2,0.01878782670282443,0.015851867776607426,0.6900229219014742,0.0024500288166076833,0.2460352545622115,0.007429620929324934,3.0363161261356808e-05,0.008223840686711961,0.009727977816225785,0.0014402976467507444
B2RXS4,4,1842,M,test,4,0.013020646109373231,0.08985316948210272,0.16558838249659588,0.020970125206011093,0.35468278104202683,0.1951108021125415,0.0002660453086196141,0.05089769250244079,0.10817212845979479,0.001438227280493573
B2RYG6,1,271,S,test,1,0.4205627233612164,0.5400132439367592,0.00042782914117776193,0.011384111948730515,0.0017187438629292747,0.00879695906489954,0.0004554217868891401,0.007407782817535542,0.0050123566732274884,0.004220827406635058
B3A0P0,2,47,S,test,0,0.8697398424979249,0.058725946162764976,0.05560060658733882,0.0029698357223307227,0.006851339803428141,0.0013703540148868132,0.004091121498106688,0.00011425690274743522,0.00044488881142421715,9.180799904730689e-05
B3A0P8,2,318,S,test,2,0.001954298242344078,0.0035665317132214146,0.9659925742389128,0.0024704642238565794,0.020684944558165122,0.0014297950611063728,0.00016551079244253654,0.0018074304179009216,0.0017933647694089883,0.00013508598264119642
B3A0Q1,2,203,S,test,2,0.001942000087309065,0.0009354289330650968,0.978846473475166,0.007862903520713055,0.008635711301548067,0.0009281492498430798,0.00014345265561131724,0.0004852940540101398,0.00019004388842814015,3.0542834306137895e-05
B3A0Q2,2,296,S,test,2,0.005190063809557916,0.014630713332815782,0.907604328193144,0.0008538998022250164,0.04114319447691547,0.008725740291631957,0.00026869149025226814,0.002778040967900722,0.018097419795482912,0.0007079078400739751
B3A0Q4,2,185,S,test,2,0.0029858252247225154,0.00044903470064332223,0.9491766011121073,0.03197549455987117,0.005328009658118619,0.004235432246062816,1.536512255489053e-05,0.004827577881154542,0.0008194739790296823,0.0001871855157350846
B3A0Q9,2,121,S,test,2,0.001139007773137472,0.0004029652448239316,0.9355129858721325,0.0008530774157252671,0.030785153541414007,0.017336493838260986,0.0008140121579282843,0.001892634952715412,0.011237090764788545,2.6578439073569914e-05
B3A0R3,2,264,S,test,2,0.008297933340190834,0.004821272144611375,0.951646872972455,0.020537585204761528,0.005976777577505687,0.0035968879561242176,0.00013307985620112378,0.0014761599146334166,0.003199138474549801,0.0003142925589670311
B3A0R5,2,214,S,test,2,0.005955871782292779,0.007354519946313872,0.8303752115631985,0.05584940801252329,0.0351893983540747,0.018489262467961547,0.0017882772156429464,0.021828268170563412,0.021489851617046387,0.0016799308703825614
B3A0R6,2,513,S,test,2,0.0008865659845117374,0.0008660286924165629,0.8381212153900985,0.00014816003032722556,0.1411626454317636,0.0037107755476728484,0.00013280979739537505,0.004139669140832659,0.010800584893236254,3.154509174522905e-05
B3A0R9,2,119,S,test,2,0.002229490692466602,0.0016439233325503285,0.9725273275916669,0.004907848626549943,0.0011933603852476798,0.006261927475167468,0.007597713750268698,0.00045294853022971593,0.002919184928726561,0.0002662746871261076
B3A0S3,2,489,S,test,2,0.0006047603207337629,0.0006539017854201057,0.7999721743959181,0.0001414161852114791,0.18130885154952633,0.0037046062693942006,0.00011542052216319786,0.003792458386736487,0.009684382190181653,2.2028394714741523e-05
B3A0S4,2,195,S,test,2,0.0024758508843781674,0.0016752445871429991,0.8953450563027491,0.04457660215097978,0.028445510927959362,0.01617613929416758,0.0003796840459833226,0.009325531872725699,0.001304681710366824,0.00029569822354717535
B3EWF4,2,109,S,test,2,0.0050983486716837095,0.0012252383619304752,0.9677854537660262,0.00532219299207986,0.010730147757932244,0.004922223459127584,0.000535267017521346,0.0019426886709565127,0.0023802317160770024,5.820758666504406e-05
B3EWF5,2,111,S,test,2,0.01262870206490763,0.003520589188583394,0.938765666616099,0.0061307426686065866,0.016845071799254464,0.01046956128534679,0.0010325855200228962,0.0035482017358961513,0.007001527788337006,5.735133294608931e-05
B3EWF6,2,108,S,test,2,0.014327603397578716,0.0016504618295127991,0.9463548625557117,0.0027856816186068362,0.020028353866326645,0.007282178836273813,0.00015472090485373074,0.0030120402395148924,0.004382492871934115,2.160387968676278e-05
B3EWT2,2,40,S,test,2,0.00029516642798532624,7.580500275913417e-05,0.9970331428540831,0.0002928694372158679,0.001608169326524771,0.00042612249227637767,3.311675105924294e-05,5.6333495621742924e-05,0.00017351938415776464,5.754828316736224e-06
B3EWT3,2,51,S,test,2,0.0058772774536436645,0.0007477595488597221,0.9737953718386372,0.009697092871014546,0.0013123589104818317,0.0006103034939224629,0.007234472445563071,0.0001950647455016563,0.0004395851653245119,9.071352705140859e-05
B3FIV1,2,99,S,test,2,0.00010685061316613837,1.2177094049395191e-05,0.996552072490087,0.0003116074542057319,0.001322205827537852,0.0008929036224112043,0.00011463397394569877,0.00014266427946507616,0.0005426321092378725,2.252535894038569e-06
B3VZU0,2,67,S,test,2,0.0013058914091330254,1.4563920672929285e-05,0.9881080487718181,0.0019699706684082434,0.0008431468169702848,0.0059215877643329674,0.0006489932876972708,8.380957886317184e-05,0.0010975250814648202,6.462700639178363e-06
B5A9S9,2,59,S,test,2,0.03408231145631449,0.0006909699912920009,0.9284031028432459,0.003620423467157229,0.005125598508545216,0.020671967401070402,0.0009011946608724833,0.0010870483045202787,0.005392604989249987,2.4778377732064996e-05
B5BUZ8,1,675,S,test,0,0.5920789610377912,0.3095756948273653,0.0023821775351978622,0.0490777436416066,0.024920015569822266,0.006947122713021178,0.0054528590059555754,0.0036895888371434628,0.001562270275835275,0.0043135665562612745
B5X0I6,0,1091,U,test,0,0.6523754308113521,0.2698342382748366,0.0011647368731675656,0.01252210271097731,0.01614162813245567,0.010794726654189159,0.0025440192587292613,0.02072625888092695,0.011312776676046762,0.0025840817273185754
B6GX22,2,445,S,test,2,0.000482442152033776,0.0098619499035765,0.8722758357126007,0.0005216443134545805,0.010274853632705727,0.034623869017383985,0.0071730036814579776,0.01543003145746095,0.04732521285553095,0.002031157273794863
B6RGY0,6,260,S,test,6,0.000938282637219467,0.00049831811230616,0.001959372074751497,0.011979187812759497,0.0012189801755939254,0.0008610164495142606,0.9818326213529063,0.00015317041801139722,0.00031428530860534357,0.0002447656583321793
B6TVL4,6,395,M,test,6,2.0238466074771955e-05,4.4204874664820897e-05,0.0003924576877381918,0.025149294122671455,0.00018179826200565843,0.000300907773235737,0.9736771327740602,5.676018025108181e-05,2.7662704326577205e-05,0.00014954315497147765
B8B0E2,6,1246,S,test,6,0.001585293238342131,0.00044890261070534593,0.0003258683190865484,0.006994641967974542,0.0010810760029659995,0.0014892452411325548,0.9866971537673794,0.00015392930328294742,0.0006738826162508897,0.0005500069328795933
B8YG19,2,671,S,test,2,0.0016225576883015078,0.024648272327842852,0.9231149166304985,0.0010313604292085958,0.01524479623146222,0.010254881845087238,0.0038021482326351676,0.006028533194179125,0.01244243927163531,0.00181009414914949
B9DFZ0,6,386,S,test,0,0.7817291469054936,0.0963279288609684,0.0008333999272617293,0.07006329165069426,0.008351538171840282,0.01031277402292679,0.013555885035357292,0.008549589501509549,0.0011040754406754514,0.009172370483272664
B9V5F5,1,649,S,test,1,0.14152656101489156,0.6858181166417058,0.0005184625480312667,0.03113935056047707,0.02342161657263549,0.004880755072527611,9.59059298690991e-05,0.10851219739360254,0.0026329701498880114,0.0014540641163715673
C0HJQ5,2,57,S,test,2,0.0008253439222287407,4.566211158750691e-05,0.9901818364711119,0.00047581015844194306,0.005236750326680376,0.0007968320062485929,0.0011776412983693166,5.093976731768174e-05,0.0012008682499200641,8.315688093891818e-06
C0HJZ6,2,66,S,test,2,0.0005410549306907665,1.20472131140005e-05,0.9859228060571642,0.0013816322795375097,0.0018267938730869911,0.007706126140658458,0.000500394085878455,0.00015142392545148718,0.0019560393265678584,1.6821678502273428e-06
C0HJZ7,2,66,S,test,2,0.0005410549306907665,1.20472131140005e-05,0.9859228060571642,0.0013816322795375097,0.0018267938730869911,0.007706126140658458,0.000500394085878455,0.00015142392545148718,0.0019560393265678584,1.6821678502273428e-06
C0HJZ8,2,66,S,test,2,0.0007535861328533135,1.3695000277751394e-05,0.9890803069256426,0.0007928424828364441,0.0018542468306566246,0.00519021707361654,0.00034233189235017376,0.0001094158509588747,0.0018615043941910098,1.8534166166605057e-06
C0HJZ9,2,66,S,test,2,0.00045225325898405226,6.681874187042906e-06,0.9901864863547581,0.0010211608885596789,0.0013279487626278088,0.005155586191239081,0.0003454027456637555,0.0001112632066083108,0.001391678462399755,1.5382549723491702e-06
C0HK00,2,66,S,test,2,0.0005525809257674095,9.695202737385727e-06,0.9874499903295761,0.0012936019562044961,0.0018657097498653574,0.006057975997869912,0.0005790998150550803,0.00015647262849011924,0.0020331351404613857,1.738253972690061e-06
C0HK01,2,73,S,test,2,0.000575687800119876,1.9853454626933485e-05,0.9854740000940129,0.0013796554547843007,0.002232850551126353,0.007763031014850336,0.00020367041196885392,0.00020687775598001153,0.002141029594950391,3.343867580057087e-06
C0HK02,2,73,S,test,2,0.00043587203561001935,1.134652128518895e-05,0.9884676406865652,0.0015102408467064926,0.00165140199241185,0.0060642194430005,0.00018312357262238995,0.00016160599011669327,0.0015109785706061063,3.570341075510902e-06
C0HK03,2,73,S,test,2,0.0004270022530204153,8.325217832442699e-06,0.9913166556217322,0.0015242384664017146,0.0014587058383799575,0.0037468258912955296,0.00031732115237770254,0.00013647811728706005,0.0010609769741266213,3.4704675463406918e-06
C0IW58,2,330,S,test,2,0.0010246496893773387,0.006629558603763722,0.8350367963259608,0.004701061539236069,0.011016022178001227,0.018197858316310923,0.017517810312183912,0.0028291486063316295,0.09742066055473388,0.005626433874100466
C4LY96,1,1151,S,test,1,0.26658983171280576,0.691481381234562,0.0024938712490563055,0.022832655386757016,0.0033558708644580173,0.002738981624102254,0.004016451242613223,0.0010076150493439628,0.0023796685119833573,0.0031036731243180913
C4M1E4,1,1153,S,test,1,0.21424505319074894,0.697015709378208,0.0038331351608872745,0.05743847097153247,0.004276170901796549,0.005844833385115063,0.005490712873898267,0.0017277293537829312,0.003954811525099741,0.006173373258930702
C5J888,2,75,S,test,2,0.0001150646940290607,8.335257984724425e-06,0.9925121149871107,0.00136663102262035,0.0011186843130671024,0.004056170150178795,0.00024936857720180336,0.00020998939169871383,0.0003558113559752137,7.830250133511402e-06
C5J8E3,2,62,S,test,2,0.07970176629720899,0.0014712380930064384,0.7741218202028929,0.011260043819151792,0.011708593916376745,0.08484209320957446,0.013267573888116143,0.004938401742877725,0.018637333047846205,5.1135782948615464e-05
C5P3X6,2,276,S,test,2,0.001333444642138381,0.0017943459501496913,0.9008966291234244,0.00079623617395662,0.00682490287821492,0.013500234416254722,0.0047645500071743065,0.004672394705017607,0.06325286769301514,0.002164394410654241
C6Y4C9,1,138,S,test,0,0.3318078489329455,0.3292256863365531,0.001168964653450136,0.1340624827518333,0.02121176552380544,0.022935388412184694,0.006319363547066121,0.130956931774177,0.017312539592253984,0.0049990284757306675
C7AU21,6,278,U,test,6,0.0012808390790902222,0.001983802516957457,0.0021283090876195146,0.07740705398582118,0.01486021175306238,0.005807987367984939,0.8928248215049388,0.001968364215591812,0.0009370818659441886,0.0008015286229894601
C9JLW8,0,97,U,test,0,0.5925273958724598,0.25885606089313024,0.011552445714225179,0.05197710599539496,0.006183578233338101,0.022267921134905045,0.02961566144654537,0.006379866575234072,0.007343181021927467,0.013296783112839801
D0VWU3,2,499,S,test,2,0.0004781812101718339,0.0049439865057619835,0.7995982899496396,0.0006743436209624312,0.08560420715515533,0.014774438240150721,0.021329392103412587,0.005345723680892834,0.06312058226228964,0.0041308552715630525
D0VWV4,3,169,M,test,3,5.086103255482113e-06,1.930466964536853e-06,1.2200927091821042e-05,0.9985025530975816,1.0600349297529101e-05,0.0009542131465323358,0.0004234294797086478,2.8590500862267997e-05,5.85406916758487e-06,5.554185953817882e-05
D2CZZ9,8,281,U,test,2,0.014484336867813202,0.02880554513308239,0.5105904435254495,0.10828715763260355,0.06593654426791595,0.17371966266322722,0.0071702670701863785,0.03394122484566815,0.055307668726183395,0.0017571492678703196
D2Y171,2,76,S,test,2,0.003073522255870575,0.0002659514634888185,0.9713468237062283,0.005953367606718972,0.006622032513589753,0.001051858615524378,0.008209123010319262,0.0005630192863027416,0.002848100989090035,6.620055286724047e-05
D3Z3K2,0,276,U,test,0,0.9253953143583988,0.06103643783620958,0.00021335900420480408,0.0056330921495278225,0.000437784273619732,0.0013484704901248392,0.00012542730089807225,0.004544032001039899,0.0007927249062370692,0.0004733576797393265
D3ZAW2,3,406,U,test,3,0.002585884073486989,0.004197304801829358,0.0024292134900931847,0.9063653779849283,0.011634487279347792,0.06265024392981716,0.001951927877428314,0.00403650822640363,0.0007764232364008749,0.0033726291002643244
D3ZD32,0,1948,U,test,0,0.9331074746871536,0.054313363913878386,0.00023628191670818172,0.001962968463131728,0.004123265561617088,0.0022243346085606703,0.0006626690432680018,0.002009518994154191,0.000727799635053274,0.0006323231764748902
D4AK17,2,305,S,test,2,0.0001696555178040551,0.0015479820392012584,0.9448392126514591,0.0005739372192065449,0.004685038399343358,0.011917023406131577,0.0031886846945378073,0.008458691014463626,0.02204756702317735,0.0025722080346752972
D4AL26,2,365,S,test,2,0.002999911163109453,0.013158901096854927,0.9135451072324872,0.0046463534398820385,0.018394639760910537,0.005782480485759456,0.013262108412633953,0.0016567083629927541,0.013497291601505925,0.013056498443863834
D4ALW9,2,271,S,test,2,0.00030932030589394605,0.0006862570804045328,0.9815392620746152,9.582295729732638e-05,0.004590034822773104,0.0018727412894688049,0.0005020764443907644,0.0007537059691530666,0.009326614194772865,0.0003241648612303839
D4AMW3,2,190,S,test,2,0.0012846587151964875,0.006213131084553938,0.9682526883764896,0.0026774586529347776,0.010303919517857361,0.003957027690105752,0.0009697113132644869,0.0017559202923498952,0.003988062618867541,0.0005974217383801582
D4AR77,2,930,S,test,2,0.014220662626932005,0.055263788331505484,0.5462809882503895,0.0466277569029891,0.04572589391061505,0.06718368183350089,0.1351856609461555,0.015496799953234195,0.04905672817016733,0.02495803907451092
D4AS12,2,422,S,test,2,0.0005843721557810027,0.0037223131638716676,0.9037319593783673,0.0028097492711844393,0.007203028674434776,0.026658161119396024,0.0027878839121920776,0.00969273429186573,0.038939204808156935,0.0038705932247501324
D4AS41,2,588,S,test,2,0.0003454485022049168,0.0031030974471047156,0.9523792185189904,0.0023792274931558866,0.008385813198305165,0.006087447549105585,0.004127025776234862,0.001345093149902743,0.011406217821402168,0.010441410543593556
D4ATH2,2,417,S,test,2,0.00047488976286545737,0.001878225361652984,0.8998268845839753,0.005026391709116192,0.02995986492488063,0.022703403614939912,0.007005766502234305,0.008450566793949309,0.019802261150838666,0.004871745595547282
D4AUH1,2,882,S,test,2,0.0061170267160396705,0.022375151254525976,0.7294756685211827,0.10842688255446402,0.008694047938403116,0.06374087110463447,0.005071192920776167,0.01819086798710204,0.02228791799526757,0.015620373007604235
D4AUX6,2,442,S,test,2,0.0005157772937203006,0.003994006408528365,0.7976499286583874,0.0004623398122385392,0.0975248527838404,0.019774716947410228,0.009395807381533046,0.020263439613103795,0.04697608275264718,0.0034430483485907294
D4AWC9,2,495,S,test,2,0.0008326755572154,0.012260000420573607,0.9131396463559197,0.0021597960605314725,0.011767321494799582,0.02646632520747082,0.00534554632121403,0.0022283553677673565,0.02317468869865228,0.0026256445158557456
D4AZ24,2,909,S,test,2,0.009082976991724985,0.041567002158804635,0.8304992899210715,0.006964161014027223,0.018419933081441825,0.04304776396530368,0.004094018765327071,0.00801570002619149,0.022305641544847113,0.016003512531260502
D4B1Z7,2,565,S,test,2,0.00046549865153690793,0.0048886512294151925,0.9243621141190694,0.003690147509214237,0.012508013040572539,0.015935623029906112,0.013012628784892302,0.0026787597758655374,0.014011732139977251,0.008446831719550473
D4B528,2,373,S,test,2,0.0014413119750538866,0.010525860395995972,0.886630935175963,0.003797351331532863,0.00791435912866164,0.029839328986588424,0.0072061069032305315,0.013890133903925893,0.02276716676509305,0.015987445433954715
D4B5D3,2,197,S,test,2,0.0007754259589197361,0.0032140513862853287,0.9052011818394263,0.036782868722620356,0.0157709456539156,0.015292257902559527,0.005216920418590269,0.004031323361329942,0.006857512378176443,0.006857512378176443
D4N4Z9,2,424,S,test,2,0.009567809225467412,0.014140305012199329,0.9025997457498004,0.012142182244408323,0.019102334844991825,0.032241288351100406,0.00014527951034583488,0.002237321327905874,0.0075687602573823115,0.00025497347639833633
D6PVB4,4,321,M,test,4,0.025483390014183607,0.07119130034076794,0.01246822236085834,0.012371193443803087,0.5512815455410272,0.13404601143070055,0.001303914082918643,0.10480372504409861,0.08339378003323547,0.003656917708406541
D6PVB5,4,320,M,test,4,0.024475859762212924,0.0634235847815096,0.011205865278834317,0.012897870602852163,0.5838022451584176,0.11361818772921385,0.001199688917884177,0.10264547997321981,0.08247795169092886,0.004253266104926655
D8QLP9,2,393,S,test,2,0.0004705824780771576,0.017658477460480607,0.7053654118537348,0.001721319142038581,0.020029226104067464,0.04081732363614842,0.0977246080331699,0.012279543894500453,0.09696411237860363,0.0069693950191789785
E7EKD0,2,62,S,test,2,0.004813557791481672,6.115851665688166e-05,0.9552411437870726,0.006299557557939354,0.005525511569084503,0.021944716081332288,0.0014249708928216708,0.0010263679491932245,0.0036530320021249804,9.983852292789928e-06
E7EKD4,2,59,S,test,2,0.0759303085500578,0.0013907121510494998,0.6559377586844185,0.04394509055152819,0.014719762117092063,0.15338344119359734,0.00638054419665139,0.017480149007416002,0.030678619056586417,0.0001536144916028124
E9QAM5,0,2947,U,test,0,0.5053910071141986,0.23138486096721692,0.007152914611863455,0.17740893553961326,0.025960661748934175,0.006312425315932269,0.013787604084757573,0.007042018772087261,0.007855939762986552,0.01770363208240994
F1LW30,4,956,M,test,4,0.007344644119875022,0.021087045047607635,0.2451287978017782,0.01980944555190629,0.6358157455901577,0.047381367978430365,0.00047320995224795783,0.015793465225884453,0.006282206217958312,0.0008840725141539981
F1NZP5,4,252,M,test,5,0.0004381149311592741,0.00011977395805351535,0.0001586746991495751,0.025462989457133833,0.008646441858919126,0.8564971322496114,0.0023135622661723497,0.08348991949122711,0.003950905162348763,0.018922485926225054
F2Z699,3,582,M,test,3,0.0029390872694649403,0.009413656371148273,0.0005609345701670652,0.9234337128467526,0.0016746412497570876,0.03932455028373923,0.00744681520848275,0.004144777308823955,0.0007431175740447594,0.010318707317619363
F4HQA1,0,589,U,test,0,0.9276198686743435,0.056585170064013195,0.0007464863066401537,0.0038808704877045536,0.0025056785068407013,0.004099016254450787,8.375344760385152e-05,0.002447634529962479,0.0008198548461571531,0.0012116668822835799
F4I2J8,0,716,U,test,0,0.8439351565392946,0.11783974959992542,0.0005809013551258119,0.005177517106266519,0.01576207810228673,0.007188271008603463,0.0022618896984892755,0.004641096708126556,0.002297509295543256,0.00031583058633838444
F4I443,0,714,U,test,0,0.8657514454320083,0.10585130752827339,0.00019046683158514694,0.010000753218046277,0.0068199215467760095,0.0036220327025489295,0.0012037876296852725,0.0051883226268847876,0.00069669878587103,0.0006752636983208926
F4I5N6,1,220,S,test,0,0.49077269100681964,0.26682847816955113,0.002496103809452409,0.00799481755505509,0.19521588834920503,0.010265548959025105,0.0003075803458795121,0.02147898137935285,0.003988762843414932,0.0006511475822443121
F4I6M4,1,821,S,test,0,0.5797859858463328,0.23243176264020138,0.00038680255573509076,0.028529550054026118,0.019994787292822343,0.013010856318700767,0.05007092137179085,0.03816641756637297,0.019839185646851845,0.0177837307071659
F4I8Q7,5,416,M,test,5,0.00041147262056719964,0.0005894073481646007,0.0005366614807721145,0.018515864604596206,0.07028878524767675,0.6463636289980381,0.0012477754154362804,0.1940735498537514,0.06450061479619393,0.003472239634803409
F4IPE3,0,445,U,test,0,0.935949238594592,0.04960349057141266,8.718798671673481e-05,0.004560090468130922,0.008069918255023865,0.00037872731975420633,0.00027708283513988986,0.000542501844903946,0.00020271812671474303,0.00032904399761101534
F4IUY8,0,1006,U,test,0,0.5005490703832296,0.4629321922067726,0.0013841421831596462,0.006707361331755452,0.008545400444979924,0.004164695210813926,7.335684383601554e-05,0.01214546226139846,0.0021775613673762698,0.0013207577666781273
F4IVV0,1,224,S,test,0,0.5924217083532045,0.30975487716468036,0.0066328281297327865,0.025130003600028563,0.04391113652833211,0.011917032258418855,0.001587791013389183,0.005717855391877993,0.0016901947031267876,0.001236572857208811
F4IW47,6,741,M,test,6,0.001555573857582991,0.00703657774676135,0.0009216471011903374,0.04653859775461603,0.00115600446813939,0.001340988526641483,0.934752740608159,0.0002900091281793056,0.0006535456480478918,0.0057543151606822066
F4J8D3,1,1176,S,test,0,0.641175562204539,0.22683905474966157,0.0006729584401698781,0.0328071666421318,0.006188410852635467,0.012797384663452193,0.05001274542698757,0.012897754237048115,0.006485398936346701,0.010123563847027742
F4J8K6,0,1920,U,test,0,0.7419164760175753,0.15430393780461155,0.00045067295913171784,0.030030257932599346,0.003600640680022499,0.021211622235327524,0.023296410165674065,0.01564046923291415,0.005405201098875827,0.004144311873268103
F4JCC1,0,992,U,test,0,0.9252207005810262,0.06702276239709783,0.00017410570854568943,0.0009266145399706775,0.0019312303801089074,0.0010176868955631877,1.8639586446620787e-05,0.002788056430644109,0.0002533222974822958,0.0006468811831145104
F4JI44,0,913,U,test,0,0.8590040394950602,0.08308267198762273,0.0011046446800819796,0.015980969355414213,0.016682618436577226,0.006307321766695557,0.0043012199743071395,0.009177098546147322,0.0019086547220671635,0.0024507610360264658
F4JL28,0,234,U,test,0,0.9629569846315074,0.027104404746937632,0.0008919312045868824,0.0021396319032654714,0.0014705459696887037,0.001830123990640265,0.0010106904784341873,0.0016663469747039358,0.0007394369858526574,0.0001899031143828801
F4JYE9,3,530,S,test,6,0.007287600186390596,0.021252757759986234,0.0003862286204814804,0.3197131894389954,0.0024601853178903726,0.006431284511233336,0.6259680083747907,0.002578252101689627,0.0031099657867431985,0.010812527901799056
F4K1J4,0,1423,U,test,0,0.7101353148982562,0.23054718578860617,0.0013708837284580157,0.012314384458188811,0.016570816605522298,0.005682154829148358,0.006048622363466601,0.009368289708116847,0.005014484521341995,0.0029478630988947125
F4K2R6,0,563,U,test,0,0.6009636512944051,0.26254156195203554,0.009414814399441498,0.008707279327268789,0.08845720427791978,0.0073322644354790485,0.008707279327268789,0.004808616352069262,0.0057103731589712575,0.003356955475140891
F4K5W8,2,836,S,test,1,0.13119445499862498,0.4395119467001772,0.0035167594259083285,0.1996573024026754,0.015039271398423603,0.06648610409991763,0.04873736858129219,0.02681039969482888,0.014463127324686605,0.05458326537346515
F4K6F1,7,517,M,test,7,0.0006874592454699766,0.0026768005706809418,0.023534100316427786,0.015646500389096093,0.08327282154204418,0.23722220769488367,0.02072824707609592,0.5602439001555805,0.05110288743453609,0.004885075575184875
F4KFS7,5,550,M,test,4,0.11940881090055072,0.08517111253432466,0.006403032811043239,0.0034272962430517643,0.5499881013643546,0.10662005297751731,0.005476803622120314,0.012536529688038608,0.1082990785996023,0.002669181259396412
F7BJB9,0,942,S,test,0,0.5371962117755827,0.39921032847962484,0.000581722640560695,0.014371825189706882,0.021364999649001407,0.004166133646026094,0.0007469466554584372,0.017540078375359414,0.00397535221917025,0.0008464013695092689
G3HIK4,2,492,S,test,2,0.0008464994583430605,0.019079006603393643,0.6480573842956794,0.0013317304842747266,0.12861093236435442,0.11802002075463962,0.00038154719700700374,0.019819665144067886,0.062435593846504926,0.0014176198517353322
G5EBZ4,0,1829,U,test,0,0.8681033527585743,0.09893229981713572,0.0010164444888951629,0.0072228407601033695,0.00942036008896076,0.005849234542757795,0.0029411796786006283,0.003836021616271244,0.0022201188016144013,0.0004581474470865798
G5EFF5,0,753,U,test,0,0.9098013103245495,0.0685311709381653,0.0005356502987286357,0.0024768216698361125,0.012711859391795012,0.001502268491880755,0.00012722809417038076,0.00232675859372386,0.0013893711239215299,0.000597561073228973
G5EGM3,0,1744,U,test,0,0.7741298491691135,0.17273172325952077,0.001238919532306075,0.009898314948745974,0.0165765598204897,0.008872793776675833,0.000585224116292582,0.008872793776675833,0.006440956923883035,0.0006528646762966651
G9M8X1,2,687,S,test,2,0.00835467216221099,0.0387828086113804,0.7759365971778135,0.0012613667537311143,0.04226311261538073,0.04309667611514269,0.00013932732576241524,0.003025861199325508,0.087057671726499,8.190631275363324e-05
H2A0K6,2,238,S,test,2,8.151819575608581e-05,0.00038287219442782787,0.9762278371460028,0.020580026359052993,0.00011317681728366598,0.002300012989708539,0.000106319780502742,3.911285433163672e-05,0.00014306888003495473,2.6054782898795758e-05
H2A0K9,2,223,S,test,2,0.0007504412173717932,8.48575374458695e-05,0.9849525908043778,0.003128771171385769,0.000278237144112239,0.0013615300571027651,7.848038716834503e-05,6.925870171502062e-05,0.008792010597004612,0.0005038223823157867
H2A0L9,2,332,S,test,2,0.001680072288181727,0.00111916941165781,0.9558364792212545,0.00936154373501544,0.0030185431378597703,0.015210133114747462,6.514346780400401e-05,0.001136793760139595,0.010576986755614677,0.0019951351077250293
H2A0M3,2,781,S,test,2,0.04059621652123742,0.06615206672756442,0.39123164616129413,0.16565790580891843,0.06214411298399017,0.1627713872659195,0.0034922623255694346,0.05052280285676428,0.05294744505428568,0.004484154294456525
H2A0N4,2,1014,S,test,2,0.010123773759316976,0.003987825219602602,0.9420794835830066,0.0001887116110796978,0.03248901829150347,0.0024857878020368546,0.0014163592386615788,0.000943498683588169,0.006237076660647548,4.8465150556465316e-05
H2A0N6,2,100,S,test,2,0.00012667781042428381,2.962213641275393e-05,0.9948994341802434,0.002951546054415221,0.00017180059209514375,0.0013566051836138037,1.610527550618814e-05,4.733604062655603e-05,0.0003074663636978289,9.34063629648366e-05
I0IUP3,0,830,U,test,0,0.564622858717518,0.2730337879192735,0.0013778620136716214,0.10776016473561864,0.010922725850818412,0.01338280223597704,0.00241822321582225,0.008440428109828814,0.009126278243490963,0.00891486895798071
I0IUP4,0,1169,U,test,0,0.760472408710795,0.22131009162219056,0.00016215783951814978,0.00981911075000966,0.0031815780916366982,0.0021360106536831027,0.0003597628926872128,0.0011796171184606293,0.00023593826082473336,0.0011433240601942357
I2C092,2,855,S,test,1,0.06696421924321311,0.6661545904145806,0.011022727451742296,0.06919961703026978,0.005247605245812636,0.040794731839160284,0.057754962250907774,0.007516846830940654,0.009803817073317284,0.0655408826200556
J3KML8,7,504,M,test,4,0.0018830938999304428,0.003009175543060444,0.24281287829283094,0.0002214166665328481,0.6704278352461758,0.06638134782457983,1.5634913684415045e-06,0.013968744755157659,0.001225352593434798,6.859168692888427e-05
J9VQZ4,2,594,S,test,2,0.0012218651355998965,0.007086495339302722,0.6951505935911949,0.0037052600882553567,0.10093138939160698,0.05035653995857981,0.02772816986586185,0.018096000982070398,0.09118390600273411,0.004539779644793911
J9VY90,2,624,S,test,2,0.0012251523358635795,0.007504967566368878,0.7419746712527445,0.002253399807048157,0.05926217935549638,0.04534923039756341,0.03426483833077948,0.013749932125942032,0.08861623969784106,0.005799389130352537
K0P7H2,2,125,S,test,2,0.0006558509585109231,0.00015276524491285743,0.9946561761711058,0.0007667675157921316,0.0025190489097705864,0.000357975590779343,5.197575804545458e-05,0.0001871718941388466,0.0006041982384222026,4.806971852184919e-05
K4C9E2,6,498,U,test,6,0.009459226467212315,0.005759765803937581,0.0002089815345232764,0.11523695736993815,0.0006142308146644806,0.006036182784721414,0.851492387458942,0.00042215425308354885,0.0008011081229241444,0.00996900539005317
K7WDL7,1,388,S,test,1,0.039566842748743794,0.45815617564853534,0.017489227534337844,0.20251295461022611,0.009288458626448823,0.1558797878570587,0.03451080822472197,0.00723385868277912,0.003994916368526809,0.07136696969862152
K7ZGS2,2,63,S,test,2,0.002559814990112003,1.1245363225281753e-05,0.9796551764726439,0.00193981226700258,0.0026423620655159556,0.009679527659510405,0.0010362808510955088,0.0004456988109521359,0.002026958795217008,3.122724725290155e-06
M9MSG8,4,2551,M,test,5,0.005973343631724334,0.003566846188371929,0.004370191522842609,0.01797297751392557,0.13384492458491254,0.4972942383507355,0.006560434936873369,0.1872827228546406,0.1402682786201152,0.0028660417958583737
M9P2C1,2,91,S,test,2,0.0002862080234332171,2.975204265382591e-06,0.9935729305592326,0.004494569640427707,0.00036321690280594337,0.0006214836488469473,0.00012166244171904214,0.00021519888403764422,0.00031928816406674764,2.4665311647774945e-06
O00267,0,1087,U,test,0,0.863181021174043,0.11681884198147878,0.0004083520731225822,0.0009059686299262938,0.010812918798943217,0.002073782935097369,0.000594148762437341,0.0022776049962855488,0.0027905798496745465,0.00013678079899128145
O00463,1,557,S,test,0,0.5130392645525991,0.4122386245888022,0.003978788644912487,0.02227875548457926,0.02020595539939423,0.014782993149761045,0.00025435541658806363,0.009770961180327302,0.001765576654926967,0.0016847249281092783
O00623,9,359,M,test,5,0.038401578676743965,0.0043254006911062825,0.0025033499801986147,0.33828199839156026,0.012130885718261012,0.36009929573436195,0.002792688629016573,0.1727775233769202,0.015215540722812015,0.05347173807901914
O00841,0,802,S,test,0,0.8798193642382542,0.10507943880868334,0.00040977036514094764,0.0020809855093749346,0.0032483724740819254,0.002569673964107472,8.912652154220121e-06,0.004895469944197267,0.00171177200003044,0.00017624004397522055
O01583,1,1592,S,test,0,0.4114739855587405,0.34649583366552156,0.0034235680614676583,0.021978357596995155,0.09500461726095777,0.036806825197050384,0.018946531979179053,0.025495340804264653,0.03377583963218857,0.006599100243634751
O04147,1,181,S,test,1,0.1592857604926205,0.5494848118883853,0.003532854053606818,0.11295051590523003,0.009908134523739964,0.069995726533059,0.07564647805732212,0.011493636766187863,0.004680271452229418,0.0030218103276189925
O04193,1,200,S,test,0,0.6092460010527233,0.33124130436562343,0.00064951605315928,0.04379018347833267,0.004137263939634416,0.005880237992367633,0.0004064567338799223,0.0013120583997188533,0.0008471285736623422,0.0024898494108980783
O04196,6,783,U,test,6,0.02193083240560683,0.055566530648820785,0.0043353387134450775,0.0821219980334295,0.010730066331694803,0.017899421966681525,0.788336276640959,0.005395416167846221,0.007850283753196578,0.005833835338319729
O04202,1,293,S,test,0,0.3232532446131854,0.2402214113253468,0.0025865142269802946,0.2700881961780901,0.005143897615108496,0.05650309108640499,0.01956512409201608,0.016347272344418715,0.023053349959272915,0.04323789855917622
O04203,1,435,S,test,0,0.561315454014028,0.17593715745917085,0.002138213161574187,0.061639238456409895,0.022987959547810403,0.011559071775548898,0.11426109823104194,0.011833187966869637,0.011029742448441132,0.027298876939104967
O04348,6,340,M,test,6,0.0001517906121362069,0.0001076356653720939,0.0003584814938385948,0.03079175038563067,0.0021159678026121532,0.005607593968905792,0.9579032144751317,0.0016869968060916406,0.0011526808920192628,0.00012388789826192067
O04479,0,199,U,test,0,0.950440665936332,0.03264957737569154,0.0008666896799448461,0.003592328945252066,0.0018930244672192298,0.0014514320380730379,0.00047863150709585167,0.001061890413849496,0.0012610260439253327,0.006304733592616553
O08722,4,945,M,test,4,0.012504123366434512,0.04945476442438736,0.23965093610944918,0.04381449642163559,0.484108211684362,0.12702929246025021,0.0005537017397092125,0.024102326964686525,0.016181536954674385,0.0026006098744110135
O08750,0,462,U,test,0,0.9472263202834376,0.03504605870383761,0.00041443588620531735,0.0027236574534556515,0.007303134809172934,0.0014578686871219557,6.064537066969962e-05,0.005188822607928593,0.00019576565888285944,0.0003832905392877861
O08858,4,362,M,test,4,8.010614899331263e-06,3.1682598000392144e-05,4.984372336843443e-05,4.3304976524800866e-05,0.9841341630445971,0.008923044658656712,1.8441482346698225e-06,0.002203836628336749,0.004557445763023139,4.682384435864031e-05
O11780,2,683,S,test,2,0.00215881345357513,0.007133992690228222,0.8985736172683434,0.022883094689246812,0.026222791069887227,0.02650600065188465,0.0008193931284465725,0.002997215339752399,0.011761966054158838,0.0009431156544767758
O13134,4,1035,M,test,4,0.03164271611643107,0.043208248556150866,0.0014570051450925688,0.027384489548357815,0.64556955757604,0.16579598051361802,0.003335117800534544,0.042331162490240236,0.037284232367856836,0.0019914898856780746
O13472,0,328,U,test,0,0.89892834650574,0.06562888328857645,0.0001338150415221947,0.015973481517555687,0.006347610120688452,0.0022282206124110276,0.0008070080048687066,0.00518076809384878,0.0031669398155130097,0.0016049269992756275
O13660,3,277,M,test,3,0.0001938299496829484,0.0009103746077075622,0.0003195715476616664,0.7897574734365171,0.009087339782533245,0.07461569300262151,0.002848310102937231,0.03931970811084938,0.019125505876907686,0.06382219358258165
O13674,1,654,S,test,0,0.7022887279989937,0.27502020455922704,0.0003220155690582077,0.003892423713496291,0.012888013970912875,0.001882253280651744,0.00015940925668413896,0.002200577116227016,0.000725673259331731,0.0006207012754173418
O13684,0,261,U,test,0,0.6233862628857759,0.30381420207843907,0.0013851263771819738,0.016038788457806926,0.005652179932816492,0.020755736125282302,0.00027704270863081144,0.02179434892153657,0.006505619724490742,0.00039069278803925505
O13699,3,430,U,test,3,0.11874003101536108,0.15730497424147294,0.010704738212571691,0.5799105830945841,0.002602894355110991,0.08346250005371986,0.006147214283086525,0.009520990884874375,0.008944143645280782,0.022661930213937656
O13701,0,393,U,test,0,0.9337260921491557,0.05226728431167772,0.0003440160726642857,0.0023509234223798295,0.0023693617471038037,0.0015907143580617116,0.0018597334087129388,0.0019952026619720837,0.0023509234223798295,0.001145748445892135
O13713,0,307,U,test,0,0.6151557638139308,0.3292691448878133,0.00077880110822468,0.015581653639338852,0.014523698190306205,0.005983843073870977,0.003382958046481153,0.013069914809854965,0.0010479915779339076,0.0012062308522451973
O13716,2,424,S,test,2,0.0010471593438925789,0.013500434184339005,0.47870337066032576,8.201985537711131e-05,0.026278139757572705,0.06086030109511287,0.011258024741805773,0.022697458067937236,0.3846489773574837,0.0009241149361532919
O13737,5,222,M,test,5,0.00043151097318986064,0.0005990935841226852,0.0018598113762225016,0.029550479877044435,0.00827023152816428,0.8840711797116797,0.0037276859099986243,0.030251251645102763,0.028087334944118362,0.01315142045035681
O13744,3,259,U,test,3,0.017478770071893468,0.008703466717334482,0.00044273041920535095,0.9358504643075441,0.0005865224663893561,0.0037069361165084237,0.02837084303037081,0.0034552445547582516,0.0006750832127405685,0.000729939103255133
O13746,0,107,M,test,5,0.08435991233594896,0.08272824266923468,0.0357900701580741,0.19884273002432654,0.017038628109870647,0.42925255611207686,0.004731455720875388,0.030612866698314374,0.10251801995989267,0.014125518211385793
O13769,0,638,U,test,0,0.8116605980870087,0.10238803307994916,0.00036639522760374005,0.04305846671263837,0.01251849641144696,0.010378197898532214,0.002209645724023155,0.013017177746965593,0.0030202279250608807,0.0013827611867712076
O13816,0,962,U,test,0,0.7843800033936629,0.11658767524000985,0.0005658187757271931,0.016665340410858636,0.008920313362771643,0.02930576519729757,0.0019141402943476619,0.023137533480965502,0.01602690012346098,0.002496509720898142
O13846,5,347,M,test,5,0.0007691404379699846,0.002925472125206816,0.000927760448004947,0.05105129298743747,0.00672268127952109,0.8978637530584115,0.0020744700620707753,0.020951409064824032,0.013157551284833738,0.003556469251719662
O13881,0,537,U,test,0,0.8163056724463982,0.11047495569771405,0.0016258633207212275,0.032212900892956135,0.0028092396998796797,0.015186606450222379,0.004024050077632428,0.0068988271779500164,0.0076961976027094085,0.0027656866338165533
O13894,0,124,U,test,0,0.9004746592320999,0.0837571892163489,0.0011049465439975142,0.005438737881009293,0.004202730727403658,0.0015582245265088684,0.0005219398596509215,0.001658721339368426,0.0010878160284149916,0.0001950346451975289
O13904,5,195,M,test,8,0.017682388192560926,0.023609087185281916,0.005350856138146257,0.008550643777953212,0.2967475032229003,0.22575359637812342,0.004648904279099334,0.0873764088845481,0.3259133699028041,0.004367242038582416
O13905,1,347,S,test,1,0.2913411300011904,0.3005892974056916,0.001815516177570264,0.03320232452255169,0.036181841546860424,0.1318317073965414,0.013414952158506414,0.1621557645612089,0.02731148750172777,0.00215597872815112
O13919,0,1075,U,test,1,0.372217271261569,0.5167725134941952,0.0007891709757878968,0.052714359512303854,0.005227079664286395,0.014098103291115998,0.0010956553845605913,0.01477468586488971,0.011416991348934395,0.01089416920235703
O13936,0,990,U,test,0,0.7283438022729394,0.2291835413891566,0.00601284590219329,0.007720647864374101,0.012385846330345885,0.006155436968052274,0.00262681798712251,0.004005419324304279,0.0019218211580131768,0.0016438208034985071
O13968,8,596,M,test,5,0.005694017264984052,0.04093855198451962,0.10660214075928737,0.019262613390872384,0.08768852749236379,0.520630758491917,0.013983157638989762,0.04666207355100312,0.15450049669718577,0.004037662728877116
O13970,3,263,U,test,3,0.03480207083452633,0.029420982272231253,0.0012238733148440522,0.894057965597941,0.0013868300810661635,0.005033336447373261,0.00693371408071609,0.0013868300810661635,0.0033009426265474136,0.02245345466368823
O13995,5,166,M,test,3,0.08074157850473627,0.06142495698421174,0.011954378581602433,0.3180942004528571,0.024528790767894496,0.31072554628919996,0.10231642634697387,0.037695281979903766,0.033265971328924754,0.019252868763695575
O14013,0,556,U,test,0,0.88765258403962,0.08788950821194114,5.1745406851520864e-05,0.0014429728166068855,0.0018098934252445311,0.0042911260778911095,0.0004134186348278787,0.010965803737794134,0.005155906593734874,0.0003270410554879185
O14023,1,544,S,test,1,0.16736060248089699,0.6169810888886863,0.0014593093405006591,0.15478326369374307,0.004565774951678406,0.019147688528752822,0.012606509670007211,0.004710708288007881,0.004860242823071048,0.01352481133465564
O14036,0,115,U,test,0,0.7469823787786787,0.16798154630367412,0.002414921011252483,0.03661348588031062,0.019218731237524905,0.012953346302622326,0.0062638291605768195,0.0016597493875316134,0.004172609559087286,0.001739402378741179
O14038,5,134,M,test,5,0.0011506334108773405,0.0003564495615528372,0.001303838415074707,0.006318219770417096,0.08859386060959586,0.7189649153494932,0.0008287701420333676,0.11736779349827102,0.06431224772254002,0.000803271520144465
O14090,5,101,M,test,0,0.2098209273618884,0.04774076518271546,0.023818751930177687,0.0770381991399724,0.16695742402388206,0.17807272176112637,0.007494902280130809,0.19710852315896296,0.0878087063570062,0.0041390788041376254
O14097,0,331,U,test,0,0.4917752580749339,0.4841509897943202,0.0004848803350211663,0.0032367970659381747,0.006387045396546153,0.009970036938143842,0.000317992253695637,0.00248173848931538,0.0008918313248562318,0.00030343032722934354
O14104,1,362,S,test,1,0.04354632973763195,0.443251754272944,0.011448834905459374,0.33198022502308483,0.008246285756389476,0.008441841143313561,0.08056463963705018,0.004211790816551355,0.008642034516611715,0.059666264190963554
O14119,5,249,M,test,5,0.0009539866398347392,0.0015008315379799622,0.028263357839923023,0.059483966544238584,0.05332108481500945,0.7418479772617393,0.002398322056080826,0.0552289959288983,0.051680567582871706,0.00532090979342411
O14121,3,551,U,test,3,0.0028330522570225083,0.010817860068028626,0.0014245481917857443,0.8901185241006987,0.002969013010565551,0.05870968375467654,0.010162438092068956,0.0026406948002774574,0.001589198220333534,0.018734987504542437
O14154,5,513,U,test,2,0.00027354512366605546,0.002344679523377691,0.7309435513464139,0.0015020581004967892,0.03186549205968945,0.06641339426598784,0.0007552822257698348,0.06745925460287906,0.09663091477604908,0.0018118279756703074
O14158,3,578,U,test,3,0.06842514070139614,0.16018451616013363,0.015447684434215389,0.2425882050923129,0.03508492902315747,0.10660173654610698,0.19760839475460765,0.019527703359956544,0.0243026202370193,0.130229069691094
O14223,7,132,M,test,5,0.00035513057756241423,0.00015037174704248782,0.006282558060786283,0.00419326722708909,0.03796274131455481,0.7990953150404367,0.0009503786359422884,0.07912115578610701,0.07092373662109182,0.000965344989387062
O14228,1,1323,S,test,1,0.12252041948535408,0.5937169911915192,0.005467943959212645,0.15188467813791978,0.0033687027861470926,0.026086103705590852,0.03923643833324466,0.007832468647802538,0.007955812080789233,0.04193044167241987
O14246,0,508,U,test,0,0.8232530412192256,0.16210813615656275,0.00018396929957741978,0.0018008587912900773,0.004457168168841008,0.0017729391352731233,0.0002554160803521841,0.004422482453782968,0.0014698180604178722,0.0002761706346770194
O14254,3,439,U,test,3,0.02909773389765006,0.05608734824099776,0.033036513368222845,0.7592863894851417,0.0052784321262866855,0.018568034463558546,0.07940541682932342,0.0051965977380810345,0.0036278096801478153,0.010415724170590078
O14267,5,759,M,test,4,0.0037070343053445063,0.012346309848255322,0.0038849387931939564,0.011643679159198264,0.751996892217721,0.05731219476735244,0.0011130535816201211,0.03954422624545206,0.11090452346764734,0.007547147614214901
O14275,3,931,U,test,3,0.012345334053972104,0.01425108181588195,0.00044098116856895937,0.9321529624339958,0.0008908065258893691,0.019233192118590477,0.0051262371332339365,0.009881081436013791,0.0039612489398939904,0.0017170743739596322
O14279,0,154,U,test,0,0.9213283258228174,0.042589070289968986,0.0008668117431104094,0.006355076286842268,0.0091388556865849,0.006355076286842268,0.0020793731353378,0.010076352889188503,0.0010293642543610737,0.0001816936049463354
O14311,0,307,U,test,0,0.8272918979333121,0.11372493172520891,0.00016832773285996956,0.0366337545739289,0.005035914795140131,0.003983736286961538,0.0006868822812599228,0.005980296433866199,0.0038611693390452656,0.0026330888984169645
O14336,0,461,U,test,0,0.7889007773762216,0.15174524193259725,0.0005101198814166279,0.01815881731339917,0.01193212508482978,0.005702776258667563,0.00032935817672508793,0.015024813533485537,0.002081607893921143,0.005614362548736321
O14341,3,308,U,test,3,0.018665625769383368,0.03562929314111765,0.015779552240953832,0.8615343762563595,0.0013156619935515588,0.04049172807506211,0.010593890646782478,0.005496037866116588,0.005083003774232869,0.005410830236439991
O14514,4,1584,M,test,4,0.06330152497189093,0.06121927771900481,0.3207660860861742,0.01634871932874366,0.46671190092479353,0.0496738060612933,0.00016027722186652785,0.015238683420844664,0.004986077930962931,0.0015936463344254383
O14843,4,346,M,test,4,7.959028784791558e-06,4.170232787168896e-05,0.00024186252878450086,6.768956282335056e-05,0.9777966992647248,0.013102483478517729,6.137344498314794e-07,0.004820133856896011,0.003842946007880553,7.791020926676706e-05
O14925,3,209,M,test,3,0.00011629725072240073,0.0003016521406535763,0.0004745653836140378,0.9572065131825259,0.0051925362101823,0.01571544762631176,0.0018191951610692055,0.007237338668984753,0.0030169716427769,0.008919482733159173
O14974,1,1030,S,test,1,0.3874172410692175,0.4321951690301984,0.0007478912871577771,0.009851535381387033,0.08411278978485846,0.00911118053081939,0.001534573205707905,0.059528508595515305,0.01389289218285519,0.0016082189322830507
O15031,4,1838,M,test,4,0.011775866782124755,0.07818819383235638,0.20873224203401833,0.019114119445019995,0.3335531566983034,0.1945598522917964,0.00022780613800731157,0.04767893878327127,0.10475236655589261,0.0014174574392095678
O15091,3,583,U,test,3,0.32149358572271025,0.054573043797330585,0.003434650111783524,0.5342105358134421,0.00491990877639875,0.024311422927748464,0.015881662298198134,0.032842638119499626,0.003176531948947325,0.005156020483941163
O15226,0,690,U,test,0,0.7436264062517006,0.24142014227652997,0.00033047931923967593,0.005333665728538151,0.00495214108938717,0.001327654456315998,0.00013352571328246045,0.0020724393364732864,0.00040491168932994733,0.00039863413920276296
O15245,4,554,M,test,4,8.598589709601603e-05,0.00042990244802224877,0.001420651411262259,0.0012056912232715736,0.8946459073998506,0.039927008514103225,0.00016064279377048504,0.008127521524222192,0.05372766273603903,0.0002690260523623307
O15344,1,667,S,test,0,0.469286197893873,0.42066540821957477,0.013417037978254687,0.007015260320036479,0.07126798397367443,0.009293708841547168,0.0006732340474077475,0.004600719960595905,0.002704623822144385,0.0010758249428914387
O15503,5,277,M,test,5,0.004174882713258226,0.004375239078081474,0.012859544300437351,0.15666132302622954,0.13452397825618373,0.4750695716850381,0.019762256042824135,0.11283891354880601,0.055709502096761565,0.02402478925237985
O15525,0,162,U,test,0,0.684350778574926,0.1316350232165884,0.0026273368473179164,0.13581357697507399,0.014092718044743024,0.006605124004348839,0.00017329162547930356,0.02082768424657624,0.0014063119682432466,0.0024681544967030144
O16011,0,297,U,test,0,0.8652245575457894,0.045855221324759325,0.0002726651200633866,0.07157898837498373,0.006503653377040223,0.005694788994592598,0.0001760458288781667,0.0025869745813119523,0.0002726651200633866,0.0018344397325178526
O16259,1,320,S,test,1,0.2400333524743333,0.5325372685096585,0.00013912989767472073,0.20055536436074323,0.0023167211928018052,0.005060184157759227,0.0027511743156869413,0.006396672066568633,0.0012595794088909424,0.008950553615882687
O17087,1,1113,S,test,0,0.8267576962627385,0.16536193132270133,0.00022636344517388394,0.002452723528644238,0.002834116899125191,0.000615319722730693,4.122384913902575e-05,0.001195362109344035,0.00023354900652371505,0.00028171385387933335
O20250,6,741,M,test,6,0.0011342052049567537,0.00446401794073876,0.0007555435508534273,0.03967096835467342,0.0008169373797135199,0.0015994856750377955,0.9462384715780524,0.00019252959979720942,0.0006023717866576776,0.004525468929519079
O22049,3,353,M,test,3,0.0025562634579678954,0.0034939978661623025,0.0007735492388822166,0.7604110111090088,0.004149225144371784,0.01715612433990208,0.19528969748206995,0.00700314322689345,0.0018848705168820657,0.007282117617859453
O22131,0,262,U,test,0,0.9244250204912123,0.05297377478520473,0.0007323819780654299,0.0017845601850377116,0.004382456622453936,0.0017845601850377116,0.0003053022028377668,0.001082390424288566,0.0034668085432373215,0.009062744582624476
O22160,6,224,U,test,6,6.132052171419192e-06,5.8512452622926415e-06,0.00010316023139789036,0.0017818446624475917,3.830424500997643e-05,1.9794505809213975e-05,0.9980208829250601,2.9885235043009216e-06,1.093156471210612e-05,1.011004462513088e-05
O22241,6,424,S,test,6,0.0294276967593914,0.06605779545713261,0.0025563408332143003,0.35640824737308796,0.006579043974759231,0.007282337356939081,0.5105312594998106,0.0048510824618667615,0.005627354282828575,0.010678842000969437
O22315,0,303,S,test,0,0.8621239604342542,0.1148669036529274,0.001423543327553375,0.0020391315537860843,0.010768083970131502,0.002421528848630138,0.0012760559526096968,0.002421528848630138,0.0020075178113884927,0.000651745600088935
O22609,6,439,M,test,6,6.081197708978716e-05,3.92631663519117e-05,0.0004372228862961242,0.0031190596017113274,0.0002041233235337661,0.00019477581348675932,0.9954118120423723,2.1347012053692758e-05,0.0003300331587128634,0.00018155101839146975
O23179,1,414,S,test,1,0.06237779265778868,0.4537672134058947,0.009792795184848853,0.09093659286671714,0.08459683377160973,0.19823622653486736,0.030879246451501943,0.020093509524402902,0.038731253725511755,0.010588535876856929
O23181,1,428,S,test,1,0.06405331436000693,0.4411580728990044,0.005729643378453848,0.08224608314313588,0.0601725191222383,0.20197688804945346,0.04853921194173217,0.023198571931144375,0.047045817510556066,0.02587987766427458
O23342,6,177,M,test,6,1.626354208634271e-06,7.56324988785989e-07,2.133949587566007e-05,0.0009252749089953876,3.305125916243706e-05,4.4377713202344796e-05,0.9989558392832371,1.1201283013407511e-05,4.855397005483655e-06,1.6779803107998757e-06
O23463,0,923,U,test,0,0.46732538678481866,0.39046498425683146,0.005031790411553253,0.03205131553412156,0.028285190246835713,0.017839244673915945,0.015378390402672254,0.018695368588399642,0.01826229052747894,0.00666603857337256
O23647,6,858,S,test,1,0.1201371468222141,0.3262478687951946,0.029183251592998616,0.039270356041479396,0.11644092126275743,0.1145237825795389,0.04925605995134225,0.06424201237997591,0.12996268187673876,0.01073591869776004
O23722,9,412,U,test,1,0.10682416346490692,0.509629565928543,0.0009993095077558698,0.26439232585220934,0.0056614733475022095,0.02478519916285604,0.024592318525424508,0.008173290934128092,0.006415289591802806,0.048527063684871266
O24174,9,505,U,test,1,0.023199710130702326,0.4641619449793568,0.005156373878703494,0.2333952846603362,0.017308038945941667,0.010831093943450826,0.12889311727534541,0.0019267959733755896,0.010746805528297815,0.10438083468448986
O35254,7,451,M,test,1,0.3565768225567231,0.5028539192900914,0.0019006097750268282,0.0018421341272875362,0.1203750420809413,0.010518253556954446,2.3189045766361632e-05,0.003037165552905166,0.00196094154861781,0.0009119224656859797
O35586,9,227,U,test,1,0.11423123984294621,0.6346467931388575,0.004144651013282881,0.08656374635164207,0.0033303206894227705,0.1372519923354888,0.0011155177255811578,0.008705945025802738,0.005239329929945574,0.004770463947030289
O35615,0,995,U,test,0,0.9049678075215974,0.0790752043241097,0.0012388077175963953,0.000395946709333026,0.012908672305528716,0.0008124299550650092,6.106810513283596e-06,0.00029424261455799895,0.00010168753469508285,0.00019909450700333092
O35621,1,262,S,test,1,0.17348161424240058,0.519947486710333,0.0013401619004140746,0.09655705802099403,0.018939087495486614,0.1301857425587628,0.012517970903717476,0.019087625983521844,0.013535154818037088,0.01440809736633257
O36025,1,992,S,test,1,0.34058371751854616,0.5793524569801932,0.0005450711664803862,0.03305396203302512,0.011120452688499856,0.009737394059766901,0.0027680995774254386,0.017358780539187445,0.000986996386074368,0.0044930690508010965
O42248,1,317,S,test,0,0.5697638704195873,0.36216395094723636,0.0030369296934638352,0.019193985618321835,0.031614644320085976,0.0037209239961619347,0.0005796081703640334,0.0015511117792947377,0.001368851475808792,0.007006123579675109
O42250,0,344,U,test,0,0.9788411311315625,0.014747253663655271,0.00018134015880931164,0.0020753281632938303,0.002613232876800222,0.0005585669793063963,3.354455697314532e-05,0.0006329393200304668,4.443931832904768e-05,0.00027222383123982316
O42602,4,415,M,test,4,3.44380479804842e-05,8.133179265418057e-05,0.00023350988680591997,0.00020768800923095065,0.9739955198728213,0.007732784937733702,5.448890728079343e-06,0.01133938172718433,0.006311315741857443,5.8581093003571526e-05
O42637,3,797,U,test,3,0.025653820825337383,0.008103926773630973,0.002114035450038505,0.8937925814991298,0.002471558083984724,0.01116363160226657,0.03513316484228484,0.008103926773630973,0.002935047533199589,0.010528306616496638
O42648,0,341,U,test,0,0.9196351625810905,0.07091465198393629,0.00031829615302330803,0.0028816183592900876,0.0024265659777327887,0.0014154033970437355,0.000294375859105882,0.0014949638438100665,0.00026387678950717726,0.00035508505546021275
O42657,1,750,S,test,1,0.23210775305030168,0.43363433054055184,0.000557636305116891,0.04361175270385808,0.008454523781309712,0.03559487601649454,0.0013801630959516592,0.22321584294536057,0.018611210890955965,0.002831910670099092
O42699,1,193,S,test,3,0.2752725083019072,0.1428095049940755,0.04595774988682345,0.47192688045825726,0.0018403374613604625,0.004773472726386517,0.02924106349109963,0.004848643959578727,0.007054735182057882,0.016275103538453392
O42721,2,462,S,test,2,0.0005212602578031603,0.0013002500694401754,0.9723776026155617,0.00046725469500204686,0.004233100004717251,0.004064152035332962,0.00027468486345683877,0.0005131788807489318,0.015594709734024671,0.000653806843912242
O42866,3,236,U,test,3,0.027618379398558282,0.1738730316548788,0.00185755832357295,0.6116363214643008,0.0028770425387280476,0.0267164195903208,0.026148560569393124,0.007699365020830977,0.002072255993560322,0.11950106544585588
O42893,1,735,S,test,1,0.09092550775553383,0.2969709353352204,0.017557991766694887,0.20330920929075708,0.025347922138951283,0.15926784365960123,0.07479327958893,0.03630922009968694,0.03179341572407679,0.06372467464054753
O42927,0,207,U,test,0,0.8931676724043917,0.08372912349598947,0.00030913546458530554,0.011183094952809251,0.002047561007978089,0.004911843537668992,0.000110225649948737,0.0033235198162575087,0.0008018364248756516,0.00041598724549530896
O42928,0,350,U,test,0,0.8000859363856175,0.17303072655115367,0.00015292909591294151,0.0025266812796443925,0.018272957613679038,0.002030245347978345,0.0011842316522338646,0.0013419102752014684,0.001130001784135751,0.0002443800144429456
O42955,3,687,U,test,3,0.007785710345464785,0.005757666762854923,0.0003286542230563067,0.9495621667435896,0.0002330507789914758,0.02286113838638213,0.0017355311982840535,0.0078009318831309595,0.0020290414948473372,0.0019061081833984333
O42956,1,483,S,test,1,0.23925169542012087,0.5308030409587543,0.001975143621383192,0.03501025694104462,0.03951715425978117,0.05760952260970312,0.008446618240910347,0.02791261013051307,0.04013945657253936,0.019334501245249915
O42973,1,446,S,test,0,0.6681565697223492,0.14225873688974927,0.000311189742466637,0.0064488225049841846,0.015713535839145473,0.017123640059287126,0.047305866969626284,0.04135924615248857,0.05759009997496474,0.0037322921449385745
O43002,5,102,M,test,3,0.10615446700286335,0.07403542297893162,0.02088265176411306,0.26350567444219414,0.129714358315672,0.18612503009341969,0.14022040739309194,0.05925721459913125,0.013377928530118394,0.006726844880464561
O43013,0,533,U,test,0,0.6472733295819216,0.24760412731854087,0.00097313608918277,0.027456761573175663,0.0064455739167326226,0.030630230342507603,0.0026042471815075517,0.030991289218866798,0.003292076895200655,0.002729227882363854
O43031,0,381,U,test,0,0.9258206386618403,0.0650028057820024,2.980528883720975e-05,0.0018296376604238747,0.002822750450330921,0.0018153996010570703,0.0002784005161546988,0.0020411084185428855,0.00029635583312257455,6.309778768811129e-05
O43050,5,340,M,test,1,0.012030808085664129,0.3984056367460483,0.0048990103724717215,0.2633300590388887,0.007951878514818603,0.18027832755718964,0.0708873018811797,0.017919835838069057,0.013213258142118859,0.03108388382355133
O43060,1,302,S,test,0,0.49944785984838636,0.21313819826521582,0.0012575033489985758,0.17669776782254423,0.006287120932916361,0.029644733832266904,0.008460245648313509,0.013519434585298543,0.01094837251536373,0.04059876320069597
O43071,0,558,U,test,0,0.9109957410392792,0.06808713222164575,0.00015854579731081913,0.00452605504779465,0.004743265553810271,0.0062593069316935,0.0004807842007305166,0.003234625862244975,0.0009865052042068061,0.0005280381412835457
O43082,0,233,U,test,0,0.9443961062942492,0.033341261363456325,0.000102853020671728,0.01618588288594861,0.0004067915587196591,0.0014087928681720478,0.0007719547459898318,0.0029361761580386538,0.00021104068597450632,0.00023914041877949913
O43090,3,551,U,test,3,0.001953907585305643,0.008671706726610018,0.0007956417562911078,0.9434267482924487,0.002063737760371545,0.025141470668408834,0.006042014470168813,0.0016582598097892962,0.0006196464077901874,0.00962686652281591
O43156,1,1089,S,test,0,0.42426453183563356,0.4080112101766083,0.0018313338885484023,0.05299931907610191,0.028759003302740255,0.034689979988072,0.0003182381486538109,0.031095898294859314,0.00887439082129004,0.009156094467492408
O43257,0,154,U,test,0,0.9824759572942838,0.011042976316677212,8.464416562843365e-05,0.004501153071885738,0.0006815664550810072,0.0004101738579490354,0.00014398455983635823,0.0004231941835864353,9.895905142139832e-05,0.00013739104365051547
O43405,2,550,S,test,2,0.00017947386986038048,0.0013261423902778385,0.9100725368044238,0.00028679843931594815,0.08077352772073898,0.0026168253707983913,7.964104862783004e-05,0.0013789700353270507,0.0032313478826044776,5.473643802532356e-05
O43809,0,227,U,test,3,0.13838041125121475,0.21600877211261704,0.017388128116658838,0.47365311802739435,0.006151680500701677,0.05734852824268504,0.006151680500701677,0.0258995430503874,0.002998089482035542,0.05602004871560365
O46028,2,62,S,test,2,0.00017836533390399266,7.362016833962273e-06,0.9933455707350396,0.0003688523253019297,0.003161601338186505,0.0005472619988895023,0.0015258674245643364,6.459964479530761e-05,0.0007931571656509472,7.362016833962273e-06
O48538,4,944,M,test,1,0.17698567592661907,0.36886983040620247,0.0012894217715288953,0.056568024902902754,0.23630688399537303,0.05813614483039127,0.03377830884293666,0.022501203510584347,0.041063981803025645,0.004500524010435855
O48723,1,407,S,test,1,0.024575154887743107,0.6387725272014486,0.007436672220508291,0.1026600886386781,0.01990156743997171,0.13441803393773666,0.025157935612837523,0.011791287720315749,0.026990525233438173,0.008296207107322078
O48814,4,395,M,test,4,0.09695461313393632,0.10280527835754101,0.0020161627161862108,0.012254382383799323,0.7291074335764255,0.015250825198884382,0.01796986334283249,0.007260481302133565,0.012842483713876704,0.0035384762743844956
O48845,5,134,M,test,5,0.05841161299792749,0.09569510799703168,0.030901228951474225,0.053601510722932386,0.04513699925479107,0.5607266415642078,0.012101097009887738,0.039833258763266245,0.0999591348693536,0.0036334078691277506
O48916,5,237,M,test,5,7.635845687172938e-05,0.0004463323155143734,0.00014490288421307743,0.032032338264237514,0.0085209443697316,0.9288372156451131,0.0021210308997535055,0.01883084026439781,0.005153095081000076,0.0038369418191672037
O49397,0,552,U,test,0,0.9440840682521086,0.0424638314579057,0.000180453004509971,0.001895111563184492,0.0039807300645096876,0.002049104250479445,0.0003533098795265561,0.0038282304038430265,0.0005734785128466469,0.00059168261108596
O49432,2,481,S,test,2,0.01321639336384222,0.10642019897148458,0.5663829572435385,0.04283001369603009,0.048438069561974766,0.013424519749533827,0.1057984629079356,0.016838120672958805,0.051966459720577146,0.03468480411212453
O49523,1,419,S,test,4,0.05532081590058851,0.15200166857247557,0.03892305609354544,0.035439846230740736,0.15968575059431048,0.12963357954125343,0.12663060804100656,0.157210056698622,0.097091059300037,0.04806355902742025
O49597,0,125,U,test,0,0.9202825979712134,0.06411115049890923,0.0005678237621908935,0.005940017262407264,0.004644196458616066,0.001617579364041802,0.0004634442426299802,0.0014728228492139226,0.0006236323940966847,0.000276735196680788
O49606,1,141,S,test,0,0.40885752448375867,0.19617198351724138,0.005106704682927874,0.19771060302879878,0.02782310376326893,0.03103891800768214,0.11375760373656814,0.00896254619915027,0.0045066507102661585,0.006064361870337657
O49782,0,352,U,test,0,0.9409275411260184,0.047956942290175116,5.8388637957630154e-05,0.003598293896361239,0.0032381139802000244,0.0007225209663017655,0.0010189178605815622,0.001482516605821497,0.0006277370688765852,0.0003690275677061434
O54751,0,299,U,test,0,0.964636366026354,0.02322405529964715,0.0004563483725191571,0.0031064168390531467,0.007222635526132125,0.0005768783623664229,5.230497558163115e-06,0.00040906800763671896,6.37205071961297e-05,0.000299280561536962
O54769,2,207,S,test,2,0.11233389424509119,0.1629666990887409,0.21695256323823395,0.16521006891584386,0.14730006517893515,0.15249620441705936,0.00014991826964289858,0.019635418511976095,0.017059546035250093,0.005895622099226509
O54858,2,652,S,test,2,0.00247044640622665,0.008357412592371473,0.8262511897690131,0.012545960640347957,0.07304805876061796,0.04707134373766685,0.0009376756376236583,0.007317994149424314,0.019853557504038475,0.002146360802669574
O54874,1,1732,S,test,0,0.45326000145996453,0.38168319802060424,0.002099010380713432,0.01716767798693323,0.10034893385364696,0.014121747480348992,0.0016093670747541718,0.014915536988398393,0.012560142119358266,0.002234384635277755
O57437,1,286,S,test,0,0.8577199488736741,0.12949634363025198,0.0005460212446014951,0.0046076372192734825,0.0049626206184375694,0.0007011052052997536,0.0002040332449246039,0.000886280025537771,0.00018577437373274602,0.0006902355642665631
O59676,0,359,U,test,0,0.9612691357117876,0.029716187968024724,0.00012239575791777243,0.0016376372731091847,0.0013261989504008353,0.0022914661893974337,0.0006215769266428803,0.001770707893320713,0.000849595003886598,0.00039509832551228724
O59697,1,423,S,test,1,0.37879418832135614,0.4751143317681163,0.0016738358746535762,0.027014344315125685,0.07613445120002754,0.011000387292785432,0.0023976592475833036,0.009707807604019484,0.011438592219072083,0.006724402157260466
O59711,1,450,S,test,1,0.05880904680446914,0.6630849962537974,0.028570421575549742,0.1295530820332987,0.004330370656353151,0.05734864357313276,0.021991439575867466,0.00126020973581981,0.007252005996132848,0.02779978379557901
O59714,5,511,M,test,4,0.0005446488051271304,0.001575993644432013,0.0009558883840168266,0.004892475554132541,0.6358012112718132,0.16847055062377625,0.0013480187948262147,0.09088304110698209,0.09017578727635979,0.005352384538533961
O59746,0,819,U,test,0,0.6336822812206172,0.1993969735503202,0.004011028260412946,0.007263035176940262,0.07993671672711926,0.012846999206451503,0.0012621261991646341,0.0299870749080023,0.005150262959091382,0.026463501791880267
O59755,1,548,S,test,0,0.6385099242469353,0.30636039019190553,0.000747618213048344,0.02469734686483846,0.009470670363595482,0.003978927029122229,0.0009017997844230548,0.01394217580725326,0.0006197972637439249,0.0007713502351343746
O59779,1,658,S,test,1,0.19460647961295888,0.3061589780071424,0.23110091565530352,0.009101867283793452,0.21041978652398932,0.03264929547655529,0.002648794249193309,0.0019994146444022253,0.009918652131291332,0.0013958164153702738
O59782,5,667,M,test,4,0.0014730102460714621,0.0046812168953526976,0.0030700170092955413,0.007422348754777245,0.6947541650135022,0.07380087479495004,0.0029524065708690455,0.029993477419656016,0.17842763192897607,0.0034248513665496826
O59792,0,320,U,test,0,0.5911579867209188,0.22437825554665625,0.0025717413858933977,0.04838324709254363,0.0021656235402945857,0.08752522686068544,0.0020989944001505753,0.029662861989794724,0.005886774986421388,0.006169287476641256
O59800,0,354,U,test,0,0.9254213495057872,0.05962420950721497,0.00012157173377559601,0.005502756639535571,0.0014132247189596581,0.0011716044876743203,0.001307019254565429,0.0042688431796748345,0.0004588068948854588,0.0007106140779268928
O59811,1,463,S,test,0,0.8574252380067036,0.11072603217481189,6.831908779069496e-05,0.010605321382705668,0.0011199780217059118,0.007161916941510874,0.0005373712578161834,0.009071211295903816,0.0018465315885633146,0.0014380802424880683
O59812,1,475,S,test,1,0.05671309394528431,0.6073461465568357,0.043483437646082014,0.10031523796075689,0.012313071019103904,0.10279447813434357,0.020300819448899245,0.009008435079403692,0.03719335234869176,0.010531927860598913
O59893,2,234,S,test,2,4.077687866641733e-05,0.0012935510672417315,0.956097607922502,4.9186306830277345e-05,0.010375242735418776,0.0009879333718068035,0.0014715223884138055,0.002879694352320635,0.026287932088527234,0.0005165528882722983
O60053,0,440,U,test,0,0.49258717607830665,0.3307073991122458,0.0033450578144689916,0.07718119725363098,0.018657235320091507,0.03918999410705877,0.0026878292981545133,0.018951043376285562,0.010143762395346057,0.006549305244411195
O60065,9,286,M,test,7,0.04798582453204776,0.09952390726900164,0.006700322856445391,0.16489034284017487,0.03886010333379353,0.15309549197833128,0.009302476919155962,0.43783544858502066,0.036505689936761905,0.005300391749267025
O60104,0,376,U,test,0,0.866653295274102,0.10190224275258135,0.000286222416901192,0.004407858171636405,0.003770241186115692,0.0082995522078283,0.00037918311068302633,0.011750054044236253,0.002114913736541248,0.0004364370993746396
O60113,7,542,M,test,4,8.653169242048526e-05,0.0013119379565365225,0.0034295975481390966,0.0014635725252586179,0.6384257807579736,0.0678173392276482,0.019890763281046976,0.007594048204209775,0.24613506116041214,0.013845367646354502
O60118,3,157,U,test,3,0.16102963305655202,0.22096285256673684,0.055759150652379866,0.49794748876999523,0.014919694609993511,0.017442888851066842,0.006028101729303159,0.006620574267508924,0.00612303051455343,0.013166584981910222
O60142,3,432,U,test,3,0.009488223398674965,0.004752378117940667,0.00021543310112299513,0.9640519551331846,0.00031838948043440713,0.010249202365390718,0.0018903656026913135,0.006701927636359765,0.0007402777627830205,0.0015918474014174708
O60155,1,716,S,test,1,0.14165359824538398,0.591742817307137,0.0133833271361305,0.12259097474393349,0.008985140417376252,0.013594084504768318,0.08311136864219022,0.0026978284755818007,0.0038045477361238534,0.018436312791374615
O60161,0,710,U,test,0,0.5741256281287066,0.35370852347087045,0.0005401536290400395,0.016935478323167604,0.016672918009166295,0.006580418218903769,0.010764844351542732,0.007937499053561656,0.002700598120628419,0.010033938694412449
O60167,1,649,S,test,0,0.5318088279362831,0.38907964173091064,0.001425338142962549,0.0052545612980704655,0.028628681360391144,0.004821856277563962,0.0004555654088583527,0.027585760313749676,0.005726096880162024,0.005213670651048029
O60171,0,215,U,test,0,0.8819538514530081,0.057493453023516564,0.00035134546396255255,0.0067338004064636725,0.013709339561383508,0.01577935396387353,0.0009853728293936553,0.010718632683477758,0.009797623558380928,0.0024772270565397115
O60237,1,982,S,test,1,0.29805159031277517,0.41380361133694443,0.0015640311293627501,0.017760091985471634,0.19854514437911353,0.01361713670036572,0.0035801027575964504,0.04293839985372423,0.008067887006303348,0.0020720045383427286
O60242,4,1522,M,test,1,0.17805208510371695,0.28788033523246176,0.13625090011367647,0.032299276885031106,0.18442307665966487,0.07763342665982716,0.00028384413261590616,0.08593236773042234,0.016496857854843748,0.0007478296277397191
O60292,4,1781,M,test,1,0.2839813110710244,0.4906756965623558,0.0022023687126562223,0.00971730570570952,0.19517730830053964,0.006836978891273436,2.5640258892716193e-05,0.00884770750331939,0.0013568399590988282,0.0011788430351300128
O60306,0,1485,U,test,0,0.6280057583593184,0.2722203460319264,0.015721818445583794,0.02903002288143307,0.03591737579732553,0.00931486784803443,0.00015174168575732362,0.004365791156298473,0.0031445612226584057,0.002127716571664145
O60462-6,2,555,S,test,2,0.0006064902492684024,0.0034092619566744526,0.8407617538250122,0.000924787119967555,0.10689085405258637,0.013536667074618631,2.792615066090219e-05,0.010252996542055082,0.023389263783505282,0.0001999992456511872
O60477,1,761,S,test,2,0.02186161952361869,0.012751769938787568,0.4898540930833792,0.06469561496648096,0.0934902925320093,0.07705336465516369,0.0007082522866482496,0.1499817896537542,0.08162334986571794,0.007979853494440256
O60478,8,399,M,test,4,0.0021054373685152473,0.00234878519552744,0.0016397163786083197,0.003812454722572487,0.539907732065932,0.2114308988684531,0.00018686817916708357,0.14084335603318612,0.09382188693313481,0.003902864254903365
O60508,0,579,U,test,0,0.9052865111730578,0.07035570849546191,0.00010172334114988722,0.009085583771897854,0.0033163888159316295,0.00675183276667581,0.00036064051760085174,0.0032905802420948194,0.000663319486430361,0.0007877113896990444
O60635,8,241,M,test,4,7.126489811666892e-06,8.596188574419703e-06,0.005045837344814965,2.908052702451263e-05,0.8755161702573513,0.01874755927582986,1.508678065661013e-05,0.013932003527535295,0.0866878414795031,1.0698128898221676e-05
O60667-3,2,306,S,test,2,0.0016368226014701484,0.003155058277414488,0.7424417847208737,0.0037467244437794224,0.23361965984248545,0.010492567221716076,5.677151961145093e-06,0.0046085498091672505,0.00020973078880941637,8.34251423228578e-05
O60858,5,407,M,test,5,0.17906546271684565,0.1836702492687364,0.03204202222003701,0.02656377059281563,0.16593225002829376,0.24812267275865985,0.002214824741114512,0.13685917608948506,0.022899401894944268,0.002630169689067857
O60896,4,148,M,test,4,2.520592119480526e-05,4.1557536295177004e-05,0.03778165402962501,0.00010126126089291338,0.9444224133910757,0.007381752517581573,1.2549286992157523e-06,0.0018737040038368244,0.008364621053891524,6.575356907248525e-06
O61577,1,516,S,test,1,0.3165960221959477,0.5427718008360454,0.002361244920624448,0.05188515634974719,0.03524466131351686,0.01717687349403776,0.00401661254232127,0.013273260179129954,0.005321147700496944,0.011353220468132547
O61661,0,512,U,test,0,0.5781603908226636,0.31434034521755605,0.0013048672957885156,0.009345092578965155,0.058005331508450254,0.009418386732447383,0.006422782157541648,0.010840496710847854,0.0060336453275328435,0.00612866164820677
O64425,5,249,M,test,0,0.9012098165234758,0.034034371597021135,0.0006400161233563044,0.012655769079591381,0.004692313339740979,0.024086891672404496,0.0011589195526069814,0.012755029451103106,0.006072303984315922,0.0026945686763839797
O64538,1,134,S,test,0,0.4067345651456278,0.20292741518559848,0.004082045610053098,0.11091035854963231,0.06770716760484391,0.055045535168474755,0.12810975602517052,0.007053142572789181,0.013595287063797666,0.003834727074012283
O64654,6,275,U,test,6,0.002736666428532719,0.000925664155321339,3.069996303376392e-05,0.011189139288444543,0.0003005191308946129,0.0005274275099452763,0.9838821374413007,0.00021645579582892433,6.601528457923177e-05,0.00012527500211886297
O65009,8,282,U,test,2,0.017219924958494115,0.03192069690831489,0.5570358523754293,0.10915258310782501,0.05701604372673581,0.1475998134012371,0.005376322554194504,0.026463185844623763,0.04590324966661254,0.002312327456533016
O65272,6,1174,M,test,6,0.00016257445922611142,0.0001690506725490689,2.552283642116532e-05,0.010960723977810845,0.0003284094205107743,0.0006778123648178444,0.9866528902783893,0.0005414555668468344,0.00035788030786696357,0.0001236801155610475
O65312,0,689,U,test,0,0.8864780109487997,0.0956498250090874,0.000959955270376994,0.0011223012577372719,0.005396193952555384,0.00404156206951593,0.000945072503735691,0.002339076802851801,0.002821465311892916,0.00024653687344687017
O65375,2,744,S,test,2,0.017164978392669346,0.010411086045008764,0.4862005501743403,0.001453713335047916,0.40942193299104773,0.04129745633821453,0.0147971355519091,0.003542193525113467,0.015386586347868391,0.0003243672987805292
O70237,0,330,U,test,0,0.9381266585767586,0.03260644646752083,0.0005188631669185248,0.01939429042463539,0.006321047668186539,0.0020521437582389844,1.889958982618682e-05,0.00039782621051396373,5.300521131265436e-05,0.0005108189260882878
O70491,4,670,M,test,4,0.006325826314176449,0.002720703983197715,0.01403445892292994,0.012482507690353122,0.5349325964317468,0.3852974948454684,1.4276946333541174e-05,0.013709351917556576,0.02555622452028429,0.004926558427953122
O70608,0,1505,U,test,0,0.5924028221826326,0.3375409240157351,0.0016127434506735365,0.011731901083021933,0.013986506173668574,0.007399218423269151,0.00031756804730248024,0.025425415063693602,0.00838441233234872,0.0011984892276542163
O73753,2,175,S,test,2,0.003426451098252228,0.0030003006936869256,0.8384249442994298,0.009241576562946665,0.05530011807340634,0.06722784228894581,4.887569729462464e-05,0.01462448149519667,0.008614097960888922,9.131182995201135e-05
O74172,1,88,S,test,0,0.9052460014480376,0.055653459222394966,0.0021079305607885827,0.02932731376662346,0.0006039322350792959,0.0021411256906586503,0.0010599340102415552,0.0018314018017451389,0.0003084583961826368,0.001720442868248177
O74308,0,547,U,test,0,0.7699401618859464,0.14021651479671807,0.0021290753486598027,0.025237829371692475,0.022098983244312854,0.00720256878063044,0.0006595567817993552,0.011068743924509976,0.0026914035565079562,0.018755162309222674
O74317,3,113,U,test,3,0.2784650753412155,0.2272765648003929,0.020650305467677106,0.41477248544405376,0.00967860442725534,0.019551316956417965,0.0006383730993099947,0.02395477373566188,0.0020606935640645322,0.002951807163951008
O74356,3,585,U,test,3,0.061629569332906704,0.029802111031464247,0.0031166750571150004,0.8846607500738061,0.0012494509987118752,0.008878580588092665,0.0013094133897537136,0.0036437624407499717,0.0017077971115957921,0.004001889975803992
O74362,0,334,U,test,0,0.9099591239769587,0.03683205398208121,0.00014419331570885381,0.018100131712322373,0.0006070765761273135,0.0126915796713418,0.001000900090396074,0.0166603797707361,0.0013468582265782796,0.0026577026777492812
O74434,1,626,S,test,0,0.8615793131147732,0.10700007698868944,0.0001408608343414879,0.0075419886905289234,0.0011979864073008654,0.004664670143939871,0.007168559039789605,0.00874885991595211,0.0009329928068889958,0.0010246920577954542
O74443,0,272,U,test,0,0.8528792885745186,0.10186190224299917,0.0006756993957285415,0.014475333470952648,0.008231703574693494,0.003458397930961473,0.0005870578070065711,0.004337802705891424,0.00267244298826279,0.010820371308985333
O74454,1,1066,S,test,0,0.5831941491745476,0.3121613310268379,0.0014231818511307912,0.042765304721384755,0.009280312057671108,0.019646419489876284,0.0006315331629416345,0.011549533344359765,0.008582885616000306,0.01076534955524988
O74462,0,452,U,test,0,0.5081645676878807,0.38962330114712523,0.0005417532921754384,0.022856666875486837,0.01302333598360585,0.018081111230394062,0.0019206819648068185,0.019858216204519972,0.018509892129445902,0.007420473484559258
O74509,8,341,U,test,3,0.26670522621684845,0.14136970638947488,0.0034101939800300425,0.2816968678932481,0.024422847763759886,0.060802350520441646,0.007107453720283025,0.18187717369752202,0.02088996856032971,0.011718211258062217
O74531,1,361,S,test,0,0.49588455573691986,0.3277596854619945,0.002090897003020411,0.04909922143544077,0.024116728296032598,0.03677361895365109,0.001482667975649128,0.03441093573627601,0.023742832115986486,0.00463885728502911
O74551,5,238,M,test,5,0.0023791967979101955,0.006518050841829124,0.028092791598540185,0.11024447257746546,0.011895235206168909,0.7592931119049743,0.0034617107913258453,0.052484238906088276,0.023749091748574955,0.0018820996271228258
O74561,1,967,S,test,1,0.38945535278710713,0.4517761223457768,0.0006184349839859058,0.01821506975934689,0.06588388311075842,0.025888834450031102,0.0009578508436429645,0.02578790329615473,0.01807332059919509,0.003343227824000966
O74563,0,680,U,test,0,0.670803893131976,0.24677498219195435,0.0007151427440798329,0.04156368527697655,0.0024960934691562265,0.014141332117766784,0.0007378437314502447,0.017946283959299623,0.0033067862406849407,0.0015139571366554892
O74628,1,292,S,test,1,0.03438416499121503,0.600024879537546,0.011076033125702323,0.10757853845840185,0.006985567050972551,0.08136329062410005,0.018694346788054657,0.004876711876016774,0.006261821842064915,0.1287546457059259
O74648,1,246,S,test,1,0.2147511253820319,0.6771665843071722,0.009074037005538294,0.031180484365580997,0.009074037005538294,0.022283684566075376,0.0033381516269322094,0.015678530631952597,0.008658506947841994,0.008794858161336083
O74734,3,244,U,test,3,0.027482691938492114,0.019298760624963832,0.0012458355854559578,0.9389914756867257,0.0006988504373522087,0.0058285906232479825,0.0019447219951398932,0.00218650938255659,0.0011522095012730027,0.0011703542247926942
O74761,0,459,U,test,0,0.47222325876485993,0.31456852405999786,0.003690970415517035,0.10172729338644186,0.005370330141761838,0.038310848720595654,0.007573379776900673,0.029488915996352182,0.012102225967272135,0.01494425277030082
O74765,3,425,U,test,3,0.12091449833949024,0.3526218289679477,0.0034033868519178436,0.4599055420499681,0.0017656539838139813,0.02167877401942366,0.009619897379286873,0.00367993890374805,0.012844248872185224,0.013566230632218351
O74830,1,220,S,test,1,0.06072374876499815,0.43488640099398795,0.022514226177174437,0.22738562789030406,0.003881939266365246,0.11212520431872929,0.02269080680202235,0.009167915316856411,0.005919250728553751,0.10070487974100839
O74879,0,634,U,test,0,0.8611944820672127,0.10529414483030633,0.00016720165564299998,0.01521356549302687,0.003805492203840869,0.0067312297609824975,0.0008359556584973872,0.0051610131496075936,0.0009038835811919124,0.0006930315996908454
O74886,1,236,S,test,1,0.0325967205273529,0.6078893320604061,0.012420742606112365,0.19890062245754866,0.005177736135551522,0.0053420945566576,0.0449477499091718,0.0015305359626251185,0.008603597589687342,0.08259086819488663
O74890,3,445,S,test,3,0.10022495883025614,0.19854404420538332,0.0036081621197717306,0.5790121668570261,0.006847088359099678,0.07176758489303224,0.007403467926637108,0.0054164925718180315,0.017213579603922714,0.00996245463305297
O74942,0,610,U,test,1,0.2966650698163377,0.5330105972815299,0.00446956647330813,0.06472469809010194,0.012933119085743435,0.06261092368997281,0.004684064961505479,0.005650061132688466,0.012933119085743435,0.002318780383068683
O74964,0,803,U,test,0,0.5850282477905779,0.31807432223281606,0.0010283032142787412,0.014084818670060558,0.041987952487089086,0.009756269148345249,0.00038424885222164873,0.017874565525634423,0.007839382981801079,0.003941889097175264
O74974,0,652,U,test,0,0.8410199212591438,0.10282750339738309,0.0008422869069143096,0.018762891951590713,0.006677059865234897,0.010261154645798394,0.00030032661486486834,0.013435449336247341,0.0045890719237159025,0.0012843340991066587
O74994,1,746,S,test,1,0.33906687750696174,0.5210702641298665,0.0031967506709055446,0.05831991012034555,0.010080193598911965,0.018110827383185132,0.001938927535625114,0.013670768239942982,0.02485145361810364,0.009694027196151898
O75001,0,760,U,test,0,0.62402513991843,0.24247004567086913,0.0022505860765132013,0.039197484253498775,0.022030782895154966,0.014561457881372876,0.0009236386008504688,0.013786510918725901,0.036679068907847945,0.004075284876736706
O75064,7,1496,U,test,1,0.3640761656062597,0.5134296812995602,0.011343139166777956,0.06721590977457052,0.016375734801728208,0.013789751698558608,0.00014732166572303487,0.0007964134015288697,0.0020021830366104194,0.010823699548682439
O75072,7,461,M,test,5,0.02718373581017384,0.024177713791206812,0.12206724133462052,0.07520344586400508,0.030563495665392723,0.3443578614297221,0.0062093507524103074,0.31600053826153485,0.04226777878804688,0.01196883830288692
O75151,0,1096,U,test,0,0.7763882703294627,0.1801365712289759,0.0007536348832602101,0.010282403419544828,0.02044900245854889,0.005482317247801319,0.0012819761877468359,0.0029806840929599526,0.001131339991767711,0.0011138001599316806
O75170,1,966,S,test,1,0.25624763136300704,0.6292834674309935,0.002612236569844912,0.004656815285026718,0.09136790486515063,0.008109363464824501,0.00018340779340507386,0.003150958931543098,0.001334199987944728,0.003054014308259825
O75324,3,88,M,test,4,0.01173974703652427,0.0034567333395920893,0.005312228698118777,0.0022144666997558743,0.6957646782999033,0.0694303440469052,0.000840516737633347,0.15164983462249135,0.059155396219151966,0.0004360542999237853
O75363,1,584,S,test,1,0.38698028645908794,0.5207389475754529,0.0046847442971763185,0.00042565497774505124,0.07985790638937157,0.0024494754064081467,2.7211213205784327e-05,0.0045762219366152455,9.799133619851883e-05,0.0001615604087384872
O75367,0,372,U,test,0,0.4758484537507038,0.4400878687103819,0.009350332427593325,0.019794656064483218,0.025317749657053815,0.006682381696695137,0.012780390084825032,0.0022036158337118907,0.0034130263267898035,0.004521525447762069
O75462,2,422,S,test,4,0.0025528395414769417,0.006939337340003472,0.14268562643503357,0.00209990848828989,0.8083691253511578,0.021063840674857767,1.4149073182195262e-05,0.013800520881071037,0.0018823458237112467,0.0005923063912160558
O75475,0,530,U,test,0,0.9671734046523488,0.028753308881384818,0.00018486632777050274,0.00043659593752245275,0.002099218897207732,0.0005649970537735824,3.419683522158235e-05,0.0006815166191971131,3.875008559366496e-05,3.314470997980269e-05
O75554,0,376,U,test,0,0.8631064995810765,0.126300381155695,3.351668460166278e-05,0.0016532211065185703,0.0022073397678858213,0.0029703001849616492,0.00101059373754501,0.0023497008070342746,0.00020854782156933793,0.00015989915311215007
O75607,0,178,U,test,0,0.7943507914315562,0.17863376180750942,0.001418216599167923,0.008824440523256708,0.0069263823261867035,0.004835394606973402,0.0007591167122439397,0.001139569079816974,0.0018210260633137972,0.0012913008499749348
O75879,3,557,U,test,3,0.07767797955971774,0.12316307781604628,0.002807401604494596,0.7663464039277795,0.007281845155225261,0.007751484628899511,0.002721027015911968,0.003035524665760219,0.0030833271294826684,0.006131928496682212
O75909,0,580,U,test,0,0.8860015775424487,0.10097204041966977,9.649334140502327e-05,0.0036923014168301366,0.0038998480473717493,0.0034281857880434467,8.431494190464693e-06,0.0014744442731646024,0.00018027330034185208,0.00024640437653426225
O75934,0,225,U,test,1,0.1769432748116392,0.6998242243782348,0.002997276860946414,0.0333116552652512,0.006649749351613153,0.012918258108824038,0.0006687829266366446,0.04743796625960017,0.01691453039921164,0.002334281638042756
O76090,4,585,M,test,4,0.036596582621785334,0.05304011720948536,0.00211359942190474,0.06792376481994532,0.5592056735529968,0.15589358361845718,0.0008022318407800095,0.06884459691560171,0.04886284516858383,0.006717004830459799
O76200,2,83,S,test,2,0.00026158872725075716,1.4642978947245868e-05,0.9934718948036065,0.00044671902090336334,0.0036967563528784776,0.0013467443649224748,0.00010164241976368774,0.00018694903551745102,0.000468157511757701,4.9047844522764275e-06
O76927,1,83,S,test,0,0.2866011080693439,0.2214681894418162,0.15951754802734844,0.15827616204003067,0.01642355203491673,0.013404513324096295,0.11831208055480712,0.0024990331002815607,0.013300197740908386,0.01019761566645064
O80678,0,451,U,test,0,0.8799222917102881,0.10674669102490356,0.0006447346685183756,0.0031242948768809165,0.0031487989057246337,0.002048962565459861,4.121651097941497e-05,0.0023954797640415113,0.0006652007736207927,0.0012623291995828656
O80839,1,226,S,test,0,0.5128209058744643,0.43863899062089295,0.0017926172809454204,0.01972948598105635,0.0062568486516227486,0.015546459898291063,0.00042578392261160533,0.0015819792367135848,0.0020313014063692244,0.001175627127032739
O80885,6,447,M,test,6,4.1458593292239984e-06,5.492371703866071e-06,3.902871719477965e-05,0.0015712238519062353,0.00019061108634642343,0.0006918006171042828,0.9972284522869117,5.813309740492103e-05,0.00016723094595141194,4.388116614718163e-05
O80931,0,367,U,test,0,0.8250664121888318,0.12168081600596137,0.0003444569653068089,0.02641831980348194,0.008543333909935377,0.0019514815310828645,0.005917794674633552,0.007658196462851495,0.0005859410172892189,0.001833247440625536
O80939,4,675,M,test,4,0.010269737207059617,0.036267431212917346,0.02902808803413205,0.003778024823235306,0.7313019209322105,0.04952331345265148,0.02502377372446478,0.014037066256806837,0.0974365490810711,0.003334095275451028
O81027,3,468,S,test,6,0.006025769999499916,0.032195492435756,0.00039434967093674356,0.4461845597151794,0.0014882600570657154,0.0038602527722975824,0.49775485417162646,0.0021995058433561024,0.0025714828185385255,0.007325472515743561
O81242,0,355,U,test,0,0.9605554056812851,0.029694124153762005,0.0003074744408252912,0.0012449234893752144,0.0025946435891862794,0.0026149934537609146,0.001825559710507422,0.0006408317920275766,0.00026713842225699883,0.00025490526701322966
O81645,1,965,S,test,1,0.2652117706924323,0.6564054729080897,0.006958081175670667,0.018332102074786097,0.01862078973172791,0.013730109239841614,0.009889427002668389,0.0034444996949253726,0.005252234829729625,0.0021555126501283345
O81796,3,368,U,test,3,0.006774069343921379,0.09648156263232874,0.004305860536691842,0.8269873940775182,0.0028459998134266334,0.005885413441468061,0.04400026842556233,0.0008955336615284511,0.0033273108172943333,0.008496587250260031
O82261,6,607,M,test,6,0.06147838914260306,0.06595669456443186,0.013624229923907088,0.06238558670556219,0.03881182013503904,0.018768170193018036,0.7209716783497129,0.004090735545938292,0.008660087059481755,0.005252608380305754
O82268,0,219,U,test,0,0.8691141159687228,0.053851184467616636,0.000756236918605589,0.030653529159855145,0.024908979077310617,0.0048929082514571395,0.000744512557522652,0.005008940793755648,0.005544391642056345,0.004525201163097388
O82291,6,376,S,test,6,1.3398040029965182e-05,2.3514293760105825e-05,5.017018248007984e-05,0.0011508239594315852,7.954782337383308e-05,0.00021787614700563695,0.9983492441343904,2.58253981397318e-05,4.427503395295815e-05,4.532498743568085e-05
O82359,3,364,U,test,3,0.02828854511332563,0.2673478725062198,0.004254280593483039,0.47659912749808203,0.009814524100920674,0.0371845923710471,0.1267804653633204,0.006093976093543671,0.01695797593980839,0.02667864042024933
O82499,6,141,U,test,6,0.0010032006148797802,0.00017535459379972764,0.00016602239163652883,0.014260485005268655,3.762797058710655e-05,5.827934086572059e-05,0.9842376871862647,1.544248999310161e-05,1.3208660784442572e-05,3.269174592027312e-05
O82743,0,219,U,test,0,0.8267281160058999,0.09758825682153122,0.001430610083216352,0.00897137058563039,0.018336292047614767,0.008041884500357779,0.0201384740253921,0.01207229876758455,0.0044065889911722375,0.0022861081716007026
O82804,0,695,U,test,0,0.7232238979942812,0.2422496637842552,0.0006804295427152149,0.007286786899526728,0.020158796558641928,0.001509598757956167,0.00033161482189632984,0.0034555060966907345,0.0005217033559743855,0.0005820021880620458
O88286,0,1684,U,test,0,0.8466359059304532,0.13395725631201308,0.0026946566953861117,0.002165217256603156,0.008397965968178003,0.0035144946296783385,9.12963817439672e-06,0.0017398009648904396,0.00023545645718908503,0.0006501161474342098
O88291,0,580,S,test,0,0.8829610522860206,0.10545466370715202,0.000678009566524332,0.002745171459856907,0.0038411857327011957,0.0018867270710551417,0.00014893893707119152,0.0009712038490822529,0.0009267291849382819,0.0003863182055980928
O88343,4,1079,M,test,4,0.08996905820434793,0.05791846089975642,0.001324077440280118,0.043252019578841304,0.47510145452046626,0.21751729391950225,0.0019265210055540386,0.05999087334874908,0.048156967584204464,0.004843273498298108
O88703,4,863,M,test,4,0.11717739904089643,0.27244563630116864,0.006767464954165355,0.014439089486894888,0.5546717983109365,0.022715876690395993,0.000521850922676299,0.004651206330296756,0.004041037800918272,0.0025686401616508998
O88705,4,779,M,test,4,0.013880683894649646,0.02739021525811789,0.002776311448476963,0.017753666080270385,0.8587675600424673,0.04192855165060007,0.0004191603758571176,0.018533147676776097,0.014044305162097032,0.0045063984106874025
O88728,4,134,M,test,4,0.0018756294763794612,0.002389613849073405,0.004903169507367853,0.014049913257144378,0.9198925196525843,0.0437014713112033,1.5363768894696463e-05,0.0093318804390477,0.0033698958503007794,0.00047054288800409236
O88850,0,1191,U,test,0,0.8560142986491599,0.1333413141037686,0.0005622335710930099,0.005050435825216704,0.002945893112292983,0.0003687217708468886,3.1227289831365e-05,0.0005800807988500468,3.886298993027403e-05,0.001066931889010232
O88871,4,940,M,test,4,0.006864268692899092,0.009604838529154811,0.2516129574257752,0.010304488083325276,0.647555460515744,0.03984012020997518,0.0011928309503181737,0.017666002464025242,0.014306363429822963,0.0010526696989601012
O88958,1,289,S,test,1,0.03669229840200695,0.7171056163742301,0.010070377810740801,0.10658823539930232,0.009169182603520414,0.0834988194182691,0.004132874714093287,0.0049851983042776835,0.021153082755907136,0.006604314217652169
O89017,8,435,U,test,2,0.007957077234083289,0.02979600111806248,0.7051684545284551,0.009980410828420928,0.08020682279039339,0.07942736543447576,0.001404507605788719,0.018792101284232178,0.06476345372556837,0.0025038054505197487
O94091,2,468,S,test,2,0.00015651477906192927,0.002606205108372425,0.7692339219053598,0.001270162956152446,0.0206198575168018,0.10090153400348269,0.01661713191602607,0.012216861040128917,0.06934854206791091,0.007029268706703076
O94251,0,102,U,test,0,0.5557236241019852,0.2625052411110771,0.036941425113124406,0.049371467511995656,0.013275178544973688,0.007563969345807116,0.05270984553426044,0.0055339179719662065,0.011715304455617203,0.004660026309192965
O94275,1,807,S,test,1,0.34508666540765204,0.41951868113859936,0.004310194886658226,0.062234211973896204,0.031354505700147965,0.03363847374112637,0.009268374221127185,0.020086450586457763,0.06383460786869352,0.010667834475641376
O94278,0,857,U,test,0,0.5156578818938277,0.19044239085209191,0.0008923191000523951,0.07919462465059236,0.014401300255345369,0.0940918662650036,0.0219593617053995,0.04038944684796653,0.011392365702093458,0.03157844272762717
O94284,3,459,U,test,3,0.0018322306457586866,0.02017531653901354,0.00406498120618997,0.8246088312009966,0.002280247777108973,0.10082099205269217,0.021681976615609323,0.003165810482007404,0.0016424009187868448,0.019727212561836457
O94330,3,500,U,test,3,0.17864789551197455,0.207235177988019,0.008654443780871919,0.42356119703806444,0.01875593936436087,0.03759319064226237,0.053849758172075254,0.020599371378665576,0.01438067799158363,0.0367223481321224
O94358,3,845,U,test,0,0.5230563719476609,0.34571914810472903,0.004817182516900145,0.0524320660930591,0.016043666260847758,0.028267717989377897,0.0005404728998425533,0.022014920859608187,0.005544543097183307,0.0015639102307911403
O94378,1,860,S,test,1,0.20508588502807495,0.6830402993171922,0.0004021435676172489,0.018131443378037734,0.0637813022499151,0.008871145109278491,0.0004021435676172489,0.007470252408473261,0.008140620297669295,0.004674765076124469
O94432,0,474,U,test,0,0.8538876166685414,0.12016454326087585,0.000625658605039662,0.0030795996975518884,0.00824143550402563,0.004480790807697071,0.00024886979345441267,0.0075627663091342445,0.001205988576268382,0.0005027307774114586
O94433,5,172,M,test,5,0.0025252391405778734,0.0010526764209632122,0.002061040282942971,0.016069478580468782,0.012724423221839852,0.7811059608511277,0.0006691217710504461,0.09328980333906357,0.08901774492065903,0.0014845114713065465
O94438,1,252,S,test,0,0.5113398604171676,0.18090497563833288,0.007069462681655452,0.2694571704607998,0.0031864562674541264,0.003725344672903799,0.015931280863961308,0.002520694249072106,0.001228488324420135,0.004636266424232713
O94439,8,728,M,test,2,0.007705810723006602,0.013314446049977254,0.3626859083368786,0.019524346473389548,0.07609737444760407,0.29833730193930086,0.00701622039312233,0.061557857405120896,0.15178171852116168,0.001979015710438148
O94500,3,452,U,test,3,0.038880734857231564,0.1586576817453465,0.010464608459743594,0.683814273493358,0.0067038800156364025,0.02682690082417953,0.02724936363672715,0.003941007810894709,0.025799178933089275,0.017662370223793238
O94510,1,433,S,test,2,0.0007752879600783478,0.006923575747363125,0.850206477356794,7.211300400465492e-05,0.018637334555817897,0.007060130917139765,0.0005944339090556122,0.014685864267099448,0.09996840158191267,0.0010763807007345267
O94521,1,333,S,test,1,0.03244566505607809,0.6883203303924162,0.0408552582085893,0.11062314227400269,0.007296387483502704,0.016442661905889767,0.035495660769340034,0.0050147286940445445,0.00402944762969127,0.059476717586445314
O94527,1,809,S,test,0,0.8626643348725684,0.0888178950463331,0.00011511204340429758,0.024869419575310633,0.008069976540696001,0.0050107627960511245,0.00048463982859630066,0.0028328281035309593,0.00585817546952004,0.0012768557239890813
O94532,4,1461,M,test,0,0.7118555603755341,0.25381992323933517,0.00018025640042780377,0.006870590436399787,0.011871315101799446,0.004435986465124839,0.0010870851563253474,0.0060632748259672265,0.0033484584648968254,0.0004675495341894452
O94566,1,551,S,test,1,0.3737706545892914,0.49131225653375904,0.0035239404088138002,0.049897480554564756,0.014267972478974914,0.04975151251628734,0.004741980786717146,0.009357164808846612,0.002039500351680648,0.0013375369710644017
O94598,1,815,S,test,0,0.31732934774317945,0.28445217067998146,0.0006887531503295092,0.10182150472887498,0.04261164747913044,0.0657409058283927,0.001843199020998178,0.14026506272079114,0.036590326647709635,0.008657082000612496
O94601,1,321,S,test,1,0.08322136402504753,0.46689926271850396,0.008223953951729673,0.14407475809275935,0.025730472980647543,0.09927216528167795,0.017410109443859397,0.1117135251881282,0.03743761539584789,0.006016772921798525
O94639,5,408,M,test,4,0.0004587364942835575,0.0016519736767927828,0.0038409535695053502,0.0006779685897272654,0.5700480675879738,0.11763606164608477,0.0024414587799301522,0.021760483615911028,0.2778192325276938,0.003665063512097487
O94676,0,1097,U,test,0,0.5210904541846237,0.34984358545479927,0.005972548242440691,0.053939184242330615,0.0035663713776925066,0.03651490433879652,0.0017654818305910414,0.01187782985616796,0.00855528010054361,0.0068743603720140215
O94682,1,253,S,test,1,0.4116761644712478,0.5369268992687108,0.00041229632592617064,0.005964719598994575,0.024674836231830616,0.005691575243575389,0.0005211913121075041,0.007963945657546483,0.005918301547640531,0.0002500703424201247
O94704,0,168,U,test,0,0.8126334532860043,0.1401155886424415,0.0011657972332727216,0.0186685956666831,0.008749794198666151,0.007542794556277255,0.0031689652182739876,0.004468957419565027,0.0021442293615187903,0.001341824417297124
O94745,3,502,S,test,3,0.0010705861838391723,0.005447514529501269,0.0003847231687687781,0.9657392810864357,0.0002027348883830421,0.008503450352859907,0.01404722918072158,0.0005775379434636262,0.0014182964095210454,0.0026086462565059355
O94752,1,454,S,test,1,0.09991489039702335,0.7557844912805224,0.004221777916725917,0.0892139578929318,0.008265839015904136,0.017227489542849302,0.002259754802582627,0.008662526511403956,0.004709733152245439,0.009739539487811056
O94753,2,361,S,test,2,0.0001950234768442653,0.001558135179909949,0.9290055133476801,0.0011946636308756114,0.0020321913834362845,0.004837036338600764,0.012546317909131093,0.0006806988019795975,0.04625246052798925,0.0016979594035530154
O94804,4,968,M,test,1,0.2807071456978804,0.580490996034918,0.0003933715563982436,0.013975583699268252,0.08011039203767549,0.010969562260626928,0.0007823128113879519,0.023404700264693337,0.0076579883261965334,0.0015079473109548052
O94888,0,489,U,test,0,0.7346182364351671,0.22404588778020718,0.00020430341749627434,0.0096912744463903,0.009843890286972865,0.008687201541223563,0.000600481155264821,0.009882418173157402,0.0011941993947831944,0.0012321073693372458
O94901,0,812,M,test,4,0.21127437042813144,0.1765263526604241,0.0218374524138417,0.05912892516985947,0.261910140361922,0.1139739825658186,0.0015573744885871569,0.12221654497423644,0.026547590255185733,0.005027266681993341
O94927,1,633,S,test,1,0.3699061877969632,0.4392744609554259,0.01663796234476671,0.12783615316673955,0.009704836663632914,0.013686014366687104,2.3682931034322867e-05,0.0046564317401451595,0.003006418241610033,0.015267851792995078
O94966,5,1318,M,test,0,0.5402032323248678,0.27807281292457625,0.007826930249663413,0.02014352600980699,0.11017848460687293,0.028629721764910066,0.0005326293354146168,0.008202552173291014,0.0027907779651936324,0.003419332645403312
O95232,0,432,U,test,0,0.8953127556074263,0.09585129888216111,2.7076829597692933e-05,0.0016621477568629112,0.0011423762964277628,0.0014899395830086748,2.1756844203269962e-05,0.0038195854148912315,0.0003050736746217725,0.00036798911079932424
O95445,2,188,S,test,2,0.0002056372996879991,0.000958314858221369,0.9643782894916753,0.0027513965882161174,0.021982214158249545,0.007537730908667068,1.4665369110097561e-05,0.0007011181087605794,0.0014386011086305111,3.2032108781434646e-05
O95563,3,127,M,test,3,0.0002496255685229956,0.0006178291676166823,0.003419157439895863,0.843202136167055,0.007512013158798795,0.11591205304153658,0.013575958443246394,0.0032625830188935546,0.0055933684642787045,0.006655275530155419
O95684,1,399,S,test,0,0.4133144860251514,0.397480661362317,0.0008104495829447111,0.018883174034687478,0.10573411592588652,0.03534738672552606,0.000947511509524622,0.02190486498908668,0.004520324464501233,0.001057025380374294
O95747,1,527,S,test,1,0.23982206986824503,0.5708261370224774,0.00023461947671872332,0.009012813124306698,0.12201158465996836,0.01710331325013238,0.004862047934581166,0.02669789567137881,0.004567471057610304,0.004862047934581166
O95834,1,649,S,test,0,0.5643517245492279,0.39398098268729465,0.00015451758922156914,0.0043426732397452966,0.01789472027536112,0.00792524097812266,0.0005066437134263532,0.005798230427022602,0.002306376541710417,0.0027388899988674397
O95841,2,491,S,test,2,0.002463798148543286,0.00453161844721686,0.8703466815548547,0.0036412575793396892,0.047590905288218174,0.020488590842280243,4.2062094227855605e-05,0.03899458973723526,0.011594515646567848,0.00030598066151601695
O95926,0,243,U,test,0,0.5663404978354738,0.3079139545455989,0.0010432287666011142,0.0683035021021569,0.00735547895084195,0.017992889246774006,0.00989787824949776,0.014178056994888801,0.004899805340394882,0.002074707967771858
O95931,0,251,U,test,0,0.8728904485515336,0.0912860147782899,0.01142578339425606,0.005974109994875406,0.01142578339425606,0.005355156711730684,0.00014955890104260104,0.0006808319291428932,0.00023899445182949984,0.0005733178930432267
O96693,6,488,U,test,1,0.13822930694011668,0.5911317910962671,0.005705404879222637,0.18456033885334674,0.003200441981840632,0.03481358572274725,0.0030538832445207425,0.009117210979571003,0.02411466402077868,0.006073372281588539
O97859,4,428,M,test,1,0.19959541625485816,0.4308774356916482,0.01078680594691637,0.2493727290005211,0.026489836392029807,0.029321576621695482,0.008270530741931754,0.004358263570619271,0.006242923738506319,0.03468448204127351
P00287,6,99,M,test,6,0.0023972267830665544,0.03302812407260466,0.29959680495802415,0.0015237700201635345,0.020582869054456644,0.027488443831477652,0.5865820411649236,0.0008547574924747929,0.027488443831477652,0.00045751879133072455
P00288,6,99,M,test,6,0.0023527856352546987,0.03260631974792024,0.4082378293627826,0.0014270366442128899,0.014957447134750347,0.015297206660520184,0.5080601752942089,0.0006846996499597874,0.016015688524671508,0.0003608113457189002
P00289,6,168,M,test,6,4.17948106993502e-07,4.886307937478528e-07,0.0001055148802282158,0.00029133591459778676,4.528607316297337e-06,4.672360681785334e-06,0.9995915096757432,1.7422668120240474e-07,8.987296774026029e-07,4.5902617335421546e-07
P00290,6,99,M,test,6,0.002401668304036401,0.02576998949204066,0.340116643986278,0.0013472138438302493,0.015985330290414677,0.020485520008706987,0.5785578985330826,0.000767619335792089,0.014176054612600231,0.0003920615932181074
P00291,6,99,M,test,6,0.0018504636916179455,0.02388028998150163,0.3638298230847603,0.0008605454973041039,0.028946122292754124,0.025745215017296586,0.5293692375654516,0.0007713879495424808,0.024327518534547215,0.0004193963852239833
P00292,6,99,M,test,6,0.0017119494817428472,0.012070419437236603,0.3935203006152014,0.0009021339369349267,0.018731579866359184,0.018549545430045243,0.5378785390335568,0.0007363003214464262,0.015624096563499387,0.00027513531397728105
P00293,6,99,M,test,2,0.0024394056280769723,0.014711497905139311,0.4909989124531157,0.0007857960013217011,0.022171010166264493,0.019290747846911458,0.4265872400596651,0.0008496480615167804,0.021805978269407347,0.0003597636085811055
P00294,6,99,M,test,2,0.00234133388144634,0.025819021500758713,0.7019385413406283,0.000591981949688525,0.020725916135582757,0.01841601625508096,0.2107601558073179,0.0007140665285266079,0.0183711116038146,0.00032185499715534766
P00295,6,99,M,test,2,0.001348798422052774,0.009565840659563736,0.4654311031369548,0.001228094939520782,0.022025101311173554,0.02457077848567439,0.4582152752944534,0.0005892463491205441,0.016854280930639187,0.00017148047084687487
P00296,6,99,M,test,2,0.00189701097180188,0.016451814459893476,0.6968216799511515,0.0010313870891785018,0.02001986051062461,0.015424893412026358,0.23340603892223077,0.0005607554159691962,0.014113268895336114,0.0002732903717875651
P00297,6,99,M,test,6,0.0022183387321724427,0.01675557585253135,0.43615971416934407,0.0012060897812341317,0.023989540364257194,0.02214340564231155,0.4790277336970501,0.0009691203324446934,0.017215854110146842,0.0003146273185076588
P00298,6,99,M,test,6,0.003198736543222922,0.030706509593880684,0.45654782126678223,0.0011141240701197782,0.019066978026224438,0.011121161153889848,0.46373739304137396,0.0007657254957818863,0.013284315202018804,0.0004572356067054992
P00299,6,168,M,test,6,4.0512984089295566e-07,3.411535479822737e-07,5.22388947575092e-05,0.00024155020580144887,3.527236889456122e-06,8.511124843135699e-06,0.9996918275774063,2.419140470611713e-07,1.1185993190790764e-06,2.3816354721523815e-07
P00732,2,417,S,test,2,0.0023942197784897153,0.01537022780174774,0.6849236253919608,0.0035384272876780453,0.024851077317002146,0.08572825496037177,0.002470220354590008,0.02389904774884693,0.15402577290269812,0.0027991264566146795
P00927,3,576,U,test,3,0.01502514589898565,0.06475835519697361,0.0037546927489349414,0.8365249925942041,0.0027044034576184394,0.01729383566278856,0.023776781644326925,0.0045290237011745465,0.0079486838524003,0.02368408524259291
P01040,1,98,S,test,2,0.005509578806879048,0.019457000026214737,0.9522540887326342,0.001823977278924254,0.00735625276695064,0.009226807701278065,0.0008285790376479984,0.000518511474219614,0.002869518802407338,0.00015568537284413368
P01096,3,109,U,test,3,0.00029472953185830537,0.0007856620827811427,0.00017599103333922175,0.9955574271777312,4.96405512014724e-05,0.0006825951102308472,0.0015144033562214778,0.0007366210777987942,5.121631271191374e-05,0.00015171376612559646
P01142,2,190,S,test,2,0.0007317032094370904,7.474818649426549e-05,0.9831332110461027,0.006296307489160668,0.0031598048222815102,0.0057328527009190096,3.78009832103426e-06,0.00042679866085994916,0.0003825798454084963,5.8213941015246174e-05
P01143,2,187,S,test,2,0.0031138468731204756,0.00022556631888247738,0.94824125690165,0.008284402692066432,0.01342067536420825,0.017098383319335768,1.851561247872516e-05,0.005760898126019491,0.003542260828875442,0.00029419396336299587
P01405,2,60,S,test,2,0.012209837864640829,0.008038747797874382,0.9183278981364174,0.013567955729322066,0.03410983721291878,0.0053759187598403525,0.0016916079369795058,0.003812097356394769,0.0026821453661039648,0.00018395383950796878
P01406,2,60,S,test,2,0.008704077085499994,0.007987309765179123,0.9232074620931592,0.010336347594548205,0.03900896638259225,0.003600162454565345,0.001782209727993563,0.002675413793209647,0.0025729203402433346,0.00012513076300940418
P02655,2,101,S,test,2,0.000948092817795997,0.0022390958258930492,0.447173700869258,0.12320930952537658,0.05575214153757081,0.3121775500651781,0.0017991639387494062,0.037138932784878564,0.01896871135597619,0.000593301279323268
P02724,4,150,M,test,4,0.0014631754785157096,0.00042914801736111213,0.06369121198919278,0.0006857765651390792,0.8131548540453463,0.026343831073686548,2.7009177929107556e-05,0.08705555410081922,0.007121573008001005,2.7866544009160572e-05
P02730,4,911,M,test,4,0.02066769000298048,0.021575109218116506,0.005124538011975518,0.03374411038239908,0.5309486784631333,0.2776129438908072,0.0005572676098866691,0.037717869943072,0.06684655443628937,0.005205238041339938
P02835,0,410,U,test,0,0.9655341711613956,0.028704574942902506,0.0001816917831585046,0.0009013325517151319,0.003772581774984455,0.00033418232471789903,3.951861883732722e-06,0.00042244606619638235,0.0001051551466499428,3.991238639583445e-05
P02836,0,552,U,test,0,0.9598154900781766,0.03336028340165903,4.357555680741433e-05,0.0019646906046482076,0.0037991655511988532,0.00023556724476099115,3.7272147423077785e-05,0.00039450084526556777,8.666034300397548e-05,0.0002627942270563158
P03872,0,296,U,test,0,0.8011922422180237,0.14477247741550905,0.0035403511053980455,0.016179698614428497,0.01416741610850059,0.0051110933686926195,0.003949546982348098,0.004877039910596129,0.003888315320199821,0.002321818956303455
P03973,2,132,S,test,2,0.00020968781818293678,1.4158388762215461e-05,0.9910867221115572,0.00033247256421426927,0.007930190762358168,0.00019698345852289697,2.6190385404548303e-06,0.00015103247108413074,6.754589011079764e-05,8.58749666689082e-06
P04201,4,325,M,test,4,8.083365898646214e-06,1.2519761398487638e-05,0.0003251037269907435,4.7519660880500895e-06,0.993071943181678,0.003471383204965118,7.518701855993618e-07,0.0012090870797986865,0.0018873581958533717,9.017647143320855e-06
P04814,2,256,S,test,2,0.0002321941941526212,0.0006069895862870963,0.976103693887986,4.7173116809478835e-05,0.003927267039213923,0.0009549287211780223,4.572175248370683e-05,0.0009890974902283466,0.016794790943390314,0.0002981432682705326
P04913,0,126,U,test,0,0.8111670309038149,0.04505342407169612,0.01342221863421909,0.10807754488149209,0.006696593257278124,0.0034741469511659125,0.008014772375645659,0.001403682333619548,0.0014710462948485865,0.0012195402962199822
P04919,4,929,M,test,4,0.009930216298343845,0.013053022718812946,0.0037690848888231234,0.018844238637696322,0.6240355115439088,0.229569857799176,0.0003093853174423501,0.03278326480683406,0.06350069976605328,0.00420471822290925
P05166,3,539,S,test,3,0.03341772925155774,0.1730564715032257,0.004332383334390835,0.6040263957400556,0.008959194967503442,0.012438611213100498,0.12416193535195544,0.002014745355512564,0.015847199450390825,0.021745333832307374
P05186,4,524,M,test,2,0.0008621676895747452,0.007218841522574463,0.6104488422903981,0.007218841522574463,0.1681963368153481,0.06236127442639203,0.0003825845810319545,0.008572586882436575,0.13409781566051487,0.0006407086091546757
P05366,2,122,S,test,2,0.00017077498619966826,0.0018360041530177766,0.764209131161768,0.10024242584421436,0.00896680145215975,0.09270909184680148,0.0014752707987312228,0.008657038915379578,0.020325747715120787,0.0014077131266073363
P05549,0,437,U,test,0,0.8397472848152634,0.13286732686793223,0.0010466567906423287,0.012888599720257403,0.005273997070490974,0.00249125958480589,4.895278309629482e-05,0.002215772260363631,0.0009093511410876908,0.0025107989660601896
P05740,1,184,S,test,3,0.13308342603701337,0.08009101933417237,0.015894548063326616,0.7082882354610257,0.0007551047475012321,0.006782961021360686,0.047359759981319735,0.0012066539638963007,0.0017284519150082595,0.004809839475375699
P05747,1,59,S,test,3,0.2088220933575037,0.1857301952256094,0.18285070964247005,0.40885378281987206,0.00120349826079252,0.007786722645562751,0.000595774812297901,0.0016194839798767877,0.001670891939957313,0.0008668473160574955
P05764,1,87,S,test,2,0.08860547004452302,0.19754204121903216,0.5123850485370635,0.054534964563228136,0.07724533800193391,0.007780156206877324,0.04869424166066447,0.0015806347367030595,0.010147236105211508,0.0014848689247629254
P05981,4,417,M,test,2,0.00023925219051514372,0.001795687407829888,0.7832977457388889,0.004996938430390493,0.14043756755815687,0.0309707826612078,7.767381300473969e-05,0.014767717908698746,0.02222044863033811,0.0011961856609693487
P06103,1,763,S,test,0,0.6610881590779252,0.24320077545045687,0.0014461244946206643,0.03140641703568449,0.009068662169795239,0.020596831739646482,0.009139788205114456,0.01667982129516338,0.005457616798027362,0.0019158037335658838
P06296,2,191,S,test,2,0.008458992893673252,0.0005824271009681665,0.9149082950045225,0.018154200947496615,0.008813156221247266,0.03896149760813406,6.043564648369436e-05,0.005701326425439682,0.003709923720607837,0.000649744431426863
P06400,0,928,U,test,0,0.8809843262749855,0.10687552656348447,0.00021621973910101409,0.0015852265510374716,0.005843996272868761,0.0022885416535318964,9.299494140248355e-05,0.00103152655077366,0.0008288549933862327,0.0002527864594285885
P07030,6,165,M,test,6,9.271959482964973e-07,1.307555879036059e-06,0.00013233639626336824,0.0003249868200635088,5.999025830468086e-06,7.947419243431673e-06,0.9995242159121546,2.7839470743805005e-07,1.5049876442881507e-06,4.962922655651365e-07
P07250,0,355,U,test,0,0.5031221099189519,0.2452021182950439,0.002008514553158035,0.03745636482619727,0.03216351687768455,0.05302867489670387,0.02227901749833575,0.02504897210346222,0.0764811141790117,0.0032095968514508333
P07251,3,545,M,test,3,0.061946385910969036,0.05075704480354126,0.0038910969966779708,0.7415118523468284,0.002434986082586073,0.02030840622917464,0.07457580870745334,0.00271642360455376,0.008700484069604119,0.0331575112486114
P07256,3,457,M,test,3,0.0004711511155547004,0.004562776553294879,0.001907628968242948,0.9355865156864273,5.4539701732750346e-05,0.013293395801342265,0.03656114651910732,0.0002769754802748615,0.0011937636927971042,0.006092106481225916
P07266,3,363,S,test,0,0.676519399433904,0.18933607792173576,0.007876126159835704,0.05135879334936798,0.010352972979274126,0.02333078366158936,0.02279032412861971,0.008786453937069953,0.0072842264210218385,0.002364842007581487
P07313,1,608,S,test,1,0.23456852484163368,0.5715618813928995,0.003973402607211469,0.0023726269487210627,0.16503958647590686,0.014420997564199083,0.0002789766627084804,0.00486831467331607,0.0016053997915569254,0.00131028904184689
P07664,0,433,U,test,0,0.9690284741459225,0.021076715779530557,0.00021995527145866328,0.0032448697144724778,0.003270319730540218,0.0012461315720500182,0.00043743331248190405,0.0010658727126929709,0.00033539174465521297,7.48360161954669e-05
P07665,0,356,U,test,0,0.9379427507809688,0.04421222990245299,0.0005697479982659846,0.009542907664283316,0.003863221298045323,0.0020357747724571466,0.0004234007826311227,0.0010982180334660149,0.0002095985708708761,0.0001021501965584802
P07766,4,207,M,test,4,0.0017829437254426909,0.001081409979326323,0.08326394846608537,0.00030502566334933656,0.8951718797149373,0.008741741990148934,7.756420919036198e-06,0.007905221535312413,0.0017146401786512708,2.5432325827332728e-05
P08018,1,668,S,test,1,0.1713755653395541,0.683119625390039,0.0007282725106919785,0.0169023249507817,0.09245018264957852,0.008941759903616312,0.00042812926024762355,0.016446412767716696,0.005215682331545849,0.004392044896228178
P08985,0,141,U,test,0,0.8011636979302919,0.06550712338979046,0.0044058814131127215,0.08849448236567536,0.004074773875957533,0.004138942468974492,0.021019282463014974,0.001282184540435501,0.0021810690608831543,0.0077325624918639585
P08992,0,146,U,test,0,0.7663611599190945,0.08399153967201295,0.014825386818464556,0.07783133968775499,0.007113298796238788,0.005943383420234766,0.029599198852528104,0.0013470318683579334,0.0049272377917417825,0.008060423173571687
P09031,2,97,S,test,2,0.0036697265963602805,0.007177963247923561,0.952138884443527,0.008023251212851733,0.021959058076188042,0.0022875032030759577,0.004093875829004028,4.459921386078704e-05,0.00042314555790098234,0.00018199261930765262
P09932,0,586,U,test,1,0.3351461996934825,0.48007476610642486,0.010120538425606203,0.07776017049814547,0.004633520003642169,0.00550244158859373,0.07333483134620782,0.0018145125503175004,0.002681675914762371,0.008931343872817339
P0C0S6,0,128,U,test,0,0.7169617929455622,0.07751048913038938,0.007195530044804564,0.13210753555297264,0.005736777039662869,0.008217554198372055,0.036045721527213484,0.001777170702874931,0.0050626880400439864,0.009384740818103901
P0C0T4,1,108,S,test,0,0.924052940569181,0.03582942062288678,0.00041713073139611727,0.03472706626106707,0.00041713073139611727,0.001502145409626272,0.00041713073139611727,0.001274854159465651,0.00017388595486321045,0.0011882948287216665
P0C0V8,1,87,S,test,2,0.06352447112353991,0.15539284390558658,0.5910460482254458,0.05882228667132904,0.027860403670668124,0.010410672281543536,0.0738337428635852,0.0011957444046623944,0.014453785810306636,0.0034600010433327635
P0C0X0,1,67,S,test,1,0.2349614728314871,0.2662462213979279,0.2073527810162988,0.1365174908086458,0.003325463638218079,0.008969200505113888,0.13180143734548805,0.0007420112737675763,0.0025898736587862555,0.007494047524266494
P0C1Y9,2,61,S,test,2,0.27897897577060066,0.0790747931714794,0.28337222555449315,0.28337222555449315,0.037315830875053635,0.008967762881875079,0.016112152610835862,0.00597381875783578,0.004952469413036362,0.0018797454102969726
P0C1Z0,2,61,S,test,0,0.391312912475688,0.09554481151527784,0.13925466914402326,0.27965872441288864,0.029018833155626457,0.009720091347034422,0.04442161901731784,0.004520262423674144,0.004663750821755208,0.0018843256867141587
P0C2B6,3,128,U,test,3,0.0006765616099308838,0.00029905195240142904,0.0008721224282139183,0.9944969635467952,7.214964580989367e-05,0.000633092940101945,0.002164856708323055,0.000489216337998472,4.8062025903341e-05,0.0002479228045218742
P0C5W7,2,66,S,test,2,0.0027775368218915988,7.272911057004276e-05,0.9716409888920466,0.00509870370327734,0.0021006934947606867,0.015341304934042404,0.0007819115876887681,0.0003810732391213676,0.0017898133676023816,1.5244848998823101e-05
P0C606,0,293,U,test,0,0.6890764439423269,0.2698461855500202,0.001483979317458595,0.017590931544597673,0.00747762112132805,0.002951245120946538,0.0013096071032682108,0.00457097796725817,0.001531085843426168,0.004161922489369518
P0C607,2,75,S,test,2,0.00020128541028854283,3.3830795533122266e-06,0.9970301689387965,0.000840848379384496,0.000988828166259142,0.0005728490925691341,6.187005253958118e-05,0.00013200619079419581,0.00016300587850897848,5.754811306121115e-06
P0C7L0,1,485,S,test,1,0.3293849598087061,0.5871921967724146,0.0012844776777806994,0.0011159734960077031,0.07762694567087972,0.0007433986242885255,0.0007205266240061244,0.0004370215454149528,0.00012718049977612485,0.0013673192807254785
P0C7P3,0,912,U,test,0,0.5305168212986215,0.3703604168427691,0.0016885188516517523,0.06336119986389185,0.013596184082572087,0.006322812969593959,0.0010241384500461197,0.007567415736811863,0.0016365685125205207,0.003925923391521167
P0CB05,1,711,S,test,1,0.2952300337501442,0.5963810737578714,0.0013887164078858383,0.007507329876275167,0.02890528392763613,0.004734813279589814,5.913867844605321e-05,0.06310412346206906,0.0015736218920559208,0.0011158649680263768
P0CB20,2,123,S,test,2,0.0006706967853020571,0.0004330343812300037,0.9743902115640992,0.0027583269482863333,0.009971994935758776,0.0013338398460100128,0.003867138886931372,0.001262853973504421,0.005272863448149425,3.903923072833809e-05
P0CG03,2,260,S,test,2,0.00018599458973696774,0.0009898887856163534,0.9579899819007599,0.0011940338771873299,0.02436048701353389,0.005940715262047422,7.633202697264146e-05,0.0009226777971615612,0.008033235483497195,0.0003066532634867346
P0CG12,0,524,U,test,0,0.4331879858065662,0.1544579439386437,0.27751065014468956,0.04157179254542425,0.049657832501110444,0.005582347056360862,0.0009550269262456116,0.0013680128660447633,0.003958476849730184,0.031749931365184385
P0CI04,2,42,S,test,2,0.0012987279763480657,0.00027037359950299236,0.9952428966733788,0.00015526247894610742,0.0019439181836838795,0.0004027202288511019,3.687807200376227e-05,5.893099292277554e-05,0.0005813945449347438,8.897249427738558e-06
P0CT87,2,472,S,test,2,0.00042393538871504465,0.009703056649034468,0.924567229077718,0.0002453549707597066,0.01774672173155555,0.00325726601294723,0.004776465116621645,0.0046476282707466465,0.032641215720412606,0.00199112706148904
P0CT88,2,407,S,test,2,0.0001469268332312808,0.005000426512170638,0.8710326307642082,0.0004251469389062291,0.013605849434536047,0.011746168482799305,0.0365179705103992,0.004210781298335924,0.05397005966183825,0.0033440395635749402
P0CT92,2,617,S,test,2,0.00892127314824112,0.02368877108434296,0.645282811877087,0.04469076219382115,0.01859353130108268,0.09818722412842612,0.006228052612042618,0.03792855556698366,0.025315262648393885,0.09116375543957873
P0CX31,1,135,S,test,3,0.3017283867890547,0.1666302323199213,0.019516221479163945,0.358311282661758,0.0016854409455419738,0.012949920726407368,0.130789558370227,0.002569990140437502,0.0024142825576012224,0.0034046840098869665
P0CX32,1,135,S,test,3,0.3017283867890547,0.1666302323199213,0.019516221479163945,0.358311282661758,0.0016854409455419738,0.012949920726407368,0.130789558370227,0.002569990140437502,0.0024142825576012224,0.0034046840098869665
P0CX82,1,189,S,test,3,0.21997671453839523,0.12831127138701154,0.06026229025229647,0.4656907136780837,0.0014592122178043088,0.00664272086633839,0.08732995047262831,0.0037849087641459002,0.007766127746441497,0.018776090076854633
P0CX83,1,189,S,test,3,0.21997671453839523,0.12831127138701154,0.06026229025229647,0.4656907136780837,0.0014592122178043088,0.00664272086633839,0.08732995047262831,0.0037849087641459002,0.007766127746441497,0.018776090076854633
P0CX84,1,120,S,test,3,0.1587411923722257,0.06880921829530304,0.009835764840901514,0.7226320052511912,0.0011747145364729313,0.0054744273438143585,0.023663998209016213,0.001998256630784317,0.0012701691729573887,0.0064002533473333685
P0CX85,1,120,S,test,3,0.1587411923722257,0.06880921829530304,0.009835764840901514,0.7226320052511912,0.0011747145364729313,0.0054744273438143585,0.023663998209016213,0.001998256630784317,0.0012701691729573887,0.0064002533473333685
P0DJ86,2,231,S,test,2,7.85315137313177e-05,0.0003895773574666046,0.9703139718304526,0.00021683245846832247,0.016695173552864446,0.002670089263857228,9.773404655364498e-05,0.0003895773574666046,0.009077008865596188,7.150375354302709e-05
P0DJI8,2,122,S,test,2,0.00016332679485113726,0.0010485129783643118,0.7540795721867634,0.12900780002432624,0.005646109054532707,0.0758397720037984,0.004699108605893848,0.007081806583438638,0.020332420025864984,0.002101571742166371
P0DL36,2,112,S,test,2,0.027566633889903006,0.009536081845936618,0.8787673638886568,0.03283023434468147,0.02903099334001794,0.0034808278726403386,0.009099393076224746,0.0030718201050922295,0.006352400354504524,0.0002642512823422551
P0DL48,2,48,S,test,2,0.004627504971443278,0.0010245006231365923,0.9837706545784317,0.0014447774822314453,0.006839008956324404,0.000720826214782954,0.00018803874313218688,0.0003980780304885731,0.0009549395049537013,3.1670895075111875e-05
P0DM40,4,2038,M,test,4,0.09638277654451406,0.19951044464332338,0.015997445564660553,0.03413221315540379,0.47118065803362114,0.06695827989863153,0.005153192786861517,0.08456057497143155,0.02309500849666675,0.003029405904885745
P0DMC2,2,58,S,test,2,0.007051408522482844,0.0001847295413169305,0.9367229054102467,0.032304288017896095,0.0029351616776751134,0.017909946508403326,0.00022989963354398712,0.0004717233978560782,0.002147410135472332,4.25271551065732e-05
P0DMC3,2,54,S,test,2,0.017567008907196802,0.0003888645771635437,0.9027772634949996,0.06143476502160029,0.0027849388118132046,0.009257163943853603,0.002005916108624865,0.001142936537151144,0.002575647111335661,6.549548626118757e-05
P10506,1,340,S,test,1,0.2424071451831054,0.5172007724043164,0.00033969953363796124,0.01574060520541381,0.15228822957201776,0.020690636885770265,0.0034308436153583804,0.021853666938932276,0.017423261105578146,0.008625139555869563
P10734,0,429,U,test,0,0.9223651545614613,0.06375618867711258,0.00012117024407636098,0.004974301432449306,0.00533664648340138,0.0017529782362361223,1.978049841301436e-05,0.000983331792520109,0.00035061771959428103,0.0003398303547355462
P10911,1,925,S,test,1,0.20270317601750637,0.5553259201136651,0.004443446132363852,0.013474583498732972,0.1150465075254013,0.028525693073102605,0.0013134800705136864,0.056785541982433185,0.020869845327635125,0.0015118062586458043
P10964,0,1664,U,test,0,0.5988610398003106,0.31068503914528534,0.001906043620605103,0.038358751755876004,0.008409858696926122,0.011859800688661264,0.003505750332969707,0.007538548219089486,0.016465703056130005,0.0024094646841463906
P11373,2,224,S,test,2,8.039844847024735e-06,0.00018442121338531453,0.9877251790420242,0.00018442121338531453,0.001253539124733286,0.0011599005675585552,0.002410368073714513,0.0004709360258986979,0.006012508788608287,0.0005906861058448906
P11456,8,279,M,test,4,0.0013498620421609063,0.0022255465648583416,0.18819948463425198,0.0038755593118525735,0.4731334603226783,0.1926625163876927,0.0006084305749293977,0.06529455435098037,0.071992715512622,0.0006578702979734625
P11490,6,171,M,test,6,7.000150229422647e-07,8.057122383674581e-07,4.945973549656254e-05,0.00021993815076879104,6.746146311064196e-06,9.007286658893529e-06,0.999710899877572,2.615764568287504e-07,1.436337416965509e-06,7.451620576183259e-07
P11597,2,493,S,test,2,0.0006070886513853689,0.011772464524996034,0.5967776554432588,0.0010822525545772733,0.15567875822239496,0.1384635516405793,0.0004954912981989057,0.02793893114610341,0.0659185251032362,0.0012652814152697696
P11672,2,200,S,test,2,0.000579684984293526,0.003455219046458214,0.9543014592412851,0.006173519851864063,0.029271214706102583,0.00479709690925249,3.785715457373567e-06,0.0006672133503603614,0.000636659453115202,0.00011414674181112358
P11717,8,2491,M,test,4,0.004422417223357044,0.008658672364105679,0.3004965696704141,0.0040266563238921865,0.5441289929005293,0.07838922548471637,0.00015370983961014324,0.04074729894742807,0.018619071146637797,0.00035738609930927967
P11831,0,508,U,test,0,0.9354218137727875,0.04046238052865077,0.0010782857989449863,0.0030958425941419888,0.01809589473176523,0.0005862537961656365,4.381616829014542e-05,0.0004092711238033432,0.00026424530296495675,0.0005421961824853945
P11911,4,220,M,test,4,0.0006436758635931313,0.0006094201308632803,0.057043549361674536,0.0003339346189297297,0.9351341837228343,0.004516251439704696,1.322726705027998e-06,0.00107795420472104,0.0006190170026568616,2.069092831743436e-05
P11970,6,168,M,test,6,2.8726040145641335e-07,3.575013583614569e-07,4.682344228258568e-05,0.00031501933235783596,3.1125627625676763e-06,9.531356086647879e-06,0.9996234031404337,2.0369813269400258e-07,1.034464488164348e-06,2.2724169589062634e-07
P12080,4,1396,M,test,4,0.0035972202894717442,0.003653868219735873,0.27697060408108015,0.007098254511648262,0.5255978277477548,0.05920124617993672,0.00021268062806905125,0.058740539513822576,0.06426234006147107,0.0006654187670097733
P12353,6,212,M,test,6,0.00014440479295172633,3.0506290147275555e-05,0.00013833131780489034,0.006485394265760052,5.78907649418076e-05,4.761964398564287e-05,0.9930714583181932,8.740199322557477e-06,4.6057606716759325e-06,1.104864622117191e-05
P12359,6,332,M,test,6,2.2660208524731553e-05,3.4017001909935795e-05,0.000369666999550491,0.006688269525098142,3.678114920590226e-05,0.00017342874145699456,0.9926272337738502,7.35669277399779e-06,2.2660208524731553e-05,1.7925699104870998e-05
P12843,2,304,S,test,2,0.027014698407517808,0.00970793380816649,0.5866955234744646,0.03502796031586989,0.15424905047721174,0.11329269266735523,2.350612828625563e-05,0.060938033722686635,0.011618874653793923,0.0014317263446474349
P12979,0,224,U,test,0,0.964931687354209,0.019184230980723978,0.0015685981435227493,0.0011210265347951125,0.009952648139514861,0.0015442793330245278,2.048919585568354e-06,0.0011840399340554547,0.00020256535842663693,0.000308875302142097
P13002,0,1333,U,test,0,0.854886625110591,0.13316564786485935,0.00020981458609421158,0.001216869267141783,0.006724476147841299,0.0011079719260933725,6.744477825232203e-06,0.0015026329211494053,0.0010327435272581207,0.00014647417114625798
P13010,0,732,U,test,0,0.8045957280254196,0.17952958177294137,0.000745250395567857,0.005549886396194254,0.0016794476359927681,0.0032626097868219198,0.0003011083826017498,0.001436507712831366,0.0015291545206092285,0.001370725371019917
P13432,2,146,S,test,2,0.0028297304662806104,0.003453541492834174,0.953838154598032,0.0035631686355240676,0.026225808596098105,0.005920748133379861,0.0002165072912814304,0.0005113218714291536,0.003269747546756733,0.00017127136838386933
P13528,0,467,U,test,0,0.8468931398174303,0.05596786418340226,0.002653685889393352,0.04123790228989767,0.02638576391195327,0.009936968890814047,0.003921893928385724,0.009190194396487895,0.0020992383561257207,0.0017133483361097242
P13635,2,1059,S,test,2,0.001675471988729777,0.007869305907757414,0.4718777171754093,0.008119104313821318,0.07321780070129438,0.33461138126938605,0.0012067970646968997,0.030313791273092347,0.06851360848788476,0.0025950218179277514
P13726-2,2,238,S,test,2,0.0029701683618891827,0.002924120277810516,0.4841373635926812,0.002106164976361864,0.4408120850886635,0.048690978444997375,0.0004082987165153847,0.014995637568019719,0.0027902154062591548,0.0001649675668020666
P14020,5,267,M,test,5,0.025477725881964442,0.07528648486912654,0.004787123271888887,0.3103822453812674,0.02820127256670315,0.4111896732248895,0.023017207042691633,0.08477096216171953,0.021792253367735638,0.015095052232013281
P14404,0,1042,U,test,0,0.9433783347638945,0.04112658898967983,0.0003368786013641171,0.0016452707695218407,0.009970819306934322,0.001582241309991703,7.061360396673124e-05,0.0013533627612740803,0.00043937255919791236,9.651733417486544e-05
P14448,2,741,S,test,2,0.0009908066453419866,0.0027571612468783187,0.9440122553768363,0.001054708181724313,0.014446492776739053,0.009870913200742376,0.00014498705166691886,0.011294975312838067,0.015318258232383336,0.00010944197484936468
P14724,0,124,U,test,8,0.2588913081838187,0.11852907855901194,0.0028536414522585844,0.010117036984025402,0.19239168907060844,0.02707459341435652,0.00019118203914318303,0.09864865011597329,0.2910793057221879,0.0002235144586160335
P14772,8,1559,M,test,5,0.007184585193814469,0.009592680088596239,0.003138712622961563,0.028976032941567524,0.18242019368867993,0.424139652449517,0.003238345985542432,0.12537544468130246,0.20670916286323113,0.009225189484787273
P15381,4,2171,M,test,4,0.04205811226832368,0.10845311294254183,0.0020098028826304017,0.020140328564616655,0.7498788531569202,0.022119822952260875,0.002834276414865204,0.020942627540073692,0.02626793725780371,0.005295126019963808
P15382,4,129,M,test,4,0.0028551301812059044,0.0028551301812059044,0.008624320676836739,0.003443944431699413,0.9040909228229824,0.045720874346394484,2.1084124032438225e-06,0.022989900321698477,0.009343344530860068,7.432409471339484e-05
P15383,4,130,M,test,4,0.0026698090411544986,0.002955209339697125,0.007732897206410183,0.0022836089106277515,0.9141041252484955,0.04111537164592381,2.5713983461501906e-06,0.019882093279844137,0.009192014658267921,6.229927123296394e-05
P15398,0,1689,U,test,0,0.4019998398488472,0.3776438931591064,0.003760592814093927,0.0957634771143678,0.006104044760690509,0.042040740721577916,0.0091632571837641,0.013755677475411652,0.04074728274511036,0.009021194177030147
P15424,3,664,S,test,3,0.3787501824687968,0.04264008707750755,0.002397380815023842,0.5258425574561324,0.0017267684781912284,0.012561377377722633,0.023744371241666014,0.005318821975063393,0.004621072294872237,0.002397380815023842
P15478,8,386,U,test,5,0.003191041798409692,0.03979673656856919,0.22901439941354132,0.012137319106858209,0.20528717585194148,0.3154806532541415,0.032992653944325094,0.01685099696457068,0.14331355862800224,0.0019354644696406135
P15693,4,540,M,test,2,0.000706667587772611,0.005558371413174199,0.5669692621417587,0.007538269096667604,0.18263555633691345,0.07041226906896587,0.00039025889956016354,0.01026342226271386,0.15500077240749308,0.0005251507849804523
P15705,1,589,S,test,1,0.3037379918444026,0.5330768046390549,0.0006644242610977519,0.1256315060873355,0.005519862716322326,0.015063269304786289,0.0014973031358033355,0.007143233527342278,0.002014841575515642,0.005650762908339385
P15891,1,592,S,test,1,0.16269423017848306,0.7178406158832121,0.011877966233668071,0.0072043502562339845,0.026249681129455856,0.023165261561188547,0.0372355240766909,0.00939624374101909,0.003594383915598617,0.0007417430244497454
P15919,0,1040,U,test,0,0.9002547112943284,0.0526061978111196,0.0010875503604376138,0.026607503566761184,0.005743048903290678,0.005698356127710102,0.002412835720955483,0.002777157022955729,0.0008738711326101673,0.001938768059831001
P16068,1,619,S,test,1,0.1454172497467422,0.4501090981934554,0.004624485236855145,0.051496879018092065,0.17557806252889346,0.08101596215461412,0.004482204301379,0.03364081113996888,0.04353444399392649,0.010100803686073209
P16104,0,143,U,test,0,0.7323795805206907,0.09060008393544305,0.011654285160481424,0.11452924661245982,0.00807268692952857,0.003499250925647284,0.02496295117483427,0.0012476965192402504,0.002442870871549086,0.010611347350125467
P16260,3,332,M,test,3,0.00041487943570723824,0.0009952440065257744,0.0002637134141490428,0.9048169765718771,0.013618697283496248,0.024492272875504897,0.005529384076448337,0.007889598533391268,0.00434006327383335,0.03763917052906675
P16410,4,223,M,test,4,0.00029597735449104947,0.00039210626312980384,0.038164378950668744,0.00042396800311554736,0.9391992519877994,0.010556548383307997,2.6419915068797366e-06,0.009763211456538681,0.0011797944853961723,2.21211240457086e-05
P16521,1,1044,S,test,0,0.4129252897147811,0.4065234828506967,0.004587185887379653,0.03722634419397556,0.04669229536234942,0.019013357669151538,0.038258294276975885,0.013377567323366112,0.011532183366026426,0.009863999355297557
P17341,6,97,M,test,2,0.0012318149995273941,0.022837652192189254,0.6899462465824466,0.0012127175329507923,0.013577188366700306,0.015242897792878254,0.24988198059225977,0.0005215833304890672,0.005309120388341827,0.00023879822221665477
P17427,4,938,M,test,0,0.4889860847762509,0.3990988325313223,0.001682799836764222,0.05410206139958444,0.0052650155730518036,0.02332125925659428,0.003399349403214713,0.009991242465057188,0.006552417561550048,0.007600937196610133
P17558,3,318,U,test,1,0.31650499616018607,0.4863977144317192,0.0018384110956881146,0.13091216206447753,0.007985692929857777,0.01976477982821053,0.0007312693782324811,0.02628656321126998,0.007739999804670236,0.0018384110956881146
P17568,3,137,M,test,3,0.008888692726999093,0.007783199776005695,0.00155370032858299,0.9557671688800112,0.0006277516461022123,0.01141888106427008,0.004125560229412388,0.005359768015724888,0.0006894503123947553,0.0037858270204967058
P17629,0,752,U,test,0,0.5126091413589777,0.34414947164591003,0.0017367466079505581,0.017678091701920702,0.005606286229324817,0.062490931196248614,0.0022300268074556882,0.039721653302887516,0.009611412087255857,0.004166239062068522
P17936,2,291,S,test,2,0.011727706729896935,0.0063762433055448075,0.7369935042618361,0.015781352566538707,0.1406576657524189,0.06414670606953625,5.63549120309963e-06,0.020663323234476675,0.002965228217175294,0.0006826343713732497
P18153,2,321,S,test,2,0.026597919202668734,0.07711409852811883,0.7607833817491545,0.06570203666563275,0.006791002649167112,0.05062207256586455,0.0003771823867786816,0.0048913755932445116,0.0054567237918224185,0.0016642068675478661
P18583,0,2426,U,test,0,0.811658262550475,0.1648983832956357,0.00028534804797024496,0.0022797811015124437,0.009339341200403304,0.0037882031854327555,0.0025234874792683243,0.004001140297422275,0.0007173649550532572,0.000508687886826729
P18911,0,458,U,test,0,0.8568525070725477,0.10641304850890493,0.0005627840904375179,0.007648547361818522,0.017405415110871177,0.00559579665885984,0.00016897842378383639,0.002858053379952159,0.0014597510187018873,0.0010351183741224357
P18965,2,260,S,test,2,8.864268908887389e-05,0.000264638170904256,0.9817711454405672,0.0002906482068752734,0.010992033787225493,0.0017022254766974779,6.691101093040222e-05,0.0003731996532137997,0.004372328671027777,7.822689346949065e-05
P19136,2,382,S,test,2,0.0002895219812408185,0.0016148240229986418,0.9331826466172235,0.0007748009931212468,0.005906780563418503,0.005202544663154806,0.01791209077398285,0.0006731587702473079,0.033464191392363646,0.0009794402222486865
P19236,1,280,S,test,2,6.869976244688362e-05,0.0006830860258114278,0.8895720671633376,0.001152925830880389,0.07772993670523778,0.014951371376147497,7.707899756428723e-06,0.0016386381673525172,0.014045512979765301,0.000150054089264188
P19269,2,512,S,test,2,0.00032767485674410087,0.0020709688017454004,0.6713337509412506,0.0002115627786948557,0.025626870663175833,0.05641324619722575,0.00835238888562041,0.03557938819669482,0.19844587759731375,0.0016382710815345193
P19427,2,201,S,test,2,0.00014199249610744678,0.00035696913375892966,0.9841408762778255,0.000523460681454786,0.0038079139905084747,0.005475933216372745,1.1655454766937554e-05,0.0013630675430792568,0.004133451278306321,4.4679927819608466e-05
P19492,4,888,M,test,4,0.0009180486184808521,0.0017151405444570482,0.050913088075393506,0.0014442931767990612,0.8216956271354038,0.05906021660614329,0.00018945003053255286,0.04043320493843172,0.02335528271309495,0.0002756481612632972
P20084,3,86,U,test,3,0.15515938158501616,0.1017560048874627,0.024110233034029073,0.6635324851188136,0.00015784018367880783,0.00885667638036936,0.04143559867889753,0.00019039160972648852,0.0006341009767251882,0.004167287545281082
P20385,0,510,U,test,0,0.9599331217479113,0.028761884862113358,0.0002711694574644721,0.0038735380645304844,0.006099884144180675,0.0004541233458442025,7.813623271540952e-06,0.0003764814598584018,0.0001222256345516339,9.975766027391696e-05
P20422,6,97,M,test,2,0.0013039126500161043,0.013233510291837976,0.5427340451923274,0.000687113636968833,0.009229461042067885,0.0162298777951534,0.4096771616663701,0.0003735772168850418,0.006368136713604857,0.00016320379476844079
P20482,0,1383,U,test,0,0.9239613208335502,0.05172068138140436,0.00036237350208414166,0.007207733418690719,0.006653056797697701,0.0027410955490050604,6.637102467459853e-06,0.004414613260502014,0.0018839255953345794,0.0010485625592637667
P20659,0,3726,U,test,0,0.5433513494632458,0.3852937798062014,0.0009402412640745175,0.002021836339501911,0.060252092473562106,0.0019292497211226306,0.0006987279594882082,0.001016643126003447,0.0033075036313528652,0.0011885762154470354
P21396,3,526,M,test,1,0.05181304017962991,0.3568549214922317,0.0528349617457788,0.1829770084709445,0.032678072943518634,0.10154412750976423,0.02159888897545635,0.04035203633332009,0.021430803888460734,0.13791613846089507
P21675,0,1872,U,test,0,0.5608056310082443,0.15331571138886246,0.0015507664404420217,0.00043063233382656206,0.2567555364404933,0.0059446959191702805,0.0004804050363723619,0.007226912462559735,0.013396578202105092,9.313076792376112e-05
P21745,2,268,S,test,2,0.012735595908850997,0.0662104560999985,0.4419849806810008,0.2498756494607651,0.020671913371414066,0.13934864084327317,0.012936152499723966,0.021833892881170998,0.02892520647180471,0.00547751178199773
P21750,2,142,S,test,2,0.0018184067767448076,0.0020766855649130295,0.9871634978117975,0.0008132418355977127,0.0007820870014492986,0.003484593309527069,6.005502375998515e-07,0.0001109235257267544,0.0035394677643950886,0.00021049585961112428
P21771,3,286,U,test,3,0.015171014385022212,0.009114139521831858,0.00040114757460458936,0.9608556426322968,0.00023216643115668082,0.003034393704995971,0.006878296234466547,0.0025156009413690806,0.0007732322393487651,0.0010243663349074634
P21926,4,228,M,test,4,1.1029955547611257e-05,1.876258733564959e-05,0.002555306404252341,7.347534470644937e-06,0.9313261627674723,0.009130401068880719,1.2114036796776338e-05,0.007569368540733661,0.04935847714896268,1.1029955547611257e-05
P22139,0,70,U,test,0,0.5843209379247394,0.10476297769435873,0.05466970384697979,0.07040325230081544,0.0023145155508874477,0.013423581482675863,0.1477394788797911,0.0020425528117871436,0.0164469155118112,0.003876083996153826
P22185,3,349,M,test,3,0.000378052008232031,0.0006899328587634604,0.00012862572769385816,0.9639375582328963,0.0005207886387390471,0.006369336038488264,0.0211304283402819,0.0012395849260808452,0.00036642057678667393,0.005239272652037622
P22509,0,327,U,test,0,0.41232801909990624,0.2560203050992731,0.05221724695705724,0.2122482735249115,0.004303029266905606,0.006984505151838033,0.0280592732315898,0.0030039982820943023,0.00570058743855209,0.019134761947872055
P22557,3,587,S,test,3,0.014146489592670224,0.03244494602865342,0.005143572631630603,0.8924743840997938,0.008546830089267132,0.015720026297078336,0.017400482569171562,0.0030237502221323893,0.002212222889605201,0.008887295579997258
P23248,1,255,S,test,0,0.40663580410775324,0.28610401166593424,0.00830861426176859,0.23904884366513107,0.007218649779050376,0.02056401883255892,0.017181881926676003,0.00657265513125808,0.0029165978738484384,0.005448922756021068
P23321,6,332,M,test,6,1.945717472569172e-05,2.2395071785111246e-05,0.00015074340524121765,0.0032214626916549395,2.383942757825225e-05,8.15983943449217e-05,0.9964615634889451,2.8920507960568707e-06,9.63199993566888e-06,6.416294992997249e-06
P23369,3,157,U,test,3,0.02393475842261457,0.011087302621441229,0.0002764830549392745,0.9486303759750573,6.670464365624319e-05,0.011756359201456823,0.0006230642021123075,0.0027383704514868544,0.00020227932881250552,0.0006843020984229172
P23385,4,1199,M,test,4,0.01505385294233945,0.016991748086204152,0.1069724593968061,0.0058951742968318685,0.7030190454072701,0.07266447925316165,0.0007854558894885286,0.03459348267595179,0.043263012063188576,0.0007612899887578214
P23432,2,351,S,test,2,0.0010591572657134758,0.01000982669084504,0.810862508679026,0.00037765414103611237,0.054324397501215,0.018974456175148934,0.003874236096782338,0.007467785085009881,0.09097624950328399,0.0020737288619392096
P23433,2,351,S,test,2,0.0011023195948639884,0.01013674144833483,0.8052611537565209,0.00035232248135285614,0.05168010041633853,0.019726012359079493,0.00435975809437128,0.007021515792850596,0.09845543880861163,0.0019046372476758916
P23501,5,404,M,test,5,0.0012437428680220218,0.002182836620972845,0.0005433510465095407,0.035644467538305205,0.06633301753287231,0.6966270729794992,0.007101547362592262,0.12392639236044743,0.059460531283359874,0.0069370404074192375
P23604,2,213,S,test,2,3.34041848793926e-05,0.00019678636592986902,0.9900950535524633,3.187450186546824e-05,0.0015298117692902542,0.00019678636592986902,2.295834193460038e-05,0.00023923139884508493,0.006882975478851068,0.0007711180400110672
P23605,2,214,S,test,2,3.539605316115493e-05,0.00024378527145370714,0.9855699129377697,3.123690884856979e-05,0.002590403860558964,0.00030339567270380757,2.2499101283106802e-05,0.00033321495958136123,0.010285344787771756,0.0005848104468678507
P23685,4,970,M,test,4,0.0001733300960654342,0.000268458894875176,0.0006541409224576774,0.0009517694527850448,0.5330912100436738,0.14347956191896877,0.019342143907361557,0.024933009532544015,0.2765640733490711,0.0005423018821974427
P23757,0,370,U,test,0,0.9122919156923935,0.07606475812117473,7.269083316331431e-05,0.005216869488399307,0.003127327353056065,0.0006086329226431472,9.534961454326163e-06,0.0005991969378496954,0.00039296293684986283,0.0016161107530159695
P25008,0,267,U,test,0,0.4370952143657061,0.291168225754325,0.0002696921993452345,0.12232893500754503,0.0021886307316116714,0.08708370861693604,0.00027825314965996314,0.0389462428609956,0.015552378015374702,0.005088719298500681
P25046,0,220,U,test,0,0.7329898425820877,0.22354926341771839,0.002296777147292229,0.009976745393958444,0.010455538365185379,0.00675060277730636,0.001035238576763944,0.004749642572717462,0.00629225420075823,0.0019040949662119013
P25107,4,585,M,test,4,0.0007019200991908872,0.0013850714881728542,0.0007242014087543232,0.0017924155502420133,0.9431159090964817,0.010174578549767936,6.631688017126136e-05,0.0335572086753205,0.00820750242214332,0.0002748758297552447
P25189,4,248,M,test,4,0.0005419061500086,0.0014730537127085085,0.03682170739204624,0.0034249523217181653,0.906156972214043,0.02693933843034569,2.8274713769629323e-05,0.02106249133458172,0.0032174450202609966,0.0003338587105174764
P25338,5,174,M,test,5,6.991088217611513e-05,8.700550356350335e-05,0.0012587146388559846,0.01878795485354455,0.002943797576975733,0.9486985291782344,0.0009208952046498204,0.009671210721887251,0.013853370397345903,0.003708611042766786
P25371,5,1049,M,test,4,0.0016807041167143798,0.004497797982475648,0.047792518490719665,0.002445410375044284,0.4243093859836544,0.12062064082942822,0.0027710128414924436,0.037843933700331074,0.35730435036268055,0.0007342453174593347
P25625,5,357,M,test,5,0.00046682975703517927,0.0005127121532360532,0.002523657606917438,0.005709409250178928,0.09619085533711064,0.5281917289498879,0.0011920914797734444,0.25342913558133345,0.11071499599093552,0.0010685838935915281
P25626,3,169,U,test,3,0.08143606681822746,0.011858683864984954,0.006403530403462599,0.8893076668105644,0.0001647531878666422,0.0041183116339383805,0.0044529567856407305,0.0006415091841761712,0.00045489816134229556,0.0011616231497963373
P25681,2,61,S,test,2,0.21467890808157977,0.046974840351416344,0.4800215543614994,0.18724627332890365,0.04499914386602825,0.0070644913368616636,0.00594889823635836,0.007520111558639498,0.004218400352392058,0.0013273785263210455
P25684,2,60,S,test,2,0.007775122288532662,0.004588647738905704,0.9491972909535233,0.010575568288153312,0.0213007386465408,0.001694676114586469,0.0009808032759233913,0.0018905480364903701,0.0019053757395946758,9.1228917749289e-05
P25846,3,959,U,test,3,0.16922503376089676,0.1441815445007019,0.0012920491581820948,0.6189994638963469,0.006769853175373726,0.02574954544135639,0.01304923459653518,0.006984751683199922,0.008557896714597635,0.005190627072809507
P25931,4,464,M,test,4,2.5529412449290462e-05,3.544407536424405e-05,0.0001237119918411056,7.863611366833334e-05,0.956543073898717,0.009525294613414113,3.2457003045862658e-06,0.0228499938831786,0.01079357239182069,2.1497919242076878e-05
P25961,4,591,M,test,4,0.0005013068701437969,0.0008798210060904551,0.0008729742132023514,0.001461956726425234,0.9648408797980813,0.009458967978889756,2.2025889180163808e-05,0.017810278571641764,0.004001269326116872,0.00015051962022831454
P25976,0,765,U,test,0,0.9452123922482536,0.04561148804157342,0.0002393471142704616,0.002235655831047996,0.0028931537142941,0.0014547691194858583,0.00012035129073649498,0.0014892678676350552,0.000660858618852076,8.271615385091199e-05
P25997,1,1050,S,test,0,0.5108531329302206,0.30984807664506864,0.002875983265940427,0.041122314221573184,0.03395868582449492,0.025433879295563556,0.03970171957657313,0.015792255033529743,0.008586100588247532,0.011827852618788277
P26016,7,1269,M,test,4,0.0950474388454334,0.08654167702599103,0.03389020714795461,0.06687422250875924,0.27182469398496784,0.1174825978537037,0.21211115014716142,0.0711872370558643,0.0425078468882192,0.0025329285419452762
P27091,2,455,S,test,2,0.0037121229204388415,0.0021316927711019303,0.7129536066295925,0.007044370549475025,0.11914650753613087,0.07114562187865583,0.000475644935229166,0.032099179001470045,0.051044492447372934,0.00024676133053279966
P27614,8,576,M,test,5,0.003168074106803284,0.03859504221517144,0.10740013168020796,0.02462851943274018,0.03904999328217252,0.6037281013614176,0.005473940970174028,0.026216921711361713,0.1439592357399215,0.00778003950002976
P27661,0,143,U,test,0,0.7099624828266606,0.09645903115563942,0.01373434452974961,0.12385583887059479,0.007644314913358814,0.0037255413467834728,0.027961738719423472,0.0012478999366980462,0.0024053903304506958,0.013003417370640999
P27684,6,142,U,test,6,1.3154364153806649e-05,1.2092916963796677e-06,4.672047109000011e-06,0.00044420441152974514,3.3389615847148773e-06,5.294122855128618e-06,0.9995243786461008,1.872987626351313e-06,1.1184119140779852e-06,7.567554300646731e-07
P27882,3,189,S,test,5,0.10340860749554785,0.10300546404880173,0.12932402783427258,0.26200817795432274,0.035737058346296736,0.2703252010827325,0.015250705403708601,0.03629983792547891,0.029859429697532688,0.014781490211305663
P27929,3,486,U,test,3,0.17771474551574587,0.17090662866202283,0.0020689782144594823,0.5918805444178727,0.0015136965852484885,0.03313175874591739,0.005624065494000127,0.00987054195477721,0.0021682704696593742,0.00512076994029651
P28037,1,902,S,test,1,0.018686730218781335,0.8425284292033727,0.0032855443296783693,0.09452905954698536,0.0009864992539543986,0.006234867277119406,0.006234867277119406,0.00029160862020977574,0.0012277181770503143,0.025994676095728964
P28241,3,369,S,test,3,0.004115702540784966,0.08012273822781057,0.007394578229530409,0.8348980457550238,0.002345056946692036,0.006838867368370186,0.0447695585812873,0.0011077263507988423,0.005122074337430675,0.013285651662271202
P28263,1,218,S,test,0,0.7616522929491074,0.06933887322248576,0.0036964214044523094,0.005052408683260182,0.01556251388665991,0.06526518631334935,0.0022072340423443374,0.014059560412707442,0.06215496378621542,0.0010105452994179315
P28272,1,314,S,test,1,0.030514509288626618,0.6784187733804158,0.013227061716527206,0.16367616190002446,0.004430510220268661,0.039720767291366754,0.012043375838757834,0.002905599616545429,0.010141539654227434,0.044921701093239765
P28288,9,659,M,test,5,0.02283862132128839,0.028201934565238757,0.004676339475320535,0.1687558665723506,0.09700302350554278,0.43431303964008633,0.005216832973249661,0.15977484771115216,0.045597789654606015,0.033621704581164785
P28290,1,1259,S,test,1,0.3365445366220728,0.5212504026633088,0.0009452843285388467,0.006359695424374871,0.10425663704403358,0.010567603421170265,0.0022324630182691462,0.012451679362476853,0.0038573502395942215,0.001534347876160581
P28715,0,1186,U,test,0,0.8547968254311356,0.09665774609156877,0.0002304120115852723,0.02616795710704421,0.006227585973882972,0.006475665144343838,0.00014418815106556748,0.007934150651024407,0.0005357239478656852,0.0008297454904837413
P29352,1,802,S,test,1,0.16847299300214602,0.6928669321526892,0.0027444700669746985,0.008998771337424008,0.10877434332703562,0.010276919389938735,0.0013168110948912654,0.003635832164851678,0.0020078972758551055,0.0009050301881936629
P29374,0,1257,U,test,0,0.9466448108071153,0.04532512323265228,9.098359554191019e-05,0.000863228363979153,0.004938514427775743,0.00041418148070176996,0.00035426821337718206,0.0011525610361691682,0.00010309792784469397,0.00011323091484281648
P29692-2,0,647,U,test,0,0.702957939637605,0.26681274610499206,0.0037468746915183095,0.00612947820431168,0.007809158076215784,0.0030581099479616842,0.0017424585814522814,0.002741271907437833,0.0019438529005436466,0.0030581099479616842
P29786,2,254,S,test,2,8.792719625649943e-05,0.0008277380246922511,0.973846622062913,0.0003166379684098069,0.007464511370238277,0.0037260023192596855,0.00020443684437447218,0.0004679606095680926,0.012847237245557383,0.0002109263587305721
P30082,4,485,M,test,4,0.0001046954661358249,0.00023965030184154888,0.00046556109249262876,0.0012265900404795044,0.9317369058603887,0.01816597804918435,9.148188118151991e-06,0.03447297287087628,0.013394751864328197,0.000183746266154852
P30181,0,916,U,test,0,0.9289503203920889,0.060321000164151005,0.00030679675170466425,0.003172017437411381,0.004455821639665106,0.0006597167305764316,0.0004326528046003333,0.0012229215493780685,0.0001950118916789413,0.0002837406387451321
P30288,2,48,S,test,2,0.0009096859022195905,9.140022042237158e-05,0.9966180237815662,0.0002563382571710375,0.0012992530328153667,0.00019198847693373004,0.000409627325113024,7.940987821890452e-05,0.00013508076480325424,9.192360736514781e-06
P30292,2,499,S,test,2,0.00015915071611806783,0.0022667483289410695,0.8863362616289541,0.00027072449865778045,0.017621640009302032,0.015161161219191227,0.0024509394858674084,0.017416339262196604,0.05622063543141435,0.0020963994193574447
P30307,0,473,U,test,0,0.7707547824149608,0.20106340181726487,0.00024289411672495596,0.00817021570842169,0.014116867024573942,0.0027797758653140487,0.00017223771178412009,0.0020337273170853206,0.0003821260317575534,0.0002839719921127893
P30409,4,228,M,test,4,1.064486454524776e-05,1.727832107877316e-05,0.002390218764604238,6.456436587426217e-06,0.9273418860110302,0.008811628883126216,1.366827578491782e-05,0.007420135245818974,0.05397776584099305,1.0317356431001546e-05
P30429,3,571,U,test,0,0.48617583037834033,0.31884190128386025,0.004076832865544832,0.02596846197483237,0.08038002173976021,0.026172136631973614,0.01914794351807478,0.016766499564006696,0.01689800231025645,0.005572369733350461
P30518,4,371,M,test,4,4.425628650847397e-05,0.0001428610314394837,0.0001165997785060692,0.0003024368298235949,0.9448178128693469,0.03839269035583849,2.9190183401946024e-06,0.007739248942916227,0.008174275319921856,0.000266899567358738
P30536,3,169,M,test,5,0.0006149955570187549,0.0011670565240961188,0.03454214033335796,0.2724921461622412,0.04396487490783507,0.5591175671717348,0.039796606528560825,0.008037935177182487,0.027371820628002537,0.012894857009970248
P30543,4,410,M,test,4,0.00011289106441327796,0.0006247557545317114,0.00016170897439920078,0.00038190555474240656,0.9438035919431201,0.018401241309301243,5.620515368583176e-06,0.016366402230630763,0.01974164907941283,0.00040023357407981006
P30627,1,159,S,test,1,0.09723853220266862,0.5246408527986618,0.06049481344833695,0.18344825318275879,0.011146788371154412,0.06592351875718803,0.010309093526191982,0.007904256613043302,0.023051110791450162,0.015842780308545953
P30936,4,428,M,test,4,6.656829466888442e-05,0.00013342519746472372,9.09880812349555e-05,5.7835541418295773e-05,0.9921241135546592,0.003361368694193041,8.249797138719989e-07,0.0018635894601538576,0.002230424606734305,7.086158975887983e-05
P30974,4,504,M,test,4,0.00014806552086641154,0.00023293977113514778,5.619933354682799e-05,8.436519516438487e-05,0.9640562644792051,0.004941713587191505,2.1330861517277474e-05,0.01909209809720983,0.011311695109274964,5.532804488850407e-05
P30975,4,519,M,test,4,7.261679171865751e-05,0.00010565679836026664,4.837320670494068e-05,9.471014211301251e-05,0.9701403837753866,0.007884831987137452,1.3432754522286543e-05,0.013204607925105001,0.008393359251367348,4.202736758448081e-05
P30989,4,418,M,test,4,3.788543604327457e-05,0.00010792557090012776,0.0002146356202788326,0.0005972760472160495,0.9164995274738188,0.05011455889502345,8.193300631520535e-06,0.02056697455260659,0.011718707567910455,0.00013431553557087238
P31272,0,232,U,test,0,0.9738260321955837,0.015988307653002194,0.0019245075146961106,0.0012819983665903712,0.004933636705188254,0.00096017254259915,1.527913141355837e-05,0.0007595589822488932,7.520651830652561e-05,0.0002353003903711658
P31361,0,497,U,test,0,0.9359808832225167,0.0327870131005167,0.00010193653210728249,0.0036215697033269347,0.02361560085875078,0.0008805972987697433,6.723442477292693e-06,0.0020000207687308905,0.00036139638239885287,0.0006442586904047862
P31374,1,1356,S,test,1,0.2085287258000443,0.6081304506631542,0.0008861574397307491,0.006547867739259514,0.0865888142346856,0.04286457567520307,0.0012112337776353959,0.013540726989419815,0.02957566620096291,0.002125781479904479
P31424,4,1203,M,test,4,0.008528128513170634,0.022402898125574056,0.08956212064570075,0.002386749791145053,0.8235979318580399,0.02053798608321892,0.00018694466229983567,0.01643839898600673,0.015685627690963353,0.0006732136438807638
P31431-2,2,153,S,test,2,0.03146415971760987,0.007159071560884124,0.501889649705042,0.0039536152322661305,0.11111523291849322,0.1694304955412408,0.012963404973295145,0.07230406307138083,0.08928360109918577,0.0004367061806020951
P32259,0,974,U,test,0,0.4376089454716954,0.3381579955306105,0.0012100972732487527,0.10074330535279433,0.021958147146648954,0.03720644641829138,0.0015782643525310927,0.03441033281232783,0.02178726621099107,0.005339199430860742
P32288,1,370,S,test,1,0.16084275945000734,0.5747095276869612,0.01708566376742569,0.12974662921698188,0.006587110845714397,0.011292933349676305,0.035748954429536677,0.004457061590681038,0.008070696047582619,0.051458663615432915
P32307,4,370,M,test,4,6.870945531366033e-05,0.00013879688963424822,0.00010979739026401389,0.00035167207618491816,0.9470779526654236,0.03449731185687797,5.6400147134834785e-06,0.009284826565006407,0.008066796383268873,0.0003984967033127962
P32316,1,526,S,test,1,0.049388685183761806,0.6361188881973078,0.04122551540093383,0.18803638472186426,0.010043724439433386,0.012305828020376981,0.01905963932763237,0.00202462701262011,0.010859856457035726,0.030936851239033693
P32334,4,1306,M,test,4,0.0014364077492415397,0.005442163270825731,0.05183589668591324,0.0003106449633368377,0.8045397744837954,0.051432503638582705,0.0005121669222324944,0.04068646079980026,0.04365020108556371,0.00015378040070806743
P32335,3,436,M,test,3,0.23368974498666548,0.12218752037442926,0.0076900852770616064,0.5307583657729001,0.0049650920060074705,0.06268213469664764,0.007811186558573311,0.013924945381698276,0.0034124546750643483,0.012878470270952512
P32340,3,513,M,test,3,0.0034202888994005302,0.013740532068208484,0.0010678662195152924,0.9120205023511767,0.0017064454692731483,0.045406825734752174,0.010680256386566311,0.0014825854415945116,0.0013927600779739208,0.009081937351538946
P32354,0,571,U,test,0,0.8675666815804643,0.10361607062857336,0.00018790708479791423,0.018146992491852438,0.0013457377773563963,0.002962415463837257,0.0005522896767638741,0.0046970864867877625,0.00022665921502831762,0.000698159594538281
P32378,3,372,M,test,3,0.0001867896954225494,0.00010642957108213764,8.033724873300696e-05,0.9620853452325272,0.000280404568060008,0.019657877202650734,0.009655625083385664,0.001374818766341417,0.000338232473765144,0.006234140158032128
P32389,0,672,U,test,0,0.8528875032420747,0.07871353747277532,0.0008278921521507953,0.001986010075491753,0.01599162503957089,0.01608560106783473,0.0002773091326412373,0.01891648805675465,0.013571916003423418,0.0007421177572824303
P32418,4,973,M,test,4,0.00016439110936744759,0.0002429543095542411,0.0005919951371736756,0.0008749120182472915,0.5552914746412423,0.13397030551075512,0.02006908695223148,0.025971328875941217,0.2623011175482084,0.0005224338972788778
P32447,0,279,U,test,0,0.7926022250071824,0.15245721925871425,0.0015300822833259826,0.0003257732830705228,0.009299949554742054,0.013373701562676504,0.009861148694370107,0.0022969254759267438,0.017821395409239053,0.00043157947075239694
P32478,2,413,S,test,2,0.0007840723483067881,0.0025211492314343043,0.981967820837201,0.0005102056074602895,0.01040913302560316,0.0010550847020099144,0.0014821071421040428,0.00010204754179675861,0.0009384118749071221,0.00022996768917660042
P32480,0,875,U,test,0,0.45482801914511695,0.40770521332818677,0.0018157197437930414,0.03576431385954047,0.033076583992585944,0.01805381271698941,0.0025605750001906707,0.02246833382847835,0.01777391303334709,0.005953515351771333
P32497,1,812,S,test,0,0.7323450114697089,0.17946886145204954,0.00066781220656778,0.024961772514380205,0.00643580342840212,0.030524125184643126,0.002294756508962798,0.009737059686980415,0.009661285410759462,0.0039035121375456806
P32527,1,433,S,test,6,0.2079444224277072,0.258790998988156,0.0025173539696980982,0.18066523922902586,0.009065340249864677,0.05673791826141134,0.260820715951494,0.011281997867836157,0.00477709852798188,0.0073989145268248254
P32569,0,687,U,test,0,0.8109808008028123,0.11683286783939562,0.0003034979178131077,0.02109066034796187,0.0017194327750064008,0.03116997532976459,0.000775009106465631,0.007295858616504123,0.007126850111073514,0.002705047153202845
P32621,7,518,M,test,5,0.0021653610454893343,0.006515276064657138,0.1788682764455769,0.009405899665890685,0.0711488788652618,0.3937483972782718,0.008108392248329066,0.15062218701092367,0.17747631429377334,0.001941017081826229
P32634,1,1753,S,test,1,0.24046456659846577,0.6435165364070086,0.0008020757180505707,0.044178437158719865,0.03241646269069688,0.015372384241144042,0.0013858625809403087,0.011603685021609687,0.007975088381367984,0.0022849012019963044
P32793,1,468,S,test,1,0.19478695312276803,0.3255702591564908,0.05746656347960118,0.13276831954086185,0.12130082534217267,0.03378285132850913,0.017941935188419394,0.015108624642066188,0.049153756899614896,0.0521199112994959
P32837,8,571,M,test,4,0.00016244618917842134,0.001092907518534685,0.003446223716388408,0.0006227198821247636,0.641520745388488,0.0725411556884853,0.019372249227069916,0.012422453743509306,0.2360023136072222,0.012816785038998971
P32860,3,256,S,test,3,0.025429436329528807,0.06100577044608615,0.0012860730692389167,0.8554207508799618,0.0016257486642940707,0.030052946501230974,0.016907635048129276,0.001600543814551851,0.005993382369772779,0.0006777128772053704
P32902,3,394,U,test,3,0.012051253052985588,0.008528943460038884,0.00019158324637354429,0.9564151489089442,0.00039929374065206437,0.010315535936508342,0.004001340963224283,0.0013828265246638857,0.0021085586175694083,0.004605515549039845
P32905,1,252,S,test,1,0.18900275866814537,0.46053395575294565,0.015393556331668532,0.20119238481127596,0.0078010751136093,0.028535146839958968,0.0349619968834735,0.00282536201455625,0.0349619968834735,0.024791766700893003
P32907,4,282,M,test,4,0.007584083454530331,0.023914602347168492,0.0044237564017556505,0.007408397841322341,0.48790184258031966,0.1660002537863205,0.0027683161708185458,0.026783083187312012,0.24725660962893442,0.025959054601518095
P32916,5,621,M,test,3,0.20014216349577246,0.2800492185884836,0.0025993928687063407,0.30044896669908294,0.014052185356421956,0.0856398667517567,0.0031354663029022722,0.05292891407839189,0.052210193862275295,0.008793631996206596
P33203,0,583,U,test,0,0.5869491120981065,0.35600263005693905,0.0013247028738344394,0.011806946289394996,0.008438044257374811,0.00641932573567431,0.0004873309243402631,0.018941292605941896,0.0074465493933831015,0.0021840657650106575
P33313,1,385,S,test,0,0.6275313107758365,0.33589331214558155,0.0002312036378939943,0.01595733588406676,0.003093470394786026,0.0042282726789710425,0.0020931466582606887,0.007656412190393849,0.0011559454007945094,0.002159590233415144
P33417,0,597,U,test,0,0.9217857065314039,0.05622928545808428,0.0003788699617468005,0.00727552497456338,0.0031230584215934964,0.003856462186297605,1.276322638703642e-05,0.005655127908121265,0.0011489090482951889,0.0005342922835070381
P33442,1,255,S,test,0,0.39878250263797865,0.29175548366588466,0.0065472239327881345,0.25546966775778157,0.005688326630105659,0.014870117646960104,0.0158291581987126,0.004570699546520596,0.0021930454659303115,0.004293774517337739
P33891,5,701,M,test,1,0.26649644700558245,0.42920014987531385,0.0012055349928444148,0.024595127234986917,0.008174224690936515,0.06562742535477331,0.0004298467305055922,0.15789392154741144,0.038392453428160736,0.007984869139484754
P33893,3,541,U,test,3,0.07453751276806966,0.19561456880201325,0.0011362222283974339,0.6669457893866282,0.0014819129730443011,0.03195464860450142,0.0011012642219990424,0.00493552377055651,0.014281411104934864,0.008011146139855338
P34216,1,1381,S,test,1,0.18505721311244777,0.6769111941636874,0.0050092690161225115,0.0189047852225076,0.022537854198492715,0.019657865715898545,0.002809945339614861,0.04711073768634547,0.018611694274796944,0.0033894412700862047
P34250,4,1132,M,test,1,0.23416778504535898,0.5487266196793416,0.002541108761828988,0.011211896343605912,0.183800399768825,0.007410611510414258,0.0004774601269029963,0.007645849157857851,0.0035835371909129824,0.0004347324149514816
P34343,0,1129,U,test,0,0.6028755471428016,0.23794113747754905,0.0021074123789014405,0.03735477579070925,0.022305558111926145,0.025275506767731694,0.015450607474828388,0.03536679319523154,0.010536399025646664,0.010786262634674257
P34611,1,851,S,test,0,0.7361089358901077,0.21421990868718344,0.0006608377773759434,0.0022009258326692854,0.03202806200646354,0.0053628904630139435,0.00020154413784477255,0.004144120702793099,0.003462542719890322,0.001610231782657876
P34982,4,312,M,test,4,3.937263643313423e-06,1.331959159974205e-05,0.0006171878870211569,2.9550804746545945e-05,0.9925036837087952,0.004250793847099397,4.702390779924627e-07,0.00022179110665394026,0.0023475110535923173,1.1754497770483018e-05
P35035,2,274,S,test,2,0.00018099749067303417,0.0007158589934988447,0.9618445937305771,0.0010174408312471654,0.012107836825345136,0.007138713068362845,0.0011802518347150085,0.0009632935671442259,0.014547899882506293,0.0003031137759303796
P35036,2,277,S,test,2,0.000122620215352735,0.0007995842059124978,0.8768505491832586,0.0008920006259582032,0.030004173646466157,0.024680761726711433,0.00041481881813941246,0.0015173442727119822,0.06451911507025446,0.0001990322352345326
P35037,2,275,S,test,2,0.00018966402503280716,0.0010578610227886555,0.9177031692322354,0.0008908082558975139,0.02035405820096204,0.01261346088665754,0.001256241091104753,0.0018135956807423278,0.04359746241314746,0.0005236791914315347
P35038,2,275,S,test,2,0.00021144853888193242,0.0013680876892939178,0.9462211749741719,0.0010654676702643042,0.015841492554535735,0.011410199850596204,0.0001986375266436945,0.0010009143223593368,0.022427521247443807,0.0002550556258091752
P35039,2,274,S,test,2,0.00017713125896775866,0.000935380671143285,0.9711790427799677,0.0010935708800945305,0.012712341250876112,0.006183411678729962,6.026587501765188e-05,0.001043492499335777,0.006429731141591765,0.00018563196427541506
P35040,2,273,S,test,2,0.00012554313412816315,0.0014034824306671625,0.955652239505323,0.0004965327383756954,0.01723201656310825,0.006935220263479191,5.23341628337429e-05,0.0008646604321779921,0.017097917296238187,0.00014005347366867759
P35041,2,267,S,test,2,0.00015229410542082068,0.0007917543177312546,0.9461804552373181,0.00040756019448865755,0.018592266696343923,0.006760028056986447,0.00024336531311156036,0.0010489040360322705,0.02561193261659829,0.00021143942596868126
P35064,0,138,U,test,0,0.8279738644047283,0.05656485408354283,0.0039559929741144195,0.07976923347774972,0.005846578781647469,0.003178729759342145,0.016525740238700213,0.0010815082635289137,0.0015015254425053426,0.0036019725741406206
P35476,6,99,M,test,2,0.0025846182720771363,0.019771585154070362,0.48490494276569673,0.0010442802403795557,0.031672131130981385,0.0236519387815077,0.4147611838233151,0.001111630461881397,0.020107470364419625,0.00039021900567100763
P35477,6,99,M,test,2,0.002339974694814063,0.015975215793041748,0.4673203894197303,0.000975446560969506,0.02322111460771591,0.01923218892748365,0.4529424664731505,0.0008474826545649787,0.016803306913099527,0.00034241395542982447
P35523,4,988,M,test,4,0.01820596546607987,0.04658145220140309,0.0013767396266516707,0.02722383928316901,0.7955972187107669,0.07172525882226424,3.9670122774292026e-05,0.026854171265545557,0.009783092238758194,0.002612592262587117
P35525,4,907,M,test,4,0.015015517244836945,0.0418660313474613,0.0012766511918333838,0.025592191221364934,0.8230281493853108,0.05449705563124911,0.00018975725237286269,0.023120617743021536,0.012303274197525707,0.003110754785023456
P35590,4,1138,M,test,4,0.01059916150781134,0.021663280223483503,0.037284862283728744,0.013088217016942063,0.8289417631952439,0.053199879873113136,0.0003570604897997364,0.018457345681153755,0.014151738038016014,0.0022566916907077374
P35723,5,206,M,test,7,0.023708792803550018,0.006282204868146184,0.0029907778875975398,0.10920093392885004,0.0990409569769328,0.3403275070418008,0.0017309292744594562,0.35113067027576583,0.058794544139552034,0.006792682803345263
P35731,3,278,U,test,3,0.1009234603654753,0.21178536906989234,0.005868715971392191,0.424488888057549,0.028886831341793283,0.04170301046179899,0.01711488272288969,0.01850559873790596,0.006861224078039215,0.14386201919326402
P35997,1,82,S,test,0,0.809635457701494,0.14515964217442365,0.011639407723001469,0.01979929906767521,0.0020384897048640743,0.005852661972749959,0.0038987133133717394,0.0003487444436924583,0.0011797871804553382,0.00044779671827205667
P36008,1,412,S,test,1,0.11959662009969772,0.5339051956798603,0.017569349669633673,0.18236307375219013,0.005528440570262247,0.053906420853305125,0.03360226299608445,0.004305553987958608,0.0025709638704787038,0.04665211852052904
P36029,7,618,M,test,4,0.000670936620952136,0.0038309274504753515,0.002435085698095537,0.001795519628640545,0.46768472058023025,0.24263164583378796,0.003380781555862415,0.023375785580953965,0.25033362350607435,0.0038609735449274592
P36041,1,632,S,test,0,0.8559496320657373,0.10465288806930398,0.0006572680368388008,0.008424278267897907,0.010161619535989198,0.007821678108965195,0.00011601469193623515,0.010987330122724953,0.0008179832869929525,0.0004113078136135031
P36046,3,403,M,test,3,0.0694613688248996,0.06190100756103636,0.015051443303247551,0.5560448233793067,0.03568587865830655,0.15440805434323818,0.05222778082482404,0.04618096032318602,0.007627700077735622,0.0014109827042193255
P36062,8,692,M,test,4,0.001141992021849391,0.005845000496213509,0.0005832724732391082,0.0018392108897406566,0.7715482127107073,0.052504513820886785,0.00013014567527116892,0.01825170548897188,0.14725255635328838,0.000903390069831807
P36080,0,434,U,test,0,0.9667065419245897,0.01798467464744904,6.189257487188531e-05,0.007309167403631309,0.0005603296845780153,0.0017807239774905777,0.0004944891970633886,0.004737623344554782,0.00022288373282037063,0.0001416735129509263
P36091,4,449,M,test,2,0.000713303616665986,0.0024130751136388945,0.5546858087083139,0.00026240972817698617,0.09714594390580002,0.09638993344186969,0.0033241514951461433,0.05535208432985407,0.18579648192484408,0.003916807735690249
P36103,1,277,S,test,0,0.8711181765209507,0.10567862424358761,0.00043868555139285907,0.002645612711560808,0.0071355554979656765,0.002159286114445389,0.0005903159136393644,0.009002587024377319,0.0009732664700962453,0.00025788995198405276
P36156,1,370,S,test,1,0.04182968914899461,0.37282397284067126,0.0025120681835170094,0.27490317040630924,0.0038907673501703847,0.2542438434861254,0.009858104120313958,0.009705268502225457,0.01423183415637264,0.016001281805300065
P36517,3,319,U,test,3,0.12954467349407991,0.06047966195211136,0.0006588731857395388,0.7339205884888429,0.002228939431723278,0.028290935846937298,0.012726842776024597,0.01699256509292973,0.011057272735580444,0.0040996469960308925
P36533,3,70,U,test,3,0.05991694597325587,0.05968335537452813,0.039525411321359546,0.7649682624431257,0.0011322528388504221,0.008564681594013942,0.06015145299338077,0.0015719774831404717,0.0006552977021861705,0.0038303622761589654
P36534,3,297,U,test,3,0.2904706247229506,0.19349516581298604,0.010580391433394946,0.44638865385858195,0.002493506718426939,0.01856916737048284,0.02876048669811397,0.004175837542503259,0.0025726591241325364,0.002493506718426939
P36589,1,240,S,test,0,0.5056392966611299,0.3115153499870935,0.0011959592386247774,0.03427503508570283,0.009480728430493312,0.025872155103462587,0.00013629598349152832,0.06230698676749914,0.045064689850796036,0.0045135028917063814
P36618,1,299,S,test,1,0.19940454398984075,0.3858666849822419,0.002811215464008306,0.1321850511119155,0.04886618418613354,0.05101166818357105,0.004090294531382507,0.04262184540623767,0.11422918244907662,0.01891332969559217
P36626,0,561,U,test,0,0.8834884142011653,0.07541005801063581,0.00025749708794053087,0.01103493083849364,0.003582517149635623,0.011340829345843604,0.0007931468939167796,0.007408502059455833,0.004896720256671322,0.0017873841562415355
P37173,4,567,M,test,4,0.011624649960608982,0.018576139738416486,0.004243190010064269,0.008638706195100921,0.8607596559449882,0.03184691151149337,0.0030562551209654724,0.048371414861942436,0.011993655763218638,0.0008894208932013128
P37254,1,787,S,test,3,0.06608882371007327,0.32466586562527605,0.0029900692540994157,0.3510475065513943,0.018032425535913436,0.12395342855465345,0.03214627419023885,0.017072757252889145,0.04242086297926065,0.021581986346201402
P38064,3,232,U,test,3,0.008730743468067721,0.00363241385034505,0.0012676478926474744,0.9704773856998035,0.00011428191426575739,0.0006946137017747055,0.01439456333064314,0.0001715574693445177,0.0001179096123058288,0.0003988830608023514
P38070,1,525,S,test,1,0.394644925289058,0.48352906567741427,0.0006619015130719167,0.010035325249969392,0.061714426191449824,0.014831249760383265,0.0003655367282138823,0.01566492311959512,0.016545455040383676,0.002007191430460666
P38126,0,564,U,test,0,0.45781935841170646,0.34558017984950073,0.00031759993482271875,0.037580101532608774,0.010354406814950007,0.0518699868548616,0.005542314907507594,0.029612409907781904,0.051365906664124696,0.009957735122135502
P38166,7,215,M,test,5,0.0013846772146412058,0.001166015117604017,0.0055627472269626265,0.1326835532132453,0.032136688050531576,0.6633760726147355,0.0027537594318463874,0.08303125694660816,0.06517197577894382,0.012733254404881328
P38172,3,270,U,test,3,0.006986198206230006,0.0188334719762729,0.0009417930525786325,0.911444152441534,0.001190538084970459,0.021922013389495218,0.024913777346056976,0.0022948221929995115,0.001504981116498596,0.009968252193363749
P38175,3,177,U,test,3,0.013059940724288958,0.0008749614628089211,0.0003193754494592211,0.9822659686160071,2.6215934731323738e-05,0.0007483942139146735,0.0020663826954306114,0.0004297666455106807,9.150260100220232e-05,0.00011749165684626171
P38204,0,145,U,test,1,0.2547009490032318,0.5065333053768933,0.010762066169414006,0.16001158341721172,0.00536939434693645,0.014146469924594026,0.02107110352822091,0.00512351169244947,0.01590530327324063,0.006376313267807621
P38211,5,433,M,test,5,0.00043331825005231205,0.0006304744039148095,0.0004007539165986616,0.015215445005211917,0.01778865569973728,0.691399083598442,0.000692440706875664,0.2389411580402079,0.030856340505730995,0.0036423298732283596
P38212,5,213,M,test,4,0.022580657718842413,0.028937565886222556,0.012276890994569094,0.008437777149026823,0.6650792526576865,0.06767723878539249,0.00043005430399837923,0.15552108378593726,0.03792643641874918,0.0011330422995752694
P38228,3,572,M,test,3,0.014847233907043131,0.0315546170207662,0.000765650010072958,0.936683000115462,0.0006863242604510066,0.006336022640697682,0.0020650560057937986,0.0015710119640150932,0.0018950019750109662,0.0035960821006871687
P38247,8,162,M,test,0,0.33809689199000087,0.1578450524853376,0.0020904827713690184,0.1747185167290046,0.017367186287619896,0.19875690641794327,0.008664810229840843,0.03959889769878433,0.058295221018881856,0.0045660343712177675
P38257,0,691,U,test,0,0.9120445874454571,0.07313092341667798,0.00016896542038704904,0.0025818376587861003,0.0018451560767130395,0.0019488731580092557,0.0005369709935252959,0.005979548766622537,0.001154669139196321,0.000608467924625286
P38287,8,376,M,test,7,0.0011922044926944118,0.0022980344077966662,0.01327603353249015,0.01595152109113471,0.05949904917073541,0.3745795048612241,0.0007697451219233725,0.4962372294071713,0.035389992000797364,0.0008066859140325195
P38291,0,140,U,test,0,0.800130157852605,0.09334822337313492,0.0004425394741981769,0.09408036215260074,0.0005422106674829347,0.005605996789511584,0.00041572736569158065,0.0018058374479956582,0.0006747921241946808,0.002954152752584783
P38292,9,413,M,test,5,0.07524689379802099,0.02344738534714827,0.0029347844318355376,0.06824597055489115,0.024097370281154436,0.6437168796819157,0.008969424403128097,0.09794894726744252,0.046630696037650785,0.008761648196812568
P38310,8,465,M,test,4,0.0006328560694102052,0.0018028391863321197,0.0006133851403052114,0.0014946062085724177,0.41441287457944487,0.2019687086988724,0.0007753915033506865,0.03706971348702212,0.3382339330324433,0.0029956920942466325
P38313,0,324,U,test,1,0.3083513654550081,0.33602228514763977,0.003425474253555679,0.0049067656150421956,0.06747173468555727,0.020820278521967703,0.00016021156508087855,0.11255336470473641,0.14565487099368474,0.0006336490577272274
P38319,0,544,U,test,0,0.8100146667852517,0.14075942820675338,0.001492089252349822,0.010357151929700065,0.015731201313107367,0.008519561351827526,0.0008909671977745203,0.006845660017959531,0.002421899991079985,0.002967373954196077
P38324,0,304,U,test,0,0.893678602071219,0.075686223509781,0.00030931230746652436,0.013609606719584923,0.0006970461081537599,0.005974698788468678,0.0005514087948864099,0.006536340315480786,0.0017523737555946548,0.0012043876293642696
P38325,3,134,M,test,5,0.009473394487840936,0.01728864179481534,0.011162386140682715,0.25805550501242136,0.031428213782080654,0.5906949567803792,0.011789829327475482,0.021684813981966505,0.03972898375571073,0.008693274936627061
P38345,3,138,S,test,3,0.0007481266252426369,0.0016404542383037517,0.0009911066581789396,0.9742733064587028,0.000522276525575903,0.0023406810206137003,0.017844439323039946,0.0009094906082835098,0.00023175878868491516,0.0004983597533738798
P38347,1,419,S,test,0,0.7035676518582545,0.1849760933205131,0.0011986118515871253,0.027927213519267434,0.004594748555405503,0.025131768607496,0.014832030635799558,0.01667609876641043,0.006379176648629466,0.014716606236636814
P38574,5,287,M,test,4,0.002953622610560316,0.0032439198041379247,0.16380185755398038,0.004037123951113371,0.4967229475234165,0.06439678125808161,0.005782912730819958,0.10170688092962954,0.15630080700964155,0.0010531466286188285
P38633,0,127,U,test,0,0.3026017228903137,0.14238166716259748,0.0079390406091015,0.2450543626068341,0.010517521692791347,0.21457674959484743,0.010354462012200399,0.01591250103769125,0.03817210694103991,0.012489865452582894
P38702,3,357,M,test,3,0.0007697249211327628,0.0021927421005070425,0.00014921795192093335,0.7806702529163712,0.01773456224419213,0.07093155090508908,0.008243059398326136,0.04706638856650084,0.021152422819323103,0.051090078176636855
P38711,1,82,S,test,0,0.7806667159077252,0.16621353101460404,0.012667689549531885,0.024465346921753114,0.0023341512596168185,0.006807063712855841,0.004715114979628666,0.0003993262092920827,0.0012493811403745756,0.0004816793046178369
P38732,1,585,S,test,0,0.3374411055720982,0.31208201225579674,0.006327014675880304,0.1532895366054645,0.004085027945250294,0.1077473873541145,0.004348489314134115,0.032256989619699646,0.029028146512820267,0.01339429014474139
P38742,8,1146,M,test,0,0.5204046972521186,0.31074783253014576,0.0005548024791307319,0.029359227090802735,0.045896284351666886,0.03897069400486292,0.000358207384666509,0.021229419889392153,0.02790554989627238,0.004573285120941315
P38745,7,532,M,test,8,0.0015828555812242109,0.0013538882642542105,0.005997015074989258,0.0007023879266499334,0.1745752043555909,0.3063890172593224,0.00028825942404489666,0.1092463661817586,0.3996066118736034,0.0002583940585622128
P38805,0,295,U,test,0,0.7786366232911046,0.17647327232061197,0.0012268125836654641,0.030368437559233352,0.0007798095937891898,0.007004879315547264,0.0006168801249867101,0.0020226719501933573,0.0019001245694450107,0.0009704886914231325
P38806,0,282,U,test,0,0.9643417431712498,0.02490816813803534,0.00028548829798108596,0.001818493330741944,0.0019057644191072,0.002176451557824137,0.0005950086746113513,0.002928735689995485,0.0006848507951562247,0.00035529592529746733
P38813,5,335,M,test,7,0.016356967125851666,0.014211179459438618,0.13274155343129473,0.03409084622729777,0.03104007007798067,0.30863335231019656,0.002179355092598046,0.3134936043737847,0.1463586664443515,0.000894405457205703
P38843,5,316,M,test,8,0.00017966226152159095,0.0003629277226564231,0.0043869575930376185,0.000570965446704733,0.151063228731634,0.1822170258280819,0.0011993274869207184,0.09753373695097355,0.5612679538524226,0.0012182141260468986
P38848,9,579,M,test,5,0.10638839849858771,0.07247977533362887,0.001729713773580161,0.0956457556615071,0.06352741774895362,0.43668231849799155,0.018742026384375055,0.1538898619821989,0.03936810358540138,0.011546628533775688
P38854,1,504,S,test,0,0.33293441367907867,0.3103289962517471,0.0019952273796243107,0.038994253420012684,0.1512422743815211,0.025275120438189566,0.001084786291025884,0.12636764869676986,0.009444622530769367,0.0023326569312615017
P38857,3,129,M,test,3,0.0003802168685649648,0.0007801543182161271,0.006184517466044892,0.8422790847637578,0.004524689677382306,0.09159360915050684,0.03671916982462289,0.002310985256099057,0.004779024561756355,0.010448548113048748
P38877,0,133,U,test,3,0.19406268469566323,0.22688226698073738,0.06609100500667302,0.36255682587208166,0.00819987388021045,0.08065086178782052,0.03632114263983019,0.013103360552024216,0.008072746492819695,0.004059232092139671
P38878,5,278,M,test,5,0.03391913679354345,0.0693262141291425,0.0014027471114970256,0.10591652188843076,0.018405530505319026,0.48404720172028476,0.001162918162027919,0.24916615951661053,0.030464360330847998,0.006189209842296033
P38880,3,579,M,test,3,0.003049903964583138,0.0036788864399944,0.004873732862190657,0.5721980079670642,0.016812815405636457,0.1962074605807004,0.08948011486707011,0.07896591450419277,0.021588080923104845,0.01314508248546305
P39001,0,836,U,test,0,0.7719860270305685,0.11564543837320602,0.0008102530962329179,0.0037174164165068658,0.09438704968341521,0.00647349711581207,0.0001062820819083178,0.004278719803000873,0.0017976250967929501,0.0007976913025562582
P39543,5,234,M,test,5,0.005744118885654885,0.007974919176820975,0.16397911814163524,0.17051129567145626,0.02514701227643658,0.5090526498842401,0.011971772085007727,0.06112510153756323,0.039950040465548016,0.004543971875636905
P39551,4,298,M,test,5,0.07676586247798615,0.06338529073301413,0.002793125946122131,0.20844212955968666,0.03363081326007407,0.46973158312476915,0.011047028560921044,0.09779031242304817,0.032596102738978575,0.003817751175399946
P39723,1,622,S,test,1,0.21942966234466435,0.29297705227098336,0.001501788553574061,0.018583641521083445,0.02560004668310084,0.11033616486395932,0.0003738246872266925,0.2372600483370895,0.09200943611463537,0.0019283346236830818
P39735,0,261,U,test,0,0.623505771885982,0.24995867937099966,0.00882462040617203,0.07989157745602025,0.006112635608427967,0.012940448723896929,0.0009671594027513166,0.007258934908615117,0.007607297515039446,0.0029328747220952935
P39923,8,615,M,test,0,0.45109529882556865,0.43043814752956666,0.0002201774845909858,0.051963718856996625,0.017490861394246195,0.0187649572028834,0.00041134566886741,0.01580167698963809,0.009659371970147188,0.004154444077494792
P39936,1,914,S,test,0,0.7365942987394862,0.2545601860360655,0.00022498698408330008,0.002805901141390078,0.002719572656426537,0.0011696736947612624,3.5598112001370906e-05,0.001490202811286187,0.00027138610293969885,0.00012819372155984247
P39952,3,402,M,test,3,5.967444396390499e-05,8.030073876319758e-05,7.086516094243683e-05,0.9921741034876395,0.00010473191175046893,0.004150945039026371,0.0018276364177956714,0.0006632200955877876,8.284976125816696e-05,0.0007856729432725914
P39968,8,578,M,test,1,0.26229416884361295,0.5135470542648369,0.002359687311133024,0.014682468712064961,0.06352908802821898,0.01757261313841954,0.01716554322375005,0.01326450497027385,0.08350740233144421,0.012077469176245439
P39996,0,337,M,test,5,0.06196373750557965,0.07048891964787826,0.003053521246918236,0.05460276454019095,0.056750167300790536,0.6098239837152686,0.0016090925714605435,0.07745475104439879,0.061429016750302955,0.0028240456772114526
P40006,5,225,M,test,4,0.0009704766189944877,0.0020544991506080295,0.07769917398669317,0.0021870028319981145,0.2955334669237168,0.2128647931224027,0.2955334669237168,0.02892086357699887,0.08401284044582502,0.0002234164190460334
P40014,0,221,U,test,1,0.2455493757785538,0.5799100876962742,0.0028143971585268615,0.10643777034478757,0.001817111354567935,0.012662619094461328,0.00011084448989819993,0.02695113551863885,0.012035649024708389,0.011711009539582914
P40047,3,520,S,test,3,0.001651206692022586,0.061478888234864984,0.003550652052144355,0.8290299470651792,0.001757700281329565,0.010435946836174777,0.04939967213585074,0.00058875585852948,0.002722379186485676,0.03938485165741865
P40053,3,627,U,test,3,0.04667527452239007,0.09296092839547265,0.012004772749577215,0.7906096325457284,0.0017026389871580663,0.03396543379564201,0.004775168687524714,0.006578073161375704,0.002477324954375271,0.008250752200755978
P40072,0,274,U,test,0,0.9863239434359011,0.009745418591738962,0.00026174353724465777,4.5484207070088405e-05,0.0022364136507936226,0.0005717004824859118,3.047251694706092e-06,0.0003662450367874141,0.0004248516851053048,2.1152121178235046e-05
P40094,7,801,M,test,1,0.33494189642113953,0.35101607571894855,0.0008499264841871659,0.018172229095929093,0.011022013648430059,0.062443959112900606,0.0035228470273798097,0.1266339765480721,0.08501802439567725,0.006379051547335874
P40156,3,214,U,test,3,0.046950422957060096,0.005002593699359133,0.00011279787024931467,0.9430244711569705,0.0001382028443564288,0.0010618681718780893,0.0013634657000683563,0.001930320316191968,6.841537212411084e-05,0.00034744191174203244
P40166,3,100,U,test,0,0.397369153759597,0.0657616965672163,0.027253398998798205,0.23360125894390404,0.006128749464834721,0.16468035246882465,0.0432118898124254,0.033917402800169895,0.02386387303120986,0.004212224153019897
P40215,3,560,S,test,3,0.0043742281334969695,0.013110145538487916,0.002611971102871666,0.8600410579441368,0.004692862004816866,0.08515560234843222,0.01009123907336978,0.004620106150950048,0.0026948839611581864,0.012607903742279594
P40239,4,226,M,test,4,6.490420267928748e-06,1.1391041966196851e-05,0.001606874063604589,6.696448104272886e-06,0.9322229097950236,0.007459191195959741,8.077458066401371e-06,0.0076959711147743665,0.05097432100416643,8.077458066401371e-06
P40344,1,310,S,test,0,0.8323547404315853,0.10918117487986649,0.00048245565651631545,0.02669075736727471,0.001332102855770702,0.014661078505006147,0.0020312141960558265,0.0031955484956039657,0.0037652762032308416,0.006305651409089714
P40395,7,1056,M,test,0,0.7828206736173916,0.1298043780310684,0.001633996093528886,0.020780132060254204,0.011702220428347412,0.023181914357017292,0.0007138400394123156,0.016057642825413734,0.011794003203106009,0.001511199344460174
P40453,1,1071,S,test,0,0.5275179047773663,0.3405911559901188,0.0007109222798954461,0.03873930053030826,0.019517428803203913,0.03372308920505075,0.0004590059019737865,0.019902374218321476,0.01461787866672271,0.0042209396270385564
P40473,0,351,U,test,0,0.9327854392989401,0.05429461874829281,0.0003383414177190867,0.0008374030429675462,0.007860168283525327,0.0006521701329879616,1.5099784691561532e-05,0.002640551323400417,0.000343669514439734,0.00023253845303543367
P40474,4,542,M,test,4,0.00538621921885068,0.011402627154533855,0.0007232728923279325,0.003673082819855349,0.3306403669535552,0.17423523506115565,0.008607154486629907,0.09473005434099326,0.27842711673047144,0.09217487034162672
P40475,4,563,M,test,8,0.002351398439058752,0.007531338200705976,0.0003779041146818472,0.003213980593893732,0.35447411137639295,0.15245740712875472,0.0027923547825342257,0.0954054109873158,0.36005623558989297,0.021339858786769035
P40486,0,507,U,test,0,0.44840276971673665,0.36597565960424144,0.0013832584260748254,0.005733446396058961,0.020326833152111493,0.04730747775296647,0.0010942473924229123,0.06671423875332846,0.041141604803033215,0.001920464003025556
P40495,3,371,U,test,3,0.0051015582147907815,0.07614740572005162,0.0032175125243620486,0.8446489032360519,0.001394688492254176,0.005141570629652278,0.04304984171665798,0.0014846380781749083,0.003070171693750172,0.016743709694254157
P40498,0,721,U,test,0,0.8995100573615683,0.047672285134009916,0.0004897918398493317,0.008029322819329972,0.003295227549031397,0.01093199721698495,0.0007126429476708553,0.02348454222908661,0.0043654677951133845,0.001508665107355308
P40525,1,121,S,test,0,0.37872291904181427,0.24073093461272616,0.0016475755818131776,0.3670708364392075,0.00016831044041982812,0.0015721276240686917,0.00656739598208676,0.0006351970003768243,0.00016831044041982812,0.002716392837066925
P40531,7,326,M,test,1,0.1328985739264062,0.7018002526148663,0.0005388995245875793,0.09535006779496862,0.005193452539127374,0.027532511457844792,0.0011231630749378003,0.01983092424661537,0.007497624766024541,0.008234530054621412
P40546,0,346,U,test,0,0.9468946108611491,0.029732785034277877,0.000175421741957082,0.01011606984231466,0.0011261590119805464,0.002990304570653354,0.0012563212404910241,0.005696810931009037,0.001379798784631977,0.0006317179815353146
P40564,1,432,S,test,1,0.32310953661075437,0.500441848066538,0.001061031359571425,0.04197086756590086,0.019709808706050252,0.06832532568758977,0.008216270226481673,0.02164699132170763,0.01344092187136197,0.002077398584044076
P40571,0,144,U,test,0,0.881992671969386,0.06643647506612514,0.0018994394368160937,0.044603339025717316,0.0005614731762570563,0.0013469041630467145,0.0006772659637703979,0.000458261072064172,0.0006772659637703979,0.0013469041630467145
P40847,0,254,U,test,0,0.8739129358615642,0.10938303984897116,0.00039449680722718623,0.005531619802599153,0.003127294378955876,0.0015122608840309872,0.00010784941762636851,0.004175486068767246,0.0011063935303165819,0.0007486233999413291
P40858,3,161,U,test,3,0.0032966064528805756,0.0012151247272758697,0.0020995472879525674,0.990264170531562,5.772711625899096e-05,0.00102323758645506,0.0018241183008705303,6.855264608303792e-05,4.638504437958251e-05,0.00010453030628181431
P40936,1,264,S,test,0,0.4279890308696377,0.3836468742478734,0.004717528436701413,0.10027593304489259,0.016465792957096888,0.02631226154440565,0.004228765266984916,0.01794340501952722,0.003192039645737541,0.015228368967142709
P41000,1,583,S,test,1,0.4129636220744364,0.5139415180815434,0.00035375859596989065,0.0186473351674339,0.02676329532093498,0.01463646045442122,0.0012939952802624504,0.008504087898857631,0.0013350709125040303,0.0015608562136360878
P41056,1,107,S,test,3,0.12884402147590393,0.20508947765540733,0.11194162705039626,0.45146995336109,0.00202639608501414,0.012031266346730102,0.07427848802021804,0.0013711281217930501,0.0017332683611512405,0.011214373522295878
P41057,1,56,S,test,0,0.524125269575826,0.04593191967129184,0.08456428213162918,0.23996203752295567,0.002465404064833913,0.01486828899339029,0.07975170633223193,0.0019502951450249262,0.004064763830865569,0.0023160327319506884
P41058,1,56,S,test,0,0.6031537601459922,0.05170885802676927,0.058336887019656614,0.19889899921595028,0.0023520730704361037,0.021884221400173386,0.05523225618797326,0.0025431974577822002,0.0038779128483485284,0.002011834626918182
P41180,4,1078,M,test,4,0.025272344352478195,0.03677104294505553,0.03108551438877208,0.008498307042460731,0.7892766935495985,0.04795848050475381,0.0038304872502484995,0.022653983172750178,0.033349889182570716,0.0013032576113117841
P41183,0,707,U,test,0,0.8748471319261389,0.09663337007779264,0.0003124062637669296,0.011720097064255338,0.014126785356425023,0.0011427347235602196,1.997146405455883e-05,0.0007040184237176372,9.234711901872263e-05,0.0004011375812699847
P41546,0,238,U,test,0,0.9689772009083212,0.020110480863935347,6.813536534913313e-05,0.004340710263319099,0.0019000234075309875,0.0022740299530047327,0.00023049895869227895,0.0016379223624627083,0.00023049895869227895,0.00023049895869227895
P41593,4,591,M,test,4,0.0004919330070032342,0.0008838435445601058,0.0008633692915804497,0.0014458714949787902,0.9617093468774114,0.009245907567934116,2.6482061905537525e-05,0.020432970710980766,0.004740568179539683,0.00015970726410590547
P41594,4,1212,M,test,4,0.017103889731572067,0.03167465659939278,0.0848485965271127,0.0033157404540679874,0.7741811769460306,0.03495807899639448,0.00034947649231434184,0.025130234327400216,0.027119239434686738,0.0013189104910280307
P41698,4,603,M,test,4,0.12737414145935966,0.1548475611593756,0.0035158626007596953,0.008368481819566474,0.5383639891567529,0.05181680953639142,0.0018819057009599677,0.06222513644229519,0.05027164108848839,0.0013344710360506844
P41903,9,349,U,test,3,0.11268186915487886,0.1931816718160142,0.0015217804509888803,0.5677925147338625,0.01160146068701939,0.07790014617125918,0.0010960973644147628,0.00522918794424353,0.00855438101564862,0.020440890661670038
P42223,7,864,U,test,1,0.29040233520356035,0.6342969803165919,0.000314472780265619,0.03517823069013501,0.01764559447365443,0.008499584517700727,0.00023737652642112015,0.006619483510495475,0.006218429450329676,0.0005875125308457233
P42260,4,908,M,test,4,0.0007157015559347874,0.0011985746781044528,0.04325317256098242,0.0006723394093184119,0.8755769208869018,0.024168236388991175,0.00011867495879613709,0.04063259100095982,0.013491117511486671,0.00017267104852433242
P42699,6,167,M,test,6,1.9613051729810563e-06,3.3362925102896695e-06,0.0005523794336838145,0.0006767894084973987,1.2789315959213947e-05,1.9963840668231414e-05,0.9987253978859066,4.73186893270448e-07,5.008368351150383e-06,1.900962356957331e-06
P42775,0,360,U,test,0,0.9220204163792566,0.05201683795309531,0.0003616123154001967,0.006743632088641161,0.010477943807862907,0.0017799181717085169,5.37488727836993e-05,0.0056565676515745265,0.00024467911485868607,0.0006446436448184116
P42776,0,382,U,test,0,0.9338936683611088,0.03621098493230311,0.0003494962606504415,0.009336148602060314,0.012550898793775928,0.0019493335523110996,4.65658704913608e-05,0.005056186656010419,0.00017850521626953827,0.0004282117550190739
P42826,1,600,S,test,3,0.1281389161811388,0.3134519493942781,0.0011482868708763737,0.4420381239338049,0.005393238800336915,0.060123511351671495,0.010642267886268035,0.007605685940124433,0.007847116419214817,0.023610903222286074
P42900,3,643,M,test,3,0.051973384714720364,0.07681167995054548,0.0006098265392666087,0.7941673526527898,0.0019079784705779757,0.05341414076096443,0.0005728789930732665,0.011596829818091278,0.006817424314518224,0.0021285037854525757
P43005,4,524,M,test,4,7.568079089659108e-05,0.0003088248984668483,0.0005012723022682416,0.00029468279332509143,0.949816827208697,0.010717673947192696,0.00014361690646921415,0.0034931378923075836,0.034597075074523996,5.1208185852775784e-05
P43082,8,212,U,test,2,7.386513379244246e-05,0.0003362536308496874,0.9868179034928151,0.00028315395052510444,0.003382801772675591,0.000838763195464454,0.0003310405232819221,0.0016199189635192077,0.005913856373542375,0.00040244296353415777
P43554,0,623,U,test,0,0.8762643278338638,0.10630292373953924,0.0005000324420541439,0.006334306163968731,0.0017182268086788713,0.00255929094881296,0.00013885399582576726,0.004286006064210454,0.0011093704886657482,0.0007866615143802829
P43587,0,155,U,test,0,0.7345363031290656,0.16909987032753404,0.002886881637100945,0.0010055045309007146,0.08113499873981617,0.002527837918969504,0.00019190388022519554,0.00379473443319316,0.004759663334277747,6.230206891692445e-05
P43596,0,787,U,test,0,0.8911490285596466,0.08353988681185212,0.0009208221876324201,0.006195119008860281,0.004749962046202858,0.00786201549077937,4.880178955143586e-05,0.0024071638054309007,0.00268538501106367,0.00044181528898033795
P43603,1,459,S,test,1,0.1386514498983969,0.2578991733198724,0.08340119089525239,0.11601745704616749,0.11784446612625556,0.03177941318647941,0.08571314338058873,0.016105024654018543,0.051987653381731565,0.10060102811123706
P43613,5,295,M,test,3,0.047135380816509254,0.02961201276707686,0.009173374219385971,0.39006177854685203,0.04192307406955841,0.3284649704397005,0.01431943226922939,0.1155274683063171,0.020511641195812218,0.003270867369558212
P45815,0,411,U,test,0,0.9176779277541898,0.06343219351948265,0.0002252254462127703,0.0025775686057937317,0.00981830793574288,0.0019917906950559015,6.0618599661857626e-05,0.0026593894839281175,0.0005155461777500761,0.0010414317821822025
P45846,2,183,S,test,2,0.00028130140162130866,0.0008332754573586638,0.9803615364489059,0.00030415934529999614,0.005562493325678663,0.004452163151927456,1.6373705134042194e-05,0.0022783883746754986,0.0058522589648245344,5.8049824573891724e-05
P45895,7,804,M,test,7,0.013120796734591244,0.017518563467307124,0.059221141957260186,0.024608815469892284,0.179717498820092,0.12995228372556783,0.003092210089236491,0.5449865544777377,0.02629847679027559,0.0014836584680395406
P46014,4,581,M,test,0,0.21683639651448944,0.18313028225334835,0.009829549283657119,0.10755165101581227,0.14689804859847283,0.10506022152591868,0.03567519471249869,0.135958033099067,0.03857408156090739,0.020486541435828197
P46367,3,519,S,test,3,0.002553330738236348,0.08005477500156408,0.005157869316992851,0.8276982319960461,0.0023986322375925046,0.013642363270901927,0.035316549294990854,0.0011330336582299134,0.0077428789926526865,0.024302335492792815
P46654,1,252,S,test,1,0.2210907355492753,0.42950597705440113,0.01307168053280339,0.20769553031559707,0.006572854285404465,0.028218543354085718,0.03222658880213221,0.002916686257231186,0.03003848365069239,0.02866292019837713
P46676,0,1062,U,test,0,0.5912429512780297,0.3043458072327522,0.001740377460487957,0.030193227367725613,0.011085794905650537,0.031212567345606818,0.00033738754142006094,0.017372410222645636,0.009937242306325525,0.002532234339355903
P46784,1,105,S,test,1,0.19319123701173693,0.38420666616279325,0.07729776621139761,0.10264066916876431,0.009106541597891931,0.1604742786832343,0.006767408169883237,0.02534117628538653,0.034100277766992676,0.006873978941919243
P46943,3,645,M,test,3,0.11027420008244934,0.24802185282718764,0.0036501446008604965,0.5291803452375623,0.007972649224885726,0.027395858582315656,0.0167467500402123,0.015367682813636367,0.021503255221644396,0.01988726136924577
P46974,0,1380,U,test,0,0.7667667883605854,0.12227165727473716,0.003495784018877391,0.045334015147141214,0.02552961005254092,0.011918838163648821,0.005007479351496974,0.011109578449068541,0.004283124590951774,0.004283124590951774
P46990,1,184,S,test,3,0.13006918111863383,0.07296219456649972,0.016027668465816703,0.714220284293176,0.0007614289049199677,0.00657774134436628,0.051737945445526595,0.001179324111910435,0.0016893036636983045,0.004774928085452233
P46992,4,396,M,test,2,0.0015597882101848193,0.013794053040006303,0.7130489191231528,0.0007030516706952658,0.1258606137735249,0.020849363415990523,0.0031508588464652875,0.04030611649175231,0.08000186653337958,0.0007253688948481839
P46998,3,180,M,test,3,7.191975701409723e-05,3.616352164957582e-05,8.811792336240059e-05,0.960828258098256,5.0208080911573805e-05,0.03667776337800234,0.0004388442964549379,0.0011000270177493937,0.0004011361508279494,0.0003075617757717356
P47013,5,409,M,test,5,0.0031732675725294956,0.003949194985879161,0.0006548407570381131,0.07110351779839495,0.06177580477778756,0.6538557740251308,0.0041387205190860175,0.13180508673355473,0.05304645158586385,0.0164973412447352
P47040,8,408,M,test,5,0.0001704066252452239,0.0009806224943305342,0.0003496517055403291,0.002707585254305099,0.17555146098017935,0.46251649135273015,8.049439284231379e-05,0.10482656317364572,0.2514658595886484,0.0013508644325328303
P47082,8,602,M,test,4,0.0005014728847136641,0.00248769541566889,0.000801351520629289,0.0025268710321021204,0.838545875512042,0.03742332937355795,0.0009223498164403812,0.023327621367742146,0.0926236239315017,0.0008398091456019291
P47095,1,244,S,test,1,0.06515452012400962,0.4422169751836372,0.0028879608767364484,0.4353610703942136,0.007260332533047643,0.01965868955408196,0.00388617612212165,0.0026709271022014257,0.0075495519533811195,0.013353796156569394
P47150,3,247,U,test,3,0.00354731121388774,0.002949452347562595,0.0002478471702081873,0.9787801373582387,0.00017302520121384915,0.0015973377144103576,0.009483831100558646,0.0013823806410492823,0.00018418438227274164,0.0016544928705979744
P47154,5,453,M,test,5,0.0020268395846780238,0.002314723490770388,0.001154858350382149,0.027013086808672978,0.015911221011496987,0.8704216806762657,0.0026025137989469024,0.01982118314220166,0.05268286750493074,0.0060510256316544464
P47155,5,203,M,test,5,0.00922299679737895,0.003997872808610527,0.003935891432355173,0.013471902468594074,0.04069376864485927,0.6619152028334606,0.0009348562472359418,0.10150798544292007,0.16348152368795735,0.0008379996366279884
P47170,8,1584,M,test,0,0.45221659225260424,0.3521866475777702,0.0024103843438645057,0.12362913701011005,0.010887319146045583,0.01986901075670721,0.008027805890693754,0.008545555114660725,0.01419974201684998,0.008027805890693754
P47821,0,323,U,test,0,0.5421014288510264,0.2242229076091528,0.00019972839285737056,0.13284767821983565,0.002934987348345347,0.05062064025553215,0.0001289543400598751,0.027737821669202176,0.012165184750740052,0.007040668563248133
P47866,4,411,M,test,4,3.063245064554367e-05,9.003377162366938e-05,0.00019360303777654495,0.00017085406987557344,0.966498301497723,0.013155035246157487,6.1268749363590084e-06,0.009401478898323677,0.010406489687259407,4.744446567872874e-05
P47896,2,493,S,test,2,0.0007047488475484416,0.011197731838001216,0.6307826046581259,0.0010746137712206321,0.15948681544476664,0.11133974053292052,0.00045502005409567156,0.024125983955426596,0.059595868033074685,0.0012368728648197414
P48003,0,139,U,test,0,0.6793781623334993,0.09635631143104205,0.010396720069968963,0.1576284045361622,0.00552165703019811,0.008353999944255687,0.022708522504838763,0.0024888054850187996,0.007847856850819325,0.009319559814196767
P48044,4,370,M,test,4,4.624455184169714e-05,0.0001691555320649187,0.00016653302963705706,0.00035810227942580726,0.9568898986170957,0.031243561758985856,1.6326322984496376e-06,0.005140374260070733,0.005734501699796428,0.00024999563878334966
P48048,4,391,M,test,4,0.007893008816737579,0.04192571307701515,0.006492612010261524,0.014181168962683307,0.6726936048568073,0.12738669946312237,0.0014486976438140807,0.023472303555615522,0.10275872880730301,0.0017474628066401609
P48234,0,707,U,test,0,0.931457361591228,0.04822188723863956,0.00010144387715588631,0.011101308527519215,0.0018122386360606105,0.0034390246334965622,0.0006614971355695975,0.002326960727565449,0.0005658085119116747,0.0003124691208533833
P48239,9,356,U,test,1,0.051158027528348346,0.3736055913159584,0.010113040314946706,0.33229170332682284,0.004086037299606302,0.16005932316377416,0.012009532582325526,0.009801893814528626,0.010598374876140728,0.03627647577754842
P48415,5,2195,M,test,0,0.5680661766772301,0.35548674867836133,0.0005514179908622829,0.007731964304165875,0.02272550749397649,0.013623130434020938,0.0005180092966082236,0.027667689918709503,0.002549731158818759,0.0010796240472464684
P48527,3,492,S,test,3,0.020171303158806463,0.019479231770588884,0.0012004874794243677,0.9048125083565755,0.0008782953892862403,0.0215155313126222,0.01711498188739481,0.004093049530676098,0.004638032489116306,0.0060965786255091315
P48765,4,970,M,test,4,0.0001716544943643296,0.0002700503981104619,0.0005628333907989122,0.0007937222275130051,0.5362515464116446,0.13558562136829294,0.019380955078293315,0.02393228380934069,0.2825847275794272,0.00046660524221450294
P48766,4,970,M,test,4,0.00016550415165371605,0.00024080712410000642,0.0005960033583260068,0.0008020102183617918,0.5767974104959155,0.12870089369462914,0.01340693758741828,0.022895229374980675,0.2559522918736138,0.000442912121001117
P48985,0,351,U,test,0,0.9633330042122341,0.02507726551731882,0.0007632071120821116,0.0015538125750581093,0.00724110742198456,0.0008316959461885958,1.4504944695877912e-06,0.000558374258472731,8.170820371867402e-05,0.000558374258472731
P49047,8,478,U,test,2,0.008520518381965244,0.04161308682553608,0.5973344411849913,0.013094139212216404,0.054273698175659225,0.12767761874379058,0.023710422085353608,0.022624643393095712,0.10441114695140451,0.006740285045987265
P49166,1,88,S,test,3,0.2605876654920595,0.2029458755038897,0.0796301225157236,0.39425653678198036,0.0014219110764319902,0.008118856792790546,0.04817445632273397,0.0011248241775299443,0.0022022989834926438,0.0015374523533677258
P49406,3,292,U,test,3,0.024421763187865205,0.01573711107934143,0.00106051636292723,0.9492108425141668,0.0007758903829324092,0.003971200519742595,0.002176038268080785,0.001567341653014213,0.00012865524601729004,0.0009506407859120322
P49736,0,904,U,test,0,0.7855070135498826,0.10714059189613404,0.0017728340824026095,0.011030944858175807,0.03229534585778578,0.019209248705838153,0.0026200788234886207,0.015556123845220397,0.021852126072838728,0.003015692308233227
P49739,0,807,U,test,0,0.8521844707785998,0.09123402901374379,0.001953608211315931,0.0178252408080148,0.014322984831167347,0.007090391530228104,0.002628867319177679,0.005228126033262302,0.005608961035204453,0.0019233204392857803
P49862,2,253,S,test,2,2.7852153598888725e-05,7.453622368268138e-05,0.9803453876727347,0.00013496766941628442,0.016867772913677113,0.00121839723661334,1.3574055070610828e-05,0.0001628020915071966,0.0011361564507981507,1.8553532901065727e-05
P49866,0,704,U,test,0,0.9638285476348704,0.023386605110753158,6.77733279648385e-05,0.00026804870218661425,0.010177019184640174,0.00040872546080435927,1.0723297304558843e-05,0.0010768481616252378,0.0006430153812295424,0.00013269373862119274
P50111,1,915,S,test,0,0.5842859650988208,0.34889307056618074,0.0016669830970395807,0.0068023324780605654,0.024833345386058792,0.01651029634725437,0.00015997551706193304,0.00982031303485177,0.0058639765704638835,0.0011637419042075847
P50133,4,585,M,test,4,0.0007613724061601198,0.001151919684237993,0.0009930168646692455,0.0018264374237857287,0.9610172481258419,0.010634315711695218,1.9975322365614662e-05,0.019636052959832537,0.003784383631995582,0.00017527786941603455
P50402,0,254,M,test,0,0.5250419269787447,0.11091793844383978,0.006766038341334578,0.027287996741521704,0.08016472889235716,0.10583863933729491,0.0003757958106342987,0.08706048696147785,0.05363641195925149,0.0029100365335434342
P50536,0,512,U,test,0,0.887356623272171,0.09207670720275592,0.00048317416622798174,0.0033538936826746973,0.006265898500842332,0.0030537546917063646,0.00021108316567694524,0.004918159559726451,0.0016602978185583023,0.0006204079396599566
P50582,0,507,U,test,0,0.6623811220698612,0.2761215309143839,0.00017577792711586892,0.013909331722253289,0.011850898323946382,0.011308206407390874,0.0006844368861372689,0.015761338400260404,0.005597968200367158,0.002209389148283638
P50944,8,713,M,test,4,0.0013858039390776016,0.004633496590970261,0.0005599153901436546,0.0019850724234606767,0.7761963136339891,0.04277560184576831,0.0002563479398247683,0.03464074116778837,0.13700679167883364,0.0005599153901436546
P51402,1,88,S,test,3,0.2781555056248145,0.2050990164041171,0.04699796065141005,0.4241364895803695,0.001459626015105794,0.00801492389198219,0.0313303247057681,0.0013927848775181005,0.0016800193114113041,0.0017333489375033707
P51553,3,393,U,test,3,0.00961867492000927,0.08573031884570917,0.00946955247269875,0.8524218658118111,0.004235045279855937,0.005879777798510365,0.016815486333230944,0.0012039184283700861,0.003978456583583033,0.010646903526221357
P51813,1,675,S,test,4,0.18963883497153672,0.36269374939469706,0.0029477988791574497,0.016700419696423042,0.3712947895734383,0.027320064427288498,0.0011543747517069125,0.020461782212921484,0.006438585395511503,0.0013496006973190663
P52188,4,427,M,test,4,0.011650220351727759,0.05110287641222587,0.0012375550254634738,0.007347702082602542,0.7378662730234097,0.0573443921153812,0.0018577901745389055,0.028166620113107627,0.10262754512188099,0.0007990255796619386
P52554,1,126,S,test,0,0.5351830591310193,0.207949752540613,0.0013902503660446876,0.16195141876979088,0.003283332255327479,0.02552453552965268,0.012294739187077415,0.04380198834570898,0.006328788432713133,0.002292135442052482
P52701,0,1360,U,test,0,0.7314095992704001,0.14515268603246462,0.0010169914318242821,0.019644280625737143,0.06697695610308078,0.012293075973798641,0.011105867881503374,0.004928199040991314,0.006038155789428579,0.0014341878507712197
P52848,7,882,M,test,5,0.003535762720929234,0.012149694577954515,0.09917771236300618,0.03786483097526604,0.23838010827176687,0.3441418764661402,0.0013631578994602407,0.20231056550173215,0.058646199338418255,0.00243009188532633
P53063,0,387,U,test,0,0.6750672405376519,0.2157644612146835,0.0016218416728187497,0.04783892593103392,0.0014090804502802725,0.021955795409745783,0.022476460604127987,0.006364589971588376,0.004014096656235323,0.0034875075518342176
P53070,3,669,U,test,3,0.015979211382521057,0.09231391651971267,0.005373314050904567,0.8489029591186478,0.0025781444313651833,0.007230584708150864,0.0039006079404591194,0.0019460854278250369,0.004087801932505766,0.017687374487907914
P53075,3,577,U,test,5,0.023434771224856377,0.07030574977397919,0.03939945995807648,0.12570127844810486,0.04941799119114876,0.44914501905441284,0.007911231368780136,0.18147099018096924,0.050392672419548035,0.002820836380124092
P53083,3,459,M,test,1,0.15718550500068798,0.5817381517402199,0.0011056080239703447,0.012953072687389343,0.17062325381953689,0.025962300404346293,0.0026939822695076247,0.02526200911316893,0.020378041459326503,0.002098075481846191
P53093,7,235,M,test,5,0.004154517844347497,0.0009945238859256065,0.002745968797211758,0.026958903708916203,0.05580439131129245,0.6512436966077569,0.0027033964118623327,0.15959413593016003,0.08344572164716543,0.012354743855361762
P53094,1,1487,S,test,0,0.6339566688422494,0.2622158817460745,0.000697314038624735,0.037555083518797515,0.012073864192478304,0.0214400775081662,0.004012765350712941,0.012457128576482025,0.013157350902667836,0.002433865323746519
P53102,0,219,U,test,0,0.930189642749178,0.05854311416776716,0.00017232698017750022,0.006598088746041194,0.0002247567691990498,0.0006815664189394639,4.63811768766547e-05,0.0026332030432615673,0.0003883448303246327,0.0005225751182346949
P53115,0,1489,U,test,0,0.8067930961233355,0.11265356127743058,0.0008080085414704194,0.00552173612447981,0.023705888611305632,0.014266455589203145,0.0005729637940992902,0.019576253428703942,0.015546700964241081,0.0005553355457306286
P53136,0,463,U,test,0,0.7140320672427913,0.19673651975322606,0.0005150727755062776,0.033233057375227956,0.0036888063460452443,0.03103717547138255,0.006274870771805484,0.0076881328996378645,0.002344747778999596,0.004449549585377679
P53139,4,140,M,test,1,0.24341687417411287,0.30531315705464296,0.013001803097123905,0.30531315705464296,0.07241207762061885,0.020776820587853226,0.0039038490336714563,0.03385609948292553,0.0010344170140877006,0.0009717448803205847
P53174,5,237,M,test,5,0.07736842915403493,0.07661656127960723,0.0034528632382372034,0.06656562395918375,0.09224813981107885,0.45223583812977625,0.010973177617751257,0.10773058752448217,0.10985538875757708,0.0029533905282713153
P53178,5,202,U,test,1,0.15124000834286225,0.37762705054323453,0.00551429957917779,0.14001080602423557,0.016985237851518956,0.08166758092742533,0.040428382015651194,0.06931037559077703,0.023766620438793608,0.09344963868632374
P53193,3,184,S,test,3,0.018848281730590066,0.024391490906001036,0.00048683591540335107,0.9369892931474751,0.0003345970790176598,0.013470260295894695,0.00019669948865308644,0.0023044897755110125,0.0014308902936880953,0.0015471613677659024
P53199,5,349,M,test,3,0.02094385113709555,0.2959772469690059,0.008201729842346267,0.2982986393618771,0.020780865954568704,0.1723051588809369,0.10273749802303492,0.02212111742545773,0.015322849782375051,0.04331104262330185
P53220,3,239,M,test,3,0.0005323862183723477,0.0003154284352964251,0.0005160065251232555,0.985403791277961,0.00046982922565250065,0.008525413076067972,0.002072983793441836,0.00119507353944481,0.00020049850540604003,0.0007685894032338849
P53223,5,239,M,test,5,0.0019017796135457885,0.003963648460183485,0.0010179492251031277,0.01094398587157535,0.06862984803014795,0.6261969992114031,0.007944482616350524,0.093075874252303,0.17525244283488461,0.011072989884502999
P53236,0,928,U,test,0,0.7239832080314541,0.24250399390591848,0.001233392244292974,0.007674423763870123,0.011079324100619042,0.005315917861589948,0.00017222012204290465,0.004304961181420357,0.0032495555028013946,0.000483003285990689
P53254,0,1237,U,test,0,0.5899524111046022,0.3207515488122711,0.006709197557004057,0.02632889159772287,0.005184466035417801,0.03673296805734361,0.0004530136080130602,0.004037666147110003,0.005874769314791784,0.003975067765723572
P53258,1,950,S,test,1,0.19827065304760366,0.5264706330928544,0.003081974641938649,0.06300087682269495,0.03378786711547953,0.08257083154546087,0.006731651364465206,0.0539928571404041,0.023312926912060876,0.00877972831703774
P53259,3,346,M,test,3,0.00025519524580372476,0.00012054569859199411,0.00033283731742633023,0.9616481433248306,0.0005402483470953301,0.022793174211145392,0.00601604361761519,0.0061828146364390005,0.0007738700562692578,0.001337127544783168
P53266,3,389,M,test,3,0.002830189875824459,0.0020544976563397913,0.00035423983228287235,0.9614752899056555,0.0028081650301451442,0.010251798719646548,0.01331873868988811,0.004947773222485786,0.0006935678526480529,0.001265739215083828
P53298,0,406,U,test,0,0.7824958537746732,0.16022052089097355,0.0020972218562332967,0.006510564540583734,0.012451780902855319,0.011031665894876096,0.00016685394933755316,0.01928569409641988,0.005313767629754112,0.00042607646429318826
P53311,3,146,M,test,3,0.00045668443207060174,0.0015939853216181733,0.007370514142898979,0.8789582625993735,0.009065886729882289,0.0677779821281192,0.02015287191802058,0.0025273591105709078,0.0026694232853362843,0.00942703033210953
P53314,7,239,U,test,0,0.3196957552297006,0.3026818768388872,0.0019460610052672478,0.2214467922499832,0.005719791422178958,0.02644804610824791,0.05856306367649423,0.024270092290793015,0.006184568905140559,0.0330439522733071
P53318,3,479,M,test,3,0.007318311553229423,0.02957306689683305,0.001879497943703616,0.8458817811937422,0.00265051687220235,0.057788272896629106,0.03273439861428473,0.0028214604365397866,0.006458386939728494,0.01289430665310724
P53330,0,157,U,test,0,0.7130392078412173,0.17748951624717532,0.0010070613189621918,0.049023038845718556,0.008564805473374673,0.01806100428680894,0.005529854357166943,0.019301088214519986,0.006073356973450093,0.0019110664416060043
P53394,5,754,M,test,4,0.006666873225479983,0.015806673354089834,0.0014645176947229769,0.011340732872374745,0.6488982545554933,0.05264425736652225,0.006117866474974339,0.03736684160175788,0.21735369025809578,0.0023402925964888716
P53437,0,365,U,test,0,0.7472964488466649,0.13398288124464725,0.0007843396704250072,0.03645046409917622,0.0043068723541259115,0.03297449632161618,0.0003023898737998712,0.02711414904967267,0.016127478252003672,0.0006604802878683792
P53708,4,1063,M,test,4,0.0017895074826658748,0.004292805277152246,0.21340470332525355,0.0022270779921374816,0.678198764846516,0.06982575460526132,2.8924693171305893e-05,0.015012655629858625,0.015012655629858625,0.00020715051812495464
P53721,3,224,M,test,3,0.0001515504503009479,0.00017443348393125693,3.892136978302702e-05,0.9714485411344999,0.00034152421650352876,0.007957388207476252,0.002624068105753996,0.006648646612934693,0.0007117975477553552,0.009903128871061075
P53725,0,186,U,test,0,0.9675832533023985,0.012097097552047,6.004274185843396e-05,0.005866937168388537,0.0024552754722077554,0.004769786209148611,0.00271774240152202,0.0036145151396234213,0.0005351551809835536,0.00030019483182218805
P53747,8,219,M,test,4,0.0039852615566478115,0.0024171834884731533,0.013481966260649627,0.0015364552428885172,0.3531800519189194,0.28378814544743997,0.004515892839689415,0.13405202369733626,0.1965743011225634,0.006468718425392485
P53753,2,1117,S,test,2,0.019925266699134653,0.1134368713862143,0.26042139784845025,0.004411329558416233,0.08130753119823438,0.25438875208709566,0.021544350521839856,0.04136592190185765,0.19657638861243806,0.006622190186318939
P53833,0,195,U,test,0,0.6667990326267023,0.20020935353862393,0.0024427237073754667,0.10386725702151434,0.002259150026063698,0.010610708396783805,0.0008310949332604288,0.005679502778093967,0.005211804713442936,0.0020893722581391575
P53865,1,581,S,test,0,0.5450268189039021,0.41140784313046525,0.0019351988325127128,0.0073606448357782794,0.009377704591308026,0.004606174137107556,0.0003870640798416195,0.017417504748325638,0.0019351988325127128,0.0005458479082459983
P53871,1,357,S,test,1,0.06815420240315027,0.3749718450120076,0.007085857602318426,0.3133007058525147,0.010472218735234011,0.11775990088224195,0.018094370537640254,0.016604328891450287,0.03584466207991313,0.03771190800352938
P53882,8,636,M,test,4,0.001436446416685734,0.004618828096652268,0.006387607072437414,0.00024193703840627378,0.8836378286328331,0.04037091803901399,0.0003520162941684627,0.04683108910846611,0.015995837442423586,0.00012749185891302754
P53893,1,1110,S,test,1,0.23320325637247896,0.43568100260676573,0.0004681215980488493,0.12004273857507579,0.006362032395782585,0.023823211907665412,0.09440684690292878,0.010407589785797434,0.049846166844999644,0.025759033010456817
P53923,1,493,S,test,0,0.409908479862239,0.3589278813354755,0.0005029868994779827,0.1255043317511245,0.003956298870985152,0.03645257335929416,0.0013046488368616694,0.04692044182027213,0.013488957868047975,0.003033399396221947
P53974,1,638,S,test,1,0.1353470455067531,0.7036490029562293,0.0004409956197301737,0.02398368017424182,0.04916927676433787,0.02324577657764813,0.0004409956197301737,0.04260963697816095,0.01747842403531195,0.003635165767856451
P54005,1,336,S,test,0,0.6206697257363084,0.12032230260015714,0.0027426486044047097,0.20952887940444875,0.0031078281040238724,0.01603139758871187,0.00964786489779433,0.007998360361895508,0.004053371513535775,0.005897621188719679
P54785,0,490,U,test,0,0.9119954657490656,0.06504049223186843,0.00036903455012479583,0.001268087696143827,0.016063869152483323,0.0015536936319704286,1.4617587127480403e-06,0.002174007979132284,0.001288057233709773,0.00024583001678872237
P55830,1,268,S,test,0,0.7242659590838184,0.1482976159287557,0.0033020175394831482,0.08031367138437447,0.008301271672371527,0.004306642604753869,0.020951072646010795,0.005034975939905222,0.0025317448880948982,0.0026950283124319665
P55861,0,886,U,test,0,0.694243442971933,0.2100845760296137,0.0018606905678195777,0.011668410351879,0.026918739541090874,0.01545813240487425,0.002973374961536159,0.013535592936646678,0.021714473514820868,0.0015425667197859507
P56271,2,484,S,test,2,0.00102741980564825,0.008703882736024458,0.5491109446246439,0.00010999455755850077,0.05971305024298693,0.02317934278389167,0.013639746124158268,0.020016020002966237,0.3228056702886514,0.0016939288334703352
P56574,3,452,U,test,3,0.012646591123610362,0.03057553803882378,0.003525576767252565,0.9183182675166964,0.0027889608693624254,0.0061875795027420116,0.01685246927040065,0.0027031532259351254,0.0010260012387873889,0.005375862446389232
P57052,0,281,S,test,0,0.9432192922748803,0.048830803511858235,0.00036992639179913363,0.0012612600321541547,0.0019382757297011467,0.0028422933713816395,0.00022437170020703408,0.0008079935184797756,0.00023513954913605885,0.0002706439204025036
P57727,5,454,M,test,2,0.0004891809132307087,0.0020919614711987313,0.721875079824259,0.0026861317764566646,0.1345807776425327,0.05654162978561199,0.00045954293983288406,0.01954026356451225,0.06113607506700645,0.0005993570153585758
P59055,0,597,U,test,0,0.9485641867525372,0.04071155510499114,0.00019604216590261465,0.0004349385613682987,0.006366458290600097,0.0008786000652791343,0.00023280585093914425,0.0017337071675208589,0.0007059749887219643,0.00017573105213958688
P59936,2,40,S,test,3,0.2591013410672356,0.10008775822685673,0.06563914816341855,0.3625479478145287,0.006537348745760472,0.019824267186074412,0.17192580458333392,0.0022242207458587323,0.0095117859426935,0.002600377524239369
P59942,3,119,U,test,0,0.40532133745255366,0.2186544578653638,0.08471141914847471,0.16376462886668597,0.04859819354589659,0.060955797536806355,0.000501259064878493,0.009311431262618413,0.0050625368973239914,0.0031189383593979926
P60022,2,68,S,test,2,0.0005280789469670007,0.00016105499610229943,0.9698248872121166,0.008196261013711369,0.008132477529973252,0.007669655884593237,0.00031044162728349463,0.0009414024897418972,0.0042128978436172596,2.2842455893658097e-05
P61407,1,2134,S,test,0,0.6691200316590871,0.2923169214444364,0.0032473477474539237,0.007491552471866179,0.016882474055665075,0.005069038035322404,0.00019808947930984012,0.0019696157488215513,0.0012917055629166623,0.0024132237951208875
P61588,7,244,M,test,1,0.22355542358694402,0.3802806016805761,0.0019341334079135185,0.05532224671112605,0.25932883383068744,0.015696055682828725,0.01029372461593384,0.04367810347406699,0.007649645894847081,0.00226123111507625
P61769,2,119,S,test,2,0.0020663140268827452,0.002802337107441467,0.7709637430855092,0.001941122500809092,0.11639811319872584,0.0987857896989391,5.681336296004387e-05,0.0034604250179988637,0.0033802639870018887,0.00014507801373175497
P61964,0,334,U,test,0,0.8939233958725286,0.07112010995174123,2.5396857086648584e-05,0.004654375184240947,0.007265376828749226,0.01790312971323538,8.591645534483138e-05,0.002714872988811066,0.0006348414843961208,0.0016725846638660016
P61965,0,334,U,test,0,0.8939233958725286,0.07112010995174123,2.5396857086648584e-05,0.004654375184240947,0.007265376828749226,0.01790312971323538,8.591645534483138e-05,0.002714872988811066,0.0006348414843961208,0.0016725846638660016
P62487,0,172,U,test,1,0.28888555453169396,0.5030643185801611,0.003580153108732619,0.07340818412832337,0.008195051665806218,0.08008364336302227,0.005291123708174168,0.00781977338351556,0.02298359128116052,0.00668860624941023
P62597,0,778,U,test,0,0.7017544769894354,0.2622265094832235,0.0021312501198051848,0.01450766833340326,0.008765040479495475,0.004840514857814347,0.0005559697482511836,0.0015592558032675153,0.0025707782419109367,0.001088535943393223
P62875,0,67,U,test,0,0.3405507157756611,0.15349823014883085,0.2715107163335978,0.06101267324230034,0.0047082397407128326,0.008393344348206336,0.12001242315378734,0.0014136698824242845,0.032049539967656256,0.0068504474068228766
P69391,2,56,S,test,2,0.000542558446854422,3.523080575960291e-05,0.9964167031058732,0.0005037484301429914,0.0005543411327938678,0.0014127975078769013,0.00023518169830747922,5.751270324332357e-06,0.0002904106266686452,3.2769753986471442e-06
P70041,2,270,S,test,2,0.002382706357296304,0.00044769724841511676,0.9612522952358241,0.004247633174472939,0.008576266274197587,0.01217148930256395,7.19514999283888e-05,0.009694486759304712,0.0010994382682980865,5.6035879698758894e-05
P70056,0,518,U,test,0,0.964499912659624,0.028009597978460955,0.00033908132300725254,0.0010692122905202749,0.003547137697163862,0.0009735287950258213,3.826172665273042e-06,0.0008458165353672977,0.00015283592203826205,0.0005590506261270047
P70158,2,445,S,test,2,0.0007919614314175096,0.005497301378401682,0.7428598289560512,0.0013471717040329872,0.12414433616002923,0.03967891199892199,0.0003625863699763958,0.022257852956699086,0.06242369019245577,0.0006363588520141251
P70207,4,1894,M,test,5,0.019592503557301837,0.08974726714138494,0.09896596014280946,0.03358936763189288,0.25607219954753846,0.26627296850224214,0.00036166367642278375,0.10255716987928548,0.1290129305181819,0.003827969402940091
P70279,0,355,S,test,0,0.8873468467956326,0.0711505771992536,0.0010389763430588036,0.031696445634450225,0.0025119226877355467,0.0028687053743357976,3.23702946116958e-05,0.0029829819116871004,8.26604503015914e-05,0.0002885133089330943
P70281,0,254,U,test,0,0.49233182463755687,0.4344813156967559,0.0025040336942837214,0.009903644981790057,0.018144577446428046,0.009750103419346625,0.0006331188966894562,0.023207267368769317,0.008671922468126151,0.00037219139025386575
P70365,0,1447,U,test,0,0.9024209586551317,0.07123743905638467,0.0004837587877460155,0.0031055971759083676,0.01829528850438684,0.0009620692800982563,3.848760840618195e-05,0.0028947350299829817,0.0003027285052785523,0.00025893739667640845
P70406,3,309,M,test,3,4.353527433604023e-05,0.00014274666423310747,4.781414498700725e-05,0.9589282344540712,0.0040909820536156214,0.008427002528989433,0.002077261932520497,0.004304092408975507,0.0018803187550978412,0.020058011783173766
P70414,4,970,M,test,4,0.0001414468712932568,0.00024060926326065178,0.0007071899731203571,0.000936874457680069,0.5414057324484975,0.14345824676521962,0.020586544863310144,0.023974277636582903,0.2680152627176995,0.0005338150033359806
P70475,0,1187,U,test,0,0.9443378389499119,0.045214663908578305,0.00033722125015989553,0.0005473641760915624,0.0055173951787824355,0.0008884597863453184,0.0004067664824163583,0.0010387145383593712,0.0016598611733571248,5.171455599777294e-05
P78508,4,379,M,test,4,0.008112582582086072,0.027177805764415072,0.004047517766508255,0.01217842970864624,0.7593621206495699,0.09176193408441936,0.0013557486577008048,0.01946107533336527,0.0751870367955882,0.0013557486577008048
P79953,2,1004,S,test,2,0.0002763037105273046,0.0019329704060780382,0.8366204083770402,0.0011908685811355497,0.1409098685238117,0.010227432694072173,2.097593323483841e-05,0.002242285107905793,0.006500951619692809,7.793504650156565e-05
P80188,2,198,S,test,2,0.0004638206185368309,0.003232153851860153,0.9652310671964297,0.004166410797092852,0.021324731546849857,0.0046027978247223985,3.5970813546233677e-06,0.0003340774295475218,0.0005594744615888518,8.186919201723184e-05
P80269,3,229,M,test,3,0.0008323175186079785,0.002060005775759851,0.00013801176677112376,0.9127469673535455,0.002043974688473431,0.045089357454619054,0.03197314014037788,0.003517902697816897,0.00108554661344624,0.0005127759905820056
P81182,2,1454,S,test,2,0.015400630881734434,0.03370383278651768,0.6248636650458044,0.004412354766338912,0.019774799561038114,0.2353258060884328,0.0017551135432912431,0.031415428004430423,0.02945447995484245,0.0038938893675695982
P81661,2,232,S,test,2,6.9678993648229e-05,0.00046878714419312437,0.9455517292128672,7.895664089748891e-05,0.039027583065463826,0.001797044947403866,3.343234830746486e-05,0.0007037329615283081,0.012185005768892206,8.404891679828985e-05
P82413,6,233,U,test,6,0.00032731409361694557,3.9829063574485595e-05,3.8005162961041254e-05,0.005382170719247655,2.2693920217315347e-05,5.235432223278406e-05,0.9941039346281844,8.219193382795056e-06,8.348626297924758e-06,1.7130270284722436e-05
P82612,1,248,S,test,1,0.023567661818621022,0.6941499761801211,0.01710828778973436,0.10940228484125647,0.0072441055047817934,0.04411627012577854,0.07231049293510983,0.003265174130090878,0.01778980544052873,0.011045941233977237
P82649,3,359,U,test,3,0.01876914533528424,0.01375864656133108,0.004581645210050453,0.9367070955495176,0.003980602206328084,0.006718537885968528,0.009623862037473774,0.0037103291308889993,0.0006971502563890812,0.0014529858267682025
P82670,3,201,U,test,3,0.0048902284770841785,0.0018202207315019905,0.0011390649762973942,0.9804584431669864,0.0003138454254959733,0.002617550720029814,0.007427637487322504,0.0007647321828767833,0.0001459516738910163,0.00042232515851401136
P82715,6,297,U,test,6,5.2876302701331835e-05,7.983127261199332e-06,0.00010272112850817774,0.003220623450704698,0.0001442952530063951,0.00013768747549577397,0.9962019607703052,5.62865295801988e-05,4.3494860947681224e-05,3.207110148937498e-05
P82869,6,466,U,test,6,8.298098269646253e-05,8.169447704039275e-05,0.001148317183630676,0.0034737377988865704,0.0003359791127962673,0.0004775226164321021,0.9937455148663511,7.438367523706785e-05,0.0004364910197072552,0.00014337826722216074
P82919,3,196,U,test,3,0.013613431439712581,0.002670192471165905,0.001286186777134282,0.9770075030276151,0.00023240918908960673,0.0008909155606107913,0.003772936968627273,0.0002183282304032754,2.775732315041858e-05,0.000280339012490838
P82920,3,87,U,test,0,0.5720711214752126,0.053419165886705554,0.013989763528856454,0.3524427995581745,0.00032138626232722933,0.001938207114556067,0.0018207771073342504,0.001557393008441189,0.0014180226694103528,0.001021363388981838
P82953,2,146,S,test,2,0.005006572311499669,0.10704523495691795,0.8289223445535592,0.0006365142864178001,0.03482044171197346,0.004777304904359715,0.0033876163028301013,0.001001377489556176,0.011505011652618018,0.0028975818302678772
P83183,0,84,U,test,0,0.5326728988487611,0.009909882344594532,0.38971179570026127,0.061661365139968234,8.054272700833952e-05,3.376747100837675e-06,0.005905915042423943,3.140864098246823e-07,2.7132923697465364e-06,5.1196071102160376e-05
P83326,1,185,S,test,2,0.0003531972614241928,0.00043274629879386527,0.9291510960826617,0.0005823237826068543,0.036309660961555634,0.0010140567732943903,0.0063545045239926795,0.00036440890138435847,0.02495524202712969,0.00048276338715663605
P83411,2,40,S,test,2,0.07898940335398273,0.03174364642929183,0.782334584877934,0.08149679945646095,0.005567632749086752,0.005109146825559931,0.0026923311588610776,0.0022671702861596222,0.009179475006062055,0.0006198098566011561
P83428,2,55,S,test,2,0.0010415771168712498,0.0003090946462685262,0.9962689104277201,6.581004198864713e-05,0.0014602777114660697,0.00010682025358219377,1.799146454374703e-05,5.045831467158439e-05,0.0006698708811256756,9.189141762181187e-06
P83456,4,477,M,test,2,0.0029814765475776033,0.04075305939178767,0.7070975406474681,0.011077528982984614,0.09606979246754825,0.036606699121078425,0.001430528030558291,0.004475726257065729,0.097582662809603,0.0019249857443283424
P83553,2,148,S,test,2,6.133272769244585e-05,0.0004062377512178933,0.9883711825787977,0.00021744338790107763,0.0019898325918134077,0.00320781368041231,4.149979895374638e-05,0.000887304883972093,0.004722358607164118,9.499399207517161e-05
P83562,2,82,S,test,2,0.0008817419886771924,8.461820676688813e-05,0.9821747010363905,0.0002774524223527617,0.008365735043357194,0.0018092170411201196,0.0017062543177078801,0.0004984917221812679,0.004190156052638074,1.1632168808119325e-05
P83636,2,106,S,test,2,0.0023348196510211945,0.0008195989102038042,0.8711460866304587,0.03404292478919824,0.014945047040582488,0.04422724266029056,0.001531212131569028,0.017168082370797526,0.013567813730566891,0.00021717208531165578
P83673,2,184,S,test,2,0.0003640593096266266,0.0008464632304931641,0.9728077361708076,0.0008077008293870809,0.003380681055038479,0.0007296969199321375,0.00013185354664767984,0.007059718272930388,0.012487369219353842,0.0013847214457829602
P83758,0,448,U,test,0,0.9178146159813642,0.07188879726655557,0.0003226685816014338,0.001423680578343484,0.0034690140882327218,0.0008771041791761094,0.00012057244068177514,0.002898469811475492,0.0002217666487508574,0.000963310423818337
P83773,1,524,S,test,1,0.06095985206805452,0.5633202087617812,0.028487722776831762,0.22583075926682858,0.008964060634595115,0.0152483803102823,0.05219266836536145,0.0025682462820326457,0.010398492018534721,0.0320296095156977
P83774,1,317,S,test,0,0.6564766008868337,0.2845615675354647,0.0031365926079978406,0.014390592113179883,0.020214866354955934,0.007292796680215454,0.0017053357609064347,0.001787176545066771,0.0012872551720314275,0.00914721634334789
P83783,1,450,S,test,1,0.049727190983560765,0.5600010411720089,0.007445621316547046,0.17898707492157814,0.005321145199360449,0.008113777702266149,0.11784200397886242,0.0018973129344761063,0.006029648339200523,0.0646351834521395
P83800,2,72,S,test,2,0.0037159136506827034,0.0020045850535745325,0.834378467555795,0.008472649571017956,0.02529465931008442,0.022278901104088922,7.301700768935262e-05,0.042195435649011445,0.06139399692013791,0.00019237417791771535
P83911,2,43,S,test,2,0.0002092845031452303,3.1168182355061576e-05,0.9988878053379084,6.496006766685129e-05,0.0006139211278869435,8.538839486424185e-05,1.6945846628602654e-05,1.3616370348654411e-05,7.418672377746964e-05,2.7234454185272766e-06
P84033,2,245,S,test,2,7.399317183485382e-05,0.0007414889479164306,0.9732027746587969,0.00021747801145117115,0.017686115753566357,0.0019882067769896343,3.0366735092490625e-05,0.0007130829688241142,0.005248467955738998,9.802501978903944e-05
P84285,5,609,M,test,5,0.0042115605159790985,0.0048474763711295,0.00047996511559722087,0.013176806241742462,0.0658798840295899,0.7778885393458538,0.0017832869062219484,0.07179183734585087,0.0576863582099227,0.0022542859181125465
P84338,6,99,M,test,2,0.003821135311391054,0.07294942225170535,0.6228449798539464,0.006602330614470291,0.01963407130573511,0.027878403832656426,0.21524946470118184,0.0021772174354337754,0.02739263525556187,0.0014503394379178631
P84787,2,233,S,test,2,0.00013291748449733573,0.0009371596233674554,0.9357499295945342,0.00011914646721274773,0.03685433441946122,0.005424673321948027,7.936865713283524e-05,0.0007019001233095014,0.019881423841323964,0.00011914646721274773
P84805,2,239,S,test,2,0.00022686502799311765,0.0009113986169362399,0.968719364044292,0.0004955187909834146,0.013497945864166524,0.0022823228520378624,0.0002198851145363474,0.0013364775816277277,0.012242104868670637,6.811723875607883e-05
P84808,2,238,S,test,2,0.00029086537595587636,0.001007319349222979,0.9825048274077424,0.001141442362329775,0.007589942181897217,0.0015724033517000436,0.00015814075813738287,0.0014205480745751054,0.004181343269317565,0.0001331678691216735
P84809,2,95,S,test,2,0.00039179277136753546,0.00034039546835353815,0.9682378731071049,0.0014443585169185977,0.009381681997791932,0.0041549724600449395,0.0033713779533306744,0.0008760477075507714,0.011767265547810126,3.4234469727076366e-05
P85070,2,67,S,test,2,0.007565562202177264,0.00017161077719154015,0.9409112385154819,0.01189068227807691,0.0058177368990263035,0.021955910717103372,0.004918199836370975,0.0018022507504157662,0.004937448878327937,2.9359145828085662e-05
P85071,2,66,S,test,2,0.07187868457039129,0.006897988073801426,0.6018328501164202,0.11712725883450884,0.011551955397107003,0.13220512503368537,0.02847989570251953,0.010937170756060328,0.018604756752567623,0.00048431476293837617
P85109,2,236,S,test,2,0.00011011611860862123,0.0005952820105538641,0.9498272006133629,0.00023311583365914166,0.031012956261969503,0.0030024969221290093,3.8055106671811e-05,0.0008593900187100746,0.014088271280675975,0.00023311583365914166
P85886,2,69,S,test,2,0.011719150206763665,0.0012112987189822186,0.6274682143151414,0.07762187545846681,0.024140251260841235,0.020052095426944746,0.2219895968886555,0.004607247085707328,0.010966202930371398,0.0002240677081256872
P86037,2,80,S,test,2,0.010955824750218817,0.0002014483051354294,0.8207983447844984,0.011041752290770094,0.008205533436330445,0.12785572489338654,0.0082376482306254,0.005864230076728053,0.0067761047152597115,6.338851704711066e-05
P86038,2,79,S,test,2,0.009459618008506742,0.0002013767998388226,0.8734252614468635,0.00643831180050402,0.008496123874796447,0.08514004522281649,0.005296010726280442,0.005681789663207644,0.005816529215649689,4.4933241536174035e-05
P86040,2,80,S,test,2,0.010522858459601771,0.00017225923143799092,0.8734886828799754,0.00859689823621223,0.005954897155624819,0.08784906749717282,0.004784894275815287,0.0032502932687555022,0.005337935052597819,4.221394280639975e-05
P86188,2,80,S,test,2,0.016584429896071423,0.0003196558683434156,0.8409142497322073,0.01083657704695845,0.007866511124311306,0.10281457755804545,0.008406631651659977,0.004884427880818154,0.007303808818487554,6.913042309698105e-05
P86399,2,64,S,test,2,0.00024382945191234168,1.5167049556648484e-05,0.9973682968478549,0.0003881193196040009,0.0009024045035596796,0.0005630583153713152,2.172579888471509e-05,7.013173453980501e-05,0.00042377532525633964,3.4916534603230674e-06
P86413,0,259,U,test,0,0.9460678382174635,0.01794785387762907,0.0012166051488183695,0.030411302032542657,0.0017156882106960062,0.0014675058868020003,2.861180924296861e-05,0.0002550142732436583,2.6878310580018717e-05,0.0008627022329816866
P86483,2,67,S,test,5,0.015391950882582621,0.00519609464359894,0.0894437901815235,0.19046524645999227,0.03699555713579063,0.4463182203942835,0.08191807774062092,0.06333229850043734,0.06426684719995118,0.006671916861219104
P86500,2,83,S,test,2,0.005767572523627423,0.013889837654739173,0.9255389930462472,0.008197372569542772,0.017939714255946197,0.0016784591869402903,0.0054606277029992855,0.003995080376286186,0.017051456059904598,0.0004808866237668745
P86716,2,166,S,test,2,0.0004689846743186104,0.00019858060199727314,0.9759777588374181,0.004200474693012956,0.002701457205654995,0.014476147284110986,0.00015956398333221163,0.0005397980381426732,0.0012356099312276104,4.162475078454733e-05
P86718,2,171,S,test,2,0.00032287241414421256,0.00023255628960917765,0.9776258779365351,0.004324206024871161,0.0035901480703608548,0.011742937967203585,0.00023255628960917765,0.0006223529162797965,0.0012621079436043877,4.4384147782513055e-05
P86899,2,127,S,test,2,0.0009198804146498431,0.0005241319617304748,0.9625762802867428,0.002122141544715183,0.022113225218767376,0.004371393713177969,0.001042361084870783,0.0017731157385279133,0.004501356977825158,5.611305899247381e-05
P86937,0,839,U,test,0,0.566245564315402,0.22789195519524746,0.013008336730425608,0.06657990912467106,0.010954116634340831,0.029544655673871274,0.05124838726592641,0.012706998925015315,0.008398812389356082,0.013421263745743987
P86938,0,839,U,test,0,0.574827298252532,0.2259866620943816,0.012023729270295732,0.06745708510180755,0.010284441386916334,0.02817527050017142,0.048873044603003846,0.012023729270295732,0.008135663043018462,0.012213076477577302
P86947,2,238,S,test,2,7.526084561843103e-05,0.0002999969834688871,0.9745294569025728,0.022918735897136,9.513862138492231e-05,0.0018021599730368302,0.000104489339109399,3.0408131635930788e-05,0.00011297991504746237,3.137339098939252e-05
P86950,2,394,S,test,2,0.0001587002304021829,7.614520115870732e-05,0.9859807014452788,0.0015324072394148982,0.0004888311150254319,0.0004347754026436506,4.993724358700506e-05,6.412069079876009e-05,0.007951210829731804,0.0032631706019587794
P86957,2,329,S,test,2,0.001690048226085396,0.0013474239707325485,0.9466051872393533,0.012659767397921882,0.003169783562621669,0.021746323954946203,5.874096200535594e-05,0.001198423653960254,0.009820997525170388,0.0017033035072030486
P86965,2,98,S,test,2,0.000325445802988951,2.911150541411649e-05,0.9931465059020099,0.0037831830299391266,0.0002184939688160023,0.0016463068405478465,2.3029098630896266e-05,0.00012066383669771916,0.0005303182021706622,0.00017694181278477846
P86987,2,183,S,test,2,0.0004021956979113235,0.00016313776667588033,0.9978368844404889,0.0002931055195433138,0.0005955687936615337,0.0003453626402075797,5.214196408349814e-05,2.277913692047193e-05,0.00028187679613003367,6.947244377446088e-06
P86994,2,67,S,test,5,0.01188354126210377,0.007436530356464037,0.035668765019126615,0.0847747790893784,0.027308162880372914,0.735208646139127,0.017494267223397808,0.03998371670919429,0.03644338327374958,0.0037982080470856587
P87061,1,1147,S,test,1,0.30548605486428815,0.5156053332283447,0.0028801479065426166,0.05864565105849178,0.02527249245468232,0.04366695159215943,0.006290820460926944,0.025470709564589505,0.012220978802322063,0.004460860067652487
P87074,0,778,U,test,0,0.8313801440164295,0.12849625258102268,0.0004057927364064015,0.015710624957561432,0.002906173312261224,0.008812861977225767,0.002159684548173667,0.006810051490609051,0.002485781775136096,0.0008326326051742625
P87113,5,219,M,test,5,0.0033609403066514787,0.0525482844848192,0.07604774675139937,0.1581878629329801,0.01248740751496999,0.6207762827982453,0.02716867383150105,0.01371473418068808,0.026643180667598947,0.0090648865311465
P87122,5,743,M,test,8,0.00022220746241230634,0.00028089654258393274,0.0011642839178926823,0.0032399039678927097,0.3279073736456654,0.18977824776644786,0.0027712368509768674,0.032467226459190486,0.4412475990556221,0.0009210243313156687
P87141,1,1313,S,test,0,0.5892721300689534,0.30333130965556515,0.00222723973336143,0.021632579668540482,0.04482276651070229,0.01242254650428161,0.002125247107726636,0.008947623720706262,0.006546222012644534,0.008672335017518185
P87143,0,565,U,test,0,0.7800481693274299,0.2066922128928126,0.00010572707532321874,0.005705250730271971,0.001933546216097359,0.0014595172417902359,0.0006376158380861597,0.001979398950429845,0.0008580058685104233,0.000580555859248298
P87232,3,144,U,test,3,0.011535611453864334,0.00665676884804193,0.0022692793995707054,0.9669529803804126,0.0004100504236679369,0.004141362342555327,0.004548397289615026,0.0020341689070410623,0.0004364964017778297,0.0010148845534533229
P87262,1,121,S,test,0,0.3781313996441277,0.247984619880201,0.0015453365987350156,0.36081550618443103,0.00016804756008841022,0.0015696720563369837,0.006208173605960096,0.0006543367293243325,0.00016804756008841022,0.002754860180707074
P87299,1,285,S,test,0,0.8453235376631861,0.13374961517725067,0.00017199660434589735,0.0047219389586707385,0.0034546441309871016,0.0015571300877575858,0.00032639220208148214,0.009899198716659532,0.00042569566192488857,0.0003698507971359174
P87323,1,522,S,test,1,0.3556792769903109,0.36696976677902143,0.0021991963261869672,0.02238529754315738,0.09662203518151556,0.04720492310394289,0.005358676493769092,0.07448166055612972,0.013471709495066821,0.015627457530899218
P91685,4,976,M,test,4,0.00041145465770838245,0.0016021052645448911,0.012237704827257712,0.0011630037172825672,0.9258327025269674,0.016180690396943743,0.00018258189914025904,0.013519472764783543,0.028620724099160437,0.00024955984621114337
P91870,1,824,S,test,1,0.22425172281232558,0.47104642797145074,0.005976106720524782,0.01216674824371533,0.19256339158545674,0.028734014094132513,0.006361531757875045,0.030827098162742837,0.027633233698004734,0.0004397249537717112
P91889,2,331,S,test,2,0.00550295756050554,0.000272375481972162,0.9492539470091682,0.014273588069438117,0.006729209078845152,0.015645880751021267,0.0005766189026110249,0.003068845118463023,0.004643014780216707,3.3563247758800086e-05
P91926,4,940,M,test,0,0.571525894697899,0.32564560470279214,0.0013947075036722428,0.04638978541354046,0.0051016278086466575,0.01994225813679115,0.0021601653203541537,0.013336402439936328,0.0066019976933369496,0.007901556283030948
P91943,0,751,U,test,0,0.9494112331752285,0.04653557114384123,1.7968086841884596e-05,0.0018689436063198486,0.0008261053180113924,0.00017316107183985987,1.2349273932020669e-05,0.00047070059625268774,2.533906679706523e-05,0.0006586286609356019
P92935,6,618,M,test,6,0.00021287576070855142,0.00029554871768967773,9.013726776198168e-05,0.04455406488511925,0.009902597073229191,0.021377276060813993,0.9089848353444745,0.004845029967804253,0.006609448631914144,0.003128186290484432
P92990,2,626,S,test,2,0.004991971362710339,0.0189132390160637,0.7886565830042852,0.04147199864614012,0.0428511867799306,0.06201412455115459,0.010903469157387286,0.0144447496308288,0.014000330885402654,0.0017523469660967366
P93009,6,182,S,test,6,0.00024734731589015114,0.00021489909128693084,0.00013659815982514204,0.10959461408755722,2.775160120605818e-05,0.00011148817508510019,0.8893921438077456,3.453742489741541e-05,4.647518686473027e-05,0.00019414514964168387
P93025,4,915,M,test,1,0.3546997005752758,0.4662439518614058,0.000958111601474539,0.025494405964164427,0.09234839664909747,0.02249873240129268,0.005099201567798106,0.011225033535773353,0.010381460175316604,0.011051005668401245
P93030,5,193,M,test,0,0.9319778511805676,0.0137159450437579,0.0005661246587751219,0.00822222112738802,0.003440946303696006,0.01578695655279595,0.000631557685289402,0.017153322054207963,0.006230748745557584,0.0022743266479644483
P93032,3,367,U,test,3,0.005803928989908266,0.10049394256834002,0.0038662501143634344,0.8219339051132172,0.0024575380394458745,0.0073943965902532206,0.04784228883017628,0.0008900613603229137,0.0036037410015876993,0.005713947392385133
P93050,4,617,M,test,4,0.009405076735871409,0.02014524725624272,0.012655914142152037,0.012557424914810583,0.8141845665647565,0.031941492898808384,0.01827094562741002,0.032192014952272544,0.04289810837879765,0.005749208528878192
P97361,2,278,S,test,2,0.00021229535927253128,0.0020619675970140337,0.9065065360258293,0.0004156541260797651,0.010574299119246807,0.03514907268805027,4.3809625555780536e-05,0.0025263759908807286,0.04077363853074551,0.0017363509373252946
P97363,5,560,M,test,1,0.1345912621409316,0.30360245099533895,0.00881677934956687,0.15814265355838733,0.1321169986369348,0.11278516191426069,0.02131623568997141,0.040768373221665016,0.03829834537306895,0.049561739119874396
P97368,0,378,U,test,0,0.9298845088649627,0.045935948214400044,0.0010389237605140966,0.0018520821194893818,0.014317413099559986,0.0020025782621226388,7.644455163453936e-05,0.0025713611823166955,0.0015116252722957634,0.0008091146727041629
P97430,2,131,S,test,2,0.0004664544796884193,2.414851450551548e-05,0.9937320230896591,0.0007043460152007573,0.004785211124662004,0.00010654825066325465,8.34550318157406e-06,0.00012359813085538652,4.0441149508989175e-05,8.883742074977753e-06
P97468,4,371,M,test,4,1.0893459807819221e-05,3.7432435867838665e-05,0.00013270951679921928,6.075884088750133e-05,0.9791230556301396,0.01463670465334383,1.5210680215110468e-06,0.002882137836354378,0.003092082637436089,2.270392134221735e-05
P97484,4,841,M,test,4,0.0009582661800532335,0.0015676188637130982,0.0896965969430252,6.887636376374193e-05,0.9059034925340619,0.001484191566430131,2.445557448243297e-07,0.0002640300762104379,4.660407823368679e-05,1.0078838763701048e-05
P97586,2,281,S,test,2,0.03661909349012085,0.02290445580001139,0.791793231974534,0.004154949474079553,0.058260556662041434,0.052428823280859134,7.89658593239596e-06,0.026260091150345003,0.006536652839147089,0.0010342487429291164
P97852,9,735,U,test,9,0.02852636378807439,0.3264669763800987,0.004045899011023719,0.12635683966295108,0.008237041502307946,0.021034020852170807,0.08838375624871345,0.005276847145420137,0.003983173038873177,0.3876890823703666
P98088,2,5654,S,test,2,0.0006080393543387741,0.0017321429688679027,0.8696660870869883,0.0006889988226851625,0.10716388210428292,0.011653531974465304,1.2691718444751048e-06,0.0040987718278289184,0.004295476479476518,9.180020922172516e-05
P98137,2,590,S,test,2,0.0033163731654064703,0.004159663713991065,0.8178543591237374,0.006595395635583789,0.11690618408834548,0.014892012294870981,0.0006581544306510872,0.015038154515159306,0.020098186982352415,0.00048151604990200774
Q00805,2,444,S,test,2,0.0320512400656473,0.006385658581895914,0.5233783869372646,0.0637882071822819,0.14031619228847775,0.07840339315282427,0.0006944082174504628,0.1038676231559325,0.04993366218217954,0.0011812282360458318
Q00870,2,350,S,test,2,0.0003467119170941315,0.006242394787448726,0.6884818534675008,0.0022257943190045226,0.01993539516769355,0.13770502528774747,0.05371582772589647,0.006193816071611163,0.08222742958404258,0.0029257516719606237
Q00IB6,0,440,U,test,0,0.8438806126606052,0.09922459987823425,0.00045237717131265233,0.017108467513292588,0.004063617241991527,0.020198111379039804,0.001934571796809322,0.00808146836355228,0.002685886910965186,0.00237028708419716
Q01081,0,240,U,test,0,0.7730813125426583,0.17797343660810475,0.0031594068682210936,0.008521324132725789,0.01707959010716934,0.007175674753883414,0.0021714265736351864,0.0032091599834393244,0.0050094281964745725,0.002619240233688199
Q01117,2,624,S,test,2,0.001451832409712603,0.0081135018784105,0.6847655417600769,2.577311078785251e-05,0.05405564050970907,0.009220777403289592,0.002469650090791282,0.005855361671000478,0.2329797379536827,0.0010621832125390417
Q01163,3,450,U,test,3,0.028968952143218134,0.03086741977634158,0.002171469957995513,0.8898290232695327,0.000863750972907048,0.02192036169147016,0.002876730077256585,0.005811154659495532,0.0015886813243931152,0.015102456127389644
Q01329,0,785,U,test,0,0.541870427984833,0.21893543521110267,0.0009674436524402513,0.042775449420095944,0.021175385020675074,0.0636516526445583,0.0025890134885296263,0.06746795932555824,0.034912307638412146,0.00565492561379476
Q01846,1,1127,S,test,5,0.11293651900747569,0.09631713473029635,0.001790141452716099,0.07803808147224732,0.03286639971225541,0.4484207925048512,0.010628557756569778,0.14220854630073868,0.06397333736719564,0.012820489695653909
Q01989,1,1253,S,test,0,0.4624609084360689,0.40812030710174907,0.0009356039872235888,0.0514326397077056,0.03503977531011996,0.009673348693299832,0.0018034238722872205,0.010624095869273594,0.017244609189241582,0.0026652878330306494
Q02040,0,695,U,test,0,0.8975096674039376,0.09759965151790997,6.931276838660193e-05,0.00041800951371667136,0.0027795253409379655,0.00036317294747430473,3.485264951916126e-05,0.0008644268117225068,7.854165884644819e-05,0.0002828393875488043
Q02127,3,395,M,test,3,0.021558256709416943,0.0774827819073989,0.011721019573076061,0.6919466221651934,0.007567658981660265,0.07307322285892189,0.007686833346004054,0.007807882462680942,0.011449502722386025,0.08970621927326153
Q02204,3,264,U,test,3,0.004880650943521527,0.002700621078110271,0.00023690121739342027,0.9804512688560257,0.00041577457128769027,0.005586139043220991,0.0020625651636259775,0.0031821090786224747,0.0002994711997702128,0.0001844988484217065
Q02353,7,882,M,test,5,0.0035639099042610606,0.012834132124074261,0.08151124675886928,0.03922427197324601,0.20875696008814187,0.36352868039158653,0.0025271904523712354,0.2170728811812382,0.06807194865722792,0.002908778468983684
Q02455,0,1875,U,test,0,0.6515164347241973,0.2511819590239631,0.0003717820493322872,0.007526010708131083,0.007237694195029945,0.00729445970269211,0.0008918588826201415,0.06920790642491861,0.003997033910372963,0.0007748603787424702
Q02457,0,562,U,test,0,0.8039478231681112,0.12043339118033553,0.00048078233145203896,0.01966021105302131,0.010360203131893314,0.016948162607202846,0.0002916092188867839,0.012496791114779453,0.011028378614838455,0.004352647579479019
Q02614,0,308,U,test,0,0.883920920256859,0.09917317544956877,0.00015871701785479805,0.00226057122466385,0.010064614397885214,0.0011912375283636668,0.00047384150467023,0.0021402660077141098,0.000346669850472268,0.0002699867619480749
Q02648,1,567,S,test,0,0.5864474586989352,0.1641278381548709,0.0012433795195570811,0.15907814719794414,0.0077365674825781595,0.03000688389923078,0.006413839274121398,0.03269965057491678,0.005931832310638784,0.006314402887206727
Q02775,0,382,U,test,0,0.8981314674887341,0.04151678257932432,0.00014683679065656487,0.023981184764332208,0.003937826655606779,0.006857318157437228,0.00024209294776169628,0.02365555153787006,0.0011731489117910161,0.0003577901664860329
Q02792,0,1006,U,test,0,0.5174594458872706,0.3314969499507357,0.0038292963991119963,0.06066557691558031,0.011887575355788247,0.021191891026222535,0.0018956393239616311,0.024391717913474577,0.014227563343049657,0.01295434388480478
Q02866,1,612,S,test,1,0.19217489889100278,0.551749116805648,0.0005440133455862952,0.03911902802177942,0.05357391078622614,0.06647875984363175,0.0006770354892821211,0.047371239035338165,0.042463303119001046,0.005848694662504271
Q02873,3,248,U,test,0,0.39066636001627236,0.1258438009476408,0.0029365308073156502,0.31885259338067606,0.02309760408102597,0.023278761234169474,0.05433658101910971,0.0512442732301952,0.0031259208525286396,0.006617574431066121
Q02953,0,609,U,test,0,0.855001814093208,0.059563387664654195,0.0006463614460872178,0.004966255317359744,0.02119653875301717,0.00964778669491681,0.0002340965894029856,0.042154353451207244,0.005540257830052907,0.0010491481600937394
Q02981,3,657,U,test,3,0.007275035444765619,0.010751804100338954,0.00103991208638258,0.7596714925512308,0.00912493819782821,0.15554710880406158,0.009637856643931603,0.01731608956205415,0.02316521243445748,0.006470550174948994
Q03178,2,341,S,test,2,0.00015488889600913513,0.0006955210698416415,0.9928482405243548,0.00011510366542487414,0.005417531807154329,0.0002614245094496901,0.00023251577411414806,2.528491887831094e-05,0.00018977384149193493,5.971499328108274e-05
Q03180,2,325,S,test,2,0.0002110228411190681,0.0009130677347484518,0.9896348269633378,0.00039117452120634424,0.006988116646535523,0.0006919172115854348,0.0004067571197240334,9.364081194637039e-05,0.0005101877691693035,0.00015928838062761612
Q03218,3,510,M,test,3,0.004499100651526375,0.006701390780019428,0.0008586683614372105,0.5801301646499477,0.028352007504202487,0.20206006038308427,0.003672058724415974,0.08006058699501466,0.07790109579579181,0.01576486615456006
Q03266,1,374,S,test,1,0.2694515000518122,0.3459825529441478,0.0013179478753370033,0.2673546086403142,0.009587410875360013,0.029416173812950717,0.019672090265533314,0.01165532697880188,0.021270601163059524,0.024291787392683416
Q03370,9,554,M,test,5,0.14528641882722182,0.07581653851964601,0.0032223581199400052,0.10095687751194504,0.07552096652095726,0.3185767403972918,0.021012413509389177,0.17286919983101914,0.029172846747039526,0.057565640015550236
Q03406,0,294,U,test,0,0.6192110570117332,0.19484340879314588,0.001511074814011855,0.04390208326595893,0.011430197182612782,0.03541438504166062,0.0012333034148886619,0.038366942284413244,0.049505270404374,0.004582277787200874
Q03431,4,593,M,test,4,0.0006747066437378842,0.001004972484473893,0.0009514888996800687,0.0015444188447688437,0.9650188582055852,0.009685066425840563,2.4195167241205844e-05,0.016865543842152723,0.004072977186730443,0.0001577722997891331
Q03445,4,991,M,test,4,0.0015511688890513123,0.0029436013042019224,0.04586615916871966,0.002786945870484574,0.7548423011826653,0.04393708474450619,0.00027379758843530335,0.10622625238409042,0.04111416421316572,0.00045852465467965156
Q03482,4,75,M,test,0,0.6618543958453249,0.017776157962548954,0.21320052751459473,0.04917750205768057,0.045481749532860244,0.00581633633914375,0.0003492981827746059,0.0045297677348631335,0.0005758953130714445,0.0012383695171376034
Q03496,1,1420,S,test,1,0.38405448354802874,0.4705534000496111,0.0015212530332202857,0.03810088724521118,0.003220492987045699,0.0575885328016708,0.000644139133224365,0.022706685680283,0.01949807450669266,0.002112051015012174
Q03529,5,384,M,test,5,0.0013065628571701535,0.004351518769988551,0.0004658693415545458,0.026243017254154708,0.010520622587370495,0.9250982206182486,0.002239969888328209,0.01550298716594759,0.01161120136922045,0.002660030148016656
Q03560,0,1150,U,test,0,0.8285694174401868,0.12706524213560894,0.0010167136852283192,0.0013469269118194995,0.020321771630246153,0.0036613268542233447,0.0036900427890082716,0.006947977977710637,0.006681804121567102,0.0006987764544009613
Q03562,1,455,S,test,5,0.004891911024570569,0.009210973919066185,0.0011087221720978012,0.09864122357390968,0.03428982548812167,0.6407139260276143,0.03482981376400686,0.13118986701413027,0.014266235662549389,0.030857501353933177
Q03652,3,475,U,test,0,0.43501537622985653,0.2638501797761169,0.0030958698766933137,0.1813413930509712,0.0024490344569994106,0.06367236315026718,0.004434628835455565,0.010975811525711726,0.016348423280221094,0.0188169198177071
Q03673,3,198,M,test,3,0.025045053531469495,0.001961680176793292,0.0002593346044513904,0.9620956466231065,0.00029386460800606327,0.0016779141313409945,0.005940014401293397,0.002366238050276989,8.419361916824417e-05,0.0002760602540936244
Q03774,0,444,U,test,0,0.5595365296452834,0.39061940622410235,0.0002448116194897698,0.01599732264730457,0.0030770882280904137,0.019754054483025727,0.00040362613280565794,0.00709876900241125,0.0018374132185830483,0.0014309787989038188
Q03776,0,544,U,test,0,0.4872842155657142,0.2450218956267775,0.0005114387315344643,0.17648265258381984,0.0017850966115174345,0.04427455487948651,0.0018707652450240535,0.023698460833914258,0.013397894042465188,0.005673025879746528
Q03833,0,894,U,test,0,0.6634731772527199,0.2618576242344486,0.0009370566530820185,0.025129714540436162,0.014096491723144193,0.014543963341407189,0.0008015070202962022,0.010394100849014687,0.005968829977988625,0.002797534407462351
Q03834,0,1242,U,test,0,0.833727962795806,0.08517067069503015,0.0010721406125799356,0.018782740096207673,0.03114948670479328,0.012366233449806011,0.002612433604911139,0.006671082295519585,0.0072697337003235375,0.0011775160450227568
Q03860,7,143,M,test,5,0.00035437236696016434,0.00018674111639190735,0.002701596548401291,0.002292815095104139,0.05426301724095983,0.6307868264908358,0.0010415583223843808,0.09825763700985359,0.20801143029780325,0.002104005511305676
Q03921,7,1698,M,test,0,0.5836488555454847,0.21980416589872318,0.000469681482769725,0.028054337712595485,0.009733266115278416,0.061426091422555604,0.0012569328431490112,0.04611847138357587,0.04089862073830732,0.008589576857560672
Q03937,0,162,U,test,0,0.691042263299391,0.24639872389152886,0.0011958126305157857,0.023878217395330078,0.015148303885045143,0.004109087046652673,0.001660221418054067,0.01379268654091109,0.0020026092498577047,0.0007720746427135896
Q04031,0,235,U,test,0,0.9017895472857866,0.06687456378839608,9.82127968676889e-05,0.016324425139223882,0.0007033724696990558,0.005775356207744474,0.00021789460182678562,0.006993675148673159,0.001055886970460721,0.00016706559132152125
Q04213,0,475,U,test,0,0.9599273179377414,0.03579452924917689,0.00012222489654505338,0.0007970064915322497,0.0012248213944906707,0.0006304840572513197,0.0003648961838853554,0.0007033557903130848,0.000307273400857303,0.00012809059820665202
Q04217,0,1267,U,test,0,0.9066498606435229,0.06567749499353505,0.00027263572282470604,0.016801616436205213,0.001384558489663547,0.003244443254122469,0.0005507392981708353,0.0041013607566605225,0.0009080156748711773,0.0004092747304235864
Q04231,0,177,U,test,1,0.25157436382889575,0.3942390328133239,0.012476318344449908,0.03695754656090978,0.057689911824719796,0.030163870710025454,0.07465629922116136,0.021726220547722882,0.11831423477722801,0.0022022013715631604
Q04235,1,462,S,test,0,0.5203590533001047,0.29189495037167024,0.0010045293290221918,0.11839781274901409,0.0036744155046518406,0.02823201270326913,0.006758284471133225,0.013440453808841393,0.006250390951037443,0.009988096811255716
Q04341,3,121,S,test,3,0.13507923766903845,0.11582182590476338,0.09796129372355446,0.4760996501075496,0.011196790497682789,0.05843826133279212,0.008720069375076854,0.06318683309639221,0.029042263192544618,0.004453775100605507
Q04712,0,507,U,test,0,0.8163979398634917,0.10792800452408925,0.000688511624260914,0.02284494903508265,0.0043515272963788355,0.013195843030267563,0.001153039943379985,0.023570125198164833,0.007230724917152969,0.0026393345677312085
Q04806,1,366,S,test,1,0.04376817997599185,0.4873893406209153,0.005674249661691477,0.30980352490554824,0.0037212633705515676,0.10216235673911443,0.011918904615011949,0.004704117915157018,0.0070617173108970316,0.023796344885121133
Q04924,5,702,U,test,8,0.022800667795369742,0.02297949663543716,0.22145677180035153,0.011287149330970464,0.10708949244111873,0.17864196460009926,0.003389016811920295,0.19851255925287994,0.2320846825673513,0.0017581987645015735
Q04949,1,312,S,test,1,0.25410527363620516,0.5593699894939338,0.0022156837255666206,0.05112292320019197,0.022377616122781722,0.030706285018123676,0.0007193272573215927,0.04355727572555383,0.03398875942018159,0.0018368664001400079
Q04952,3,1785,M,test,5,0.021730835458105124,0.020898339214996505,0.004663050354939503,0.08461463778420115,0.061890280403612774,0.620356762544071,0.005713288427425055,0.10407778277921302,0.07139197267849638,0.004663050354939503
Q04969,5,178,M,test,5,0.030097345476129377,0.01911236332675005,0.005671715703576655,0.14974430131599145,0.006426896229561067,0.7428481996068746,0.005005271583245679,0.0267952894781973,0.009134461150449096,0.005164156129224704
Q05021,0,590,U,test,0,0.9664337131246559,0.026990575577531584,0.0001735330382477037,0.000874415389052571,0.0011584122342057487,0.0021058230665429315,0.00014163353325374545,0.0012722667833291984,0.0007537932089183084,9.583404426236534e-05
Q05031,4,458,M,test,2,0.0006934736924493062,0.001743392716250662,0.5226740380923374,0.00019868354670149046,0.0989777919315407,0.1121565431568289,0.0024204613357320837,0.07588891143037048,0.18347585692262658,0.0017708471751624595
Q05123,0,467,U,test,1,0.36135899099316227,0.47130097737362214,0.0006060740988782807,0.08994936713728688,0.004141764144058532,0.03226090885406138,0.002891417286216702,0.010494060546835039,0.016253519388902845,0.01074292017697595
Q05201,0,766,U,test,0,0.6590235150520144,0.26626955556384435,0.0002708701278562792,0.02885667086871257,0.01966893453599387,0.004171430923823184,0.0009454296823232967,0.005440571769110686,0.0046173533295524975,0.010735668146768816
Q05394,4,352,M,test,4,7.008405404015096e-06,3.9089745136601053e-05,0.0001751880825816742,8.405616500122171e-05,0.9756509957798527,0.013488736413039751,3.3105364859497022e-06,0.003383946009242391,0.007108064118445817,5.9604744809907645e-05
Q05471,0,1514,U,test,0,0.901587884869444,0.07117167713202388,0.00020147449269870734,0.0035434292362818156,0.008110990580206175,0.006218911951424453,0.0005391737101944939,0.004657749921694559,0.0036845835095721327,0.0002841245964597776
Q05635,0,350,U,test,0,0.5100941215181122,0.38204283669673045,0.0030331305207856553,0.04900007842132126,0.00837474248379976,0.023213908773519618,0.0062235795899391565,0.005079537782645871,0.010753382320326361,0.0021846818928196944
Q05812,4,728,M,test,1,0.2348055485957037,0.39322530292870445,0.007035334893743063,0.010236351508584521,0.28994616180058136,0.023248897315312832,0.00044625388217378625,0.03116284423346537,0.0093203035771903,0.0005730012645406524
Q05924,1,578,S,test,5,0.0040599009027075285,0.019217974999136862,0.0259618287570171,0.04900298900848885,0.014393598444160854,0.5401158209584304,0.003873984241008187,0.23967493523653977,0.0920426750042983,0.011656292448212239
Q05926,1,109,S,test,2,0.02146001835857618,0.1610664067998387,0.4378238260864223,0.2218783171660095,0.005097201837400261,0.065140288146871,0.032979270377463954,0.010136995085528318,0.02047729417488138,0.023940381967008435
Q05949,0,395,U,test,0,0.7365130677807895,0.217712849012846,0.00046159236979708356,0.020509175462882515,0.00168843485511809,0.014815544767388483,0.0005567867564173887,0.0037753365660500153,0.0023810746340949904,0.0015861377946159367
Q05JG2,5,471,M,test,5,0.004696076588246427,0.04310005395242309,0.0022532024178229444,0.15370092802922583,0.03573120273097596,0.6445822513153302,0.024129766212422764,0.02755705925631267,0.008241871112805652,0.05600758838443448
Q06139,3,101,U,test,0,0.4771241145147579,0.26764235997224584,0.019387948189927003,0.1617004341583877,0.03146974871369912,0.009448931008347277,0.013534970204847575,0.009302439549292755,0.006912986099879619,0.0034760675886152067
Q06188,0,304,U,test,0,0.9606149555730757,0.03287043713913021,0.0001894412661043615,0.002254405236145003,0.000523064039784461,0.0011073266814212734,0.0011604684118793527,0.0005396679492734668,0.00046887163196897866,0.00027136207121717293
Q06224,0,779,U,test,0,0.5315396038704012,0.2757590930809711,0.0005938685330441312,0.07776243763812413,0.010692340018119318,0.040987930027645204,0.009888798648856246,0.01833093673075217,0.024860439115908562,0.009584552336177932
Q06244,3,254,U,test,3,0.37268256078540485,0.18021752867570004,0.008628771153036138,0.39983003408704826,0.005658886220914743,0.01550309253534848,0.005658886220914743,0.003125133619330481,0.005316031438960448,0.0033790752633418033
Q06328,8,317,M,test,8,0.0025942396105654436,0.0022894084108609066,0.003490930978209341,0.013382106430835953,0.3293244625035885,0.14843815945279729,0.10525841535498055,0.05272091315111621,0.3345105435690283,0.007990820538017494
Q06349,1,442,S,test,0,0.7945170640698802,0.13914923787011402,0.0012518336673205683,0.04065322625313487,0.000959814263874685,0.010772033917461375,0.007850262571759825,0.0018500902778932646,0.001311910610857534,0.0016845264977036944
Q06385,7,345,M,test,1,0.37574823985214867,0.4712938653622766,0.004995846491986906,0.01625327305538836,0.015268538140184227,0.0280831380052529,0.01434346282139894,0.02292079058461952,0.03823544689016794,0.012857398796576002
Q06488,0,889,U,test,0,0.805077534429044,0.14321916538947643,0.0010849822402689822,0.017579260251353788,0.013744327012391748,0.006803935276545994,0.0004739936218314331,0.00550999427498289,0.0035575199366208133,0.0029492875674840212
Q06551,5,359,M,test,5,0.004187281231560233,0.004320199589030248,0.0014930210266519554,0.040669929120175856,0.18369954772053299,0.5315522536375757,0.0007163592943047636,0.17256975124730276,0.0536688527424253,0.007122804390440147
Q06632,0,1357,U,test,0,0.5263332791971812,0.35613495567520675,0.002594606052782231,0.022766946175178056,0.016527028965993458,0.02767756616749478,0.0026354652701296353,0.014585052803665843,0.02452096374441241,0.00622413594795565
Q06678,3,367,U,test,3,0.023328437938565594,0.05185758261156546,0.01740407675642073,0.8484601291573137,0.0008497383606201183,0.03446456996799514,0.006528881304622432,0.00477663176860121,0.005540989671878072,0.006788962462417566
Q06679,0,776,U,test,0,0.7485263017365397,0.19833973665130789,0.0005484585175446958,0.013287932957042174,0.009721659626286827,0.00831537657050326,0.005626464945679739,0.008921096639114475,0.0037480337288574336,0.002964938627123863
Q06685,1,1146,S,test,1,0.20439111444051056,0.5039006288609239,0.00795612082789772,0.04234357024412673,0.10237361863947368,0.06740103417202799,0.0016418382860424992,0.03780854728582004,0.027126309407943798,0.005057217835233085
Q06688,1,274,S,test,0,0.7095278728335445,0.22855739596239805,0.001033912009773931,0.021509743107616067,0.003135299845426456,0.015492887361287063,0.002258271792735032,0.01335570332943469,0.0018431475823876716,0.0032857661753965682
Q06707,0,132,U,test,3,0.06862271618661252,0.05578987334168905,0.2969213742110775,0.3136114795119265,0.029170409021533707,0.1205542914416668,0.0022670226308849147,0.05492493170966586,0.056008231233855246,0.0021296707110878637
Q06709,1,432,S,test,0,0.9183230212816907,0.07192862075825224,4.4380694216081395e-05,0.0036803869832328904,0.0009790224628743404,0.0011901883546572031,0.00011692754748521054,0.0030750784662418847,0.0005000356433431881,0.00016233780800624755
Q07084,1,712,S,test,1,0.3243571593861565,0.4610044763373301,0.000641005535800602,0.03813834575413677,0.07562527978124037,0.039195583164963674,0.000704006831858463,0.04877968988856524,0.006891458918192185,0.004662994401756081
Q07230,0,614,U,test,0,0.9336148021438443,0.04400821830368776,0.0022961902720005007,0.0017197671329133937,0.014712145736477594,0.00252187185357023,7.43898208614967e-05,0.0002364103741080549,0.0003386422510337477,0.00047756211150291726
Q07376,8,486,M,test,5,0.00022145702167604075,0.0007148720628944286,0.00018074796432879933,0.005241123251642162,0.18047609204914516,0.4466826212188864,0.00025489546165188365,0.14730029436377173,0.21432065387742238,0.0046072427285810185
Q07500,3,545,S,test,3,0.007187775178474987,0.017929444857644347,0.0029963107200621565,0.7804586625668206,0.010296012716010758,0.1345679519606063,0.022053592851818793,0.008208698013424975,0.00534150166968729,0.010960049465449784
Q07508,0,261,U,test,0,0.7029492294623391,0.22467607373527823,0.0004074486808064414,0.045824367785053326,0.00291803271124773,0.0058945883363967985,0.0006823480396627146,0.008377899458217274,0.003957439234031901,0.004312572556966556
Q07549,8,140,M,test,5,0.008246921663448224,0.00793098818551066,0.05668867193323031,0.01932505827284576,0.3294221650696068,0.345231462112247,0.0007434825867342193,0.1682523731785862,0.06226032767940634,0.0018985493183845063
Q07844,0,837,U,test,0,0.6714133382256421,0.21797599615835458,0.0003078585032207293,0.025629908800555018,0.019960594587260735,0.020117146181213786,0.015067046905411899,0.012787235447471823,0.012491019931212584,0.004249855259656798
Q07845,0,632,U,test,0,0.4482435802382875,0.2676584673015365,0.002815174820132326,0.17829897682704396,0.0050185917915555305,0.06015435871801126,0.0004816195783708954,0.016074141201641752,0.012915935137668963,0.008339154385751366
Q07913,0,336,U,test,0,0.7860491630839038,0.15119673994653102,0.0010108276494081513,0.006289580189664512,0.004459980145384592,0.017708604092586133,0.0017465534244737039,0.01147828396102113,0.016897667962626456,0.0031625995444004218
Q08179,3,573,M,test,3,0.008954509950963157,0.010971296404942835,0.0013001372366190582,0.8647754055436869,0.007195151297079798,0.07439172895191294,0.017125948992426383,0.01209677084754677,0.001383988979712303,0.001805061795109836
Q08217,1,1101,S,test,1,0.25332780017876605,0.6319098803265359,0.0007515419085763963,0.009446287090669624,0.03642411720620476,0.029096616092013305,0.0016936259066319145,0.013852065222629266,0.020233516708827316,0.0032645493591454506
Q08230,3,162,S,test,3,0.004544869424790652,0.0013780088059973184,0.0005744395171262431,0.975684758453711,0.00025892018691776414,0.004191020442004625,0.010838879771283907,0.0018113583841331334,0.0005655336879193162,0.00015221132611595203
Q08235,0,291,U,test,0,0.5304498753381117,0.2751937550551237,0.0013779547508470799,0.12698105171259,0.0012743999444584353,0.04430871896963126,0.003254293979414798,0.006835728056668347,0.004244399787394373,0.006079822405760262
Q08278,0,222,U,test,0,0.5882255827655319,0.2490703973483867,0.002945373431456286,0.04219682368770514,0.047350591274080145,0.027944923343644217,0.001652204723713826,0.012894465142202546,0.022630489580187086,0.005089148703092108
Q08281,8,1341,M,test,0,0.4756655508272356,0.3762824326927957,0.0007494542111250789,0.0666777432937639,0.03028972891558073,0.01517125534621553,0.0007732444394063772,0.023314837921397335,0.007870743238549562,0.003205009113930208
Q08287,0,484,U,test,0,0.8196309511657287,0.1588926936589318,0.001194352415050377,0.004760804642536441,0.0034559736092955734,0.006065421937222996,0.0003067351108119444,0.004136258724187002,0.0013323965546579047,0.0002244121815772116
Q08288,0,388,U,test,0,0.9352362915004608,0.0616855220249243,9.42008729949615e-05,0.001417098850525841,0.0005815762291552168,0.0006337657975905298,4.763842077856548e-06,0.00026009696262872605,1.2164896707630548e-05,7.451902293408659e-05
Q08412,1,411,S,test,1,0.3711229116113063,0.4338866298486245,0.004253675059501056,0.011929725750369758,0.04755304190816283,0.06509258337413791,0.0013595561650945665,0.05289406117569224,0.01061051762080541,0.0012972974863054306
Q08465,0,219,U,test,0,0.9458054075748894,0.03445096013658256,0.000499155270664195,0.001913457476452309,0.005366424562163838,0.0024378083384003265,0.0004010825010120726,0.006176716575303984,0.002595033503250296,0.0003539540612810404
Q08553,0,188,U,test,1,0.37054328717756196,0.4264927093113443,0.0042139805796026315,0.07957023723072458,0.022603285535938232,0.013925480321582496,0.0627151531026671,0.011015962349934754,0.00508303123881988,0.003836873151824032
Q08605,0,581,U,test,0,0.9683623601692422,0.019786133087601753,0.00013541737682768682,0.003828232290373519,0.006784691211305437,0.00035124593294084456,5.766767288548882e-06,0.0005191078098165475,0.00013541737682768682,9.162797777578964e-05
Q08742,3,149,U,test,3,0.0004014065725435064,0.0006540972300953628,0.002153096691195003,0.9919964535766532,5.604891626630166e-05,0.0005486577208720879,0.0035498558524868374,6.252709050553997e-05,3.346833500276362e-05,0.000544388014379367
Q08748,1,1289,S,test,0,0.3785248873509094,0.3288681362611384,0.0007027313441265455,0.03806924997663233,0.04076265361460672,0.03689798139921512,0.0009910100369475577,0.14089298906015332,0.028848645692726937,0.005441715263543629
Q08881,1,620,S,test,1,0.19193378982385412,0.5553787608626445,0.0012534508132523478,0.013795437000736054,0.19495629679732518,0.020229672090108407,0.002492784871093599,0.010660287487955614,0.007559276071394695,0.0017402441816354902
Q08909,1,290,S,test,0,0.4311567338140944,0.36878789682632623,0.002793818112572997,0.13834530941696518,0.010543759406540907,0.017795964221943024,0.0009070199013580336,0.015341079058064547,0.011400523048707343,0.002927896193427356
Q08925,1,612,S,test,0,0.576423633931471,0.32082804757620653,0.0005339077773987459,0.006504328071911493,0.029609429348215626,0.009764153400841507,0.000664458957082106,0.02542541017552972,0.02803364445785118,0.0022129863034921113
Q08960,5,810,U,test,0,0.3459373714150569,0.32880884424262163,0.03070368619202808,0.10156224672755332,0.04887306692491894,0.06499970707343877,0.02906966769558828,0.028175288824446167,0.014167425229292095,0.00770269567505582
Q08968,3,688,U,test,1,0.12958688231785995,0.3564059029474263,0.010846936719748557,0.3564059029474263,0.0048132997698691555,0.07618020134258222,0.023877707646255693,0.00987624988234252,0.017064628165852098,0.014942288260637253
Q09146,0,399,U,test,0,0.8275000859643884,0.15069896723304427,0.00034011692548774385,0.0043423219855179395,0.0032269395145322014,0.007103564566768728,0.004111227781448051,0.001500666331670803,0.00017645034816629523,0.0009996593489755414
Q09175,7,709,M,test,5,0.006835201102978111,0.02121902860945682,0.2193866760174195,0.009945158067702776,0.2077111381126597,0.2906401176051179,0.02223734986201854,0.07649665414365803,0.13836544769700374,0.007163228781984903
Q09377,0,322,U,test,0,0.881332881512204,0.10202168756786267,0.0005879786379335271,0.0014104875851393337,0.005079360720368865,0.002494898179478772,0.0005188893452850645,0.004846759645825693,0.0015982916942308522,0.00010876511167124227
Q09428,4,1581,M,test,5,0.00780467775809492,0.016393923998394202,0.01017921875317752,0.034167870600736824,0.30692341673599566,0.3370894166179631,0.0026554080906931116,0.13997194056887693,0.12694904104731594,0.01786508582875179
Q09685,0,411,U,test,0,0.833249809973144,0.13081327676158397,0.0006811031605875927,0.00472779306844128,0.005976489801985705,0.011701400522774456,0.0007480454585192833,0.007496198126578657,0.004107577445311268,0.0004983056810737369
Q09706,1,1369,S,test,1,0.2667657130395435,0.5388815389810465,0.001513607447060552,0.053460813928083856,0.04745625320396138,0.04397566233255331,0.004662238981352767,0.02442838618147698,0.010925049866849319,0.007930736038071866
Q09712,5,464,M,test,5,0.001275258856381939,0.0010738755970100737,0.0006825968259810867,0.020341851122096802,0.01937245606610129,0.5739395704463497,0.0003379099412711692,0.3481119625292969,0.03288935919228301,0.0019751594232280943
Q09774,3,118,M,test,3,1.9724536204396117e-05,4.376079779576479e-05,0.00020077319027663268,0.9944930493531061,5.4461188947646374e-05,0.003908565897444763,0.0002179372332157388,0.0008113180860150519,4.8061834800554e-05,0.00020234788219334221
Q09778,1,899,S,test,1,0.24388377835041586,0.5714941977030065,0.00046714259446541486,0.02277351075203034,0.011677095176466647,0.023404815183319633,0.005346163882956365,0.07933226639878913,0.035272302488369746,0.0063487274701804555
Q09781,1,252,S,test,0,0.47257537001800065,0.18651464720453803,0.00900031632930276,0.30038717612912635,0.0030383730999259135,0.0034429279878208634,0.018685141717531842,0.0017584755682086613,0.0011004258494855899,0.003497146096059278
Q09800,1,419,S,test,0,0.8621373747027825,0.07358764835208596,0.0008770332762081702,0.04192897664974573,0.0017441888288039697,0.007286163956648999,0.0015392412851505618,0.00763583320720194,0.001491883881617915,0.0017716558597542782
Q09808,0,152,U,test,0,0.8828608683504588,0.053854854682817706,0.0008981147843026986,0.008323685539336797,0.004525509345833402,0.019466877622723054,0.001527744744767437,0.021048714166476554,0.004455347691710113,0.0030382830715733377
Q09842,0,407,U,test,0,0.9248301641211525,0.06595582056460494,0.00038012128913460203,0.002808737775024399,0.0018564622726008602,0.0014233989539016614,0.0001911369916974274,0.0018710225720096874,0.0005035788841264126,0.00017955657574746984
Q09868,1,576,S,test,0,0.4446445098142604,0.41770484955996656,0.0013088515233761482,0.040400318716745154,0.017649590932101403,0.042838245540497775,0.0013088515233761482,0.009373627583411837,0.011757162374953166,0.01301399243131142
Q09GJ9,2,239,S,test,2,0.00030966516940290423,0.0018821671031763604,0.9230988201232708,0.0002775820374197752,0.01651549184441316,0.0035439301956200035,0.0004721829990324212,0.0025228583733751422,0.05127028473376794,0.00010701742052146828
Q09LL3,0,331,U,test,6,0.007894190870259183,0.001640232726988309,0.0008056552523805326,0.0429683173798643,0.002540442132500699,0.0008056552523805326,0.940489639124994,0.0008987734225339122,0.0015051622006137595,0.00045193163748477214
Q0DFC9,6,154,M,test,6,3.901554448588501e-06,5.009695196078429e-06,0.0005974227769015635,0.0003099388617007136,5.0497407070501596e-05,2.15917777231095e-05,0.9989899924763099,1.6011947064440262e-06,1.7485554201786543e-05,2.558701741247828e-06
Q0E7J7,0,325,U,test,0,0.7758652018784767,0.17177170619044088,0.0017786484785016767,0.023246772728025934,0.004872788704627312,0.007145471448493716,0.0010134433457510375,0.006208093408823579,0.005741547362245673,0.002356326454613471
Q0HA38,1,1315,S,test,1,0.4045026515775355,0.4512553086219194,0.0015288768054204523,0.05830259814731998,0.011839107421776887,0.01736090540586323,0.0005366861661829159,0.03604216532732135,0.008265029788560151,0.010366670738100077
Q0J7U6,0,1133,U,test,0,0.5096595104821816,0.4497729606800426,0.0006657227016995572,0.006316201342548283,0.01619210970656719,0.004513984912336744,0.0006156928638389714,0.006026960932741846,0.0034340590231049734,0.0028027973549382013
Q0KL02,1,3102,S,test,1,0.17371040629454756,0.5371598480550438,0.002429919998014718,0.02473380262936582,0.1730331782606914,0.03407224941706629,0.01253448071961819,0.01465429309025206,0.02018714129717874,0.0074846802382214205
Q0MW30,1,546,S,test,1,0.44711150743460976,0.49105592783516205,0.003413738603088548,0.022001032772607607,0.02402223568078637,0.0038083004144336676,0.00011681170668302902,0.0010090991142938492,0.0014230580474314314,0.006038288390903712
Q0V8E7,4,668,M,test,4,0.009188463427016381,0.0022871893546097333,0.014856202319160457,0.015721955170020157,0.58651527634978,0.32390447046274046,1.3600126046489769e-05,0.014972721954783238,0.026322895078691025,0.006217225757152149
Q0VAK6,1,560,S,test,0,0.7481214561199778,0.2354068507511996,0.00017796209804945548,0.0028056293383782486,0.009253365181977365,0.001056609697475328,8.147698998176633e-05,0.0026981472604300726,0.000250966788184379,0.00014753577434594806
Q0VD83,4,1088,M,test,0,0.6358833962703992,0.2821715497944315,0.004817247431405172,0.00043090837789243753,0.0637031500947753,0.004560878073175398,0.00016874613499200144,0.0062339818631256564,0.0006172477203363622,0.0014128942394669671
Q0WMY5,6,952,U,test,6,0.024591894188353253,0.004584721171753807,0.00020301850805800226,0.011095264641419092,0.0035152276074529518,0.0020827035815738125,0.9520969146192779,0.0005433056363911928,0.0005783458324533604,0.0007086042132665892
Q0WMZ5,6,178,M,test,3,0.00025115447326856514,0.0008496446526583774,0.003386765715108776,0.8617264619883296,0.0079828640367074,0.03756697472192821,0.053393438405608264,0.011276898894476048,0.007782725609588301,0.01578307150232651
Q0WNX9,0,196,S,test,0,0.8598134100731535,0.10109801055982537,9.661371788101004e-05,0.00042627968083571414,0.02710407842531987,0.002694170745332746,0.004044429483322904,0.001808780632407717,0.0028234664938906247,9.076018803059137e-05
Q0WP36,8,464,M,test,4,0.000969820126763471,0.0012452736196684158,0.00036239530695004134,0.010145310257589803,0.5347799629826019,0.18772542375032414,0.022322291387479456,0.04974228116764966,0.1819497188016933,0.010757522599279788
Q0WQE7,1,617,S,test,0,0.45047375220031644,0.4298450602715588,0.0006667598890738567,0.043836454636377156,0.0018994223741301294,0.008991119047513749,0.007630663439868838,0.018091748597705203,0.02123418388555427,0.01733083565790157
Q0WRY5,4,378,M,test,4,0.03838585450588351,0.04912023312885725,0.0016906794737426658,0.005630822035892658,0.8622156440646656,0.010938821610497595,0.011920450444165502,0.004184472113999936,0.01393641817197393,0.0019766044503213625
Q0WTP1,1,329,S,test,0,0.5184896406943285,0.39137651147220265,0.0007917932539789619,0.02090487928573086,0.004021058184056544,0.013603062824378677,0.0028071509623493925,0.029137142845928735,0.015535186432729997,0.0033335740443157266
Q0WUA3,6,382,M,test,6,0.0006422619254415793,0.0001623892437691526,0.0002940489466033412,0.2845733427902376,0.0028117398842737494,0.05736466424892134,0.6215652745118783,0.01181476827723106,0.003681553015656756,0.01708995715598717
Q0WV90,0,1120,U,test,0,0.4743748839679335,0.46702041549726464,0.0008875840432917963,0.012641662425173644,0.019733357287106356,0.010000378387649616,0.00041926502925087754,0.007203001884938486,0.0040405180439352885,0.0036789334334557926
Q0WX00,0,460,U,test,0,0.9506235449287078,0.0427579708186614,0.00011731626403319678,0.0005510075323535244,0.003097377125419842,0.0007075076816607272,0.0005257750343495697,0.0008943735463488838,0.0005596846068716747,0.00016544246159333345
Q10109,0,688,M,test,0,0.3474267499999938,0.22256991759504707,0.002779938574902286,0.12436367101374751,0.029423798153936125,0.12363711272960662,0.00817069429350457,0.11660089601694726,0.01368333708958631,0.011343884532728473
Q10146,0,777,U,test,0,0.7479613361548645,0.2013110639422074,0.0005068583550244235,0.027404592756162183,0.0022363639798046804,0.01153604305401904,0.0010899167014947083,0.0044824234924196555,0.0012350375841987675,0.0022363639798046804
Q10154,0,240,U,test,0,0.8774587625661049,0.1031727659605282,0.00020230676797924432,0.012657633286718359,0.0005499267997565992,0.0031646104186671704,0.00025976706847141056,0.0013610820003353322,0.0004559053672359663,0.000717239764202796
Q10197,1,1105,S,test,0,0.4279207668065263,0.28954570015869974,0.0033446951468606616,0.08387262693507767,0.008149858150475408,0.04726702852542228,0.002645871700532727,0.061287668216807846,0.055477042660583904,0.020488741699013466
Q10215,3,142,U,test,3,0.0007533288668214979,0.0016976526891855429,0.0016454213196457543,0.9887425765153756,3.9614261058511916e-05,0.0013429537920852425,0.0051279976861911564,0.0001747863321352884,8.788809858538089e-05,0.0003877804389160577
Q10253,1,286,S,test,1,0.14781286438357374,0.5600232150764445,0.003923721845116152,0.1351118901934428,0.021884764181745682,0.05249881806441122,0.007563172392303639,0.022756552840544744,0.03350088919763783,0.014924111824779677
Q10269,5,537,M,test,5,0.003405552377565898,0.003919766971031789,0.0007194413470592952,0.025578817617726086,0.08646866884193839,0.7528339154208783,0.002631606835422913,0.07751000933534,0.04197717195833652,0.004955049294700853
Q10297,0,993,U,test,0,0.5051110217790796,0.26617481413701793,0.0005643408905891694,0.015493230375658753,0.005189582531805502,0.07319576793306236,0.0021633397995074986,0.050554448909312016,0.07434843231747226,0.007205021326494912
Q10308,3,269,U,test,0,0.6065811943277704,0.2508929004478615,0.004087111799724148,0.0561597257234488,0.00751734969853064,0.02324569161073933,0.00020668973749701674,0.029385308854359006,0.018317164347037104,0.003606863453032075
Q10425,1,725,S,test,0,0.6718328709667739,0.2935020637985581,0.000642033187123848,0.004456593195071318,0.005858081546852724,0.008523458585092113,0.0022762052328247173,0.009216055317407736,0.0023120499798675773,0.0013805881904280246
Q10430,0,238,U,test,0,0.5663172522880617,0.3772486395147763,0.0007874380569811905,0.026012779778388055,0.0009954148996103086,0.010998381146834683,0.000567170375885021,0.008734488736736455,0.00517501302224391,0.0031634221804824093
Q10451,3,1261,U,test,3,0.045806266738550996,0.0659356143472831,0.0002726401235569923,0.7877237816017285,0.002430015065651448,0.04084052218954446,0.017471200438520747,0.01845326325773464,0.016801886892832484,0.00426480934459657
Q10916,2,564,S,test,2,0.0022095568450057773,0.006053305771954893,0.4771313955622268,0.004863967339666804,0.04817418070876783,0.2004579474388502,0.002665234324925135,0.10399621054368319,0.15369643769834349,0.0007517637665759391
Q10925,1,1237,S,test,1,0.30155639947965807,0.5129647103113497,0.0039165340136062855,0.022450230351186932,0.10421511222414064,0.009322161510335332,0.00033169381386447325,0.0358753640761935,0.006457273191567312,0.002910521028097722
Q10R09,4,310,M,test,0,0.42681267420301267,0.29334377941975226,0.0017442859064907348,0.009356140063221063,0.2431905244709032,0.0036926532251581683,0.009728846040538227,0.005289481898598093,0.005372778923157073,0.0014688358491685295
Q12008,1,311,S,test,1,0.1224014089793913,0.5507120495844177,0.0012046777423054562,0.24058829273158855,0.008104845889953851,0.032180745188336204,0.006512425846724286,0.010165753784995967,0.01624482871803961,0.01188497153424713
Q12010,8,308,M,test,8,0.001013929361603941,0.001013929361603941,0.0005427172226964266,0.0016457695552327658,0.25200733244666546,0.18437249740657763,0.0045441155716278905,0.07566632986067183,0.4782258811709556,0.0009674980423644824
Q12032,3,185,U,test,3,0.017267722539637174,0.013983828291444034,0.0005931815157872994,0.9613804918358062,0.0003829867493691465,0.0016250811070148124,0.0024017144063172026,0.0009479015222789011,0.00031750718370427756,0.0010995848486409136
Q12035,0,217,U,test,0,0.8629946479081756,0.0650054392999427,0.00027196241416948505,0.03596960160880259,0.0020733353165268264,0.012503810757860188,0.0026209413721212612,0.015930269589946353,0.002349396336002079,0.0002805953964529525
Q12046,0,339,U,test,0,0.7914380331899217,0.1522332857824936,0.00042426443010167074,0.019659075639412577,0.007120045278316262,0.007698604740490595,0.004025308364801228,0.009656213102809041,0.002024052173587072,0.005721117298066338
Q12050,0,791,U,test,0,0.4922091918074716,0.448161568318019,0.0010435766216824586,0.008468926810536967,0.014690264931635779,0.005597618825451703,0.000128593847666356,0.0210428347842591,0.008081106398712994,0.000576317654564075
Q12052,0,315,U,test,0,0.8179561701414606,0.13669420126306098,0.0006379845713295888,0.027474383443536095,0.0016548058858059332,0.008569548428813594,0.0017342217370133251,0.0029500106804184172,0.001173433093225168,0.0011552407553362765
Q12072,0,812,U,test,0,0.8178533065821869,0.1512876515057837,0.0003361519335574991,0.01029525368283638,0.004462661876195975,0.004393474850521574,0.00016382737487691097,0.007357685672519549,0.002814565671543409,0.0010354208499780981
Q12102,0,859,U,test,0,0.508968815414204,0.3210025635072221,0.00391650281715059,0.08159927043171843,0.014438333504285347,0.020521010611065357,0.011601526886553193,0.011511243547453965,0.012446621073554034,0.013994112206792945
Q12118,1,346,S,test,1,0.28278608496256935,0.389554280981541,0.0011923673440274373,0.25547595066280565,0.004430182492188846,0.02888841880353794,0.00901940415416061,0.013329814832177147,0.004942225996756902,0.010381269770235168
Q12129,1,218,S,test,0,0.7403671811341582,0.19771640087642442,0.0005257898218703123,0.023247759999619158,0.0040715399098495125,0.00917535675671472,0.0014978357457522394,0.016942114296466953,0.004471711496592049,0.001984309962552363
Q12134,1,243,S,test,0,0.45074345598324517,0.41686954110998303,0.0017036505340130314,0.04818551873746436,0.009502200185625894,0.01578935198493797,0.00012933469829074534,0.03660394537531836,0.01889738209672714,0.0015756192943942897
Q12146,0,194,U,test,0,0.3848760645210059,0.19811722230298548,0.007742087198117824,0.11332560098435429,0.010748824815755575,0.12916937205779722,0.02441283079135951,0.018142075837472762,0.10320932206641409,0.01025659942473733
Q12168,1,779,S,test,2,0.03997963078430054,0.16314183784441408,0.2617202557811748,0.02350281051996815,0.030653443394322213,0.2010602097385636,0.02010301764497997,0.05379846774012677,0.17130542366233228,0.034734902889817613
Q12176,0,1025,U,test,0,0.9623376919937291,0.013970438670909703,0.000157333957273642,0.0024804201008452,0.0016652753444662688,0.014135116994498183,0.0010421027172556998,0.002922649321036997,0.0011625495040910126,0.00012642139589417293
Q12188,0,680,U,test,0,0.8773951421210838,0.057870483961937814,0.00037207212800674554,0.011895691951041192,0.006804488052323111,0.013374684234706282,0.0011108021988755887,0.008601679706543238,0.020433828454748896,0.0021411271907332908
Q12204,3,715,U,test,3,0.027022293145789848,0.06806685108115797,0.001309071915257844,0.6781160312769202,0.0070217038374541995,0.16488625297309514,0.012038000996658124,0.027022293145789848,0.006805668662646265,0.007711832965230527
Q12251,3,326,M,test,3,0.00024035434383086072,0.0008521301719936923,5.5332711195894756e-05,0.8642473157205207,0.004734270844602227,0.03979471394656541,0.005789231532748575,0.016078515613686846,0.006572884005779345,0.06163525110907648
Q12270,7,262,M,test,5,0.001136734452286902,0.0010189623147855713,0.0011546355191638929,0.00999402772019793,0.05520051115493026,0.5981159557324771,0.0006787751635231403,0.2781497720351276,0.050260634863728545,0.004289991043779091
Q12288,1,251,S,test,1,0.07823790456820652,0.6563586464305114,0.0141649401770311,0.05591411034185782,0.0160509791811271,0.0964694898334711,0.008795210919622863,0.02126409258083818,0.01643161816050859,0.0363130078068253
Q12346,5,211,M,test,5,0.009266097898308194,0.001957513131339033,0.011442103260669788,0.1128841771544109,0.10040127343393916,0.6345555692194287,0.017930775626148723,0.08689005549524599,0.017109665776675193,0.007562769003834364
Q12359,4,275,M,test,4,0.006548613245822081,0.015225982144593435,0.004866516170000267,0.009754130521399555,0.504215295152496,0.1649786068757294,0.0022631403768779952,0.0297528576921625,0.23084658158580856,0.031548276235110216
Q12361,4,961,M,test,4,0.006308229303782687,0.012159430704892234,0.002080233423883688,0.004761701195866434,0.6535898694600724,0.12185021585233057,0.0012229061033470795,0.09489704162547771,0.10101738033514002,0.002112991995207228
Q12373,0,385,U,test,0,0.717038342765101,0.16898615878616108,0.0020457292242350143,0.007424733698318034,0.022780627309278382,0.02415531160139885,0.0029303718274693987,0.0219079165781949,0.029250905299105377,0.0034799029107379174
Q12427,1,513,S,test,0,0.6440946490934798,0.31390664133321783,0.00011747503651801452,0.004108911400052792,0.02444342535640228,0.006072577584114799,6.487587992991365e-05,0.0034064075608713105,0.002652912646329692,0.0011321241090835432
Q12429,1,685,S,test,1,0.1144036942288073,0.5468565195043207,0.0009994991067824935,0.17274951838283137,0.00548832953634674,0.0731646116459857,0.013583746662826761,0.02557682231677609,0.03564888218986495,0.011528376425457877
Q12451,4,1283,M,test,1,0.33485032962099687,0.4948766658206308,0.00851482310060435,0.046210857389262866,0.033808587824492156,0.04191142549715481,0.0017848039832044891,0.012486163099420728,0.009648559284783384,0.0159077843794496
Q12454,1,224,S,test,1,0.3462597537512654,0.49213430561504884,0.007074976882502776,0.024887772772108584,0.06871734927005729,0.01778649068493121,0.0032391604584544272,0.02230925735435804,0.013744334866371232,0.0038465983449022263
Q12462,9,236,M,test,9,0.011038348557718717,0.0028459773164028284,0.003174917409479277,0.30422927682652307,0.0036543077688761597,0.148269513134045,0.011038348557718717,0.033867950094687,0.017987131335368587,0.46389422899918065
Q12487,3,163,U,test,3,0.29445909544048987,0.15516903597420287,0.061601546267901305,0.4120223513875972,0.009174153853811897,0.012937630505106507,0.031157229423868303,0.006817651926290915,0.0038243562809553923,0.012836948939775718
Q12488,0,208,U,test,0,0.7323167045418011,0.12725754052327987,0.00268273838417493,0.04841958898137111,0.0028114857984957715,0.020937160881989745,0.0017052521289339423,0.0189891807405628,0.03946106782100913,0.005419280198381575
Q12497,3,93,U,test,3,7.189986441962554e-05,7.594139698915892e-05,0.0003721575822004113,0.9988270523865677,2.8377228209885654e-05,0.00016782649822947096,0.0003204285206267293,4.464364301303948e-05,6.954138455807459e-06,8.471874128820264e-05
Q12507,0,346,U,test,0,0.9081320675764125,0.08579963926729411,0.00010862429071173235,0.0014197096093287274,0.001511272942631835,0.0008411501074581082,0.0005430872856597898,0.0011056709956050377,0.00032939912153487697,0.00020937880336331042
Q12515,1,295,S,test,0,0.49742402539794056,0.27685816149839887,0.0016852986941920446,0.023631197368656463,0.11541165850819232,0.01715441113448381,0.003248498200236227,0.013676688595707198,0.04963793049468697,0.0012721301075055433
Q12524,9,340,U,test,3,0.22961235360365412,0.09769988304610032,0.0014533809573054756,0.40298224411530104,0.005659115210872761,0.17882229961899437,0.016894997163466322,0.02851570437814692,0.02273470419420979,0.015625317711948906
Q12532,1,1038,S,test,0,0.8714752187554502,0.109077922888126,6.943857910008621e-05,0.011423981585813146,0.0006797280387068543,0.0024669928739042596,0.00038129283003083257,0.0028842067889509795,0.0007465351293155279,0.0007946825306020718
Q12692,0,134,U,test,0,0.7298262858077437,0.06490240372992165,0.004692340827117821,0.12292280288541584,0.0049949708440288785,0.009331833753705499,0.037197594327060025,0.00317499653126572,0.00804454383341169,0.014912227460329212
Q12697,8,1472,M,test,5,0.0266789796772059,0.028790571245538788,0.001546848806008426,0.009624815387782015,0.21566358450891837,0.366856127643344,0.0012625010999764502,0.14592529515368557,0.19790403644481966,0.005747240032720802
Q12706,1,436,S,test,0,0.4696086444688429,0.42095447461357965,0.0012391178427709423,0.004750024626017478,0.061479055668927196,0.01657921296537266,0.0006328795120316782,0.00724292189032556,0.015819995061479172,0.0016936733506527604
Q12769,0,1436,U,test,1,0.3879048321249449,0.43613311952768186,0.002826064225724485,0.07029861790213497,0.025188435327737017,0.01931264373540353,0.024223482820093647,0.012864994079386419,0.013802122397399,0.007445687859494207
Q12800,0,502,U,test,0,0.6978482461478532,0.26904447635003265,0.00026527235145680614,0.010472816164386733,0.01586034624529335,0.003494277823550091,4.6097418174897687e-05,0.0015505764011248039,0.0005615815535985577,0.0008563095445288396
Q12933,1,501,S,test,0,0.5364020415599263,0.36579441675041546,0.0035030499231943285,0.02338445536821087,0.03310643849955779,0.015216556232450808,0.004428269764976795,0.010790152372234444,0.003342633569369098,0.004031985959664121
Q13136,1,1202,S,test,1,0.311040190416424,0.5290972549177804,0.000521679055533314,0.019423518178358707,0.06124744889051897,0.011598314068153611,0.00027064350222550396,0.05821487634670959,0.006765236093980398,0.0018208385303155308
Q13148,0,414,U,test,0,0.6939650034758615,0.27176057731621406,0.00027216996552397886,0.012319354086228937,0.004392600993324476,0.0061945597294269,0.0007875499269467284,0.005175748733174817,0.0007398347799741063,0.004392600993324476
Q13191,1,982,S,test,1,0.31877919642575714,0.6049365893002802,0.0025507148565999988,0.007674754289781812,0.043374415287536744,0.0068796045151171105,0.0002646753488585309,0.0064124968458812125,0.0053578409996247476,0.0037697121305625765
Q13255,4,1194,M,test,4,0.02687855178682729,0.02068916007886926,0.07747244209703896,0.008557408140803968,0.643620860906365,0.09698261658269089,0.002549404563018933,0.062460187345198315,0.05948726006879965,0.0013021084303876833
Q13324,4,411,M,test,4,4.441004988317923e-05,0.00012850475329470408,0.00019290847714332134,0.00023269204731996275,0.9630309784461971,0.013314259848411333,8.087671092041517e-06,0.01202843113951522,0.010952010321113492,6.771724602959819e-05
Q13495,0,774,U,test,0,0.9613816104103364,0.03213461675021964,0.00017534433135674767,0.0008430819632937585,0.003474062044671891,0.00026736820388102895,1.4169994669282377e-05,0.0014453788428466438,1.7092278622762643e-05,0.00024727518010180427
Q13536,0,156,U,test,3,0.10870870315069897,0.09528152835080818,0.03305729286178872,0.5252462319769995,0.039256503383134064,0.08658553900979814,0.08760617908520048,0.007376079018223156,0.009620219840422516,0.007261723322926361
Q13873,4,1038,M,test,4,0.017209507745534324,0.019012019086777448,0.006443295478694367,0.0037290932312074535,0.8913414819904414,0.012714302816782095,0.00021537008561162436,0.03442632078464688,0.014295076518715116,0.000613532261589265
Q14149,0,939,S,test,0,0.6177300092514951,0.3155056175733969,0.0005721675002402073,0.011314119919738687,0.021596598942831412,0.0036731566506860974,0.0007462471110208415,0.023998816953995396,0.004162231843501864,0.0007010342530934346
Q14197,3,206,U,test,3,0.011374369236007337,0.005126829712299797,0.0011895201140047014,0.9770007705787557,0.0004920068883487671,0.001813801583151437,0.0006028194315051828,0.0014460886560628307,0.0001168618761655535,0.0008369319236987557
Q14203,1,1278,S,test,1,0.3815161775015919,0.48606427117649625,0.004271503416062527,0.048150381562667495,0.04060612503107397,0.01073855782964422,0.0008411089416975516,0.017843748865216218,0.0019253172828230618,0.00804280839272681
Q14258,1,630,S,test,1,0.37602645054568745,0.5059988885700318,0.012667435258918554,0.016781625690116556,0.07699356816997452,0.008115064042107793,7.771433459808094e-05,0.0020042792098610013,0.0005742356154686771,0.0007607385632355274
Q14318-3,3,253,M,test,0,0.5296631251940467,0.292507726637699,0.002779416865994273,0.04917021279384263,0.07728009374085454,0.03243611255847882,0.0010549476896258144,0.008169160841984782,0.0037401144818591677,0.003199089195614281
Q14508,2,124,S,test,2,0.0006001931208928187,9.57091497938449e-05,0.9803735304984109,0.0001733068835004706,0.016868258389280046,0.0006748152279546715,6.412113367824153e-06,0.0003017960204680563,0.0008974839264818499,8.494669849480315e-06
Q14669,0,1992,S,test,0,0.6543900893510496,0.2643974989906233,0.0012436848926132371,0.009936388470943401,0.04890862052617274,0.008173450736253142,0.0005605727138678799,0.006415415483540869,0.004077885720008399,0.001896393114927488
Q14680,4,651,M,test,0,0.4467377463969064,0.3674764714888304,0.0014670031704238622,0.012672975009835585,0.13678057795915408,0.01277237041382151,0.001056642760734396,0.015406418934304502,0.003746124300583003,0.0018836695654062656
Q14690,0,1871,U,test,0,0.6526017543059328,0.2255331549209601,0.0008524354078381904,0.05365389504035878,0.007137353453553132,0.023311243725828778,0.0014728762542782741,0.02580319857507601,0.0029291642556188795,0.006704924060555013
Q14832,4,879,M,test,4,0.0002282410680764418,0.0009760632384472947,0.002948335793939514,0.0007601588037056862,0.9446099856771127,0.013739891146928578,0.0002247025080065585,0.010013129413952227,0.02638108244239177,0.0001184099074391579
Q14833,4,912,M,test,4,8.049263624920277e-05,0.00031341896518865604,0.001570059575396696,0.00035515019734956013,0.9791261259865199,0.006030420296047309,5.278835747747074e-05,0.004009287950559593,0.008405178205389604,5.707782982192978e-05
Q149M9,1,1564,S,test,1,0.43731385445976934,0.4802953270992447,0.004027521892423053,0.023912495222364997,0.026676317707283022,0.008135816454872057,0.003724848362889544,0.005952291247452162,0.005252877820842211,0.00470864973285895
Q14BA6,1,303,S,test,0,0.4494436839070512,0.34730317105105496,0.01024470166936749,0.09274794617010634,0.019593502714873905,0.04131773357824974,0.015499737561455734,0.00592917790764248,0.011608767892333005,0.0063115775478651305
Q14CX7,1,972,S,test,0,0.6538513987487337,0.2313236091373938,0.000277275161283208,0.0647400610886613,0.0019246710849974353,0.021898011176062406,0.000277275161283208,0.014558757317206147,0.0018948319722434225,0.009254109152135344
Q15042,1,981,S,test,0,0.6753335162612344,0.1965332525874158,0.007047738119253136,0.07681335694822229,0.01083080310523592,0.017172886474519082,0.0050762953534570325,0.007047738119253136,0.0019267441705757271,0.002217668860833524
Q15070,3,435,M,test,3,0.0001081226936719531,0.00010317138306585142,3.0497405021854278e-05,0.9927821593084686,0.00042430567224306887,0.0037231638046173175,0.000875734948246665,0.0011883977824131491,9.692055014933703e-05,0.000667526452102223
Q15582,2,683,S,test,2,0.002407601004050309,0.007894219337676492,0.8983015320834041,0.02723252551978392,0.019519309665857663,0.024363446470974475,0.001068366401550683,0.0032145687767012633,0.014605018189944523,0.0013934125500565612
Q15648,0,1581,U,test,0,0.8469279177002226,0.11642422208904915,0.00018343691271010144,0.0047680054419570045,0.01960903911348177,0.003543280899549696,8.139964261691015e-05,0.007241996272925913,0.0005391510638215448,0.0006815508636652882
Q16719,1,465,S,test,1,0.18875727237908468,0.4857889970845726,0.007730313506062742,0.11161676764912047,0.011247539112398714,0.1189315162036587,0.0038267827731600806,0.011972943421467873,0.009324537874499269,0.05080332999597482
Q16740,3,277,S,test,3,0.014771546359983961,0.00914949709650149,0.0017057609564661359,0.9554059591218658,0.004494082037693855,0.0043219163372803845,0.005884327880001277,0.0010185564896528524,0.0011908131104391576,0.0020575406101150896
Q16853,4,763,M,test,2,0.00979448752726175,0.028120733537292303,0.33991470618368835,0.06142133044975393,0.12359078114090172,0.256581065664278,0.0008969050167007431,0.1057127853384979,0.06712955174306415,0.006837653398561123
Q16891,3,758,M,test,3,0.011415052611497035,0.0451474093598392,0.006977881435900094,0.7576680416055916,0.014206262555324919,0.06803955556448818,0.0062549325431426744,0.06672354467561231,0.007087766784224669,0.016479552864379274
Q17025,2,258,S,test,2,0.00013621783972539013,0.0009755539012632673,0.9589847582240203,0.0017121504617897056,0.013467107421902753,0.01394898022417816,0.00010775719037913553,0.0007962239041750195,0.00943835139330968,0.00043289943925663924
Q17353,1,1379,S,test,0,0.5204912763824908,0.3990745049891393,0.0005815246554574778,0.0066551967972018474,0.04433979248212042,0.0028179877912615386,0.0024868656122190697,0.0124335450516793,0.007720164108831736,0.0033991421295985207
Q18409,0,179,U,test,0,0.9537442040412979,0.03698067487243457,0.0017161492117471235,0.0002779734876925766,0.004486265272394381,0.00045119550497503314,0.00033010168025964307,0.0007675094197307558,0.0010327968383533202,0.0002131296711147087
Q18685,4,720,M,test,1,0.26216698156778945,0.568169127027703,0.0013865160535497638,0.03346124723159121,0.059494772116095454,0.01869688029889085,0.0022156462465387572,0.03981389548300208,0.011518813873508445,0.0030761201013310645
Q1A3R1,2,62,S,test,2,0.0010198787268888207,5.620475427917674e-05,0.9641492473919193,0.01738523231203452,0.004743584191161717,0.006983230933331448,0.002271555714603109,0.0008455090727309618,0.002524223981944822,2.1332921106078765e-05
Q1ECF5,1,205,S,test,0,0.5758744358335177,0.39579233819519966,0.0007640589078274601,0.01478747121323848,0.0032420379927681625,0.006152307192058789,0.00036659947484467145,0.0012020334663968848,0.0012597202899302746,0.00055899743421794
Q1EHB4,4,618,M,test,4,3.7148655881447404e-05,0.0003416126969457455,0.0005458955252136726,0.002084473306084326,0.871026462814042,0.0661250328505946,0.0003931938270299903,0.02001005562913502,0.038872900573268386,0.0005632241218048748
Q1EJP5,2,73,S,test,2,0.0011280124673604486,2.758507967100572e-05,0.9709448722615924,0.0036528438535969984,0.005818731204980419,0.013635064440645538,0.002974820811042452,0.0005245745043256574,0.0012882306724893288,5.264704295707072e-06
Q1G3I2,0,117,U,test,0,0.8663192036381153,0.12096526897526035,0.0013024582389090603,0.0036814840342420793,0.0014991202908882222,0.0012822654173104437,0.0016464614736106042,0.0013024582389090603,0.0007777333545403885,0.0012235463382144762
Q1G7G9,1,1523,S,test,1,0.3844231972080233,0.5172979247655751,0.0032235847395228013,0.005929080317519959,0.07452383654725493,0.0032235847395228013,0.00010201545252161253,0.006986163572790874,0.0018950477286454423,0.0023955649286230996
Q1HG44,5,320,M,test,4,0.00012661268933214994,0.0006634030720612124,0.01181665911049453,0.0014377293499883302,0.6834322214297742,0.13884769101266148,0.00015757205175242345,0.04798447386808287,0.11332416777991436,0.0022094696359384464
Q1K8F6,3,712,U,test,3,0.022009068421110233,0.019537075542161345,0.00102636654327872,0.7615834884172739,0.001181340490674985,0.006537712530747893,0.1313134651476076,0.014003483400401815,0.0008376958299213407,0.04197030367682226
Q1MTQ5,5,396,M,test,4,0.001115917591438524,0.01932190755460947,0.03970409607142703,0.0028944700388939546,0.42957744542443704,0.2952439822124259,0.005241208310012065,0.055150598980982866,0.15079587887576257,0.0009544949400105343
Q1MX22,2,177,S,test,2,0.00019673615626537952,6.226027715163491e-06,0.9821392946558977,0.014009464445190127,0.001194609131275058,0.0014565364208349685,3.472599277258135e-05,0.0005873456410465683,0.00036755150651795755,7.5100224845475745e-06
Q1PFN9,1,564,S,test,0,0.6877742077882272,0.2376884313343538,0.003087033869084108,0.011741718728417436,0.01604902619684332,0.008391427198561254,0.008725704960464807,0.00958331152360104,0.006433930029533443,0.010525208370913607
Q1T7F1,1,81,S,test,3,0.3203690805869673,0.17350258663797605,0.02163173163617832,0.39560301360362987,0.010460421916432837,0.008146584608695025,0.048179926104418444,0.006649048242247414,0.006649048242247414,0.008808558421207363
Q20374,1,833,S,test,0,0.6156253855064677,0.2526521347876517,0.0006771507441659762,0.020337824018205018,0.012978104353481516,0.023684627030970157,0.015172941316102152,0.046644755804508824,0.007452698729233405,0.004774377709213575
Q20748,3,595,M,test,1,0.13355631843357696,0.6248377429181163,0.003330481866590248,0.1555344131417499,0.010339065235840404,0.017450477558189664,0.008706366458842683,0.01931591849826542,0.004696732287434247,0.02223248360139411
Q22866,1,284,S,test,1,0.0786434112697598,0.5416452875846259,0.014661666913276616,0.01700783145635975,0.032783452367995826,0.012540788369303215,0.012346360812330497,0.21377496386495773,0.0729466601017335,0.0036495772596571966
Q23255,0,728,U,test,0,0.7805540546682731,0.18252351845013465,0.0010195679477389354,0.01185208649891901,0.0074168462163794364,0.007132711806603504,0.0008858159982347903,0.002297631926146461,0.004902236619860992,0.0014155298677091205
Q23498,2,618,S,test,2,0.000990482902234426,0.00465206960436425,0.7582872817157738,0.0020643433926617145,0.041140777794293905,0.06943821443297185,0.0014188011984507106,0.022686838160154838,0.0986916015791564,0.0006295892199381544
Q23917,1,793,S,test,1,0.3319645068504142,0.4718167087487353,0.0011335344067985947,0.03444635268831102,0.05520661036419958,0.049632078275022154,0.00019697873464627103,0.020092380152327442,0.033912309949677866,0.0015985398298675481
Q24142,0,601,U,test,0,0.8607614434361814,0.10042185001270704,0.00025883675037542236,0.004922196369516897,0.014242848156943683,0.0041774143613043,0.0003650183627193494,0.007161754075881679,0.006078101928015787,0.0016105365463544275
Q24JJ9,0,361,U,test,0,0.5399671096832303,0.16339911217553207,0.0004018739780878612,0.040199394523893296,0.006691802169001953,0.009812878262868516,0.1808663126077782,0.007012948263807686,0.003933907413567096,0.047714660922233046
Q27249,1,256,S,test,1,0.05395455306006429,0.4971268493575113,0.01897685795641265,0.022186195560493303,0.04259828121437982,0.013992657937082119,0.14580683464484973,0.12917770493469277,0.0703013094898362,0.00587875584467782
Q27289,2,259,S,test,2,6.034488867323282e-05,0.0005506029017898452,0.9724522649231409,0.0008662199092105009,0.00861287753003396,0.008413361229886085,7.748437058088509e-05,0.0004821239474017201,0.008218466152267997,0.00026625414701495235
Q27511,0,140,U,test,0,0.6910006405531895,0.08481601627655701,0.004956206773630392,0.1288247853817476,0.00677433191025032,0.006265232340960119,0.05691499264373327,0.0020340231717643383,0.004729245790450192,0.013684525157717179
Q27908,2,447,S,test,2,0.01763449316519623,0.07001875663150219,0.7586766023231336,0.004043863842059583,0.05989021073700315,0.028693575541862252,9.66002058573816e-05,0.0017944536019497545,0.05873183178865144,0.00041961216278446265
Q28298,5,1534,M,test,1,0.3012605705100093,0.5124615089884316,0.0105530314576978,0.021484906287092723,0.06386082194553924,0.014766344749489098,0.0009588464107386856,0.06989807915562389,0.0018482247767666752,0.002907665718610985
Q28388,2,180,S,test,2,0.00013572544557898108,0.00044156339492664,0.9858495901373949,0.000711150477061925,0.011299448254322164,0.0013364116052177414,3.995202146698932e-07,7.379264918279513e-05,0.00014223902737661143,9.679488723529147e-06
Q2HJF1,3,112,U,test,3,0.07095973618184477,0.07808638756425139,0.022947440750011358,0.6299915625205349,0.007930422774864823,0.023675872806199053,0.14057011267389127,0.01277217397517484,0.006890070779092206,0.006176219974135358
Q2KIX7,2,212,S,test,2,0.0018178384118237704,0.0019350790097986802,0.7507596523832999,0.0027936126132772922,0.2117614889354323,0.021297413433955446,4.3765280911826866e-05,0.004128692019647703,0.0052600893025250865,0.00020236860932799266
Q2L4Q9,2,553,S,test,2,0.00012432465837598024,0.0005571844245688314,0.9463770313004713,0.0007857560262206323,0.043576418020232974,0.005518520088183044,5.408552125514261e-07,0.0001726076829234555,0.0027708247427966305,0.0001167922010145452
Q2M2Z5,1,673,S,test,0,0.6928827557970487,0.2756097174412123,0.0009634216511040409,0.0033105385497257615,0.01410218314769263,0.0015637876650816719,0.00012836349921864317,0.010812518797672208,0.00025528132378534207,0.0003714321274586767
Q2PFD7,4,1037,M,test,1,0.1978691603953749,0.6746328169057279,0.0019247450069110204,0.018694531981700645,0.08248413711188282,0.00889993124980313,9.582741455289425e-05,0.013050886435956078,0.0008950896250090459,0.0014528738730816015
Q2QX40,0,465,U,test,0,0.9926289891452393,0.004301443892739315,1.878600661124182e-05,0.00011689045637854059,0.0020219612533749127,0.00024362065528480746,0.0002149944495795276,0.000267564913525332,0.00010155618749051277,8.41930397764966e-05
Q2TAA5,5,492,M,test,5,0.009251767824385334,0.027728777543428312,0.0018360695212194167,0.14303593422458888,0.02645898812327166,0.6140812075834421,0.011514010907525029,0.1343698360553083,0.01573778698251433,0.01598562123431669
Q2TBR2,3,149,U,test,0,0.40780777943784957,0.11105378978721363,0.01373807094781211,0.40780777943784957,0.0007512032425787751,0.009741751052972989,0.021613021371505458,0.0017465998356663228,0.01053334540460827,0.015206659481943276
Q2U1F3,2,377,S,test,2,0.002379954020368428,0.02154634453690056,0.6103033830480766,0.008306856009920163,0.015041772741694987,0.21931711650239852,0.04169421513906433,0.02460669836199589,0.04403787342434815,0.012765786215232321
Q2ULM2,2,496,S,test,2,0.0008193412689786776,0.014021461648356374,0.768542100988774,0.0015307309606681651,0.019543062642998998,0.07491621278276439,0.010020686184021625,0.004864652578256043,0.10239832715990321,0.003343423785278569
Q2VWH6,0,458,U,test,0,0.9434479645217747,0.039246164970288815,0.0007132247102588845,0.012397689037159727,0.0028877528905273528,0.0005642071584507439,5.796744621855787e-06,0.0001060113882910954,1.1528202984356454e-05,0.0006196603756424916
Q2WFL8,5,288,M,test,4,0.014823236806108,0.010573018825699432,0.021805939272204863,0.0053164477070651,0.8665808668212135,0.01637581293951383,4.599628833391477e-05,0.05671240149109798,0.007381157636896389,0.00038512221186697194
Q2YDF6,3,325,U,test,3,0.06208756391654646,0.027283444008682167,0.0006530237359705068,0.8912350819806821,0.0010766542161742502,0.009747229827563205,0.002388661570706388,0.004462607347326381,0.00024023401095230927,0.0008254993853962537
Q32MW3,3,439,U,test,3,0.06082417694689937,0.178075242424883,0.0006128292926473784,0.6826320990685931,0.007465788463288876,0.05047428380556451,0.0014932518028135922,0.0054620877853710365,0.002349214636448083,0.010611025773490977
Q32NK7,0,271,U,test,0,0.9426995962942856,0.023971670859838992,0.0014172915611030891,0.026742331261162423,0.002355046067434932,0.0012804162486274161,2.4385849952903104e-05,0.0003262790217673077,4.415706938106423e-05,0.0011388257664462767
Q38819,0,450,U,test,0,0.8429722330481481,0.1149786655407741,0.0004735769259091344,0.01756380527699542,0.006486652061484394,0.00695916137156308,0.0012673575176797998,0.005814597107579586,0.002025231519960148,0.0014587196299063027
Q38898,5,802,M,test,4,0.04577020353257221,0.06620618408099399,0.004549600914021914,0.03992147939627034,0.5177096495486718,0.1256372575016974,0.024787810465860184,0.05607882266515486,0.11218146483542436,0.0071575270593329
Q38998,4,857,M,test,4,0.019687297464399983,0.03441757820976454,0.004603645914353065,0.024693404197943535,0.6418461412793165,0.09484454553533261,0.035649092167353465,0.058546269358246986,0.0790137599832207,0.0066982658900686595
Q39002,6,624,M,test,6,0.00011480312304419604,0.00012220729715479347,3.501297557815089e-05,0.015154172720345725,0.006938085955288625,0.010094856258912687,0.9597889821376817,0.0026103566286430017,0.0038017572496713368,0.0013397656536798218
Q39044,8,486,U,test,2,0.012088856046234579,0.037382038275412206,0.6200400276182392,0.013805907450223382,0.07717255111233887,0.11787535396944099,0.006470698534834133,0.03260519190041073,0.07782531134646435,0.004734063746401599
Q39119,8,494,U,test,2,0.005026225012220604,0.020833123455929595,0.7117980075586524,0.009995842380824769,0.06423323766270275,0.058728264927266446,0.015361383100921139,0.02542576150382043,0.08402172462073407,0.004576429776927747
Q39238,0,688,U,test,0,0.5861230378300407,0.2878939453253714,0.0003560371045446704,0.011517206913659796,0.06945764137965686,0.014559114067972218,0.0040746293167466755,0.019977837411420448,0.004203971393387159,0.0018365792572001198
Q39250,1,139,S,test,1,0.2374441406123635,0.5477778753441627,0.008382803518449042,0.16969365881709064,0.006788600971506322,0.005044859688365226,0.017746395850425332,0.0039289406297754875,0.00197559542838162,0.001217129139480178
Q3C1E9,0,204,U,test,1,0.0860152074728204,0.7532868202911156,0.013905139303269217,0.013583027428799577,0.020550466576300438,0.04055143049514182,0.025876938670128205,0.006937531120725154,0.036067186912757475,0.00322625172894211
Q3E705,0,233,U,test,0,0.8414881455203306,0.11477623442838923,0.0003198740100174862,0.021991162219662557,0.0004441010943107892,0.004450357638509878,0.00020652619977531595,0.012554684059444661,0.0018697353581634815,0.001899179471396011
Q3E754,1,87,S,test,2,0.07260003280266936,0.1809193390839171,0.552934079267043,0.06452452775885197,0.027208246632949636,0.01174792116053843,0.06873632583377924,0.0015530780952566436,0.015932544175579537,0.00384390518941515
Q3E769,1,90,S,test,0,0.4144389353677925,0.39546039777175807,0.00846805302691497,0.1031620135181091,0.0007399302547929913,0.05099414310652192,0.003421402567975608,0.004604000954080447,0.016322599123023196,0.002388524309031216
Q3E785,3,79,S,test,3,0.06803540677736916,0.022261102935535106,0.018527333990345552,0.8754305572270341,0.00016473631919337208,0.00831836622889485,0.0011615041521605496,0.001255885426728526,0.001587587942329126,0.003257519000409595
Q3E792,1,108,S,test,0,0.9242865234285296,0.03583847791752064,0.0004172361732757636,0.03446552974817757,0.00042380668257125954,0.0015025251633398423,0.00042380668257125954,0.0012952575961809386,0.00017666889387527292,0.0011701677139578713
Q3E7B6,8,73,M,test,5,0.0019384932400268477,0.0009447461989520108,0.0200130338498458,0.03803373388303661,0.03545134011978078,0.7120591889059605,0.005878408375844001,0.11533588214775439,0.06319884643067167,0.0071463268481273
Q3E7X9,1,67,S,test,1,0.2283313198095317,0.2931832275186216,0.23742701810068054,0.13318448813819,0.0030836387438461744,0.007813067845726563,0.08768637185380926,0.0006773854612361608,0.0021866272870029752,0.006426855241355084
Q3E823,3,68,M,test,3,0.007428677334909891,0.009726743598233773,0.08979554714504055,0.8066161417407454,0.0020308875268187053,0.040951119295858006,0.03368546996846772,0.003914638202314935,0.004167110424871285,0.0016836647627397811
Q3EBR6,6,529,U,test,6,0.0019350618370832062,0.0018320795652302967,0.0003389006517886207,0.012063898795888327,0.007582643357999624,0.004499153129048622,0.9639859570563789,0.0043949306848012374,0.0024461473233005336,0.0009212275984806319
Q3EDG5,7,500,M,test,7,0.004001053007308292,0.00274988097918813,0.06112224170667512,0.13405850386091248,0.05466937215188725,0.3009277251915365,0.03524553365509618,0.3518201373089742,0.05252370182050153,0.0028818503179202986
Q3KQU3,1,841,S,test,1,0.32091240165539986,0.6185748187474682,0.003854700027133035,0.013401771411449034,0.03249639381122297,0.0035097441875818684,0.0001278424212526104,0.005564909148384129,0.00020429159439577235,0.0013531269957125216
Q3KRE0,3,591,M,test,1,0.12472758317289732,0.6163335380837456,0.005948643606204615,0.16981774398541008,0.018904750977432286,0.0126920499499519,0.003608034654719408,0.02076280468776808,0.0044902716313764265,0.022714579250494273
Q3MIR4,4,351,M,test,4,0.0007300882456795683,0.01137597818414153,0.15642828682577833,0.005311026514525716,0.5766786727682334,0.10178982849206775,0.00017614199269383514,0.024254060418382406,0.12182647301251487,0.001429443545982665
Q3SY69,3,923,U,test,3,0.009531864386763013,0.17028147735481167,0.0032178157967014706,0.7396689980610064,0.0012213452095295278,0.013079505992379538,0.029866283218048933,0.0006640338399834999,0.0016693808876868264,0.030799295253089186
Q3SYS1,3,178,U,test,3,0.006648908435889485,0.005844764992015395,0.0038782740012684083,0.9714867485685484,0.0005994172174251201,0.005642855201278364,0.0029274745018788256,0.001681107344733221,0.0005207827467863091,0.0007696669901763865
Q3SZX9,1,391,S,test,1,0.14131754663909546,0.5789207827244178,0.005167637495937061,0.0329166353381151,0.051835734496741746,0.01085475461779901,0.0006673375041004117,0.14809952704743973,0.02904883032656574,0.001171213809787881
Q3T0L3,3,172,U,test,3,0.2649363828816691,0.19082650206810772,0.1778698681320122,0.2932578273720653,0.0020546686940063987,0.008000385806889011,0.02208977153809328,0.0012462195954076993,0.029036458071262438,0.010681915840486845
Q3TA38,0,339,M,test,5,0.0016216475738072438,0.0028908994342535027,0.0013235502971536838,0.009331937343443883,0.05164431999420427,0.8532628778586732,0.00027313003076931126,0.043150441686944194,0.035218366982821096,0.0012828287979296505
Q3TRM4,5,1355,M,test,4,0.09649665785404211,0.14387617090758992,0.0032413313433333635,0.08302554705506789,0.5283369682179782,0.057453978880090587,0.008539771118350905,0.050702959801557465,0.024710648053789763,0.0036159667681998275
Q3TTA7,1,982,S,test,1,0.23523623090859785,0.6649107186659052,0.00232426237301319,0.008240225731204536,0.05336695682966521,0.010175321040261384,0.00036205024236033833,0.011175403979620514,0.010255126994044263,0.003953703235327459
Q3TYA6,0,858,U,test,0,0.7650787051341232,0.19044315346657448,0.0027593047272288537,0.0033807707753047917,0.028633529371790215,0.002983519502487918,0.0021156322207547848,0.0030782266389148753,0.000881926738566602,0.0006452314242542726
Q3TZW7,1,114,S,test,0,0.646708900298738,0.14657266176449094,0.018780775079754886,0.013422014385444386,0.06567950352202664,0.03495031888180291,0.03898989736017842,0.02732586717170481,0.005863643742844403,0.0017064177930146468
Q3U1F9,4,429,M,test,4,0.120901574444648,0.2367137915089082,0.0006444240425485642,0.00040327026180221544,0.6334789252289756,0.00305045039955525,4.274777342168787e-06,0.0041370241899931276,0.0006053804399652264,6.088470626162685e-05
Q3UH93,4,1925,M,test,4,0.02875598260431265,0.09614688035078513,0.12442329892769126,0.0526841384292872,0.4751037824383258,0.16419148452923443,0.00032195556563365495,0.025978864619204598,0.02853219884835181,0.0038614136871734732
Q3UMU9,0,669,U,test,0,0.9632859414264979,0.03096477735908776,0.000215261933805111,0.00025965544239555847,0.004434837030036168,0.00032823523564713333,6.565117696253638e-05,0.00030356799568611475,4.8031428809249e-05,9.404097107246952e-05
Q3UNX5,3,580,S,test,3,0.023753016707080923,0.07388243509237859,0.0022354178500488546,0.759418650962101,0.01058159085116296,0.04373116300739133,0.023660413435451538,0.00811318634736738,0.0030080836154569184,0.05161604213156051
Q3UPP8,1,700,S,test,1,0.1743055756955581,0.6131578178906658,0.000921845508000177,0.012430895304597567,0.03847257477581296,0.009023862093648687,0.0001504871638265816,0.14450438535334217,0.005691278810420709,0.0013412774041272385
Q3YEE8,2,61,S,test,2,0.0008378013258704378,3.739010099111418e-05,0.9628529523659117,0.014734817668909791,0.006000097548253,0.009625655313545551,0.0017123547313654078,0.001470387028932846,0.002709742991459734,1.880092476040761e-05
Q3YEE9,2,62,S,test,2,0.005469919199513498,0.0005198308515831529,0.9546771675484041,0.019659502493401274,0.008159363667922194,0.005949149392574933,0.0014020504939565126,0.0011899047568502206,0.002899383902328805,7.372769346531011e-05
Q3YEH7,2,61,S,test,2,0.000632802688051546,1.9715572128579434e-05,0.9786298330939406,0.004523112188990824,0.00463942738722161,0.0029054065959786108,0.006098412572045324,0.000734064047224722,0.0018097426674849888,7.4831869332310745e-06
Q3ZBF7,1,160,S,test,0,0.5507438588936501,0.4157232796822184,0.00045018117719258023,0.005274228569761592,0.0061661976125631434,0.014937098554205679,0.0007900926012004571,0.004043890955159127,0.0015712866483380006,0.00029988530571094924
Q3ZBI7,3,58,M,test,3,0.00015271203001599454,0.00029436012268573095,0.009157274669950661,0.7623635976862208,0.0014717080341457892,0.16487270269989274,0.052696480312624014,0.0028147152072480705,0.004241925580974819,0.0019345236562414733
Q3ZCI1,3,114,M,test,5,0.0024035303299870104,0.001066560058852845,0.02240671066391584,0.17384927247996113,0.08148151019122497,0.4370569953465246,0.014104161633185789,0.07448013243903615,0.1281884034752653,0.06496272338204641
Q40161,2,630,S,test,2,0.009665410853160885,0.055403753470120096,0.6775976340566106,0.04021881473927276,0.08639962125570023,0.06165664943800483,0.006338730846313634,0.015935569816087725,0.04374245875814861,0.0030413567665806417
Q40424,6,503,M,test,6,0.005987807358524299,0.006058389964798557,0.0001797597566299873,0.07600057509498037,0.0005712752774280862,0.006386449257461776,0.897390382620651,0.0006081193862617173,0.0009567061334409125,0.005860535149823334
Q40983,6,1257,S,test,6,0.0004492295536436554,0.00021723321599213092,0.00011810765082753828,0.023958934362930163,0.0002480881219248503,0.001852482781770673,0.9721073464409961,0.00021723321599213092,0.00042865786042407946,0.00040268679549869694
Q41738,6,354,U,test,6,0.0022170514379507445,0.006478207722288612,0.0005561961686194154,0.02597451051686622,0.0015844553907331481,0.0007543137884957765,0.9595752369545419,0.0002014408842102295,0.0005920676852085812,0.002066519451085333
Q41739,6,354,U,test,6,0.0013397627939031288,0.003444671262228622,0.00029777601317844816,0.017038259694536657,0.0007427831083997883,0.00042654444206261796,0.9749013930351816,0.00010452921897074155,0.00026692470473114695,0.0014373557268072324
Q42191,3,429,M,test,3,0.000194073796022928,0.00012530345946538393,6.30065344954942e-05,0.9841055514855379,0.00037117584047467213,0.0058976014963290375,0.007397249091646124,0.0013524116805144208,0.0001686142187097001,0.0003250123968043067
Q42290,3,531,U,test,3,0.0012522870333591515,0.014268823510629042,0.0009452759147162358,0.8866687771537698,0.0006703009529911887,0.017019275112251007,0.06423007521896651,0.0013123855102925783,0.004010973854622817,0.009621825738401708
Q42342,5,134,M,test,5,0.0754573790462283,0.06454210713379525,0.10313799208230806,0.0679042859284573,0.07342203689408014,0.41596415542074444,0.03133267901993199,0.06110723674970857,0.10213569527925995,0.004996432445486001
Q42512,6,139,S,test,6,3.4111066068072536e-06,1.759582789371043e-05,0.00013921522896583256,0.010010719904385831,1.9629561662990546e-05,8.136227287150631e-05,0.9897045170577469,1.2873381400551522e-05,4.9631306157186005e-06,5.712527850210002e-06
Q42599,3,222,U,test,3,0.0005985438156027831,0.001601786190419906,8.758630814734722e-05,0.911297480670291,0.0010181572736759272,0.045370830358842845,0.03561197378145072,0.002640899154270326,0.0010838227358287466,0.0006889197114703707
Q43386,0,204,U,test,0,0.9496581863725951,0.04140036168296486,0.0007523731793311909,0.004131341434680375,0.0017493200259245884,0.0012404536839455522,0.0004782374736535569,0.00014815105610776013,0.00013280175555937436,0.00030877333523757894
Q43725,3,430,U,test,6,0.000719750766669634,0.0015237124259503835,0.00040060162810548494,0.09208501142257926,0.0012053556101317203,0.0010472312266328547,0.9014118458737432,0.00021110222140147304,0.0003882764168283535,0.0010071124079575819
Q49B93,4,619,M,test,4,4.392083179002868e-05,0.00036204324928153394,0.000543491288705317,0.0020672018245530325,0.8808465232832745,0.059013036681685144,0.0004102487689306025,0.01690751916886621,0.03931116042353208,0.0004948544793815043
Q4JL84,0,235,U,test,0,0.9715210863394101,0.015520229133813937,0.00014921201656177934,0.004950883671034544,0.004552068034260644,0.00048166228607250027,0.0004596053936804897,0.0017481367134459746,0.0002701880769611074,0.00034692833475888455
Q4R1C4,2,892,S,test,2,0.00115324867430028,0.010399955920783362,0.9252674281248965,0.017357222176162694,0.0032091956947758785,0.016606915206634962,0.006407226694887295,0.004596960582612305,0.01044066030391691,0.004561186621029781
Q4TTV7,2,274,S,test,2,7.019952179054599e-05,0.0007971389410710197,0.9828545852769339,0.00026082284814636425,0.0036643987262250438,0.00404030681976587,0.0006159811624467491,0.00021622972717211359,0.007359043083784941,0.00012129389266339353
Q4W6B5,3,469,M,test,3,0.0011359119632618191,0.0210596255623393,0.0009417040340916668,0.856141639645386,0.0005119956051486153,0.01847647588296032,0.08610442555206504,0.0018728022836986147,0.006797114481306024,0.006958304989742558
Q4WZ11,2,87,S,test,2,0.0010196840098018042,0.0053741594845477456,0.9126640058871603,0.06508816742502378,0.002262267943890969,0.009303868562880846,0.0016943603117385085,0.00032085781791196084,0.0017756743087991825,0.000496954248244894
Q4ZJN1,2,333,S,test,2,0.016068223213226433,0.01486067786245496,0.6609250635516366,0.002875252510415301,0.27551456170303185,0.011108415682841344,2.0303042307303763e-05,0.008787479827134483,0.008583917866275421,0.001256104740676362
Q500W4,1,213,S,test,0,0.7281557870336476,0.24774253207588962,0.0012212684298765712,0.009910948510219415,0.002585425257666798,0.007658587718968482,0.0007642502264810086,0.0005679426212256307,0.0009967703307548134,0.00039648779527002545
Q501B2,0,409,U,test,0,0.9086312840795564,0.061833137401788356,0.00027753435494578686,0.0033942934264925353,0.021620852878483636,0.0016222505602306767,3.6404580404466844e-05,0.002217353513227919,0.00018487773337832797,0.00018201147149193454
Q53EK2,0,232,U,test,0,0.8546924431119335,0.11476988875665008,0.0014112724192833946,0.006035246773370784,0.0022202429411811693,0.006424486516889161,0.00021307027383578864,0.004925824609605327,0.00847788046081326,0.0008296441364375298
Q53HC0,1,331,S,test,1,0.28308873511617044,0.5900075878147488,0.0011389825648848802,0.01403921109679641,0.033043044303541685,0.008889074172683297,0.00025814351582771167,0.06441146618419875,0.0038531283478226907,0.0012706268833253265
Q53R12,4,229,M,test,4,0.00016757550585299994,0.00013892496985452768,0.00578167988161756,0.00035475732938893033,0.8631200097844159,0.048693902608673977,0.00012649261483631158,0.02177725930116419,0.059661014806321536,0.00017838319787399155
Q53R41,3,847,U,test,3,0.15567636290513912,0.10209505129250981,0.002873675162426165,0.6605625067998334,0.005368732312861765,0.036904230241260334,0.006577907511548858,0.01918309157363371,0.005714985468815034,0.005043456731971791
Q53WJ1,0,1238,U,test,0,0.8808547219662626,0.08790047277858329,0.0009390775242807151,0.010705274275773736,0.008909719628565085,0.0015482769628856947,0.0011151820195491225,0.0026961643557722363,0.0008158846692453741,0.004515225819082143
Q54ER9,0,602,U,test,0,0.8498158157869278,0.09169401551067319,0.0005849491195754231,0.007765626342403768,0.022602635299745776,0.005173022575157936,0.00010324965478004983,0.012458005427083947,0.00893818152853816,0.0008644987551140073
Q54J33,8,407,M,test,8,0.0015683259710085268,0.004868672052228355,0.02565992716481825,0.0009219713057256265,0.2439305991599904,0.10909250726790534,0.0008797510789099368,0.07154461481169656,0.5411836904101186,0.00034994077759835715
Q54JH4,8,388,M,test,4,0.0009719263965269385,0.004091963012375914,0.04116624060660943,0.001287593339646262,0.4804147592583969,0.0703002112509484,0.00022028123799313154,0.09097522887439681,0.3101791022450198,0.0003926937780864053
Q54NL4,5,403,M,test,5,0.001676385898176766,0.0029652242797610405,0.001016779398156287,0.017847699073166665,0.08871155494443933,0.6658172245056424,0.0009257881980382392,0.14065746197507675,0.07707393494992697,0.003307946777615566
Q54QR9,1,584,S,test,1,0.38960476718397,0.4414800630869586,0.0009433624699786822,0.022501238839094672,0.011765044783122389,0.035123938624962124,0.004643393451828513,0.037243468725502146,0.03471472664065748,0.021979996193925423
Q54RP0,1,648,S,test,1,0.1349928512119485,0.4145908306724195,0.006913956638685591,0.03403168876489899,0.06382840796390275,0.10418712224636775,0.00033888889774712466,0.07433204265023788,0.15281763492256986,0.01396657603122207
Q54RR8,1,254,S,test,1,0.27713820568049324,0.5776056670107842,0.00042988669983129815,0.003176456933383651,0.07725971915480791,0.01703813130443369,0.0048435185885639396,0.024501518708706753,0.01703813130443369,0.000968764614561592
Q553Y0,8,368,M,test,8,0.001540087828087905,0.005089359630789853,0.026510545542476026,0.0013805258362242193,0.20811472458728014,0.13228576594470012,0.0012374952866074838,0.09985453425708844,0.5232003611668207,0.0007865999199251252
Q553Y1,8,369,M,test,8,0.0016564453927483019,0.0044328777060484,0.02873711591162975,0.001416832731941603,0.26169348827817873,0.13261981848052545,0.0009291816764451791,0.12954767575451553,0.43825413579701217,0.0007124282709548344
Q55D99,1,1197,S,test,1,0.20046784134234485,0.5449280183701609,0.0004250297238368561,0.011852379977293138,0.1741694672072691,0.016455400858699967,0.0026862702999804673,0.021378217425534387,0.023849126130606586,0.0037882486642736523
Q55P57,2,624,S,test,2,0.0011774028952596305,0.0062662995476326965,0.7356915967209507,0.002034369594868697,0.06710641737413009,0.04612152959050336,0.038686800207661465,0.013902392975486913,0.0844997453806026,0.004513445712903808
Q569K4,0,471,U,test,0,0.94244487460269,0.02715612070516911,0.00015650809619934225,0.02694479058477358,0.0017225228108917099,0.0003112534898891606,6.225461826360355e-05,0.0002704217199673519,9.253323245581348e-06,0.0009220000489106055
Q569Z6,0,951,S,test,0,0.9731171972965971,0.020675347373765172,0.0001949288928568345,0.00043246861504015973,0.004071216883748599,0.0006803686602089057,3.982898617664247e-06,0.0006965031247414486,7.633524090032976e-05,5.16510135238471e-05
Q56WN1,1,356,S,test,1,0.11542548330604714,0.5316411894922611,0.022640014246516044,0.08544251390384637,0.010694384659549472,0.018334441032114204,0.10779871131879189,0.005212027155144355,0.016824627428324274,0.0859866074574051
Q56X52,6,351,M,test,6,0.0004193145492074874,0.000370043775128418,0.00011110729361119566,0.03894366481497429,0.0023205483913916348,0.011693008529874673,0.9435185865260755,0.0006494470513472713,0.0013641800444017717,0.0006100990239878498
Q582G4,1,390,S,test,1,0.3515964890553109,0.4549996443278942,0.008140561504461529,0.1308697962744823,0.009369729470711291,0.013956169238380573,0.016316416410656946,0.003727020615701477,0.003727020615701477,0.0072971524866993626
Q58A45,1,887,S,test,0,0.47886062039682054,0.3877931621988304,0.0028474091863507057,0.014015440065503825,0.08518684936367843,0.008434640715432836,0.002252486411695876,0.007158386596696809,0.00683057969474335,0.0066204253702472115
Q58FA4,0,860,U,test,0,0.8844955468170345,0.10730148736168628,0.0001515472960848049,0.0025038511687983742,0.0030558220712647867,0.0007940510318673941,3.6562486972357106e-05,0.001111077249176622,9.049301927654121e-05,0.00045956149783836633
Q58WW2,0,860,U,test,0,0.8626155488948033,0.07899180266858992,0.0002893752612608184,0.036235787947826094,0.01225657887153858,0.003416849857712875,0.00046242038448149147,0.00213821028515138,0.0022761128522936535,0.001317312976341924
Q59E36,0,590,U,test,0,0.7756973343444267,0.1842442854126603,0.00013084556126886405,0.004612464716095953,0.024548170600405265,0.004070486170054956,0.00020265756436898614,0.003794110359791823,0.0011303331171897614,0.001569312153737446
Q59L72,4,384,M,test,2,0.0031698173289801228,0.02174655123823524,0.7517651188228317,0.0013213763946892624,0.06122841951620498,0.03641639586276615,0.009316611872346631,0.026078098929520364,0.08736372586519471,0.0015938841692308633
Q59NP1,4,251,M,test,4,0.013582459138622884,0.009937138853171726,0.013688987535979602,0.020152137785999495,0.6100047000635506,0.2523089254102563,0.001941511334263525,0.022393687714874416,0.05125966474784872,0.004730787415432846
Q59SF7,2,346,S,test,2,0.00022042803559759656,0.0011194259315868292,0.9864040134035662,0.0001915111986561623,0.008736446075457833,0.0017236715975215222,0.00012757397160978993,0.0002743271337283081,0.0011107145734776678,9.188807879803925e-05
Q59WG7,5,322,M,test,5,0.013590916277665734,0.0074472069555555544,0.1269478880272366,0.019852059782333793,0.03852832860123876,0.3849646843016296,0.0003002624568275213,0.25246600971299105,0.1543293812309216,0.0015732626535997893
Q59YT1,4,504,M,test,8,0.0019701714803477123,0.005700880246882159,0.0003216216893266496,0.0017660502502164287,0.33654964270887255,0.11722065613100834,0.003652120740187851,0.09948388575988219,0.4123492277748654,0.020985743218410735
Q5A6P6,4,509,M,test,4,0.002360994743678843,0.005798043803317914,0.0006454601086317445,0.002633879947107126,0.3970582865500328,0.14606958930385147,0.006269179880143378,0.09357568070484222,0.3092292909327445,0.03635959402565003
Q5A960,0,833,U,test,0,0.5837727334535072,0.35407606014604354,0.0020089990771414725,0.008262269492507367,0.01617673845901415,0.010860547516431776,0.0012971074483378046,0.0042530513811189375,0.017086038909847407,0.002206454116050261
Q5A961,1,690,S,test,1,0.22326299907477917,0.5314121331865582,0.0011624593940458739,0.023716308558217675,0.12820916084164247,0.023623846851521732,0.00029854427455851647,0.050158415796980375,0.014161654044623564,0.003994477977072422
Q5AB48,2,358,S,test,2,0.00028656212009234175,0.0017349546179250507,0.9679689693871013,0.00013119768993590008,0.01902040730394871,0.0030389989202776924,0.00241817356758199,0.0006308182677481361,0.004661151416218422,0.0001087667091704861
Q5ABZ2,0,534,U,test,0,0.9408634052401736,0.03270156800909729,0.00044510192116341453,0.012856239922255595,0.0019034593828084743,0.00434007558050623,7.04253569225258e-05,0.004061228278261713,0.0018593656810730872,0.000899130627738038
Q5BD29,2,555,S,test,2,0.0009724528062717855,0.014123605391833273,0.9411158495893578,0.0002309778050339296,0.02071089731655112,0.007185507960000795,0.004712371719572475,0.0016802478031365598,0.00878669054162664,0.0004813990666156449
Q5CPU3,1,152,S,test,1,0.13675409135140013,0.6549707449841923,0.007052207148892027,0.09271334571806676,0.009055212793106192,0.022411865424745197,0.03609495126536731,0.013175255214065852,0.010181049503409645,0.01759127659675467
Q5D869,0,1976,U,test,0,0.7328129654732193,0.19266501710542883,0.002813391015472569,0.02411485543670699,0.008140817555630791,0.011214449443776689,0.01834561550603784,0.003340984340235768,0.004029996827312174,0.0025219072961790356
Q5DTL9,4,1118,M,test,4,0.09129768890591686,0.058544637571995184,0.0017592836479249972,0.033455600127610195,0.43726162466186436,0.2268483559470584,0.0012475188506470268,0.07495288781211273,0.0690414107203172,0.005590991754553028
Q5DW34,0,1296,U,test,0,0.8174004331809466,0.14204289213128468,0.002123369155752604,0.00638892903306109,0.02571680887972077,0.0033931345045335425,4.993685662154201e-05,0.0022252716899814175,0.0003806991313735685,0.0002785254367242397
Q5E930,4,385,M,test,4,0.0013267873732700178,0.002007364950565831,0.0008566382854587396,0.0008701283762454039,0.6661470388562564,0.19385982631228424,0.0005887583120243313,0.024937036840033212,0.10705957330535738,0.0023468473885045163
Q5EA95,1,429,S,test,0,0.5500571128264352,0.3840017316322763,0.0001268210907371641,0.016773289059037758,0.003706255692532155,0.0077850841868383775,0.0008400004002597413,0.030461616795075686,0.0035365337949468676,0.002711554521860717
Q5EU90,3,539,U,test,6,0.0012648361959425422,0.00608152171304391,0.024653361091404164,0.14619517441164348,0.024366143040507205,0.019824046955219967,0.7660079247254731,0.004886640306574037,0.00325520442212673,0.003465147138064931
Q5EXX3,0,1203,U,test,0,0.9131258403576139,0.06614661846635093,0.0003260755057830554,0.0035608479418761116,0.014558891289538363,0.0010043832964247018,8.244480762396155e-05,0.0009145014626046405,0.0001058612279703939,0.0001745356442139201
Q5FW60,2,181,S,test,2,0.0007352521082150622,0.009847174426973514,0.9426622417907802,0.001086632025765039,0.019336400609297668,0.01911112299107484,4.849513075317425e-05,0.0010531998735464523,0.006048921047443384,7.055999615070874e-05
Q5FW85,2,670,S,test,2,0.0138610640347183,0.012328285872378279,0.5366433327446045,0.003092821491872161,0.2740906211956461,0.04735153970517275,8.242089196869766e-05,0.07094437714413612,0.04138149370909648,0.00022404321040660953
Q5FWF5,0,840,U,test,0,0.9328518579265875,0.06348136859676523,5.6106503015099586e-05,0.0016460899618914626,0.0009639136332087342,0.00048468620294873574,2.7344125759259395e-05,0.0003601882226087943,3.7374982917506134e-05,9.106984429759116e-05
Q5FWP4,0,625,U,test,0,0.779869871961116,0.16865869245143203,0.0014591836698167084,0.005550092676476823,0.0332108668989439,0.005593622228930458,5.483794789492027e-05,0.003935604910259112,0.0013707761262064387,0.00029645112892356837
Q5FWY4,0,821,U,test,0,0.8023905372245882,0.17083878829118282,0.0003855711641345857,0.0054064649319547405,0.008116065084321422,0.003518053714235996,0.0008162540882907959,0.004049255291017918,0.0032536677199412082,0.0012253424903323315
Q5HYJ3,0,339,U,test,0,0.9117634337721517,0.07141483329259292,3.0284493120819596e-05,0.007064123666116981,0.0017739222460862341,0.0014478332443826523,2.48590271536579e-06,0.006174991338962357,0.0001275024931599055,0.0002005895507110494
Q5HZG4,0,932,U,test,0,0.9208237090855815,0.06567008801003636,0.0001933058885094231,0.0009222108766518034,0.009098240084035649,0.0007765793999355092,5.3679106142738274e-05,0.0020300918307445885,0.00017600701018588596,0.0002560887081765611
Q5HZV9,0,360,U,test,0,0.6545392632227058,0.29045002258162256,0.0009244388124861059,0.004047073644827765,0.03582543330291847,0.003984329973888904,0.000938996607483063,0.006992715792681988,0.0017542765502300698,0.0005434495111552324
Q5JNS0,0,379,U,test,0,0.9495533176749195,0.008191213584606484,0.0005951103937710367,0.00035535668878356586,0.02395804580217181,0.00043539208261782696,0.01425022824676994,0.000614001225780374,0.0014614502291621437,0.0005858840714173689
Q5JRA6,5,1907,M,test,0,0.5707285517903421,0.32519129566479943,0.005639109407201479,0.006802064967807774,0.07457143216871613,0.010954920420732903,8.495901589498525e-05,0.004223497668600878,0.000769156221256342,0.0010350126746479123
Q5JTZ9,3,985,U,test,3,0.06292004665008584,0.1707007229713705,0.0033281341903163134,0.685766196302333,0.006465460880810006,0.01306058886786277,0.022832683426777405,0.002148804878775979,0.00523588927924924,0.027541472552418848
Q5JVL4,1,640,S,test,1,0.09463126473240079,0.8016777224445996,0.0012242539625079818,0.05226035148738598,0.004620286865320979,0.025972005513648453,0.000314414426895657,0.008564658024794515,0.007798209853084615,0.0029368326893614177
Q5K4E3,2,855,S,test,2,5.7440372649154955e-05,0.00042112725953797887,0.9402231221459351,0.0002036438014356948,0.05304376209534897,0.0031484126795293613,1.2493487233632362e-06,0.00016882665753536094,0.002633167564840992,9.924807446409843e-05
Q5MPP0,5,372,M,test,5,0.0007622589428737419,0.0035522938881150812,0.0005077739254796924,0.026557501414470306,0.016848036344090944,0.8898305327958845,0.0002398554084592578,0.0446495221729512,0.012767340956375588,0.004284884151299687
Q5N712,0,1286,U,test,0,0.9647665722137894,0.0271553383280796,0.0012503814010765726,0.001020531699916901,0.003965950833688125,0.00034994167463817767,0.0008394664189486736,0.00018440628411834912,3.8653653814327837e-05,0.0004287574919298626
Q5NCS9,3,454,M,test,1,0.22076959645858746,0.24389286049675757,0.129783748039284,0.04916423873338472,0.11863195010222741,0.14749574486113085,0.0030225596497416166,0.026522118283289476,0.04304964416764401,0.01766753920795291
Q5QHG5,2,373,S,test,2,0.0009889523441149368,0.006837926765217406,0.9276372736341013,0.002667330888406543,0.006105580797270052,0.01774489496750236,0.004867793498166176,0.007901209360563608,0.01457518516937745,0.010673852575280165
Q5QHG6,2,495,S,test,2,0.0007040247805707078,0.009661982473710386,0.931278438882009,0.0016888676396577557,0.009988176332913103,0.018371069245640064,0.004245812875666055,0.0018261015093172326,0.019980592046057045,0.0022549342144585877
Q5QNQ9,2,1845,S,test,2,0.00032824177165966656,0.0015059629750712846,0.8770991871508377,0.0028355758235006777,0.08821218770271747,0.017851522818641243,8.885095978924885e-06,0.005628213018192299,0.006266474012339102,0.00026374963106161727
Q5RJM1,5,330,M,test,5,0.00050281438197789,0.0004040227065590343,0.00028205332181943074,0.05632935291532054,0.007112684911793628,0.8950152714424942,0.001897601594428961,0.029452485145102455,0.004343653717385903,0.004660059863118016
Q5RLM2,4,535,M,test,4,0.00014556218728326186,0.000683672109289388,0.001391887363228348,0.0034992044127593862,0.849563866153379,0.07902174713697158,0.00016238635554702312,0.01109875031581699,0.05346879173689428,0.0009641322288308186
Q5S003,1,2320,S,test,0,0.4811366970088681,0.41153804521484233,0.0013098352475652097,0.020329823847593704,0.047627356846611305,0.010881770537520152,0.0020287127359975275,0.020171616341045702,0.0028165886611174386,0.002159553558838565
Q5SML5,0,696,U,test,0,0.9523486788417429,0.03284317022256352,0.00010701152710035326,0.0008549658401807951,0.004658152144558449,0.0007545047568788358,0.0003096481278643228,0.006897761165413277,0.000494816301273181,0.0007312910724243412
Q5SNT2-2,0,392,M,test,5,0.07411238304330343,0.023896849849727866,0.0020799428928883674,0.3015400666907307,0.1113645695316108,0.31355207114300115,5.542859978088599e-05,0.14811151726530505,0.012446045461070388,0.01284112552258134
Q5SUE7,0,619,U,test,0,0.5622097953256624,0.24561126981938497,0.0026035481611453707,0.14838999782754336,0.01429629072765982,0.010961346529877366,0.001789390608054087,0.007188626231602736,0.001173510936253556,0.005776223832816277
Q5SWZ9,3,221,M,test,5,0.022656253894160948,0.0337463897256881,0.13517480366065987,0.12575092135637672,0.21328374464404146,0.30551485961941915,0.00048514181825191736,0.052063661789760345,0.07861610203341159,0.03270812145822987
Q5T2S8,1,1044,S,test,1,0.29301594609941367,0.5182923483917976,0.010673105324071216,0.039040593856849284,0.05918200841388727,0.009567309750329019,0.025206503462365935,0.006784238137325825,0.01829796030859516,0.019939986255365
Q5T7N3,1,995,S,test,1,0.23868273482763197,0.628845222330332,0.002267970032051133,0.010405376677414443,0.08953829216266626,0.022550566390406777,1.9317578565157512e-05,0.0042371256781407055,0.001794111936292143,0.0016592823864994047
Q5T8A7,0,1209,U,test,0,0.7031413336282696,0.27969029623572433,0.002363740705939853,0.0030351029793394854,0.006603429112322634,0.0026576251331125763,2.486131968546571e-05,0.0011430303597948176,0.00010467006388360556,0.0012359104619276097
Q5T9A4,3,648,M,test,1,0.2297267049701641,0.5299739310700773,0.0022698252292140883,0.16546593822215044,0.02488422612508681,0.011260097993203785,0.003983667172278595,0.014685937394949722,0.0035155739627946497,0.014234097860080534
Q5TB30,0,811,U,test,0,0.46954016359546147,0.4016189998287105,0.0007398030951033961,0.06081330220535844,0.032966890467638524,0.012318827595478667,0.00052459894683331,0.014178884657198987,0.004675699543527982,0.0026228300646886976
Q5TCY1,1,1321,S,test,0,0.6868470319960402,0.19525358105867513,0.0014562456654406504,0.01816141235173861,0.07827565083990713,0.003035076664922042,0.005410609308108304,0.004627938853915237,0.0010821898481696947,0.005850263413082913
Q5TEU4,3,345,M,test,3,0.029721559336180776,0.06022269902983086,0.003105596070516504,0.8746559389402953,0.0079926162573217,0.017871470006166228,0.00253471370203912,0.0017150730844250925,0.0010901667866122298,0.0010901667866122298
Q5TGU0,5,170,M,test,5,0.0016961069460527365,0.001450757102851616,0.018961261042205267,0.025640058680389214,0.023322751047725347,0.7875765359343884,0.007842719015260978,0.01562760103310468,0.10411780847545478,0.013764400722566981
Q5TGZ0,3,78,M,test,3,4.177539896436069e-05,3.8036927868541007e-05,0.0027191886329137513,0.8918538452098146,0.0037239561117985895,0.06985539200546732,0.006930142917160028,0.011226783776885733,0.009307330539126166,0.004303548480000972
Q5TZA2,1,2017,S,test,1,0.18252109104741754,0.6420577136558783,0.001278807870715419,0.036081198047879647,0.0164547744695145,0.008082314173240054,0.0001575800554051002,0.0910631498240298,0.01440828327027287,0.007895087585646816
Q5U3Z0,1,290,S,test,0,0.4940134008868377,0.3847380230156852,0.0015479596164102746,0.07816427704236065,0.009937471418574184,0.011348950475916454,0.006991885121272932,0.006991885121272932,0.0033286362701020968,0.0029375110315675384
Q5U4F6,1,535,S,test,0,0.613562595164335,0.32841641312517844,0.0006748817519063032,0.013397438697100375,0.03351709680570675,0.003914136511272196,9.423461042230155e-05,0.0017505101016124858,0.0007890167907080052,0.0038836764417581235
Q5U5X0,3,104,S,test,3,0.09013648319360387,0.03078742693802824,0.0034140101589253623,0.8551911700492607,0.00014425467797288843,0.009500316331759262,0.0038384748572503633,0.0023281522996034805,0.001526839679901378,0.003132871813694387
Q5VT66,3,337,M,test,3,0.016023311148433403,0.0709748687895822,0.008918315760902571,0.7842043336961151,0.022773715723850042,0.037842000312188165,0.046546453684530024,0.0019438482539879713,0.0029640145392477515,0.007809138091162828
Q5VTD9,0,330,U,test,0,0.9527155813910213,0.028769519414803973,0.0006356014277626466,0.009195290916900354,0.006786806590533914,0.0012251538462597212,1.3610230010489923e-05,0.00021625249296071264,3.817082836140063e-05,0.00040401286138543567
Q5VWG9,0,929,U,test,0,0.9188282787502633,0.06655970312978236,0.00022905899776123063,0.0006838438483212449,0.010572492047221759,0.001042737291210946,4.043131382139024e-05,0.001577611044156361,0.0002220115786616887,0.00024383199879969122
Q5VWK5,4,629,M,test,4,0.005202546345380768,0.011100173199865539,0.2668397475487711,0.0003888343997749894,0.6708350304470143,0.015076136492701646,1.6819324026778146e-05,0.027580719946427835,0.0029183640679381726,4.1628228098921473e-05
Q5VYS4,1,303,S,test,0,0.4213146906567777,0.41803598812723336,0.005387088336576175,0.07278578054555757,0.015466748888046354,0.030639384241507885,0.016986902969295607,0.005140395419648058,0.009021675302393353,0.0052213455129639505
Q5W7F2,7,827,U,test,1,0.3091836198083404,0.5177851192728995,0.001727085518337791,0.041517822919559806,0.03336051024895777,0.017442944964508243,0.0035437495978330943,0.03692671566333036,0.017307202839931403,0.021205229166301652
Q5XEN5,0,204,U,test,0,0.9668845162876077,0.024205480703640654,0.0005873284891924819,0.0015595409187198963,0.0017950207003908196,0.0012828433626170376,0.0013549527564162378,0.0018520007595466158,0.0003047020464959001,0.00017361397537255988
Q5XF06,3,469,M,test,3,0.0035526476118955806,0.015059802053187247,0.0024038416351965398,0.9039333644765979,0.0038413280463486157,0.03925335113783713,0.010199927930322887,0.017031694174101938,0.0015888422814744657,0.0031352006530377214
Q5XF36,5,416,M,test,5,0.0004290006698468121,0.0006644492736471668,0.0006644492736471668,0.014178831876352431,0.10016594609187539,0.5947125867020908,0.0006855411699349769,0.21539063394961022,0.06884298090788389,0.004265580085111106
Q5XIX0,5,703,M,test,0,0.48290214506456647,0.39413324458716564,0.006370570585020802,0.01227959725444637,0.08117529844666099,0.015644611973472656,9.825531129681458e-05,0.004588549544602734,0.0016107324233251388,0.0011969948094423793
Q5XM24,2,494,S,test,2,0.002346940700995784,0.038230745302138186,0.514779008623857,0.0010253025233321411,0.0452231335111027,0.060292420118286415,0.021836467989000387,0.025629334886571323,0.28651763728078605,0.004119009063930085
Q5YGP7,0,568,U,test,0,0.9549366628339736,0.033451027455560625,8.356713628247544e-05,0.0010837150972429822,0.002539475394328591,0.0024806484051562547,0.00014666487965270958,0.0018871777754563917,0.002404327220284394,0.0009867338020619603
Q5ZIH3,7,460,M,test,4,0.0058373047670222415,0.010165062235968402,0.001955252224297445,0.014223480273505819,0.5173109394792834,0.18301747031130497,0.00040348911984829544,0.13079669140307068,0.12383581481964141,0.012454495366057357
Q5ZLF4,7,770,M,test,5,0.0025865985889859,0.006868228531190708,0.0009817621046500939,0.004469241621101821,0.2517581064789546,0.3960710887848522,0.0004637515375662159,0.08700527522976832,0.24401231873527993,0.005783628387650257
Q60547,0,234,U,test,1,0.31797885010054505,0.5242584797905553,0.0038194629698000324,0.03325391095740666,0.023858514881904113,0.02519961376410121,0.0014051019288809782,0.05353022962881661,0.015955399277929633,0.0007404367000604547
Q60848,0,821,U,test,0,0.8722175361756742,0.07621351631270105,0.00025027093949035533,0.019307468090976464,0.010641790928934186,0.005105987192389087,0.002196057932962677,0.010851681234978997,0.0021620111079332445,0.0010536800839597545
Q60954,0,390,U,test,0,0.927420990602284,0.04915151348446624,0.0003363956259386586,0.003045476954105053,0.01076293987698945,0.0016048537825776282,3.715739330127304e-05,0.004753922809589908,0.0022281188060715874,0.0006586306646762014
Q61043,1,2035,S,test,1,0.22448441273011557,0.6445122160456811,0.0042753622695549266,0.019462582917691717,0.07910985984851227,0.009411491099591295,9.299065847816565e-05,0.01563862620848245,0.002183641440992486,0.0008288167808999822
Q61048,0,376,U,test,0,0.850107868007022,0.14318152584354535,4.512193631989563e-05,0.0022607027879848296,0.0014037023565289016,0.0012195576569178804,0.0004214678284037677,0.0011279064395191432,4.512193631989563e-05,0.0001870252074383752
Q61074,0,542,M,test,1,0.33722780733481894,0.42629588858834094,0.0011248319175135117,0.008055730388046271,0.19365363508295877,0.013385823371501297,0.0016885727407852573,0.008916880564842564,0.00864253716014957,0.00100829285104287
Q61112,7,361,S,test,2,0.035319869524215085,0.018110229240308078,0.28108704924959843,0.016107570858374706,0.14812246404934484,0.1595341759618787,0.00017343355799643749,0.1724975607367745,0.1665385712972089,0.0025090755243003244
Q61477,2,178,S,test,2,0.0022699324596959706,0.0028029923799980762,0.8738205740801093,0.006750346404497694,0.05674117243943896,0.04778085863987975,2.5361074749994455e-06,0.006671702269261396,0.003078484806235087,8.140041340881631e-05
Q61595,5,1327,M,test,0,0.4460002008425127,0.19791138715891718,0.001292488573238638,0.009776748985437764,0.04044442734970768,0.009329037997132746,0.0007137799598802894,0.29249406664499544,0.001312842163004767,0.0007250203251727853
Q61606,4,485,M,test,4,9.471731478660152e-05,0.00023442764020283,0.0005536439975821004,0.0012772433136697277,0.9403635711271975,0.019823965629277598,5.260741341283336e-06,0.025454475825288012,0.012023842534829276,0.00016885187582504107
Q62018,0,1173,U,test,0,0.7938830571551284,0.1827622736385405,0.0010209016839095727,0.001086744208544232,0.015436744702424576,0.0016313961828192183,0.0004674028148769336,0.0012314425112727886,0.002229854385615823,0.00025018271686793936
Q62233,0,333,U,test,0,0.7937701416993053,0.1479843310263971,0.001103700880739427,0.023051513701197315,0.02465831698262159,0.002953656754289852,6.226654248569534e-05,0.001848351088444887,0.0010049309850022883,0.0035627903395165457
Q62315,0,1234,U,test,0,0.9090878197431761,0.07759509835581846,0.0004040129640029531,0.005555483408697238,0.0028485687848237157,0.002253403612185158,0.00022311716330724368,0.0010156885065202407,0.00034021303236406316,0.000676594429104824
Q62414,0,383,U,test,0,0.989346041237125,0.008762502762186174,8.007185400649792e-05,0.0002505226770651808,0.0011075188762579074,0.00013201617801213606,6.01877945102643e-07,9.81060875439565e-05,1.8147800330312874e-05,0.00020447064952774845
Q62504,0,3644,U,test,0,0.8152902194765105,0.160540153128065,0.0012257392889170643,0.004885915816300729,0.00603330003170289,0.0023998809822329973,8.741566287444652e-05,0.005623654098477131,0.0011514755152076887,0.0027622459997116247
Q63089,4,556,M,test,4,7.50546558824299e-05,0.0004121311392590121,0.0008522705226370371,0.001129075116022251,0.857663041592748,0.04763588385199623,0.0002832532742171205,0.011903917607023855,0.07977509001855491,0.0002702822216591794
Q63262,0,497,U,test,0,0.9388494409121596,0.03187565679878117,0.0001054946681918348,0.003704317116723601,0.021568150508102114,0.0008696018378985276,7.642007821824779e-06,0.0019750477429580967,0.00034590370051356854,0.0006987447068496264
Q63520,0,257,U,test,1,0.44561343173894336,0.45263080605621275,0.0029559697732312712,0.025238183397592574,0.017278306872106932,0.01264107929433324,0.0007955884527526402,0.03376327589075978,0.00855338234881677,0.000529976175250704
Q63707,3,395,M,test,3,0.016854913779684053,0.08119939207137084,0.015466938611366311,0.673267121067143,0.009528903219633525,0.08865908467278566,0.008409228113224892,0.008087075255162453,0.01780233705191063,0.08072500615771855
Q640Q5,1,837,S,test,0,0.47382051719533175,0.40528018540618155,0.0013947338437338066,0.022160881188614104,0.0666790650764179,0.007422965170189006,0.004035796332980313,0.0062507635120385464,0.005872049119405224,0.007083043155107793
Q642G2,2,206,S,test,2,0.002135418081227623,0.0002779260922348983,0.9099138798707246,0.010103295361293696,0.026840513051647814,0.02823870760580644,6.201369131110195e-05,0.0197909526414668,0.002457851030702492,0.0001794425735845692
Q64368,1,298,S,test,0,0.8510766505519539,0.1265012455048679,0.0007177580163291749,0.004261525753461218,0.012537558386446377,0.0010443316858303577,0.00011901595112856825,0.0025646311335358342,0.0001962241048758015,0.0009810589115707986
Q65YR7,1,95,S,test,2,0.0019199653264495601,0.004921992480430607,0.9868269309596902,0.0006041439692882093,0.001694363484364876,0.0019199653264495601,0.0007637095088101095,0.0001337536860869121,0.001102543357888841,0.00011263190054109115
Q65YR8,1,94,S,test,2,0.0018421320402536797,0.011417444814386698,0.9692752778895294,0.0026387321051257024,0.0031091866393028783,0.010314800883664115,0.0003302760623985398,0.00015846819049112915,0.0008047678796140764,0.00010891349523380628
Q66K79,2,652,S,test,2,0.003822214196395218,0.011865587161890477,0.6950298708483961,0.015719349442863604,0.12657434445607973,0.07499281592362851,0.0031196002757240843,0.02107022756992578,0.04421535229917388,0.003590637825922674
Q66S17,2,364,S,test,2,0.0010398628768403138,0.008983044982354993,0.916295478727608,0.004112737763496653,0.0260441194314164,0.008706665692119848,0.025540381946514305,0.0021336600415443985,0.005983997666802232,0.0011600508713029245
Q66S21,2,376,S,test,2,0.0016809368522328074,0.009284400775927047,0.9125348717560249,0.001846148012474361,0.058793942150018104,0.004677617189998235,0.00288179622178153,0.0030200966986699868,0.005018350881635288,0.0002618394612377583
Q66S25,2,355,S,test,2,0.00214494992341737,0.013294296011050376,0.9068628921808054,0.004232546210137685,0.048818840371724896,0.00703302055003583,0.008094956898580903,0.004435670452615929,0.004505521972294587,0.0005773054293369931
Q67FY2,0,1494,U,test,0,0.927725809167121,0.06826254852279394,0.00013810185448262922,0.0005504873799919534,0.0028928102065883384,0.00011271544854252928,4.678963508085574e-07,0.00017187053482383883,1.1336090421144347e-05,0.0001338528988838191
Q67Y93,0,191,S,test,0,0.9653977442237381,0.029152485475988685,8.716435226660524e-05,0.000318833927308755,0.0020953647948629855,0.00041583787021525924,0.0019153182497651199,0.00029487320864380495,0.0002727131440226605,4.966475318802521e-05
Q67ZM4,1,137,S,test,1,0.37051492543412773,0.3913417715782895,0.004520595957921662,0.028795130250839965,0.02156655467927844,0.021398724765145934,0.13737387812056553,0.01163428450919822,0.012192625425378795,0.0006615092792542325
Q680Q4,0,884,U,test,0,0.8880667570120393,0.06458312621882309,0.0010728267368152278,0.0023432689587675032,0.01645724378015859,0.00519876908653286,0.00129407593054362,0.016425131776051264,0.0033045389611863155,0.0012542615390822005
Q681K7,4,593,M,test,7,0.0028625031470107505,0.002127231633774548,0.017968325530600644,0.014228003563754959,0.03920812287694733,0.30125180869663826,0.00015898768261031924,0.5205164125509006,0.09934229727842366,0.0023363070393388682
Q681Y3,6,432,U,test,6,0.012781800912230044,0.019816181435494924,0.0007653612560815097,0.12091559234379867,0.0011670366435170857,0.001452400499948866,0.8393205526679943,0.00046421506267177735,0.0014077148304332788,0.0019091443478295436
Q684R7,2,2191,S,test,2,0.0003436036683245979,0.0007388639631713542,0.9326066683932219,0.0015641750423390118,0.05513907014068679,0.006216713365072474,8.337295084635236e-06,0.0020480532790027118,0.0012766425572802234,5.787229581631565e-05
Q68CQ4,0,756,U,test,0,0.8729369446467554,0.08443025719990714,0.0004002617082050206,0.010650568928300373,0.004991821118548313,0.013836803565665207,2.6815863176633208e-05,0.011697361652031104,0.0007024812151239195,0.00032668410228688316
Q68CZ6,1,603,S,test,1,0.40297565213543934,0.5255793171271124,0.0008543845739214974,0.027854683316529436,0.001955705856445971,0.01612105353757713,0.00015804525024404475,0.015263107003759383,0.008106175548555108,0.001131875650415749
Q68E01,0,1043,U,test,0,0.8633953020040691,0.11503629067772944,0.0002637173434121937,0.006389286554072566,0.0036690588120265395,0.00378552699827004,0.0001368147634992742,0.00501500866223113,0.0012980622862791625,0.001010931898410511
Q68KK0,2,346,S,test,2,0.00010426798990075212,0.002526181822730734,0.9279325871599522,0.0035624879972366397,0.02936589616147722,0.007720635494847044,0.0006487772521156263,0.0037044013054278618,0.024155729214429596,0.00027903560188237956
Q69IL4,0,380,U,test,0,0.9446429061635013,0.03899007064160291,0.00020460109493341633,0.0058180383752945465,0.005840810142243961,0.0008219563274116415,0.00027532088135477336,0.0025318037645130414,0.00032695162655925464,0.0005475409825851084
Q69YI7,0,327,U,test,0,0.889775237475334,0.0696925807467225,0.0014019216282190935,0.009636696368597776,0.025044553385061584,0.0014019216282190935,5.027330280516896e-05,0.0010582259649418904,0.0008636987967450309,0.0010748907033538012
Q69YN4,0,1812,S,test,0,0.8421446221712097,0.13964126242535055,0.001082964066023861,0.00357875254975567,0.007229278401132099,0.0025179668818987575,0.0011709633343158846,0.0012661131805304874,0.00064666740328962,0.000721409586493346
Q6AT90,0,505,U,test,0,0.9675462984223308,0.012914582074030394,0.00019996524344708614,0.0009997632801933885,0.01576158621715953,0.0005268381936598679,0.0010477430467939245,0.0004233264191405684,0.00037358426984367724,0.00020631283340083204
Q6AX31,0,660,M,test,5,0.036907740478795525,0.021528093149848628,0.004583595390845534,0.16670632414410516,0.14654426502654092,0.3213348707522802,0.0005142652218846454,0.2602249159446612,0.02919642561644416,0.012459504274594054
Q6B4T4,2,105,S,test,2,0.0011805851879284326,0.0002938709089811073,0.9926570804187249,0.002337578811948068,0.0013016941372621207,0.0010665698894963909,0.0004016739077696449,0.0001597748415506043,0.0005798839587147537,2.128793762393506e-05
Q6C7L6,3,237,U,test,3,0.017185889596619323,0.03025067483908951,0.0005921025436805939,0.8875142548731454,0.0017133056364186296,0.03407823748655116,0.008769124956619896,0.013985681682947374,0.0012534811694893428,0.004657247215438742
Q6DJT9,0,500,U,test,0,0.9725413521945079,0.020027376486970984,9.95010131638727e-05,0.003224984773675481,0.00235484559725227,0.0009366927736178844,5.111116442727842e-06,0.0005549720826042782,6.0350413539660045e-05,0.00019481354822494535
Q6DRC5,0,1014,U,test,0,0.8217229405173235,0.15682857040268383,0.0010567025950434738,0.001611279121863641,0.01568051644032883,0.0012746266101757119,0.00021468213939529652,0.001235410478449378,0.00020807706860182057,0.00016719462613446078
Q6DT37,1,1551,S,test,1,0.33575646584068225,0.4049995958456017,0.005822318348511941,0.029338073550203354,0.15492614418362094,0.03566602459723487,0.0009654350151697516,0.014867810806053679,0.012519953218570187,0.005138178594351296
Q6E434,0,485,U,test,0,0.9085858928321465,0.06737856911056991,0.000719833340941332,0.003488212769205374,0.00392190247317016,0.004621130650341636,0.00039752973527835815,0.004693903268716538,0.0020829067698069086,0.0041101190498232295
Q6EVK6,0,2193,U,test,0,0.9382411863140777,0.047078648316674354,0.0005353990043739164,0.004553435735512832,0.005179913070501392,0.0008292422413790233,0.0004302052013274335,0.002084714799831225,0.00030033164416041737,0.0007669236721617075
Q6IWZ0,2,535,S,test,2,0.005638260857370561,0.020623901849322068,0.5662018654094069,0.05644612384194223,0.033606916650381444,0.1334381549929091,0.02965799903978687,0.03321538491490512,0.07577134665298679,0.045400045790988934
Q6J1Y9,5,1357,M,test,0,0.5725930759371158,0.2277617983028388,0.013361305533466792,0.018842460028813606,0.13760594615536803,0.019593057572919476,0.00026254713105923943,0.005111154482925008,0.0020015569741492346,0.002867097881344009
Q6J5K9,1,1188,S,test,0,0.5712932350246561,0.35750618589489236,0.0016555821063191103,0.02089080028965515,0.008342309857838197,0.008880342359962061,0.008277389223784229,0.009020186963847439,0.012425832454729535,0.001708135824315763
Q6J9Q2,0,348,U,test,0,0.9643258374849232,0.03099820551674554,5.9840607237465216e-05,0.0008725082082342282,0.0022020705332805738,0.0006043687414193872,0.0001962098160808822,0.00033902015729991554,0.0002810575802089504,0.00012088135456990612
Q6K1L7,0,188,U,test,0,0.9524638177130667,0.04250735470730633,0.00018492168107484003,0.001713845434838364,0.0006063348341064092,0.001398799958622225,0.00010054018038964054,0.00041672745082073077,0.000256738337673265,0.0003509197021015827
Q6K8X6,0,688,U,test,0,0.9362062753420476,0.04809055513721212,0.0001229885297531015,0.0009376166198590328,0.006688767110858503,0.0007077501009912305,0.0011852583019356696,0.004455679250457861,0.0005426508344405067,0.0010624587724443416
Q6KCM7,3,469,M,test,3,0.0027789400214136314,0.008831453146703663,0.0012923272494003736,0.6694420300990999,0.049935964678018877,0.10146621197723169,0.014002796618385799,0.07964174122159198,0.031617483687473955,0.040991051300680134
Q6L6S1,2,517,S,test,2,0.0008504133890581596,0.03705418425698005,0.6116084362815007,0.004455847131793399,0.06067582872010867,0.12425579685489213,0.007759399127638784,0.04911279230630815,0.10023310627082206,0.003994195660897912
Q6L9W6,7,998,M,test,5,0.0023568260373612562,0.0073164722958311825,0.22408005048045998,0.050428083797766525,0.06382493518906644,0.44913153743774864,0.00016290970563768517,0.17588243949095,0.021336961016591223,0.005479784548587071
Q6NLW5,0,300,U,test,0,0.9138789374958395,0.07501575513304065,0.0004899010634029791,0.0010052116339904042,0.004871116125331783,0.0010052116339904042,0.0005465240801826346,0.0027754784697417555,0.0002879979791589575,0.00012386638532097346
Q6NNI3,0,190,U,test,0,0.9049802663001651,0.045056311506020706,0.0008922920328159164,0.03536510701108216,0.00272706396407633,0.0024066256810636065,0.0017470228963508006,0.000812441078690013,0.0006735373489420331,0.005339332180793326
Q6NPM8,6,346,U,test,6,0.0006729805213522949,0.0005801454696362178,5.699516417336484e-05,0.018475788225827912,0.00029171544236607466,0.0006175616461459751,0.9777080687464751,0.00022897008509298488,0.00019584851358011196,0.0011719261853499995
Q6NPP4,0,1050,U,test,0,0.5452947528376014,0.28735017472414065,0.003424700668519425,0.03739881491277506,0.05062135035370945,0.016725783862712222,0.010798977762365505,0.03313351358599156,0.010714939862018439,0.00453699143016631
Q6NQ88,0,557,U,test,0,0.9082825722551987,0.0678843479041562,0.0002862343371929353,0.010451148198105536,0.007888940113133867,0.0016471648019088093,0.0007309249439681091,0.0016216279370741319,0.0007424353342180703,0.00046460417504366763
Q6NQ99,1,344,S,test,0,0.5870967493753065,0.22283678423026443,0.006223389232616965,0.014357207714739572,0.11248792284875792,0.010586340743697254,0.007506839617143742,0.035813126719404356,0.0019582761746386127,0.0011333633434306711
Q6NSW7,0,305,U,test,0,0.9558410340354447,0.03706197926323411,0.0004593084299093073,0.0016157174743476376,0.004093771459742386,0.0003413290064234207,6.654856609593622e-06,0.00043148033590707276,2.8907378664859e-05,0.0001198177597168628
Q6NUK1,3,477,M,test,3,0.0036960089972172564,0.01439136895197554,0.0017458711199325493,0.5839139505881121,0.0600890658093909,0.12144253246021615,0.022202887716284172,0.09644495417842419,0.0510467501864126,0.04502660999203447
Q6NVG5,4,214,M,test,0,0.3338952399853085,0.1891362837232979,0.02159681940373204,0.19976774081328222,0.053452641369245664,0.05939824945552181,0.022282373409148754,0.08118777812854698,0.021096527812218605,0.018186345899697535
Q6NWY9,0,871,U,test,0,0.9410279654151987,0.04540956976243417,0.0001855785455828809,0.0004182076805828945,0.011571387348295737,0.0006579330422394165,5.965412371041741e-06,0.0005204678560606974,8.496404613965313e-05,0.00011796089109478654
Q6P050,1,247,S,test,3,0.33641494973042657,0.21890937418091602,0.011511486500688605,0.3609205341953713,0.01897923200927213,0.02594153480672041,0.006767253590037701,0.00625868629178793,0.0018500641888040397,0.01244688450597531
Q6PAL8,7,1287,M,test,0,0.3908297346742729,0.3476111791175247,0.0017542161359844015,0.16613542500848827,0.03146075266099914,0.025980196527694035,0.002892213108908093,0.01651401726697089,0.012272175177317894,0.004550090321839637
Q6PEH4,0,753,U,test,0,0.913677847221765,0.061212597669228194,0.00045298466549336714,0.004908240736959435,0.004870044405210281,0.006351735275994607,5.162382741099543e-05,0.007691642533067197,0.0005726262310945217,0.00021065743377633047
Q6PGG6,0,577,U,test,0,0.6600529300478472,0.2584804496212942,9.375643647170442e-05,0.06795750299924207,0.0024947662820330634,0.0028491123892868168,0.0007973752496190687,0.004961435494381125,0.0006507987025417619,0.001661872777283068
Q6PHR2,1,472,S,test,1,0.24649257224149262,0.5959425626956525,0.001754211103600263,0.027015054023746998,0.06927227348950553,0.020875614115665558,0.000502589928276465,0.018567158096755444,0.010094787946033681,0.00948317635927097
Q6PIW4,0,674,U,test,1,0.2969844839654989,0.5253119823078501,0.0005961531826144514,0.10344006073934901,0.016239228822597433,0.011974057059149033,0.015018832951715879,0.013999090543071852,0.003887406812602683,0.01254870361555062
Q6PIZ9,4,186,M,test,4,0.07101881000765757,0.03831177335269756,0.0016965043610072447,0.0009080733598140667,0.8517727545785003,0.008751235268899779,2.6996308416047963e-05,0.024881304157413263,0.0025467545195397377,8.5794086054441e-05
Q6PQK2,2,205,S,test,2,7.220759006339144e-05,0.00019024163782812014,0.9952956454840386,0.0002855865344226211,0.002228831311085424,0.0013387170280382671,0.00011183730345808145,7.567290333370682e-05,0.00039649760114342925,4.762606588359361e-06
Q6Q4D0,0,1311,S,test,1,0.39538235319200354,0.5404235836395458,0.0006327709551469721,0.013635351614666252,0.022657214217927237,0.005509179669163313,0.001615837367404494,0.009975835894648196,0.00629168156972963,0.0038761918797645843
Q6QZN6,1,821,S,test,0,0.652446111292762,0.240021542089386,0.0025048494220002793,0.006151316315178344,0.07493837469273858,0.003760224446322922,0.00017863753975029209,0.013124470736006715,0.0060088207102572,0.0008656527555976963
Q6R567,5,252,M,test,0,0.9343342103968554,0.04473569292482352,0.00029908101002477005,0.004394963530839328,0.004064676522945387,0.003531452245273508,0.00012274260208857364,0.005914069283578064,0.0015427772933176178,0.001060334190253863
Q6RI88,4,1112,M,test,4,0.021601336646302677,0.023631932661784653,0.0020014039439589276,0.02372442788906779,0.7015021619448104,0.14476313320402506,0.00029748213675569407,0.05826156982674586,0.021349672812611187,0.0028668789339376974
Q6S4P4,0,329,U,test,0,0.8894680041314226,0.05843805101855989,0.0008500149597305747,0.012837136878649638,0.01542417511492452,0.003133610996634939,0.0005488107868390573,0.015697699913696916,0.0015634165316951814,0.0020390796678466817
Q6SJQ0,4,318,M,test,4,0.0012588049684797962,0.0015788952792466506,0.0397769635601165,0.0003157989221227934,0.9413833046464367,0.010539846786034243,8.332726855404243e-07,0.0047599684350301055,0.00035229916873132024,3.328496111631576e-05
Q6STE5,0,483,U,test,0,0.8964614273040639,0.08469700996083325,0.0003742636515032678,0.009410392799615338,0.0035787650802183444,0.001390558225921608,0.00020032889858848015,0.00223953401703687,0.0005980716271965828,0.0010496484350224467
Q6T264,0,1020,U,test,0,0.9362369150035863,0.057110815880434256,0.00019349445430117608,0.0015459191809318502,0.0033372591202132,0.0002728709125678088,4.3421683519755666e-06,0.0008808381901371676,3.8701325395955184e-05,0.00037884376408030214
Q6T6C1,2,107,S,test,2,0.01634555058885148,0.011773259322082093,0.825369240551439,0.05572998565106313,0.006655997159719256,0.07383023750778422,0.00031374673710325945,0.001892135037014046,0.007661006516744634,0.0004288409281988293
Q6U6J0,5,461,M,test,5,0.0029790658363172563,0.021169199238831343,0.024556700792038786,0.10020667580504926,0.01687755853031801,0.7289533808596166,0.025336215945037224,0.02125205342255861,0.02904811392339994,0.02962103564683303
Q6UN27,3,169,M,test,5,0.0005023606077280195,0.0010147963800952202,0.0332788621721471,0.15298088823672537,0.03741642687384349,0.6645186350851399,0.04611296859196307,0.01103869333824592,0.03890693051390865,0.014229438200203238
Q6UPR8,5,898,M,test,5,0.0039594736568112614,0.016411563251634793,0.0861585505936782,0.0757382282579551,0.05055117194570139,0.635388130880148,0.01027009255504628,0.07265912683903931,0.03921580283592052,0.009647859184065086
Q6UVM4,4,1142,M,test,4,0.004071317890867624,0.006208018357620896,0.00033681521860111016,0.005741478335636936,0.7942547147899474,0.051173239712081674,0.0005135818851365457,0.03091713438246408,0.10582420206779874,0.0009594973598450251
Q6UW78,3,93,M,test,3,0.008551845426576275,0.00597015030181676,0.006871601181007004,0.8454736569602236,0.00630573516601854,0.0555476217478004,0.01658098418941936,0.04184773613055861,0.007372151214770871,0.00547851768180865
Q6UWY5,2,402,S,test,2,0.0008897548375458779,0.002344191649662668,0.8345899972219148,0.0006020381396930153,0.13413081200367144,0.011031653316652528,6.185426007557633e-06,0.005962765123157045,0.010332962981307103,0.00010963930038788717
Q6UXZ4,4,953,M,test,4,0.009411214036750595,0.025284288766027764,0.24082958998260626,0.027338836682640894,0.6198031979518642,0.049795151377106224,0.0007846849136940769,0.017175168012937413,0.008436158404530603,0.0011417098718419388
Q6V9X0,2,132,S,test,2,0.0002099296027800567,2.5667094531853828e-05,0.9922295525308207,0.00027487145554949075,0.006790872877179004,0.0002612616017804535,1.8593180488086318e-06,0.00010072532630938187,9.916372385724567e-05,6.096469143045198e-06
Q6X4U4,2,206,S,test,2,0.0021160612977022017,0.00025872077293553284,0.9158650707175929,0.009869815857690012,0.027016062497445047,0.024888364789744738,4.2900108713280605e-05,0.017648490281659927,0.0021493844853397517,0.0001451291911765779
Q6XE24,1,437,S,test,0,0.8666408909845759,0.08853294076416196,0.00017633401418431602,0.01666736765845787,0.01564226080028889,0.001621537418420447,1.127265587691756e-05,0.008938841464934956,0.0002688772482750726,0.0014996769908236767
Q6ZP29,8,291,M,test,4,0.00036024660105970905,0.00033842035810153934,0.0014027133539115757,0.004563527632796088,0.484035609603047,0.22509747671543381,0.011596614457794127,0.06105932946327008,0.20818112723937013,0.003364934575215948
Q6ZPV2,0,1559,U,test,0,0.9391214416774544,0.039992616284304984,0.00021993345968009868,0.0013058051929553756,0.01163851490235355,0.003257246745325765,4.39894618931322e-05,0.0029197768822012615,0.0011705161511119026,0.00033015924271960197
Q6ZWS8,0,374,U,test,0,0.4848044015993405,0.3717124606315303,0.0008005114755847224,0.00847288092923011,0.10733266475648126,0.01131278043360293,0.011855691180716011,0.0012206342730280613,0.001920327115492396,0.0005676476049936931
Q704V3,0,163,U,test,0,0.9240396724202138,0.0679913214794903,4.904608076084141e-05,0.0014904341627622081,0.00259543742196475,0.0013570558378522767,8.343019632146406e-05,0.0012356133439646235,0.0008969590515882396,0.0002610300050815242
Q70VB1,4,928,M,test,4,0.000687075005163147,0.002675304362226033,0.013935698533947972,0.0008418218592050779,0.9231697502802633,0.01806939195547853,0.00018205675050460903,0.009371987449742365,0.03085736778961428,0.00020954601385476382
Q715S9,1,587,S,test,1,0.4413810394446344,0.49239614507919993,0.0022100909628417756,0.008741078351861905,0.00847214314277041,0.01821797413483121,0.0023161553261131737,0.005219536507165629,0.019242013533022108,0.001803823517559419
Q715T0,1,586,S,test,1,0.35362604190459906,0.5922121989927712,0.0016895967967897718,0.010931816861750454,0.0049273557863471745,0.018888486511876777,0.001716204217032591,0.0034130797653898646,0.010931816861750454,0.0016634023016926555
Q71PD7,0,128,U,test,0,0.720954149129304,0.07947935571312383,0.00852561798972886,0.1262656545630931,0.005335195228999218,0.007946749811460766,0.03485786021650781,0.0015770807424985722,0.005090879525736554,0.009967457079547245
Q75J96,1,1055,S,test,1,0.18543015791731737,0.4607402774560414,0.0019733044713978153,0.07550816389119767,0.09019509883522486,0.0375255502823734,0.003517795424566233,0.04633786994615961,0.0918842721502407,0.006887509625480936
Q769J6,2,1426,S,test,2,0.0004213006205560863,0.0014364199110219274,0.8767451106394238,0.0017599385581988,0.06501732810008172,0.02327337690324702,6.360688027290969e-05,0.010416125016866038,0.020538684117738546,0.00032810925259310305
Q76CY5,1,286,S,test,0,0.8677130382440958,0.12115988937520603,0.0005353877811789518,0.0028272331825577356,0.006020425381584469,0.0003679662785612319,0.00015580673135236984,0.000625931719009559,0.00012916831535186114,0.0004651529911019253
Q76DI2,2,481,S,test,2,0.005582094305952183,0.02712942116147067,0.8682147312708683,0.007111772911788323,0.02705005758195985,0.033329045159702364,0.002941557253440373,0.015839912860510782,0.010510520346381,0.0022908871479261628
Q76EJ3,7,337,M,test,5,0.00046981750984360915,0.000786796256704813,0.0001081581339616793,0.005090630058971308,0.3076504117328482,0.3828771047685229,0.004819711586361738,0.20176207667961243,0.08953137539902978,0.00690391787414355
Q76LX8,2,1427,S,test,2,0.00023345466608091654,0.0007361437660660129,0.9219423242079298,0.0006702665494103606,0.06176628350366312,0.006285223446245773,7.742602730870837e-06,0.0025794507588791952,0.005656088524217039,0.00012302197477698148
Q76MX4,0,189,U,test,0,0.7129971977702494,0.15785312645179855,0.0025316025118569934,0.09649367625953278,0.012706753791865881,0.0043064006584044336,5.861453607372359e-05,0.010091212573382049,0.0006921015443757602,0.002269313902460484
Q76PC7,3,233,U,test,3,0.04982661774697481,0.012922112760313686,0.0004588872598177116,0.9255834314017268,0.00012943509841226717,0.0032354704868370185,0.005689528628858614,0.0008845284527921292,0.00035738178714579173,0.0009126063771211456
Q7K1V5,5,197,M,test,5,0.001056422491733706,0.00017245621911995867,0.001399532326005666,0.0023806849771378226,0.17490853572601803,0.5304035606065364,0.002761642713544316,0.16952716011222513,0.1165141998367449,0.0008758049909340943
Q7K556,1,475,S,test,0,0.44866498225764995,0.34670142808455506,0.0021604984982895492,0.12052092466848165,0.02472559467425063,0.02377837252050261,0.0042966647963023265,0.015352471450844268,0.008282036871493493,0.005517026177630472
Q7KRI2,0,127,U,test,0,0.4650463289115688,0.11758213061904133,0.003388075482090465,0.13533619410747336,0.18211475505223515,0.06725849392380728,0.00023788023740513482,0.02464655294346113,0.003388075482090465,0.001001513240826913
Q7KRW1,5,809,M,test,5,0.08869072206795563,0.024246693086519062,0.0040838095150817,0.024152163843522884,0.22123329732886762,0.38225684246316555,0.00192905500219394,0.1650500922798661,0.08250753727522046,0.005849787137607071
Q7KTX8,0,2618,U,test,0,0.5500993520507718,0.3284793073828594,0.0010956512582387474,0.05563647462033501,0.014320060068971999,0.02043256831348586,0.002248130188015952,0.007664976351531535,0.01454556864601213,0.00547791111977758
Q7L0Y3,3,403,S,test,3,0.3586950652553037,0.07910324003634236,0.0012538548509309516,0.5218982176736726,0.0032522518197258005,0.02079715796397572,0.0020672569819074997,0.009785582454419997,0.0006924443397323792,0.0024549286239889385
Q7L266,1,308,S,test,1,0.060761754296588616,0.6609507483867266,0.002659276932287179,0.22664088419800366,0.005853950698085094,0.003157969646391219,0.013610844782432116,0.0003380891414671175,0.005673843630955388,0.020352638287063043
Q7L513,1,359,S,test,2,0.00047143944900069734,0.0015948589547638426,0.6236164021553149,0.00016549079863862202,0.3666051356249973,0.006688429559565702,8.820916331619149e-07,0.0005686645206760822,0.0002523433378193897,3.635350759034175e-05
Q7L5A8,5,372,M,test,5,0.0007012368300865006,0.0023173005335306303,0.0003695258349271704,0.04654422405429781,0.01787444018997994,0.8713907009108891,0.00024234097525048629,0.04877793047046008,0.006373327229620186,0.005408972970958039
Q7M6Y5,1,601,S,test,1,0.2882768713466823,0.6008205834186136,0.0025333598631607926,0.023663205818923505,0.03486964723056392,0.0052799749157001405,0.00023934991842244064,0.04189684535143944,0.0014434648756313127,0.0009766972608625719
Q7PLI2,0,2077,U,test,0,0.7672569053588748,0.2164147486534617,0.0005118732553750638,0.005210283082128333,0.00399486280618691,0.0022940567308819587,0.00011421435200149853,0.0026404428598662956,0.0012472569581276152,0.00031535594309585127
Q7RTR2,1,1065,S,test,1,0.2768940089953876,0.4156671254126898,0.02185811521040548,0.025855957144684184,0.22249058358445975,0.005314876437573852,0.0003397686886115785,0.0021812208457088885,0.006311571824361151,0.02308677185611769
Q7SIB8,6,102,M,test,6,0.001846999919364508,0.01735354905141059,0.386569904989399,0.0012497426547169554,0.03210563111204356,0.016270342700257404,0.5366991588791443,0.0002460889440516025,0.00742006418136648,0.00023851756824556447
Q7T0L4,0,329,U,test,0,0.8766434507304959,0.1006891316552318,0.0005757828682569153,0.004672645293250092,0.01188550093961513,0.0022595437123260425,7.915086018657307e-05,0.0019785227032847797,0.0005325121064880093,0.0006837591308648101
Q7T0P4,1,441,S,test,0,0.6312403624221519,0.17666391697294329,0.0010587211072564193,0.11768354007406455,0.039961680375730155,0.011382324379048283,0.0006127407491926647,0.01394591522995523,0.002923222888666919,0.0045275758009906426
Q7T3L1,2,294,S,test,2,0.3870624325671848,0.04111604415743241,0.3931577525879432,0.042795695606105875,0.0026907930302554114,0.12131975659681579,0.0008735726054720897,0.0012910565201444833,0.008159728766855183,0.001533167561790746
Q7TMA4,4,361,M,test,4,8.112883027233328e-05,0.00015637992395346368,0.0004120062047750433,0.0009730286135996522,0.8985506512675867,0.05834701038321008,1.4098077686204464e-05,0.02357432146635341,0.01738261544299708,0.0005087597895659989
Q7TN78,3,580,S,test,3,0.017077567894599927,0.04960899502636953,0.0006595876370920295,0.819635401699665,0.0042014180026331135,0.015980347032905705,0.024582226218207912,0.0030499024350778485,0.0010057510205123369,0.06419880303293658
Q7TSP2,1,1385,S,test,1,0.22009109065922627,0.6269811674768654,0.0002874853201448215,0.04083220488067981,0.04055403368980567,0.00901354975702326,0.00233302693925189,0.050077545957859224,0.007186229416869671,0.0026436659022740392
Q7X8R0,0,464,U,test,0,0.9689608691857227,0.015970695667453214,0.000677462683942815,0.0003460140815835187,0.006882339080123013,0.0005616362944192346,0.0033345880415126027,0.00113453647096288,0.0015875019026136501,0.0005443565916664389
Q7XA78,6,264,U,test,3,0.004770198963536574,0.015519162120573336,0.0010896162419152102,0.639588790226989,0.006622764923375845,0.06382455101143542,0.25046656200503653,0.007446175638787454,0.0024941559611665505,0.008178022907184114
Q7Y1W1,6,527,M,test,1,0.2485596241881695,0.33841615946815923,0.02877286451754427,0.13949741436121746,0.03135488930284501,0.06309168046628282,0.06716074800785701,0.028326781492984652,0.01424359997198321,0.04057623822295688
Q7YR83,2,223,S,test,2,0.0031404874456498794,0.0011966599459956602,0.9676270514841026,0.00282613252876868,0.00966394010117868,0.011420313076363552,9.899822820584265e-05,0.0009540605277474399,0.0029849910245652077,8.736563742253843e-05
Q7YRU6,4,1106,M,test,4,0.04631545299269991,0.07215632184971467,0.00508599805345328,0.06153802569379858,0.5878613942955571,0.09568500346295673,0.0028529865046072593,0.049398928111308374,0.07385844434183561,0.0052474446940685825
Q7Z2G1,0,175,M,test,0,0.7868835797196517,0.050303782529072964,0.00432735008734145,0.11880165298805141,0.012619810928136991,0.004129186052117134,0.015522631806850226,0.0024656496543299087,0.002280353238221741,0.0026660029962264848
Q7Z410,4,1059,M,test,2,0.0004566178592093658,0.001203027876906041,0.8385855588370859,0.008717306612010573,0.08977814692002256,0.03684487842663775,5.715242579077351e-05,0.008649469070588223,0.014541827301455588,0.0011660146702933212
Q7Z443,4,1732,M,test,4,0.0007321218182429023,0.001840554157231914,0.08799272866007492,0.0038061919118472834,0.8413995474391284,0.03935278286792485,3.371092065406356e-05,0.01225657763035442,0.012250594814580235,0.00033518977996099646
Q7Z589,0,1322,U,test,0,0.9193491448526074,0.07429480158952219,0.00017300079882224005,0.0019798894760568145,0.003434331207143613,8.836016318257863e-05,0.00019603559174119996,0.000323208060915306,4.045423124154045e-05,0.000120774028767063
Q7Z7A1,1,2325,S,test,0,0.47165224904761044,0.4571410220649352,0.0010812490479948293,0.02589107193289131,0.022102597148860696,0.00570977408059216,0.0003565581129018099,0.012867175419715361,0.002150320588189804,0.0010479825563084397
Q7Z7J5,0,298,U,test,0,0.9480257354558407,0.040057629493280185,0.0005243382108551217,0.005571492554821504,0.0026836940352964415,0.0007055742416767187,0.0004925701544802136,0.00137069671624584,0.0001599141260106935,0.00040835501149258906
Q7Z7L1,0,901,U,test,0,0.6784801528965878,0.2254938051428926,0.0022630880273947383,0.0506967123295657,0.016985420252330876,0.006346986671924269,0.003910265423682914,0.008278031889363872,0.0025246571919915867,0.005020880174265599
Q7ZVT3,1,627,S,test,1,0.2989971984306012,0.4968293687919733,0.0012124239198320005,0.09154588877813093,0.012832701414609543,0.012633748557698905,0.00039361644942656796,0.08142260594275472,0.001683283973813303,0.0024491637411595255
Q7ZZH7,0,661,U,test,0,0.9248936534814511,0.07132013878187236,0.00010231528322995811,0.0011086203137929405,0.0014572538542472584,0.0002034782292778823,3.8232425448349364e-05,0.000761942900193168,8.801604961980527e-06,0.00010556312552497944
Q804Q5,0,430,U,test,0,0.9385153193030048,0.04355335022956988,0.0005790734730133016,0.014306377852353154,0.0019437357765658087,0.00028221788020369967,3.644500797563117e-05,0.00019396533533631266,1.0441668964159152e-05,0.0005790734730133016
Q80TD3,1,1108,S,test,1,0.26229732724848914,0.5340108768884332,0.00120522498632058,0.021279835664763477,0.14205260301955516,0.012756502942086316,0.001132204059183869,0.013059014203639545,0.010250137921973044,0.0019562730655557177
Q80TT8,1,1865,S,test,0,0.4909745931897818,0.32451439128103104,0.0060372882983412346,0.03420356743136625,0.08138176107686075,0.026430466761693184,0.0005033748611793899,0.013819489385779305,0.01590613513212586,0.00622893258184121
Q80US8,0,206,U,test,0,0.9738892548269962,0.012259456439391574,0.0003879698963333818,0.00545073672876994,0.00447490476841484,0.0009020571781307484,2.9162624945894808e-06,0.0019246325135158138,0.00021763140496836237,0.0004904399809845401
Q80WM7,2,277,S,test,2,0.00010166645707692631,0.0004280317643334355,0.9335010885635917,0.0026841916976615265,0.045755731048889886,0.009516285367248724,2.8840551097589578e-06,0.0009645844323184708,0.006643437991192493,0.0004020986225770346
Q80WW9,5,315,U,test,0,0.6767324591563456,0.23024662602059576,0.0003355115080476393,0.0242204639862989,0.006791782816607611,0.014892679168884733,0.00026129665541500813,0.03791853665776981,0.004317120046934717,0.004283523983100211
Q80Z64,0,305,U,test,0,0.9372530435187187,0.0496725916661221,0.0015355533450852501,0.0015236036617297605,0.007477500826416717,0.0012930655885599676,5.758681620556972e-06,0.0008546641779722681,7.467971475772385e-05,0.000309538819016949
Q80Z96,4,526,M,test,4,0.05457951422223591,0.05107281655852808,0.0054892063279797345,0.03551556863776286,0.26038431745399077,0.24270486481308434,0.0033818017203193843,0.16551032423469236,0.1700984662058519,0.011263119825554679
Q80ZA5,4,1117,M,test,4,0.09567257580409876,0.05718452002374959,0.0017660478726185622,0.03204629881964686,0.4423855161167636,0.22244540924921147,0.0013540758261556783,0.07351606199714378,0.0682740198531345,0.005355474437477261
Q810U5,1,305,S,test,1,0.4126929455649623,0.45325453329305343,0.0009027621955784406,0.026798042270534197,0.03725993735204512,0.008976219467517404,0.00018056377796834424,0.055742935871192015,0.0032005699761367802,0.000991490231012018
Q84JH7,6,225,U,test,6,8.065414008596672e-05,8.002648690061183e-05,4.7685642256745776e-06,0.0031717704880378224,2.6596914687763083e-05,2.239684829515007e-05,0.9965405706552614,2.170776965880679e-05,1.5154463115921039e-05,3.635366973089135e-05
Q84K00,0,567,M,test,0,0.9627031023380881,0.03192837537777804,0.00030816192855702483,0.0001388994441076884,0.0024524531871399917,0.0008508623992178975,0.0007508834539310326,0.0002940501489037655,0.0003546922068186915,0.0002185195154577898
Q84L08,7,341,M,test,7,0.00015262331172529898,0.00032310356816647604,5.703116652108936e-05,0.009992735552796663,0.03913794874393191,0.33285853452479786,0.006861195789185094,0.5574332007676785,0.03944491263875444,0.013738713936442576
Q84LG2,0,389,U,test,0,0.9268637091423341,0.05394993228772734,0.0001423532635140715,0.003290967476234614,0.010644142276957987,0.0013193234039395464,7.3851899448295e-05,0.0030915776039138402,0.00018566367672641276,0.0004384789692038168
Q84LH8,0,444,U,test,0,0.9759857159859647,0.01453292384931761,0.0006410313138239994,0.001125044899566558,0.005388296265221279,0.0002844558941863838,8.812033138927445e-05,0.0015257873032336537,0.00010629341087537393,0.00032233074642111005
Q84LM2,8,497,U,test,2,0.005920387074184996,0.030659204840993666,0.7515605352121353,0.007030632963897304,0.07692684634356887,0.05589745688896819,0.008414567072038335,0.01673436276312041,0.04460888156553142,0.0022471252755615735
Q84M97,4,742,M,test,4,0.038110916529777224,0.04817671077397763,0.006344143460776539,0.01104766903285595,0.46610317806227675,0.31049168890647183,0.01407509705054352,0.041207728081018344,0.05799881887246679,0.006444049229835467
Q84MM9,0,441,U,test,0,0.49689925068686347,0.1337386161360707,0.006453594625609752,0.013555941149618255,0.20794914567129547,0.006255038502032656,0.02759852445413709,0.006158063601125571,0.043759110523998695,0.05763271464924836
Q84N48,6,611,S,test,0,0.7165116008871748,0.0731962675683566,0.0004780186637739454,0.028692078117911114,0.007714830913081027,0.006547491553412282,0.15739671567173796,0.002750807413651333,0.002316411989830244,0.004395777221070671
Q84N49,6,674,S,test,0,0.5155903529850867,0.026666243627370703,0.0007873656904230192,0.03205196082982338,0.009592077383842138,0.002502243186245355,0.40786554087063376,0.002463449411318793,0.00047015752283170937,0.0020106084924244247
Q84P17,9,727,U,test,1,0.06946850909335897,0.33744733203234784,0.002221031922064194,0.24688172063139338,0.008514085271505637,0.05144689112326457,0.08889226307074248,0.0073971663510431765,0.008514085271505637,0.17921691523277414
Q84TH4,0,382,U,test,0,0.959763002888161,0.028310956590714816,0.0016350714636693337,0.0008616220456335805,0.008417881317032415,0.00021785215435510567,2.123587110155725e-05,0.0002046531725311457,0.00040069143544265915,0.00016703306135839853
Q84VQ4,6,218,M,test,6,4.16137542739628e-05,1.0277871925520515e-05,5.416057602045871e-06,0.0009251845860115069,6.345340072394595e-05,5.05894582205614e-05,0.9988583361327203,2.2100898772803223e-05,1.832228705669071e-05,4.705552692622769e-06
Q84WL6,1,338,S,test,0,0.5392191843057303,0.4070239838067815,0.00038293963304388223,0.010031670028608492,0.028696424391365584,0.002238368082161049,0.0066825335687273075,0.004521628239367514,0.0007266918326776703,0.0004765761115366308
Q84ZT9,1,202,S,test,0,0.5998299152407048,0.3581747728947255,0.0003266131114551476,0.013148842446420093,0.01579869732856669,0.002911071307882593,0.003538962471628283,0.0047995448356936785,0.0012326251079709442,0.00023895525495222448
Q868T3,4,495,M,test,4,2.657524108176414e-05,8.578592848916115e-05,7.111902373535234e-05,0.00013080791073351352,0.9650931550019817,0.011235739327608895,1.4224699326076902e-05,0.014426973934911309,0.008888200101956057,2.7418830176222777e-05
Q86B79,1,599,S,test,0,0.6819842480795392,0.24127660773194182,0.001717091078147716,0.04788280667138768,0.007816654656394733,0.007939748492819806,0.0008238692562901657,0.005630124379330502,0.002310598509736284,0.002618251144412123
Q86DA5,1,1000,S,test,1,0.2169995519296678,0.4349398737325826,0.00201417125169412,0.00953429526762766,0.2942950608042062,0.008155114623112102,0.001129847556872094,0.02571521224217515,0.006204083779826675,0.0010127888122356307
Q86IV5,2,258,S,test,2,0.00016581648373324478,0.0011875311607418453,0.7655744550161379,0.00010376531278186541,0.02991736120517916,0.01492632552503522,0.004056790376645959,0.0021336071652048945,0.18183986836810834,9.447938643165186e-05
Q86JM7,8,378,M,test,8,0.0008132337163297635,0.0029746850194222194,0.04405552478010163,0.0010120856941769317,0.3603274488766131,0.08899460645392022,0.0006637420090746368,0.08558526550978947,0.414734359476127,0.0008390484644449787
Q86LE4,2,74,S,test,2,2.49767147385139e-05,2.5515319325358087e-06,0.996190677260077,0.0012710917637198688,0.000629850844258377,0.0010173691074212637,9.065005088931863e-05,0.00011639697304283312,0.0006485764817948796,7.859272125349925e-06
Q86LE5,2,110,S,test,2,0.0005396842619645834,0.0007730621494093886,0.9911382940159419,0.001793916031398638,0.0014555977750622833,0.001008262984186239,0.00016204261664041898,9.9831555792072e-05,0.002998382235065744,3.092637453875236e-05
Q86QI5,2,74,S,test,2,4.307888832203213e-05,4.909431753533778e-06,0.9944132520822642,0.001404460015213801,0.0016484065893749872,0.00115527719600233,0.0001771674967878759,0.0001491899975731522,0.0009881608967939283,1.6097405914180877e-05
Q86QW7,1,781,S,test,0,0.7677976940453327,0.1584440115855804,0.019296671466997255,0.03649369841782815,0.00501421216551414,0.0019331511548069927,0.001172515283352721,0.0014143234251804335,0.0036116016357972784,0.004822120819609963
Q86T26,4,416,M,test,2,0.00032382570737343866,0.0027756575849695307,0.5500175746373083,0.0005338983409787081,0.4087383295591388,0.011881579198810284,8.992315659930019e-05,0.009435889888128239,0.016035323360423327,0.00016799856627010303
Q86UN3,4,420,M,test,4,0.0005399206646306724,0.000671942106156487,0.32191641485507794,0.00022507240133018573,0.6605295815264456,0.00711206050543853,2.150891395056039e-07,0.0032497848346791686,0.005620611135386729,0.00013439688171516513
Q86UU0,0,1499,U,test,0,0.9171702076973361,0.07889895491484944,0.00012431247711863056,0.0005442239585789165,0.00284318778250872,0.00010800454517569543,1.0424236515031817e-06,0.0001621340269741396,1.351835331664487e-05,0.00013441382049020066
Q86V15,0,1759,U,test,0,0.9361628509472297,0.05449120825784439,0.0003343019711433174,0.0004095953576016103,0.0071337448212405565,0.0008876763954188521,5.993704464061623e-05,0.00024843213603828235,0.00017343358594121782,9.881948290142051e-05
Q86VD7,3,318,M,test,3,0.0002699926504412612,0.0009133734107716445,0.00023826767138577715,0.7102659214856395,0.02034642137652401,0.06015288347331776,0.013200938460353374,0.03060331139658579,0.017437241652788718,0.14657164842219222
Q86VD9,5,579,M,test,5,0.0006131054965723238,0.0007395463802216891,0.003138026690816338,0.0719813204637349,0.021612711527528913,0.8237826219712752,8.428146356906974e-05,0.0592102215950211,0.011456028649015577,0.007382135762244876
Q86VV8,1,2226,S,test,1,0.30015332933769623,0.4987504522206057,0.005005530288331419,0.06316178710253276,0.05413076373968221,0.027271874700399545,0.0007440056848909559,0.0323861522605125,0.007632522448820967,0.010763582216527744
Q86VW1,4,577,M,test,4,0.00010896395391072234,0.0005620788355394708,0.0013483570468229397,0.0027883478518100956,0.7791953574500693,0.12137523124642435,0.00024174709351631142,0.019129480900478904,0.0747771178214036,0.0004733178000243524
Q86WI3,1,1866,S,test,1,0.3118604911523889,0.5388465855267434,0.00793022152401622,0.06614005972597381,0.05757582169382612,0.009127628619810212,5.427486000535539e-05,0.0026562911695722597,0.002344168866864231,0.003464456860799542
Q86WV5,0,123,U,test,1,0.3697648987381532,0.42893478318424283,0.007042265480750694,0.1529414251063068,0.0077344155232612595,0.014449790062327338,0.0009833205749522314,0.00671977643491368,0.004916294141348806,0.0065130307537431265
Q86X83,1,199,S,test,3,0.2939782592208713,0.14105231357151757,0.008947000393025092,0.3491078143219761,0.006859902416351457,0.10730693699706241,0.024703458583322322,0.01923907266064511,0.02956616917458358,0.01923907266064511
Q86Y13,1,1208,S,test,0,0.7165740736990113,0.24764137920155613,0.0023901511818269984,0.0044306405913082745,0.01662337271194308,0.005600854295299902,9.865332604730048e-05,0.004753382952502829,0.001111523506380506,0.0007759685341236947
Q86Y34,4,549,M,test,4,4.432804660975207e-05,0.00013869017893516835,0.013927457689800245,0.0001596314192879825,0.9763901771361351,0.005583410458775615,1.8296369587757802e-06,0.001572568056160365,0.002131677117241377,5.023026009566094e-05
Q86YI8,0,300,S,test,0,0.9838229068564149,0.009835291640193145,7.02686816808049e-05,0.000379868921180903,0.004746756525977301,0.00036818158069202135,9.604589818384477e-05,0.0005614098087702788,6.705083880340788e-05,5.2219248103346904e-05
Q86Z20,1,511,S,test,1,0.2657901941492268,0.38975554686516733,0.0038812013790564606,0.031008761361702924,0.13628365093083883,0.011056514451719582,0.0019515906451495408,0.15085227780470054,0.007138621990038724,0.002281640422399323
Q8AY79,2,258,S,test,2,0.00029665226553922283,0.0017205049905201848,0.9123788682047161,0.0005288398361991774,0.04686660425412949,0.013532819532017105,0.00018856364902823092,0.0020114740345424462,0.022311846298223616,0.00016382693508435337
Q8AY80,2,258,S,test,2,8.024945508379562e-05,0.0004839661612169339,0.9610339235396983,0.0001595951053365044,0.024437889377141437,0.0030647402056134636,2.730350353345424e-05,0.0005976184727628717,0.010029289074355388,8.542510525789271e-05
Q8BG17,0,217,U,test,0,0.9272879071559847,0.05439795732901221,0.00018003375455149828,0.01262134168900546,0.0011202077517540653,0.0018469103987649599,0.00011806901991524881,0.0019204830219383229,0.0002008421645544391,0.00030624771451904706
Q8BG60,1,397,S,test,1,0.24386478801532321,0.4887868134104575,0.005558697936208094,0.012141312393369911,0.19748772552012087,0.032238986132971104,0.0021768174923605076,0.006298830225978222,0.009164743997013934,0.0022812848761966506
Q8BGC9,2,288,S,test,3,0.005477035875092878,0.013555794711514461,0.14573852945707436,0.4631560937748135,0.07954678740552512,0.23288951287164847,0.011777479112795034,0.024355351678051328,0.012439497600427571,0.011063917513057284
Q8BGV8,3,463,M,test,0,0.3671252020340701,0.16726345807680637,0.12345284594947706,0.04853404166423124,0.10642300224048312,0.07117046200387178,0.00407839321294075,0.06280772197875105,0.03468571498311522,0.01445915785625332
Q8BH00,1,487,S,test,1,0.017033855336286007,0.5424741177032792,0.001647510530339722,0.2836391767132716,0.006465322655668268,0.010494253182384982,0.015328810372012431,0.001047221413106592,0.007269157453857414,0.11460057463979377
Q8BHD1,1,476,S,test,0,0.6879729098418739,0.17807182892881876,0.0010839637713385812,0.07963865271552309,0.03345870548552136,0.00794713927529643,0.0005200914956926859,0.006237780809812928,0.0019323745040581012,0.003136553172064153
Q8BHP7,2,681,S,test,2,0.0020258376584230135,0.004288698295174674,0.6266312827882339,0.0025211955339671664,0.2737549382899048,0.04966011352290272,6.022656827375278e-05,0.026607113261899858,0.014144738306901442,0.00030585577431862496
Q8BJ05,0,735,U,test,0,0.8248014967863772,0.13783816862457773,0.0004219019861909314,0.01006327559936827,0.009602445086627352,0.003971743825392667,0.0002056186184336062,0.011403185207238467,0.0005089109133141768,0.0011832533524796427
Q8BJM5,7,460,M,test,4,0.005350449545108715,0.009244747258788093,0.001968320381770071,0.01667481233760018,0.49692074409228804,0.22397974412542027,0.0004256791189340039,0.11619915985981119,0.11619915985981119,0.013037183420468232
Q8BL65,1,612,S,test,0,0.6471680485677129,0.296295110207398,0.0012299590901672342,0.016650656451542498,0.020966343850317436,0.005426834872608424,9.050103224124409e-05,0.007302603777933729,0.0016294312872154732,0.0032405108628630087
Q8BMB0,0,1264,U,test,0,0.9159545339433687,0.07757279067957079,0.00030726851341676405,0.0025033328549791656,0.0028813185299156273,0.00012222297053854787,0.000161919128281812,0.0003170222554148707,3.669798642376934e-05,0.00014289313808995478
Q8BND3,1,1181,S,test,0,0.6234562488982495,0.3086332131240323,0.0008402159340295515,0.014100582130153862,0.016485252016106677,0.00855243509406385,0.0017511603403625943,0.015127716294233807,0.006064584919734133,0.004988591249033736
Q8BPC6,3,396,U,test,3,0.012924949790453074,0.11655674171908849,0.005757859560827346,0.8282505966450776,0.004886631559199287,0.006784416326050686,0.008779687277521238,0.0021181978404956774,0.003835561453967724,0.010105357827318907
Q8BPQ7,7,1093,U,test,1,0.17924873709280126,0.4796944606366889,0.001600033153873267,0.09226933958579653,0.05684548672990514,0.10283341361119608,0.00097046915709217,0.04427131309467336,0.03613319283926254,0.0061335540987107525
Q8BSF4,3,406,U,test,3,0.0023281630024274023,0.002852524617940397,0.0016253194698860403,0.9246861893217524,0.006453423266245891,0.05257637775221484,0.0022742308108650747,0.0035778675067997655,0.0006364842964680114,0.0029894199554002065
Q8BT20,2,105,S,test,2,0.0009800917879039322,0.00014454396173241586,0.9862929995264704,0.0029146062498362386,0.0038593408403768226,0.0040504836309432435,9.045330458431074e-05,0.000668364546752348,0.0009499375407366885,4.917861066352343e-05
Q8BTE6,2,63,S,test,2,0.0002407236227799106,8.906438621182383e-06,0.9962708598351364,0.0007020200729236056,0.0010055971481671166,0.001342648637118435,0.00014715139482008883,2.136543660674113e-05,0.0002562489751352006,4.478438691304027e-06
Q8BZQ2,2,495,S,test,2,0.0011656758562931405,0.0024294767939083413,0.9352379182424302,0.006840304252525149,0.020824153727110342,0.015966432744765606,5.2841996962222885e-05,0.008012760719482582,0.009322236628186828,0.00014819903833559027
Q8C0D7,0,249,U,test,0,0.9262875891652568,0.05829753337162731,0.0006578256867835363,0.001653773599622533,0.003998311434985282,0.0030896556827399923,0.00043820639239502263,0.0030656119622684474,0.0021908940680356237,0.00032059863628544643
Q8C0V1,0,768,M,test,0,0.667401219046603,0.26547388215831863,0.0005628548303268933,0.03496742376763589,0.014069600546723718,0.0036702746474343018,0.0004967176537572012,0.010374272622621604,0.0010191983684254213,0.001964556358153379
Q8C1E7,0,343,M,test,5,0.0015132727707600575,0.0019430804712419244,0.005492245363770817,0.010965384644746015,0.18619132214793446,0.7597767781224333,0.00023572243154035695,0.017973240631791523,0.0147843846561218,0.0011245687596598125
Q8C1Q4,2,291,S,test,2,0.003967043493455284,0.003967043493455284,0.7799822718407852,0.010868120049443503,0.09315560049250118,0.04851764086858326,0.00021691953673023842,0.02251877458202235,0.035670008648942056,0.0011365769940816397
Q8CCG4,0,296,U,test,0,0.9482475695225215,0.0443501303817799,0.0006228127473778106,0.0015535662426749005,0.003936297551538072,0.0005163298691102094,0.00021523831448384416,0.00038370380690469085,4.5826885769411694e-05,0.00012852467783963965
Q8CCH7,0,1151,U,test,0,0.8713093643696135,0.11077454250929689,0.0020131173641015133,0.001484380028748687,0.010568604168843846,0.0015314991315760029,0.0001424515979858111,0.0018187001623379431,0.00012970366877984563,0.00022763699871601874
Q8CCK0,0,372,U,test,0,0.6107959170288486,0.29536163800952686,0.00844447958568051,0.014590751917683567,0.038291644435640475,0.007628951524272919,0.016533488209995825,0.001662816437698926,0.003058387740224762,0.003631925110427572
Q8CD91,2,447,S,test,2,0.002667742354180278,0.0009968624361301529,0.9062883984706643,0.005062485652462348,0.046918880871552396,0.016151514137429535,1.1425672875068428e-05,0.019105620957969215,0.0026886656802741953,0.00010840376646242563
Q8CFH6,1,931,S,test,0,0.7133002240118108,0.19048811283986963,0.0009172753542918344,0.0035162755872748743,0.07372714665635102,0.006620791615009964,0.00014974108607405235,0.007502339575885557,0.0026542241642655002,0.0011238691091667193
Q8CFI0,1,1004,S,test,1,0.2629696841140033,0.4799112938406439,0.005207832538907006,0.015669657685585016,0.0921534235482041,0.05598947387262197,0.0031587099778435674,0.02859662645985653,0.05384455245142669,0.0024987455109079246
Q8CFP6,0,273,U,test,1,0.20977619096999492,0.6411277452063319,0.0007052018044588806,0.07061016251030335,0.022812103400149723,0.010860189535510802,0.01279643070824732,0.018911897442561755,0.005813040198609739,0.0065870382238316
Q8CFZ5,4,553,M,test,4,6.188404546890026e-05,0.00035059700065597394,0.0022507357341658416,0.00233127045157481,0.9368349299410447,0.030350703631299433,3.872604540976773e-05,0.003431962113743759,0.024009380787960253,0.0003398102486765793
Q8CG85,2,686,S,test,2,0.00030742459519037614,0.0013044571477316596,0.9455100885389578,0.0007973987527875548,0.031114130986425674,0.013226114396563392,1.0519490871253408e-05,0.001187721931424233,0.0064964495731507895,4.5694586897242515e-05
Q8CIG3,0,826,U,test,1,0.2513553821607994,0.3802885150563765,0.14490617946634235,0.05923752914404058,0.07117551631457653,0.026081929226237623,0.02283810100367387,0.005729439721716938,0.00860090841167521,0.02978649949456099
Q8CIV2,5,574,M,test,5,0.026220548103702234,0.015474594828685302,0.008282954210768684,0.01660181649618733,0.18999775528200138,0.5084603039968184,0.003372863770986712,0.05751615997062251,0.1676724323403732,0.006400570999854227
Q8CJ40,1,2009,S,test,1,0.14885260026541133,0.7046097451596722,0.001615297383533329,0.02721417111224377,0.016061002239484232,0.008203157147601971,6.772120769592395e-05,0.0739757858799341,0.012705298022687491,0.006695221581735657
Q8CJ78,0,1038,U,test,0,0.9797363210134102,0.014418807707373613,0.0006434946507072429,0.002308279026308469,0.002353805798715508,0.00026408966904664373,1.0239867077212349e-05,2.8718419135473865e-05,3.0570601444211235e-05,0.0002056732467813361
Q8GS71,1,1035,S,test,1,0.23653837999893151,0.5414417377230497,0.00226522236693265,0.0742168946844716,0.09613176419564468,0.009100214563379646,0.011962004917735691,0.01956853639870422,0.005266800048559066,0.0035084451025912734
Q8GSA7,0,1032,U,test,0,0.6119829728769577,0.2632106122609899,0.003754497098935553,0.03243390692995221,0.035069415583551464,0.016958463151302616,0.0043214003415874514,0.01736062125890431,0.012407075970198932,0.002501034527619865
Q8GSI0,0,179,U,test,0,0.8824492123097245,0.07893610769101311,0.0020548466188365813,0.01266143288496725,0.00708856156337521,0.0008976960115706605,0.013269068712643493,0.0005617637669580262,0.0002960287392545413,0.0017852817016566036
Q8GSP8,5,371,S,test,1,0.1972266271917028,0.3114954209961338,0.10073350294877959,0.07845133484563727,0.10618817727127539,0.06632120112835466,0.09100513092424622,0.014914324395996895,0.0207064895279222,0.012957790769951114
Q8GUK1,3,602,M,test,0,0.26048878223432276,0.1547873192248839,0.0061983224928129094,0.07975553840034512,0.040418133741887415,0.1390896162255051,0.025293024633720886,0.14463031507477633,0.06848552180060032,0.08085342617114523
Q8GUK7,5,243,M,test,0,0.7389623642765509,0.10237928646173217,0.0014489976691705146,0.04831335027000312,0.011046592325554187,0.04850243855804323,0.0006952366788156234,0.031468812887312306,0.01037731317892149,0.006805607693896428
Q8GVZ6,0,276,U,test,0,0.9057604625710729,0.04991578658560513,0.00046331406108908734,0.010711038432174929,0.015845354568047032,0.0022805118820488275,0.0012792511779852007,0.001694732453671036,0.0028160558874157286,0.009233492380890131
Q8GW20,6,523,M,test,6,0.004664066915830709,0.0010325952182940693,0.0004172062216813118,0.034194862092226226,0.011711158366904369,0.007337606364969068,0.924220125276375,0.011112291848389997,0.0031069385771276535,0.0022031491182016466
Q8GWD5,4,178,M,test,4,0.00013395311310526547,0.00017745905079196076,0.011871132219968827,0.0006593404124346132,0.7008084698080826,0.07271950610270991,0.0033746686117344877,0.013140145956648848,0.1946074842125282,0.0025078405119951957
Q8GWE6,0,413,U,test,0,0.6314553556810184,0.16344308746316524,0.0007748407734685161,0.09276398311362319,0.0034187578695636443,0.029765196801081542,0.002313247379117045,0.02238035391440118,0.011297594780725357,0.0423875822238359
Q8GXA4,0,489,M,test,0,0.38205863330928386,0.25650202090301666,0.0013887256466429132,0.004847129591885445,0.11766477897410738,0.02789330172499782,0.057121665477362166,0.09326247457263492,0.056898967633197704,0.00236230216687113
Q8GXN9,0,930,S,test,0,0.9446724120140698,0.04418291926020544,1.6278472793834308e-05,0.0009837836325525121,0.005266600789203146,0.0025318828580098616,0.00047572670472179545,0.001465341435264319,0.0003426530770505237,6.240175612870669e-05
Q8GXX0,3,191,U,test,3,0.10657023369834871,0.17079841364018977,0.0622226064900729,0.3932589468326694,0.022186153628803208,0.16700489075503755,0.014212983364447207,0.021842188246944023,0.012740435648281976,0.02916314769520526
Q8GYB1,3,285,U,test,6,0.023782860466934338,0.00904460343673889,0.0005670186942149139,0.3225915727182947,0.00250180368093267,0.012705207791262184,0.6218115085894723,0.0022779183908034598,0.0017465406547883693,0.0029709655765581128
Q8GYD2,0,230,U,test,0,0.8488902494510927,0.12039824638871888,9.538632780710657e-05,0.01699292668748136,0.0003892357656366541,0.004283915762166774,0.0005076591068723659,0.005719777692562481,0.001664550285278005,0.0010580525323836206
Q8GYJ3,0,289,S,test,0,0.9641357639456006,0.021635969241493688,3.408943237865365e-05,0.0004152942915923926,0.005459754972239219,0.00014807773870169957,0.0075505683012808645,0.00021884469763656494,0.00025585537933608114,0.00014578199974025726
Q8GYX9,1,286,S,test,0,0.5916530075711657,0.3424224958754539,0.0007490461223931258,0.01836164538369914,0.022235060794052675,0.0031536019910768285,0.009944133766141174,0.009866747377070285,0.0010399475314824549,0.0005743135874647166
Q8H191,9,497,U,test,1,0.09245769903427006,0.6624794166762985,0.04855553550873317,0.05687815088669949,0.01671492348852382,0.026502511174478837,0.017932495536510724,0.014409164315684021,0.027130999328015357,0.03693910405078596
Q8I948,2,156,S,test,2,0.004409706769784405,0.00023120881269532542,0.9719612949480528,0.004662129158937234,0.00013173881185718478,0.0019510711484827796,1.6233405818233014e-05,8.639643036098607e-05,0.012427862589550526,0.004122357924460509
Q8IN43,2,129,S,test,2,0.023260726008724062,0.009471893451689086,0.2768093090774016,0.16789333772500362,0.059166775035363064,0.18224649402866502,0.10183246585477093,0.046079133392559486,0.12847709847207514,0.004762766953747972
Q8IN44,2,129,S,test,2,0.03237400238616488,0.021231387037933758,0.2710641949598102,0.22297132254035232,0.03527918495769671,0.1379062846171877,0.13925963789363005,0.03697226981183617,0.09947578715530368,0.003465928640084508
Q8INM3,0,1420,U,test,0,0.9286972698562022,0.062218839947310416,0.0008737447034887,0.0014071907805479219,0.00590139662470241,0.0005056845740142718,8.127090973241588e-05,0.00016938311123721898,4.086557884912443e-05,0.00010435391391537119
Q8IRB5,0,1465,U,test,0,0.9615289400487792,0.029263385941685167,0.00043404794016618716,0.0011984448015973164,0.005001488364153175,0.0011170732819890722,0.00012242883348041682,0.0011525330413486388,0.00014313380870520928,3.8523938095586865e-05
Q8IS21,1,1529,S,test,1,0.3160602279277511,0.5130163749502257,0.0007957722560928554,0.014782332946338595,0.03241395029792482,0.02184687250307811,0.0010542269458277697,0.01898089321026167,0.07867361179282545,0.0023757371696739244
Q8ISB6,2,482,S,test,2,0.006375538745903056,0.019409250757236044,0.8220848563624152,0.010593929485886238,0.031442855021996126,0.05049147532122546,0.008920982612982133,0.027640043238402058,0.017672326679115394,0.005368741774838295
Q8IUH2,2,290,S,test,3,0.011165575415488436,0.016501652507154522,0.24824049226076694,0.3966871603459497,0.10624683925408078,0.16216537779255824,0.011520008856952422,0.024387859444003613,0.010822047761657589,0.012262986361387762
Q8IV08,5,490,M,test,4,0.0017501595401169746,0.017745166987674362,0.14344575977475188,0.00917018110280601,0.27649894311059864,0.27649894311059864,8.990128829895116e-05,0.1401228455374957,0.13060885646228992,0.004069243085368957
Q8IVM8,4,553,M,test,4,0.00010545095719968898,0.0004580580925495761,0.0018187455385630822,0.0009472457590008886,0.8954852347060731,0.03934487382267668,6.496645163356388e-05,0.0109256768245318,0.050519821000391825,0.00032992684737983766
Q8IVP5,3,155,M,test,3,0.0011973228397628285,0.003546728245189931,0.0015616034905284232,0.7963892723858221,0.03681367219912576,0.10947684814953691,0.017186954415416997,0.016920495579371923,0.010967450087457841,0.005939652607787295
Q8IW35,1,865,S,test,0,0.49900987604457353,0.44037467468035346,0.00036563337822684527,0.005764327117243774,0.036148154710541947,0.003992832481799953,4.9483097062089696e-05,0.012541362231610427,0.001091579721975065,0.0006620765366129146
Q8IWC1,1,876,S,test,0,0.5693502355889505,0.30002650248319734,0.0013466509824217059,0.03193288629584876,0.036043628605475574,0.0040203574548757295,0.0009255388171753014,0.054638888012650176,0.0009111896976146255,0.0008041220617903235
Q8IWF2,5,684,S,test,5,0.0026058181656186726,0.013337229140964796,0.24201429949279551,0.15443573617042652,0.10368324631551086,0.4021436202423677,0.0010365230079521402,0.01794720222871728,0.043390772463894896,0.019405552771751586
Q8IWT3,1,2517,S,test,0,0.5231980232161847,0.27570600091073966,0.01617387913841578,0.035743423809083776,0.08404452589511996,0.03280001225704362,0.0006320480201770054,0.011925870887252372,0.014726484607565541,0.005049731258417623
Q8IWX5,5,399,M,test,5,0.0005624032570447206,0.0016273677531350138,0.001962980100808106,0.020675635788481153,0.1292778305026025,0.7210538078332788,0.0006176791166940538,0.0748202681528092,0.04296566344497922,0.006436364050167206
Q8IY17,5,1366,M,test,4,0.08875364994143016,0.1219056497443474,0.003980360542017056,0.0726511567984598,0.5770534396538874,0.04380771608531632,0.01728989778524286,0.047552825005771925,0.023266101738131387,0.0037392027053956504
Q8IY21,1,1712,S,test,0,0.6301263080372229,0.18481543969984904,0.0020371366168078584,0.05173339036405182,0.0024191597882144865,0.09077830764838452,0.0013152742978883324,0.015289561147999111,0.019028166627983564,0.00245725577159841
Q8IY49,7,270,M,test,5,5.4939660483801376e-05,0.0004973830363632706,0.000336546208574556,0.007445872730517443,0.16897151861001025,0.7339787911889125,0.0022465993099718812,0.03379643160794481,0.05153339657160231,0.0011385210756191277
Q8IYW5,0,571,U,test,0,0.9406921503143728,0.053070223150887136,0.00010244962736282683,0.0016794911973583668,0.002359228434445337,0.0003465826096127273,3.540564288583624e-05,0.0015532755809118586,2.7573942968409593e-05,0.00013361949919466653
Q8IYX3,1,515,S,test,0,0.7225902097096747,0.23828497108205227,0.002264190516464384,0.015533493517358398,0.013869847921352893,0.004036355905637066,2.2901962420834535e-05,0.0012700957158886378,0.00041883313230661745,0.0017091005368441538
Q8IYY4,1,767,S,test,0,0.5527344305387341,0.33525037518892986,0.005252097694684411,0.03118314384827566,0.04355855626608754,0.012999067918702657,2.016367928892229e-05,0.017086952799036884,0.0006677293518800116,0.0012474827143799847
Q8IZJ1,4,945,M,test,4,0.00557675420383489,0.021545550685174584,0.24275300842495517,0.017312337380432023,0.5869014489391984,0.09213864413432411,0.00021288182417518624,0.019238012653098782,0.013170533389911622,0.0011508283648951959
Q8IZS7,4,167,M,test,4,0.012973907026816814,0.009057246535683707,0.3094557655985639,0.0038350794240778236,0.5964916007345284,0.03449607415408493,0.0001582926410614962,0.03076019083299151,0.00247611348855346,0.0002957295636378364
Q8IZT9,0,166,U,test,0,0.9404983027106751,0.052236676786233255,0.0021900180966260606,0.00035751064232511243,0.003339379130986844,0.0005624431712470305,7.263269150970909e-05,0.0003519679632732874,0.00029179168950713597,9.927711761640731e-05
Q8IZU0,0,186,U,test,0,0.9686029355777563,0.027051157301409095,0.001116534576832348,0.0005192367776676864,0.0018918846813606198,0.0003405238152848791,2.5055917675183374e-05,0.0003458862548047507,7.839302347699672e-05,2.8392073732054664e-05
Q8J025,4,514,M,test,2,0.002044092899492701,0.0030926138236993077,0.786882652672054,0.009018961497680776,0.10732822307609412,0.050698262593329345,2.9616582258894032e-05,0.015356757946255814,0.02522030330531363,0.00032851560382141505
Q8JZL0,0,594,U,test,0,0.9574479521638111,0.03433435218363977,0.00046732582566770336,0.0020063208691740936,0.004946332614086254,0.0002970503535339168,4.440542604350008e-06,5.081932329360419e-05,1.990113267040728e-05,0.00042550499151880515
Q8K0T0,5,780,M,test,4,0.060194044026305,0.0960021162687904,0.03218809992699804,0.01877515234427926,0.5276703991900868,0.20423128993172782,0.00012650597312707942,0.0525534705340691,0.005637323015165364,0.002621598789451034
Q8K0T4,1,488,S,test,1,0.3503004646425183,0.46046129340778497,0.0021323589826523783,0.04872221177066148,0.04667302268874203,0.017304713083758805,0.012759694028977895,0.027012272083326235,0.01170895353779056,0.022925015773787326
Q8K1M4,0,789,U,test,0,0.9412615658492642,0.05478798832758406,0.00023101356929188175,0.00032578128501818996,0.002775089512619688,0.0002421001202527085,3.1623377254016217e-07,9.48077625960093e-05,1.9564689372478604e-05,0.00026177265022825293
Q8K1S2,4,956,M,test,4,0.00906611408551624,0.025228675130315986,0.23019316496370074,0.021495101696903732,0.6405686057658364,0.04694961696072334,0.0007618399588177777,0.01707057446633716,0.007575021493593246,0.001091285478255357
Q8K1S3,4,945,M,test,4,0.01222551961544798,0.04650049543130294,0.22533495489307398,0.044544743992697915,0.48834663369621434,0.12939897900417116,0.0006479287764562666,0.02864812474093955,0.021624737692465656,0.002727882157230239
Q8K1T0,5,453,M,test,2,0.0005764051672129979,0.002209586882021787,0.6942315851837491,0.002881844577420442,0.15982118721792543,0.06767254637089037,0.0002853412406972699,0.02079067991961443,0.051081918653911096,0.0004489047865571114
Q8K203,0,606,U,test,0,0.8685779053820428,0.08667537053374227,0.0006881367470689567,0.028249509811430585,0.002597000993594468,0.00157516067772146,0.005455067056115445,0.00157516067772146,0.00029137542597201907,0.004315312694590527
Q8K3P6,3,469,M,test,3,0.0033069134093314575,0.010346415411706767,0.0014002351034889005,0.681393680259657,0.0538946276260054,0.09589008948995463,0.015172016746847825,0.07309195370353684,0.026836560932867803,0.038667507316603414
Q8K3Q3,0,521,U,test,0,0.9756258154578894,0.021220212289368233,0.00021801948537103518,0.0003767039109741636,0.0018760582926935392,0.00022494015841511097,7.863009659467553e-07,0.00023944757480946112,2.8597933123816305e-05,0.0001894185963892501
Q8K3W2,0,274,U,test,0,0.5493649948438029,0.33845395515657944,0.004194452975511382,0.02799988779378834,0.05416920887709087,0.009601199257024875,0.0017485083424833032,0.007361495080880433,0.005302285879860436,0.0018040117929780382
Q8K4G5,1,861,S,test,0,0.506654771672735,0.407108571251382,0.002830150717579238,0.030249225041066613,0.03182498941013842,0.008253541369784378,0.00011146494199371148,0.007999606940404604,0.0014454993409350153,0.003522179313981111
Q8K4I4,2,270,S,test,2,0.00018198326148959485,0.0018523813506609982,0.8944056394742514,0.0004720286714726746,0.008632502866685762,0.03550228247152445,6.694790769706964e-05,0.002415960519205351,0.054559091443417744,0.001911182033594893
Q8K4S7,1,938,S,test,1,0.22556501022021527,0.6375743575765295,0.0020612154068829843,0.011586704911979946,0.08561482050880856,0.010066704554586083,0.0002241467967818237,0.0164680308902377,0.007839957973206146,0.00299905116077205
Q8K4Z6,4,928,M,test,4,0.0006659655990223658,0.002270602561412478,0.012049107799616115,0.0008159581378976099,0.9232109296819844,0.017108519934576703,0.00023015158084692858,0.010617735673823585,0.0328489641556476,0.00018206487517218747
Q8K596,4,921,M,test,4,0.00012910069978715595,0.00024884809834320026,0.001055906820720748,0.0012937241022369476,0.6968620054742113,0.11737071853447598,0.005166990877686968,0.019235233700759483,0.15793955989489628,0.0006979117968819813
Q8L5W8,0,416,U,test,0,0.9846572780967157,0.010077069094942874,0.0001713655452363669,0.0005575133538438941,0.003615969743174242,0.00015848721601927787,0.0002738413598498268,0.0003571564629803013,4.909704761929026e-05,8.222207961822361e-05
Q8L607,3,386,U,test,3,0.21312858288178024,0.1565384834339241,0.0008508309318527487,0.5152787956396183,0.01193032131538191,0.04221413231691032,0.00893539723619771,0.026468573279889173,0.013000926987396437,0.011653955977049
Q8L735,6,882,U,test,6,0.02547950392512619,0.10532636587792508,0.0163227828712308,0.07971830963039062,0.053729815547533914,0.11067791695438016,0.5405363045832628,0.01684092420492039,0.030734147158792136,0.020633929246437893
Q8L748,0,1101,U,test,0,0.6156444526877676,0.17365048952870904,0.002021661216547826,0.025016723667897627,0.02073959268066964,0.040765080672230634,0.011725102711944163,0.030175930836790318,0.068535863285499,0.011725102711944163
Q8L7F7,0,739,U,test,0,0.5130862161267575,0.2682733323316664,0.002096866091543495,0.10123017753207458,0.018835742627386177,0.03450917190121407,0.01755684297654952,0.010082046822933576,0.015493860962488445,0.018835742627386177
Q8L7M0,5,465,M,test,5,0.05218278070396333,0.12085558816735886,0.0021370795309538083,0.20003707040909188,0.043261049737611294,0.44034792506840237,0.026034957793774325,0.07864223903840403,0.009429236560039961,0.02707207299040015
Q8L7W8,2,843,S,test,6,0.01304952052785173,0.06348367023564191,0.24052254810831966,0.059173274675061414,0.04590452826413414,0.07612853483086725,0.4155856959231464,0.01928593959792342,0.044318739242258036,0.022547548594796008
Q8L856,8,239,M,test,4,6.702271575422593e-05,0.00029113341560903537,0.002456748868527177,0.0008165038533610709,0.7194782611868843,0.14847272614544876,0.0019740531778726267,0.024812283588619664,0.10046167921378941,0.0011695878341337145
Q8L9A0,3,270,U,test,3,0.0067843736501635036,0.0014360376404038172,0.0006836563921210926,0.9043352303106235,0.00025546374051384777,0.002992959325124746,0.08281217785827351,0.00034917752467124633,0.00025546374051384777,9.545981759095012e-05
Q8LB10,6,305,U,test,6,0.0008636726056706194,0.00034759482116757606,0.0002543058017784867,0.0236185475850117,0.0005959162345620043,0.0003817582393187145,0.973387510919765,5.854452501881843e-05,0.00012787300248144926,0.0003642762652255598
Q8LBP4,6,462,M,test,6,8.320848957610835e-05,9.138664319646554e-05,0.00029499971051685444,0.04808494286073837,0.0057205379162360084,0.016360078048984043,0.9215841459835827,0.003113241286940862,0.004116327043744808,0.000551132016483722
Q8LCT3,6,236,U,test,6,0.00031345701069307853,8.75553821765151e-05,4.325202852487287e-06,0.006585226610575508,5.787057588278696e-05,0.00015010485073002345,0.9927250684877166,1.7375899305613714e-05,8.737150596263322e-06,5.0278829471135016e-05
Q8LD38,3,108,M,test,3,0.0005928093555668962,0.0025351241373513496,0.040755317610635076,0.6920218673257341,0.016116634015465488,0.20138984271126026,0.02949863827684255,0.0014903225799639437,0.00837754741493376,0.007221896572246576
Q8LDF9,0,241,U,test,0,0.9832625604958518,0.014470704217541295,7.593528592490286e-05,0.0005654907560254432,0.0007317994765473265,0.0004268548021204162,0.00031474303213805554,8.604594957157782e-05,4.6057081919321576e-05,1.980890235986161e-05
Q8LDL0,6,231,M,test,6,0.0001370345371995735,0.00010183543093908348,0.0006046247177426559,0.04655352705367821,0.0005171629463485169,0.0014886262620186063,0.949777530741993,0.0006213856113730483,0.00010840324778963083,8.986945091764121e-05
Q8LDV3,6,185,S,test,6,2.1555632382038055e-06,1.083885237645845e-06,1.171959334556523e-06,0.0005614664620021112,5.051142703765561e-06,6.850365486400022e-06,0.9994166435059227,2.367422966525613e-06,1.3074151464693057e-06,1.9022779616049657e-06
Q8LE52,6,258,S,test,6,0.0062317907867335265,0.015770334529186913,0.0017715437322073826,0.37077715472799644,0.0010414367861238851,0.015326235228356517,0.5833143510053191,0.0015633817309993903,0.0005402903113159138,0.0036634811617609255
Q8LFC0,3,367,U,test,3,0.006284879632150991,0.09908312724165005,0.005722447824083657,0.8296128677395815,0.002767194782304191,0.006091513764835471,0.038877367818989234,0.0008439467830902445,0.0031356427904709896,0.007581011622843585
Q8LFH6,1,137,S,test,0,0.4437313516298312,0.36786622956722853,0.005247329525449815,0.05237873061996649,0.018314980541869856,0.02091636573960842,0.06673223733485671,0.011641709497195918,0.012200407133170998,0.0009706584108220942
Q8LFP1,5,241,M,test,5,0.009154910902724144,0.004191423612451144,0.0016672329587584665,0.10600742741240493,0.06871142004460531,0.6124182203010706,0.06016573012409517,0.07172821250678131,0.04731694960914678,0.01863847252796217
Q8LFP9,6,220,M,test,6,4.218527432832347e-06,3.5726983764355913e-07,1.164772848092713e-05,0.0007791754264339148,5.476014806760305e-05,0.0001307229239497794,0.9989761037643573,1.789996335840429e-05,1.5073279312785441e-05,1.0040968768845882e-05
Q8LG50,5,389,M,test,5,0.003953933066960266,0.0066735257096515,0.0011871859346865674,0.2175705481095847,0.014183149015892611,0.6344990436301311,0.02503847959855165,0.05458235860292582,0.013800581277740264,0.02851119505387549
Q8LG77,3,374,U,test,3,0.005792257127428933,0.06786086465105477,0.002550296553198162,0.8012792816496539,0.002250628811163091,0.00641144422017821,0.10267021227087708,0.0009529761114260546,0.00461799053891043,0.00561404806610938
Q8LGU6,0,744,U,test,1,0.4071647096933878,0.4835200453544394,0.00031265426244734927,0.03164342317377474,0.011460487365236792,0.017819823128796236,0.0003433835408548952,0.031031380349002054,0.008319421405959704,0.008384671726101071
Q8LK61,1,496,S,test,1,0.017691684448121955,0.521081911517488,0.01741740064347322,0.25795426325124476,0.012545283572731377,0.008291926960672666,0.038117478587778406,0.001139862085367713,0.009036028533629831,0.11672416039949211
Q8LPK4,4,1013,M,test,0,0.5648018541551548,0.3046877289125333,0.002872621318108575,0.07062424498990903,0.007993770513877913,0.01413953818969938,0.0035750350265170696,0.008779438869924097,0.005201645033196445,0.01732412299107935
Q8LPQ9,0,901,U,test,0,0.7526363254881737,0.21229082494731466,0.001570991723256214,0.004475339033059978,0.012023504063748192,0.0031734907857128274,0.00020606928017873993,0.010693925688493977,0.001149362113348175,0.0017801668767135623
Q8LPW2,3,148,U,test,0,0.3206074286898185,0.2576153078315069,0.0282340847384028,0.28073326553577926,0.0010046030313160478,0.010550306290731032,0.05295466592992165,0.004502318449895083,0.013976884851862886,0.029821134650765822
Q8MIR0,3,373,U,test,3,0.011102953518536832,0.05529485903937199,0.0007949249495684713,0.7937292235271539,0.000746762939124877,0.009313173100409527,0.06722144354813446,0.002774560722183014,0.0006190882123820799,0.058403010443134784
Q8MLZ3,1,867,S,test,1,0.26046111283750983,0.5557207870046268,0.0006609288748232086,0.023481280666459534,0.09563132046500043,0.024898245074153946,0.005709554803653918,0.008372508632708772,0.024132202480562748,0.0009320591605008251
Q8MMH0,2,109,S,test,2,0.00046430015313778035,0.00015431079654190527,0.99690048261239,0.0008682744149642989,0.0008204616563980602,0.0005535280376422569,5.077942728477162e-06,2.8322492317172758e-05,0.0001905483805397065,1.4693513340380808e-05
Q8MQ70,0,846,U,test,0,0.8543658595693715,0.12898995494302068,0.0011514069503906382,0.0028497591814687336,0.007992347088338616,0.001455514749550555,0.00011223723858977882,0.0019132379270640823,0.0003403551662411904,0.0008293271859642782
Q8MU95,2,488,S,test,2,0.00450093780793087,0.02113987021703045,0.8577269620269914,0.00564544109183591,0.03724683580923417,0.04501610036589096,0.00240917861633928,0.01233077651831401,0.012379038587166784,0.0016048589592662153
Q8MUG0,2,274,S,test,2,7.132900952002943e-05,0.0007037094630488333,0.9831855122890918,0.00024896267472746615,0.0036442167292257805,0.0037819921730436025,0.0006210214026371484,0.00020639733132793526,0.007419257277443541,0.00011760164993390884
Q8MVA6,2,69,S,test,2,0.0006621497582126393,5.1863579878467084e-05,0.9925093848270538,0.001502412866888134,0.0036644342618781913,0.000688526851318635,0.00021835380610015924,0.00015007223126547613,0.0005362252229400751,1.65765944644558e-05
Q8N0S6,0,344,U,test,0,0.5013091996042999,0.28120898642747777,0.0045453197513167535,0.12094648479255833,0.009039447490264562,0.04519439505458022,0.007853608323688404,0.01107536258592367,0.008899304851131233,0.009927891118759222
Q8N1Q8,3,247,S,test,3,0.007101895539781018,0.007413706053678227,0.0009648988198971934,0.9485106183038015,0.0013188604101776493,0.008351749489451839,0.0198788953556534,0.0016159015454693495,0.00048518159015824254,0.004358292891931587
Q8N2A8,3,252,M,test,5,0.032310187291904456,0.04850333105234724,0.10511657424925802,0.21484432765622813,0.18959946622500132,0.2581413942376705,0.0005826069296717566,0.05183360641463798,0.056928082376082025,0.042140423567198555
Q8N2F6,5,343,M,test,4,0.20691743123323822,0.25600844164177594,0.028611368919740764,0.05690050395971311,0.25902619495050505,0.10025435506959406,0.000919711002943148,0.047915029414585204,0.03371243491130197,0.009734528896602548
Q8N2Z9,0,138,U,test,0,0.7891571298400142,0.041336531512212914,0.0001508401576810268,0.15418496291546394,0.0033015859310168215,0.004141116397593994,0.002936491426786585,0.0024727738228168877,0.0011321182507967752,0.0011864497456169228
Q8N3G9,7,435,M,test,4,0.0002903062494034375,0.0013215512599854876,0.12663465233467036,0.0014289375342220849,0.825761620874123,0.03226937604684334,3.308438211234054e-05,0.008806892424592691,0.003348436932767147,0.00010514196128013691
Q8N427,1,588,S,test,1,0.40232300027711454,0.5413848063377629,0.0010782942212869066,0.01889054442908092,0.004832578735206942,0.015060855733522506,0.003321379595653245,0.0029311072480337776,0.008284968173544035,0.0018924652487942275
Q8N4C6,1,2090,S,test,1,0.19487270918243926,0.6241614169537368,0.00420556673118093,0.029306675063338627,0.09277331891195607,0.018701364982050453,0.00017358447130917272,0.03000166341924262,0.005072882374672389,0.0007308179100736785
Q8N4T0,2,437,S,test,2,0.001888674858220134,0.0033669270210882267,0.7739447592681326,0.010575413097001303,0.037419934973604144,0.06736288426328917,0.00024011807554298,0.03501572939877453,0.0686914941878301,0.0014940648565169063
Q8N4X5,1,818,S,test,1,0.3502631895468128,0.6052004969535947,0.0005874639879876696,0.004077808714879185,0.032835072025074435,0.001476884391877276,7.827201209594431e-05,0.004730340773447186,0.0003000472629330396,0.00045042433129785335
Q8N556,1,730,S,test,1,0.3454458449644449,0.5607139635908541,0.0008043955862714992,0.0075135714222779905,0.0718458836031646,0.0016765043721416485,5.3891144010390265e-05,0.010472388138080692,0.0003740786929305454,0.0010994784858236043
Q8N573,3,874,U,test,1,0.305724767766423,0.5847139319040104,0.00419386426880442,0.021132459721332104,0.03552872291059863,0.02865986320396512,0.001721158612073958,0.008538285212682031,0.00789662352087859,0.0018903228792316832
Q8N5M9,5,183,M,test,5,0.0035501093321528743,0.0002453924175578408,0.005673058974825272,0.018028941571631818,0.20633032075800048,0.5351801086641889,7.253786543932384e-05,0.182085877414521,0.04713029189889741,0.0017033611027851767
Q8N5Z5,1,321,S,test,0,0.674615152465365,0.2621272236364348,0.003173285433157419,0.011075853497135869,0.03691525427114132,0.0073206923810169335,0.0005428851062285461,0.0025899599137612444,0.0009091615315471323,0.0007305317642117593
Q8N695,4,610,M,test,4,2.551314027817483e-05,0.00026173136218132325,0.0002874556562094177,0.0008785353399327985,0.8436083913010037,0.050662622572607764,0.000728331400142797,0.015694547666658558,0.08753716324454507,0.00031570831644038664
Q8N6S4,5,541,M,test,1,0.2502522280949127,0.35707220738352025,0.009441601335956801,0.1020036188780411,0.119370838991038,0.11110298247654914,0.006591299520247046,0.024489648666776047,0.011212178596686221,0.008463396056272665
Q8N7H5,0,531,U,test,0,0.8372654503042981,0.12839881444250942,0.0009354440966591785,0.005299651734635367,0.011942949489935283,0.008568647827457903,0.0006429207544268552,0.002972835528661612,0.003448549255610902,0.0005247365658053664
Q8N7J2,4,671,M,test,1,0.42150872818816704,0.4348888682140096,0.0019217103196163365,0.002354528515026506,0.1336738761213129,0.0021438226039205434,0.00034996942744410376,0.0022118748099039937,0.00020573641751852936,0.0007408853830804106
Q8N8N0,8,203,M,test,0,0.6277499167740511,0.06893454457860333,0.012431912993744623,0.02415108668732052,0.1770649841575734,0.05295728120732132,3.6027125864431486e-05,0.032753728167485535,0.0025256962855652984,0.0013948220224704272
Q8N8Q8,3,333,M,test,3,4.1259227155235505e-05,8.465844422383129e-05,0.00010701830401679217,0.9674073202947622,0.0015849566323001398,0.024599956047663227,0.001575697074831708,0.003055083995216935,0.0007088364759106414,0.0008352135039193438
Q8N983,3,215,U,test,1,0.30311953202777875,0.38618432432474065,0.021282331443217013,0.17406691140687053,0.03096561050228523,0.022478620845936235,0.020149707249979013,0.01631773032879999,0.00937048413628336,0.016064747734109232
Q8N9N8,0,165,U,test,0,0.895700640264509,0.08074986250354674,0.000165937542417519,0.014032221504816821,0.00034048175695394555,0.005346876143657355,7.136885014039138e-05,0.002535570664780826,0.0003248899617460572,0.0007321508074313455
Q8N9W6,1,283,S,test,0,0.8449401489532536,0.1255891357292431,0.0007949436183514915,0.007281665422890173,0.01729805255851978,0.0010697134130455183,2.9874973638085258e-05,0.0018196439400411856,0.0001719186012887172,0.0010049027897283023
Q8NAP3,0,1195,U,test,0,0.9108935272986463,0.07477069382157492,0.0002613684826926337,0.003796035289863625,0.008364498319973457,0.0007925901747829082,7.488332366240584e-05,0.0008050717012796093,7.257940631712496e-05,0.00016875218120705117
Q8NAT1,5,580,M,test,2,0.0015764491664481805,0.008324787160480691,0.3567552328414682,0.04217366572510815,0.09162231688580001,0.3377690669991062,0.00043776407990924414,0.131242918191919,0.025944408464999978,0.00415339048476035
Q8NBI6,5,393,M,test,5,0.0019485391115848058,0.008076470112905642,0.016571841657241296,0.01625131023860245,0.04006557423840218,0.454957919145064,0.00018409652164033,0.44096033496638726,0.01791843161591184,0.0030654823922601836
Q8NCE2,1,650,S,test,1,0.37891698792307865,0.3971015906197633,0.0025531224121739175,0.09779025848777886,0.04525517780829298,0.021210674705146693,0.03416039876605409,0.007160409059729924,0.006940106562066585,0.008911273655914978
Q8NDT2,0,890,S,test,0,0.8628707920062137,0.11677685972028735,0.0002940192398596557,0.004475178243776613,0.010273840523427818,0.002423626648235292,1.3538267652984547e-05,0.001447213513708398,0.00024375053061428213,0.0011811813062238986
Q8NDV7,1,1962,S,test,0,0.7667363214847398,0.2129149698705948,0.0002003164089125912,0.005499421140316722,0.006429475638313098,0.0019005493469698544,0.00018817987983761587,0.004151181422289448,0.00016606813015696508,0.001813516677869051
Q8NDX1,4,1056,M,test,1,0.4357347843517303,0.48609728257971935,0.004271793235183808,0.008765150907739338,0.05348373274545034,0.007556032954064186,2.0731700986890142e-05,0.0017807485070565807,0.0007902023602433976,0.0014995406578258395
Q8NDX5,0,983,U,test,0,0.9589163561263137,0.033853887676220204,0.00016688570693097204,0.00208129729045133,0.004075479610331657,0.00018617444259061528,1.2868842617368096e-05,0.00046078618811089354,5.4179850826279816e-05,0.00019208426560700012
Q8NEC7,1,633,S,test,0,0.5746811299232965,0.27573500364300174,0.0011093955769493286,0.11494345751852257,0.007822000784913347,0.009887935121693428,0.0023485905184745344,0.0095091345480346,0.0009944558139876312,0.0029688965511263494
Q8NEW0,7,376,M,test,4,0.001428481309163199,0.0018924302439410235,0.0005507286410400028,0.0015206105322990288,0.47776159689317144,0.18709412234836953,0.0001760234446765611,0.04693667595057754,0.28086155679565855,0.0017777738411031212
Q8NF64,0,920,U,test,0,0.940222948864584,0.05304375459426932,8.75861033456848e-05,0.000762562815583062,0.005050840016766687,0.00021010812573965068,2.2622781025727225e-06,0.00036303432414939036,3.324393506910369e-05,0.0002236589423904841
Q8NFA0,7,1604,M,test,1,0.37674434944652435,0.4615968406911234,0.0010832917739247018,0.027184871502368223,0.06669444191258245,0.027184871502368223,0.003962516524284129,0.013405021043172382,0.019504190501683016,0.0026396051019691247
Q8NFJ6,4,384,M,test,4,4.2149309091398756e-05,5.5838763701586044e-05,0.00013605962277168321,0.00012388371635373578,0.9578709257703826,0.015242507115648625,2.5564849456266125e-05,0.016225563631418152,0.01023333512330689,4.4172097869065394e-05
Q8NFW8,0,434,U,test,1,0.21439915026833634,0.502402677794251,0.0008693817323627941,0.21777545546950872,0.0019288076414113286,0.009346734072004537,0.01787609658799461,0.0027628893367898934,0.0018119470275909186,0.030826860069749894
Q8NHJ6,4,448,M,test,4,0.0012963611616178842,0.0017342530710194382,0.10919714312993968,6.530281582852982e-05,0.8861665396175993,0.0013692301654525114,7.29603017515672e-08,0.00011461002151370311,4.0231900452499966e-05,1.6255156274728736e-05
Q8NHS3,8,518,M,test,4,8.33279874316889e-05,0.0007426943232799874,0.00016832717492649147,0.0016349164360389419,0.4640671362657053,0.1629028978252878,0.00020948655190494787,0.170720776726392,0.19649839840521433,0.0029720383038185426
Q8NKC1,8,281,U,test,3,0.04311198253106967,0.12002820491958886,0.019738105370885453,0.40269362346491955,0.014216824350763818,0.26930169876227966,0.017831892837994863,0.07362298361199997,0.018112703374785388,0.021341980775712775
Q8QFR2,0,1013,U,test,0,0.6363448503596452,0.28682309402470624,0.0002005364368439356,0.014733378782278568,0.02250964009319881,0.009292226289069385,0.00016625052383926255,0.02250964009319881,0.002856195905644538,0.004564187491575344
Q8R0W1,0,432,U,test,0,0.9204136862485396,0.06362129506913991,0.000800873856653316,0.004792301363982274,0.007839681270518697,0.0010283423703996845,1.7419295106782548e-05,0.000951061217034706,5.7115664254448956e-05,0.00047822364437055865
Q8R2Y0,3,336,M,test,5,0.023066278117405657,0.05832939113808067,0.008823638617552098,0.36081730647352883,0.02116680664630967,0.3931963966564015,0.015127235741778542,0.046960613746929655,0.015977544412435138,0.056534788449578204
Q8R2Z5,2,415,S,test,2,0.001268116193429142,0.01175284216314042,0.4308058383414197,0.006440025381201778,0.4241268099727646,0.05477081317969079,0.000129546215291945,0.03115988940096534,0.03564004651288802,0.0039060726392082835
Q8R366,4,611,M,test,4,0.0012456592452594775,0.004737939437928748,0.1683280678024396,0.009422517820411536,0.7311837887040431,0.06192443196148729,5.735701115879952e-05,0.010148451133089308,0.0101881711074979,0.0027636157766841953
Q8R3H7,7,356,M,test,7,0.0012605206684568886,0.0020143061585335305,0.10412450225060753,0.02581759192089208,0.08269164782954935,0.3132964697830131,0.0019830772825213216,0.3720487388453482,0.09629942560269349,0.0004637196583844622
Q8R400,0,80,M,test,5,0.013361708196519072,0.002189776151106261,0.0104468389840862,0.03081009335831985,0.03958026300620044,0.8429641086860781,0.003667185065314618,0.03294161691247985,0.023245325199714745,0.0007930844401809149
Q8R4E4,1,245,S,test,1,0.45127644870450245,0.46560153186867154,0.024010382174964404,0.011475395170513318,0.028513036521554205,0.01174752578054748,9.92816190494215e-05,0.00435556823522278,0.0005894620908325375,0.0023313678341418806
Q8R4V5,0,546,U,test,2,0.0008978664114738239,0.0014125421412568171,0.9322290114625296,0.0004694603113074408,0.04641294699597063,0.008305146086377434,4.366661453287502e-05,0.001491941928334868,0.008669785870728561,6.7632177487968e-05
Q8R507,7,461,M,test,7,0.027139541949665613,0.02180723568884663,0.1869197420638314,0.07567005190671648,0.04353860583744429,0.29177759374822204,0.008539836296227114,0.29291955918746004,0.0373862998161056,0.014301533505480806
Q8R5K4,0,1152,U,test,0,0.6148460973973516,0.2837048709258532,0.011894302192216051,0.048111460089897695,0.013063335516160492,0.01613106544621912,0.00015327786645803903,0.0021831024909777725,0.002050834897562773,0.007861653177303201
Q8RVC7,6,411,M,test,6,0.00014549648345917257,0.00019887010111949778,0.0007989328755423486,0.17252146070377072,0.01825479828953661,0.020206219010258594,0.7612003844105428,0.013996439348918718,0.009866978249305736,0.0028104205275457594
Q8RWV0,6,741,M,test,6,0.001181377652930204,0.004233581382485021,0.0008917505415405233,0.032180755591994216,0.0009200577413003912,0.0009642121510032658,0.9552696724064259,0.00022371521695751438,0.000580273147860269,0.0035546041675026826
Q8RWV3,0,416,U,test,0,0.8677255287830645,0.11561324198767796,3.939468102535255e-05,0.005139569041284025,0.003203721156072864,0.002761780402933415,0.00011761078854091515,0.003574009206873709,0.0007092838363739325,0.0011158601161532604
Q8RX88,5,424,M,test,5,0.0015390066424350241,0.00210357284793815,0.0014916563422627581,0.008550424668901031,0.03907614767587208,0.8354848241031244,0.0014685304396398757,0.02239575879630479,0.08272420236484479,0.00516587611867705
Q8RXL8,7,357,M,test,7,0.00029486426879772414,0.0007184816150888443,6.27802300054576e-05,0.008063548347971197,0.13270582428929897,0.3134092728763102,0.001342300459265794,0.4560077844940077,0.0830451856775374,0.004349957741716756
Q8RXN0,4,703,M,test,4,0.006382396634888549,0.01748522236899204,0.007579283083357903,0.011114284727403067,0.6212096399429333,0.07913235065735431,0.012111660454024686,0.066766390704107,0.16982926934448686,0.00838950208245224
Q8S1D9,6,435,U,test,6,0.007735154545683439,0.013575619120272848,0.002251058202399749,0.023456566347352964,0.039129209911288786,0.006988129116448418,0.8802011623100541,0.011210706274993583,0.010010033183999028,0.005442360987507151
Q8S4F6,6,510,M,test,6,0.0005294394225185747,0.0008797443607339215,0.00011721458602500167,0.027799028963520763,0.0009147893890084178,0.0026939723233430687,0.9647568485197374,0.0006189774735281774,0.0002224342029242354,0.0014675507586604372
Q8S8P5,0,519,U,test,0,0.9673330150188184,0.02421670993482229,0.0001212583149631347,0.0006869751510033,0.005227011286051256,0.000731281247981496,0.0001937702491376436,0.0007087820676594496,0.0006254979698034133,0.00015569875975957306
Q8SPJ0,2,213,S,test,2,0.02941667189517724,0.005964698446857153,0.7057746262052197,0.01746287434928436,0.15995954451496874,0.05249212092863952,0.0006336053089949946,0.014995249432981922,0.01302809865666881,0.00027251026120758486
Q8SRA2,4,559,M,test,5,0.004806583835678203,0.0057978468150901375,0.0010075147914685469,0.024988707614622057,0.081934818642412,0.5822277176184556,0.01533507863326725,0.07202533019939462,0.20121252906876377,0.010663872780847817
Q8SUF9,4,553,M,test,5,0.0036244477955859338,0.006361104445043775,0.0008214592102236545,0.026676838785866207,0.12977821914954432,0.5053250707871997,0.007916522084223505,0.1018640904036457,0.1994402227315364,0.01819202460713086
Q8SUG7,4,536,M,test,5,0.006432841076149382,0.005811586474342901,0.0008438049740875324,0.02935557656930656,0.0697019747761956,0.561249834065517,0.011334175150515654,0.14190618252735887,0.1546405966157069,0.01872342777081959
Q8T0W3,2,63,S,test,2,0.00011028176350821895,3.7151296733953083e-06,0.9969078348322995,0.0005372062145455456,0.0017250970916702923,0.0004018212272244469,8.861389016926637e-05,2.4607187248894145e-05,0.00019506855839126992,5.754105269155887e-06
Q8T0W5,2,85,S,test,2,5.091210083005012e-05,1.2379453184722186e-05,0.9974059258916949,4.563731179182536e-05,0.002131274857818372,0.0001373164531447144,2.9696765826318493e-05,6.730591711779381e-06,0.00017909440428389277,1.0321697134988801e-06
Q8T0W8,2,65,S,test,2,0.0011577676013342071,0.00010356365204267622,0.9811066357710198,0.002678778246792186,0.006714747265860704,0.00048262934278961916,0.006332609316572912,9.578072027873986e-05,0.001281531989201661,4.595609410754912e-05
Q8T6B9,0,637,U,test,0,0.7612829420852458,0.21811122310955144,0.00034906579340907327,0.006067665463164774,0.005129484137263361,0.0010585289278279885,0.0006420302849643353,0.0024611533840724177,0.0009341484662101249,0.0039637583482907
Q8TAD4,7,765,M,test,4,0.0024246944179575135,0.005053497495834894,0.0008379520333296366,0.002313659809875307,0.4014490334634225,0.2591949758036825,0.00045558659891251947,0.07721880992375503,0.24732557480423806,0.0037262156489920504
Q8TAT5,0,605,U,test,0,0.868322632234804,0.09666495263164834,0.0009402950758664413,0.020818677312129906,0.0025559866964573958,0.0022911718679339216,0.003748106629672059,0.0013054702752394326,0.00041078445348899254,0.0029419228227595654
Q8TBE7,4,412,M,test,4,0.0007016943324838312,0.0018487185129818589,0.0011039202404376472,0.002689869330327709,0.5899970942198138,0.10744645449483997,0.0016061942978417723,0.1445850234550708,0.1491746261257709,0.0008464049904316413
Q8TBK2,0,473,U,test,0,0.6401635877908045,0.24874076581405039,0.007689445843495298,0.03125540768854632,0.022076997662487968,0.029940849503355006,0.002005911812154162,0.005042862051283369,0.007001319482320835,0.006082852351502164
Q8TCB6,4,317,M,test,4,6.18134451815092e-06,3.0425644517295417e-05,0.0001222307615959979,9.669249544775708e-05,0.9750907426699684,0.015760874320538902,3.108175255107613e-06,0.0016354295996238444,0.007215853368133298,3.84616204011856e-05
Q8TD26,0,2715,S,test,0,0.9758894879227145,0.020572894240052802,0.00014755922097158848,0.0002934565549422366,0.0027733835232976803,0.00018946978643840455,3.994245340510586e-06,8.949920119776406e-05,3.524908764158041e-06,3.673039628041068e-05
Q8TDI0,0,1954,U,test,0,0.939827474243463,0.04980902972943183,0.0002067636899851596,0.0015277886548510497,0.004234869840368731,0.0013910672452734673,0.0005620419814456471,0.001412973464985908,0.0005620419814456471,0.00046594916874956576
Q8TDR4,0,215,U,test,0,0.6898832142596109,0.19459048899985162,0.008286662185275049,0.005145306100134429,0.08909001715846726,0.0030484929823068247,4.0849826143506966e-05,0.009101118656855908,0.0003315082199744903,0.00048234161138003195
Q8TDS7,4,321,M,test,4,1.2721195105609324e-05,2.9577664627602182e-05,0.0005451614053436733,2.529911750124203e-05,0.9934057663370237,0.004254657129112614,1.435451747123392e-07,0.0007436934891540127,0.0009437960739687592,3.9184042988111615e-05
Q8TDY4,1,903,S,test,1,0.26757475944796927,0.5890207933152745,0.0032392328394877288,0.006804090978225829,0.10519389891145828,0.013426247158743004,6.121190429515049e-05,0.00820730074262766,0.003787046561084269,0.002685418140834323
Q8TEP8,1,1941,S,test,0,0.4268631973880494,0.367979082826335,0.0023658822971092093,0.050486095708086556,0.0614954797547133,0.03615132379576136,0.011464738391136004,0.03291615501133028,0.008519870306429207,0.0017581745210496723
Q8TG42,2,273,S,test,2,0.0008226893311394889,0.0023620052601744635,0.9021884216882833,0.0010898863426328747,0.06586689077006604,0.003909529865852449,0.003178425160976808,0.0004136741942168537,0.019699723120013772,0.00046875426664400705
Q8TGH6,7,599,M,test,5,0.009736533195126058,0.013730712119884409,0.26111149569041703,0.01997806860152388,0.11407117449991352,0.3028946493509674,0.003995865084265558,0.16339939695727584,0.10970117059786755,0.0013809339027587276
Q8VBV9,4,320,M,test,4,6.503667161515079e-06,3.302834948977887e-05,0.00014014515257271246,0.00014572789272690405,0.9637779741068497,0.023022820101820586,3.481161977017912e-06,0.00261353759041482,0.010216314801555909,4.046717543104859e-05
Q8VC69,4,545,M,test,4,6.826426098676988e-05,0.0002829474855300086,0.0011727847810007479,0.001666863259582785,0.911991854348518,0.03120664370631897,4.40747188622536e-05,0.010576132222275228,0.04265442676507707,0.0003360084518480957
Q8VDW4,0,151,U,test,0,0.6512293621531319,0.1577313346346815,0.008326863621864806,0.09660772691346028,0.009888395372378964,0.05398074749169506,0.0028776872511152253,0.00907410188543493,0.007822364335585703,0.002461416340651621
Q8VE43,2,311,S,test,2,0.009306684530221371,0.009829817755746045,0.6575661579874924,0.02339700149661047,0.16368117131037938,0.06849950841855855,0.0005632934282483954,0.04545261903223896,0.01985677788242916,0.001846968158075228
Q8VEN2,4,237,M,test,2,0.0004514530367099117,0.0005706901512659256,0.5698316776618677,0.00014656534981996746,0.41689775003564117,0.0082885270287463,0.00018240351613005963,0.0005934237938523294,0.003031364686403961,6.144739562641699e-06
Q8VYE2,3,376,M,test,3,0.019830923938414135,0.01004982387983108,0.0037261206497495847,0.8301592641240392,0.00981701930838514,0.0787398011907568,0.016569357708718823,0.022959389268277595,0.002769017416621221,0.005379282515206408
Q8VYF7,3,238,U,test,3,0.012070267835289706,0.0035401983477178,0.0008541126264229459,0.9221268351098854,0.0003790101442120653,0.006057468892874765,0.05284207407622921,0.0009091981962344331,0.0001905782757217692,0.0010302564954119764
Q8VYI3,9,309,U,test,1,0.07543253980288588,0.3936973554796835,0.0013338673305755553,0.2643159060484473,0.004108600828575421,0.06470227311566838,0.08530949148509916,0.0033533422173770175,0.004239021846352731,0.1035076018453351
Q8VYN6,6,537,U,test,6,0.009733024565424665,0.03731049793590152,0.0020561538321643056,0.28667159396870534,0.0036654909673149135,0.005333257654056938,0.6360086537287467,0.002024276288572336,0.005502553014917528,0.011694498044195714
Q8VZ20,0,314,U,test,0,0.984999467120257,0.008965845122003506,0.00010896441262348049,0.00022358045436596802,0.00289943555001625,0.0003572805687467657,0.0014579277326597826,0.0004048519141588402,0.00025733950034371875,0.00032530762482466433
Q8VZJ2,2,344,S,test,2,0.0013346656269592146,0.008049063691880192,0.8082979630122115,0.0009464195825189379,0.026366102584647208,0.017735971815115627,0.011665660402078252,0.006620979189369964,0.11464103003990113,0.004342144055318
Q8VZL6,0,441,U,test,0,0.9090099858010146,0.06185890684686603,0.00043680480681006673,0.008705183793967428,0.0018390167823023624,0.0043431771571522775,0.0005187184974013482,0.009449386893580046,0.0012250493648203388,0.0026137700560855807
Q8W2F3,0,430,U,test,0,0.985106455467455,0.007913188906548166,0.00024177439314726354,0.0006419866612087258,0.004720569061565831,0.00014895286393137383,0.0004960888117689918,0.0005280838163297383,5.394715411357815e-05,0.00014895286393137383
Q8W487,3,250,S,test,3,0.04980308429439014,0.013562322314972886,0.0032593062317573317,0.797525921065617,0.0011089231653587505,0.010480152015609525,0.11489451483956475,0.002618926004694826,0.0028763277442105297,0.0038705223238242
Q8W4D0,0,631,U,test,0,0.4594694890734551,0.4086606132196713,0.005562290916514092,0.023235877564659647,0.04767692749773932,0.02695408974576024,0.0071421227085401015,0.007602750189181181,0.011413079484506967,0.0022827595999721137
Q8W4D8,0,314,U,test,0,0.9453355999442102,0.04285361394627261,0.0001893638466357721,0.000531084039131329,0.008075579351003581,0.0007727226744561748,0.00022138875691199897,0.001548795316329994,0.0002469770056124242,0.00022487511943583248
Q8W4F1,6,284,S,test,6,6.1010145903166e-05,0.00019088385132894246,0.0004951150970533355,0.014245056805985415,0.0002470220671753763,0.0006457518015647405,0.9831728471049529,0.00017653870494134275,0.00039783613042121104,0.00036793829067354405
Q8W4P8,5,611,M,test,4,0.05740006274706692,0.047509420718426607,0.0058087501742513275,0.005046729469959077,0.6507434256499905,0.15039598959311376,0.0034685630857345683,0.020433546999042793,0.05466965219782392,0.004523859364590444
Q8WN93,4,462,M,test,4,6.186541868982958e-05,0.0001935597692891732,0.000639635675216912,0.00026873110180426795,0.9365529354075505,0.017698078100476557,7.388770361578069e-06,0.02698634747240366,0.017560350402557406,3.110788165011116e-05
Q8WNR4,1,122,S,test,0,0.7924088646727679,0.05785211347600578,0.007588546436995615,0.11238747466800957,0.004638785036792273,0.004861404637683259,0.010053191269367727,0.002769945147770536,0.005909965719401274,0.001529708935206022
Q8WQL7,0,882,U,test,0,0.9203173782178147,0.0677174274676942,0.0002480731998950693,0.002353652913583767,0.003731857393816228,0.0007066948076400461,2.0363088553723912e-05,0.0042287485024414566,0.0003902739084053238,0.00028553050015546613
Q8WSR7,2,254,S,test,2,0.00015523646457308722,0.0009965750728384776,0.891980437102901,2.6976050259511214e-05,0.033002036366438336,0.007137190293525726,0.0013836074587851835,0.0016495052829512949,0.06361308464788551,5.5351259841882724e-05
Q8WTC1,3,280,U,test,3,0.016093437046375645,0.010090705269275614,0.0002090172547161169,0.9650323045442584,0.00019944567401851355,0.0030003353800944505,0.0021780101216510236,0.0022647719021239472,0.0003726135861469467,0.0005593592213393546
Q8WUQ7,0,758,U,test,0,0.8915968148227134,0.07975437889132617,0.0005087818495545541,0.0075057574066192834,0.00975118721189486,0.005019481074800951,0.00020556644279722588,0.003672330712822152,0.0014269140624773677,0.0005587875249940584
Q8WUU5,0,269,U,test,0,0.8901579301278104,0.08745168072097845,0.00405833959714116,0.003444267872049897,0.007581976640942713,0.002009023894476027,0.0010922872364737756,0.0014929796902618305,0.0014929796902618305,0.001218534529603945
Q8WV22,0,266,U,test,0,0.8864667238891792,0.08310094310075085,0.00043949387906313327,0.004404188977296305,0.001909074568314359,0.0065600190866501925,0.0006295459335891366,0.009924992721102317,0.004799412467761503,0.0017656053762929607
Q8WVX9,9,515,M,test,5,0.013057513442191117,0.06976586729717901,0.017570805180937534,0.1673596388187927,0.07240347719311711,0.5094981302679116,0.014680956804810097,0.06120846924166642,0.06490206112409701,0.009553080629297397
Q8WW12,0,178,U,test,0,0.8752266053340345,0.09974408697648218,0.0004547455714297325,0.003521396971966512,0.012786349052744738,0.0019295663701503225,0.005306933366717908,0.0008234379217680275,7.659165260168794e-05,0.00013028678210441435
Q8WW38,0,1151,U,test,0,0.889592235399141,0.09523887348556112,0.0019612376307379907,0.0009939068086338306,0.00924753434154824,0.0010416054226917617,0.00010313290936179962,0.0015155270465271326,0.00011326933633113448,0.0001926776194660032
Q8WWF5,5,429,M,test,4,0.01973653849447471,0.017147402029465627,0.18149381107419454,0.02729463872047131,0.5292887302059798,0.13861361697043179,0.0005959918144544592,0.03971346253088529,0.04413085233777367,0.001984955821868779
Q8WWL7,0,1395,U,test,0,0.8732988375964144,0.10930617325908076,0.0005222560803755672,0.0056147818407161505,0.0035969645817460353,0.004916467315699761,0.0003820907210145997,0.0016597264009394523,0.000530480415538627,0.00017222178847465253
Q8WWQ2,2,592,S,test,2,0.0009370085680859,0.0015939052484085633,0.9068138420316316,0.003823580126340535,0.03984262081160626,0.02552413908519094,0.00046385288115311673,0.006230573568632984,0.013489738816297529,0.001280738862652505
Q8WWZ8,0,545,U,test,2,0.0008398010410437655,0.0016061617090127375,0.9209536926474077,0.0003726594447747743,0.057063218307888665,0.007836624993942483,3.466272761937848e-05,0.0018058562450637312,0.00940672961809213,8.059326515464163e-05
Q8WXF8,0,326,U,test,0,0.7671580564742955,0.17799498935460403,0.0017314217022833134,0.017215633513616695,0.02392489169319399,0.0034433433748937183,0.0004377719350461908,0.001626520101496475,0.0024416960571684273,0.004025675793401717
Q8WYH8,0,240,U,test,0,0.9342313129517283,0.05566834084685601,0.00040875024197665517,0.0012888966689010301,0.0029967746831294096,0.0015547060529686341,0.00013479152265048882,0.002244480639193251,0.0012788664402077743,0.0001930799523883441
Q8WYQ3,3,142,S,test,3,0.005921517080697218,0.006303422173598601,0.01606494447409771,0.9539620798805262,0.004150064834741139,0.0075147970861610455,0.0021699115964524235,0.0010170172181887386,0.00043741360245140386,0.002458832053085598
Q8WZK2,5,935,M,test,5,0.0003884066186058952,0.0011415905144392569,0.0033553211901773774,0.00471331404757211,0.04454433849808056,0.7834228157275239,0.0004909919732523332,0.0425045036723206,0.11827914980779074,0.0011595679502371715
Q8X150,2,618,S,test,2,0.0117636783377672,0.014413159627624171,0.716509667790994,0.027244739879157848,0.041462207222184216,0.054968745784368556,0.00702441359202205,0.04042270971435116,0.024613569321621835,0.06157710872990897
Q8X151,2,618,S,test,2,0.013547184107472906,0.017947102808604697,0.7338952005211197,0.02747317061213459,0.039353502541255525,0.04076163239175493,0.00796397916432216,0.031869435735013725,0.02173306855771953,0.06545572356060228
Q8X168,2,350,S,test,2,0.000748422333226505,0.020426900706606934,0.5729721686205134,0.00035352963579985997,0.02813924428185698,0.10353395165046003,0.0373513245129352,0.013475013665439966,0.22090044238339002,0.0020990022097710954
Q8X1T0,1,201,S,test,1,0.12104173383316365,0.35680525415002295,0.016818889839002937,0.19627837242647345,0.07406361921963503,0.13782962739517643,0.00405774579208648,0.025446166445500767,0.05645479463526902,0.011203796263669265
Q90738,1,729,S,test,1,0.36851271175350714,0.5707636215399264,0.00041820865140814253,0.007471065476609347,0.041833354759351446,0.0011018330181223096,0.00028743031962029944,0.008399945246774275,0.00041820865140814253,0.0007936205832724465
Q90812,4,420,M,test,4,2.0415558962464442e-05,4.821510415753523e-05,0.00021777986904441833,0.00012506046401211237,0.9821971300987644,0.005978858088626503,3.776499030590686e-06,0.006669897933236322,0.00469285920901634,4.6007175149276676e-05
Q90941,0,1633,U,test,0,0.6496618921276522,0.288285729391442,0.0018247667285062202,0.015458684260307092,0.020399587025253033,0.00627031822948719,0.0004835150563785089,0.008051248186920474,0.0053215496642139174,0.004242709329839292
Q90WV8,2,265,S,test,2,0.013814459985566515,0.003911797746821622,0.7571959817198907,0.038479665762512195,0.053685216150339554,0.06387741632249183,3.081502179357473e-05,0.062397701267242145,0.006154122539369511,0.0004528234839724074
Q90WZ1,2,208,S,test,2,0.20484044125172385,0.022102021185215114,0.5973743336607433,0.030865940038315515,0.002188396224394168,0.1332922310248573,0.001050003944640138,0.0008177439635942942,0.006482501196508556,0.0009863875100077073
Q90X64,4,521,M,test,5,0.07948748789584494,0.05809752286811599,0.007680506466926559,0.07118257155040998,0.21501693189614526,0.31901815622770646,0.003743180084256027,0.1225129592861411,0.11154931069784606,0.01171137302660767
Q90YK5,2,523,S,test,2,0.0022273372403922584,0.010379880237758918,0.5040532142227875,0.018722257734462445,0.06008310740237321,0.23809788137153398,0.0010686880700075691,0.07775331712299637,0.07191005797031445,0.01570425862737328
Q90ZD5,2,456,S,test,2,0.009795975235040045,0.013285311007266452,0.7721347307261103,0.01719247065561374,0.06215478448635319,0.06879907399533744,0.000259022328009077,0.042551771767450425,0.012977558276444031,0.0008493015223752882
Q91620,2,405,S,test,2,0.008065830044938847,0.0039309715213699005,0.7374967391602452,0.0074016219556452476,0.14983154944950006,0.041688062561214434,0.0007271567064498119,0.03246669495453458,0.017825063450821216,0.0005663101952806874
Q91821,4,651,M,test,0,0.39704519020314444,0.3908895801945711,0.0015124601591005016,0.008771870177027508,0.15011381917725494,0.017309190491822758,0.002572781374594799,0.02338322409444701,0.006268973384924328,0.002132910743112613
Q91826,2,64,S,test,2,2.4606265969774902e-05,1.410051335203464e-06,0.9968705152346641,0.001054491209671157,0.0008212386053207791,0.0006861705144010376,0.0002413393951443611,1.6391307356086087e-05,0.00028298217678154826,8.552393559242814e-07
Q91876,0,720,U,test,0,0.6670094457000899,0.23782956267389901,0.003784558454289268,0.028183642283636432,0.028964919516273818,0.009366872244904819,0.0016533512029681357,0.007070486312203956,0.01112343611307399,0.005013725498660614
Q91V79,5,292,M,test,5,0.00019691734132335701,0.00034024262867163817,0.003032549905796409,0.013697540970612258,0.056332907138660245,0.8540833375288117,0.00031962841518702275,0.0390206602726671,0.018649326163280452,0.014326889634989839
Q91V88,2,561,S,test,2,0.00036378091967478735,0.00020566309471149537,0.9796878870504537,0.0006587221404868478,0.01511003476552567,0.0012068519351535428,2.7558870025421322e-06,0.0017085953455176941,0.0010083625273241603,4.7346334149541265e-05
Q91VN0,5,1614,M,test,4,0.02403950789452848,0.01765651700522721,0.014580698348328602,0.002871109755681772,0.8743219136827383,0.020441953928108075,0.0011600332110155906,0.01731500659109644,0.027001965031690164,0.0006112945515853804
Q91WC0,0,594,U,test,0,0.49660434743713905,0.34131085477298706,0.0011563789896830324,0.04044654173492094,0.017948044256094097,0.0692061997384279,0.0006798002208070687,0.022162876766500268,0.005691897989443521,0.004793058093997035
Q91WW2,4,313,M,test,4,6.9098401224309974e-06,1.4858490617975222e-05,0.00043966924174686597,5.215821077606981e-06,0.9924644964227542,0.003259067664158406,2.9425645959862657e-07,0.001217824613211719,0.0025781348387662706,1.3528811084843264e-05
Q91WW5,4,304,M,test,4,9.728532841506546e-06,2.6034904247032556e-05,0.0006714489997191776,5.900653366674782e-06,0.9908446651457191,0.00389422731693157,3.5436175884335426e-07,0.0009580565948212715,0.003573543851247496,1.6039639347351377e-05
Q91XJ0,0,401,U,test,0,0.8414841656849613,0.1331421397936534,0.001389462927918671,0.005804332743465617,0.009825410048730545,0.000709668189619554,6.434489299587404e-06,0.006251512853194841,0.000842751853533015,0.0005441214156234708
Q91XT6,0,489,U,test,1,0.24295623713618256,0.6204105048459513,0.0013785143447039385,0.016150383353933616,0.08903015446397548,0.009274385912690246,0.0010244249181096672,0.014820425840189801,0.0030109523935753497,0.0019440167906881161
Q91YJ3,0,226,U,test,0,0.927335627740377,0.05070708315663196,0.0020285385272957282,0.008310102530482578,0.002334833547717839,0.006008968194085248,0.0009433580084153307,0.0012894175952814157,0.000529175837346156,0.0005128948623667053
Q91YR1,1,350,S,test,0,0.48126511718186354,0.38670738689667994,0.009383176249142974,0.07599861754433468,0.0029990430268434522,0.024818131159875714,0.0019063077219203645,0.0031924647515417415,0.006864877733898799,0.006864877733898799
Q91ZD4,4,521,M,test,5,0.04679540665687298,0.04327867664488338,0.005068925340345761,0.06032166413397173,0.1822100328806121,0.40267459598762917,0.002394390587177443,0.13330771373518654,0.11402412053585922,0.009924473497461658
Q91ZU1,1,418,S,test,1,0.26186245810939995,0.4873161638335552,0.01641651996247358,0.09763012130256919,0.058429409110972726,0.04342105261365711,0.0013687709647763,0.009802751292185661,0.012986536202768453,0.010766216607641814
Q920N1,1,254,S,test,3,0.015697245237520342,0.22876251738883968,0.0005326899931563878,0.7384544336126463,0.010995962203988617,0.0032377279374860343,0.00022555514695973155,0.0005582543332802336,0.0004926577308295813,0.0010429564152931085
Q920S2,4,322,M,test,2,0.00015013465784943726,0.0003330882796223469,0.7978354194894767,0.00331191745949522,0.15957711833996713,0.024857322060928323,1.7653034082820322e-05,0.005823959668344088,0.007981816405235088,0.00011157060499884779
Q922B9,1,1252,S,test,1,0.37889331370555807,0.49417002550299666,0.0009842549082204235,0.004275408291156918,0.09845487777902286,0.007741764431733268,0.00047225069904407855,0.01009716433085295,0.003544437771424052,0.0013665025799907003
Q923Z3,3,669,U,test,3,0.04611321725503071,0.09002118177332115,0.0038037310964076803,0.8086428969874662,0.006031042674882669,0.007865962891065875,0.00774401271423749,0.0019427557331601851,0.0019427557331601851,0.02589244314126789
Q92484,2,453,S,test,2,0.00098507431140361,0.005283819916758767,0.6866583149572626,0.001188226496248593,0.16827286587413295,0.04691057226050602,0.0003680953772080398,0.022436614823015708,0.06745929193824117,0.0004371240452225975
Q924M5,1,281,S,test,0,0.8389558760357119,0.12865805577214376,0.0009823163235629176,0.0075475317140327874,0.018643870879172218,0.0013013577505114418,2.4591807139266982e-05,0.0021624041173709647,0.00022614205868994465,0.0014978535416648206
Q924N4,4,1150,M,test,4,0.0900212409273347,0.10837447283023668,0.003788904887113719,0.019091906703895836,0.5536052781214948,0.10081901014198061,0.0015794503830527382,0.04952063959834574,0.07107371344201763,0.0021253829645274443
Q924W5,0,1097,U,test,0,0.7462561413738297,0.19619937985681438,0.0006493352367173982,0.00797256578214658,0.027826990125654122,0.005924707037798885,0.0006699473851363696,0.007259103745043722,0.005609400783277193,0.0016324286735816564
Q92506,3,261,S,test,1,0.07076756973349424,0.37224681853724473,0.005268494834700892,0.3110238751098737,0.046957584339970486,0.013244993647015951,0.06772501325166436,0.0011755599934363968,0.004103107561787638,0.10748698299081164
Q92521,5,554,M,test,5,0.001434702984596469,0.001434702984596469,0.0013268831898358543,0.03435470852188534,0.06343528523669209,0.7316723345179863,0.0002869586121900492,0.1463436758210631,0.017718860587146078,0.0019918875440081978
Q92585,0,1016,U,test,0,0.9412796814283884,0.04988599477319841,0.0003060491005394566,0.0016544859016602183,0.004316628509262971,0.00045943415992353415,1.6569782297775295e-06,0.001733886266038106,3.1264881548745464e-05,0.0003309180012104166
Q925D4,0,263,M,test,4,0.0005438480280112013,0.0003978877358435387,0.0022807591426346955,0.0007790263937157081,0.9237252058688562,0.02009135451022702,2.543611384540642e-05,0.03933696390715736,0.012523833222627569,0.0002956850770813187
Q925J9,0,1575,U,test,0,0.7703209783403038,0.17188184712556495,0.00031661531920232556,0.005974093194596003,0.03364780400203315,0.005190382022208191,0.0001861285629083751,0.010484860758062022,0.0009752438216139533,0.0010220468535073045
Q92643,5,395,M,test,2,0.012917257532618291,0.02214533036967871,0.346411249594118,0.05611000819237883,0.155531074810952,0.22718205497904362,0.007593664156798955,0.09906087575891728,0.06470847718192227,0.008340007423572063
Q92754,0,450,U,test,0,0.8513013318953269,0.10572365172697439,0.0016433982334699922,0.020530522763879133,0.008184440979241257,0.004792626721096174,5.9860777487647864e-05,0.004681606090519546,0.000800928412409711,0.0022816323995952345
Q92791,0,437,U,test,2,0.008978895695644397,0.006317441713675009,0.53422354774951,0.007271331615599599,0.13507286982549416,0.19962477356345706,0.0005695347115043091,0.04338319155887817,0.06380390271121283,0.0007545108550244442
Q92833,0,1246,U,test,0,0.9155521051005567,0.06842766592607025,0.00029768401727516024,0.007212224154913777,0.004306615730235668,0.001941143598936883,0.00037630784793286416,0.0011411395285213434,0.0002840520728615277,0.0004610620226958101
Q93373,4,773,M,test,4,0.002032491395906799,0.008828740642640743,0.16272714873552163,0.002267407971310652,0.5724282313772743,0.045187693476554,0.0001803938809644314,0.15772055224657242,0.04829032015467235,0.00033702011858265687
Q93833,1,412,S,test,0,0.6065149102723829,0.3246440500969912,0.0003200923881366883,0.008584145079356205,0.003663263054480702,0.008517342238089334,0.0012859264054622258,0.03468825519488164,0.00972711078283411,0.0020549044873850114
Q93V61,5,447,M,test,5,0.007516322321460143,0.07885910963151858,0.0877591779339681,0.012885973212749964,0.10799836629636439,0.3002384170783274,0.0908549685394033,0.11023603631990986,0.19384849695048495,0.009803131715813351
Q93VJ2,5,881,M,test,5,0.17785619861184626,0.1878535958075153,0.022700377614219783,0.07892320682652262,0.09976828378772905,0.25979207736476895,0.019877114338934684,0.06316934231811472,0.07800372326729245,0.012056080063056198
Q93VQ0,8,858,M,test,1,0.45921890035569474,0.4812572726789844,0.0014389332028837138,0.008814534953313542,0.015469990178554147,0.006201799577051945,0.006705744320418619,0.009383023616448157,0.0082160502500383,0.0032937508666124674
Q93VY3,0,297,U,test,0,0.9475324834167175,0.04397180811468058,0.0006223430637308418,0.0006420983353241314,0.0021218721540006017,0.0011269177167106163,0.0011626899312846214,0.0003331162554018732,0.0005846371907657413,0.001902033821383527
Q93WX6,6,463,S,test,6,0.029453601177247872,0.050090032692135446,0.0017346139929190411,0.1958496685626916,0.009750781411669865,0.015581702543227738,0.6573948746137511,0.005512592287108273,0.017113152594554735,0.01751898012469429
Q93YP7,3,407,M,test,3,0.00014827913891247613,4.7392858656235384e-05,4.665809972630457e-05,0.7879749410410959,0.00023327584121514365,0.021665393959461404,0.1871604591458204,0.0007471635352457364,0.00030904024111999014,0.0016673961387464237
Q93ZM9,0,197,U,test,0,0.9298715348554063,0.03778534898621381,0.0020661180226680597,0.007498731655820878,0.0075575460756255085,0.0011233288522909904,0.012484645945149909,0.00035903746810927686,0.0002467625984580137,0.0010069455402572619
Q93ZS9,0,580,U,test,1,0.3820018559297463,0.5387090149809097,0.0004989749013308664,0.014023550018776615,0.015045072991495916,0.003863893936384685,0.03009653299285908,0.0073898914883321854,0.0034098746717626817,0.004961338088401954
Q941D3,6,239,U,test,6,9.209690190909338e-06,1.2987745529948992e-05,5.2998112417225536e-05,0.0012840267043004226,3.728882601149255e-05,6.147888448078662e-05,0.9984968361425303,8.651703398075551e-06,1.7476922004973763e-05,1.9045269135924967e-05
Q941F1,6,515,U,test,6,0.003353138667180893,0.004272009220687618,0.0012927501152816395,0.03928466490428919,0.025463359279251738,0.009008585421899582,0.9011275118732006,0.009043843431720043,0.004583196687309184,0.0025709403991794728
Q944H2,6,391,M,test,6,3.312445931574602e-05,2.3488757623155302e-05,3.695300274778542e-05,0.02203245658228643,0.0016628487584140071,0.005792588490050366,0.9665824819084617,0.0012960558588927542,0.0016054048981408487,0.0009345972840671711
Q944N1,0,399,U,test,0,0.959143511836653,0.031810320662899266,0.0006105871240879319,0.0004906205538148593,0.0035412443988119126,0.0005388412931344359,0.002845469839780058,0.000514165901714617,0.0002466995191394942,0.0002585388699644235
Q945K7,3,374,U,test,3,0.004064830854858098,0.0588061907332783,0.0014837307037458447,0.8441326417723835,0.0013722265977489034,0.004980334893801678,0.07669773515705741,0.0006185109813026805,0.0026244520517778327,0.0052193462540457685
Q94637,2,1648,S,test,2,0.09341946961654662,0.1432847858169302,0.47165151509591363,0.00705061934312514,0.0663738270338387,0.15193122858796992,0.0018107487952177157,0.05039602101240622,0.01348466314598299,0.0005971215520688725
Q946J8,0,445,U,test,0,0.9585262118379664,0.029400799967666064,0.0003215497186321771,0.0005914204048500215,0.004894211978905334,0.0010709240066675606,0.001546059414490993,0.0014752602710582296,0.0012717538282984004,0.0009018085714647969
Q948R1,6,447,U,test,3,0.02147840524230004,0.05770416190633938,0.01014568005702056,0.3412696722347938,0.1078318880012556,0.07167386270284082,0.2336365582734687,0.08511482187091822,0.0368225537583442,0.0343223959527187
Q948T9,4,867,M,test,1,0.19658880416105506,0.3909635339653588,0.001056067169326571,0.09349895460794214,0.1051750437537805,0.06741057266952738,0.05148397529587414,0.03962862888819648,0.0436938784108997,0.010500541078039197
Q948U0,4,963,M,test,1,0.1816814542133969,0.43924936659853836,0.0009168533726333734,0.06528858841605635,0.15269258621021162,0.0718456804877809,0.029427872975839046,0.019756939265601733,0.030840145429393766,0.008300513030547971
Q94981,1,503,S,test,0,0.8651921838279852,0.08174271402682401,0.0007889531672652018,0.0017779333406657734,0.016574636993326005,0.009686801015063817,0.0003187658835180417,0.01471302013328213,0.008416038444804569,0.0007889531672652018
Q949Q5,6,140,M,test,6,1.687920266520158e-07,6.018465545323974e-08,6.235676564477923e-06,0.0008040505211328533,2.9919101117883594e-06,2.9402165748536485e-05,0.9991518561743885,1.0835980392081978e-06,1.135601122637103e-06,3.0153762098736378e-06
Q949S9,0,253,U,test,0,0.49325233482534525,0.43529366906661326,0.0025883507037408257,0.038785716830208275,0.004402932957747511,0.007667253223688159,0.000908596550287823,0.011331466661777952,0.0033758459176716636,0.002393833262919299
Q949W6,0,485,M,test,0,0.3485376407615443,0.2367553974606848,0.006637987070880204,0.04003218382752832,0.06704129603332597,0.028609713062369337,0.17423186549922173,0.07150461125954966,0.012596686049390281,0.014052618975505407
Q94A68,6,377,S,test,6,0.0007561443992828722,0.0037952805471635365,0.0010746979274876866,0.028374109119913796,0.0014575064262403667,0.0036073631694700237,0.9544183511871784,0.001527453756719963,0.0006884772956880093,0.004300616170855302
Q94AI7,0,1131,U,test,1,0.4667742691188883,0.4815912671092567,0.0008871162725633875,0.010556938959742475,0.01838381595431806,0.008351225522784611,0.00037562869667507004,0.006157807405257696,0.0036769945779347086,0.0032449363825789823
Q94AP3,8,389,M,test,4,0.00013545663056486565,0.0005192583649361582,0.0008695940856951451,0.0010822273061073036,0.7543800289117599,0.06591699111533243,0.010362324052001095,0.045304040250268365,0.1193602652031817,0.002069814080153036
Q94AV5,0,459,M,test,0,0.542247020018599,0.11818890767519105,0.0013440960881452187,0.0016990965942358222,0.04893281887831189,0.011611218118158554,0.22604219070043724,0.03905075951703157,0.006933374620168643,0.00395051778972101
Q94BP7,1,741,S,test,0,0.679117568800153,0.1991845368207447,0.00041902242562302615,0.029261218040874382,0.006815719835788641,0.017817287294113367,0.014205179969098649,0.03257955365170946,0.009536907289276426,0.011063005872618372
Q94CC0,5,480,M,test,5,0.11329115469677743,0.05515980860507561,0.02709358813082825,0.08041395451061452,0.11402650466861414,0.4476378673670179,0.0558100133396898,0.06679583510401334,0.03761572113728933,0.002155552440079678
Q94CG5,1,974,S,test,1,0.37373562067909744,0.4874431284910702,0.0014803797778000754,0.028151795941043885,0.02270913586912021,0.012689007841270668,0.007636379593516957,0.04999034268007446,0.0143785302970318,0.0017856788299743301
Q94F00,6,371,S,test,6,0.006684801659557252,0.00986021867705896,0.00044436852535512485,0.24889323555768605,0.00130607178417534,0.002700903966386966,0.7201964386587333,0.0009858746954534382,0.0009117850147410438,0.008016301460852592
Q94FB9,9,1337,M,test,3,0.025582473069878285,0.021711563135433955,0.005532597515595675,0.31165831482913003,0.06558281015276231,0.24654203021907636,0.12445431628963566,0.07585484340227377,0.05394695188520367,0.06913409950101028
Q94ID1,3,329,U,test,3,0.036682269077273254,0.04076248625430869,0.0005051687284800665,0.8580284389564469,0.0008072574549864161,0.0145911969303346,0.03399188315212285,0.006202483314682226,0.0020294447126118173,0.006399371418753243
Q94ID2,6,330,U,test,3,0.10995167237819004,0.23367870800013868,0.0013786912574737505,0.42313750593137217,0.006893022291059087,0.04140817650109119,0.12606021468387416,0.027262433728612173,0.015055745489528741,0.015173829738660024
Q94ID3,6,357,U,test,6,0.006740742583175908,0.003122514931373664,9.766568481489653e-05,0.030926319575394476,0.0007864175427180728,0.0016136238695049464,0.9546025047694264,0.0007216572731513856,0.000362872074645292,0.0010256816957949007
Q94JX5,1,190,S,test,0,0.7168983251516229,0.22913447119800934,0.0007292847762139158,0.037994221014295365,0.0024671384703892464,0.007964021560117461,0.00024427980055522787,0.001982401599217865,0.0007524347779648226,0.001833421651613886
Q94KI8,8,733,M,test,4,0.00022879388255128027,0.000322651107186464,0.0006219262492585015,0.0010253829530216686,0.40094178202650377,0.18645526033290075,0.00644275955045314,0.07077043158765689,0.3323924431462281,0.0007985691642394281
Q95218,2,1594,S,test,2,0.0003029880688329205,0.0005616510630513066,0.9614456683042331,0.0001523519571120168,0.020268402553143203,0.0044350185398906675,1.6057777990000634e-05,0.000918799991306985,0.011822454374366303,7.6607370073577e-05
Q95J56,5,699,M,test,0,0.4712773653923343,0.3846453801743624,0.008905747148745972,0.012077984637015081,0.0953725297085791,0.018706748628999008,6.0006453435761785e-05,0.005840532130576864,0.001726457883011102,0.001387247842940416
Q95M12,8,433,U,test,2,0.009469784642771342,0.03819243544929702,0.6743377866749207,0.02100963649881511,0.06363321111827626,0.08880007739885755,0.002629663959659015,0.02584229299928803,0.07124841887172728,0.004836692386387695
Q95T19,3,464,U,test,3,0.07446730887347608,0.12182039031309279,0.0017107344477777474,0.7579919105322857,0.0006804831214543688,0.02781281622287702,0.000381716440011017,0.0032975268574209817,0.004578162453674422,0.007258950737929954
Q95XZ6,8,311,M,test,4,0.00039118282516337877,0.0003791474021631189,0.0051932374980586645,0.007765578763898512,0.3727078008530534,0.30898563965827275,0.0064630883332476696,0.06682283195970735,0.22961861576656448,0.0016728769398707344
Q960V3,3,1122,U,test,0,0.4182938110520446,0.3414014635991729,0.0004459422565087507,0.010471780962717949,0.15508860613704992,0.010804191415676963,0.005183907779649192,0.03089873545325129,0.02612118467458329,0.0012903766693451429
Q96285,4,661,M,test,4,0.01900493054530082,0.06803954655643663,0.04891141693091374,0.008238028121998689,0.6099935409750156,0.0718640787362673,0.020230644233125948,0.03013345343110926,0.11596543045022092,0.007618930019611116
Q96288,0,248,U,test,0,0.8887522164482149,0.10128551657605692,0.0001698768454119774,0.0013572267403791716,0.002678162634222498,0.001624387795091253,0.0004475658905831574,0.0029644558484640754,0.00042707036212452605,0.0002935208594515563
Q969D9,2,159,S,test,2,0.011584788383520247,0.00802454805755661,0.8511324990629308,0.03172995474044128,0.06336499653611134,0.011405181896432604,0.0018045619086711794,0.012575168901398462,0.007900139195976277,0.000478161316961258
Q969J2,0,545,U,test,0,0.9248071028908667,0.05958463452642713,0.0014345270367093262,0.0023467297060630445,0.009877688584731228,0.0011172108729156419,3.269887130329892e-05,0.00028692346917965614,0.00011413026753346724,0.00039835377427054937
Q969V3,5,563,M,test,5,0.004889137234758477,0.010595754055848379,0.12807818079750477,0.027376147676668357,0.06855530464482192,0.5065590270802739,0.00013869414746411448,0.18781424041817738,0.06278713950719304,0.003206374437289693
Q969X6,0,686,U,test,1,0.3954106361029057,0.515712690139652,0.0026229501831665737,0.028309742631437235,0.02023206138346018,0.019230302859785622,0.0010597676977811732,0.007298999631696489,0.00482434371262172,0.005298505657493207
Q96AG3,3,418,M,test,3,0.0014382624073589014,0.0042938584230615565,0.002524229204798608,0.38052836176815036,0.03659573495160075,0.2827846638004389,0.006150668056136576,0.15739337890618152,0.0943517165668134,0.03393912591545947
Q96AY2,0,570,U,test,0,0.872267865478259,0.1091771378134574,0.0003937542063249483,0.01036546265219331,0.004872448671666291,0.0010374040597822501,9.49976279130052e-05,0.0010374040597822501,0.00010433447038972708,0.0006491909602317957
Q96B02,0,151,U,test,0,0.6442041892647555,0.15725356095098225,0.00876828083128789,0.10353303539177557,0.010013690993441899,0.05482512254424318,0.002891472262859195,0.00876828083128789,0.007269159777314936,0.0024732071520516463
Q96BF6,0,587,U,test,0,0.8690929403667649,0.10543293516749237,0.00024170194000668367,0.005167815008745256,0.017044190993110882,0.0005446836787947724,9.173971282113932e-05,0.0011176184438465417,0.00032524552725281,0.0009411291611646651
Q96BH3,2,223,S,test,2,0.0016694496847903836,0.0008935920526601018,0.9723167146179672,0.0022464899180553964,0.009113525715649353,0.010306828365645745,5.0020697430555126e-05,0.0008660991199917927,0.002476943354361038,6.0336473448481205e-05
Q96BN2,0,335,U,test,0,0.7046907933810873,0.19416273713895355,0.0005582960747637129,0.07485640462916253,0.006389359831221625,0.006592180013107777,0.0006948107422836011,0.004190244477983346,0.004391338919043307,0.0034738347923932047
Q96BP3,0,646,U,test,0,0.4949401009480001,0.3854597201909411,0.006038687643504963,0.051962923137557404,0.029034919969190564,0.01494589630759811,0.008383887800425552,0.003549961132113912,0.0038988701908409824,0.0017850326798273422
Q96BY9,5,339,M,test,5,0.0066759013284611,0.009713378947029238,0.24091441635722657,0.06676897657277656,0.15985793181815597,0.4396611126576937,0.0011600976882243843,0.04413159982444515,0.028773123130702145,0.0023434616752851726
Q96BY9-2,5,167,M,test,2,0.04684328945645523,0.0498644216011386,0.31026684659967485,0.17886861825606565,0.12365691133482547,0.22788452677643808,0.004495413890193889,0.023370984506402452,0.02566800218693908,0.009080985391866688
Q96C03,3,454,M,test,0,0.3051764163358449,0.18222915187706,0.12210416418349868,0.03673398978435869,0.10484998990560386,0.12598017239417472,0.00387173483691307,0.036448125899363394,0.062000351040634706,0.02060590374254796
Q96C10,1,678,S,test,0,0.6928121303192606,0.25288789937424777,0.0019459668141407823,0.013298269084143666,0.01068545948799033,0.00832184386793407,0.0017997248421713307,0.0073440017510931575,0.006088390819516271,0.004816313639502024
Q96CJ1,0,260,U,test,0,0.864985304383589,0.11890650031893571,0.00016533400377151337,0.006604243666827051,0.0045037033000271,0.0011476455484470908,0.0009970917797476777,0.001428268063333441,0.000752644337307897,0.0005092645980134758
Q96CN5,1,670,S,test,1,0.12117435018957742,0.7718520748349554,0.0005655497070785766,0.04943931840004856,0.016335232157545794,0.003925692749530751,9.525410845038902e-05,0.025449182798020244,0.0029173274478448727,0.008246017606947965
Q96DI7,0,357,U,test,0,0.8187244923700294,0.05838871547193334,0.00013810343908438407,0.09477424437233083,0.014032013269581695,0.0032429962032685376,0.0003754040731313864,0.004645377407647926,0.0010694266645169949,0.004609226728475494
Q96DZ1,5,483,S,test,2,0.035363078974180485,0.028637890466519277,0.3329045257165276,0.01983688819787376,0.0960329794309642,0.2674962943038747,0.00021526309659257903,0.16805006970830969,0.04928892970297701,0.002174080402180609
Q96E29,3,417,U,test,3,0.03922045544266596,0.02456751615024482,0.000893998120937874,0.8788141475750096,0.0012411935999134356,0.022921815169000177,0.018562651890811577,0.004832908438301919,0.0029774684941416872,0.0059678451189729455
Q96EG1,8,525,U,test,2,0.0009766830030330262,0.012180597165135873,0.6198837101861824,0.020964135993803448,0.11738619457619909,0.07260259218477251,0.00978738524870181,0.05404595086889768,0.06813725108878874,0.024035499684485408
Q96EP1,0,664,U,test,0,0.6077267801277905,0.3356185675463395,0.0010850221740124715,0.01379862727050209,0.03227130897533904,0.005467316311429488,3.0302513762542182e-05,0.00233316432416346,0.0008995148923898263,0.0007693958642710942
Q96EX3,1,536,S,test,0,0.5721684965389522,0.3525028097756025,0.0013116797820960254,0.01741350338413565,0.040487611722021595,0.004911704687292665,0.00015183795031603029,0.002063562027163541,0.0014405984648414394,0.007548195667578331
Q96G97,5,398,M,test,4,0.00525580115443928,0.009896140577432338,0.020068993856479176,0.010210277545505544,0.49970597189436405,0.401525021890659,8.169763922422394e-05,0.017710825485324204,0.03379849727890495,0.0017467726776672755
Q96GG9,0,259,U,test,0,0.5974093381751279,0.2957390398367556,0.00034090633831496863,0.03759900298164771,0.003781430847364443,0.027615680824850372,0.0006994943604723433,0.02399291778273447,0.00943253609566448,0.003389652757067713
Q96GM5,0,515,U,test,0,0.9187809597051506,0.06866898962403803,0.00030821665822651566,0.006070958299854124,0.0020414753310659625,0.0007166252875833335,9.69846781618197e-05,0.0021062786168454927,0.0004346551615036191,0.0007748566375704375
Q96GX9,1,242,S,test,3,0.17416109386058223,0.3672615952837982,0.0024362243805704197,0.3879055468448597,0.017311774052709228,0.026191879805161775,0.006519674040354047,0.005157486582698014,0.004551466075581502,0.008503259073684835
Q96HY6,5,314,U,test,0,0.6665179659204135,0.2610121873286999,0.0003463058656390654,0.02510980901017719,0.004318916579546157,0.014957190739848462,0.0002100451403916625,0.01985379651345183,0.0035526438624784696,0.004121139039353798
Q96HY7,3,919,U,test,3,0.01808362228754515,0.04727322505870603,0.00811914895775708,0.8544648700707516,0.0044143049953201865,0.04335917438557296,0.0048481653326006196,0.004773002014521233,0.0024762006406004867,0.012188286256624707
Q96I25,0,401,U,test,0,0.7902439265193226,0.18478938907622894,0.00010879572205775132,0.005893819499939573,0.005493643662175245,0.002698387232613317,0.002784042839215962,0.004848122979930194,0.0009546521641487668,0.0021852203043675996
Q96JC9,0,268,U,test,0,0.7193661195406045,0.2372217681760612,0.0015736069324302877,0.013330960219657259,0.016917869587995123,0.0036587455308294925,0.0012255264361929576,0.004311056368498327,0.0011878209142778884,0.0012065262934530029
Q96JK9,0,1138,U,test,0,0.9536054337738039,0.04124892476287381,6.299184115609658e-05,0.0015024918925420799,0.0021564280093702465,0.00012527424728150726,4.563114471780819e-06,0.0009700816821490106,2.7952461620281835e-05,0.00029585821473132384
Q96JW4,4,573,M,test,4,0.00020924385377523268,0.0019392621661664523,0.00017897576793863255,0.0012918270785967896,0.7292342853862154,0.03659119493054806,0.00046422775360817017,0.01064864463418973,0.2189558318966461,0.00048650653231546926
Q96M02,1,699,S,test,0,0.49880333501090096,0.4401924168211256,0.006789226322651353,0.0250287325502596,0.01635024940098374,0.0073984789458444045,0.00013236882395692215,0.004182721168961538,0.00034874542091102166,0.0007737255344048555
Q96M11,1,299,S,test,0,0.6643655184003063,0.2813100720002432,0.000909447968508171,0.03597473613013557,0.006513210949656483,0.0028012969692010397,0.0010145625133924233,0.005152373481198185,0.0007539588222083926,0.0012048227651501686
Q96M32,1,723,S,test,1,0.22546031409688302,0.5493683653836106,0.005099190249457496,0.03595279051688229,0.017250338063216165,0.0657409708287189,0.041220075172900814,0.018652062315922265,0.03709405551807699,0.00416183785433146
Q96MT8,1,703,S,test,1,0.23440671737483101,0.6273048327477125,0.0005544285352539124,0.016914164128118334,0.03174674040949871,0.005260271790041974,8.772333698148955e-05,0.08069295933437906,0.002262414596426318,0.0007697477467566532
Q96MU7,0,727,U,test,0,0.980583904185985,0.015362019624409019,0.00031388557659433843,0.00014597033731308527,0.0024803805336136944,0.00025221414503052883,6.827124159232843e-06,0.0007298058771308113,8.317139411876568e-05,4.1821201645612756e-05
Q96MW5,7,612,M,test,1,0.3916720632261735,0.4009602859629855,0.0007986060042552912,0.029734261255367222,0.022976855771396954,0.03032071515252737,0.0003329085128753351,0.06288599249096506,0.028042075869432526,0.032276235754021255
Q96N77,0,438,U,test,0,0.9713389579959304,0.020476964614855587,0.0006480259857811621,0.0006183506734063883,0.006160319596624413,0.00041191037081538727,3.853303380276371e-06,0.00018858631095431888,3.1270678810813376e-05,0.00012176046944127222
Q96NL6,1,688,S,test,1,0.0833429345563093,0.5371326958298694,0.0006388217044842371,0.02430159668325721,0.020029029452376505,0.004575061743118884,0.0007705660758009806,0.3207365664492319,0.006708884338585193,0.0017638431669663801
Q96NY9,0,551,U,test,0,0.7295456231354545,0.1903133612799492,0.0007306447071289512,0.06275868160074333,0.004801769079533488,0.003052190054620467,3.210228766107384e-05,0.0014759427266344194,0.0005181046224468156,0.006771580505827861
Q96PN7,0,1200,U,test,0,0.9549667567491631,0.037611189175149655,0.000473454959687664,0.0012473878100961666,0.003680625827234824,0.000480910807868861,8.537189148068202e-06,0.0011446673567782812,0.00011245541512229185,0.00027401470975105306
Q96PU5,1,975,S,test,1,0.283521752749417,0.44257119362064457,0.006023848498065694,0.012263947289740415,0.11092033251410953,0.04984945475417289,0.0038892887298323424,0.025962775725064443,0.06252522354604717,0.002472182572905983
Q96Q11,3,434,U,test,3,0.13192455747006698,0.22794518352371326,0.009937273546670242,0.5641697167361328,0.002165941566912164,0.03831731980865793,0.004730851488601564,0.010333129421337892,0.005115269790490689,0.005360756647416413
Q96QG7,1,549,S,test,1,0.16856456301354325,0.6851669752542409,0.0013646700357350275,0.047825226111757504,0.017287351702222058,0.025350226838951655,0.004203478930015541,0.017287351702222058,0.02418935370446367,0.00876080270684835
Q96RT7,1,1819,S,test,0,0.6047270999121852,0.23681453281833895,0.00034508217376464913,0.047760696048881376,0.011698548885296148,0.02698827023012556,0.0006862778219425777,0.03526815460805922,0.020213278361693,0.015498059139713334
Q96S37,4,553,M,test,4,6.369064961518904e-05,0.0004706138111400838,0.001965939118748793,0.0023437478261569707,0.9345195537971418,0.0273518047933668,2.91597069362825e-05,0.0035807754384459905,0.029115847142494343,0.000558867715953731
Q96S94,0,520,S,test,0,0.8856925230225227,0.08907643712330339,0.0003875132794597355,0.005184870249169458,0.013343874190370735,0.0025666970960460216,5.670572393870965e-05,0.0024683685324296363,0.0005638284607038526,0.0006591823220558216
Q96SB8,0,1091,U,test,0,0.7568823030884959,0.18988057804974567,0.0006090882076932858,0.006970644948936106,0.023035125550585824,0.006446793193652891,0.0008456351941609152,0.007135949595183344,0.006346845044959358,0.0018470371265866838
Q96T37,0,977,M,test,0,0.804544393134838,0.12338088512424225,0.0008184451765806269,0.012026964744916074,0.03697337600570115,0.005254191371850779,0.0047467663182167805,0.008074522057442537,0.0020575707412079426,0.002122885325003851
Q96T58,0,3664,U,test,0,0.7962367360140703,0.17490999017297224,0.00148980700405592,0.005535304425048984,0.008180649771819901,0.0027401742390545784,0.00010962076826997688,0.006321515283777232,0.0014667096226350304,0.003009492698295857
Q96TA2,3,773,M,test,3,0.10267212753459702,0.24822935208703423,0.0026313002601029015,0.5954712329969843,0.0020174878723319633,0.016630330020303518,0.010570880552327362,0.0052740078253293585,0.003950049366175794,0.012553231484813509
Q96VH5,3,97,M,test,3,0.0005403506737602736,0.00028474477243973974,0.0015273366405959621,0.9322378523623921,0.0027656491979884605,0.039083994456374616,0.006470386326959148,0.008754948980435759,0.0019458773079764375,0.006388859281077457
Q96WW4,5,371,M,test,4,0.0011637346909623427,0.011845486093804236,0.06923952614071892,0.004061832974374706,0.6317598742508811,0.15241916291368984,0.0018024274393386578,0.05125384342604625,0.07574827131424466,0.0007058407559393347
Q98SJ2,1,360,S,test,0,0.7610524628784469,0.21133662027093666,0.0008113565573254304,0.007316785145038509,0.010238023119637406,0.003234145585008037,0.00030795620500913946,0.0039936367899524325,0.00023983653850489196,0.0014691769101407006
Q99109,2,652,S,test,2,0.0007314620922028413,0.001168873166388667,0.9905175611680768,0.0005652300340660888,0.0017581167710737204,0.003422115013651716,6.965001407295082e-05,7.074684286039994e-05,0.0016483751899025105,4.786970770433714e-05
Q99134,2,64,S,test,2,2.968074830447018e-05,1.8680099114481128e-06,0.9968680122153584,0.0010140917150208897,0.0008572931313712837,0.000683493718803007,0.0002750797879716354,1.6649391050692925e-05,0.0002529208868836777,9.103953245558652e-07
Q99158,5,426,S,test,5,0.06543596736437131,0.22884049670635914,0.13793736490700595,0.0908488468699329,0.03613717427645364,0.24503096573008648,0.040948785231280545,0.06243944075048803,0.06467362396905386,0.027707334194968132
Q99177,0,341,U,test,0,0.6948300335848634,0.2637277145241312,0.0020775042149977743,0.011013654573199465,0.004502373576328651,0.008346082325321722,0.00021557254420926535,0.010674802180535944,0.003646133328913909,0.0009661291474986434
Q99332,5,602,M,test,1,0.38146214584823607,0.3966578727613859,0.0018951994755515979,0.060829455153545604,0.05172622055692479,0.03359321408626499,0.002889834028796855,0.04180743053035951,0.0203753145164429,0.00876331304249179
Q99549,0,860,U,test,0,0.7841469961752819,0.17360524213756356,0.004554697149897148,0.002202507728353536,0.02642894441954891,0.004380209215156021,0.0010567747145074594,0.0020690643421644086,0.0008625143365514646,0.0006930497809755898
Q99590,0,1463,U,test,0,0.8870991510512878,0.10268917728501652,0.0006299950794400996,0.0025707732542370226,0.002758037079171046,0.0019254202580150305,0.00012023666988821285,0.0014878494037117184,0.00018049661679603592,0.0005388633024365036
Q99638,0,391,U,test,0,0.734062517057229,0.20068152771333927,0.0010367535951768072,0.009026428249357996,0.03860113583643596,0.00660387581036859,3.130724357125944e-05,0.004574371281237411,0.003562524044472616,0.001819559168811112
Q99678,4,358,M,test,4,8.339921543191222e-05,0.0001711240600058961,0.0005069064300141805,0.0003172139096973711,0.968025650163436,0.019170708959412714,1.0663736806148162e-06,0.0063714118088684145,0.005099614122350793,0.00025290495710207037
Q99714,3,261,U,test,9,0.021110034392839858,0.1699808897530249,0.01556556219235313,0.1535649369615477,0.016962389520209262,0.021780137714601487,0.14653269192582813,0.0031871381904097413,0.006961350436681312,0.44435486891250453
Q99732,8,161,M,test,4,0.05814368028103489,0.036742454679523015,0.00923567318743922,0.008475130059958482,0.8712670428924459,0.006498107873253811,0.00012969735860334324,0.0066004383337292015,0.002228209653178831,0.0006795656808332085
Q99788,4,373,M,test,4,9.381011888924414e-06,2.800652961158735e-05,0.00010405687147963441,3.2235314215359886e-05,0.98577913297955,0.008528660695246965,7.233859702671837e-07,0.002386898653185392,0.0031131025285272016,1.7802030324627192e-05
Q99871,1,368,S,test,0,0.5952304568581452,0.3186039310864478,0.0003292126620980091,0.05080583290825848,0.008624212768417065,0.008358874311771215,0.0009089853214793781,0.010733005531073895,0.004010631214884618,0.0023948573374242476
Q99J87,1,678,S,test,0,0.7300123716823411,0.21244571033350318,0.0016735322173336146,0.01316335078302883,0.011171590757925346,0.008046594607634596,0.0034879407138738226,0.007799027176321789,0.006266694174303907,0.0059331875537338066
Q99JS0,4,100,M,test,4,0.0024493091032587126,0.0009704695424627026,0.005460627634650952,0.0005572937924698123,0.9465627520804474,0.011822740173801484,7.781564275906296e-05,0.027062521661525465,0.004971958931405837,6.451143721855012e-05
Q99JX3,7,451,M,test,1,0.31608163475169204,0.6188577846064329,0.0011399683706959686,0.0077296456142061445,0.025793980125427073,0.018398157766044393,0.0015826891922309941,0.004169830942229412,0.0030987552945248957,0.0031475533365161847
Q99K48,0,473,U,test,0,0.7685386213216698,0.20684937371380996,0.0004184766296112782,0.007274205587030908,0.004429297212094076,0.0018177796795621486,0.00022052169564824764,0.008877796433708065,0.0004184766296112782,0.001155451097254221
Q99KK2,0,432,U,test,1,0.21249467154265816,0.4864051346540499,0.0014095802338883097,0.2279734911657623,0.002937817250320518,0.011174165654158375,0.023655707038618353,0.0025524199032712913,0.001957008151297465,0.029440004405975346
Q99LQ4,2,66,S,test,0,0.8062002983886822,0.13900637159379084,0.007541772190285064,0.027925471767843706,0.005432134777245936,0.004433579593874036,0.0033466412026501905,0.004574316400006197,0.0010864954309391841,0.00045291865468254994
Q99MG7,2,172,S,test,2,0.00024662112613511774,0.002912022999054942,0.9588388027221013,0.0015956568064308836,0.023084477598178582,0.00988980332734103,2.810586497564035e-05,0.0011314901551714733,0.0022153499106601702,5.76694899508107e-05
Q99ML4,5,431,M,test,5,0.0034402959858494116,0.004281517510793928,0.2776003730596096,0.029258863501008498,0.10172533070255577,0.2819719266444289,0.00014881261195758715,0.2449814635421607,0.05292924030675205,0.0036621761348835918
Q99ML8,2,113,S,test,2,0.007329439614876082,0.003055364964973856,0.7023269260205339,0.028483384663990415,0.09321119318776881,0.07460530444449862,0.03278417290618691,0.010096729264840405,0.045494092852421175,0.0026133920799098534
Q99MQ1,1,977,S,test,0,0.4613852945707659,0.4613852945707659,8.156201770608562e-05,0.014152035567332492,0.04359133680250179,0.004316126599370222,0.00021488730955379517,0.010978647856963277,0.0007860251603160722,0.00310878954472448
Q99MS4,2,279,S,test,2,5.840602325467133e-05,0.00053709182215156,0.9412076722492975,0.0017202614563671642,0.034016692049133816,0.013960421455066855,1.2242568442597174e-05,0.0015786006533432498,0.00669828354424737,0.0002103281786952138
Q99MU0,0,676,U,test,0,0.9369660592204422,0.05626918375824498,6.189270379642715e-05,0.0020818816052168717,0.001511283817387585,0.0005430912356151208,1.8295450599369788e-05,0.00235908090365116,1.5648926693652228e-05,0.0001735823783526037
Q99MV1,1,1172,S,test,0,0.6607958764435162,0.30729863466158747,0.0009629006512299385,0.010474184670657805,0.011019814909589283,0.0024207320859685605,0.0018560397691508583,0.004215454740124779,0.00040771777831285496,0.0005486442898622926
Q99MV2,1,351,S,test,0,0.41320058145128513,0.1974828663607646,0.136792389690356,0.0628732359854941,0.04934977300841617,0.10539573288610063,0.00010220707052359263,0.011272551339548024,0.016021525270829645,0.007509136936682136
Q99N93,3,251,U,test,3,0.006511556311176323,0.014559824639963007,0.00105677216850248,0.9607547316352728,0.0006409647039117963,0.0044491774383438685,0.007179535772017574,0.0020529578466995427,0.0005397464149813788,0.002254733069131207
Q99NB1,3,682,S,test,3,0.03290644504677934,0.10663905979575387,0.005876799301260929,0.7118643184973884,0.012538763100365575,0.011327827743903514,0.022793629058053832,0.002411833617182416,0.0013529160583116073,0.09228840778100049
Q99P30,9,236,U,test,3,0.12847885860395117,0.22199154541058272,0.014302750531011509,0.5325300251212257,0.0035881592065402637,0.05191014856958259,0.008675055828808556,0.005557450160645838,0.005824157204990158,0.027141849362661438
Q99PQ1,1,284,S,test,0,0.6096538356405367,0.27053225267291725,0.014337684148079868,0.006513186319399736,0.08680571688487244,0.005792948000281267,5.768640815574025e-05,0.005192765078279348,0.0006601860569270825,0.00045373879055066174
Q9ASQ7,4,519,M,test,4,0.002590846010799302,0.007918263703961119,0.0008884046600871006,0.0017394118297451703,0.6592131785186512,0.19793168996496188,0.000713853216360322,0.02747599379722664,0.09952630745152964,0.0020020508466775644
Q9BMK9,4,1001,M,test,4,0.007462063391993623,0.01981411267059533,0.0007050102484928937,0.011831547956605197,0.5835948396355283,0.15830434469818672,0.0012766085288922297,0.0768505984356432,0.1364668851647251,0.0036939892693374525
Q9BQ83,0,275,U,test,0,0.9233575810293656,0.05048956213311753,0.000552192606504992,0.016978077132533277,0.0017548644209070888,0.0036289888852285962,9.156250351645431e-05,0.0006557449055919543,0.0004873082667003346,0.002004118116534185
Q9BQA5,0,517,U,test,0,0.9389229379068683,0.04748236368863038,4.004439308377514e-05,0.008991646544219252,0.0018267636113872847,0.0017027308863063067,1.6179397724429094e-05,0.0006879654801709336,0.00011955047327420171,0.00020981761833515234
Q9BQB4,2,213,S,test,2,0.004124382453854534,0.0005872512038766906,0.9370133151422906,0.010995730605944838,0.02309399252546934,0.016312248779691174,9.586613172826727e-05,0.00659074392386071,0.0010633746713776654,0.00012309456190625218
Q9BQQ3,7,440,M,test,1,0.36069802991955036,0.47043890865628785,0.002212871709158713,0.0016189714015406658,0.13906147521638665,0.019116292876804605,3.69031280409349e-05,0.0029777443246235633,0.002841383338313899,0.0009974194292927876
Q9BR76,1,489,S,test,0,0.5998892278073733,0.36958104926507895,0.00019812045799717004,0.010004099608547793,0.0058353399802033605,0.009037952074404582,0.00019202496620677616,0.003003775652860243,0.0007714334176176323,0.0014869767697102078
Q9BSH3,0,213,U,test,1,0.3097238622137337,0.4103174615571911,0.012103488055917934,0.1703789278987839,0.016287023630094172,0.03421130493885778,0.0014455553990201466,0.0260265886180579,0.007115273457957874,0.012390514230385449
Q9BTP7,0,215,U,test,0,0.47074624786445346,0.19019868925633215,0.005148441984438239,0.301571368468992,0.004687710188590665,0.008163163419433024,0.0019849014887937774,0.008036605063740617,0.00258879945010692,0.006874072815119119
Q9BUL9,0,199,U,test,0,0.8470547223788276,0.12788613767851964,0.00035920582500027656,0.016418454060852496,0.002416669228043074,0.0014430593191246657,8.399611558055054e-05,0.00033744262233736347,0.00013848618775822675,0.0038618265839561504
Q9BV35,3,468,M,test,3,0.004153144805064328,0.014609594103147196,0.001306844926669404,0.6359473746794359,0.06663676020061869,0.08276898002457404,0.0031843265332622186,0.06929126782489808,0.04093362560045694,0.08116808130187324
Q9BVJ6,0,771,U,test,0,0.9207159092398569,0.049953325560863945,0.0003904429242689693,0.019986826517539476,0.002077991100353313,0.0035072736655823718,0.00040283690663071045,0.0018773084355125952,0.0006852487427610361,0.00040283690663071045
Q9BVK8,5,224,M,test,5,0.0005772465554249666,0.0003187858191499141,0.0017642077841291477,0.012997694718666929,0.03277207640636753,0.7878157145969636,0.010464360332329814,0.09557289183019216,0.05319432707535814,0.004522694881417736
Q9BVV6,1,1533,S,test,0,0.8958487501060401,0.08870104100635164,0.0006564042552832082,0.003035182626605696,0.005102868312563425,0.0007917747181114778,6.705591933071553e-05,0.00534776049832442,0.00026109958397764905,0.0001880629734115708
Q9BW62,1,490,S,test,1,0.335975975032879,0.4850379530003094,0.002093661810802525,0.04140036183507207,0.054953794964789734,0.015349793258600258,0.0106324926092982,0.026110881957768613,0.011586632587658218,0.01685845294282198
Q9BWV1,4,1114,M,test,4,0.008623366419132129,0.011313083811203963,0.04328285990572914,0.003608823128635655,0.9110809153430572,0.00572200503636144,3.2908206534797825e-06,0.014134464140966184,0.0017864971085702717,0.00044469428569049457
Q9BWW7,0,348,U,test,0,0.9682418494874013,0.019938836670910724,0.00026927610072596163,0.0007670962092575836,0.009679528340039177,0.0002821989295608799,2.9282414549464738e-05,0.0002064611408701819,9.01961938895325e-05,0.0004952745127951771
Q9BX84,4,2022,M,test,1,0.3937965367769634,0.40948361752554474,0.028750260306010945,0.04740117131460115,0.03207323468531222,0.030844529440070965,0.0009992721460293048,0.020386987835181444,0.020386987835181444,0.0158774021351044
Q9BX95,5,441,M,test,5,0.0030560826219363764,0.0054480568659351705,0.005844911542967055,0.024179214475764627,0.353235126147403,0.4753298068553951,0.001072785961246347,0.06767995841186837,0.05128746800891795,0.012866589108566024
Q9BXB5,1,764,S,test,1,0.1391469564615928,0.7405592343666538,0.0005259261915606877,0.05079094416915019,0.034738038394402274,0.01610742912459082,0.0005097451600116283,0.0049124882557354385,0.002629465473420321,0.010079772402881982
Q9BXL5,0,484,U,test,0,0.9423300820006978,0.04916738944139843,0.00414297732508245,0.00013596001390392377,0.0036891161755958093,0.00041878635177674303,8.424220160134565e-06,5.493281206891241e-05,1.5738514931409955e-05,3.6593144384345666e-05
Q9BXS1,9,227,U,test,1,0.1323377815489803,0.6616473335043092,0.008866079335352653,0.10146690370295067,0.004973419579359317,0.052179706432855195,0.002833769016947002,0.006486562215095394,0.0073502381924007085,0.02185820647174967
Q9BY07,4,1137,M,test,4,0.06725606819734309,0.06394159558444172,0.006680421285251711,0.05447891899047441,0.6013523118829275,0.15504452015356748,0.00046903920612139055,0.028235704529851028,0.017877734539351247,0.004663685630670448
Q9BYC9,3,149,U,test,3,0.34640947004454764,0.08758603786559895,0.013223513968535416,0.5001004937221881,0.0008653978589371532,0.01062539127342484,0.01909036935486969,0.0025041117347451578,0.00937687513032979,0.010218339046823292
Q9BYD1,3,178,U,test,3,0.17752599069273614,0.12344994982327097,0.0349569411788173,0.6005627202137361,0.006568214236739023,0.011260539828136127,0.021368750454677524,0.00607460579816708,0.006883430621637927,0.01134885715208176
Q9BYG8,1,508,S,test,0,0.4405307111614532,0.33776660582197815,0.004455905180624265,0.09144287301037944,0.02666342214974274,0.043279005669562914,0.005721494861865374,0.0179009726543966,0.012112404868438169,0.020126604621559165
Q9BYK8,0,2649,U,test,0,0.43982385288251374,0.33460034217556384,0.012872900374037134,0.10631990093655506,0.05569932449951051,0.023492631468174877,0.004179218477893582,0.006574834016680899,0.008986732334323252,0.0074502628347471135
Q9C0E8,5,428,M,test,0,0.3158480887386733,0.19008073597961672,0.0013633553449282406,0.08191252666696582,0.07006350302383223,0.16807359799426977,0.005922146262179082,0.14919607645241934,0.010723620871621377,0.006816348665494124
Q9C0U6,1,555,S,test,1,0.09272880063984171,0.44324922355241503,0.005324171831253116,0.3192604765330419,0.004554006249858037,0.0413899643281942,0.020250808353299236,0.008508003277201191,0.005493179869404156,0.05924136536549141
Q9C0Z8,3,319,U,test,0,0.7347653782763154,0.12768306315250966,0.0030028180875704396,0.10421189310169053,0.004040733596435223,0.016424433010658598,0.002568446661400536,0.004798489802088033,0.00121324828237443,0.0012914960289572162
Q9C1W6,1,395,S,test,1,0.40007125908033003,0.5217913126646809,0.0004909159929390158,0.0111731959197303,0.006027487491850117,0.011086245775961892,0.00710211599933236,0.03899828593829402,0.0023420293915288213,0.0009171517453524643
Q9C4Z7,6,229,U,test,6,4.7749026310805205e-05,3.6325546944199806e-05,1.2359143898221345e-05,0.0037636564825880765,8.186087763349757e-05,0.00018519836010024696,0.9957696511177114,3.1560180183466986e-05,4.627994857686731e-05,2.535931605322648e-05
Q9C5P4,0,669,U,test,0,0.7872513492313378,0.14562685713083695,0.0012403859227689705,0.018953433163236937,0.0099877584214018,0.01114214857920835,0.011406376899466782,0.005472839781920781,0.002317345922118609,0.006601504947703073
Q9C5S1,1,784,S,test,1,0.400181730216841,0.4980342034747957,0.0008753939608987855,0.027553718016859026,0.041768947788549664,0.006368052990295712,0.013693465587067808,0.00536243876490982,0.0018532091956082787,0.004308840004174219
Q9C5S2,5,841,M,test,4,0.24461529565975823,0.22056030847971508,0.024601608292435895,0.05008638970753042,0.3032418232457657,0.07373429209941944,0.017998921090828422,0.0251850185060532,0.02660068085355502,0.013375662064938575
Q9C5Y2,5,489,M,test,5,0.011953151287672017,0.048396734415993695,0.008087906348917958,0.12800747621086572,0.054413912931589974,0.622734271256846,0.01910108024714713,0.03696239873909722,0.013650928188475034,0.05669214037339527
Q9C658,1,611,S,test,0,0.7488744397338629,0.22136685389676977,0.00038306383636539903,0.006789968399810062,0.005329507543085461,0.006789968399810062,0.00019873088117352788,0.005762571582497359,0.0011436172527894254,0.003361278473836016
Q9C8J6,6,527,U,test,6,0.01263289048972476,0.01686712339105601,0.0026069441573529453,0.08633013736296553,0.027271304031931596,0.04252835324532218,0.7815692353804595,0.013342992281453522,0.013342992281453522,0.0035080273782803987
Q9C8L2,6,287,S,test,6,0.0004058154518847754,0.0006139792276509302,0.0002877662722155968,0.00909312146404979,0.00042198134884795224,0.0007701024742051229,0.9873437706183263,0.0003471123575076188,0.00039026891352655257,0.0003260818717852834
Q9C8M5,1,476,S,test,1,0.4086386057636572,0.4523217184178547,0.0011211934286998032,0.014092513678356499,0.07025201777332596,0.01956551752468925,0.006351993562687043,0.0037929486408634153,0.01956551752468925,0.004297973685176914
Q9C8N5,0,499,U,test,0,0.9909983706697477,0.007219876506942495,2.7288576798473185e-05,0.00014298190704355746,0.0009507483177174091,0.00021802137413792365,3.190357839233823e-05,0.0002146412698774417,4.864715001569211e-05,0.0001475206493269508
Q9C932,0,317,U,test,0,0.9716227738340169,0.02285037675051291,0.00029677457760981304,0.0002171249260432844,0.0013938819336528573,0.0005902066970869126,0.0017347140594232548,0.00025384474454358426,0.0004120307098728972,0.0006282717672375908
Q9C952,0,693,U,test,0,0.47867384973679156,0.34747997231720223,0.000736723252993846,0.06562513915760186,0.008698989713654588,0.043322656684422464,0.018272450354365866,0.01347326033483622,0.013058732378521735,0.010658226069609643
Q9C9N6,1,607,S,test,0,0.5018040845589344,0.4160102366817822,0.0008959100881903865,0.009048371055935147,0.007923018663422005,0.003488458259781572,0.03201667035461557,0.01999642585075505,0.005488114581864264,0.0033287099047193376
Q9C9X7,0,419,U,test,0,0.956232501819909,0.0286510069292168,5.7512735023592624e-05,0.0027495539208766706,0.00955947036545549,0.0005718526744976309,0.0003309629148135076,0.0012201069795722294,0.0004384546545124972,0.00018857700612254295
Q9CA19,3,154,U,test,3,0.10347494036678519,0.09607322791430174,0.03149649964309436,0.693445881360045,0.0014250020442298271,0.011121284537724983,0.03562056748591139,0.0023864291831658265,0.004896635331023201,0.020059532133718482
Q9CAC5,6,191,M,test,6,1.6250351252196503e-05,3.0533504100671555e-06,0.000702378171623455,0.06725452154454427,0.0003188360452304349,0.0026488064555716746,0.9284200153989877,0.0004257019646674833,0.00013291063195175416,7.75260857609492e-05
Q9CAE4,0,261,U,test,0,0.9281865018544606,0.05796244155125178,0.00010108765327987337,0.0036479675766702773,0.0015088649455128732,0.0025466918024121734,0.002526873023373901,0.001983365458946152,0.0004322970450127374,0.0011039090890796266
Q9CAL8,4,710,M,test,4,0.014852792728559319,0.029769977098941806,0.00881719203206469,0.0005032955591819056,0.895871744746443,0.017246372733742694,0.013313956354886147,0.004052604486593337,0.01502787205668106,0.0005441922029059759
Q9CQ45,2,171,S,test,6,0.02494472910405756,0.025736558151736855,0.22495070689089558,0.15521130834325564,0.08340379261750441,0.17013365839072753,0.2529188591283644,0.010000150250264945,0.039243566163374724,0.013456670959818316
Q9CQL4,3,149,U,test,0,0.4356619030944769,0.11634430001576795,0.019367285216278982,0.378509636896942,0.0007538902486160729,0.008494055075953133,0.019595580298729477,0.0014306321867209577,0.008232720396778394,0.011609996569736117
Q9CQN4,2,206,S,test,2,0.0022587101254289556,0.00029168493803974257,0.9112287023533935,0.010441620176872857,0.02667012187255618,0.026774504518768675,5.480597151853829e-05,0.019665316154715208,0.002423242247066445,0.00019129164163996423
Q9CRZ8,5,162,M,test,5,0.0016931072261102426,0.0011103668436751154,0.020146003926892583,0.03296068158787327,0.01943936854391476,0.8111398442169444,0.012757211335485838,0.014259521192082857,0.07663588617604564,0.00985800895097531
Q9CUU3,0,1500,U,test,0,0.5944666808853895,0.3232059151576298,0.0014281996862630505,0.012630344254564066,0.01547502060428796,0.00868070024615686,0.0007181439367523237,0.03241058409774906,0.009684020565995995,0.0013003905652113877
Q9CWH0,0,301,U,test,0,0.9241988840188518,0.060957525915102305,0.0005792201003887051,0.009167329928138563,0.001899189579750227,0.0008296945225625254,0.0005192095762869236,0.0009112412399515163,0.00018225970325745693,0.0007554454157100749
Q9CXD9,2,443,S,test,2,0.001736060188424053,0.0036466383467229396,0.6895183078063594,0.0020777917654824043,0.26583298089487445,0.015503586646428062,1.5019863357350402e-05,0.014982630893863117,0.0066032095311889085,8.377406329940817e-05
Q9CY02,1,102,S,test,1,0.26980514565524844,0.37752525741116855,0.02284997619655806,0.07894063356154696,0.007190063458227655,0.11247151113218073,0.0021253785622711756,0.0373800637494988,0.08889630097515765,0.0028156692981420044
Q9CZ16,5,297,M,test,4,0.0006419633039799465,0.0005665305952287664,0.002258245952654323,0.0026817334837216235,0.9326461450793783,0.025443579484631332,2.1290930124551023e-05,0.024089495994169166,0.01090048404319982,0.0007505311329122255
Q9D023,3,127,M,test,3,0.0001512444503438875,0.0002613270020987201,0.002578169926697286,0.925091071547186,0.0052182276383606185,0.05643091615131007,0.004056030143057593,0.0016260312002005874,0.0018425348379404699,0.0027444471028047735
Q9D198,0,242,U,test,0,0.6123380694871371,0.2675106838236979,0.0008382277493150693,0.08095123663605001,0.005595551834649955,0.013634413556153262,0.004976787166250566,0.01021170342399924,0.002425492056087925,0.0015178342666590037
Q9D1F4,1,257,S,test,0,0.8114712831509822,0.1366740565075033,0.0019802517773902916,0.0008925693762113553,0.04650100660507169,0.0011108206465754121,4.730444543578606e-05,0.00041508331320322796,0.0006039427103519295,0.0003036814672747838
Q9D1T0,4,614,M,test,4,0.0003928007622908485,0.0007690665926932725,0.1273319274424005,0.0012879441151578098,0.8303084595434149,0.013264330416833458,1.302737048391718e-05,0.02014683696670208,0.006358083060327902,0.00012752372969535738
Q9D219,0,1425,U,test,0,0.8647317119125878,0.12264504141197033,0.0004027433658457104,0.0009813454717134346,0.010550457571259194,0.00014816100156527103,5.149628376050918e-06,0.00031859624251520126,1.742096987174194e-05,0.00019937242429523132
Q9D495,0,329,U,test,1,0.3032496557331413,0.5937339635684863,0.003586067801301923,0.03607680259131695,0.019461974410416503,0.009522132530893916,9.408386496514134e-05,0.029560271512041693,0.003475736111880003,0.0012393118755563276
Q9D563,4,222,M,test,4,6.411910815142927e-05,6.312503042864179e-05,0.003066886258821984,0.0004926528849794205,0.9118605382205488,0.027535802134265833,1.0145115224337962e-05,0.03480851325854734,0.0217826127293574,0.00031560525967481664
Q9D6I7,5,428,M,test,7,0.007595874531498998,0.005471103140550156,0.16756231413759828,0.025298123169078462,0.07611860775986191,0.2741136441448494,0.0012595195518788874,0.3957292577560135,0.044226491920453644,0.0026250638882167505
Q9D6Z6,2,183,S,test,1,0.32215318733148673,0.32467988764534816,0.24508122816705338,0.04309075759014745,0.049597159164883844,0.007635739079488926,0.00034614061993472334,0.002478961420632605,0.0017037637230370713,0.0032331752579870606
Q9D7G9,1,263,S,test,0,0.5711383985450005,0.23808590269123583,0.020321796307067052,0.006007112271453579,0.14668047854120328,0.0107088343556411,3.329432098612802e-05,0.004360695030523597,0.0005047871528575918,0.0021587007840313467
Q9D7K2,0,161,U,test,0,0.5601005932463335,0.3560215990395269,0.0030324364764576566,0.03687056010649923,0.007989405343720994,0.013590437762997322,0.0012252151024036756,0.010420149718372849,0.006125689711656845,0.004623913492031033
Q9DDT5,0,1084,U,test,0,0.8600220234078222,0.12008598568927062,0.0003590505616737173,0.000821875074616624,0.01039102526492199,0.0020987313548979395,0.0004907639559012968,0.0021317816630500364,0.0034065771012036223,0.0001921859266419367
Q9EPK6,5,465,S,test,0,0.40585787719495847,0.3812681886304708,0.0038564730573482494,0.055357689378481595,0.035602265523225596,0.0626060764076482,0.00011645538788442333,0.036589195545405524,0.013046281000156574,0.005699497874420582
Q9EQ14,2,196,S,test,2,0.018701742619918256,0.005173039940158861,0.7156190715438326,0.05024434189476038,0.10720153065955611,0.05265562187013638,1.0882469482123522e-05,0.03674594911005245,0.012409478256429551,0.001238341635673231
Q9EQJ4,0,579,U,test,0,0.9443418781090299,0.039283353009384375,0.00029298415140764736,0.006439108266150193,0.00862940662091694,0.00038814092752268884,2.3676749563165597e-05,0.00018916479496227864,6.436007835156825e-05,0.0003479272927112259
Q9EQR5,4,269,M,test,4,0.09090221063085831,0.18798211495881303,0.006533688962558231,0.0053744661487966925,0.698438237541091,0.004706040094592334,1.0516413496213425e-06,0.004855426100422609,0.000265496612275343,0.0009412673092427531
Q9ERP3,1,366,S,test,0,0.5366014822133016,0.30814433005467096,0.002815826321892961,0.012136206925787575,0.05503183959318909,0.01954570779305627,0.00032090206417916017,0.053338691432323386,0.009378133313557257,0.0026868802880417593
Q9ERU2,0,237,U,test,0,0.9467940649807638,0.029613724972122554,0.004249628905304508,0.011328258656859318,0.002989987146047454,0.0012175390004968607,0.0028754426362124805,0.00019875778352497248,9.099794304159774e-05,0.0006415979756264129
Q9ERZ0,0,503,U,test,0,0.9421656876715114,0.04475960757467301,0.0033913497783423854,0.00023487689341572881,0.009058014418126892,0.000257961772691656,3.003224159686166e-06,7.745416821386708e-05,7.912441139299757e-06,4.413205772601989e-05
Q9ESC8,0,1160,U,test,1,0.4449014226301513,0.466252668556946,0.00020721004111821765,0.013970042136765483,0.023717473723296245,0.010837462596567678,6.125117340979446e-05,0.03325159148301824,0.0028604461793267635,0.003940431479400212
Q9ESP5,0,455,U,test,0,0.9414726955565359,0.040407193935522376,0.0006582439849338336,0.01316963852443474,0.0029270871575022353,0.0006379919088984056,1.0152303316489306e-05,0.00010578943845848575,1.1869244769868886e-05,0.0005993379456277098
Q9EST4,0,264,U,test,1,0.17934120674303294,0.4837061727194903,0.001588400539499085,0.25489525389638595,0.003259186576909961,0.027718571587099502,0.007230821457873424,0.013093326019762309,0.0054581103082140215,0.023708950151732515
Q9FE22,0,292,U,test,0,0.9846645071962976,0.005877945150869397,0.0015758597411021941,0.0006367048529566065,0.004677162075349001,0.0008978978216474784,0.00020670781824856177,0.0005888557688102612,0.0003861810284496162,0.00048817854626925935
Q9FEE2,1,480,S,test,0,0.3750509724250292,0.3495859282927385,0.002111448900163626,0.07619622422532629,0.03861436662292644,0.045144767689457604,0.010891682706090092,0.03251655748815578,0.06027617579962058,0.00961187585049187
Q9FEN9,0,228,U,test,0,0.9667677819008781,0.022296441091818962,0.0010146902039405584,0.0017126139503908623,0.0020983385619252402,0.0020658067640992837,0.001223950016149344,0.0015963318012484741,0.0010801320329940469,0.00014391367655514157
Q9FFA2,0,426,U,test,0,0.8993463394152884,0.08904734568279088,0.00027469831178217135,0.0016566429628395835,0.0029532852371057395,0.001212025903944214,0.0033204678205677905,0.0012901948437303223,0.0004600331268918067,0.00043896669505908646
Q9FFD9,5,368,M,test,5,0.00705272504304794,0.0041460831770042455,0.03075554534246544,0.09057230325227755,0.13517078492922105,0.5346107974398632,0.03099676347250861,0.1174384109059287,0.026930454591717994,0.022326131845965266
Q9FFH3,0,466,U,test,0,0.976544545809076,0.014770236568286675,8.81707861548899e-05,0.0014454132865753461,0.003734500557720877,0.0011082368963907605,0.0002715851425745797,0.001246024215208528,0.0002511752073818676,0.0005401115306304456
Q9FFK6,0,810,U,test,0,0.5660281256784476,0.2611790632252817,0.0009058729749781145,0.034393325906483904,0.01763514639102205,0.01791285561060323,0.011565409754896469,0.06747051418355828,0.015084138341147201,0.00782554793358143
Q9FG00,4,491,M,test,4,0.0002267803288271284,0.001675692452913325,0.00041711285502839913,0.0017561107578274524,0.518324538368395,0.17912817952402002,0.005242778296203098,0.055926541046121755,0.2264392158791263,0.010863050491537601
Q9FG36,6,210,S,test,6,0.011628411254435714,0.002903032700960785,0.0006427133602268375,0.2984398725474027,0.0018025340550975044,0.007129160978845064,0.6725446260803496,0.0037275677674110256,0.000303596299681603,0.0008784849555892684
Q9FH18,0,509,M,test,0,0.5236140215577904,0.28246857237890094,0.0008920392835312922,0.003814767613688246,0.06848229109509966,0.01750203689244045,0.05074283587642658,0.029196128584018467,0.021277065206780004,0.0020102415113240064
Q9FHM5,0,419,U,test,0,0.9276755874869493,0.050330921067144624,0.0005051282256523752,0.0032938501647833095,0.010927427355915764,0.0015804066493111584,0.0023175130630888924,0.000832815755430268,0.0010045675838793282,0.0015317826478449727
Q9FHW2,0,171,U,test,0,0.9895696307969719,0.006693764705829522,0.0001094699932409208,0.0014994264486496755,0.001195447041242841,0.0002585335102644078,0.00030701618865211185,0.00018332773608453724,9.812826590599534e-05,8.525531315808414e-05
Q9FI76,9,157,U,test,1,0.049114132830454856,0.4120315499599847,0.0014402978895710072,0.3159155461927501,0.005608172935118865,0.007429621446516621,0.07445257700194483,0.0011393692966698383,0.0011755367422127093,0.1316931957047765
Q9FJV0,1,356,S,test,1,0.20765849571409511,0.5139596965106643,0.00047605108421471014,0.01492566774544856,0.16882516137620912,0.03781742161488354,0.010020620007916405,0.022231716259546834,0.016521209551349936,0.007563960135671451
Q9FJX3,3,276,M,test,3,0.04179434154408916,0.1351775393725552,0.09022369340788217,0.5171773493892671,0.011074396910546312,0.09317866076224787,0.03332135120082357,0.009927026111714381,0.0061158627052309775,0.062009778595643335
Q9FK07,3,579,U,test,6,0.02632308372840051,0.012482810737167624,0.0001914015151871916,0.02521597029504932,0.014794779907854017,0.0026838253191282745,0.911752102689449,0.0015777396002358381,0.003162319066274769,0.0018159671412534826
Q9FKB5,0,222,S,test,0,0.9164223089434244,0.07761240282324464,6.648541750561063e-05,0.0012447252413006788,0.002916771371251487,0.00023942315843743182,0.0007974009380979068,0.0003825971138101695,0.0002047894937704454,0.00011309549915732462
Q9FKM2,3,274,M,test,3,0.025163491930532453,0.09608545767316022,0.04521060278352936,0.6049111871387961,0.004691285846152418,0.09884552543137082,0.03426032359416798,0.009777478566167208,0.00593034122719278,0.0751243058089306
Q9FKW0,0,522,U,test,0,0.9264455735090168,0.06063017798739247,0.00017708156676620026,0.0008581127927650256,0.005256578156792666,0.0018742905791215361,0.0005627641040115487,0.002140507033018758,0.001816624949805202,0.00023828932130984544
Q9FL03,0,584,U,test,0,0.678439804816765,0.12697807119944413,0.004097678752026989,0.006862321492352058,0.036808662596457896,0.012720734046856199,0.0864225711765848,0.004227753318090501,0.024045598075388346,0.019396804526034057
Q9FLV9,4,635,M,test,4,0.01551836684285207,0.03986041238772078,0.0015607232021210306,0.0029158147847992287,0.7477167930511267,0.09358774233872527,0.0002283842685727843,0.013910574244272113,0.0838914962611178,0.000809692618692264
Q9FM85,4,408,M,test,4,0.1690312578718656,0.1401318423181861,0.003269938198839572,0.00522534674943544,0.6429205364697004,0.013343389720076272,0.00902858911122015,0.005738920378504357,0.008682709886107679,0.002627469296064468
Q9FN48,6,387,M,test,6,9.3699298912928e-05,0.00020788098696277788,0.0007544795276746517,0.1471879399966105,0.0005606815356621903,0.003277309853106003,0.8470082070854122,0.0003944887609197066,0.00016444737429514275,0.0003508655804438
Q9FNC9,3,99,M,test,3,0.00019961621477751165,0.0003091715877653878,0.004632851516321771,0.7760882876094506,0.005856472459563633,0.07928240944602291,0.08053093302327433,0.04210656828392421,0.008194678360011282,0.0027990114988883444
Q9FNF2,6,652,U,test,6,0.009615196281132426,0.018033859075171865,0.0019081939971050523,0.0636863136693631,0.010155669800111096,0.013040138904951213,0.8587966888242538,0.010684705746115509,0.004759866459816267,0.009319367241979704
Q9FNJ8,6,425,S,test,6,0.02034018535670591,0.04068900221092484,0.0023316654549189997,0.18961967289460302,0.0070156635765810885,0.0042885890622660966,0.721229782573318,0.00350024476903183,0.0033399569382058284,0.0076452371634443276
Q9FNJ9,6,482,S,test,6,0.004396998711196023,0.013438312098520935,0.00011763466109786773,0.05212155264583836,0.0010004535838517377,0.0015616859032464815,0.923876567194477,0.00042361870122579586,0.00045804099415366434,0.002605135506392142
Q9FNZ4,0,112,U,test,0,0.9381024811966175,0.041540618872850675,0.0004369153454651944,0.0020361214355106537,0.007079054582226916,0.0021007547563518,0.0032537127756449,0.004378348577029084,0.0009846038856758835,8.738857262736328e-05
Q9FQ24,1,257,S,test,1,0.37062653609151547,0.40388590048799045,0.0005931517656229117,0.07588791653003031,0.04366396311955538,0.019796544260245904,0.0029655720397171294,0.05988589736386866,0.019951812508510785,0.0027427058329429813
Q9FQ25,1,260,S,test,1,0.38943139625320666,0.40179328065815567,0.0008452483649656261,0.07808157983425958,0.03552215256546979,0.020161005206429522,0.0074168189292964275,0.042847895129767596,0.018213950521637465,0.005686672536811618
Q9FRK5,8,617,M,test,5,0.04891203126219014,0.04649022741305431,0.012909870072207955,0.06280429115085481,0.16131884370449995,0.3772817075509374,0.041511101100014,0.19573116922272346,0.049103470211399707,0.003937288312118317
Q9FVC1,0,240,U,test,0,0.8132586533563089,0.12088010681847033,0.0018643719703917792,0.0058788531505004635,0.02076108919722823,0.006113040284213922,0.01796722369541911,0.007548597779344613,0.004760840357129616,0.0009672233909930184
Q9FX32,2,942,S,test,1,0.17225350976967493,0.24674176449500873,0.005757652868406261,0.2382179722006452,0.046725021270372175,0.13746664356918312,0.037544605562225254,0.08493922915818558,0.014702680048104173,0.015650921058194576
Q9FX53,0,406,U,test,0,0.9412580897638477,0.02875857669801213,0.00020386797207965765,0.0016805016604758032,0.017460000840614918,0.0021747305468505494,0.001210419988305088,0.0047500485262440455,0.0018456700817775906,0.0006580939217924787
Q9FX83,3,222,U,test,3,0.0005606109926082798,0.0016477274811946099,8.597248529520576e-05,0.8945064095273355,0.0008415769129999638,0.041511045545967,0.05718387748598853,0.0021157238035151905,0.0009686490616257523,0.0005784067034699671
Q9FXH7,0,345,U,test,0,0.9926753765054726,0.0033574935936856957,4.797399075284942e-05,0.0005798946440528222,0.001835716562156114,0.00025136571228075855,0.0006172946964747282,0.00017008255449816887,0.00028932019267984005,0.00017548154794645666
Q9FY74,0,1007,U,test,0,0.5690959461446166,0.292945492320574,0.004081844186819883,0.044924641070680796,0.03887903905358333,0.008777345175096285,0.008777345175096285,0.022589529880653554,0.00584697280605946,0.004081844186819883
Q9FYS5,0,193,U,test,0,0.959172406739878,0.03206077321446231,0.0009988838899544288,0.003379180743742488,0.0013233062398820348,0.0007365308665777784,0.0017259167222599776,6.744592408244098e-05,5.2526934406854665e-05,0.00048302872475364776
Q9FZ33,5,473,M,test,5,0.00676130013542823,0.02305257955413924,0.020343831481603923,0.04478351919894566,0.01956447092307612,0.39296291577646836,0.3550123987746799,0.05953165713080562,0.032764324138996666,0.045223002885856296
Q9GKK3,2,241,S,test,2,0.004871812926579274,0.0007206031890748875,0.9682190044309648,0.009022099548824885,0.002068907641065294,0.013490973450752156,7.477350011396819e-05,0.0009696775440021273,0.00048002514414857825,8.212262447409091e-05
Q9GL25,2,245,S,test,2,0.002472944199767276,0.0011958379197573809,0.9669623167585273,0.00278040633344017,0.010513657113717973,0.012030447023443254,0.00024105855267483515,0.0009240719200118142,0.002802213248368762,7.70469302912498e-05
Q9GL77,4,1079,M,test,4,0.08358722258947848,0.05449758148918674,0.0013171892038886814,0.04081680291636859,0.4876327858653683,0.20972825784562027,0.002104862380131829,0.06551232995773884,0.05020552548424429,0.004597442267974003
Q9GMC9,3,169,M,test,5,0.0008878777056586139,0.0016587739553795848,0.058245829699507444,0.19323193594103327,0.055146041549583844,0.5293785623283969,0.09271370381762283,0.01490044768471392,0.037975384137643335,0.015861443180460285
Q9GPZ7,3,366,U,test,3,0.014346595434356079,0.09633286760892372,0.001670498468529536,0.8519237388585627,0.0010618334325821848,0.007370584429006943,0.012986408167100925,0.002587318577638715,0.006924024115091882,0.0047961309082074025
Q9GU58,2,88,S,test,2,0.0002221015405414943,6.91978477758745e-06,0.9938928851920479,0.0003763345216287615,0.0036126509407602017,0.0009414964953467701,0.0001826957553665209,0.00014117631910525155,0.000620470775428072,3.268674997505055e-06
Q9GV77,4,3103,M,test,2,0.0038643055489997725,0.006729288999859087,0.6105022641967837,0.0042441093483866245,0.20290124628581407,0.0232592713340109,0.007276096854316024,0.025002342005462034,0.1156096534634914,0.000611421962876422
Q9GYZ0,1,1463,S,test,1,0.18172818161041587,0.6392685083032515,0.0008750927392307257,0.038692164609851046,0.05211687013082748,0.01651178835434771,0.0042405779795125845,0.04886373434743481,0.015879232208118172,0.0018238497170101106
Q9GZN4,2,317,S,test,2,0.00013360075776043136,0.0013921519525693653,0.8431127222748229,0.005052651835048298,0.09913431285977943,0.030951241586969908,2.9810359218078237e-05,0.006312737354722627,0.013169729387273454,0.0007110416318355072
Q9GZN7,0,287,U,test,0,0.38560754507406975,0.3196798898056323,0.01220316081473307,0.16780270830453017,0.026863208351760315,0.03773549987872623,0.000495875783886253,0.024844404597768825,0.010276092335403803,0.014491615053489303
Q9GZP0,2,370,S,test,2,0.007189120553412618,0.007593223742446115,0.580096119288473,0.014297272854392066,0.20047585447965047,0.06234759024466625,0.00040558242030418987,0.0973232154385512,0.029681902055714995,0.0005901189223890985
Q9GZP8,0,106,U,test,0,0.8376729544767263,0.0984947013083813,0.006915413381850313,0.0006636520782502309,0.05030617137173968,0.0033440755490846113,1.1966762963138215e-05,0.0020926691824679467,0.00029913140462396336,0.00019926448391253132
Q9GZV9,2,251,S,test,2,0.0035259742090028114,0.004353996985411282,0.8362325426399183,0.01672320693038221,0.10883623326309427,0.017741019496881755,1.4867269626819083e-05,0.00663905170642796,0.005634490462231237,0.00029861703702328954
Q9H069,1,523,S,test,1,0.3562041621009357,0.5692125718551956,0.0003738610644476158,0.007450762879526458,0.011630476778715954,0.010672726036529868,0.0009109693602127507,0.014249959429055478,0.028617535589359012,0.0006769749060216071
Q9H0E3,0,1048,U,test,0,0.9132938026060022,0.07266120801254285,0.0002461799949987488,0.005803515353959976,0.005451898697737303,0.00036383039913305304,3.129827463760917e-05,0.0015317834147237825,0.0001493157071873316,0.0004671675390771545
Q9H0I3,1,377,S,test,1,0.14839503841074997,0.5220118997458635,0.0029618538860419256,0.02568665821944713,0.037446932700329554,0.009266821155882607,0.0005227983001815783,0.21760692687811034,0.0349043735277142,0.0011966971756791698
Q9H160,0,280,U,test,0,0.9499284944038906,0.03890311347668699,0.00021227700061234072,0.002194763139825003,0.0034663615362017326,0.0011839860793755484,0.0004028309582869337,0.002930393724785845,0.0006641559942564433,0.00011362368607852826
Q9H161,0,411,U,test,0,0.9702339151272519,0.024289331906955206,0.00022369700179780347,0.0012574672745651392,0.003055046959212784,0.00036309609245842745,5.777912407637404e-06,0.0003688140350556129,2.5894809084288797e-05,0.00017695888121126822
Q9H173,5,461,S,test,0,0.4441118792001101,0.4237745375522443,0.0012280794543479134,0.041836608700814085,0.01567906765448366,0.04651286094379038,0.00010564472090105769,0.015557050436778347,0.007291443083759642,0.0039028282527704796
Q9H1Z4,0,485,U,test,0,0.6709105698904743,0.2429877190814431,0.001826471155912725,0.027854518457687077,0.024342642418949928,0.00934833613080025,0.0016892100342188257,0.007223834635173306,0.004246672822058811,0.009570025373281749
Q9H255,4,320,M,test,4,6.533397065281164e-06,3.370182970525239e-05,0.000160782427640451,0.00014188998289379857,0.9681836345624736,0.01978248045423996,3.497075344905923e-06,0.00271942868260208,0.008916662437641533,5.1389150393119025e-05
Q9H2W2,0,232,U,test,0,0.9869773190814339,0.00821190174335221,0.0005588269785553223,0.0008067608904236122,0.002624681558383006,0.00045255183441733035,1.2837907498185777e-05,0.00016136232368042975,3.489705118314718e-05,0.0001588606310728227
Q9H3J6,3,166,U,test,3,0.06277790835520557,0.08316721750276627,0.0020338199566332267,0.8334225844704111,0.0006300480459062602,0.009008756944689467,0.0046919733643784375,0.0018809760827189106,0.0005918753489612253,0.0017948399283295702
Q9H400,4,295,M,test,4,0.2236360794545107,0.32034386565760936,0.0040325343433749794,0.004714510630997489,0.4378581719865887,0.004292610815806839,7.240826878559985e-07,0.0024843722257763723,0.00037508412347943737,0.0022620466791682487
Q9H425,1,327,S,test,1,0.3131518282291934,0.5539091084995725,0.0053461444101370464,0.02958634977376294,0.06812181146125242,0.01022476862529896,0.0013517168929352676,0.015713192112772372,0.0011561847921710703,0.0014388952029039473
Q9H4F8,2,434,S,test,2,0.00198555122609765,0.000916181319972711,0.8866577308449721,0.0026718509466539648,0.07392743611369006,0.010849713745615308,7.926521513040875e-06,0.019060446874739297,0.0037826614456823453,0.00014050096106345568
Q9H6A0,1,471,S,test,1,0.2037466194668231,0.5759032021707498,0.005734867536486831,0.02779037151700849,0.10155373199912064,0.04012008887224994,0.0008933200777632719,0.016465251273386234,0.024524918211199672,0.003267628875212052
Q9H6H4,5,257,M,test,4,0.05176090112583374,0.023284945612213705,0.01799321130376743,0.10599925460613968,0.40317452155895595,0.18031080000227345,0.003570861697784186,0.15302778498186242,0.04316346688019467,0.017714252230974732
Q9H6R4,0,1146,U,test,0,0.5457786057246706,0.34153951540087224,0.012152390897167653,0.05848760992077218,0.011151659693512554,0.01524251253078802,0.00018890016321022058,0.0022655971182077655,0.00212833135322995,0.011064877197568768
Q9H867,1,229,S,test,0,0.4146004192028833,0.29862548151442553,0.002092276553235238,0.03376763080639547,0.02888298526226738,0.11482160266568504,0.052096432359206614,0.039171138529966475,0.00998169224866655,0.005960340857268388
Q9H8L6,2,949,S,test,2,0.0009459919524053236,0.00249235673179483,0.7830752015984884,0.0025916408465797413,0.1747277038592229,0.028081297724880664,1.9439734209222762e-06,0.005572903775647435,0.0023413525459960844,0.00016960699156365677
Q9H9P8,3,463,U,test,3,0.009605502743293191,0.059418272434564795,0.0028393815836381922,0.8122727303263012,0.01312916637326998,0.051372036517267246,0.015836797709938132,0.0062504201414427495,0.004067226327259185,0.02520846584302536
Q9H9S0,0,305,U,test,0,0.9610348049341939,0.032884802015365575,0.0003950020259831472,0.0014791212960462183,0.0034122970813910904,0.0002757558507418433,7.348645117096625e-06,0.00038284908015660926,2.335394528769334e-05,0.0001046651257168115
Q9H9Y2,0,349,U,test,0,0.8228514695483398,0.10139519593558362,0.002039644991365998,0.056655801556886196,0.0019462426446709901,0.007941885403544418,0.0019160689555695355,0.0021375293282242303,0.000978632307590998,0.0021375293282242303
Q9HAC7,3,445,U,test,3,0.025447769902261084,0.13490851653797245,0.0035951904702328833,0.7180016865875178,0.013150659809270965,0.01197381169544817,0.0522664541286659,0.001281904563219502,0.0026717186826340526,0.03670228762277714
Q9HAF1,0,191,U,test,0,0.8404015469712396,0.11919428645079308,0.0015724419230239534,0.007619835122149304,0.015788320765813785,0.005196276224132646,0.00025271441474917654,0.006830377174341923,0.002435445833934049,0.0007087551198224464
Q9HAJ7,0,183,U,test,0,0.9224136696984371,0.052447167574520386,0.0006653904728085794,0.009366599140298106,0.00628843686066098,0.003379131749827983,0.00019363967767170657,0.004582782387877652,0.000429608403950739,0.0002335740339467481
Q9HAU0,1,1116,S,test,1,0.36343306914471446,0.545577609742146,0.0005053368766180375,0.005518439331832782,0.06828704776333053,0.004870005100197845,0.00020100912806345317,0.010637070290345031,0.0006590836135432546,0.0003113290092086735
Q9HAZ2,0,1276,U,test,0,0.826541463729775,0.1458932380827253,0.0013022911199893354,0.0014756891890907442,0.015619187439089034,0.005191058636909506,0.000339722917529872,0.0018654459591675634,0.001498927900341232,0.00027297502538243255
Q9HBU9,4,364,M,test,4,0.009796979803046587,0.037263400723081534,0.0032560396826274013,0.030294930457014004,0.5738606432983551,0.29081842202132097,0.00016210866977425797,0.03035415884726326,0.02233808107355724,0.0018552354239596569
Q9HCC0,3,563,S,test,3,0.023781332412706715,0.12315355620764233,0.0017843552102555314,0.7086998013874458,0.005942810150396942,0.04177831361844787,0.04826296350138079,0.0024773319447739463,0.025814390906287628,0.018305144660662406
Q9HCE9,4,1232,M,test,1,0.32126519973538276,0.3815118422190286,0.00993142864298208,0.018994354338170486,0.21069082736780723,0.04197652737320415,0.0004944567013996076,0.004840192535697991,0.006023716255177582,0.0042714548311495164
Q9HCY8,1,104,S,test,1,0.2597315367369836,0.48904816369455195,0.009837592232501432,0.03727199217482919,0.07004246266533802,0.03771134547151147,0.009837592232501432,0.016734307992254265,0.0685536876183972,0.0012313191811314376
Q9HDW0,1,430,S,test,0,0.45092851024761743,0.4042097010266844,0.0010833508144047726,0.014159295744205196,0.01875801885162446,0.039633243259125595,0.0034428813984817104,0.03708682835218127,0.0289397184955439,0.0017584518101312235
Q9HDX9,3,526,U,test,3,0.16074985625537658,0.11899342296272196,0.0024218625083094283,0.6210502545449005,0.001276231979620164,0.0534776337094965,0.0017997756266192907,0.009960223220291685,0.010769568557755625,0.019501170634908246
Q9HDY4,0,1183,U,test,0,0.8970168783701385,0.07656477589389042,0.0001883081869868602,0.014621565004406891,0.0014133313824466738,0.004154012241507558,0.0012088865341609992,0.0030154895675499538,0.0012088865341609992,0.0006078662847511142
Q9HDZ5,3,388,U,test,3,0.0581233695683253,0.17746594792010517,0.003555950990366076,0.6267185297274015,0.011212846418274086,0.05967630527934572,0.020623579904621284,0.02046308508313308,0.015088532327260684,0.0070718527811670946
Q9HE09,0,783,U,test,0,0.8697923010755709,0.09025414606519237,0.0009272839668582553,0.01107813365551151,0.008729358722441872,0.005592237428011327,0.0029012145034627655,0.005592237428011327,0.0037838970850847873,0.001349190069854822
Q9HEM6,7,522,M,test,5,0.0011419685778893507,0.005280409145665066,0.1427191407172916,0.012866520454324558,0.08966090717831109,0.4129715007116574,0.0030086862846931354,0.1920495956956311,0.1383281264143042,0.0019731448202324874
Q9HFP8,2,284,S,test,2,0.0008236849078329532,0.0022742666714173276,0.8892760851100555,0.0008109148455516887,0.06099063143124766,0.006632423477796734,0.0030129142031922007,0.0006315410703813701,0.035023972306458345,0.000523565976066179
Q9HG09,9,425,M,test,7,0.1364799727126213,0.19322091188060328,0.0031847231769281,0.1136996886074102,0.0419505011694699,0.1561697411095325,0.020128069286152173,0.29577982191543234,0.02544426339093946,0.013942306750910722
Q9HGM2,5,171,M,test,5,0.00998162861573357,0.005599185419516177,0.0009729925765110596,0.16882643286872945,0.0038183131669715167,0.7333486159780014,0.000459609121649823,0.0583448565379551,0.010501598121979509,0.008146767592952363
Q9HGM4,5,250,M,test,5,0.00017211987383430346,0.00021420664894032697,0.00021757991404736977,0.009215663705926086,0.007149184990747709,0.8727820410847335,0.0017519831712222498,0.0919905505698909,0.013149363728905721,0.0033573063117519025
Q9I7I0,0,575,U,test,0,0.8237610962832177,0.14314819711565493,0.0007511728824479292,0.02077405317631828,0.004356604951851492,0.002994247678557306,0.00035482894929114337,0.001979076979800485,0.0012579777835175796,0.0006227441993431636
Q9I9E1,0,472,U,test,0,0.9368541471226542,0.04850128039856885,0.0009382654910820848,0.0038587377424864904,0.005953229644611003,0.0014993440495948132,3.1117889049642696e-05,0.001096943420342451,0.00013516994991474182,0.0011317642916956307
Q9JHH6,2,422,S,test,2,0.00349398743620697,0.014369474504794791,0.5606902752245746,0.01101745741403581,0.04498006707378794,0.13111091950261844,0.0010994319869175565,0.07004168522829879,0.1606404458820007,0.0025562557467644215
Q9JHW9,1,512,S,test,1,0.012721722899888443,0.5451840541814529,0.008343109510510635,0.2308454674256022,0.009453981841621122,0.013648416865821146,0.040587789410666805,0.0010042575421447411,0.007192209863679192,0.13101899045861284
Q9JI66,4,1079,M,test,4,0.08557066676010813,0.05595443629657143,0.0013777287083761092,0.04652396409801804,0.479142834732175,0.22108809076102454,0.0019127868210142604,0.05841113869035213,0.04535755703077771,0.004660796101582634
Q9JIE6,2,140,S,test,2,0.004062335731062836,0.004224160489280676,0.9193189133101494,0.004257291360658348,0.03620720140074397,0.006619628940063374,0.0007514565264299655,0.006856489897231663,0.01758362464742372,0.00011889769695611363
Q9JIH7,1,2126,S,test,1,0.30039449731532375,0.5439442252261418,0.0005983057622838551,0.006382336205525102,0.13329927270623626,0.005009552797020777,0.000398557593513721,0.0066365793454271444,0.0014352610653542125,0.0019014119831733552
Q9JJK1,4,265,M,test,4,0.00013668628851721626,0.00035453723357242983,0.004734399879697834,0.00035453723357242983,0.6931060859652919,0.09677929947155423,0.0005078511392246452,0.08149633873426089,0.12234049394372826,0.00018977011058016172
Q9JJN5,2,457,S,test,2,0.0023540131690810017,0.012430884651688696,0.6425833471844971,0.005473244781188748,0.16120616519239436,0.055711361957115124,0.0007292392380300428,0.023961157970713246,0.09403072087804583,0.0015198649772459145
Q9JJW5,1,264,S,test,0,0.5764032717725918,0.3208167617186535,0.004470197573405921,0.038843543115198775,0.015602522842077762,0.017136019066371404,0.0049868655458256686,0.007906973520293768,0.006110035936688792,0.007723808908892694
Q9JJZ5,2,550,S,test,2,0.0017253801774958144,0.000649784132630993,0.9588742666910184,0.0011404066571071435,0.029874640882148383,0.003154919728064893,4.73397517663112e-06,0.003411281596724682,0.0010881836825598265,7.640247707320502e-05
Q9JKA9,4,863,M,test,4,0.13405961785067028,0.2645346423014507,0.005405123142624249,0.013273700573392161,0.5513375194503053,0.020161069172673764,0.0006159879618026179,0.0041442516566578816,0.003954472337463251,0.0025136155529598453
Q9JKN1,7,378,M,test,4,0.0014893199230752616,0.0020040992683492626,0.0005652821152374882,0.001512773302553759,0.45353372913006484,0.1950624394328483,0.00019535627088393395,0.041856921312060945,0.30211862274124385,0.0016614565036823417
Q9JL61,0,658,U,test,0,0.9084373623043634,0.08189811476848229,0.000868142864961807,0.0014883429829553904,0.005370207543664867,0.0007425618750463125,9.796069110861008e-06,0.0004720010573576333,5.8161941860807785e-05,0.0006553085921966133
Q9JLM4,0,1370,U,test,0,0.9568561644199086,0.04011611528352877,8.913556417731532e-05,0.0002105100225272801,0.001531355273027195,0.000819675368634925,3.5658710116326845e-06,0.00012969148157504756,0.00011808542728600038,0.0001257012883232704
Q9JM73,0,504,U,test,0,0.9419096609476683,0.03680824543104635,0.000900130474178378,0.003574018781470183,0.01481389612540572,0.0006483396452868924,5.490830790895257e-05,0.00045261400533727224,0.0002922295582669323,0.0005459567234311154
Q9JM80,4,424,M,test,4,0.11158945107369478,0.21509429226312923,0.0007174525912927519,0.000470516841144531,0.6625370798771897,0.0035591224635619545,6.016206334378186e-06,0.0052191082828633596,0.0007402269200811691,6.67334807081699e-05
Q9JMB1,0,375,U,test,1,0.11867831918189192,0.7891432226952249,0.009115810714044945,0.04447152939583405,0.02046270901461725,0.007099400436445429,0.003275835030021107,0.00251166993895165,0.0035420226275730453,0.0016994809653957223
Q9LD83,4,556,M,test,4,0.006687172925329204,0.020597943331138773,0.0024988138192972094,0.003579385921785205,0.6210683967692185,0.18215876194244762,0.007402025841153739,0.02728783990924422,0.12519576717080136,0.0035238923695841387
Q9LES2,0,478,U,test,0,0.9100848729930388,0.07588073856035228,0.0009403885645530878,0.0022735680255563336,0.006108197114959271,0.001526401311037627,3.319977729691318e-05,0.0017845440300281621,0.0005884801111025922,0.000779609512074958
Q9LFH9,4,715,M,test,4,0.024511398405143082,0.07246637243125999,0.018647290505739527,0.007302383790225017,0.41783049118941895,0.0624699211334355,0.24276819486029175,0.01697855046514584,0.12017897348600942,0.01684642373333093
Q9LFS2,4,641,M,test,5,0.011390908633186269,0.01374005900272873,0.04191106934766281,0.007890252404731265,0.2532502117426195,0.25523650672951814,0.011390908633186269,0.23239548528701526,0.17135767656637113,0.0014369216529806488
Q9LFU9,5,149,M,test,1,0.29831910133361816,0.5194918513298035,0.002601208630949259,0.06896468251943588,0.008266624063253403,0.025562653318047523,0.03719343990087509,0.02429695799946785,0.004092275630682707,0.011211205273866653
Q9LG05,0,485,U,test,0,0.9787286327732195,0.013531286003603074,0.00031822532139479614,3.800659685935671e-05,0.004805918222875486,0.0006328666225545758,3.05391580153393e-05,0.0006896589630772418,0.001154961507429863,6.990483097075016e-05
Q9LIB2,6,962,S,test,6,0.006007479012098892,0.010899405965781492,0.0008790884611663422,0.060673388343608005,0.002686710808337934,0.013577783300403778,0.8915889725569813,0.0037011005215028224,0.0030444424901805967,0.0069416285399388445
Q9LIG6,3,283,U,test,6,0.005217596331990433,0.004291877458813646,0.0003195210822327654,0.46420115586511246,0.0012637304351341071,0.003938447966941446,0.5178538336786227,0.0007200519256610468,0.0012248494610809858,0.000968935794410457
Q9LIQ6,0,234,U,test,0,0.9112682093228179,0.05780207952676705,0.0006573506218291125,0.00862513924635624,0.003417467604961143,0.003812460590162287,0.0010669853944865093,0.009003827102028373,0.003312322918978067,0.0010341576716132634
Q9LJL4,6,330,U,test,6,0.016499575872168663,0.012840476388761877,0.00020958371988282726,0.10198930304382926,0.002019788683146655,0.004659603531924011,0.8539459442959176,0.00383288567960405,0.0016229458321702194,0.0023798929525948565
Q9LJR2,2,271,S,test,2,0.005296712511873681,0.03393708022490681,0.75010356038826,0.02127880138394957,0.03144802761978164,0.07543989689279794,0.006389054658737926,0.019223793508572132,0.0522812097975274,0.004601863013592893
Q9LK31,7,426,M,test,2,0.04491973228872221,0.10839006888285177,0.212424796634543,0.10162437555753626,0.15465630360459828,0.12524449638658022,0.08726414163017061,0.06510301582361734,0.04744469303720157,0.05292837615417874
Q9LK72,2,276,S,test,2,0.004384763479624809,0.03152534695610634,0.72597145053876,0.014603490744018354,0.038512668983606904,0.09411730490187097,0.008788537115385953,0.013296630985288741,0.06583292693404719,0.002966879361290717
Q9LKA4,0,404,U,test,0,0.8098864796002011,0.1645384181751707,0.0005075774539205262,0.0041840059063283416,0.011088166715353879,0.0013797388356361513,2.9544552458192383e-05,0.003992406304343526,0.0010578823590194739,0.0033357800975681454
Q9LKX9,0,867,U,test,0,0.7828057770861689,0.2010411564233579,7.0678393602924e-05,0.004897210508139287,0.0031007206106448333,0.00382887915745098,8.796067820999972e-05,0.0018806822770460181,0.0016858327051910249,0.0006011021601881312
Q9LKZ3,0,1013,U,test,0,0.8713914677695749,0.10906743911266645,0.00010753824524677635,0.0037320821917914463,0.0034247510788720436,0.0033716552115609427,0.00047448096960218315,0.003850551319819255,0.0028171233656911366,0.0017629107351749003
Q9LLC6,6,198,M,test,6,1.4610283821878788e-05,6.3827606391836284e-06,0.0006261175902958804,0.0078085595281283055,0.00012870293605953911,0.00012474315645858426,0.9912536090702968,2.3714832688019296e-05,8.588942711074222e-06,4.9708989007052565e-06
Q9LM71,6,232,U,test,6,9.314001230358162e-06,8.219577991497947e-06,0.00013441773756943046,0.005553278960972878,6.315432659340572e-05,4.5845120638298375e-05,0.9941504040355751,4.683374144225095e-06,1.3551792973355239e-05,1.7131072311443917e-05
Q9LMR3,6,358,U,test,6,0.01619226110464108,0.01405949609048102,0.00025952831452726965,0.09533151969509868,0.0011098618834854954,0.009625269085222992,0.8496806608445164,0.004709341090358937,0.0014475329058268327,0.007584528985841315
Q9LNI5,0,83,U,test,0,0.9665599150547931,0.02720581670022702,0.0006757840692243534,0.0009093669084677807,0.0010798998556357188,0.0005430077505804629,0.0017804537851739048,0.000391113796899256,0.0006864261166586143,0.00016821596233979549
Q9LP21,1,528,S,test,0,0.6055357482994859,0.3141478015968595,0.003227599212276839,0.007049725422157157,0.017585085782715264,0.007504393845466776,0.027882207308374797,0.003954537230342675,0.0076225702988050965,0.005490331003516049
Q9LPP4,0,128,U,test,0,0.9314078320820524,0.016214663560174716,0.0004139323529243423,0.0010570131966962104,0.009411860488028804,0.00031245250322055676,0.04060473765098691,0.00022156200972837432,0.00022156200972837432,0.0001343841464593847
Q9LQ02,0,1453,U,test,0,0.6037978894015188,0.2221248511572833,0.003882054556035669,0.13578219190145338,0.005142886925354521,0.00854568988782381,0.008090896221111091,0.003646852541311954,0.00342590115841625,0.005560786249691217
Q9LQU4,4,152,M,test,4,0.0024029672502295847,0.010356783619113378,0.1203936458634103,0.04961494610227279,0.569896207527063,0.0948679200961071,0.0008979231719249846,0.07217169380382599,0.07504670142404536,0.004351211142007507
Q9LRH6,0,309,U,test,0,0.9131029233089978,0.06771353620978562,0.00042527195112079786,0.004943623664969737,0.006704547897034813,0.0015555802939730906,0.001069133517421415,0.0023170297461308454,0.0016049595988738962,0.0005633938116919759
Q9LRY0,0,189,S,test,0,0.953776037613835,0.029948865252642027,0.00045121061208283186,0.0016248719210495723,0.00441685987397427,0.00036826736973038946,0.008426866809393316,0.0004803111839992933,0.00028680688028370044,0.00021990248300963553
Q9LS90,0,460,U,test,0,0.5777070093724231,0.28598568672435776,0.0005520823338847259,0.02422031644159681,0.03336489669837282,0.012763209079629632,0.002938257615504105,0.027338215011080674,0.019614209058221668,0.0155161176649287
Q9LSP8,0,838,U,test,0,0.4226286750637005,0.40013680253311656,0.006725249412111117,0.03310283678358401,0.03870113604363234,0.018569009560136684,0.015274450332281858,0.0265988766022848,0.029213151248859325,0.009049812420292786
Q9LSR8,4,766,M,test,4,0.023021828018714604,0.062335840370776795,0.03483091239619487,0.006443071077082112,0.6470219986519087,0.07738903787395578,0.02412666901000461,0.035656902374543865,0.08507827534682054,0.004095464879998096
Q9LSZ9,5,489,M,test,1,0.09172831386034629,0.3078980415752815,0.0031633884336654296,0.2858736189066684,0.03481614555644846,0.08890613826595764,0.01983764003189726,0.028863595516357803,0.0307251379614566,0.10818797989192065
Q9LTT3,0,319,U,test,0,0.8633847779142594,0.11868648976798087,0.00010993240684457316,0.005886014920773049,0.0029024290347688447,0.00412518324174076,0.0002255666473356073,0.0027479645194501906,0.000613153776031657,0.0013184877708151208
Q9LU10,6,448,U,test,6,0.0011770623773206998,0.0024532086371683057,0.017229370327766225,0.09350563610032064,0.002845771612046413,0.002652551032915996,0.8734027269852088,0.0004682030506551389,0.0026114268514357887,0.0036540430251619438
Q9LU21,6,204,M,test,6,8.057362187901703e-05,5.894892403779535e-05,4.6998184115437014e-05,0.0040054903297273,0.00018515672792994737,3.9886833313746136e-05,0.9955457397245475,1.4222089513377349e-05,1.336041685381535e-05,9.623148082033942e-06
Q9LUT2,1,393,S,test,1,0.05008938918489959,0.7142834677527216,0.03256992629655739,0.04006168999255737,0.014481072342742493,0.004664729824208236,0.11434825532416817,0.0010408418040832401,0.012680050010741788,0.01578057746732023
Q9LVA0,5,446,U,test,0,0.6974988604109927,0.23181468329327654,0.0020213204040936674,0.013813216287456045,0.011631894897315285,0.0072224070570282885,0.02636692123382907,0.00469971030729256,0.0019899825635016286,0.0029410035452142017
Q9LVI9,6,426,U,test,6,0.006374425019522578,0.039200919164962676,0.000682439746296336,0.098936814888966,0.002636576905404814,0.0032812730595279064,0.8348849703722475,0.0007978529607738148,0.0009775497822692523,0.01222717810002907
Q9LVV5,6,223,U,test,6,1.5768554559360777e-06,2.155305807392893e-06,4.572385386334767e-05,0.0005356910511114213,1.4500490864335061e-05,5.403393622083481e-05,0.9992972809060737,1.0860367397092363e-05,2.7732920534754886e-05,1.0444312671114715e-05
Q9LW68,0,195,U,test,0,0.7552470028582956,0.10504498415895026,0.004561583547641952,0.06408741375873146,0.034843724496822485,0.009963414710656763,0.0017586471652132468,0.004706384185705581,0.010279688134209578,0.00950715698377307
Q9LX82,0,256,U,test,0,0.9482179686042792,0.03373874494399881,0.00019905669003277053,0.00785865667992427,0.00471098461600338,0.0009349235147737228,0.0002327208738703616,0.0031381921310320274,0.00038369182028246394,0.000585060125802995
Q9LXU0,2,80,S,test,2,0.0029954790241871797,0.0001368549981723673,0.6726106784256254,0.0038462709642490597,0.054355275765659974,0.012735198575035925,0.24360343849294203,0.0008383385289302133,0.00882141557985299,5.7049645344877115e-05
Q9LXW7,0,1580,U,test,0,0.7144083006711462,0.20953527744229872,0.0012955750974266034,0.005370009391777277,0.02369359395538801,0.010270412399224018,0.019796739016395216,0.006085018350824236,0.0065794728878791515,0.0029656007876404807
Q9LY61,1,428,S,test,0,0.5149184887616008,0.1613946055522613,0.002071729092765432,0.06623621061345317,0.026866591559803164,0.02125322374475248,0.14410915484283413,0.020122147417228814,0.018755904696973465,0.024271943718327246
Q9LY62,7,334,M,test,7,0.0013095504696276968,0.0014382597022747732,0.011925371106700312,0.010101184173648518,0.027137969710153753,0.16885812388004803,0.0023345260417142076,0.7686869928152223,0.006996886107449593,0.0012111359931607252
Q9LYG9,4,734,M,test,4,0.04280064533854354,0.03958412545712017,0.0045821949768051675,0.016630539306609265,0.41897161878102174,0.3473396821296936,0.026783959353879984,0.04381563418575805,0.04849948627898663,0.01099211419158179
Q9LYR5,6,256,U,test,6,1.3345906543556203e-05,1.0232661311212694e-05,0.0001828008421921336,0.004979500100259208,0.00012224822155903234,0.00013637772516702175,0.9944645538014572,1.6870808217367113e-05,6.517964263679424e-05,8.890290656522135e-06
Q9LYT1,9,488,U,test,1,0.1487035494308203,0.495742314804438,0.05693975422410217,0.09461407421166283,0.030716692660095146,0.045043055421339045,0.03913408233555181,0.016700376474643716,0.0353546973712124,0.0370514030661346
Q9LZ78,0,127,U,test,0,0.8642374567808504,0.026405340990282015,0.0007403350639283085,0.002686958897917994,0.046889091116511364,0.00032342844082036383,0.0574497187701066,0.0002558529577623852,0.0007638358241151817,0.00024798115770538785
Q9LZS3,6,805,S,test,6,0.021851955887313968,0.08055803513604455,0.013781855454009555,0.06944536705531071,0.022811370915832005,0.016624091882046395,0.7407979080132273,0.01284610160780281,0.01467070789341489,0.006612606154997809
Q9M021,4,682,M,test,4,0.020897664003228008,0.032115049465794285,0.0343200972088793,0.0061773373371430745,0.7482688381674257,0.0343200972088793,0.03639112390899816,0.01679174591866662,0.06535108347909335,0.005366963301892149
Q9M047,1,199,S,test,0,0.6120617963458724,0.33801260467585015,0.0005325695363987706,0.03419459598737523,0.003017212020432591,0.007181589465538893,0.00041476558393782186,0.0012190639928337478,0.0008644457525790285,0.0025013566391813343
Q9M069,2,504,S,test,2,0.001260757782912677,0.0078754023791658,0.8127820410417328,0.0004937198196468055,0.08566659603182608,0.013060646000875212,0.011458642666060097,0.007485463674674989,0.05841954366489305,0.001497186938212477
Q9M0S5,6,764,U,test,6,0.01146583701808425,0.051436520082983016,0.005373929053973896,0.034230667412318894,0.013510056500820242,0.029682088048975083,0.8228791787364498,0.007402900458162315,0.019201663869586053,0.004817158818646414
Q9M0X8,0,298,U,test,0,0.9271248896883661,0.006728195350320722,0.00035242702623244367,0.0006282690662221564,0.01278034641451808,0.00045252525984177934,0.05030103945332301,0.0008454284687734539,0.0005208534017893633,0.0002660258706128945
Q9M1S3,0,261,U,test,0,0.8540797773302656,0.10773905288773984,0.0012252556854019771,0.014897545593016303,0.014552444970674934,0.002117052046925438,0.00014183365063967602,0.0017010992024869525,0.0002412671562864663,0.00330467147656279
Q9M297,0,1256,S,test,0,0.6834865591185636,0.23073491242595695,0.0014491207769351884,0.028210861309008902,0.01054162869902971,0.013748874718377409,0.008145939078818425,0.01054162869902971,0.008082546741619269,0.005057928432660868
Q9M2Q6,0,354,U,test,0,0.9636444990917987,0.02909954428276819,0.00024401451726243335,0.001831430695486337,0.0036280350469992456,0.00026384259426890896,6.365499205718155e-05,0.0008319649381538709,0.00012079594986358367,0.00027221789134156116
Q9M365,0,359,U,test,0,0.8288591170235008,0.07938798942274364,0.0034948839795275292,0.027596982947020315,0.016034419933810214,0.005498224182242345,0.017610364815547803,0.010849430720100292,0.004629969410369008,0.0060386175651380705
Q9M3D8,4,664,M,test,4,0.0072222398022291825,0.03667756140999564,0.017461135845240526,0.004245735671288563,0.7140229287844199,0.05248689609939361,0.024624148188805896,0.015052440457096562,0.12505175074288633,0.0031551629986438104
Q9M424,6,498,U,test,6,0.010327724050387071,0.006450314109766025,0.00023865264527647616,0.10574217179753637,0.0006798580999138508,0.006475559469110641,0.858128490376206,0.000445861834368929,0.0009438894873810209,0.010567478130053647
Q9M427,0,406,U,test,0,0.714770200515608,0.19693989972521536,0.0002892283143037021,0.03421466524946289,0.01512716869421455,0.004385093808919574,0.0013798311184516176,0.010684948494442827,0.0016131860781198053,0.02059577800126164
Q9M4A1,0,383,U,test,0,0.4749158326152085,0.21743232152757383,0.0013762847830588244,0.1918833434728647,0.0052758386810284556,0.023830116179137033,0.011344835389545506,0.020382976757347744,0.024017015844459012,0.029541434749776413
Q9M5P3,6,354,M,test,6,3.403898937533372e-06,3.1976671368944017e-06,5.324593740611876e-05,0.010146880164709571,0.0018192352591421216,0.010633838032861586,0.9723017765427175,0.001416821811355588,0.0031928570883552167,0.000428743597377845
Q9M670,4,366,M,test,1,0.2686579903560278,0.29737726740173304,0.03259191014146537,0.08586824941242484,0.0930272293993005,0.11588737713954976,0.02055545957551776,0.06899707970014451,0.007986990972965687,0.009050445900870738
Q9M7X9,6,183,U,test,6,1.8027683740249032e-05,5.7619940582365825e-06,4.281950600568444e-06,0.0016483559650922002,1.0191929450435856e-05,2.759652655927609e-05,0.9982745594182864,2.5172289363009272e-06,3.7788079024160073e-06,4.928495373947596e-06
Q9M815,4,190,M,test,4,0.006307302703818134,0.016359897837011705,0.09036141913804895,0.08439076953194391,0.5950128620343075,0.08555247899575152,0.0028429239471696515,0.06666087565615225,0.04789694919490587,0.004614520960890522
Q9M8S2,4,558,M,test,4,0.11574644574239819,0.11395196607383705,0.001091267026434453,0.0011084520222743122,0.7145939592346561,0.01635233577127255,0.0027009118888752974,0.008384644430163499,0.025826523233483688,0.00024349457660490838
Q9M9E0,4,656,M,test,4,0.012932251916037257,0.021573012323024936,0.01596919978463073,0.006014055468831187,0.6843533398019739,0.04190920593652846,0.09481350169139935,0.01753873534084614,0.09975260324271101,0.005144094494017076
Q9M9F0,0,311,U,test,0,0.8698276344009551,0.11409655258753813,0.00023082857700193384,0.001917663611223769,0.009130810758837666,0.0009419248094597257,0.00018260044788653195,0.0020413423102259333,0.00036314433192761184,0.0012674981649435757
Q9M9V6,6,562,U,test,6,0.006805927510526644,0.010520658271879856,0.0007695928762718165,0.07374449598167308,0.0014377889313514688,0.0024078431852844434,0.8983919066660643,0.00041842041599343753,0.0018461573783561517,0.0036572087825988025
Q9MAQ0,6,610,U,test,6,0.0040536309180198475,0.01930105897168588,0.005716535801628946,0.06491316938079529,0.009206645308613193,0.014371370149409715,0.8685286156295505,0.004486960416376317,0.0038379009838878536,0.0055841124400324614
Q9MBA2,6,326,M,test,6,0.00225380127953773,0.0017450074281811071,0.00018754996878559975,0.026560233322293028,0.0012716974317989206,0.00035038950548786445,0.9660012509752139,0.00020922711241389423,0.0007713234930313996,0.000649519483256526
Q9NH52,0,898,U,test,0,0.9122065595649718,0.0760576401460433,0.0007227018116602212,0.0016672557126047951,0.005277870511479423,0.001889248315177878,0.000700466660560398,0.0010033721000396172,0.00032574723080072563,0.00014913794666190946
Q9NHB0,4,494,M,test,2,0.007493966552192899,0.024002564147215053,0.6745853091893559,0.01898759118977825,0.06392131250788935,0.09948785992198635,0.004474851477838831,0.04987929956515374,0.052477641221192604,0.004689604227397011
Q9NJ98,2,487,S,test,2,0.006463592046045568,0.0336689432982416,0.846563531844748,0.005659710242454828,0.03547477779985276,0.04025711557315618,0.004442357530576416,0.012458900192781121,0.01315922125269321,0.0018518502194503125
Q9NP55,2,256,S,test,2,8.303901862759913e-05,0.0010853124162888033,0.9197071853451579,0.00014347856204073792,0.007742399438749435,0.019388505715177154,3.355079629042004e-05,0.0015485772109659058,0.04951028135422326,0.0007576701424787647
Q9NP59,4,571,M,test,5,0.0006133758627580096,0.0011823129700271092,0.00033873832119452263,0.007102461587569694,0.2593290230148366,0.3227401997178052,0.0006950459264819045,0.26756102056945313,0.1324523101724371,0.007985511857436742
Q9NP95,2,211,S,test,2,0.11299927996217204,0.12061794546755958,0.4373413513424982,0.09275232769444142,0.12690126579756955,0.08946075067569029,5.4395523429773514e-05,0.005462472656628915,0.00973791046022521,0.004672300419785049
Q9NPF7,2,189,S,test,2,0.009434514986115838,0.006690073044808482,0.6877581701036114,0.04531829206638729,0.11139971380452676,0.08541311601669388,4.641058845757922e-06,0.03476370984225757,0.01649353520615807,0.0027242338705949173
Q9NPI8,0,374,U,test,0,0.5918748012671963,0.10863380556187273,0.04091186607889078,0.18192737511338916,0.00831174975890276,0.029238392803621664,0.00014079435460620046,0.0032044648040889445,0.002495639821621565,0.03326111043580989
Q9NQ11,8,1180,M,test,5,0.004952723683128092,0.002778226308879024,0.021263012907588655,0.04043886112089353,0.17323088845585682,0.5377736153592807,0.0018506975824966864,0.139194922263303,0.07054054818389871,0.007976504134674779
Q9NQ79,2,661,S,test,2,0.02051040315287556,0.020996791948609168,0.5809601464174667,0.01838540446406131,0.1778763209766291,0.03670684941988183,0.022004449432653617,0.040630775867531416,0.07389686898472436,0.008031989335566907
Q9NQ92,0,184,U,test,0,0.7834461463879067,0.13614251985591216,0.004844116497498566,0.000861743428787615,0.061364246650893156,0.008175995029868445,4.2238516761066295e-05,0.0038320116071331746,0.0011239254262537788,0.00016705659898543957
Q9NQG5,0,326,U,test,0,0.698964478540256,0.24535961803477147,0.00010904167346550949,0.018681422467351685,0.0011723084969799333,0.007467329180750373,0.0006274915178987108,0.021418355537595888,0.0018443002298431667,0.004355654321087306
Q9NQG6,3,463,M,test,0,0.3645506363694549,0.1725381994733614,0.12366926203611762,0.04492145234782358,0.10967195365418296,0.06984802072044011,0.004277432641725967,0.059978009733269555,0.036951380319398916,0.013593652704224983
Q9NRN5,2,406,S,test,2,0.003947169148843974,0.00976933748578201,0.6535203613412816,0.002843039411231335,0.24041672626809932,0.03477086955147172,0.0002728382016225322,0.022559647057397218,0.031214096399757585,0.0006859151345127074
Q9NRR1,2,136,S,test,2,0.0005745393301271928,0.0002432752547384464,0.9607250831619715,0.002466609584724488,0.02041205853433733,0.005894019920703907,7.12025542208676e-06,0.004623728585364633,0.004943912614744394,0.00010965275786609475
Q9NRX1,0,252,U,test,0,0.7155235380532415,0.2511724134584455,0.0018015359791397623,0.01556289412436884,0.007525724489388,0.0021730670098648523,0.0009642926925096169,0.0020414075568758235,0.0006945538884778415,0.0025405727476882464
Q9NSA0,4,550,M,test,4,9.127372140739649e-05,0.0004782400988090787,0.0014056258088805337,0.0032809692711713596,0.9204453642315552,0.03432229837845267,9.127372140739649e-05,0.008057283076828242,0.03125080403922981,0.0005768676522582893
Q9NSV4,1,1193,S,test,0,0.6122984381767825,0.3543711608785795,0.00022914388250234305,0.0068020214311219265,0.01623772137213759,0.002140350929162718,0.00031320256278501315,0.0068020214311219265,0.00031320256278501315,0.0004927367730214191
Q9NSY1,0,1161,U,test,1,0.35069333009692155,0.5062849305476995,0.0025750001724365503,0.010026429351745992,0.10008360018189294,0.009794167756101696,0.00044746796901932946,0.012874192008561231,0.004114839072674835,0.0031060428429463397
Q9NT62,1,314,S,test,0,0.7090759865135466,0.25282883614670854,0.00020666373869559758,0.023980572791792717,0.0013903948695045023,0.008856487450124129,0.0005706168588127279,0.0010495249868259708,0.0011708298684437411,0.0008700867755453954
Q9NUB1,3,689,S,test,3,0.022065288450328225,0.09074635446627301,0.004344913006226928,0.719373555487457,0.011810698081737389,0.015769352515921795,0.04378574914303804,0.0025944662190822906,0.0018981519805296126,0.08761147064940572
Q9NUX5,0,634,U,test,0,0.7233035589262674,0.2240690000599757,0.00036998384293570686,0.02920548255340682,0.0035103091624977675,0.008161712465897496,0.0001591280457440621,0.00440291409961483,0.0036217381836428863,0.0031961726600172806
Q9NV88,0,658,U,test,0,0.49622290147462755,0.32543093218581387,0.0016042400203816576,0.11558358892563451,0.011310994608337512,0.028883633576774016,0.001734597230224171,0.009904237565229292,0.004226609710236197,0.005098264702741221
Q9NVH0,0,621,U,test,0,0.48988705801805477,0.21401580948709312,0.004140172399520865,0.16345187501987166,0.017567488476566404,0.045923977091585785,0.0017806658181524332,0.04263896748259121,0.008233715337607406,0.012360270868956361
Q9NVH2,0,962,U,test,0,0.43624633058913775,0.35884644647999187,0.001973423055254074,0.06798310965668919,0.016267099414355904,0.03377136780740347,0.001023798308062969,0.04923311529264628,0.023120209030912074,0.011535100365546436
Q9NVH6,3,421,S,test,3,0.028069492373943634,0.09008006733709933,0.00518220242949931,0.8060172780297821,0.002160263476343304,0.05347501848485841,0.0013518583701246428,0.004296196616134217,0.0022288374558684606,0.00713878542634666
Q9NVN8,0,582,U,test,0,0.6418449676890684,0.276054101257241,8.5646393730908e-05,0.06818055035240982,0.002706339050542114,0.0028362192092999073,0.001278384085105197,0.004977719232715796,0.0007171084729913108,0.0013189642568955332
Q9NVR2,0,710,U,test,0,0.6152991342426021,0.252518248373865,0.0012644136446548098,0.06587332048219666,0.010586805202390763,0.014357838515700659,0.00045084056095197957,0.026719394450508784,0.005000853212153381,0.007929151314975888
Q9NVS2,3,196,U,test,3,0.015427849708111186,0.0027877555866837917,0.0011989987599529265,0.9771223348703424,0.00027602520569813897,0.0005663669361281526,0.002162641806809335,0.00015243558940230485,1.6319605137689592e-05,0.0002892719317341204
Q9NWQ8,4,432,M,test,4,0.10634482443546228,0.20180700323877726,0.0006731325279324787,0.0002595156787794764,0.6827043161117855,0.003064277754650909,6.703080412597707e-06,0.004493466024704765,0.0005940373404885372,5.272380700622319e-05
Q9NWS8,3,449,U,test,3,0.057358870596245635,0.013570810301645194,0.004171325246832862,0.7467524207608586,0.04012123014450476,0.06811534429402558,0.018694582821668217,0.038060280397768945,0.009473954071528587,0.003681181364921611
Q9NX18,3,166,S,test,3,0.007849757258489843,0.003325419605741538,0.000649718193560589,0.9292784572814997,0.00043280560725724235,0.0047079481241213035,0.05041788325031608,0.0019246055006331866,0.0010545966975053758,0.00035880848087517145
Q9NX20,3,251,U,test,3,0.004605879448858826,0.007116330644424758,0.0007344717012159542,0.9564907954500773,0.0004524948799320857,0.0034903077638066995,0.023390586948869297,0.0014721275942504823,0.0002967533886823631,0.0019502521798822488
Q9NX58,0,379,U,test,0,0.9634824814461835,0.03455075344472785,3.8602208037986266e-05,0.0006950157719121936,0.00039600804764200644,0.000441778910534262,1.0719447395450057e-05,0.00028523393015770967,1.3764042511067202e-05,8.564275089792728e-05
Q9NXG0,1,1405,S,test,1,0.3668440242200929,0.452991897871108,0.004107231229301573,0.06312841852963072,0.02699257217611864,0.01000789355710824,0.03452402315506966,0.035619932768368896,0.0027790916779503903,0.0030049148152510178
Q9NZC9,0,954,U,test,0,0.707179171028137,0.2521524962255747,0.00101451328744642,0.010822167349191617,0.011341534271087746,0.005658501151881909,0.0005101293081327108,0.009256689577574346,0.0008410610397313578,0.0012237367612422207
Q9NZD4,1,102,S,test,1,0.13458205132828788,0.4790023044216305,0.06007138359959314,0.16107366229064474,0.004516073757965408,0.0973152249439049,0.0022356183158411497,0.014464617033274051,0.04120585503029381,0.005533209278564468
Q9NZH8,2,169,S,test,2,0.15879271678633158,0.21874624152047908,0.46308576343692764,0.04786483124294056,0.09556314201211814,0.008750949850785974,0.000853028135205067,0.0018058605212509342,0.002841017397835931,0.0016964490961251164
Q9NZI6,0,479,U,test,0,0.5975698146155587,0.3458468910914427,0.0004310617590950881,0.02455650106850891,0.020567875246671714,0.005503427706552764,5.311723451091842e-05,0.0029457726233739394,0.0007107006991941078,0.0018148379550911589
Q9NZI7,0,540,U,test,0,0.6910211819883,0.2582157692736475,0.00034259561334278255,0.010289657489528026,0.032256429907382575,0.0034872311667824007,3.9658322177746835e-05,0.0028240458713714544,0.0005474662473276301,0.0009759641201399768
Q9NZP6,0,1156,M,test,0,0.44031735996349225,0.36219518635487696,0.024076729638588548,0.008584822127425642,0.1429501115235627,0.008788405529531107,0.0010914377145880632,0.0072291446661897725,0.0010745163972685355,0.0036922860844763824
Q9NZP8,2,487,S,test,2,7.83374432552346e-05,0.0008099423885933229,0.8409400157063298,0.0013885643848046843,0.1438678830279511,0.00867375376555698,2.0876221211612677e-06,0.0013670366302245718,0.0027940415879078874,7.83374432552346e-05
Q9NZS9,5,450,M,test,5,0.041570030656094104,0.02216408614826679,0.00582719508163029,0.09079729130525588,0.0758454585317438,0.5761025617731114,0.003942877101951654,0.15087352875746401,0.025510706316343678,0.0073662643281383776
Q9P013,0,229,U,test,0,0.8976068634539133,0.0596679344116257,0.00026573181192816707,0.027105380328638795,0.0014821329794457053,0.004459535941073379,0.0032882556037627996,0.004459535941073379,0.0007933285846520932,0.0008713009438866908
Q9P0G3,2,267,S,test,2,5.3945355429438464e-05,0.0001196830019885717,0.9850735991583902,0.001235005794360238,0.010120786743725435,0.001695487225082024,6.442853795259879e-06,0.00030088302356179824,0.0012667649448691565,0.0001274018987978893
Q9P0M6,0,372,U,test,0,0.5989659681014811,0.3035411664612943,0.00909481794716838,0.01487812928225412,0.04028527608412201,0.007779210202404542,0.016859129781718947,0.0017357765031455893,0.0032428571924001796,0.003617668444010892
Q9P0W5,1,487,S,test,0,0.7065676573443997,0.22938894133804863,0.0004225463854426796,0.002015856129669181,0.05665506893445599,0.0010458124051827633,8.451459290326117e-05,0.002933053350725083,0.0007076321176218179,0.00017891740155083125
Q9P1Q0,7,977,U,test,0,0.4552036867217179,0.4481464073029971,0.0002054854578565215,0.02578134674200879,0.006647111914255535,0.019234055844940715,0.00018709662440467492,0.028315268739184236,0.007473548483094502,0.008805992169540035
Q9P278,1,1114,S,test,1,0.24349144866488537,0.6073736739334292,0.0005202968768403117,0.02448857838892333,0.09723327614518168,0.008266980088325755,0.0010028984712882186,0.006240244219646083,0.007827019564958206,0.0035555836465218553
Q9P2E8,7,410,M,test,4,0.1346251464452607,0.04616314874218949,0.013020913113143706,0.01633188431112146,0.6372625685837626,0.11470206899200794,5.1576287697479516e-05,0.024326268454310122,0.011581038950090479,0.0019353861204159618
Q9P2M4,7,693,U,test,1,0.22070212858374763,0.6537673376821536,7.461799966086702e-05,0.01783546755388848,0.036240360674564924,0.03351685288333445,0.000937889168917712,0.021937999687877414,0.013151047824788499,0.0018362979410664752
Q9P2N6,0,904,U,test,0,0.7841080942431504,0.14504541307262622,0.0009472397407713908,0.051315064944631505,0.00850887215311695,0.002740929107813604,0.0005070208519614133,0.0025349447708178066,0.0006612798829419458,0.0036311412321687678
Q9P3A9,1,773,S,test,0,0.5277079234137357,0.3487936483859473,0.0007223778370599677,0.028186847801395652,0.008938948438083487,0.035010653751739104,0.012123013594658356,0.018057172742764777,0.015445118449051673,0.0050142955855639
Q9P3B1,7,374,U,test,1,0.10578992743620101,0.5575569752551217,0.003238554976826675,0.10104407905765739,0.03401119191502312,0.11283296112852786,0.0019338295859957968,0.02411754938157697,0.055747377462332,0.003727553800737418
Q9P3B2,3,242,M,test,3,0.00014199668472978326,0.00014650414041304856,4.3306546449163786e-05,0.9689116947786796,0.00040768357044757117,0.008993355440160646,0.0025867239700780973,0.0037198133747709957,0.00045126454782447274,0.014597656946446625
Q9P3U8,0,468,U,test,0,0.9530303652859324,0.013201756961704211,0.00034032532189281545,0.00020006694354118582,0.004294362123433441,0.008432620639951713,7.133607388882153e-05,0.006716509609494372,0.013124627633100605,0.0005880294070604121
Q9P4E5,2,465,S,test,2,0.00011200354508183242,0.001658789009553168,0.879651073313502,0.0013644825963695373,0.009251982316687111,0.04018877563641792,0.009945334234272917,0.008649098136924523,0.04050398732968937,0.008674473881501565
Q9P4E6,2,453,S,test,2,0.0001287043824327452,0.00217686961493679,0.864596467949041,0.001320338081802365,0.01508098622803253,0.04075487245036455,0.004886525580566814,0.010026500349948569,0.056142209782307814,0.004886525580566814
Q9P4E7,2,426,S,test,2,0.0004344965535255261,0.00701241935606721,0.66153156318384,0.005547280386533241,0.02447574941963915,0.14645895264714953,0.006236974574217159,0.017767486975907028,0.124298102328904,0.006236974574217159
Q9P4E8,2,463,S,test,2,0.00021350056233008857,0.002856606099404704,0.817200295059809,0.003935141271658981,0.01071773537105089,0.0909738225548709,0.014606552189262925,0.013654746977180074,0.029534874485722475,0.01630672542870998
Q9P546,1,287,S,test,1,0.24385816156626355,0.4164402579300911,0.022949713091496435,0.15082467354992837,0.015896801990846074,0.015528554268880656,0.07103611181546388,0.005324761588545532,0.03313178407082459,0.025009180127659854
Q9P6I3,5,442,M,test,2,0.0005525156874463686,0.0014786087338598567,0.3618036299132663,5.556796304164149e-05,0.10863314089950898,0.1416843270187281,0.001649507245393882,0.043550190650917406,0.33988306758602604,0.0007094443018114165
Q9P6I8,7,423,U,test,6,0.02213771007207556,0.31777544729523005,0.004568374560451441,0.1579259431322134,0.01908389972843012,0.013532510498597628,0.3435971918131248,0.003969072695010199,0.008017747390412,0.10939210281445481
Q9P6L5,1,1102,S,test,1,0.26010915222170833,0.48594786941832185,0.0015833436957423009,0.05222872188834766,0.025553872401257918,0.03180230730714787,0.0037393576334822,0.03575629683926088,0.050227868500955175,0.05305121009377579
Q9P6M1,1,242,S,test,3,0.020559029843336685,0.15673403656609688,0.0014547917506541786,0.5020063707020072,0.0025934467775724714,0.19054011940169807,0.06559218677588056,0.012666051176659556,0.004921497376620925,0.04293246962947349
Q9P6R1,1,309,S,test,1,0.17144700592418827,0.7683721649732298,0.00209179843002366,0.0046047427837510105,0.03558800308806327,0.00209179843002366,0.011897228455293927,0.00121064004751868,0.00039922672341499536,0.0022973911444926862
Q9P6R6,3,167,M,test,3,0.002546603112680122,0.003690840344014109,0.003822904459330556,0.9464604601245736,0.00031257968120252343,0.005605918445652644,0.036129299409473674,0.00029826565926456143,0.000641371885599667,0.0004917568782084691
Q9P792,7,397,U,test,1,0.42519022949838764,0.4818036475286367,0.0029558510454271865,0.040407730224285225,0.01023664837255875,0.021755798768658904,0.001332306479523262,0.005522257897201205,0.008420437022427694,0.0023750931628934405
Q9P7C1,5,303,M,test,5,0.06013921538977243,0.057609840023948325,0.018413211093676204,0.2716391801527156,0.05738524226202293,0.300677163649189,0.010491530870182394,0.1634753417999866,0.05224985112970974,0.00791942362879674
Q9P7C8,0,214,U,test,0,0.5984200595171016,0.17967828686996418,0.004568993385736321,0.030500115778478696,0.009522600665927044,0.04650711917378217,0.0013505920872735507,0.039162924980308704,0.07880285851055066,0.011486449030877028
Q9P7D0,5,381,M,test,2,0.006008757777561011,0.05100327758679135,0.33584693261895476,0.049919188301558726,0.05893417853266473,0.22724542148734678,0.0036444957571727917,0.14165213783263492,0.11629250710621014,0.009453102999104762
Q9P7D1,3,314,U,test,3,0.05515785761660442,0.025927814993213904,0.0029461867433360667,0.816895943074481,0.002024882659561764,0.015497332084315625,0.06274666493645407,0.016954132899236037,0.0008310100921320865,0.0010181749006650215
Q9P7F4,3,348,U,test,9,0.009836048773322028,0.18778034957228065,0.18058660542319246,0.05454057057136404,0.019869366568190203,0.05931897433791787,0.09138287561301665,0.006059814216290534,0.015717962683560502,0.37490743224086504
Q9P7J2,0,203,U,test,1,0.28011251506801693,0.3274847089220141,0.0021554593309052747,0.22072335384136993,0.014961852300699591,0.035612308774122005,0.08033198408117927,0.01592681055624402,0.016051725132394907,0.006639281993054019
Q9P7M0,3,692,M,test,3,0.004144360242255977,0.003985592079832764,0.002417383946838044,0.8742015006246084,0.004999052745897946,0.07175882847348193,0.010749653079106336,0.016137139553289014,0.007803410572745312,0.00380307868194425
Q9P7M3,0,271,U,test,0,0.8578645513813735,0.0767369859827468,0.0002746030490246283,0.04188446292327287,0.0013306882351784835,0.009642351336509194,0.0022992228427415164,0.006105156097653941,0.0021264336356239784,0.001735544515875094
Q9P7M4,3,689,U,test,3,0.11116873604934792,0.1433021592228697,0.011093525347711936,0.6249125078019075,0.0031290727573406673,0.06187738551659199,0.0014551538215514376,0.013071367672327848,0.0236691909858791,0.006320900824471829
Q9P7N6,3,356,U,test,3,0.0029796528881401796,0.010359464908198555,0.004912617504262245,0.8933083807248107,0.0036223366961374423,0.027831874152756373,0.0017792321335606395,0.04161770174313924,0.006873987458261947,0.0067147517907326865
Q9P7R5,1,577,S,test,0,0.4859064114356987,0.2901479595844763,0.0002905850707565893,0.033916674242467255,0.005928469021474182,0.03903784623232415,0.0013863037105719045,0.09794964882050075,0.04123218772528068,0.004203914156449468
Q9P7T4,0,1019,U,test,0,0.9202648672976271,0.04992885289983886,0.00013277643694023413,0.006600605984460411,0.00299846063839325,0.005100553074575469,0.003045679625643009,0.008882086986293936,0.0023170309825401034,0.000729086073687586
Q9P7W9,0,217,U,test,0,0.6383525413482561,0.2422913121297487,0.0010540509128059152,0.10502551212218525,0.00046048073839819506,0.008421312456128668,0.001122031293726329,0.0009157752903965568,0.0007244379112140976,0.0016325457971400933
Q9P7X0,3,159,M,test,3,7.265887986216883e-06,5.8383053915202335e-06,4.1486914344034096e-05,0.9958137708545531,2.5759812098695086e-05,0.0017367192246309335,0.002078580652389626,0.00010803003924173472,3.2563449809634005e-05,0.0001499848595544352
Q9P7X3,0,245,U,test,0,0.4267588602448833,0.3297736748511112,0.02792874931684379,0.09338100449522162,0.04159974806831771,0.049208325229187895,0.006790972380406221,0.015066430947788286,0.006790972380406221,0.002701262085833748
Q9P8V9,2,460,S,test,2,0.00022742785037360697,0.0029493293460563837,0.8177672630866502,0.0017611249244053743,0.01686894399459581,0.07201614456553926,0.007892814826965473,0.015221227725321593,0.058777860783403184,0.0065178628966892065
Q9P8W0,2,463,S,test,2,0.00013635928605478783,0.0022705860382543955,0.8605209392280319,0.001141722404374073,0.01235283510459261,0.04742267246909587,0.007726433510277609,0.010837650610105642,0.051678298722449,0.005912502626764157
Q9P8W1,2,459,S,test,2,0.00010026368063545917,0.0015440722141791723,0.9206207620268931,0.0008661460809383872,0.009825776571983014,0.025115514789752845,0.0024674202454679386,0.005203164310146971,0.031013517469433576,0.0032433626105695195
Q9P8W2,2,471,S,test,2,0.0002072557773190904,0.004066411102277436,0.7336802775139798,0.002861077545666958,0.011606774755674456,0.1367816532551912,0.013783386526723613,0.013729649212025671,0.07436689285918381,0.008916621451957948
Q9P8W5,2,466,S,test,2,9.767847521020518e-05,0.002275872409843048,0.7914968976997825,0.0013696441290221328,0.01718174963137066,0.08407745885659706,0.01041108696572621,0.008589052217486957,0.07775893465459376,0.006741624960367471
Q9PT51,2,233,S,test,2,0.00010907355106402558,0.0007112488935401868,0.9408343816641696,6.615644973791697e-05,0.018058963428276852,0.002616929130767216,3.4321514933207353e-05,0.000906154551780817,0.03648010699877759,0.00018266381695268775
Q9PT61,0,290,U,test,0,0.9629106691776864,0.0268921842198001,0.00028506465490495245,0.002555684380948576,0.006325378808373634,0.00021856661487215296,4.465878172485562e-06,0.0004627055695956355,4.6535524752282874e-05,0.0002987451708937218
Q9PTT2,2,225,S,test,2,0.0011042492353782818,0.005564200053266085,0.7344821463214777,0.0023745088099974845,0.1469056709641807,0.05510948427088648,0.0003018849144453099,0.01926982901698859,0.03462161388667639,0.0002664125267029572
Q9QY02,0,738,U,test,0,0.9763715977620753,0.018306949576644176,0.0002936015002790504,0.00014995698802263983,0.003296710790664338,0.0003326940883351725,9.005617103398791e-06,0.0009932411625989206,0.00018373114171411204,6.251137256291244e-05
Q9QY93,1,170,S,test,1,0.17008049342571402,0.3802995880615074,0.008668618050663447,0.26549189590497585,0.05106742546904095,0.025879710237838433,0.02431173745474904,0.008668618050663447,0.010958159056651914,0.05457375428819552
Q9QYJ6,1,794,S,test,1,0.22526420568948907,0.44104587867466405,0.006193646206730432,0.10511625518979037,0.09538286143771238,0.046485893255152205,0.019530188219509317,0.014857782926940236,0.02954823140223238,0.016575056997779544
Q9QZQ8,0,372,U,test,0,0.49937776769602504,0.42051826272472975,0.008865017099199384,0.019212293622909805,0.02495986498699117,0.00599837047007683,0.011294325374497023,0.002072981478136986,0.0033126148504189494,0.004388501697015068
Q9R064,7,454,M,test,1,0.32472745576418904,0.6259285402840751,0.0008568317541990354,0.007118334279926814,0.02084038097767625,0.0107696953726752,0.0013479855090666325,0.003664204497106103,0.0020235658775998797,0.0027230056834859997
Q9R0E0,7,394,M,test,5,0.01450257361316805,0.06342067505999258,0.0015285599358081637,0.2550637696479116,0.018767723625755843,0.4107875186801275,0.05478561614738277,0.052944696909603205,0.010045638207354945,0.11815322817289531
Q9R0J8,8,435,U,test,2,0.0075180422478886705,0.02893239595030554,0.7092305926641006,0.011285917688266619,0.07607798180465854,0.08705363310647354,0.0008702765223377436,0.01775524183619369,0.05901859252229863,0.0022573256574763816
Q9R0U0,0,262,U,test,0,0.9436768717979347,0.039873874953154406,0.0016586994450934252,0.001122332157665635,0.010544909904051455,0.001006052112555247,4.854732745135933e-05,0.0013644089674422198,0.0005914274262846863,0.00011287590836690548
Q9R1S3,5,931,M,test,5,0.00026104639370450186,0.0013893248653098753,0.0019901161546576297,0.0030823516867712762,0.06539071942956304,0.7904227190569302,0.0009548681331325871,0.03162088916036194,0.10368089879726745,0.0012070663223015302
Q9R1S7,4,1498,M,test,4,0.011053156349896067,0.025104033379563396,0.013972497851392571,0.1869499575338943,0.386604973205643,0.29182473464589637,0.0002056336715713305,0.04820063443316257,0.019098140717859494,0.016986238211120868
Q9R1X4,0,1197,U,test,0,0.7592726425777805,0.2075735798379303,0.0003883827050880727,0.0019116867524869403,0.016084702846364565,0.006992659135817362,1.5537263762670434e-05,0.004621865739710556,0.0020995771256740675,0.0010393660153849374
Q9R2C1,5,66,M,test,3,0.0752143014906734,0.0339017424462939,0.13460880063514316,0.3318610675353895,0.037525809034415915,0.12376546441903516,0.20767336382702045,0.0394806327007963,0.013697542719043863,0.0022712751921883543
Q9S757,3,368,U,test,3,0.0025040553897293606,0.017322283248255427,0.00494115473990163,0.9055446391608244,0.0032659040317322965,0.009052743209207398,0.043868340577387914,0.0012203792582850318,0.0018608559632329596,0.010419644421443603
Q9S775,0,1384,U,test,0,0.8830406907380748,0.09907441112241784,0.0005709927219645224,0.0018146111893506756,0.005129118590306359,0.003637089493534997,0.0014580812238446771,0.002422824102612639,0.0023482815073623967,0.000503899310531134
Q9S7B2,0,370,U,test,0,0.8010711195441227,0.13812198982165091,0.0008540204327051438,0.03776045109339374,0.009110132117085935,0.0018653519725646292,0.0025897845617541136,0.004726274362400654,0.0004430599325493232,0.003457816161772881
Q9S7H8,6,569,U,test,6,0.0041115580150119305,0.006618548638169094,0.0004881866669001613,0.02815232805106371,0.0010579997467302137,0.0013691533596624965,0.9543854056130058,0.00022350813454977188,0.0016775217358292118,0.0019157900390776236
Q9S7I0,6,1307,U,test,6,0.00747670585928063,0.001306891872308563,7.910052017077543e-05,0.024659239963646058,0.0006030314674683772,0.0011623737792142352,0.9621921522263498,0.00175861520680201,0.00028485192859498284,0.0004770371761645317
Q9S834,6,298,S,test,6,0.003519480590002507,0.0019742496263799873,0.0007914614356807273,0.06287356895706442,0.0027409740268429456,0.0014786447710316256,0.9239203965223013,0.0006664773555498346,0.001065027856404352,0.0009697188587422681
Q9S841,6,331,M,test,6,4.9995008805056746e-05,5.1582026056115045e-05,0.0003217386692887817,0.004465385603701531,7.38878409928118e-05,0.0001364324209227888,0.9948634054973176,7.25895382742899e-06,1.796608294706942e-05,1.2347896140898616e-05
Q9S850,9,393,U,test,1,0.04645048016984276,0.4338773428386449,0.12456618075399407,0.10447353723728744,0.018767693749148953,0.08493637919980503,0.059877037165541616,0.012212370351715428,0.025652393340332525,0.08918658519368733
Q9SA49,1,147,S,test,0,0.49838273595683297,0.22551792069360915,0.002554690014874967,0.07801304769968635,0.05769198947994961,0.051714768066317376,0.06010745676812005,0.007392240474597616,0.011998789618605578,0.006626361227406336
Q9SA96,6,392,S,test,6,0.026750737293580292,0.017733033409984264,0.0008507132135952993,0.12333228950119074,0.004598912230038236,0.0037535232710856604,0.8105352367137973,0.0031117798635712686,0.0027461361084575547,0.006587638394699309
Q9SAA2,6,271,S,test,6,0.003908800474195188,0.0014952495875193222,0.0007287263958467572,0.0676801585404594,0.002826422719977326,0.0005947691460438063,0.9198109022877567,0.0003233703940211005,0.0004560253056030059,0.002175575148577315
Q9SAK4,3,528,S,test,3,0.0017742258096653445,0.05694661162214427,0.001666731040073848,0.8500023850357256,0.0019486058411402815,0.004674462802888736,0.043833369414595265,0.0008380849973870731,0.0036404751412309477,0.034675048295148635
Q9SAK5,0,358,U,test,0,0.9649382974857319,0.020824428961095102,0.00021563117076530224,0.0013735197923993032,0.007728506927251527,0.000752626813165496,0.00021563117076530224,0.002487123282796317,0.0009221376524290875,0.0005420967436006763
Q9SB31,0,404,U,test,0,0.9317284280108936,0.035706140306714686,0.0007857759528439387,0.0015627020128715957,0.01991231192202068,0.0012754402196889615,0.006061062251685953,0.0005316825730630997,0.0010573770911828809,0.0013790796590345497
Q9SB60,1,318,S,test,1,0.2041679664476432,0.44768921499778697,0.0025801547424342103,0.1873550604182914,0.012309228333749112,0.035340753209625674,0.058953889977130546,0.030704579042462,0.0106944434772918,0.01020470935358509
Q9SCR0,0,542,U,test,0,0.6566936419322829,0.11591331434231411,0.0070707577873317514,0.015086196961106987,0.04021535476727232,0.02195028404190618,0.10595334923285858,0.005954174757119521,0.018055811873615657,0.013107114304192096
Q9SCR2,0,209,S,test,0,0.8803431381373786,0.015385673473695339,0.00010206063549589054,7.703940867539752e-05,0.005834042482794644,0.00013104844546110679,0.09724044701700511,0.00032434800935034723,0.0005183066586279607,4.389573151553173e-05
Q9SCY2,6,208,U,test,6,1.8249852588340613e-05,6.0181625593134035e-06,0.00011355440307150009,0.004828456113302433,3.803595807638985e-05,5.078466853601637e-05,0.9949094219821473,5.653540237537295e-06,1.9426867829420457e-05,1.0398451651830823e-05
Q9SCY3,6,217,U,test,6,1.0080388878189324e-05,4.836623608204812e-06,0.00011558949110987242,0.0045367534319852645,6.174987236344065e-05,0.00011649607541093775,0.9950934454651368,4.072845888692977e-06,3.955845309304837e-05,1.7417352525546084e-05
Q9SDW0,0,323,U,test,0,0.9614841415707217,0.0169355628448108,0.00018961266468869688,0.0028747855906114564,0.011067364449736503,0.001930039856482923,0.0008366103348219425,0.00352226107288489,0.0008108705577226469,0.0003487510575184105
Q9SEL7,6,323,U,test,6,0.0001358962527449279,5.533769442025848e-05,0.0002660719436546009,0.003450473677707066,0.0004235241384770608,0.0002810279952796857,0.9948320792549445,5.3635127545398e-05,0.00039016870269814553,0.00011178521252832372
Q9SEX2,1,523,S,test,0,0.3694794999443993,0.3666041717050348,0.0009980346685007874,0.07885901365919541,0.04097148653458093,0.014896969288356125,0.08682139747478211,0.017552918893952097,0.009035467721357137,0.014781040109841272
Q9SFE9,7,341,M,test,7,0.0002453872185024742,0.0008432070070740619,0.00015355940244957846,0.011205125501504166,0.2733374739172647,0.24501814278930623,0.004022715912200658,0.3621133238966685,0.09227467269006234,0.010786391664967265
Q9SGD6,6,413,S,test,1,0.11144306211923405,0.427204894246357,0.0099687114624815,0.21314045150302297,0.013840185101263187,0.012406261203316256,0.1590124581358728,0.007763639403354837,0.012406261203316256,0.03281407562178117
Q9SGS2,0,338,U,test,0,0.8844319224516269,0.1039926814724506,8.500421629142932e-05,0.004242283586311639,0.0017615525736951927,0.0023336779779959678,0.0001856662781838082,0.0007939939648303227,0.00034149254572555154,0.0018317249328885228
Q9SGU2,1,110,S,test,0,0.35935546532261,0.1557690569033878,0.002459448403659475,0.30978377022071857,0.03714320225310019,0.1007686822777017,0.00871950146522065,0.015065947272193651,0.008191213368381583,0.0027437125130263715
Q9SHJ5,3,585,M,test,5,0.002649482315870684,0.006405627297559602,0.0005911794670949668,0.2660646414748652,0.012444009892853354,0.6794198690546526,0.009691404091865044,0.00984402178344437,0.006872235270081773,0.006017529351712465
Q9SHJ6,3,323,M,test,1,0.21485169167461157,0.47666931335133367,0.003814074231081446,0.0025013309700599234,0.036186928468121826,0.0101275609075918,0.0913299904272536,0.13031413525797625,0.029883062587276295,0.004321912124693616
Q9SIC4,6,379,S,test,0,0.6061397918410574,0.1125634300124229,0.0007437767351665823,0.1834235943628863,0.010187618578251133,0.025611670570663495,0.015656101238488776,0.02541236010452184,0.003333376230047804,0.016928280326493766
Q9SID1,0,238,U,test,0,0.907116954777712,0.08842426008329564,8.718450613086802e-05,0.0006751276264327197,0.0012035449478046913,0.0009746604480373055,0.00020590226852338898,0.0008668810540759304,0.0002297005711244659,0.00021578371686294974
Q9SIM9,0,693,U,test,0,0.703310278746329,0.16705084500474435,0.0024203766152782534,0.017199163066563057,0.020107858669506446,0.01641155657291913,0.04786086642197929,0.005990490086004682,0.010932453404332552,0.008716111412343271
Q9SIW2,0,888,U,test,0,0.8766355695161614,0.08153980393341571,0.00050024433160937,0.006287674549142643,0.006589426794826116,0.006046797739141993,0.010488822341025989,0.006190193944571578,0.004423931797854128,0.0012975350522510362
Q9SJI7,1,412,S,test,1,0.08014511757396342,0.3157443279669763,0.012830277678544059,0.038907336346370024,0.08077371564288552,0.11570300797603789,0.15511681991805543,0.06217374249198549,0.0866575437717094,0.051948110633472475
Q9SJU5,0,172,U,test,0,0.8680725199344771,0.12702707222895046,0.0002339905052835552,0.0002651459793902353,0.0017838522474469824,0.0006460685613508495,9.163200071486303e-05,0.000883070934565358,0.0005526116268789978,0.0004440359809416286
Q9SJW3,1,119,S,test,1,0.39542372213076715,0.4921127704415551,0.012710875279035428,0.014516273946054993,0.04968679099341604,0.0039376450013412535,0.026081020789772893,0.00258237084619316,0.0015662870603810864,0.00138224351148288
Q9SKX1,0,156,U,test,6,0.32019109937268647,0.0021239827386661785,0.02995743361289773,0.01139278852955728,0.014289757863163697,0.0021239827386661785,0.6171844872145401,0.0008854077702104144,0.0012882607389509409,0.0005627994206610581
Q9SKX5,9,490,U,test,1,0.1232747170841012,0.5323525810970224,0.08631211752356162,0.07835818293726753,0.02249388457492241,0.028882718493788352,0.039787625105903605,0.012040109698812647,0.029799555301840513,0.04669850818277964
Q9SKZ5,6,560,M,test,6,0.0006464912153702855,0.0008301111153044943,0.00023414356529543237,0.03757369724591205,0.04375684067751287,0.14403470713491684,0.597007248217385,0.11130138739308724,0.0493896879758591,0.0152256854593567
Q9SLK0,9,416,U,test,1,0.16933190180310462,0.6465848980994999,0.02566535566457452,0.06439679260069923,0.014623679377101797,0.007410920316976436,0.03676392645598584,0.003555798229898408,0.009368280310973112,0.022298447141186138
Q9SMR2,1,345,S,test,0,0.4867080541847629,0.31670696140575777,0.0005480449284407401,0.06371763468746292,0.008309106499198271,0.035952393643591526,0.04010779858770121,0.0236704409861252,0.006272042288453184,0.018007522788506314
Q9SMX3,3,274,M,test,3,0.02414475862589276,0.11563904211898618,0.07628360145559139,0.5326248832274615,0.00453666583028159,0.09728277907124173,0.04915629169354954,0.00610475175956829,0.0068103417428612804,0.08741688447456573
Q9SMZ4,1,1064,S,test,1,0.21361433059094892,0.5454832934352335,0.0036184550414635314,0.1250878130671523,0.0027313532887875006,0.023687640304299425,0.0360488632342032,0.0026890074481261276,0.004646188598971673,0.04239305499081383
Q9SNC3,4,420,M,test,2,0.0005838512217348202,0.0025361342306718503,0.46116964226724566,0.002273376011899575,0.16702457616895444,0.034065908367060874,0.21446382170519923,0.004521148570228679,0.11039650013534841,0.0029650413216564665
Q9SPG2,0,366,U,test,0,0.9553059780254901,0.03425754178498408,5.397586486208405e-05,0.0024241215620953906,0.0032366269207541854,0.0013492268989295734,0.00037466675830951957,0.0022772512959744343,0.0004590513342864127,0.00026155955431419114
Q9SPG9,0,214,U,test,0,0.9473860555335387,0.02849704859919452,0.00015488949906304836,0.004456357701899373,0.0061870391521733,0.0014022549580123174,7.548710941944581e-05,0.010294522475564267,0.0012569732885148554,0.00028937168262020604
Q9SPM5,7,472,M,test,5,0.005417698311655757,0.014052439849586306,0.25499235562545125,0.027837660911474917,0.13917955198816886,0.2957963228977827,0.005010552038016042,0.14529026462931058,0.10608922265298984,0.006333931095563772
Q9SPU7,0,1123,U,test,0,0.8129740377071792,0.06467981923022192,0.00574066030140243,0.07955752494156679,0.005066114584302555,0.00999676644708603,0.0014289631659352956,0.011596451622638964,0.005477775896903416,0.0034818861027633963
Q9SQG2,7,471,M,test,5,0.005488263041871927,0.013690118608368272,0.2771300470878289,0.03109312575234997,0.156675103773367,0.290429779515846,0.0052369368159216455,0.11643106384217877,0.09558670268994182,0.008238858872325698
Q9SQK3,6,315,U,test,6,0.20045253413801298,0.08944023221911471,0.008876344751186151,0.16945860863028595,0.04251241580661785,0.014407730642450678,0.44126251154192797,0.021969165181650995,0.008738729724878092,0.0028817273638746337
Q9SR70,6,230,U,test,6,6.512734081293826e-05,2.9817469478204152e-05,0.00024387527349173239,0.013211520676141873,0.0002345325660206698,0.00012952119237453948,0.9859337922223675,2.510882646171759e-05,3.486015533045611e-05,9.184427752029374e-05
Q9SRH5,3,276,M,test,3,0.03006051098351571,0.10061911338847516,0.03829808385370233,0.5370143370999985,0.007252435625440855,0.07904436157997212,0.07099342762733432,0.012531085675077883,0.0073666446507895484,0.1168199995156936
Q9SSA5,6,437,U,test,6,8.272817479669572e-05,0.00018354047993791644,0.0021799227241180628,0.004552231076833475,0.0004136148406076692,0.0007063363300995228,0.9907180463646008,0.00018936667377410034,0.0007757587432014432,0.0001984545920303066
Q9SSD1,4,496,M,test,4,0.0017532629245934346,0.001571614744713541,0.26430496301141226,0.0015963641762176727,0.6340346271041706,0.019015751583164788,0.006463468473868333,0.029712170056355295,0.04085037815206935,0.0006973997734347499
Q9SSE7,6,381,S,test,6,0.010066378254338572,0.008524472310928654,0.00040339457813426383,0.06524160855781944,0.0014987928121409642,0.0014526797746248436,0.9076963711514086,0.0011138081809935287,0.0009984111509487757,0.003004083228662362
Q9SSS9,6,234,M,test,6,0.001096317690700286,0.0009599678711305049,0.0005343025112942454,0.03602252998205878,0.0005138337867794109,0.0007360329236033911,0.9585238954863088,0.00028376596351695806,0.0010543184174914625,0.0002750353671161553
Q9ST69,6,308,U,test,6,0.0010661047515912044,0.0005695312918492082,3.3936841958937366e-05,0.052483350522162533,0.00018346082821046831,0.00042323975166097186,0.9449395028406135,4.158029007275354e-05,9.224990293175872e-05,0.0001670429789487384
Q9STX1,2,362,S,test,0,0.6433284645916784,0.1180777020365565,0.0011307774750081677,0.0003342571624222588,0.02121155456262687,0.006981179512323819,0.19316221374129802,0.009768426038521183,0.004507388242762919,0.0014980366368018752
Q9SU50,4,626,M,test,6,0.03569143385150621,0.07467848312894385,0.04288424695267611,0.042717055918475626,0.0312524671899982,0.28515581252575783,0.43142698661551954,0.012627137316928192,0.03541368364812118,0.008152692852073295
Q9SU91,3,336,U,test,3,0.039107650069973486,0.06033496862009698,0.00035045406146443856,0.8526502153852435,0.0010140724363869365,0.006929928357410484,0.030816089008540756,0.000615066026735119,0.0021135085020004087,0.006068047532147881
Q9SUC5,5,237,M,test,5,5.691907520735158e-05,0.0004339288060447909,0.00016470080571555755,0.02769841485729561,0.004757186942073895,0.9463620342019501,0.0004765775598998728,0.011912940266618887,0.0052349619499938395,0.002902335535200087
Q9SV55,0,425,U,test,0,0.8597981187607225,0.10931105738684073,0.0010225736139862379,0.002530894141834802,0.012777850700500875,0.005527980914901409,0.0016087342196989375,0.005316207463577769,0.0015592386132196705,0.0005473441847170716
Q9SV72,2,102,S,test,2,0.003661725733270072,0.000343264879586708,0.8890220707013756,0.006180332687244237,0.061451428516573675,0.003549066440606438,0.024731823028616425,0.0017162163645198902,0.009223574345118531,0.00012049730308843699
Q9SW18,6,312,M,test,6,0.0001522900947518744,0.00023958592512010225,6.918089389994485e-05,0.01425480977561411,0.0001836969247344449,0.000631224923405368,0.983846032980287,0.00021985641005958404,5.4726589801063895e-05,0.0003485954823264986
Q9SWH5,7,558,M,test,7,0.0010727160418229056,0.0023430273154601655,0.042267645828245014,0.02275719277936245,0.05566839512387406,0.22805088840030668,0.0015607926673243356,0.5823483272397669,0.0623456431679219,0.0015853714359155729
Q9SWR3,1,1088,S,test,1,0.19670954090176748,0.41481056268573935,0.01633723617650447,0.1749570942955098,0.019553111611172964,0.052122841840870876,0.04708905829186848,0.010144020298480723,0.01386523135554675,0.05441130254253909
Q9SX65,9,156,U,test,3,0.024266010189862474,0.22314608133445088,0.0008500281269546126,0.5228993901191968,0.008320847539754104,0.01572863573909282,0.10875271278463047,0.0014014593348396513,0.0019763745399738247,0.09265846029124437
Q9SX73,1,297,S,test,0,0.6266572131048518,0.27591342486108184,0.002190543634981348,0.029887220208643688,0.028630200921126347,0.00915076241749175,0.0031378089504006785,0.018923408117727403,0.00442502009005674,0.001084397693638471
Q9SXJ6,6,309,S,test,6,0.002050404605496972,0.0004466908070644386,0.00013946366071627048,0.013574239982816363,0.0011012601640427774,0.00033717989434667956,0.981835565243859,7.94639992680613e-05,0.0002093597749348859,0.00022637186745454415
Q9SY59,0,1188,U,test,0,0.8407265834621847,0.13198706964032722,0.003278517743307139,0.0034899642966361014,0.004960239105065239,0.0039546477113070865,0.0015730500997970672,0.00408018161680246,0.0021167705567414936,0.003832975767831528
Q9T041,1,864,S,test,0,0.5317983769246817,0.3302011279969719,0.0003492872731380755,0.02647668007642251,0.018922031430745927,0.00807493108454835,0.028184280551649434,0.030474473604265726,0.011123688257078818,0.01439512280049756
Q9TU31,4,595,M,test,4,0.0008514333841645294,0.001067936708274372,0.0008992929425762721,0.001553838866815455,0.9709048904948082,0.007768705040507773,2.2867893270912503e-05,0.013370786024635838,0.0033938961945848235,0.00016635245036183483
Q9TUQ3,2,843,S,test,2,0.005209988356274177,0.013646297845866016,0.8830573402035231,0.0023667439398206247,0.06447017078384512,0.01573749976233012,0.00017967424036465567,0.00896695705975162,0.005996660222940766,0.00036866758528377315
Q9TWL9,2,77,S,test,2,0.0006231992761854149,0.004008588953163426,0.9789554195393222,0.00653842964282102,0.0025830892859194585,0.0034623752970252904,0.0002990142989200967,0.0007172980052151482,0.0026340361186444577,0.00017854958278349834
Q9TXD8,2,243,S,test,2,5.386740625259504e-05,0.00035958949309282607,0.983650140156702,0.00012139206860164266,0.010508744894530686,0.001480303110986653,3.819771124540189e-05,0.00042369996329004965,0.003306723639365457,5.7341555932665895e-05
Q9TYU9,1,843,S,test,0,0.5255712390046557,0.44954494662364763,0.000854371484206342,0.008201603032568538,0.00839609764949873,0.0014762216349904448,0.00340560738277778,0.0018661189083816934,0.00023357215634856496,0.0004502221229245553
Q9U3C8,0,295,U,test,1,0.44186401087541666,0.4777689272105562,0.0018342344512898808,0.022786277807643154,0.004908666314679409,0.012244351025238201,0.0012218633947752278,0.012244351025238201,0.018095978710380014,0.007031339184783058
Q9U6M1,0,827,U,test,1,0.34824017225388704,0.4471492240000164,0.004558323486905859,0.07893616082374626,0.006632321616106952,0.04987565877190639,0.012784135724360346,0.021242786525288576,0.01093484943772202,0.01964636736006016
Q9U7C9,0,756,U,test,0,0.8692931952867218,0.10545722948651819,8.097866529346672e-05,0.0016781306732086441,0.007912642551021217,0.004669808367875879,7.146342342927521e-05,0.0041210913164383845,0.006458110533755423,0.00025734969573773753
Q9U7D3,2,176,S,test,2,0.0013745320291183873,0.0037072890678120033,0.9432802379860449,0.003297331340042138,0.021839896632687084,0.012280081632523024,0.002887239734649623,0.002319962063258723,0.008893324231502893,0.0001201052823612948
Q9U969,5,1425,M,test,4,0.14622794644954645,0.1479516383358606,0.002021655283989148,0.05432216283570776,0.4101064062310129,0.0730271069023071,0.006424807255163598,0.10740136016456434,0.050732811969724005,0.0017841045721240791
Q9UBC1,0,381,U,test,0,0.5354042519624247,0.34568297025956474,0.004087861528355256,0.05359127987793342,0.03240571092576861,0.012493514153332106,0.002154151856891859,0.005008553033487518,0.0026393220120832584,0.006532384390158584
Q9UBR5-2,2,99,S,test,4,0.0019076171183768113,0.0019991653084950422,0.026748536831251234,0.0019991653084950422,0.8452266675972255,0.05707078919084314,9.205260313342614e-05,0.022132047402027115,0.04175388255354366,0.0010700760866090156
Q9UBU7,0,674,U,test,0,0.9447962383929851,0.05007236686817941,2.7694243880589676e-05,0.0015846194732707006,0.00074269620537881,0.0004069639433428908,1.679740989500506e-05,0.002208637013373745,2.368814174529302e-05,0.00012029830794840632
Q9UDW3,0,170,U,test,0,0.7733869990198743,0.09382249222686996,0.0001811200017252564,0.11495371672419666,0.0018008873661798219,0.004634795615481675,0.0028331935756558007,0.0035259664733230485,0.0005407244787589288,0.004320104517934565
Q9UFE4,1,941,S,test,1,0.15380618960477313,0.7810923796311723,0.00035259627043171245,0.007839153262954113,0.009200770105326368,0.003045966748557332,0.0005723202296439017,0.0313087169960243,0.012047033360776617,0.0007348737903402832
Q9UGK3,1,403,S,test,1,0.22575692759702856,0.7063309527518532,0.0028866131231278297,0.009689291907908364,0.0465875750768588,0.005026738608817358,9.573550019987432e-05,0.0020151806464657053,0.000644090466919209,0.0009668943208210535
Q9UHA3,0,163,U,test,0,0.6380007702614918,0.11086789984867601,0.0004256403665130121,0.22748620236094347,0.0005215054712438511,0.006606321150091783,0.0009296840055832004,0.013345135971607015,0.0007128134423438805,0.0011040271215059494
Q9UHB7,0,1163,U,test,1,0.38173374382005165,0.5299847518717049,0.00020146256466756137,0.014917511667008066,0.019532251687752803,0.011527359408461986,6.54053195182334e-05,0.03505884743236894,0.002737987756581186,0.004240678471884672
Q9UHR5,0,308,U,test,0,0.9113059855028158,0.07480455366506046,0.0001537201933291239,0.0023858757321415826,0.007671675360229818,0.0010342005651542178,0.00043790808864704623,0.0017184819267622906,0.00024951249949967715,0.00023808646635990952
Q9UIH9,0,416,U,test,0,0.9597465777801273,0.03207996615260563,0.0003481207961429051,0.001186914207142505,0.005706861376590155,0.00024302747136251794,6.277203078405563e-06,8.268594285017204e-05,2.5614909755507943e-05,0.0005739541603449048
Q9UII2,3,106,U,test,3,0.00039949618170453304,0.0006875764289614842,0.0007038818514981756,0.9950185751661665,4.1131188686445696e-05,0.000860731314255027,0.0016591027764871226,0.00041866841912053133,6.271757451245253e-05,0.00014811909860763426
Q9UJA3,0,840,U,test,0,0.6102637223383833,0.28159044211126405,0.0009615258225853083,0.05448228486258915,0.008637202301834991,0.011532177345127782,0.0024940083393985416,0.00870494390722493,0.01162262552462735,0.009711067446964575
Q9UK96,1,956,S,test,1,0.22205753706057818,0.601261658310784,0.015289331005876098,0.05930087390063928,0.04529029451502709,0.012675300206358374,0.007809025788200982,0.010184889448854697,0.01084175875780514,0.015289331005876098
Q9UK97,1,447,S,test,0,0.5590734551322617,0.31607145074501125,0.0017246616311311653,0.02697824432684578,0.04580199659641189,0.02466011187643389,0.0009826824773347326,0.015984082951778184,0.0065088051760541984,0.0022145090867371937
Q9UKF6,0,684,U,test,0,0.5239804526171116,0.3463299366369873,0.0013825842546333104,0.04301093260367548,0.018498773246272502,0.034425516595251136,0.007832872889225257,0.010622951484056299,0.010215992379147358,0.0036999872936398144
Q9UKV5,5,643,M,test,4,0.060780313649612915,0.03928105956297104,0.009931807534297427,0.01812523254279158,0.3726883280644231,0.3393365784526717,0.0002667495607797189,0.10594605046016223,0.04794052305042429,0.005703357121866057
Q9UL51,4,889,M,test,0,0.3420096690862948,0.31630725177580926,0.004728410469100665,0.008298618852543186,0.3114033391526332,0.00925777774302845,0.00027956066055331163,0.002736593873511779,0.002065689336226968,0.0029130890502983894
Q9UL62,4,973,M,test,0,0.3641763571124251,0.33158635846267037,0.004656496004570431,0.012461429180373112,0.21745962768371116,0.022214898540212868,0.0013981336764013683,0.027006450274797106,0.016126288394260092,0.002913960670578396
Q9ULC6,1,663,S,test,1,0.16059456062694608,0.4813233105259057,0.014763593027471683,0.17845772915751368,0.019255356020292515,0.05033631029929352,0.029823277702839997,0.011231549523879935,0.013131012565309564,0.04108330055054731
Q9ULE3,1,1009,S,test,1,0.3119945223559705,0.5738457432979401,0.0010737000250465643,0.017328640420850364,0.06826890250046723,0.013286329786516829,0.00025904219327051804,0.007995854120241922,0.003205476324066001,0.0027417889756299134
Q9ULG1,0,1556,U,test,0,0.9478953152151007,0.036753890210389904,0.0001702042693802993,0.0011451024652414609,0.009439179940145547,0.001773569317289695,2.452025251911014e-05,0.0020413657760722475,0.0004848668896042728,0.0002719856642567058
Q9ULL4,4,1909,M,test,4,0.017708568157304747,0.12732015733373753,0.24830891549321701,0.04006306512197438,0.33153591037100727,0.14038112961624483,0.00015320912864297612,0.017847458157501186,0.07128077848023807,0.005400808140131983
Q9UM63,0,463,U,test,0,0.9415893243683974,0.046878972578603316,0.00026186378883370364,0.006536190130243166,0.002916036960469037,0.0013720681142051828,4.9484507732897185e-06,0.0002137269976755334,3.22679525870979e-05,0.00019460065821229629
Q9UNL4,0,249,U,test,0,0.9278172417390683,0.05748849090495962,0.0006287382676711182,0.0016308229237150583,0.003881696214103804,0.0030230682408119943,0.00040594393052114725,0.0028178096312080512,0.0020137976742791944,0.0002923904736616956
Q9UNS1,0,1208,U,test,0,0.7405775932159742,0.23303306178980293,0.000494074221059977,0.0017792295050692887,0.012398638941589886,0.007260367765096459,1.1988353617421074e-05,0.002357096268274973,0.0015701645963897587,0.0005177853431250896
Q9UPP2,1,1182,S,test,0,0.6658840322420685,0.31949464172684133,0.00044424262386010194,0.0022915776845372528,0.009869464885017134,0.0007439663909862525,6.95959139584876e-06,0.0007098977373603891,0.0001313178682723609,0.00042389924966084933
Q9UPQ9,1,1833,S,test,0,0.648197542358877,0.31590623182963523,0.0003529497538523461,0.004577122703953481,0.02270608432675181,0.0015093747308942468,0.00017201397268764833,0.003564666549618024,0.00017201397268764833,0.002841999801042545
Q9UPW6,0,733,S,test,0,0.8116036823942575,0.1501315863663313,0.0004930040553358391,0.012468816974324042,0.013169695899761736,0.004751151993054552,0.0001730607073074003,0.005425986016484936,0.0010768198634301526,0.0007061957297124963
Q9UQ49,4,428,M,test,1,0.2248487192119871,0.45776927776166965,0.0059920150078842955,0.19765469766889487,0.025227325425469623,0.023149895060196598,0.0058991179148017905,0.003157570075115634,0.004740073999911879,0.051561307874068554
Q9UQ84,0,846,U,test,0,0.888539468205122,0.0879773218452254,0.00013646720611135973,0.01614752024476524,0.002762515158304149,0.0016755503052842287,6.862002192963511e-05,0.001701936306438821,0.0001546376170613619,0.0008359630897578422
Q9UQY9,0,429,U,test,0,0.43388744759368325,0.4140182990590628,0.001127113693416507,0.03911614006794152,0.013947289299042943,0.028955315884528467,0.00770242458038194,0.016823641789377487,0.015804348357095196,0.028617979675469887
Q9UR19,2,361,S,test,2,0.00019854654955344262,0.0015616895390171102,0.9311247463252313,0.0013150743900619622,0.001883757066884842,0.004857548510044374,0.0127729643071208,0.0006929955558115785,0.043890845008191834,0.0017018327480827554
Q9URT4,0,697,U,test,0,0.6792179829210727,0.29212804726444147,0.00023144039923908235,0.007033114356132326,0.00835203066271389,0.003145403685262619,0.001878206053234625,0.0062553812542508755,0.0012908709222360204,0.0004675224814163796
Q9US47,1,547,S,test,6,0.005555405058037438,0.06741483983446062,0.002334000681713545,0.35185138956123785,0.003614971268808868,0.008083066577941703,0.5119407567107664,0.0008586308922785132,0.0037884570997078057,0.04455848231504722
Q9USH8,5,506,U,test,2,0.02843857627430178,0.05230654906407016,0.3357935631484518,0.02470786558551286,0.06458997142294584,0.22544113363190585,0.002044052169358726,0.157999251248762,0.10561055208098355,0.003068485373707473
Q9USK1,3,116,U,test,3,0.002366968232639757,0.0007851302040993599,0.0006611459054655396,0.991004720037567,0.00022145614238012164,0.0016491858066092423,0.002470890794982732,0.000472499675796166,0.00011310873545268476,0.0002548944650073549
Q9USN8,1,1021,S,test,0,0.7537359757987602,0.18761973494422896,0.00022665350267913906,0.03491011433754667,0.0023617838548466094,0.003986264815470607,0.004808352983705079,0.0045170301768406905,0.0010000421323469132,0.006834047453575164
Q9USP8,3,379,U,test,3,0.004640065935012804,0.06506284236305117,0.0073858965021848105,0.8842400965659523,0.0017069849555903448,0.003043029532425564,0.02445508039536349,0.0005899182112905165,0.001964727630127197,0.006911357909001865
Q9USP9,0,589,U,test,0,0.6923727972684476,0.2669334933074636,0.0005153029191427397,0.013394069116368854,0.005627270793310332,0.007751892969665472,0.00029823442623374896,0.010513124936136514,0.0018556769162220534,0.0007381373470091206
Q9UST7,0,1339,U,test,1,0.3420469700369123,0.39678143752846184,0.0062648089425346165,0.1680078327728912,0.0036828913074220208,0.011613121050736587,0.04141404033930342,0.0085629791368762,0.004728926262027026,0.016896992622834762
Q9USU8,0,551,U,test,0,0.8227509122741666,0.1645605208810459,0.00011151496331379264,0.0018281023804236052,0.0020077776817312757,0.0027658305275619762,0.0008112155935284875,0.003579250736370449,0.0013374682330056684,0.00024740672885224156
Q9USY1,1,747,S,test,3,0.029336069243692958,0.060193710982141165,0.001731070018772213,0.7551109910354827,0.0033367251108627084,0.019811047554749817,0.08913445613839269,0.004560762157228735,0.006635869492599537,0.03014929826607748
Q9USY4,0,527,U,test,0,0.8936561529394998,0.08779535196621807,0.0004716331072492465,0.004474730191425157,0.005568891600736357,0.003027754028352676,0.00012497033502739376,0.00275680135550635,0.0008811266913122418,0.0012425877846726006
Q9UT35,7,556,M,test,5,0.004630704723743945,0.015788336696545,0.08080865176994771,0.012987131757095371,0.12321847271998197,0.44372679323972913,0.0038389888260846093,0.12467092610668197,0.18935934576508412,0.0009706483951061765
Q9UT52,1,677,S,test,0,0.5680737367786663,0.3186604905056913,0.0009985023419476402,0.026259622877916878,0.01235580789103744,0.021600577494954754,0.0007305199814738757,0.02946688168599408,0.020531059712812477,0.0013228007295051892
Q9UT77,3,526,U,test,1,0.27705104100738,0.4639731803303781,0.001987150704982691,0.19645861459033512,0.002758885361905504,0.013474031809533165,0.011615341924093645,0.003598264773689829,0.011984052543917594,0.017099436953784384
Q9UT79,0,1588,U,test,0,0.7613608015285963,0.1766499079529238,0.00048467937467246424,0.029355858513339776,0.01036290328018954,0.0068494601006503265,0.0009639000350663516,0.009888350670335659,0.0027458957979086605,0.0013382427463171376
Q9UT83,1,609,S,test,0,0.8028296996378749,0.1848218938539125,0.00014415625587506852,0.00610578307000857,0.002005623779454619,0.0016889043881898867,0.00020649431453219333,0.0016115639896720111,0.0001487322654457779,0.00043714844503447596
Q9UT87,3,182,U,test,3,0.026357798129751746,0.00266645129241623,0.0005138952445129775,0.96615726576587,1.7177184563906172e-05,0.0015891040810360304,0.0016849975943307503,0.00020282263166770373,9.141932319293056e-05,0.0007190687526577133
Q9UTA2,3,121,U,test,3,0.05070226507803008,0.2219679759073693,0.1617621111216654,0.4590208152402766,0.01620541776202275,0.06003429280756874,0.010711127469565254,0.00975259253511412,0.006199125029291377,0.003644277049096422
Q9UTJ8,0,1285,U,test,0,0.5310847703603062,0.3946686643734365,0.0007046328318052745,0.013933507579609788,0.02279369695444676,0.007575516975275645,0.0017439829934203916,0.011372198231576728,0.010035930096261005,0.006087099603861691
Q9UTK1,3,113,M,test,3,0.0009774432429664143,0.0008899722675593211,0.001702116473102981,0.8886335584893559,0.000715112796995978,0.06641579788279654,0.00526340788222757,0.02747076966747066,0.00494451373751439,0.0029873075600102164
Q9UTK4,0,1778,U,test,1,0.39933357354314253,0.438582127212072,0.004872207718710722,0.12565588237251266,0.0065052500955571834,0.009031645440561351,0.0019685499183074153,0.0022306590005101647,0.007314049223291685,0.004506055475334279
Q9UTL6,3,225,S,test,3,0.004947001054274112,0.002677272022156509,0.0002480542198167521,0.9795978816115163,0.00019622706992320678,0.004046629218491923,0.006033325392149826,0.0010043390890249132,0.0005589988419744398,0.0006902714806720445
Q9UTM3,0,443,U,test,0,0.5151419232447755,0.42044659010608165,0.0006420702792531972,0.014163842944150153,0.003637575910640463,0.011834335016065222,0.0007866809316683204,0.01769617637320137,0.009216589259824904,0.006434215934339215
Q9UTM8,1,493,S,test,1,0.008638408088338984,0.4227763738491512,0.004080495356613101,0.32669627868045387,0.006887139795000946,0.025789523656345525,0.08132112821447894,0.0013456045500139055,0.009561847023057972,0.1129032007865456
Q9UTQ5,0,282,U,test,0,0.46233855309551847,0.2826219117435835,0.0003606120774422748,0.12013800831685208,0.007357148701493272,0.0380995970118299,0.037655721235325665,0.03780309744046099,0.009300306164123718,0.00432504421337013
Q9UTQ9,5,167,M,test,5,0.011515225930927799,0.011336698848360666,0.011074083583929376,0.09641580045687155,0.014901809957904775,0.7763532208526877,0.018618186476284694,0.03869483896958341,0.016952052294063023,0.004138082629387091
Q9UTS5,0,897,U,test,0,0.6861303640379672,0.12063705513171075,0.003832693085987859,0.029448120746243395,0.0319656328847343,0.05009294813758549,0.0024362079082860025,0.05038732058519462,0.007622220766420125,0.01744743671587026
Q9UTS8,5,311,M,test,4,0.0008167769907147241,0.0008041140306309957,0.0012071181427872934,0.012002450288247722,0.49465512711101195,0.1250683950194908,0.0015991716478106742,0.08528924644039569,0.26476981958499135,0.013787780743918817
Q9UTT1,0,1129,U,test,1,0.36144142104740584,0.5554549961768054,0.002454474221001417,0.016005183410149292,0.019155695095013102,0.027546662302259144,0.002099423071970366,0.005706823706001162,0.008500288650290982,0.0016350323191032955
Q9UU83,4,425,M,test,1,0.19802248767499817,0.4787569476291961,0.005277120051199649,0.03578193062260403,0.23151174778201028,0.02007184544292566,0.004584841842239013,0.016382161137534816,0.004730379634054037,0.004880538183238296
Q9UU96,0,736,U,test,0,0.7330611110908225,0.18680057815153142,0.0009879276302359205,0.048256283926865214,0.0037871134638765894,0.010134841918772314,0.004427584210542448,0.004568130561390392,0.0031890693485549094,0.004787359697408276
Q9UUC8,3,145,U,test,0,0.41032822124154644,0.23017327970066653,0.1371745705164924,0.08736391728175422,0.03529821554290491,0.030908151108135374,0.04567928784813124,0.011459652764160484,0.005085190535519314,0.0065295134606891
Q9UUH8,8,166,M,test,4,0.08872022746051471,0.02260792509520027,0.0059671487587510535,0.009685638651377372,0.545604424162726,0.09975084216764825,8.249803315487505e-05,0.1827545965924416,0.04417780174286914,0.0006488973353167348
Q9UUJ5,3,145,U,test,3,0.190220715809892,0.19625896489153627,0.037165186914094296,0.5211289397337872,0.003350543392195774,0.02719063369920119,0.0035113392759526523,0.01274399294498872,0.002267091040289295,0.0061625922980626646
Q9UUK3,1,324,S,test,0,0.5802182046118068,0.37461701596993263,0.00025785810817024107,0.029227875611173102,0.0031908241113203814,0.004227154951571277,0.0003209096078431597,0.006247330550610065,0.0008067666906713521,0.0008860597869009009
Q9UUK4,0,202,U,test,0,0.9577487180428578,0.03656020787004241,7.631279787115079e-05,0.0017368714450872146,0.0009667144692639769,0.001750493900484736,0.00047483420692486135,0.0003420102609401526,0.00012981245621022678,0.00021402455031751326
Q9V3J8,0,361,U,test,0,0.8748428248782515,0.08073981127752923,2.371658417300504e-05,0.008280373200442965,0.01006637423182299,0.01686623696997856,5.689312835452757e-05,0.004848802009453627,0.000889958234076619,0.003385009485916969
Q9V3R8,3,359,M,test,5,0.002948087850146667,0.004637992805621074,0.0017330913176587651,0.0848200307122733,0.11776094977624031,0.6267399638384648,0.006748240456208954,0.05806862231553495,0.07031827175929005,0.02622474916856113
Q9V3V7,0,222,U,test,0,0.505538592218209,0.36129216032646894,0.005794298943025971,0.06338380395218365,0.012362737438878741,0.014453505435092476,0.004239199296370136,0.022038961239884816,0.009044772182493884,0.0018519689673924626
Q9V461,0,817,U,test,0,0.7728045851340437,0.17790972432597313,0.0008908325894429509,0.010274999339587549,0.00928268821690016,0.005586420414799704,0.002347031275937405,0.006952412597523282,0.009958871218256057,0.0039924348875360685
Q9V464,0,218,U,test,1,0.25233994486774164,0.6443726651876798,0.009861021676047643,0.004550114016589312,0.03530343794759004,0.0223964458698555,0.0020831936257388324,0.0048435709492797635,0.022749137708907838,0.0015004681505696475
Q9V5M6,0,963,U,test,0,0.9466416894270343,0.029724843992673246,6.656480860370397e-05,0.005140242987887807,0.016415617632414524,0.0004273276140217851,1.2313250350498703e-05,0.0010659412519417417,0.00017265595408918997,0.00033280308098318403
Q9V637,1,270,S,test,0,0.6176485998062922,0.25747424292152493,0.012231867726244402,0.031235167669406625,0.012327804195710074,0.032352808772531876,0.004499852644745672,0.009905668879191386,0.015462530733656518,0.00686145665069635
Q9V727,0,1669,U,test,0,0.940599951225818,0.04297335968539546,0.0002575330817238507,0.0014820006262440148,0.013106136109338785,0.0003806092269041634,4.545729256834013e-05,0.0004887119455565,0.0005367450254356753,0.00012949578101524088
Q9V7P1,0,506,U,test,0,0.9131337316551323,0.05613838827337406,0.0003312133162602435,0.015437570252269559,0.0037317687752806902,0.007277963613109663,0.00019169156255496736,0.00237205645585262,0.0003812241738835589,0.001004391922282249
Q9VAC8,1,472,S,test,1,0.19065973362412492,0.6551507780053152,0.0005525233631170242,0.06666693906300056,0.012624590789924046,0.004212222106184343,0.00028664531719382836,0.06461581655491883,0.0022901457508691958,0.0029406054253520546
Q9VAW5,1,1673,S,test,0,0.5746969619892134,0.3949830745434547,0.0005492058166912127,0.006020974715827475,0.019435944015210913,0.0017728579142758391,0.000317855911034208,0.0009054871912123968,0.00038340742244724797,0.0009342304806325913
Q9VBW9,0,419,U,test,0,0.9516464371018102,0.042470876742831724,0.00039730285062646807,0.001725804865647659,0.001955593094454606,0.001105592155896888,3.812799416686078e-05,0.0003561399965532988,9.146431024057661e-05,0.00021266088777178684
Q9VDH4,2,138,S,test,2,0.005562665220707582,0.002586879664744718,0.7400386109595047,0.0922655733137773,0.04805409777436525,0.047494246218995465,0.013240296128183594,0.021407333347942682,0.025923238508268148,0.003427058863510544
Q9VDQ7,8,948,U,test,0,0.6472138954887922,0.23077125043296348,0.0002744604507566357,0.07065671892417125,0.001905133073046263,0.019506032227230373,0.00021374998958623078,0.01897989083628515,0.0014607162881910827,0.009018152288977364
Q9VDY1,0,1638,U,test,0,0.9635006476953133,0.025081629993271043,0.00011890542720245028,0.0008253672594480333,0.008701904398285814,0.00060385155188272,1.8813572148974243e-05,0.00060385155188272,0.00037202217472946675,0.00017300637583550415
Q9VE04,3,107,U,test,3,0.002457137207432255,0.0013037020114324415,0.0004405404138179432,0.9912798698833211,2.81628079217074e-05,0.0002651218912229572,0.004066989656681857,6.15132212930734e-05,3.0451255048952607e-05,6.651165182777502e-05
Q9VFM9,1,343,S,test,0,0.4680498718005813,0.44661631031169036,0.011995269608339925,0.03484531029816559,0.002655677661892869,0.016395587052285585,0.005710603988025863,0.001142192718989147,0.003463656319600059,0.009125520240429326
Q9VFP2,0,829,U,test,0,0.4694873325765568,0.4479879375120479,0.00045572817259086654,0.013111849128859635,0.05434710455081268,0.007241050609711274,0.0006229065968480041,0.0023508250844445585,0.0032131967143140153,0.0011820690538142874
Q9VH19,1,683,S,test,2,0.0028849190246758023,0.01042965406516254,0.8252998568966652,0.01181834552755703,0.07858527253777638,0.021526019656164543,0.0006960190851496781,0.02749860850676986,0.020460191675833732,0.0008011130242452012
Q9VH70,0,814,U,test,0,0.9403675602954933,0.04755541957854635,0.0003574609508996355,0.0038883680616613207,0.005668602768289883,0.0006574712908944851,0.00023079414206983063,0.0009271831761213247,0.00023812030364224506,0.00010901943238158543
Q9VIP8,1,367,S,test,0,0.4548220843984604,0.23595858595220282,0.0026834243956371435,0.25117657434208096,0.013842155911869623,0.015084328710618433,0.006437200971511576,0.0060471905844228895,0.0034998452110580397,0.010448609522138146
Q9VK33,0,1220,U,test,0,0.9572121963020255,0.03224619261112314,0.00021390465131187325,0.0005906096479029806,0.008249221767818378,0.00035822288465380675,2.4761261842449323e-05,0.00044581558146202606,0.0005548264866291546,0.00010424880523069177
Q9VKJ3,0,1411,U,test,0,0.48997380402760693,0.33153287965709305,0.004044981377221795,0.04665543707040573,0.023829265564975284,0.038079054759403194,0.005193859090771209,0.028297952630936977,0.023277259475995484,0.009115506345590376
Q9VKQ9,0,134,U,test,0,0.6115966949854508,0.29344731159349,0.0034701509382089003,0.049183848558219403,0.027082440996322208,0.003752127470186062,0.0009636260667309249,0.00734630961884312,0.001492493299406581,0.0016649964731419952
Q9VLJ6,2,630,S,test,2,0.01582249006938402,0.04201366218452941,0.34632231454756535,0.09403424348783443,0.05279996043257567,0.2573648890328578,0.0028147400672472755,0.05598614149780168,0.12469683853560631,0.008144720144598088
Q9VM91,1,992,S,test,0,0.4943341250338799,0.464383953715325,0.0005437376605231993,0.013778832561426185,0.022806368470853978,0.0006873488802249689,0.0004650835411053434,0.0015981338011344212,0.00026916965374874403,0.0011332466817782693
Q9VMD6,3,659,U,test,1,0.25516660124234714,0.42732363775505927,0.004092287902449496,0.09183045546095261,0.027532143355310592,0.1152374510618312,0.015086370341644383,0.022647323283237833,0.030955221089103757,0.010128508508063693
Q9VQ79,3,739,S,test,3,0.07554249706429478,0.16133524992105766,0.0036775047201239846,0.3810228826944099,0.05046979871447255,0.02592893213784874,0.26808307429947453,0.0038539919834576783,0.00790787792843284,0.022178190536427337
Q9VQI9,0,1673,U,test,0,0.561525714692557,0.37994734279376685,0.00015616495851233212,0.007672855797440853,0.013920909096657984,0.0021897394220819176,5.230870851958053e-05,0.025011344425612477,0.005335633293387535,0.004187986811463492
Q9VR35,1,653,S,test,1,0.42350689764893173,0.4473124271959875,0.0006725070022598593,0.026343618327380625,0.04317953558711662,0.012788800881488833,0.005809574085300247,0.014605267383143009,0.01919826174000989,0.006583110148381622
Q9VS24,4,994,M,test,1,0.2910343579344121,0.4687191522953162,0.0035232321563769373,0.12275125061471834,0.03368966851611539,0.029042310854108615,0.006183464908561007,0.030199224038562844,0.009138568840669317,0.0057187698411592285
Q9VSK8,0,597,U,test,0,0.9063842982376412,0.07324708589036526,0.0007069562166896041,0.017061204627771814,0.0006337114255779345,0.0006142141303598402,0.000344542941855409,0.0003499686813528784,4.380371802615231e-05,0.0006142141303598402
Q9VTY6,1,178,S,test,0,0.5826056361682452,0.18476284685949598,0.010670794829979966,0.07335018072380864,0.024425692495047772,0.07627211234901046,0.0039255658714914205,0.01787021866015571,0.02206677520313036,0.00405017683963447
Q9VW27,0,717,U,test,0,0.9014861950775354,0.08651301045016647,4.356700336144125e-05,0.0008547957187395379,0.00843314432538968,0.0009242545694973327,9.721112045107278e-06,0.0008481437474193094,0.00045397859077755666,0.0004331894050682297
Q9VW47,0,2531,U,test,0,0.9280688451915257,0.05795509546340529,0.00040605400656625116,0.0050246507542698925,0.0047202223500276115,0.0003755385811866327,7.394792419239805e-05,0.0027748756963690527,0.00020101130102755812,0.0003997587314296153
Q9W0K7,0,977,U,test,0,0.8767484244101584,0.10149099466661482,3.1983668366961475e-05,0.005193011727183193,0.011123196921806078,0.0020737219170457,1.4192666344894815e-05,0.002122899007591339,0.0004849158475808826,0.0007166591673077511
Q9W1X4,0,1711,U,test,1,0.45069445420526183,0.518746142902859,0.0008173315744858991,0.013824115922349474,0.009501166578114575,0.0019003529207120356,0.0010014155529470543,0.0006365384822052013,0.000656744338252869,0.0022217375228119896
Q9W266,4,677,M,test,4,0.01614180641193908,0.018219752690601446,0.04819053038744144,0.007390257330828677,0.7597391017741282,0.04800265283635089,2.7285497416898724e-05,0.09288967427372931,0.009197324734325517,0.0002016140632385337
Q9W539,0,1518,U,test,0,0.7207710998059411,0.2033028227522051,0.00010079381529293834,0.0025792770069303006,0.06447381754429723,0.003135603497889993,5.068231073196585e-05,0.001758914153879144,0.0020403760276197077,0.0017866130852124433
Q9W701,4,689,M,test,4,0.0008044860186492229,0.0027215412418613257,0.004593469522192937,0.007936805234436432,0.5785779173076419,0.21284695783313137,0.0009259577197038502,0.030904003368132642,0.15572213631680432,0.004966725437446026
Q9WTN6,9,564,M,test,4,9.460914162841386e-05,0.0004656825188374478,0.0009555185401711474,0.0015877396141347109,0.7909611715558201,0.11218215137520486,0.00029600584309234974,0.016098363837916515,0.07710158325519174,0.0002571743180026994
Q9WUB6,4,687,M,test,4,0.0005504997667947469,0.002795668545595977,0.005647405504029145,0.014591147159973158,0.6630306229423937,0.18126249273788747,0.0003783525599755684,0.02126857633716592,0.10328025348292376,0.007194980963260647
Q9WUI0,0,231,U,test,0,0.9754563339526022,0.013328927371000785,0.0010000928621824172,0.0014103570689282363,0.00755022402206653,0.0005311452682829622,4.249964698872454e-06,0.00044726920016702724,5.3418686569052305e-05,0.00021798160350183565
Q9WUP1,4,147,M,test,4,1.6251050724351535e-05,4.629493361855918e-05,0.04143608929138999,0.0001590800461704072,0.9430810405371075,0.00790821633902906,3.8218807458995264e-07,0.002038946753618011,0.005309324949912629,4.373910354937504e-06
Q9WVL3,4,1083,M,test,4,0.03701631325587963,0.06028912545438789,0.002973900620781137,0.023946253409997127,0.6625687432150285,0.06848351607960905,0.002927794332904363,0.0404959653375263,0.09925445842629108,0.002043929867595009
Q9XEE9,5,463,M,test,5,0.008373282963837742,0.02348345177569006,0.001648797093996459,0.17016434901268557,0.02376026878831343,0.49431405144682433,0.11925882263496544,0.12113686815987033,0.013913485411074686,0.02394662271274194
Q9XF04,2,96,S,test,2,0.0023715438948056734,0.00014466510739227306,0.8848482505324997,0.0012693959790964872,0.04876333221005199,0.016951191287048046,0.03099585908063205,0.0006090628713565217,0.013998242296981251,4.845674013597329e-05
Q9XGM8,7,444,M,test,7,0.008991112873947443,0.01349725844852551,0.05214608426669371,0.021151382338200065,0.025513436478940717,0.13738663405021054,0.00247731174589956,0.7198544693747709,0.01686335344049756,0.002118956982313936
Q9XI36,0,384,U,test,0,0.9494375555530219,0.04877021453962669,0.0003260538408871746,4.1778216413062017e-05,0.0011380398159159253,0.00018147629077751504,3.518078510949436e-05,4.734092280879757e-05,5.480109265236142e-06,1.6879926174257935e-05
Q9XI84,6,482,S,test,6,0.059365575452050956,0.024458939368585935,0.00386241506113609,0.02031681482039142,0.004586731462806852,0.015456217687334232,0.8471837744000926,0.006778749266279859,0.012371001856333032,0.005619780624988983
Q9XI90,0,514,U,test,0,0.9717665377602702,0.022150623328229268,0.0002745122614591495,0.0011924268256487394,0.003228715443805308,0.0005902940432801763,0.00013803342123885526,0.00030149273317325273,0.00014020712800875667,0.0002171570548863078
Q9XIA7,3,54,M,test,5,0.005040861598129856,0.002594813203788557,0.08459621553621709,0.3094400721724322,0.014990562370640082,0.4432524680838354,0.049731544478696404,0.064862160998861,0.020489668196905227,0.005001633360494223
Q9XIP8,1,259,S,test,1,0.0818253090161093,0.6063856520625792,0.004150136400026661,0.11847519203993263,0.008253531582384685,0.0738688786501204,0.032011971078888334,0.05910946838463555,0.003334728323397614,0.012585132461925637
Q9XTF3,1,817,S,test,0,0.6091838905970453,0.2900150323506735,0.0009302938194057065,0.028325455385717114,0.03406707063647645,0.009322517273500025,0.0003586602066542772,0.011970348563761198,0.009469326317838212,0.006357404848928298
Q9XVW1,5,502,M,test,5,0.00039288963827900544,0.0005897972810884752,0.00501607830759358,0.008078538919674909,0.24168820999237173,0.5446527672412633,0.0032134205528449485,0.13770978335110562,0.05563978551992048,0.0030187291958579383
Q9XXV8,1,858,S,test,1,0.38257672224776496,0.3947210192415555,0.015067711947764607,0.030796405858469017,0.11464622269756884,0.009728446308360896,0.004316971506642574,0.007817025991107016,0.037585439885475865,0.0027440343152907534
Q9XZS8,0,613,U,test,0,0.9396707596346878,0.0530125993257534,1.3423874664963555e-05,0.0009121320502281023,0.005038024023235052,0.0002870151129816806,5.77353659729757e-06,0.0003303523471799487,0.00048822913443180235,0.00024169096023990855
Q9Y0V2,3,111,M,test,3,0.05217500319289947,0.054936724562149396,0.09879344581944505,0.7130801053442714,0.011347174582412084,0.039760545140606125,0.01099805903265481,0.0041743918392873995,0.010494421248812603,0.004240129237461697
Q9Y117,7,667,M,test,2,0.025495392915482577,0.01570725681119902,0.28280223012566397,0.07701240575907499,0.2176806445232608,0.13280587269092772,0.00361601558770108,0.21683199366247707,0.02395070514870918,0.004097482775503591
Q9Y216,1,660,S,test,1,0.3394179725665647,0.5175506145425626,0.0016472501570292707,0.028189543715337963,0.06855407668919493,0.014681780714051924,0.00024104594126251222,0.023461418605927577,0.004141186102216126,0.0021151109658524795
Q9Y241,3,93,M,test,3,2.897465569486525e-05,1.1706819487169417e-05,5.498423834364632e-05,0.9884778548591661,0.00021077612901786727,0.003537264503032425,0.006765196238856397,0.0003891939470538091,0.00014829952722106667,0.0003757490821267189
Q9Y294,0,204,U,test,1,0.0860152074728204,0.7532868202911156,0.013905139303269217,0.013583027428799577,0.020550466576300438,0.04055143049514182,0.025876938670128205,0.006937531120725154,0.036067186912757475,0.00322625172894211
Q9Y2F5,0,2266,U,test,1,0.3957386233670483,0.4051233148897318,0.013862556493459783,0.06460255996950423,0.04563147481035587,0.022501151547088757,0.0002619612733634801,0.04616936201493371,0.002816349443003816,0.003292646191510268
Q9Y2J8,1,665,S,test,1,0.13531843873805405,0.5982201561818579,0.020310669844770427,0.08127716811933085,0.026907265403590192,0.036777871709841634,0.04102868158871361,0.0061944038738827424,0.015572730724268267,0.03839261381569034
Q9Y2K1,0,713,S,test,0,0.903974743622481,0.07715866749222373,0.0002718312882254342,0.006821521781411512,0.007550736255139954,0.001380473281964456,0.00014324502254821987,0.002072335895910919,0.0004481740341241285,0.00017827132597067707
Q9Y2M2,1,353,S,test,1,0.4086727184692414,0.4151083809500934,0.07497078893733082,0.042738582758550345,0.03315507606581418,0.014204227305610754,0.00028797032306448973,0.003400260801047616,0.00309597280432598,0.004366021584921018
Q9Y2R0,3,106,M,test,3,0.00028818045367982984,0.0005018365914204037,0.0001298931164212484,0.9583438626365536,0.0006245456746823433,0.015490185455638837,0.017146073266544985,0.00449032615471646,0.0015158675364732638,0.0014692291138690347
Q9Y2W1,0,955,S,test,0,0.9738164045970159,0.02052919154132155,0.00018325031702098575,0.0004065585961644371,0.003687877005137331,0.0006446229404065355,3.629076022069961e-06,0.0006199278146352336,6.432691319806202e-05,4.4211199077908605e-05
Q9Y2X7,1,761,S,test,1,0.3406444237296145,0.5616277039718056,0.0012479025410639696,0.02879310930790266,0.04100326517082223,0.007014831939092279,0.00020692252940084825,0.009513521792681123,0.004355607696917542,0.00559271132069917
Q9Y2Y4,0,487,U,test,0,0.8570614871847348,0.10478883014943662,0.005258046910680317,0.008175696073351783,0.019478864555706344,0.0030194422522620014,2.6068432265295172e-06,0.0007694223150804768,5.235984170392765e-05,0.0013932438738171772
Q9Y2Z4,3,477,S,test,3,0.025653483046553828,0.038964383745308286,0.0030340961882977698,0.8816442938625733,0.003717452672841524,0.028779679346307197,0.0028502696585381367,0.004278761905405715,0.004346142622338694,0.0067314369518355986
Q9Y3P8,4,196,M,test,4,0.013179831978336085,0.009722943299852323,0.013051749048847174,0.0012673027659793775,0.9551714542937443,0.00485806766595721,1.230162396133973e-06,0.0021058164747316636,0.00041791208280236256,0.00022369222735343152
Q9Y471,1,501,S,test,1,0.17148000629626184,0.4697868885765858,0.01684668947968517,0.14216191351717028,0.005259793452891664,0.0396314466930012,0.07332174856273976,0.007189284648540084,0.00644443291425763,0.06787779585886655
Q9Y4A5,0,3859,U,test,1,0.23268318781966102,0.5714147469765839,0.008150793302194913,0.03512990713702577,0.02651744235098072,0.044931830993126746,0.0008863576467386712,0.030165805266106568,0.044062772953592316,0.006057155553989428
Q9Y4X5,1,557,S,test,0,0.8879316185187156,0.06533446713760617,0.0007372300387045693,0.0010560332716344277,0.016136474427667895,0.009230271638699269,0.0001474552947729365,0.00827396263916008,0.010541301838589721,0.000611185194449334
Q9Y5J1,0,556,U,test,0,0.9076681059068405,0.07278000233699523,0.00023713603048305248,0.008591063810951196,0.005109958176635787,0.0025099272875222208,0.0005428098102696833,0.001546321408600089,0.00023713603048305248,0.0007775392012191696
Q9Y5J6,3,103,M,test,3,0.022878956389271995,0.016334893424378116,0.009490912921038852,0.8543446786851793,0.003129770792909639,0.03805401605226647,0.0006768604026059273,0.009198907899304847,0.0357484375776171,0.010142565855427778
Q9Y5U4,5,225,M,test,5,0.0014954877967738526,0.0012205815049492498,0.0040021325643767695,0.04227725906580045,0.1755769599651561,0.4414004210260115,0.04571261384120615,0.15986463872339213,0.11695947078444453,0.011490434727889241
Q9Y679,5,476,M,test,3,0.015577523265490422,0.054583699770914915,0.005057281586082506,0.43439490621150195,0.070241030858187,0.3774088152643968,0.004000638430909287,0.012131787288569208,0.006912483987160518,0.019691833336787375
Q9Y694,4,548,M,test,4,0.00014108280692679405,0.0006523603001107883,0.001552752515287016,0.006323836527575392,0.7857131093271047,0.12627557978343085,0.00018690434169220385,0.013893699729666777,0.06399335493356362,0.0012673197346419129
Q9Y6H1,0,151,U,test,3,0.007098863133553013,0.005793923701636092,0.04264471446899287,0.9225321117825251,0.00886925618306978,0.003982101231693575,0.002018030798885349,0.002673456532792338,0.0004364297635197597,0.003951112403332091
Q9Y6J9,0,622,U,test,0,0.6183409511255953,0.31581767476204436,0.0013739160095816428,0.038462980464506705,0.01159388258905689,0.005225772351977625,0.0005465060662998278,0.0018779205311391068,0.001021007744741925,0.005739388355056593
Q9Y6R1,4,1079,M,test,4,0.08204081181783673,0.0528661689990254,0.0013390792693425623,0.039440562538444246,0.49187880900222686,0.21321368478928066,0.0016927549338534367,0.06321076684522797,0.04985754649626493,0.00445981530849722
Q9Y6X4,0,670,M,test,0,0.783761111521652,0.16047959861240135,0.0010562546816270594,0.0008894555720578543,0.026541997520712422,0.01385918295879825,0.0005566070675612437,0.009053639696048573,0.0035178652917910933,0.00028428707735017004
Q9Y7I8,1,442,S,test,0,0.5533308854016735,0.3202433809581357,0.0014373932164769337,0.03977122810270572,0.00664643881268709,0.027334339280278903,0.023748482955887846,0.017926297664495706,0.0037870268852676523,0.00577452672239098
Q9Y7K5,1,426,S,test,0,0.6263650013214479,0.2801277318668851,0.00031543054267430014,0.053515553077261836,0.004782355354996963,0.011472275395486788,0.005011865831969021,0.008263169726499231,0.006536705370909189,0.003609911511869652
Q9Y7L8,1,292,S,test,1,0.2738927633377846,0.38928008514583207,0.01497656496215498,0.19574231128106614,0.010213128405211066,0.01509402616054594,0.04577206871403831,0.004977481495337354,0.019080637236095637,0.03097093326193392
Q9Y7Q6,1,147,S,test,1,0.23135370450435996,0.6288845252102784,0.007793754449212953,0.046093245727411435,0.009549106966791449,0.04099618083907956,0.018842880685533255,0.00487720664685301,0.00804115422627278,0.003568240744207244
Q9Y7V0,5,186,M,test,2,0.007614353636479993,0.007794922192745038,0.7527890630966505,0.009550539385292293,0.1145455380466507,0.012851655278481205,0.003432057759106747,0.030410887530106966,0.06083468691711836,0.00017629615736820519
Q9Y7X4,3,277,M,test,3,0.00015018448469447077,0.0001573919895421766,6.66439685435121e-05,0.9186077599797423,0.000271948993833721,0.008728636685187714,0.006851185514819391,0.002104853582814582,0.0005493520450733571,0.0625120427557488
Q9Y7X6,0,684,M,test,5,0.002786544260601382,0.02379161957581343,0.12272652718658945,0.24502610628595248,0.01628797751301439,0.46135934011739893,0.027277228558104112,0.06607681026237647,0.02654147251950749,0.008126373720641896
Q9Y7Y7,4,456,M,test,2,0.0005136775605079329,0.00264975018262094,0.7699614422225894,0.000220929949178194,0.06675491703112771,0.06369798096386664,0.00034757163362625636,0.03715470556292144,0.05845255970835607,0.0002464651852053759
Q9Y7Y9,5,457,M,test,8,0.0004684752821016641,0.0008616579111672188,0.006391757286043063,0.0019570054819433064,0.14950846812915353,0.32149372737184506,0.00042655156585392763,0.1591509345076645,0.3586521847766626,0.0010892376875651535
Q9Y7Z9,3,479,M,test,3,0.0047251766740543455,0.011290916024121387,0.0018360055979517102,0.9075216032546282,0.0027134403904664948,0.03849626203340831,0.01915732519729384,0.002980131145824121,0.0028884424325572606,0.008390697249694332
Q9Y807,3,263,U,test,0,0.45097434027218397,0.4106168105967832,0.0009712080830599229,0.05230612623077167,0.04002624706336446,0.013407113815160852,0.007520709104492951,0.012693600590201274,0.007520709104492951,0.0039631351394887665
Q9Y809,1,811,S,test,0,0.5110471439601543,0.2693029444718553,0.0006077976658827452,0.11950245201125358,0.0017587209079122882,0.04544668814497847,0.007943860552038443,0.022807440641474497,0.006741866721322203,0.014841084923128162
Q9YGJ8,2,258,S,test,2,0.0002360603465143034,0.0013906477979469063,0.9469129145809264,0.0004919919729331933,0.03140468796815088,0.007636158021649622,0.00012834378464371713,0.0010497159926266305,0.010601756761336713,0.00014772277327158742
Q9YGW7,1,229,S,test,0,0.8384036322952751,0.11984354861381472,0.0016439874695551428,0.017726387619646646,0.012100156254002263,0.0016698764905944705,0.0002725998315027993,0.004331329786387838,0.0003611360983265296,0.003647345540894459
Q9Z0E8,4,557,M,test,4,9.179870131682538e-05,0.0005282651001958,0.0009716282121902458,0.0017593913392568994,0.7438526412431906,0.11586989120555292,0.0003254546722502688,0.0202930911987049,0.11586989120555292,0.00043794712178860996
Q9Z0G8,1,485,S,test,1,0.3343896150552238,0.526068715564564,0.0024361816606037817,0.0014547104560858311,0.12891869936207223,0.0015485311987766708,0.001224989020565549,0.0013453871498197607,0.0003245897706444203,0.0022885807616439082
Q9Z0W3,0,1402,U,test,0,0.4315509646827222,0.37202016801084037,0.002626949080449637,0.0722603971824373,0.01971634545317365,0.028463871267776227,0.010888400862804458,0.026531244611047257,0.020824611904575154,0.01511704694417374
Q9Z258,4,1237,M,test,4,0.003864093855575974,0.009269478957521525,0.0015250693545827772,0.006031765609660309,0.8951933895515647,0.0452709126330556,4.463619213231915e-05,0.01849767797638386,0.019499320917174157,0.0008036549523488288
Q9Z2E9,5,383,M,test,5,0.0034510078419124394,0.007596813049660278,0.017801655239341387,0.015406047737483925,0.41154419873966197,0.4811438859440593,6.420278727015923e-05,0.02461879297871858,0.03643755570323742,0.001935839978654492
Q9Z2Y1,0,1205,U,test,0,0.809260587533492,0.16441126708814816,0.00042709279843088576,0.0018844215664743419,0.013325447931549406,0.005669967506200952,1.2697134229452083e-05,0.0032306503770409053,0.001073711102296827,0.0007041569621370954
Q9Z325,5,84,M,test,5,0.00015548706846063354,6.79272633414885e-05,0.009323678896621822,0.006433144667694475,0.014216911957503778,0.8262788044822373,0.000901783989774623,0.029630590185383606,0.11182467622522721,0.0011669952637549793
Q9ZNV4,5,132,M,test,5,0.15705275809833708,0.14404057217832722,0.09414753482236181,0.07218542076039747,0.09286911947773396,0.30990610067801494,0.007403066511086651,0.04361197428565893,0.0750609574908325,0.0037224956972494666
Q9ZQX4,8,128,M,test,1,0.24364218093115633,0.3008579310953078,0.08370856187892281,0.12257081258802599,0.029441915425060396,0.01744375935062416,0.10984495271943048,0.016132840871687197,0.06792179488770497,0.008435250252079918
Q9ZQZ9,6,284,M,test,6,5.175384286956821e-05,6.477752324054212e-06,0.0003108987585648887,0.005663577934574558,0.0012563321510398076,0.0016611221949929063,0.9904093745361169,0.0003013334354364294,0.00023376379984038937,0.00010536559424052154
Q9ZSK3,1,139,S,test,1,0.2417117316171163,0.5197618515364325,0.008335790455221967,0.17546389698775847,0.007769810369425417,0.007299061740554984,0.030971215511462945,0.004712628120551386,0.0026025606342621787,0.001371453027213907
Q9ZTZ7,6,1193,M,test,6,0.0006662397082115652,0.0006714651254487546,7.712283824906319e-05,0.025394159660112894,0.001015894289568312,0.0012495713488542837,0.9679150109448829,0.0014270552076162098,0.001048142259492995,0.0005353386175630959
Q9ZUX7,1,466,S,test,0,0.3793303574715148,0.34538419914201274,0.00032241847937909733,0.19989305320784184,0.0036898839411525198,0.021151033437619097,0.019333607626822024,0.014367518788783047,0.006179392204849154,0.010348535700025708
Q9ZUY3,6,424,S,test,6,0.034176464519134885,0.0673075008403114,0.002040465326263717,0.21983240155799721,0.012896138015178384,0.010608074998898967,0.62137078139368,0.009073567416148464,0.013621038516238582,0.009073567416148464
Q9ZV65,0,725,U,test,0,0.5481970053679318,0.3027431258302348,0.0025786339971042805,0.01818114072926888,0.0718200772777527,0.013617044226763249,0.003693722417235878,0.015072694050459336,0.01935372248945995,0.004742833613789114
Q9ZVH8,0,378,U,test,0,0.8912698124721223,0.10157243335585016,0.00034413278144420864,0.002685749053618011,0.0019496448870169687,0.00040866775698471534,0.00047037372394878276,0.0007755151163951379,0.0001457149692029457,0.00037795588341670646
Q9ZVL6,6,285,M,test,6,6.41622244394659e-06,3.277085705445742e-06,0.0001933082444020094,0.002933142109506024,7.877865219980193e-05,0.00026546574636610726,0.9964502602830113,2.680308596420617e-05,2.808939153917592e-05,1.4459178861937991e-05
Q9ZVT1,0,670,U,test,0,0.8129898816551668,0.16008719626252793,0.00018167582839693095,0.0014514945055354204,0.0027544526081058245,0.0009975965258172397,0.019458750049352273,0.0008803759604953888,0.0007891638001451865,0.00040941280445699153
Q9ZWA6,0,506,U,test,0,0.9712948393403859,0.01001827904095426,0.00011617937207390095,0.0011642389227584894,0.012964616783674231,0.0009282122664421013,0.0006183225899086591,0.0018316049021997024,0.0006582009502201629,0.00040550583138266813
Q9ZWT2,5,140,M,test,5,0.05786898030243054,0.11100206606836666,0.07329627181065285,0.040399059954278616,0.04233785377694557,0.4176918895370654,0.10276042001515939,0.041357096592762294,0.10468490499768335,0.008601456944655306
W3VKA4,2,462,S,test,2,9.267526591683082e-05,0.001330305776275268,0.9345791613330691,0.0019355837053269417,0.004781267440686259,0.017251667902441748,0.013227313300373685,0.0027510187570381605,0.017591926593332755,0.006459079925539298
