id,label,length,membrane,split,prediction,p0,p1,p2,p3,p4,p5,p6,p7,p8,p9
A0A068FIK2,1,1033,S,test,1,0.019611779856090358,0.9598292237497951,0.00025076361234364154,0.007620316098150262,0.0018820852519471137,0.00018346257514178385,0.0002587236847003285,0.0005922243658370721,0.008839720975380478,0.0009316998306138418
A0A0A7EQR3,2,474,S,test,2,0.00029553898054592226,0.0006712309504019335,0.9828145775767654,0.0009392209752130006,0.001591439908357049,0.0008033582537666317,0.0007546852450992512,0.00017373839920027824,0.0118052631737829,0.00015094653686769066
A0AQW4,0,356,U,test,0,0.9959576842973378,0.00041458596147606064,4.665173455818795e-05,0.00010189675350948369,0.0009011282342187537,2.9653643999213978e-05,0.0024495204267103916,2.2736236400038888e-05,6.277676658187398e-05,1.3365945208225894e-05
A0AVI4,5,362,M,test,5,0.03574329682672734,0.1092403253844,0.01012131963563568,0.0007594204652315525,0.0003878740318372618,0.7235540885363115,0.06421907368346799,0.042280734390125155,0.006259969554783896,0.007433897491479553
A0AVK6,0,867,U,test,0,0.9833337291008346,0.00844129804004078,0.0002267172865223675,0.0016110498867813346,0.0019893810877585176,0.00011761938618703991,0.0033708580781430385,0.00021298119417409808,0.000597320488547458,9.90454510107517e-05
A0PJY2,0,475,U,test,0,0.9974021873182111,0.00026365149361644796,4.187899282201279e-05,0.00014503453239395563,0.0011056866800224219,2.9696653673778254e-05,0.000934725688954106,1.3596119299399478e-05,5.591578950855948e-05,7.626731498294623e-06
A1XGB4,4,166,M,test,4,0.01514402877911799,5.150958053618146e-05,0.0033790894673514094,0.00213950610319033,0.9116558373474755,0.013106064562665647,0.0008712185569283502,0.004718970471054809,0.048315988703898034,0.0006177864277817565
A1Z9P3,1,1576,S,test,1,0.02263365429553887,0.9624074399330793,0.001534234568441965,0.00047714389779373077,0.0015104484742078813,6.357327023073606e-05,0.00010646519910857883,0.00418476095496799,0.006769360764709286,0.00031291864192165974
A2A8L1,0,1946,U,test,0,0.9974446610061135,0.000979625882226938,5.462282891234063e-05,0.0001562149812711994,0.0005102123355143792,1.2772915474034598e-05,0.0007569961773687907,2.7040261400057214e-05,4.973465242707918e-05,8.118959291704345e-06
A2A935,0,1275,U,test,0,0.9955840338123505,0.0012852918113496368,8.184562163235399e-05,0.00040285826216496793,0.0014338466040637286,1.444660975880515e-05,0.000991258500686804,6.275321852149472e-05,0.0001338904935874898,9.775065884213375e-06
A2A9C3,9,3431,U,test,1,0.05600848322775715,0.8425563985800473,0.002854625368367724,0.0026400968326303026,0.0025191981180178943,0.016459350347626855,0.006741723375339506,0.0033114232810677238,0.05386282766964143,0.013045873199504189
A2AMM0,1,362,S,test,1,0.00837111767601691,0.9523363418009549,0.007590421233776468,0.0014772293876714393,0.0004232333054768083,0.010631285548402918,0.00038535828254193704,0.009001752454100311,0.0065818041017355645,0.003201456209322706
A2APC3,1,461,S,test,1,0.2480228535797928,0.6637435732701541,0.0017242132529472487,0.06520808076686462,0.004168613085128799,0.0005597701175842197,0.006257829327166139,0.0013220003204741312,0.003885574859336301,0.005107491420551628
A2AR95,4,345,M,test,4,0.005441477165238465,1.6017484853832375e-05,8.933835629724883e-05,0.0002998758085298132,0.9894761389988896,0.0008263681123813792,6.639063504794283e-05,0.0024719024783548113,0.0012987904795468727,1.3700480859971332e-05
A2AVQ5,3,414,U,test,1,0.005310670339635183,0.9656902560430297,0.00314646839313209,0.0011942645817196863,0.00026440272832390244,0.005147278631249897,0.0012036313591005363,0.005127211422477819,0.007156764605354909,0.00575905189597629
A2RV66,5,269,M,test,4,0.015391863314852382,1.87399350459496e-05,0.0007603522569760665,0.00402305750367572,0.9302017908511714,0.029208625425529367,0.0008157388849118736,0.002612745451068509,0.016513059305855886,0.0004540270709128956
A2XFC1,0,442,U,test,0,0.9959823993136226,0.0009261313795870652,5.8060457166798284e-05,0.0007004473852239017,0.00044894259222410854,9.18649829841207e-06,0.0017921519483299585,3.0595710688892075e-05,3.8076976672439896e-05,1.4007738185819993e-05
A4D1B5,7,854,U,test,0,0.9282379168131315,0.021660182194665947,0.0005296907388680079,0.0018779167517387208,0.004101747452490096,0.004814197161987423,0.023420240416039777,0.005124686159056348,0.009425740380983396,0.0008076819310387756
A4Q9F4,1,727,S,test,1,0.0027720111642333713,0.99125086118331,0.000556878980729376,0.0005525453034878375,0.0002844259452137436,0.0005231393720735997,0.0004203542941961101,0.0007320036161331667,0.0007320036161331667,0.002175776524489661
A5D6W6,5,292,M,test,5,0.004050036318948269,0.0001920302626442836,0.0004395616512905322,0.0009828587931389383,0.0005470433290282553,0.859325425285244,0.008023057842104074,0.020850911716820523,0.10263178659640065,0.0029572882043804355
A6NNB3,4,132,M,test,4,0.0012346685300029915,6.226180126281386e-06,6.589997012532059e-05,0.0005143095581806247,0.9821633618327763,0.009332544095987255,0.00013521795227991676,0.000496542542943215,0.005840157112156543,0.0002110722254215352
A6XGK3,2,422,S,test,2,0.00034497846384801833,0.0012423151387254514,0.75236885218997,0.01396980946586605,0.003147675359328844,0.06080072250257648,0.002113249343015147,0.00019051519827006835,0.16018858228196126,0.005633300056438692
A6YSL1,6,525,S,test,6,0.007209973083862629,9.218942610890831e-05,4.220739801851238e-05,0.0016469131543081067,0.00012213114187294095,0.0008370636658942211,0.989638943781015,5.2527954830544126e-05,6.045929811853836e-05,0.0002975910959705847
A7MAS3,1,351,S,test,7,0.0262963546677886,0.40734672199820465,0.017211922625902987,0.00012059284979177802,0.002071793790746303,0.023025856910737382,0.002039673404393673,0.4336183351488764,0.08672912234524106,0.0015396262583171406
A7WNV3,2,70,S,test,2,5.183116557164178e-05,0.00013655693657479794,0.9918891104623978,0.00048603119919910697,0.0003125819194171741,0.0018093555772214125,0.000802896648677005,0.00014536410325212575,0.004149752815918669,0.00021651917177022302
A7WNV4,2,70,S,test,2,4.45879150676552e-05,6.190418313286424e-05,0.9975801896282728,0.0002807056307533473,0.00020297601584469985,0.0003359606443086476,0.0002930300830796489,4.529007037274018e-05,0.001101572537963066,5.3783291204606866e-05
A7WNV7,2,62,S,test,2,0.0001745492610017475,0.00012185500842624026,0.9720931552521408,0.0018912994813188096,0.0007012271601810242,0.004662761418338088,0.0025737643917212267,0.00014698519807331638,0.017392065203057767,0.00024233762574094338
A8B5P0,2,69,S,test,2,6.555176060596899e-05,5.695235592014761e-05,0.9923588956998226,0.0023655778615901315,0.0004977928070633135,0.0007877401697235922,0.0010229173747286818,3.296149728602779e-05,0.002691042322003183,0.00012056815125634235
A8E0R9,1,1083,S,test,4,0.09234293896138443,0.10141887150606163,0.0013590136586295726,0.09453277643955323,0.6409870030169338,0.0010419919080171846,0.0004276326377399733,0.001977353198012965,0.06446575614878175,0.0014466625248854593
A8IVX2,1,524,S,test,1,0.03725389432384632,0.923983226504457,0.0043803621567942205,0.008215623998605212,0.00194377384435601,0.005366932194430679,0.0026986629534946965,0.0009547496552929767,0.011791344862451982,0.0034114295062708903
A8MQ27,1,555,S,test,0,0.6261458882378835,0.08507129464502007,0.00128670326165673,0.003841386707309115,0.19397094859562952,0.008522488837593418,0.014272483240984594,0.02150939199203335,0.04081765506236794,0.004561759419521756
A8MUP2,3,240,U,test,3,0.01462205485606598,0.004547429693773374,0.000343877760706663,0.9781430867359402,0.0004450108930366577,0.00019289794545122215,0.0007995397242673586,3.2489315038002054e-05,0.0004180490465484135,0.00045556402917213323
B0BMY1,8,293,M,test,4,0.00975675127813039,1.59538326503798e-05,0.0009492162354543472,0.003223725185416914,0.8697395976836003,0.08217234763216226,0.0018877419376189886,0.0014361183325870893,0.030466611949040073,0.0003519359333392461
B0FHH8,2,151,S,test,2,6.085640193162389e-05,2.874653067140273e-05,0.9961390129772199,0.00037866130299758717,0.00031269738242942566,0.00026956195402702576,0.00010271463053274698,4.182595609037855e-05,0.002628430319307682,3.749254479222173e-05
B2D6M2,0,612,U,test,2,0.021602488938519442,0.022028561563543762,0.45650052779831174,0.0020489753114230854,0.001672324948370579,0.21732681873289011,0.12977178325300315,0.03716208765871636,0.10106636529682986,0.010820066498391906
B2RNN3,2,333,S,test,2,0.00021935220158173605,8.589955991945646e-05,0.9815897028794983,0.0013675236400379266,0.0006497685471424228,0.003417868522532467,0.0003191555921842879,7.233467971088026e-05,0.01197622398384153,0.0003021703935510181
B2RXS4,4,1842,M,test,2,0.0011568831840465994,0.0007706503485370853,0.8451207433806274,0.004504624222466217,0.002566657489607228,0.02847010149785985,0.0014739075120442458,0.0005380007100706618,0.11260144666329752,0.0027969849914431764
B2RYG6,1,271,S,test,1,0.03972678828676505,0.9401959051329765,0.0011008561669429695,0.007716446100866323,0.0005892459013459814,0.0004809284821380588,0.003941174792117178,0.00038643686737850245,0.00449218064485956,0.001370037624609952
B3A0P0,2,47,S,test,2,0.026473489271217936,0.004760360716846268,0.6689009475999096,0.2578842932750545,0.010316669659242458,0.006306453797789485,0.005742091476042709,0.002162491415613758,0.012839302773622819,0.004613900014660436
B3A0P8,2,318,S,test,2,0.005360539986983233,0.0032768319265543485,0.6442759614313371,0.06659276764085292,0.06280295532545146,0.01771438675433634,0.0016476947300610636,0.003598896310435095,0.1934467399450754,0.0012832259489129474
B3A0Q1,2,203,S,test,2,0.00019866302223496565,7.08354882934774e-05,0.991758665924683,0.00075268086701339,0.0002890529986338101,0.001010866513313216,0.0012449058140066005,0.00011143985590479507,0.004451449660011978,0.00011143985590479507
B3A0Q2,2,296,S,test,2,0.003935059931073955,0.0016403769948800974,0.8698872342148268,0.0009718912036263535,0.0018443254352372045,0.06107567168876923,0.010286821522333959,0.001505294494487171,0.047565777865354944,0.0012875466494103017
B3A0Q4,2,185,S,test,2,0.0005623384766195709,0.00013356710249068384,0.9113925289763679,0.0037028927850617675,0.0022591162640168906,0.021942186703750546,0.006142414175389063,0.0009271393888702876,0.05222695368012886,0.0007108624473043914
B3A0Q9,2,121,S,test,2,0.0001181893839722881,6.840276592147655e-05,0.9880991118629651,0.0009260072407915702,0.00012194111492626205,0.0016093996070727524,0.00010930731005949916,0.00018305529978601828,0.00868335512135438,8.123029315070887e-05
B3A0R3,2,264,S,test,2,0.023241606607374555,0.001631816919163392,0.9139894639413821,0.002886389738921567,0.011271881423483867,0.016083276589716346,0.0017644147913237049,0.0018490907598580487,0.02696073543533813,0.00032132379343828056
B3A0R5,2,214,S,test,2,0.0012112548102514518,4.481473850201158e-05,0.9273043509352719,0.0036302917618396637,0.011358178709135393,0.017660743799614093,0.0010120411940186113,0.0003752292103974226,0.037096841676961236,0.0003062531640082983
B3A0R6,2,513,S,test,4,0.001906931800748781,2.0532332874420234e-05,0.001270290498089211,0.000387416680907506,0.9878151106973584,0.0012727738702559236,0.0002747195825860247,0.0037776016181174307,0.0032438002353719743,3.0822683690323835e-05
B3A0R9,2,119,S,test,2,0.001160486339725977,0.0003172593081720745,0.8884373382427535,0.012355156245000708,0.0033059176227008616,0.03873144010276355,0.004885829422960907,0.0008759809504858727,0.04820205262898609,0.0017285391364504931
B3A0S3,2,489,S,test,4,0.009525676973587109,0.00024412581493993033,0.005088778594994276,0.0004855021908100434,0.9199354147658821,0.0032031899396398463,0.00135102831664494,0.05438989809503319,0.005711698402439635,6.46869060289245e-05
B3A0S4,2,195,S,test,2,0.0003376291028240414,0.0004268031569397068,0.8881962192122316,0.007176654342650825,0.001089880070095044,0.008439665193419404,0.0032158733252789957,0.0007490629626111495,0.08932824179412871,0.0010399708398205944
B3EWF4,2,109,S,test,2,0.000378097582243819,0.00032340403001040384,0.9792354267233407,0.0005856090444782285,0.0005587920163244129,0.0022558569322294877,0.006649785723087009,0.0003496831320243373,0.009451251275709973,0.00021209354055161403
B3EWF5,2,111,S,test,2,0.0009892137958250314,0.00046002718255443083,0.9424946686386606,0.003912416662017965,0.002177587892830931,0.006137089196335035,0.005097772342629287,0.0011297176563822484,0.03683110613946633,0.0007704004932981336
B3EWF6,2,108,S,test,2,0.00016994393848357168,0.0003890055656287224,0.9918663696100105,0.0010050700104750308,0.00014997500086057076,0.000417342072447893,0.00043396708195024417,0.0003101422791496449,0.005164332478709733,9.385196228409752e-05
B3EWT2,2,40,S,test,2,0.0008655515080117196,0.00032091600648492395,0.9870040136381906,0.005513359302987518,0.0011993544275441545,0.00019162767902505308,0.00041206430593864385,2.474638457357284e-05,0.004395633079969351,7.273366727454916e-05
B3EWT3,2,51,S,test,2,0.001869465996898517,0.00014528837920810882,0.931308246741454,0.02856594623391962,0.003058242266919059,0.006627832335935369,0.001245332698246759,3.9719632448217465e-05,0.026419182421918264,0.0007207432930520857
B3FIV1,2,99,S,test,2,7.243611254796564e-05,5.866055221610885e-05,0.9984456208319831,0.00013323040128770234,0.0002015711608504154,5.510649048688817e-05,4.532936374199548e-05,6.911901785625546e-05,0.0009069149839873826,1.2011085042237743e-05
B3VZU0,2,67,S,test,2,5.71306370194075e-05,5.8030316335555025e-05,0.9954653259868778,0.00029470226328302395,0.0004896927211125643,0.0005022854812270147,0.00047093288924253277,5.8030316335555025e-05,0.0025458390722310773,5.8030316335555025e-05
B5A9S9,2,59,S,test,2,8.234353717856662e-05,7.266791731992319e-05,0.986111810241846,0.0008480429381734854,0.0003604894046824303,0.0020185179171335085,0.0009972891345683458,0.00010088942293449392,0.009297144140305736,0.00011080534585747032
B5BUZ8,1,675,S,test,1,0.07470762879235113,0.6110291603367095,0.01816541924193177,0.10453476221067588,0.1082751772626455,0.0316331988946663,0.005204479779951568,0.0019447720067692904,0.025318895042274372,0.019186506432024658
B5X0I6,0,1091,U,test,0,0.9980890206108255,0.0005195956316127367,2.6225251262204934e-05,0.00011481076359919579,0.0002527365579565713,2.2784891495128943e-05,0.0009065910836072049,1.859648879225121e-05,3.936876514883847e-05,1.0269955700390089e-05
B6GX22,2,445,S,test,2,5.028245678387289e-05,0.00018107407128574343,0.9927967533192802,0.00028486949559370305,5.971189445029568e-05,0.0023666218273833686,0.00010317290062897467,2.4891621200403846e-05,0.0036086671833457434,0.000523955230047728
B6RGY0,6,260,S,test,6,0.0011961983934060455,6.144569463373651e-05,1.5657755220966455e-05,3.1383391488219705e-05,1.9793256717021e-05,0.0005519548408699856,0.9979578216217193,2.6427463928846724e-05,1.8305769043344596e-05,0.00012101181297248097
B6TVL4,6,395,M,test,6,0.0008906412466740615,0.0006929550355918953,0.0001088944633629574,0.0006592880131205001,9.740736254900735e-06,0.004666626325582415,0.9920876148336667,3.7928078217260034e-05,4.794558464388368e-05,0.0007983656828854768
B8B0E2,6,1246,S,test,6,0.008798027543676399,0.0005690689517253617,0.00017697933338440053,0.0001056791822983475,4.074295127341358e-05,0.0038737194265011416,0.9856266527875618,0.00011337721105376989,4.203627458669598e-05,0.0006537163379387241
B8YG19,2,671,S,test,2,0.00011311384758704634,0.0006358465348472211,0.991049525926473,0.0006821637730886332,8.147284331862876e-05,0.0006715877890979088,6.345111636367067e-05,5.098440544206416e-05,0.006574111835517395,7.77419282644197e-05
B9DFZ0,6,386,S,test,0,0.9978977427538671,0.0011324697390791903,5.054080968025203e-05,0.00032572788721937034,0.00021783080561181634,1.4034675566986661e-05,0.0002829972941578437,2.106854296191376e-05,4.74786938188649e-05,1.0108798036643918e-05
B9V5F5,1,649,S,test,1,0.0007516759306689003,0.824312752360392,0.004843846578841588,6.568071265917686e-05,0.00017304563115355206,0.004287745058248151,0.00025177989841026436,0.15488377693303437,0.00660864174099353,0.003821055155598446
C0HJQ5,2,57,S,test,2,2.8355501481980405e-05,2.7057006735054807e-05,0.9980623635304172,0.00020546788757889805,8.077730720463482e-05,0.000133700501011056,9.74360277419245e-05,1.9795329636142173e-05,0.0013139044837910635,3.1142424402073246e-05
C0HJZ6,2,66,S,test,2,3.266209848311746e-05,4.12887568889532e-05,0.9988304157658859,0.0001131147490487123,9.160311290717648e-05,0.0001588954635234153,8.340558317045316e-05,3.317645043681107e-05,0.0005949986031012443,2.04394165541982e-05
C0HJZ7,2,66,S,test,2,3.266209848311746e-05,4.12887568889532e-05,0.9988304157658859,0.0001131147490487123,9.160311290717648e-05,0.0001588954635234153,8.340558317045316e-05,3.317645043681107e-05,0.0005949986031012443,2.04394165541982e-05
C0HJZ8,2,66,S,test,2,4.751274117736735e-05,3.422214609790301e-05,0.9986133459221889,0.00014923604439025037,0.00015040651312610704,0.00014692233355161245,9.016333828755698e-05,3.7585672106664553e-05,0.0007091896176691167,2.1415671404579432e-05
C0HJZ9,2,66,S,test,2,2.707979452737039e-05,4.6789691314022556e-05,0.9989029491362846,9.751809144232245e-05,6.969303874238072e-05,0.0001665331127765927,7.190533010613734e-05,3.6439848638717365e-05,0.0005589900718674597,2.2101884300393288e-05
C0HK00,2,66,S,test,2,2.836717526838307e-05,5.017641609896198e-05,0.9984732696302234,0.0001576025643618786,8.0810567305557e-05,0.00023658945625163616,0.00010959537351372965,3.877333338916312e-05,0.0007941432536503147,3.067222993693999e-05
C0HK01,2,73,S,test,2,2.245573743956348e-05,5.3033361589118475e-05,0.9991609839484148,4.1952841029938205e-05,4.13024212870493e-05,0.00016399361057695022,7.192390309442088e-05,5.557848817456329e-05,0.0003710117380860917,1.7763950307562526e-05
C0HK02,2,73,S,test,2,2.625553051261366e-05,6.0099510392064016e-05,0.9992413898812148,6.057087240999344e-05,4.717264342803151e-05,0.00010840188452562833,7.597289655672347e-05,3.6452196142050704e-05,0.0003287246342303149,1.4959950587789739e-05
C0HK03,2,73,S,test,2,2.3906993665862464e-05,5.646076926039085e-05,0.9992857721779871,4.982645563172093e-05,4.466414482311721e-05,0.00010589545817785995,7.597627262750909e-05,3.3191577029468635e-05,0.000310030632734389,1.4275518062600482e-05
C0IW58,2,330,S,test,2,0.0012668839545593403,0.0037235790977001378,0.3051902439388038,0.0026404129616380114,0.0020887384311512533,0.23036967864249513,0.12330800640830182,0.0011716761256537803,0.24142535708187043,0.08881542335782631
C4LY96,1,1151,S,test,1,0.0017477430810770881,0.7743897309133629,0.02723271726930065,0.001220121377324993,0.00024788267497820516,0.046143806702624496,0.0033426463513171268,0.0013825784905687063,0.053947578217542765,0.09034519492190297
C4M1E4,1,1153,S,test,1,0.001401092269649587,0.9319247985290028,0.00848273859184524,0.00041416208151478557,8.681308800202105e-05,0.022789835811157913,0.0007737566393507725,0.0016638382521254006,0.014714222984764998,0.017748741752586537
C5J888,2,75,S,test,2,0.00015455763432796412,8.403153868348929e-05,0.99072483891517,0.0006257836214265378,0.0007788002661747971,0.0007895210111237889,0.0004760710471628132,7.771645872848716e-05,0.006222205093945769,6.647441325625986e-05
C5J8E3,2,62,S,test,2,0.0005633422665805096,0.0003470650791707427,0.844404887472372,0.01589454246916402,0.008278253945417128,0.016919652893619002,0.0024662398251949352,0.001137982639497209,0.10904461265891448,0.000943420750070013
C5P3X6,2,276,S,test,2,0.00022273233145043083,7.008583487847086e-05,0.9363275946903614,0.0006807248556257591,0.0008275509566974751,0.03057217851522919,0.0006007375111789362,0.00022623985262840927,0.029631572439177356,0.0008405830127725914
C6Y4C9,1,138,S,test,1,0.0020177935855595717,0.5508043462371898,0.13082749346007325,0.005703426734633114,0.0005781075758413708,0.12680236178239307,0.01826761014876308,0.004994087186328107,0.0686724669433484,0.09133230634587022
C7AU21,6,278,U,test,6,0.014455610066920426,0.0002078154349992902,0.00014061494322941328,0.0004512587654765062,7.826400883908816e-05,0.0020342863149759682,0.9822369367539604,1.5411098788431803e-05,3.583187333952451e-05,0.0003439707394709596
C9JLW8,0,97,U,test,0,0.4641110590396243,0.16548389165572097,0.09373901766959761,0.006219091347941959,0.010333968307200878,0.12638623988928974,0.06864793585865211,0.004919706368968438,0.05217361813006249,0.007985471732941509
D0VWU3,2,499,S,test,2,0.002595528370681378,0.00357549084979677,0.4433746126266672,0.005243111151541168,0.0010324296980052982,0.33994711803059113,0.11476110119232308,0.0011163227658611333,0.061908968563345594,0.026445316751187217
D0VWV4,3,169,M,test,3,0.00029849663050568145,0.0001283818019122269,0.0005321278133581532,0.9926502456611553,0.0003489779186323689,0.0014226577431990174,0.0018392590173280004,1.8786408185061305e-05,0.0010332431696952241,0.0017278238360288868
D2CZZ9,8,281,U,test,5,0.002154811041466223,0.00017278029149102311,0.0665125393751609,0.007218790517608416,0.0015642251100372454,0.8102886318336914,0.0016392937918107361,0.002072261393927155,0.10463891509857974,0.003737751546227132
D2Y171,2,76,S,test,2,3.476785218750021e-05,7.653557536605673e-05,0.9988083252310552,0.00010709252190155013,5.7772082315014195e-05,0.00010461172609115615,0.0001850392909917997,3.531536796578418e-05,0.000567739039349386,2.2801312776529043e-05
D3Z3K2,0,276,U,test,0,0.9956268132076077,0.0002683730027523764,6.68033255685825e-05,0.0012592558469939716,0.0005295699313342769,0.0005072969417078034,0.0012549590733403249,3.3070042784428256e-05,0.0003366151491201012,0.00011724347879046156
D3ZAW2,3,406,U,test,3,0.000163686389970341,0.0001571085167939811,4.162961365631671e-05,0.9992389738976942,0.00010303427614461715,2.466472884670857e-05,1.8911103438675474e-05,5.251423803822971e-06,0.00010424881537666015,0.00014249123427460597
D3ZD32,0,1948,U,test,0,0.9977190709583922,0.0008818103368141019,5.5066387105472566e-05,0.00014283133784093272,0.00044687974872806345,9.796028166977594e-06,0.0006761074150140513,2.1064770301440113e-05,4.124281957635395e-05,6.130198060368173e-06
D4AK17,2,305,S,test,2,2.031910160485217e-05,0.00012544580988006732,0.9929508487558902,0.0010340608884424533,4.169208921865191e-05,0.0009638507544162284,0.00012350096109398794,2.5287530760531693e-05,0.004562490775067831,0.00015250333362518695
D4AL26,2,365,S,test,2,0.0003308473708524787,0.004823932001908397,0.6993503633449804,0.0019038951894123925,0.0005044819599682502,0.11239583146322728,0.02011214214768994,0.0005990871631400058,0.10075097621686441,0.059228443141956494
D4ALW9,2,271,S,test,2,9.816684226003382e-05,0.00037631194756617564,0.9746108102696879,0.00045747900954279185,0.00011841181607054262,0.013059792172593884,0.00030713685705332925,0.00011657601191998768,0.009705212945934894,0.001150102127370472
D4AMW3,2,190,S,test,2,0.00032655598612899944,0.00024267580542756715,0.9288721288158766,0.003215411981253571,0.0011221214909152327,0.014666024916907678,0.0008145728094204482,0.00023891346587048145,0.050003656350680194,0.0004979383775192429
D4AR77,2,930,S,test,5,0.00032374583111124364,0.0003500526671751548,0.06990962509923634,0.0002857046797954271,0.00027262131468372544,0.8787086649245398,0.0018341449412392248,0.002247241336729604,0.037419926559202364,0.008648272646287168
D4AS12,2,422,S,test,2,0.0003923941979475175,0.0011178269368333417,0.7435132893918462,0.015311040686948722,0.0038712371001942613,0.05644471515768692,0.0025990256467699146,0.0001882727813769001,0.17116648152161065,0.005395716578785497
D4AS41,2,588,S,test,2,6.566251466325286e-05,0.0005967865699248917,0.9940355242546323,0.0006352759170471834,0.00023098221230143472,0.00042817339577705073,0.00020384108807531274,1.3340148924256442e-05,0.003289828519418164,0.0005005853792362442
D4ATH2,2,417,S,test,2,0.0002976430495400892,0.001071853712016484,0.8599632046389676,0.000591933861579143,0.0019408764206039078,0.025367076344450245,0.014009029096789345,0.001333943492091706,0.09063945239684519,0.004784986987116324
D4AUH1,2,882,S,test,5,0.00024734225660259123,0.0038427248213972797,0.007664592673185784,0.0010014561967639033,0.00032767523362527135,0.946733559313404,0.0018063332430739271,0.00019263032808141412,0.03290559438257831,0.005278091551287507
D4AUX6,2,442,S,test,2,0.0018235674057988126,0.0004037263827660435,0.577441526691884,0.0033803600426962612,0.003200460433550393,0.29492825877440315,0.006541316336946377,0.0005024456364114379,0.1051599149748798,0.0066184233206638
D4AWC9,2,495,S,test,2,8.05064866960609e-05,0.0003469827976617394,0.9947161915656672,0.00045788542929897007,0.00010833331678025949,0.0007161463777645931,0.00037225821901787056,2.0355226769732e-05,0.0029741476786808957,0.00020719290166274968
D4AZ24,2,909,S,test,8,0.0006881765426757354,0.0022564439527952484,0.3678002946892632,0.0010658686495710905,0.005124856708637057,0.1908122744693432,0.006133650418479044,0.007753660888389947,0.4039495878083144,0.014415185872531102
D4B1Z7,2,565,S,test,2,6.16560297006748e-05,0.00044676816781908665,0.9935811989377532,0.0005264215410319516,0.00018696960322488106,0.0005305503269319964,0.0002895841966286347,1.6594495195767266e-05,0.003935609570136517,0.00042464713157730016
D4B528,2,373,S,test,2,2.7799121916266622e-05,0.0004486551295102633,0.9938876397369972,0.0005955334590372789,6.363282753467921e-05,0.0005369698119701832,0.0002238423457923567,1.94069140561187e-05,0.0037565433237278178,0.0004399773294578565
D4B5D3,2,197,S,test,2,0.0005914456431864979,0.00044644660860506205,0.9437058363108501,0.004998269848039219,0.0004327108814962465,0.025346153796760168,0.0006007595672223648,0.000258383451939035,0.022367903477091576,0.0012520904148096612
D4N4Z9,2,424,S,test,2,0.0073407107166254225,0.002420709657094571,0.6063747282568226,0.0009553984435786561,0.0010170163215245617,0.33487194406296666,0.0031572003049945463,0.008253383162156682,0.0343432117943629,0.0012656972798733423
D6PVB4,4,321,M,test,4,0.18315811834468276,0.0016477526097466342,0.0027166847820169326,0.00255208912658989,0.3969408628989256,0.204327660326996,0.0011149251855821322,0.05330205012923478,0.1530343350336318,0.001205521562593438
D6PVB5,4,320,M,test,4,0.19058636080732386,0.005800348329079021,0.0036015182252450975,0.006996555729876895,0.47170579343993,0.0958328482729194,0.0007316928346389562,0.017520765565090354,0.20607300251782773,0.0011511142780686633
D8QLP9,2,393,S,test,2,0.00022211319767744138,0.001234017998138289,0.9785352901321239,0.005236158149419979,0.0026149686895870256,0.0003898207909474143,0.006882800550432622,7.919689916952076e-05,0.004629927581258642,0.00017570601124513018
E7EKD0,2,62,S,test,2,8.673496642085424e-05,0.0001865095111917913,0.9757699978145105,0.0016639652914786295,0.0003247870485472221,0.004501094581375077,0.0009073365374185271,0.00012231591987206866,0.016020223517577228,0.00041703481160810585
E7EKD4,2,59,S,test,2,0.00016237475122762133,0.00016237475122762133,0.9476892553987277,0.003920556841830576,0.0010924268036728824,0.006958501533690867,0.004630837048084114,0.00021177660128653827,0.034519578442709184,0.0006523178275428792
E9QAM5,0,2947,U,test,1,0.0008691386740612009,0.9949735744308824,0.0006433709090812896,0.0007913597415546898,0.0002155022773309737,0.0004026112384461893,0.00011006778881982084,0.00030390691556518156,0.0007760535145574471,0.0009144145097007732
F1LW30,4,956,M,test,2,0.0005192223861273738,0.00034051436723001234,0.9242217199938337,0.004907039278849879,0.007070315741058147,0.009458565735723743,0.0004304504678182786,0.00039192962877642015,0.052141020014455065,0.0005192223861273738
F1NZP5,4,252,M,test,5,0.0030727581197365294,0.0004909520528464687,0.00034813715261206485,0.00023927092893109421,0.00010452972330257337,0.8209532918953466,0.14718881580337345,0.01074594764740391,0.005237156707535997,0.011619139968911302
F2Z699,3,582,M,test,3,0.0002642872666134301,0.00015280844508659683,8.02104580105627e-05,0.9988314877683722,5.960734635352422e-05,9.904669060733923e-05,8.340567308677336e-05,5.415912455254524e-06,0.00014985284913132934,0.00027387759028298054
F4HQA1,0,589,U,test,0,0.9803206015036469,0.012732142023318967,0.00017602657831633958,0.003400141705478885,0.001937342398609472,1.798224600665116e-05,0.0010699021244183632,0.00012288634384170088,0.00019332736538888782,2.9647710973858508e-05
F4I2J8,0,716,U,test,0,0.9981029187504518,0.0011595637477414512,5.0551199979903254e-05,9.22543327951152e-05,0.00028835652467074015,8.648291181469211e-06,0.00022347840646134884,2.074617051566716e-05,4.8995902077379904e-05,4.48667412514185e-06
F4I443,0,714,U,test,0,0.9983107423201085,0.0006135664649521494,3.699174915608596e-05,0.00017716847210430886,0.0006040539938380128,8.383955471643898e-06,0.000150949426373084,3.164072221989495e-05,6.341861080058651e-05,3.0842849757185186e-06
F4I5N6,1,220,S,test,1,0.15863622307640193,0.7568110624515335,0.0107953294134065,0.0401095178601389,0.0020603248307442513,0.0017080693056313713,0.004097444828829899,0.0021932043023798415,0.01883570427809968,0.004753119652834134
F4I6M4,1,821,S,test,1,0.01282495741505184,0.9797824606180188,0.00026617349846749555,3.4642660036800393e-05,0.00012871309702864467,0.00026617349846749555,0.000184372996365001,0.004380550164254919,0.001823189405219831,0.0003087666470891731
F4I8Q7,5,416,M,test,5,0.008005921734035082,0.0008668390806726664,0.0005424540144139316,0.0007649828335511737,0.00045679212809917013,0.8389055138237286,0.04551471027665899,0.06570816044246253,0.0332992747639243,0.0059353509024535804
F4IPE3,0,445,U,test,0,0.9966899948239406,0.0018942344808520594,4.5962235175525936e-05,0.00026656884372689403,0.0005833781787703173,8.112817075493483e-06,0.0004140812708677674,3.2592105386719536e-05,5.544103700402732e-05,9.63420720053714e-06
F4IUY8,0,1006,U,test,0,0.9675305438160562,0.011003183064295825,0.0003049055967161735,0.0009391754223405632,0.0073799764865265715,0.0005027043566643479,0.0030081025604518086,0.003700029532857154,0.0047139597333862296,0.0009174194307050911
F4IVV0,1,224,S,test,1,0.02474417716304866,0.9655063515645271,0.00021241310245651167,0.002257050750809404,0.0001068080111225001,0.00040308924759309807,0.0018349690959276888,0.000776974832083442,0.0023015670484731704,0.0018565991839583629
F4IW47,6,741,M,test,6,0.0012438076562021512,3.2126545243361844e-05,1.4708604894325105e-05,3.6120845664817435e-05,1.4035048616683045e-05,0.0005349550334527856,0.9979242729119923,1.802136003711808e-05,1.802136003711808e-05,0.00016393063385941313
F4J8D3,1,1176,S,test,1,0.015342055237332392,0.9491793729047375,0.0012111075032116775,0.00010500186419831751,0.00020882113787489096,0.0047065593440732585,0.00036081058444085843,0.02197648076001879,0.006096691497412861,0.0008130991666994072
F4J8K6,0,1920,U,test,0,0.9978153511249597,0.0013447300036222574,2.4629588981538326e-05,4.975313907790373e-05,0.0002599251696970646,1.0929313944819367e-05,0.0004182083567173858,2.6630935671787663e-05,4.4598425160895594e-05,5.243942166724407e-06
F4JCC1,0,992,U,test,0,0.9967732907271956,0.0012619375334320475,4.251166996741653e-05,0.00043782087803970264,0.0006591753257450723,1.4463866874657405e-05,0.0006941911332823004,3.362950115955382e-05,7.288195688407459e-05,1.0097407419615707e-05
F4JI44,0,913,U,test,0,0.9924367230658104,0.004055861957953809,0.0001177844253158286,0.00020510939959807441,0.0014575046033298716,1.3318692940440629e-05,0.001503770741639113,9.688682195177167e-05,9.841256882680045e-05,1.4627722633879728e-05
F4JL28,0,234,U,test,0,0.9973262009461721,0.0008883765549083663,4.895777194640866e-05,4.527854185668567e-05,0.001149644684826209,1.3384310444693086e-05,0.00043571717048755595,4.527854185668567e-05,4.320508297575906e-05,3.956394525512493e-06
F4JYE9,3,530,S,test,3,8.63599601572605e-05,0.00030857398779010717,5.362212206059112e-05,0.9945908050212526,5.037332316292465e-05,0.00017174728480783807,0.0013196035895195507,6.5051015817150384e-06,0.0003442391911521588,0.003068170418515223
F4K1J4,0,1423,U,test,0,0.9990671337193014,0.00018653888470172972,2.0766211867384443e-05,0.00016206780474967966,0.00025546690465053903,2.7084247109069034e-05,0.00020130308159666002,2.3901763618084984e-05,4.2943690141591836e-05,1.279369226379075e-05
F4K2R6,0,563,U,test,0,0.9955977020637221,0.00035971686929331257,7.569586475356988e-05,0.000637518268589736,0.0012778003534502323,0.00028567319995984714,0.00159959350398909,3.5756196338876304e-05,6.374230990601733e-05,6.680136999715944e-05
F4K5W8,2,836,S,test,1,0.03967556676334169,0.6849654224403215,0.005567066761923518,0.0069826663460129295,0.012743143192701437,0.0638362682185826,0.004403912402822887,0.01688192203195033,0.1252296997086791,0.03971433213366399
F4K6F1,7,517,M,test,7,0.0036375493758861095,0.0016588986098833162,0.0009526253931618673,0.00028602998301648845,0.0026926583259686263,0.15050051201013218,0.004544721627235511,0.788566262366249,0.039568325179387874,0.0075924171290790215
F4KFS7,5,550,M,test,0,0.4722556874349245,0.004281894128393995,0.006278983060014197,0.0212415261802942,0.06110530468762535,0.2047076886453309,0.02323830032489708,0.009955703804221967,0.19230508016289816,0.004629831571399617
F7BJB9,0,942,S,test,0,0.9755194434422989,0.004884637717600638,0.00024319177322435737,0.00019238054704795644,0.0008554801155418006,0.0012842277769909176,0.013592695331357355,0.0014215105403469147,0.001629769976653263,0.0003766627789378916
G3HIK4,2,492,S,test,5,0.0005799273563324949,0.0003104127572831346,0.28220889306566155,0.0024415853256861803,0.0005363451264068853,0.6664882977277954,0.005209376165882454,0.000768278909168716,0.037600696532273534,0.003856187033509723
G5EBZ4,0,1829,U,test,0,0.997190764607925,0.001302541144882919,4.2529475807671826e-05,0.00011292906650663451,0.0002544895678137531,3.210292916751626e-05,0.000964192663827818,2.5395508682221613e-05,6.18800181907919e-05,1.3175017195639173e-05
G5EFF5,0,753,U,test,0,0.9978193370281636,0.001019032350727529,6.961743324888331e-05,0.00015445302529145378,0.0004488930182020271,7.872120703164601e-06,0.0003542376782007477,3.0176922444996124e-05,9.079825334153099e-05,5.582169676040943e-06
G5EGM3,0,1744,U,test,0,0.9931714091257768,0.0015166868519104159,6.663857123714536e-05,0.00034374790425943457,0.0008633386202505329,5.030143337700689e-05,0.0036956382417187273,8.556561852534498e-05,0.00016364854160913752,4.3025091335367196e-05
G9M8X1,2,687,S,test,5,0.004911276530715651,0.003678376102050116,0.28321927894677923,0.0011756796202153697,0.0027335370064488053,0.6794077184075088,0.01135789141696999,0.002063381959229196,0.008257031472455947,0.0031958285376269303
H2A0K6,2,238,S,test,2,0.0004583599220680195,0.00045125369889520124,0.9841461720397462,0.005806406688424003,0.0003101418157795386,0.0007211013829380905,0.0014509857187164103,7.252306920867332e-05,0.0064271065629134295,0.00015594910131039855
H2A0K9,2,223,S,test,2,0.00015925844641308238,0.0001299829639629886,0.9894488239210971,0.0013670775850575542,0.00016431385410878058,0.0007885041931924518,0.000326777112205767,0.00010775965192092233,0.00737953451534167,0.00012796775669961856
H2A0L9,2,332,S,test,2,0.000793466519893466,0.0003882182352215049,0.9898588797394605,0.0010188312328861153,0.0008250746791037325,0.0003943317863018518,0.0007453928673779236,0.00015442254937223665,0.005749569236363441,7.181315401925846e-05
H2A0M3,2,781,S,test,5,0.004162410834042685,5.3222150495281106e-05,0.01662421077872737,0.0129390473612864,0.020973966000459733,0.6784728323041652,0.00713603307815914,0.00048183403486638126,0.2457265760500613,0.013429867407736546
H2A0N4,2,1014,S,test,2,0.01275667698338674,0.002190951588717919,0.5531261214521284,0.0024826734970960092,0.022009297326622785,0.2914770077829215,0.009896176378258006,0.0031383935368087977,0.10073174986534193,0.002190951588717919
H2A0N6,2,100,S,test,2,8.41766360697105e-05,0.00023607920563575895,0.9924355474002449,0.000836973497509209,0.00015006106079223276,0.0008451870653807382,0.000685791473411778,9.841245677127203e-05,0.00452463584256839,0.00010313536161601519
I0IUP3,0,830,U,test,0,0.6382617461628679,0.33634031544743437,0.0009156449659096496,0.0005641125065661603,0.000959587680204974,0.003915716859771172,0.0036784759119243187,0.004135821470356898,0.010433052884750599,0.0007955261102138859
I0IUP4,0,1169,U,test,0,0.9933773526279702,0.000849300208935009,4.580947118543462e-05,6.561903634567928e-05,0.0008041013215391927,4.5099264987662526e-05,0.004672692924506836,4.8007912615269e-05,7.435610780527868e-05,1.766112410937853e-05
I2C092,2,855,S,test,1,0.0004553435989690819,0.8494142308039271,0.0014358175866097853,0.0634845749753676,0.000247566012468585,0.00522131902715817,0.0014358175866097853,0.00025146458670649336,0.013569549659071494,0.06448431616311194
J3KML8,7,504,M,test,4,0.013116717909289841,2.454217156451984e-05,0.00022568559328182888,0.0005763083950607632,0.9788590101395158,0.0024525537048857584,0.0002365164839322091,0.002722694345147599,0.0017442236164999893,4.17476408216319e-05
J9VQZ4,2,594,S,test,2,0.0008547148308089268,0.0008818464129070853,0.7892930439956836,0.002737582145970051,0.001283079005983941,0.07060318167750135,0.009543444668813688,0.0005605356793743577,0.12104201382016273,0.0032005577627942797
J9VY90,2,624,S,test,5,0.0032774726661820223,0.0009317041784002658,0.1694207181211238,0.002305990071046226,0.0025326344031261993,0.4751521618212675,0.06953012901177086,0.0029609498854296524,0.2624039634078501,0.01148427643380333
K0P7H2,2,125,S,test,2,0.000353436522686907,0.0003320228838711362,0.9153657298136341,0.001313175938239048,0.0005305711143404445,0.025564345545492927,0.002368584362861896,0.0006203004388488438,0.0524546337159653,0.0010971996640594668
K4C9E2,6,498,U,test,6,0.0025498982834391893,3.062858667058925e-05,1.8577176439687793e-05,4.491385225929903e-05,3.3377137800625954e-05,0.00015467383117778483,0.9970525262354114,7.6240578869539085e-06,4.771013094164798e-06,0.00010300982582027617
K7WDL7,1,388,S,test,5,0.01563168294195969,0.017142913984632885,0.0072339986323291285,0.017908692097754912,0.0004808761807542551,0.5701956069443727,0.04754156922242228,0.00039247967077485303,0.013462198701120042,0.31000998162387927
K7ZGS2,2,63,S,test,2,7.180495472494932e-05,8.010422554512429e-05,0.9897459387230481,0.0007252044189798993,0.0007056432672205049,0.002199155230964371,0.0011622734415805203,7.643597844528726e-05,0.0051131890738232285,0.00012025068566801885
M9MSG8,4,2551,M,test,5,0.00946504071610529,0.00030425322140551983,8.581856015393692e-05,0.001074465931759386,0.0006964425613064612,0.9806641420099417,0.0009669147044913375,0.0019418101450201762,0.003448155271023903,0.0013529568787923108
M9P2C1,2,91,S,test,2,0.0006544375894997588,0.0011132358515503398,0.9215167309628751,0.001557696984416001,0.0005425477951350566,0.016231574373233894,0.014212842322738575,0.0015699141905571353,0.04112622206472326,0.0014747978652708362
O00267,0,1087,U,test,0,0.9987427746429278,0.0005834390848588127,4.128513383023288e-05,0.00011178711601777036,0.0002780300025900107,4.087781753125182e-06,0.00019296228426780222,1.128672755980134e-05,3.116365817628581e-05,3.1835680183819396e-06
O00463,1,557,S,test,0,0.7648231267160833,0.1995160399371774,0.002673516240872406,0.00036182111376484446,0.0014764560387758013,0.011455531052356492,0.009981939412529308,0.002673516240872406,0.004955916587751154,0.002082136659816849
O00623,9,359,M,test,5,0.00544616068075277,0.020755298446863104,0.0009556882437807575,0.0018278018115616384,0.0002099368576857911,0.6873210672264523,0.007110072769327565,0.0005360925573016783,0.0024404355803605885,0.27339744582591385
O00841,0,802,S,test,0,0.9972446607578009,0.00027197769966234376,7.464558920217643e-05,0.00085929373462607,0.0004406020445681731,8.591655031408126e-05,0.000827990292853443,2.969196257637123e-05,0.00011471363552984797,5.050773286655568e-05
O01583,1,1592,S,test,0,0.9723448968995017,0.00956984258059587,0.0009006267263984065,0.0007236738616903162,0.0008073165260480947,0.004906927809907327,0.008511594685430031,0.0005999466653785016,0.0008526962090328601,0.0007824780360169319
O04147,1,181,S,test,0,0.9478770379870184,0.02152184608158785,0.0009493050035843134,0.01384137467087185,0.0012189316580779866,0.0018879184248136048,0.008364530584453873,0.0008377586445402625,0.002172980527463432,0.001328316417588413
O04193,1,200,S,test,0,0.9274483153529098,0.053147020399695384,0.0009144449561375377,0.0011650331388446606,0.001567723534448398,0.0013727445088133777,0.010084026956836535,0.0011291888596058823,0.0019973317148333915,0.0011741705778750332
O04196,6,783,U,test,6,0.0011507441902431188,2.0269183310756865e-05,1.7202230650928653e-05,5.2780031106276876e-05,2.9722791695197255e-05,0.00032712802555907037,0.9982800813250587,6.529231302000193e-06,8.924400684849852e-06,0.00010661859038908156
O04202,1,293,S,test,0,0.7322372541849819,0.2610872212428858,0.0010504613657945938,0.0008776934530970041,0.00041136665571057284,0.0002655982513798511,0.0017591920575818743,0.0010023572719889426,0.001026127652007385,0.00028272786457208117
O04203,1,435,S,test,0,0.8334809349988173,0.09800179733893055,0.0016862140896831087,0.0024920630465863508,0.0015594930862818579,0.004841251879852578,0.04776226184830209,0.00173974023126906,0.00666910629671167,0.0017671371835654643
O04348,6,340,M,test,3,0.025719680950026465,0.0022125185240741874,0.0011935642314177953,0.5945955924925435,0.0017917521203014322,0.005783846886548115,0.36064045493000624,0.0001248217556222986,0.0010289166499253654,0.006908851459534626
O04479,0,199,U,test,0,0.9962516238022999,0.0004470948732442747,3.749678060968628e-05,0.0009058063059742999,0.0007137581298636208,7.341513702124242e-05,0.0013798415144958903,2.874978019261653e-05,0.00010765618170844286,5.455749458998919e-05
O08722,4,945,M,test,4,0.0023070713370188217,0.00025884623604279205,0.10280705183208287,0.0002933111955948538,0.7596470669177052,0.028772394935855077,0.000592504973782532,0.005491307904485355,0.09964400471571004,0.00018643995172243943
O08750,0,462,U,test,0,0.9982466133185375,0.000250197786583028,3.9374980025739705e-05,8.600286615565751e-05,0.0007487783869935193,7.999511992473726e-06,0.0005763553349307203,1.8027180442104636e-05,2.2435187619749846e-05,4.215446719533681e-06
O08858,4,362,M,test,4,0.008644126106901103,3.3708848544349196e-05,7.960965511406403e-05,0.0002001386398365989,0.9836351588435569,0.0011316501442657585,0.00031241200314551334,0.004229299136736677,0.0016647305559017015,6.916606599732919e-05
O11780,2,683,S,test,4,0.015068584501056364,3.9489364758837034e-05,0.026368824031982478,0.0031126164095465815,0.7919720823775694,0.07659935197188364,0.002224486567893538,0.001228478150582704,0.08282364834622022,0.000562438278506243
O13134,4,1035,M,test,4,0.014524537566079592,0.000769772222563654,0.00018571619893533375,0.0017347085929296387,0.9417260581918794,0.0150442473096252,7.987554804205957e-05,0.005777461433882049,0.020008395786731394,0.00014922714933165353
O13472,0,328,U,test,0,0.9977702032093744,0.00030224182803062147,3.212158522648116e-05,2.4628474740907033e-05,0.00040690950646963533,3.314123430180886e-05,0.00136584452731951,3.2627427996288886e-05,2.3500654002323107e-05,8.781552538052648e-06
O13660,3,277,M,test,6,0.005788343591433724,0.0009668570097121661,0.0006749750036123653,0.04308480123603504,0.0006340803409164194,0.02035182026588287,0.865381424376902,3.807948573420525e-05,0.001363487012818832,0.061716131676952356
O13674,1,654,S,test,0,0.9869456760952579,0.007190351219609094,0.00011805142095632028,0.0017898199917145271,0.0007461079736366413,0.0001638981661568438,0.0020866447519073076,0.0001916163516868975,0.000638179899192372,0.00012965412988215827
O13684,0,261,U,test,0,0.9963187413655203,0.0007994250975756969,4.740356805295054e-05,0.0013799344325408646,0.0004649364184722137,5.5420385848789187e-05,0.0007591011566432953,1.4457271111504534e-05,0.000133989311891835,2.6590992342461704e-05
O13699,3,430,U,test,3,5.8725137054447494e-05,3.881494617349663e-05,8.764182939353239e-05,0.999544908217662,7.055987266691806e-05,1.320612007642077e-05,7.195153795543248e-05,1.1010952283771295e-06,6.226887440659408e-05,5.082236938279471e-05
O13701,0,393,U,test,0,0.992853905106179,0.0016045593862618996,0.00010645408655816407,0.001275523791045024,0.0011699151781097827,3.097990603119195e-05,0.0026197621973273934,3.7957375356034363e-05,0.000271840044227303,2.9102928904170763e-05
O13713,0,307,U,test,0,0.9977277735380493,0.0001568709249784951,2.9706347654732496e-05,0.00024107564752588842,0.00041654136054642066,0.00040058390362790805,0.0008992103545766042,1.8301548736364334e-05,7.238403349584218e-05,3.755234080840256e-05
O13716,2,424,S,test,2,0.0012089407718686106,0.0024042658403225117,0.6361087656181807,0.03437744877705012,0.0032101159931748366,0.11316049268908142,0.02261694927206105,0.0004378493242527548,0.1464405528841111,0.04003461882989689
O13737,5,222,M,test,5,0.011035076954127898,0.0024146341484805947,0.000502196067829611,5.461128444976832e-05,0.00028170644420784765,0.6643009589370455,0.007111747543102111,0.2902116095383635,0.019749147245303144,0.0043383118370900215
O13744,3,259,U,test,3,0.00016259082087656656,0.0006608854252286485,0.0003642634334056947,0.9983837424573189,5.553525460556598e-05,1.2391590081503797e-05,9.373348661769677e-05,4.487936166928682e-06,9.977877482196236e-05,0.00016259082087656656
O13746,0,107,M,test,5,0.0006043803891320866,0.0005767038104605391,0.06460704668557529,0.005779175566085561,0.0002899848920569309,0.9059177656874478,0.002666651277104359,0.0005677628808940708,0.011951102901259808,0.007039425909983603
O13769,0,638,U,test,0,0.9965725588415082,0.001984906976657564,5.809486185496398e-05,0.00025235257809252834,0.0005552405849912036,2.170846486557533e-05,0.00038254368260181817,4.892077729200243e-05,0.00011110933690955857,1.2563895226581083e-05
O13816,0,962,U,test,0,0.9831722891989599,0.012769178996773952,0.00015579477196973315,0.0005833878025199198,0.0012021593476095242,1.2394956263670874e-05,0.001698008813627784,0.00019238086667082205,0.0001908837509112941,2.35214946933466e-05
O13846,5,347,M,test,5,0.0015564810708604538,5.603430266801661e-05,0.00023962830835426416,0.00019254677428251414,0.0002216199618683979,0.9463228518314919,0.029483588198613544,0.003237655306272643,0.01679924144254461,0.0018903528030436794
O13881,0,537,U,test,0,0.9313594881990522,0.006449412734198841,0.0009327625325804193,0.02704718216536619,0.015471336677129688,0.0025157799294453953,0.010874820390955171,0.00023218294216405158,0.0038813248418388424,0.0012357095872691263
O13894,0,124,U,test,0,0.9922295244109823,0.0016969977642190997,0.00012535468067183998,0.00018382049977051833,0.0012080615013307851,3.295719986284841e-05,0.004350395943948188,4.5756538569000405e-05,0.0001097642369870088,1.736722365835156e-05
O13904,5,195,M,test,5,0.019434940904524262,0.0003266503454160701,0.00018323422895545922,0.008101688269385532,0.0949176872232668,0.7947360452837089,0.000342326628097256,0.027839269879103144,0.05324399562171422,0.00087416161582838
O13905,1,347,S,test,3,0.029929213119242737,0.11406012548672771,0.003390917986284786,0.7917341458417952,0.003724194583133104,0.011426605023328323,0.005813385701033565,0.005090370607276772,0.011928292691225596,0.022902748959952205
O13919,0,1075,U,test,0,0.9889539865389088,0.0015951380927590175,0.00035315362067002057,0.0035702098973245753,0.0015400333703296622,0.0015581868248882016,0.0015460607731254603,0.00014953463922661144,0.0004499293787702623,0.00028376686399743183
O13936,0,990,U,test,0,0.9974765776869329,0.0008747353626486375,4.458328209445164e-05,0.00032814403895313894,0.0006525923573206657,1.887774920596965e-05,0.0004733844260593278,1.9783711376119466e-05,9.814259241837329e-05,1.3178792990480196e-05
O13968,8,596,M,test,5,0.022507724463367164,0.027847667141314616,0.005091286078843691,0.015439133528567758,0.0010671914399099861,0.4583029580012865,0.05625383350911435,0.23591414724463503,0.11408062608595519,0.0634954325070057
O13970,3,263,U,test,3,0.00012215009298433046,0.001282816243021348,9.815036726906323e-05,0.9975555505361685,0.00013787457332428653,1.565144427330818e-05,4.858795274341362e-05,5.242576503320431e-06,0.00011121893375524251,0.0006227572799571781
O13995,5,166,M,test,5,0.008945345425350146,4.977348683437314e-05,0.002261737709967228,0.0005268192383880839,0.0012344982659743865,0.9675113253334099,0.0060882931464856654,0.0016482714340696242,0.008841129514058788,0.002892806445461818
O14013,0,556,U,test,0,0.9935569099943133,0.0007659200968082952,7.208143732191928e-05,0.00043301195458091504,0.0019105383925101052,6.878058924111731e-05,0.002768979355085738,8.167897335001017e-05,0.0003058543792790348,3.624482750953005e-05
O14023,1,544,S,test,9,0.0022873336992142303,0.2027070462674943,0.039450352888300684,0.0022518719608076504,0.00020301241042219924,0.2727721453775244,0.028470577064812073,0.004880263685295343,0.062307032709800245,0.3846703639363288
O14036,0,115,U,test,1,0.33579998892291635,0.6472714482401406,0.0009213440266305467,0.007065244418172906,0.00036363335333195894,0.0003310919242472086,0.006337884288214101,0.00022402799884808897,0.00044553287024231734,0.0012398039572558896
O14038,5,134,M,test,5,0.14517916504484496,0.00014426637557137762,0.006378727862023691,0.014918141757383457,0.11131272285191339,0.635575641856282,0.03139719688841595,0.004594425130929275,0.047317247073484114,0.0031824651591518148
O14090,5,101,M,test,5,0.0010225446660777162,6.639850319462644e-05,0.002156550946657424,0.0004608969797153186,0.00014502767258009385,0.974251307605152,0.002820580434703694,0.001729245025209998,0.016503033781904076,0.0008444143848051082
O14097,0,331,U,test,0,0.998188527374262,0.00030953901887069136,6.291737924471003e-05,0.00014917255195646113,0.0005992798665875893,1.6412979217605972e-05,0.000630497973040169,9.06410761833942e-06,2.8359084471519874e-05,6.229664730908954e-06
O14104,1,362,S,test,3,0.00018222057254607639,0.013921023035683858,0.0013050124106964733,0.8680181278825747,0.0001006317582634741,0.006423496425955009,0.002800742243636137,1.7487176722505208e-05,0.0035612757096700454,0.10366998278425167
O14119,5,249,M,test,5,0.010461385408966435,0.0001731024538978121,0.00011897146086007221,0.0006481979537146583,0.0005948198403944369,0.9198893350069666,0.05189660587438265,0.0032598306571732624,0.0073032239780928335,0.005654527365551275
O14121,3,551,U,test,3,0.0003757601525847572,0.0002937876454683016,0.00014714979091373805,0.9962600108411422,0.0001934247486950845,0.00011370855233277633,0.0008618051339431854,1.143596868510108e-05,0.0006123060371399961,0.0011306111290948226
O14154,5,513,U,test,5,0.009823853950563092,0.0017306298496482073,0.013585897338358702,0.0006568730412762529,0.0073147412762417105,0.8554352622950314,0.05776008689217978,0.00819212171883383,0.033823019787216774,0.011677513850650249
O14158,3,578,U,test,5,0.003663216140828696,0.009803275903622616,0.0008666980135599677,0.0027116582233398107,7.003993465341381e-05,0.9357143951585681,0.023608877177095273,0.000586437197339776,0.0037063971462668894,0.019269005104725397
O14223,7,132,M,test,5,0.0027047539430639033,0.0004147874618576386,0.0005581574966466242,0.0018735283083312628,0.000837893729588457,0.6515707221723817,0.005582408383735772,0.10974241537322306,0.2182488539600357,0.008466479171135875
O14228,1,1323,S,test,3,0.003943525777873975,0.002157710756895347,0.00044439995610704727,0.9248159066546117,0.0001559990655554002,0.0032981583398058152,0.049785298089735766,3.3737164395224016e-05,0.0008769171091036946,0.014488347085916054
O14246,0,508,U,test,0,0.9906513401405651,0.006270540694904325,6.543896406315384e-05,0.0007772230083202534,0.0008647295510045761,1.9648340975055285e-05,0.001103578335946992,6.646948701376146e-05,0.00015945199527400353,2.15794819328237e-05
O14254,3,439,U,test,3,0.0046513263048866636,0.0027517856132395777,0.003826076699931839,0.9811397372902321,0.0006149064977477014,0.0003291357193728944,0.002543743280287132,3.930965684440368e-05,0.0015100646106737342,0.002593914326784014
O14267,5,759,M,test,4,0.03810449610424671,0.000574083577330779,0.0009031602643913036,0.01750951208851357,0.5914160468468747,0.2012191718742458,0.00038844440212227184,0.005843513629401963,0.14268576707120095,0.0013558041416720358
O14275,3,931,U,test,3,7.078014111818358e-05,0.0001996743688746277,0.00019696302650127346,0.9987562073134105,2.9275938719208543e-05,8.947448749561797e-05,0.00029654400987899545,2.898710589410671e-06,0.0001013878658704746,0.0002567941375416936
O14279,0,154,U,test,0,0.9966153394980164,0.0011310143230148632,4.6682538219088964e-05,0.00030322160844952525,0.0006387934085408964,1.8569029836682185e-05,0.0011578356011754751,2.7443247094044185e-05,4.8922878571886693e-05,1.217786708111034e-05
O14311,0,307,U,test,0,0.9885601930181035,0.004506967659408482,0.00014263013643218083,0.00044277746868573713,0.0006195570625063871,0.00024262202905652716,0.004911414949396878,0.00014947509496189123,0.00031153285182776436,0.00011282972962069516
O14336,0,461,U,test,0,0.9470980426492216,0.01861029728006337,0.00027175687880521486,0.01460739078846956,0.0021208993273800405,0.001083249255847602,0.012015711844862937,0.0003656888538898063,0.0023112248795965976,0.0015157382418632607
O14341,3,308,U,test,3,4.943400859942754e-05,0.0003148829872081411,6.128176949210407e-05,0.9991908990684579,5.8247495342618045e-05,1.642946192581338e-05,2.1095846003251463e-05,8.30855908932401e-07,0.00014906737643705412,0.0001378311306247205
O14514,4,1584,M,test,4,0.005250976948027368,0.0014869029729256975,0.002064360512885597,0.0009089255220863306,0.9218503566069377,0.054078971807564775,0.00019052114387471883,0.005835050371390788,0.008073522588400502,0.00026041152590651045
O14843,4,346,M,test,4,0.002165291445476905,1.1406878526674274e-05,8.83310321828462e-05,0.00011253665612297367,0.9937257235068253,0.0006381865099413319,5.1927139357568365e-05,0.0012122484410990188,0.00197923673207764,1.5111658389689933e-05
O14925,3,209,M,test,3,0.005029686312206088,0.00011453568058763986,0.0005133133220220726,0.9575530373065084,0.0027265933546463564,0.011104493708586608,0.015598793767363632,0.00020418193512946,0.00429791947968508,0.002857445133264587
O14974,1,1030,S,test,0,0.9989422545012151,0.00043028692295904306,3.292195268548365e-05,5.2609135730822426e-05,0.00030751218885335105,5.765848174981919e-06,0.00016817400018616594,2.3163488042705978e-05,3.450191223288659e-05,2.8100499194723684e-06
O15031,4,1838,M,test,2,0.0009422928686118948,0.0018593897390671498,0.9119278379520773,0.009563404012686487,0.0016929936126291632,0.019990324633447472,0.0009875143953914226,0.00034665018573973056,0.049091497613422644,0.0035980949869267144
O15091,3,583,U,test,3,0.0001739040586012858,9.235974696567515e-05,9.272123111936914e-05,0.9992434546738461,0.00013919104425923646,1.56779272508011e-05,4.9824346359415876e-05,3.2862717716338584e-06,0.00013178344945623708,5.7797250370243644e-05
O15226,0,690,U,test,0,0.997885357744018,0.0007254783049529212,3.583835451399287e-05,0.00011843108296715962,0.0003235048241344845,2.1400059707526915e-05,0.0007874992779661386,3.0654168242431103e-05,6.001794879408449e-05,1.1818234703276497e-05
O15245,4,554,M,test,4,0.00802214322000281,4.902373810328125e-05,0.0007260487505739186,0.007275767831092393,0.9529375094768051,0.005738768522342535,0.0001557971062569301,0.0016815325345289865,0.023122341480463122,0.00029106733983094534
O15344,1,667,S,test,1,0.15047884615655147,0.826291394590474,0.0019091059291642023,0.001821681519939179,0.0009981991617109176,0.002267119112026109,0.007928493909908109,0.0022319707672426455,0.003484057295816463,0.0025891315571669577
O15503,5,277,M,test,5,0.00314776132579002,5.856116673503919e-05,0.0017935403090537235,0.04018792495134586,0.02456638394129861,0.9146729077763605,0.0015952078333593207,0.0004064950902312612,0.008589992267831978,0.004981225337993715
O15525,0,162,U,test,0,0.9982538947827233,0.00018493656772787027,7.530718091036137e-05,0.0006582232393313006,0.0003145877021352034,3.213715577194438e-05,0.0004367617713636381,5.412780480235513e-06,2.0427618700662554e-05,1.8311200855528158e-05
O16011,0,297,U,test,0,0.9983198400981914,0.00013012772713201596,3.816633897194034e-05,7.770281357083285e-05,0.0009959257794089533,0.00011941191465627737,0.00025428058317837225,2.0428968852828614e-05,3.3681678646001074e-05,1.0434097391361242e-05
O16259,1,320,S,test,1,0.0027640462448656512,0.9821485103461126,0.0004263711893392971,0.0009385844265165534,1.6403549910242144e-05,0.006881282444352164,0.0011410284801950318,0.0006501384285390692,0.0012630034611465209,0.0037706314290229036
O17087,1,1113,S,test,0,0.9974297544516699,0.0007696569404662201,8.460023387744852e-05,0.0003167932920815184,0.0005212847433151258,4.599634693773583e-05,0.0005809675007573059,3.4181585516906204e-05,0.0001921448355190239,2.4620069858836074e-05
O20250,6,741,M,test,6,0.0012248210412032733,1.5179183563397326e-05,1.1821559663552722e-05,6.883028086257409e-05,2.0586026088921282e-05,0.0003509170908631668,0.9981661332079939,8.12483161777581e-06,1.076365284451958e-05,0.00012282312529894257
O22049,3,353,M,test,3,0.0016790433465586282,0.002004162248404364,0.0003677578776593352,0.9903980853417891,0.00046488949972014353,0.0005105812637327678,0.0030433250300001616,9.226014998237362e-05,0.0006764102390879469,0.0007634850030651732
O22131,0,262,U,test,0,0.9943009197109821,0.0011065628450531494,7.327138424047189e-05,0.0018315541619195535,0.0013664227560534433,2.6125718567428136e-05,0.0010239030904964062,5.7063812929339756e-05,0.00016903532551348606,4.5141194244573375e-05
O22160,6,224,U,test,6,0.0014508521045071324,8.444972410751386e-05,0.0001794797962602649,0.00015963262876419242,3.412077334165809e-05,0.0021442204629577386,0.9956552726985252,1.6629137036117384e-05,5.284728696079783e-05,0.00022249538753937946
O22241,6,424,S,test,6,0.0016659801655516892,0.0019784003483025725,0.0001216297212189903,5.1100482451344e-05,6.4966969395053585e-06,0.0010104679723658113,0.9933058379102765,7.791892669645436e-05,3.623566502553236e-05,0.0017459321111716658
O22315,0,303,S,test,0,0.9988685159555978,6.80762485477679e-05,5.098675696495241e-05,0.00026950986250618634,0.0005903907762042112,7.288176629149995e-06,0.00011049866556880477,7.175184198401985e-06,2.4273335079677678e-05,3.2850387030165885e-06
O22609,6,439,M,test,6,0.0006019324661290889,2.484472074782461e-05,2.1250817168968073e-05,5.0978057497291046e-05,1.4720010013125354e-05,0.00039785307825695223,0.9986980725630834,8.65344815227974e-06,1.495181661115313e-05,0.0001667430223399414
O23179,1,414,S,test,8,0.047638435937169966,0.06104960795877593,0.012897058666341332,0.19250542337784984,0.012402979922730976,0.17459482328564016,0.06039730961354274,0.02353671988597564,0.30762276712369513,0.10735487422827827
O23181,1,428,S,test,1,0.004993262489727432,0.5254943744798124,0.01784149481956118,0.017496410017926615,0.0018952286699824028,0.1360166164378133,0.01605560935239934,0.04079972780189696,0.14592451730619652,0.0934827586246839
O23342,6,177,M,test,6,0.0034158350968568644,1.764676082213172e-05,1.683865664316802e-05,9.318761405873234e-05,0.00018316657467760586,0.0034158350968568644,0.9925694405105236,0.000109801840166158,5.186671499143821e-05,0.00012638113440338868
O23463,0,923,U,test,1,0.024588262785197997,0.9669475007707147,0.0021453537154146616,0.00015322378098255095,0.0002061851420268736,0.0001138662415776788,0.0003143947994684948,0.0048417160529516615,0.0005604693461285383,0.00012902736553690775
O23647,6,858,S,test,6,0.007663821404074268,0.003001195455781117,4.486423990025431e-05,0.00013499038350556328,1.8412246345233203e-05,0.00025318229887719336,0.9882006132691897,0.00022606634875846113,4.3483910776898e-05,0.0004133704427913143
O23722,9,412,U,test,6,0.0690082805732063,0.020720043701510364,0.00020633102346726093,0.001377353655052962,0.00027764872795290414,0.005919025683287667,0.8810386662579291,0.0016484764597612836,0.0019423798818597353,0.017861794035972395
O24174,9,505,U,test,3,0.01414124349112714,0.0014702370951694631,0.001297479777780055,0.6514324198558268,0.0070967886512804165,0.1986756698654056,0.06812615207691886,0.00026359899044740815,0.03881711288495141,0.018679297311092902
O35254,7,451,M,test,4,0.027415471544035595,0.29148805558833185,0.0012880431206931016,0.014231642911966434,0.60751331722412,0.003875545980023704,0.0015295889680436163,0.012559380562138256,0.03370925832379595,0.006389695776851449
O35586,9,227,U,test,5,0.011034250813062566,0.0066926109176562625,0.010948381011976859,0.003554418794228797,0.021435889613098516,0.688019073303136,0.020334768344366237,0.008866268837977778,0.19406468502071017,0.03504965334378671
O35615,0,995,U,test,0,0.998012271420081,0.0009029871719433897,3.263534273865408e-05,0.00013847756325311697,0.0004070082079614523,5.4114701051182535e-06,0.0004307267812642325,2.314192275803777e-05,4.256451434945699e-05,4.775605545526035e-06
O35621,1,262,S,test,1,0.14652407875528659,0.6775204269789924,0.008396497400960642,0.00623974699797752,0.001653368431666695,0.031385851673984735,0.08091827871978369,0.00442464345039362,0.021992583887759796,0.02094452370319432
O36025,1,992,S,test,1,0.0029084358910075347,0.9958064583536781,0.00012193591862260293,0.00019183212187333615,7.872775335118504e-05,1.2952750729898959e-05,1.4677390067325596e-05,9.132578295652196e-05,0.0006617593480797455,0.0001118946896337595
O42248,1,317,S,test,0,0.8922094998741182,0.05275064136762321,0.0010611210370459006,0.001183766096058923,0.002907049007307385,0.01674116830937948,0.008544291653102627,0.002045364419804986,0.016521908891008238,0.006035189344551061
O42250,0,344,U,test,0,0.996034523632737,0.0012174404215762723,7.572908065730923e-05,0.0001889013000226135,0.0010092936759959715,9.186979336792788e-06,0.0013634685359357954,2.9196159398003832e-05,6.27816091766956e-05,9.478605163531957e-06
O42602,4,415,M,test,4,0.0027091483964063645,1.9892189187088367e-05,0.000213861192259571,0.0020250993123121504,0.9873966878284299,0.000623681385947411,2.5542074812742366e-05,0.00019170391890752808,0.006757796368709038,3.6587333028152595e-05
O42637,3,797,U,test,3,0.0003124352159504066,0.00010547348482979451,6.971371656424279e-05,0.9991993565895744,8.246433057103435e-05,1.2401712730799857e-05,8.441991885328992e-05,2.4041817761914372e-06,7.992717498167064e-05,5.1403674168238e-05
O42648,0,341,U,test,0,0.9942891259946279,0.0013038340978667087,0.00011172419529115604,0.00024981504854455024,0.0015007039255044263,1.8817424731491974e-05,0.0023517342416662064,6.0743388285964766e-05,0.00010172604033871155,1.1775643142865057e-05
O42657,1,750,S,test,8,0.008159626480480577,0.04275338459232951,0.006111277886670551,0.008961596751551249,0.08273184507504089,0.17175573542472428,0.0054781135617839784,0.2660205133096817,0.3840454317342738,0.023982475183463497
O42699,1,193,S,test,3,0.0005183775116619193,0.028082203900693235,0.007383136773681397,0.9594748327268166,0.0004100704194939186,0.0006301868718052564,0.0003882468519640489,3.058398366675858e-06,0.0007483654312205923,0.0023615211142963733
O42721,2,462,S,test,5,0.026268594503934064,0.00017021578110422227,0.01906533629344505,0.004389922844358772,0.3830101892777117,0.5153965689911958,0.003287900073301899,0.0038439450242614645,0.04330959325019402,0.0012577339604930404
O42866,3,236,U,test,4,0.011241389580460339,0.00028004336981924354,0.0009622934494634293,0.058155862579014714,0.8612967955846147,0.011085022367898371,0.03064598435693629,0.0002250211615517596,0.024148455332586534,0.0019591322176546453
O42893,1,735,S,test,5,0.00017838364275621913,0.1523501076812434,0.018464125072980293,0.004494002403696307,0.00026778555740338515,0.47666130849891286,0.0018016108638211697,0.009311584443176611,0.0606006885092096,0.27587040332680013
O42927,0,207,U,test,0,0.9949015024772647,0.002466114382942897,9.41391520566006e-05,0.0010524083252736393,0.0005868986854944629,2.7827479162421522e-05,0.0007189516071401124,3.924303606613565e-05,9.124278988435864e-05,2.167206471468675e-05
O42928,0,350,U,test,0,0.9941500183167273,0.003728293508713237,9.260965572103318e-05,0.00043242505799363274,0.0004842930822433493,1.177399565888335e-05,0.0009172335690000097,4.880185611792328e-05,0.00012078576113719197,1.3765196687443809e-05
O42955,3,687,U,test,3,4.830107061260838e-05,4.755222898766086e-05,4.718217738812706e-05,0.9994433228296158,0.00010529338251577442,1.5928002152426367e-05,2.1266674685961494e-05,1.932286014314497e-06,0.0001770233807215368,9.219796730577581e-05
O42956,1,483,S,test,1,0.10186098463447008,0.7949637715074749,0.0009021689797363574,0.008831249219068506,0.0035961328656577496,0.014674467100981714,0.0045459376013404175,0.0077935504437696024,0.05003244024921966,0.012799297398281013
O42973,1,446,S,test,1,0.0005503186575459935,0.9383738979476105,0.0002589386845650395,5.6438626550827684e-05,0.0001158045386755891,0.00018218610854023478,5.1387950625367176e-05,0.05814258960047966,0.0020486794968539086,0.00021975838855286872
O43002,5,102,M,test,5,0.011236238346840597,0.00024872615901517066,0.00016311858755162762,0.009550050738034124,0.004823216194202995,0.9227397654563771,0.011615580034567953,0.004460745882054798,0.028082868683022653,0.007079689918332913
O43013,0,533,U,test,0,0.9721321351098224,0.023588086106911505,0.00014025988212267645,0.0008327612932811513,0.0011629688855479025,5.159872706508816e-05,0.0010734717085207216,0.00022065977049461213,0.0007552816683134363,4.2776847920495615e-05
O43031,0,381,U,test,0,0.999262550567197,4.3970672667464665e-05,3.216962920734005e-05,0.0001018362930624751,0.0003568347740371879,1.240249778675119e-05,0.00016772043378954479,4.562623594188821e-06,1.4960267107472495e-05,2.9922415504808725e-06
O43050,5,340,M,test,1,0.02222489891364223,0.5368848183946716,0.006758382502432559,0.021795032051187782,0.000242357492174602,0.22033707690299797,0.12168169785310111,0.0013517614836767793,0.012577095858360036,0.05614687854775529
O43060,1,302,S,test,1,0.10786136928764713,0.7545784747436332,0.007455647834960451,0.036093768776880523,0.003898275493748979,0.019952346020192285,0.009351476332377422,0.0025565515236137585,0.038647402932745975,0.019604687054200293
O43071,0,558,U,test,0,0.9983516831766936,0.0003395199743813065,3.4213178089235835e-05,0.00012811436115262145,0.0008160583783087333,9.208351630034088e-06,0.0002661021664062429,1.9494079630440252e-05,3.0193022852706673e-05,5.413310854979304e-06
O43082,0,233,U,test,0,0.9971834876738487,0.0007235534620063882,8.133915866002928e-05,0.0002946348935772173,0.000694476814936882,1.276957100546941e-05,0.0009381783761177696,2.206383911313902e-05,4.0581613003698275e-05,8.914597730773231e-06
O43090,3,551,U,test,3,0.0002815496944129449,0.0002563539241283706,9.806411375011675e-05,0.9966789154903649,7.577807192696875e-05,0.00027076369749645413,0.00030561929188048655,1.1803946221104966e-05,0.00040094511329732605,0.0016202066565213444
O43156,1,1089,S,test,0,0.8463417817572718,0.14479200971334952,0.00041960068952994015,0.0020096376874105676,0.0015590057912419834,0.0005735261544006537,0.0005735261544006537,0.0014084443221644,0.0020978716654879224,0.0002245960647425112
O43257,0,154,U,test,0,0.9940466045003448,0.001660722682961015,0.0002070534278222289,0.0011436283274322639,0.0018382524675252948,1.2146479166668585e-05,0.0009157956490940464,3.683374444190568e-05,0.00011797548741497648,2.0987233796786832e-05
O43405,2,550,S,test,2,0.00016505280162424038,9.855753159013899e-05,0.9938985566604845,0.0007072212233742782,0.002296353986211565,0.00027641142653966666,0.00017029213100336408,8.044031115878816e-05,0.002287401182963693,1.971274504972003e-05
O43809,0,227,U,test,1,0.0007289852232893435,0.9346276502642694,0.0003184700523140665,0.023397944449472987,8.843594514749562e-05,0.0007347027293432086,0.0017419269918191314,0.00033375378430283204,0.0006383208486379037,0.03738980971140362
O46028,2,62,S,test,2,6.484435671305158e-05,1.2570652701950178e-05,0.9971085778385236,0.00011469798431059698,0.00036522206907186884,0.0005945532234588161,0.00012996984189296733,6.902646098082056e-05,0.001510849660823637,2.9687911522758365e-05
O48538,4,944,M,test,8,0.013454760582343241,0.002567885994383171,0.004577751473825282,0.006506296897526986,0.08114259223402005,0.32597900542504754,0.10833957168276556,0.01980732267433575,0.39320573929654956,0.044419073739202876
O48723,1,407,S,test,1,0.0064384056631892434,0.4804777759644953,0.005908213039253866,0.07141664562690633,0.0014822052198365347,0.0935094273975471,0.05024788485393586,0.006338587441824438,0.11682983387198675,0.16735102092102455
O48814,4,395,M,test,1,0.0068088153265912525,0.6891132518133107,0.00923412203272536,0.0005049255068448621,0.11881802564122732,0.014930026083140771,0.002604603979416281,0.1254968520977864,0.031116847643949667,0.0013725298750073137
O48845,5,134,M,test,5,0.038989161642454535,0.01095452374622647,0.005573210444398233,0.00012409396729397526,0.00031688504851579667,0.9155580459079637,0.01428739269998399,0.0031019587108310205,0.006364805715272379,0.004729922117059828
O48916,5,237,M,test,5,0.0033113356713942313,0.00010428203987024541,0.0010450151624312623,2.895807771638181e-05,0.0034702502849069915,0.8450061327348619,0.003288776940917261,0.12365172543289783,0.0197179895882036,0.00037553406680027545
O49397,0,552,U,test,0,0.9962890795134163,0.0007908599367709632,4.9677034450205254e-05,0.00021327320716362362,0.0009336825531405862,1.8855275689626626e-05,0.0015944636252944004,4.183225745088875e-05,5.6291454360240194e-05,1.198514226323263e-05
O49432,2,481,S,test,8,0.0019293497813613054,0.0015994872112004433,0.23370464828211343,0.00045826074945467496,0.00871456384330226,0.30960832955855017,0.024632287291368783,0.0016762482121300745,0.41016440165475626,0.007512423415762633
O49523,1,419,S,test,1,0.0017855933176635045,0.8757347329069355,0.009139112677494314,0.0004919827010311634,0.00034886795417418453,0.0139627259117157,0.00047684597263754905,0.07533450820860035,0.018606309826183186,0.004119320523564593
O49597,0,125,U,test,0,0.9975303274636691,0.00022031736280252772,5.906643421303244e-05,0.000623959070794934,0.0006906597484040724,2.704258423859388e-05,0.0007659852291200706,1.0590028200127873e-05,5.13178091336565e-05,2.0734269423923477e-05
O49606,1,141,S,test,0,0.5411425048935213,0.2516546461867219,0.007365505426338922,0.1285326139149811,0.00506223301890166,0.012726452700313624,0.016728605506388376,0.0014057312614198856,0.026215187314102113,0.009166519777311038
O49782,0,352,U,test,0,0.9976709433632993,0.00031935516580253013,3.313793769139675e-05,7.585349482736842e-05,0.0006708136026632013,2.6627081614701028e-05,0.001084593002682242,3.814153368134787e-05,6.960708524778661e-05,1.0927732490083636e-05
O54751,0,299,U,test,0,0.9958374637706926,0.0010209888127906055,7.571409619130072e-05,0.0005443653283329691,0.0014567971430601027,1.68940971492257e-05,0.000940578944457543,3.059125853195997e-05,5.8052010791362784e-05,1.855453800230549e-05
O54769,2,207,S,test,3,0.24639925811028615,0.2622906613605602,0.01143456457592857,0.35571885759102423,0.011614632073731306,0.010012438703788547,0.05082253832127183,0.0012051941814384757,0.03879612755158358,0.01170572753038714
O54858,2,652,S,test,5,0.00638770213123187,0.00010164688058459324,0.010823486131996662,0.001328515439297359,0.025661701110961405,0.9046061020023357,0.0027905804488386594,0.008578820701361838,0.03590717395734174,0.0038142711960501754
O54874,1,1732,S,test,0,0.678210443886309,0.28272017615678807,0.0030204177056721753,0.025687900085013038,0.0044813593566719965,0.0005127112881564915,0.0013936937517065088,0.00017718828440995747,0.0028821027856649507,0.0009140066996077503
O57437,1,286,S,test,0,0.9952408344692019,0.0004423007314126018,6.574213508097678e-05,0.0003148657063955158,0.0017699539209118382,4.518386535399392e-05,0.0019363355182772215,5.985889382034744e-05,0.00010423807825820107,2.0686681287401607e-05
O59676,0,359,U,test,0,0.9986992497203864,0.00045792661976409084,2.9735272542403236e-05,0.00011533059200117318,0.0003559377280993083,3.839948261802154e-06,0.0002991447941086494,1.0116917121771802e-05,2.543392571147851e-05,3.284482002897347e-06
O59697,1,423,S,test,1,0.01737165062856009,0.910345269718702,0.005045574037590334,0.002402053401054544,0.0009260740568063984,0.00938962383946178,0.005085147326169582,0.00315743950746216,0.0340785344565035,0.01219863302768964
O59711,1,450,S,test,1,0.0005458816423549864,0.8575005400997086,0.0013405557284804687,0.027136966150075315,7.988012708691211e-05,0.004619973320326758,0.004421344118067004,0.00037517855258317496,0.003153626539900723,0.10082605372141612
O59714,5,511,M,test,4,0.006483998021953956,9.90180959489946e-06,0.0001524890219102055,0.0010179336913649583,0.9182432113076322,0.024090975048608288,0.0003330666157023868,0.0070935155730860915,0.04228097862194275,0.00029393028820424234
O59746,0,819,U,test,0,0.9947649423794757,0.0010359500570186351,5.890269035672172e-05,0.0003615281229578871,0.0011027631477593415,1.4210934896595741e-05,0.0025440478955272277,3.103953778799461e-05,7.445997773134398e-05,1.215525648864641e-05
O59755,1,548,S,test,1,0.002285576936969042,0.9969927272374841,6.901844019118146e-05,0.0001077362634300764,4.894140245475547e-05,1.27671276290016e-05,9.943050116948893e-06,0.0002245416589620601,0.00018688015199480883,6.186773076803073e-05
O59779,1,658,S,test,6,0.02665191368385981,0.1498183436305822,0.02209521271252702,0.118516052817649,0.0028090910094070586,0.03462513082993621,0.34833806708883036,0.002365491785180761,0.11264791544027286,0.18213278100175473
O59782,5,667,M,test,8,0.06155477800540204,0.005254001325773184,0.0009493786436571248,0.005549331628689398,0.28462639283695806,0.07483158216590587,0.011747934786454925,0.175353242916132,0.3770687259917647,0.0030646316992626642
O59792,0,320,U,test,0,0.9985509135261511,0.0003579762415284989,4.393935881239889e-05,0.00019236082263025564,0.0003527706717817564,1.9805019994196427e-05,0.0004246924127048534,1.4265019923451594e-05,3.475889307981394e-05,8.518033393655466e-06
O59800,0,354,U,test,0,0.9957552526114759,0.0020303110152506856,0.00012003930892446559,0.0005592046800075747,0.0008299894632082586,8.362493940467131e-06,0.0006003053347207538,3.359515291769331e-05,5.203319012820708e-05,1.0906749425941411e-05
O59811,1,463,S,test,0,0.6852702164333451,0.23682306691808724,0.004270317567596974,0.038509578609030204,0.003512667233342492,0.008492540700096581,0.006931409641952611,0.0006756623306631619,0.009585791536317998,0.005928749029567649
O59812,1,475,S,test,9,0.0022051494713837493,0.22669554917439375,0.005047637895912828,0.0022574432331885753,9.918513243557602e-05,0.20320856275933694,0.02235838924643974,0.0015037812772567033,0.009541389393750035,0.5270829124159021
O59893,2,234,S,test,2,3.3032689336440954e-05,0.0002459947273189875,0.994502242144744,0.000524855306257034,0.0003915659253562805,0.00012564181060159996,0.0003085465167605285,0.00014689016915511147,0.003643217932243014,7.80127782269394e-05
O60053,0,440,U,test,1,0.1340332383959513,0.8471161377293038,0.0010394718706309351,0.007314690457743154,0.00152428478734543,0.0009464499335749225,0.0036281133468678726,0.0006206970466327569,0.0012440850329410041,0.0025328313990087984
O60065,9,286,M,test,3,1.719243590670702e-05,0.0002185358454119914,0.00017637184300821606,0.997711602035187,1.719243590670702e-05,0.00012457877948439887,6.746824207479746e-05,5.669463818924198e-06,0.00036830914311968785,0.0012930797760815232
O60104,0,376,U,test,0,0.9875610257866841,0.005964727478032819,0.00019173582718858047,0.0032177289719829355,0.0006141143252926068,0.00010262879147129491,0.0019612039482232117,6.62621372878878e-05,0.0002241619028486332,9.64108309878408e-05
O60113,7,542,M,test,4,0.0018711435470132824,1.7504010991735863e-05,0.0001196182105472045,0.001256226420622774,0.9542491842713388,0.007342925615200088,0.0006724095304259332,0.0026809437599809196,0.03164799448638164,0.00014205014749771541
O60118,3,157,U,test,3,5.734235961544647e-05,0.00021482858288242226,0.0001669007011140535,0.9991544352179675,0.00010423999490318217,1.748843328115054e-05,9.678355725956816e-05,1.2088441802180959e-06,7.537511455443084e-05,0.00011139719424197827
O60142,3,432,U,test,3,0.00021036537450319577,0.00022701537199795128,0.00016383271048036398,0.9991559798771279,3.166751004270382e-05,6.956428271286883e-06,4.465834441041201e-05,2.3301115639796326e-06,7.537523230497138e-05,8.181903929726905e-05
O60155,1,716,S,test,0,0.9388502299396969,0.052966303732222525,0.000918483309395213,0.002657719543524629,0.0017983031061981187,7.02746568079686e-05,0.0004582483408317283,0.0012456480676903542,0.0008764229136745775,0.0001583663899579226
O60161,0,710,U,test,0,0.9981081674510257,0.0007516048325921915,3.529061004833456e-05,0.0001070174513840681,0.0006555613868323184,5.08409442597698e-06,0.00028430359141286233,2.2785330185449497e-05,2.622575548353692e-05,3.959496609578035e-06
O60167,1,649,S,test,1,0.010897794535701852,0.9310512765958603,0.0018114486454044634,0.0048857088704578324,0.00424477739791614,0.0019740048138758223,0.00022147720179369979,0.014444283569303345,0.02672322561414641,0.0037460027555401656
O60171,0,215,U,test,0,0.99756953636582,0.0013235557589801059,7.180934587037007e-05,0.0004207677704616518,0.00024579146108640737,1.297568405795563e-05,0.0001990479719744233,3.211512488422595e-05,0.00011122049571561246,1.3180021149259879e-05
O60237,1,982,S,test,1,0.04044259203449317,0.9204690994450994,0.0017222532612255796,0.0006045677354057057,0.014196684482566802,0.00012475960103852147,8.846780627755184e-05,0.01425224812193891,0.007790544525700059,0.0003087829862543914
O60242,4,1522,M,test,4,0.022019736053905524,5.9016635794607384e-05,0.0001707703018649392,0.0049324971178582,0.9660244180957662,0.003856467615539329,0.0001734595537286493,0.0005643258917394653,0.002020342997856017,0.00017896573594707718
O60292,4,1781,M,test,1,0.018894889569105768,0.9615812025528587,0.00029833270271350344,0.003084505927551071,0.007457379027365436,0.00013238433792884548,2.9080977608708398e-05,0.0024400450400792278,0.005450609531514404,0.0006315703332743015
O60306,0,1485,U,test,1,0.0366606316963574,0.9603794378250909,0.0007231939671719328,0.0004951057023442775,0.00024318772709792773,0.00014521403363480185,0.00016714033872150904,0.000502902444999263,0.0005879525807270669,9.52336838548619e-05
O60462-6,2,555,S,test,2,0.006188603279514036,0.0005134778659772095,0.9578600055006813,0.005509635628382251,0.016225378162790332,0.0008205352529800717,0.0010618515722026552,0.00027058382818312133,0.011415980195114665,0.00013394871417434832
O60477,1,761,S,test,5,0.007349864083505921,0.000263568204131959,0.27580161535240727,0.010124864656069977,0.0888428666135992,0.5152652568663917,0.01955434423212242,0.003526503196128979,0.07481319900165681,0.004457917793985829
O60478,8,399,M,test,4,0.010531696925271958,0.0001341372463524015,0.00016434839149243404,0.0032625677012564393,0.9010928048766365,0.015748313346276993,8.935467126475324e-05,0.022382865651642225,0.046286867977716376,0.00030704321208992717
O60508,0,579,U,test,0,0.9986515729718485,0.000625881646512938,3.265625130745185e-05,8.536820462484592e-05,0.00036365022589494503,8.789309442417426e-06,0.00016911305597386918,2.2797733645323e-05,3.4223456024570706e-05,5.947144725173669e-06
O60635,8,241,M,test,4,0.011060433793337321,8.729844091537079e-05,0.025766554128521264,0.007469260823043725,0.6856225934218044,0.009741752700047587,0.0023595060462467364,0.034537513842859566,0.22258906732699996,0.0007660194762240581
O60667-3,2,306,S,test,4,0.01194256185626131,0.00033803051735054263,0.4333869269783701,0.004795724116774292,0.5146597088292044,0.0035223588761592105,0.0032576495233251016,0.0006722539625942766,0.027169626525618634,0.00025515881434211513
O60858,5,407,M,test,5,0.002238216882039155,0.0006071326984120503,0.005583088559228899,0.0006462893424160518,0.0002652366323634328,0.9537170836633541,0.010636306710494436,0.0007438744890814722,0.0065272913554715786,0.01903547966713889
O60896,4,148,M,test,4,0.011313410598501317,0.0005926034222521701,0.11293021527361681,0.008407413358549611,0.702675411542563,0.018149536668344457,0.0027401703779510443,0.016048225358406738,0.12598275237793452,0.001160261021880402
O61577,1,516,S,test,0,0.9951954814381677,0.0036743515249276115,0.00010342217697507468,0.00021724092522911582,0.0005120533307958784,3.687631441544101e-05,9.715615192411862e-05,3.925463194071247e-05,0.00010754204937418927,1.662145625014466e-05
O61661,0,512,U,test,0,0.9041429008877845,0.06549589224978672,0.0007867162797521778,0.0012571690391146,0.0008984581647992992,0.0006223438435058309,0.025250915010225944,0.0006031963173573529,0.00043446599002755227,0.0005079422176459813
O64425,5,249,M,test,3,0.029738687885142095,0.003221324339629693,0.010373205825874716,0.9215366562873565,0.005787671460698884,0.01564060748375898,0.006532722930508939,0.00013295993461941524,0.0019085713948525653,0.005127592457558242
O64538,1,134,S,test,4,0.27661306011336284,0.002567498743925737,0.0004158708959121901,0.035167407683528086,0.674009808372654,0.000853311688583074,0.0034549469559619975,0.0027761280417604992,0.0035368788963335406,0.000605088607978047
O64654,6,275,U,test,6,0.011677575786311773,0.00021810070942120878,0.00011183092751283855,0.0001218664379912978,0.0001493138760178512,0.00011096065018618857,0.9874939735696878,1.6237131373664318e-05,1.304690213172577e-05,8.709400936567851e-05
O65009,8,282,U,test,5,0.00368964831433176,0.00031247874508681536,0.07295961497203057,0.013042672083862011,0.001914164278503069,0.8349786111059981,0.002290954525990691,0.001514228565406908,0.06540058236743762,0.003897045041352386
O65272,6,1174,M,test,6,0.004395001135731685,2.0037350775867674e-05,2.5329584070492804e-05,4.308707171824297e-05,6.778547737483178e-05,0.0007118808043422625,0.9946020917393715,3.055331058567953e-05,1.443236135030816e-05,8.980116467905096e-05
O65312,0,689,U,test,0,0.9982098206110392,0.000835291955145445,3.367796664116763e-05,5.957024671896308e-05,0.0002597741533926001,1.641333066012572e-05,0.0003911113140430717,7.29869939271993e-05,0.0001148246568585716,6.528771573611006e-06
O65375,2,744,S,test,2,0.0020633957595327917,0.001792709172183912,0.769874897351012,0.03503628568587111,0.003025769826157572,0.015623835454749317,0.023430545691768265,0.00039380598077125306,0.14465520285189473,0.00410355222605905
O70237,0,330,U,test,0,0.9975002887302884,0.0004014715484138069,3.5824527438173684e-05,0.00017564702567964807,0.001323463840990053,1.381158481304184e-05,0.00048497699951295496,1.1813674536332774e-05,4.745978188545876e-05,5.2422864421411135e-06
O70491,4,670,M,test,4,0.005408050759387147,0.0001138967619975267,0.00036766326589419084,0.0009315547527556119,0.7894110473291509,0.04968296981750573,0.00021278716626519544,0.09282000076042972,0.06087284463153811,0.00017918475507590166
O70608,0,1505,U,test,0,0.9912241874534887,0.004699133786743653,9.526819237660539e-05,0.00024518388490711856,0.0014557238574737699,1.604578228003639e-05,0.002060934457397129,9.233710225566306e-05,9.829233470994833e-05,1.2893148367372047e-05
O73753,2,175,S,test,2,0.00017100648301864252,6.290976516481235e-05,0.9523628761277775,0.0013609253843955096,0.0004871521267488996,0.021708332075720847,0.0002775709207049962,0.00021282098597568032,0.022750135498857817,0.0006062706316353619
O74172,1,88,S,test,0,0.9888440589233819,0.002012285438648426,0.0007834184027214413,0.0004902507161543539,0.0013918289708763037,8.003123306274524e-05,0.006019318815099731,4.7788830513607665e-05,0.0002484469779202235,8.257169162131539e-05
O74308,0,547,U,test,0,0.9955905256499256,0.0004355964821771171,6.785284294009235e-05,0.001200373726928858,0.0008825108046129954,4.964220373609996e-05,0.0015747827768661073,1.4674207024871185e-05,0.00014477109321359057,3.927021257474085e-05
O74317,3,113,U,test,0,0.8398091204762159,0.014734708946567443,0.014908396906257853,0.03981909352214803,0.044682453251041095,0.005614553914691937,0.016992703645291686,0.0003791018639752598,0.021251273583693605,0.0018085938901171148
O74356,3,585,U,test,3,0.00035218891533182555,0.000393279012798569,0.00020704118628944005,0.997878192775964,0.00029773358223421413,2.3503198437582635e-05,0.00025968783274144355,3.6043322740747934e-06,0.0004473876901719852,0.0001373814737568128
O74362,0,334,U,test,0,0.998883597318754,0.00041297121916800074,4.361194148236857e-05,0.00013751989701102162,0.00016203803897784977,2.1758806168116957e-05,0.00025817854919044406,1.094101497949023e-05,6.150269786723418e-05,7.880516401479245e-06
O74434,1,626,S,test,0,0.9953149997328805,0.001556005164883146,3.805146284361639e-05,0.00017322037494860236,0.0003674244379616088,1.7974239084730696e-05,0.002428889847685162,3.305968640024052e-05,5.80215517598736e-05,1.2353501552525613e-05
O74443,0,272,U,test,0,0.8698398245431532,0.11058772801022344,0.0012381540140541684,0.011078738492491353,0.002331318812062686,0.0002872748320163568,0.0005451518294570943,0.0005041830696842499,0.0032621013645106308,0.0003255250323468141
O74454,1,1066,S,test,1,0.0003507731402769301,0.9822878349467613,0.00025265240912761456,3.2626986398605214e-05,7.015903874174312e-05,0.00021950820390621097,2.1397298534097225e-05,0.0144563587347246,0.0018888687635646175,0.0004198204779642577
O74462,0,452,U,test,0,0.9822525970872024,0.014914717566834039,0.0003618948825681726,0.0010430950096329808,0.00031197288455429243,9.008275438333875e-05,0.00037338265781193053,0.00011387527111989821,0.0004468805309508593,9.150135494212564e-05
O74509,8,341,U,test,1,0.004259142108808617,0.6676441321358001,0.0016809856139199182,0.022207609824311254,0.001483464689577704,0.057884105881819484,0.008470315522159625,0.04893407825937692,0.11511628603032002,0.07231987993390637
O74531,1,361,S,test,1,0.0006598849488510565,0.9968722861373805,0.0002465809615593447,0.000813457700876434,2.1714993726898463e-05,0.00012792452326342452,0.0001299390465915656,0.00021423326439008085,0.000417813101593171,0.0004961653217674733
O74551,5,238,M,test,5,0.003944579464978271,5.8507801114386384e-05,0.00011455271272427564,0.00049759429467277,0.0005594603572433515,0.9880959895788235,0.001801116623638214,0.0008699005154226812,0.0034810791391021315,0.0005772195122804021
O74561,1,967,S,test,1,0.3751578936648408,0.41203034029629404,0.003735837303356782,0.009997619341587138,0.012638174961092864,0.0043676360622150814,0.007429599780991114,0.03442128383988378,0.1337666663973204,0.006454948352418009
O74563,0,680,U,test,0,0.9960057585624269,0.0019227434811130877,3.8677511752443233e-05,0.0005525589469644308,0.0006984146624780862,1.0573843174704521e-05,0.0006196681338450183,4.4517541203216825e-05,9.35102330971077e-05,1.3577083944989822e-05
O74628,1,292,S,test,6,0.010523253501136502,0.04923261071903881,0.0035943696722773406,0.0016978601036607152,0.00031901847764397907,0.09489833066975702,0.5678564608968469,0.0005960049145035202,0.0072043222330577155,0.26407776881207745
O74648,1,246,S,test,0,0.530846616003046,0.4332644022082183,0.00411689018103538,0.018307040019242035,0.0028965941344934443,0.0005659345350577149,0.005475340470695882,0.00041404654461102923,0.00338646162334177,0.0007266742802584176
O74734,3,244,U,test,3,5.6451739032702574e-05,0.00039647178382714313,0.000111611799065724,0.9991259538152936,3.0216438844797192e-05,8.793484577148204e-06,1.2596085776108682e-05,2.8997835020010137e-06,0.0001407464812136971,0.00011425858886711764
O74761,0,459,U,test,1,0.01158994042922371,0.9425368897150938,0.0002924241599090572,0.001439362155680791,0.00012775066058085696,0.004917084080581212,0.002873717055226716,0.010824133386106171,0.01163530329201866,0.01376339506557907
O74765,3,425,U,test,3,8.99564163833863e-05,0.00022792412568608237,0.0001845785841391447,0.9963215368576966,0.00043252397650009506,0.00047969642428466805,8.190625340183017e-05,1.515113274815115e-05,0.0007650570308629671,0.0014016691982970768
O74830,1,220,S,test,6,0.214440383013412,0.00796504794472125,0.0013573465152289946,0.028851798521729,0.002345284435408864,0.09665584301630648,0.6108837682932599,0.0009328897186318944,0.00799622210201145,0.028571416439290225
O74879,0,634,U,test,0,0.9977598097066384,0.0013765427155303983,4.124450386026431e-05,9.817046429025002e-05,0.0003930403872450461,9.202892129397045e-06,0.00021027665738020674,3.0175122164974363e-05,7.645523075045504e-05,5.0823200106416715e-06
O74886,1,236,S,test,5,0.007709720572286213,0.031246144084234286,0.002664408086371376,0.06556926263075917,0.0013397485713390475,0.49212461284915654,0.05923689091806921,0.005135781398340885,0.04111241390185158,0.2938610169875917
O74890,3,445,S,test,3,0.0005455918037094844,0.00026903455158305736,0.00023192226052603157,0.9903139141618456,0.0015618539377334764,0.002279151429366698,0.00032451760402841336,1.0350421680637322e-05,0.0014794557478512527,0.0029842080816753474
O74942,0,610,U,test,0,0.9826220663012498,0.015393949723265377,0.000144005991632065,0.0005477354496579389,0.00035089249947764284,5.134691512942837e-05,0.0004505548746361044,8.734404018674537e-05,0.00031453800119604083,3.756620356883284e-05
O74964,0,803,U,test,0,0.995331106008246,0.0022817677759509,0.00010025387720477878,0.00027680981949436336,0.0008671191731501064,3.746213760130754e-05,0.0008176714160854225,7.334729870529112e-05,0.00019174056020108239,2.2721933360750818e-05
O74974,0,652,U,test,0,0.996470061046502,0.001418402954052353,6.63395963854729e-05,0.0004332226093338183,0.0004658876998292631,1.0578772724811148e-05,0.0010623347131442735,1.799509787005879e-05,4.523967288028634e-05,9.937837277576898e-06
O74994,1,746,S,test,0,0.4793765673261978,0.4036755418966798,0.04051950057992616,0.004414905637720214,0.0076282729489036165,0.011631726806978118,0.005713312218798451,0.03362466275902727,0.011631726806978118,0.0017837830187904138
O75001,0,760,U,test,0,0.9361261233051728,0.040810434208671365,0.0008946034432951703,0.0005775993558072525,0.00163262266912362,0.0027771845113104656,0.0063137309051847605,0.0012420338435073196,0.009123840700863696,0.0005018270570636228
O75064,7,1496,U,test,0,0.7615606606080936,0.1753212148780176,0.0011813050776524124,0.008593403015083127,0.010528858289411877,0.004934776299685392,0.004896373208211104,0.007947598710202767,0.023542500439691125,0.0014933094739509663
O75072,7,461,M,test,5,0.01305553948320568,0.00034859856588278636,0.0001430645533684677,0.0005233083584048386,0.0016761141393946432,0.6402064181753542,0.01787969324271262,0.2931078448124459,0.027477105839213683,0.005582312830017161
O75151,0,1096,U,test,0,0.9935103272775208,0.004897595710379125,7.096060194895474e-05,0.00019440375154644514,0.0008281182900687958,7.1366946812545515e-06,0.0003458859691145086,6.360867039132114e-05,7.436606223468069e-05,7.596972114132068e-06
O75170,1,966,S,test,1,0.010825325084209332,0.982107535733144,0.00030949936206006636,0.0004538508390377332,0.0007084511109690588,0.0003294603736499719,7.948601824241663e-05,0.0029436262564487264,0.002030049619786443,0.00021271560245225745
O75324,3,88,M,test,4,0.050716705162713226,0.0004707481087554504,0.0012020975010047484,0.0014500062549049635,0.6035433357145394,0.03313115581780852,0.001567830433893616,0.20857900192904372,0.09852573931732392,0.0008133797600123878
O75363,1,584,S,test,4,0.0045894520566120926,0.00012230474689283843,0.00045798132169713225,0.0021342933708186664,0.9910456784413362,8.275553615071679e-05,0.00010963327349121982,9.982222648135934e-05,0.001327155540141194,3.092348637865685e-05
O75367,0,372,U,test,0,0.9994672705297003,6.324454927287413e-05,2.9068793487328005e-05,2.4863855370398368e-05,0.00022117671560531457,1.8049223870522214e-05,0.00014661780399438966,1.2212715798442123e-05,1.4502958237903083e-05,2.992854662538152e-06
O75462,2,422,S,test,2,0.004087123054756581,0.0008174760665231384,0.48740303113525557,0.005126401274002333,0.40407129788200113,0.01392140041705926,0.001900688845786626,0.00576376770515606,0.0759227493090421,0.000986064310417212
O75475,0,530,U,test,0,0.9990181043892038,0.00015554733305145116,2.1761736888796155e-05,1.5674390433636867e-05,0.0005150251251925176,1.6685301102295014e-05,0.0002201079256193668,1.861379918533782e-05,1.5921225484443954e-05,2.558773838396874e-06
O75554,0,376,U,test,0,0.9962720637877173,0.0012272815541624741,0.00014600644013801583,0.00021078490139219466,0.0005414212360241449,3.5225690555834204e-05,0.001451750832207515,1.5150380565228576e-05,8.516479667207271e-05,1.5150380565228576e-05
O75607,0,178,U,test,0,0.997886728380077,0.0007543791518343085,0.00013315583202963365,0.0003921318609890577,0.0005781201826226158,1.9485001973829385e-05,0.00011568778555546218,2.5019237277692305e-05,8.664614966251668e-05,8.64641797795584e-06
O75879,3,557,U,test,3,4.5009916776810766e-05,0.00010588478955588776,7.081053464264754e-05,0.9991851219115141,0.0002367581419188927,3.371087145494872e-05,1.7217827521036495e-05,8.84436397086954e-07,0.00013306893800618615,0.00017153263221238925
O75909,0,580,U,test,0,0.998492006121079,8.94508158127301e-05,1.591284140209057e-05,7.300762979489408e-05,0.0008161730787878301,2.38880049722559e-05,0.0004402923473744579,1.4488806264055307e-05,2.749492497903679e-05,7.285429533577354e-06
O75934,0,225,U,test,1,0.28058212371645663,0.6323015549255538,0.00195055986142753,0.06260633329420703,0.002563962423042764,0.0008005081148705155,0.003292193097433904,0.0007758790571018005,0.013206566390295724,0.0019203191196102472
O76090,4,585,M,test,4,0.012126082115235044,0.00019145954157187575,0.00023827524490939938,0.0013605086923479245,0.8702636569601917,0.07256054058121345,0.00042477155076338916,0.016253812264136507,0.026279684911215552,0.00030120813841518813
O76200,2,83,S,test,2,0.00023265844991599265,7.43621107604887e-05,0.9934574871517371,0.0008627443508578142,0.000907687062125036,0.0003926855063338866,0.0006550606076771501,0.00012260238745625428,0.003199229535303801,9.548283783245962e-05
O76927,1,83,S,test,0,0.530453653230687,0.1722130831238949,0.023581237186994952,0.21940516237828409,0.01872730526279228,0.003105291695804261,0.018080362071356694,0.000992510763285972,0.008117685586362635,0.0053237087005371525
O80678,0,451,U,test,0,0.9975771844118038,0.0001869897051168151,4.528993547542453e-05,0.0002304509231350746,0.001333946666664735,1.318012234959725e-05,0.0005571588707660891,1.6148623175758106e-05,2.970186301832773e-05,9.948878494414133e-06
O80839,1,226,S,test,0,0.9417652526987917,0.020969490212169494,0.00036362978458887935,0.0027613640527208608,0.030272996125871095,0.0002499188556187392,0.0005810787208476854,0.0011376970706265537,0.0016945946425383149,0.00020397783622666687
O80885,6,447,M,test,6,0.0014390150760615916,0.00010262577731856883,3.105552336860735e-05,2.3441939259031274e-05,1.0901513968514073e-05,0.0027095198999172775,0.995277316194238,4.2117536781575545e-05,2.7837991130236376e-05,0.0003361685479566414
O80931,0,367,U,test,0,0.9990394917696924,0.00010422800038700211,2.4659805203218292e-05,5.386196537287419e-05,0.00029145953032128324,2.210490538495717e-05,0.00041062260544883373,1.1648466410724993e-05,3.587980683210511e-05,6.043144946618787e-06
O80939,4,675,M,test,4,0.06768063492063774,0.001965482031276004,0.010460566785324607,0.02729209154558324,0.3864442428779364,0.10815334377985608,0.007834602189295891,0.0058678458759003444,0.3804529627669645,0.003848227227225254
O81027,3,468,S,test,3,0.10463948313952648,0.027296842397074944,0.0008178785027665235,0.6261459449049992,0.0030626206905554083,0.0028104185429866937,0.22325920559631574,0.0011355118805055646,0.0024417340209692564,0.008390360324300222
O81242,0,355,U,test,0,0.9976283096834794,0.0007395964911562069,6.437328033441101e-05,0.00025659812041620075,0.0007424912161057581,6.324215914617367e-06,0.0004926775181595946,1.4476274105607056e-05,4.974381186318649e-05,5.409388465034571e-06
O81645,1,965,S,test,1,0.00019032465618331747,0.9957299232455344,6.681024060258021e-05,0.00022078046325118102,2.8734724665943914e-05,0.0001653569296493524,4.737555274730278e-05,0.0018057501791587513,0.0007260573764003677,0.0010188866318067127
O81796,3,368,U,test,3,0.00043853237153152397,0.0002588088843941894,0.00012035730696685843,0.9983930753683863,5.8657461996242794e-05,4.7502260270996385e-05,9.595720517336795e-05,1.600237932610519e-06,0.0002583038748101599,0.0003272050285377224
O82261,6,607,M,test,6,0.002215761611748887,0.00010403815386924308,2.0090086334449202e-05,0.00016327587619918086,1.6142837218996698e-05,9.145539566336589e-05,0.9972197507100427,8.24495475807233e-06,6.729335392931089e-06,0.0001545110387722088
O82268,0,219,U,test,0,0.9948729752058065,0.001890781189917983,0.00010099366405398881,0.00031598125262153557,0.001861467343063663,1.3351388207403291e-05,0.0008276360185879562,3.924191027798912e-05,6.780394326500403e-05,9.768084197892606e-06
O82291,6,376,S,test,6,0.0020167731348686526,0.0001555168391711362,4.0253285406493926e-05,2.3115515368631378e-05,1.717799153460781e-05,0.000713506476648504,0.9968733948425953,3.932081679775095e-05,1.2372844169450801e-05,0.000108568253439478
O82359,3,364,U,test,3,0.00022852859748391955,0.0014613707447670805,9.563774818738799e-05,0.9950692349319066,4.8089677919411586e-05,0.00011357263903921277,0.0016820273393728898,5.395512387490021e-06,0.00011268880677285974,0.0011834540021631915
O82499,6,141,U,test,6,0.0024330420299174893,7.821000994714132e-05,4.894257161510174e-05,0.00011513627692614566,5.766844480464676e-05,0.00012794304515587152,0.9970165679761918,1.1624879983721626e-05,1.2767433497327671e-05,9.809733196075044e-05
O82743,0,219,U,test,0,0.9988819421955946,9.98285659294995e-05,3.423135194043111e-05,8.406408598633967e-05,0.0003518552958814131,4.194112628051993e-05,0.000427747275070895,2.142143050880049e-05,4.7898268253508e-05,9.070404554055011e-06
O82804,0,695,U,test,1,0.018965726851608578,0.9576750464993099,0.0013955079582815284,0.008941294688246058,0.0022739984720587564,0.00021737822833520017,0.00011455027641681639,0.0005133787089720414,0.0077835186931688735,0.0021195996236022126
O88286,0,1684,U,test,0,0.996236235363436,0.0019082220407691578,4.383750509111108e-05,0.0003728270711929946,0.0006404238913642191,1.09120179755566e-05,0.0006486060838101736,4.96743981705952e-05,8.0629511457022e-05,8.632116733185768e-06
O88291,0,580,S,test,0,0.9971745483306683,0.0009986768015165183,3.995209596411052e-05,0.00032107201751184326,0.0005563903512482714,1.5164105010970611e-05,0.0008119183858046111,2.6613833485159513e-05,4.4569782681188896e-05,1.109429610902549e-05
O88343,4,1079,M,test,4,0.012762871998439194,0.0002468999605073478,0.0003945449563813035,0.0009918859044511573,0.9599228018003707,0.0024936010119846466,0.00044707803383685,0.0017071437732214699,0.02087866652684961,0.00015450603395775943
O88703,4,863,M,test,4,0.0753080973375944,0.15726239550865714,0.003420513728586932,0.004976817736800835,0.4844022857316147,0.03861415281010422,0.005215660526828775,0.10193364044506198,0.1224760752334956,0.006390360941255412
O88705,4,779,M,test,4,0.000558885568533933,9.504125751544658e-06,2.4651826816374005e-05,0.0001213405445029284,0.9987162609958835,7.077730645995449e-05,2.583489181564862e-05,0.00010834491571869734,0.0003573369580129969,7.062866504399897e-06
O88728,4,134,M,test,4,0.0012759010368526363,1.069908140586209e-05,0.00011148699002268147,0.0007678507443594345,0.9616519924362101,0.01995845039311684,0.00025921502834584393,0.0013423662660532445,0.01415266025883458,0.00046937776479869284
O88850,0,1191,U,test,0,0.9957172386929163,0.001568842929792933,5.043037219874238e-05,0.0003041340712777884,0.0012904949399022278,1.1609730012440832e-05,0.0009404653789410741,4.5917375764115645e-05,6.276161073270285e-05,8.104898461662074e-06
O88871,4,940,M,test,4,0.002340357389515026,3.2801717700488056e-05,0.0002386160646130735,0.0005547989554149526,0.9875484163554406,0.00526378600870792,0.0002746454114861759,0.0010820087616380187,0.002575405033671436,8.916430181232126e-05
O88958,1,289,S,test,1,0.0023947513217540094,0.9567229049928793,0.0003871333087165813,0.03709617127951727,9.19522229439321e-05,3.3827330271265956e-05,0.00039942225394580495,4.999355639116235e-05,0.00037230246438286807,0.0024515412691978903
O89017,8,435,U,test,8,0.008360621048915759,0.00014611779530187028,0.15409900871016918,0.011338684069826686,0.3445650145232079,0.08057253354383302,0.0059285682083897225,0.0013228424778872888,0.390443303071599,0.003223306550869508
O94091,2,468,S,test,2,0.000115649655078247,0.00024103457150562708,0.9820921194908534,0.0016759733455241634,0.0004646063191506853,0.00078111440641154,0.0009422038327954318,0.0001352081441127207,0.013367282610116863,0.00018480762445127378
O94251,0,102,U,test,0,0.8492440973568702,0.032672514785409466,0.0007051086611756894,0.10966954141755013,0.001190096194875737,0.0003955301254669411,0.004310886574716336,0.0001501262955789696,0.0008115751345167442,0.0008505234538397263
O94275,1,807,S,test,1,0.008562486082227186,0.9629936210891096,0.0016405750202201884,0.00012650756187589196,0.00019290099108720216,0.004439990223638627,0.0008444956091058253,0.005528356533539725,0.014852553606686766,0.0008185132825089649
O94278,0,857,U,test,0,0.9953956970190282,0.00044583908983199326,3.631190325861059e-05,0.0006151447318029598,0.0007194404138025518,4.7359649246357e-05,0.0025656267686784647,2.16828287235553e-05,0.00010840731876887467,4.449027685839842e-05
O94284,3,459,U,test,3,5.2580710795254254e-05,0.0001835247078410955,8.874675351699749e-05,0.9984025673284819,7.473225630231747e-05,0.00015274282598665842,0.00014978851096870318,1.8133243426513485e-06,0.00025293944740401345,0.0006405641343604068
O94330,3,500,U,test,0,0.9563532145039036,0.036506936982585905,9.049165492167004e-05,0.0022842048845227786,0.0001468824380479695,0.00011087268961490957,0.004001082033880736,0.0001296233131281149,0.00014919550869442908,0.00022749599069985907
O94358,3,845,U,test,0,0.9793228296948808,0.017658835972900015,0.00011177541895763393,0.0007064423685838489,0.00041529604822754517,7.10487757521019e-05,0.0008356504588031437,0.00018428650945270694,0.0006533523813332662,4.048237110890305e-05
O94378,1,860,S,test,1,0.1311072665821367,0.8416722982917244,0.0037483967985971938,0.008373225754650097,0.0032822058892656007,0.0003149837554824202,0.0005274985267405239,0.0006564824936448375,0.008826632633686816,0.0014910092740713949
O94432,0,474,U,test,0,0.959551601988008,0.02497882906346435,0.001964150544415245,0.0011147760868288417,0.000279666089915563,0.0040380542252286865,0.0054470781526943434,0.00013629835465919993,0.000802943124849189,0.0016866023699365093
O94433,5,172,M,test,5,0.0018085176174645503,4.2615407554137293e-05,3.021884921590599e-05,0.0002981296282967141,0.0002714501177402071,0.9837144044131609,0.00044406278296786774,0.005003239507504754,0.007629029008010656,0.0007583326680842807
O94438,1,252,S,test,0,0.9930037307955277,0.006384411939965959,4.041151400748601e-05,3.196813673614625e-05,0.00014552745339402166,2.777439869010836e-05,0.00016881479473700425,7.85061667876532e-05,0.0001081468157609717,1.0707984392947396e-05
O94439,8,728,M,test,5,0.006146242588388777,0.00016788082427050618,0.0007642381506047155,0.0007179352935273585,0.004858518186879345,0.9204605539197148,0.004212917439648508,0.009568418706143745,0.05192883119265505,0.0011744636981672223
O94500,3,452,U,test,3,0.0001232450416676301,0.000434388896651364,0.00011177840333838899,0.9986649497766766,7.302027040633964e-05,3.1651946265798336e-05,0.00015338093324466208,2.0553056154256453e-06,0.0002108788889271843,0.00019465053720658807
O94510,1,433,S,test,2,0.000759395520557308,0.0015951295834548986,0.8727441376626311,0.019971349088200516,0.0004534557529471575,0.026354590143922222,0.007383010847732421,7.402462017006084e-05,0.03602245174929399,0.03464245503109022
O94521,1,333,S,test,1,0.0002219676767215331,0.7857600323627731,0.0015050692961696677,0.14087900713337115,4.303039499704504e-05,0.0014587631271129086,0.017910756385524914,0.00010988196744105168,0.0034250103977009967,0.04868648125818759
O94527,1,809,S,test,0,0.9982312529745951,0.000341140695495797,2.0427156262053426e-05,0.00012611292550788802,0.0005036810906086015,2.3511513712215208e-05,0.0006897964094206956,7.633070872048355e-06,4.12639890619396e-05,1.5180174463571215e-05
O94532,4,1461,M,test,0,0.9884296244876127,0.00430001026481704,0.00013189389889081444,0.000347494116978313,0.0007619675618335575,6.632041710330677e-05,0.005268482907826534,0.00015180892405079903,0.0005095664348913834,3.283098599550308e-05
O94566,1,551,S,test,1,0.002368711121137171,0.8700893945412623,0.0017879969319896214,0.0014366958937748419,4.07559265244847e-05,0.04720658715659308,0.014118729811551238,0.00493681793589787,0.0061680161106608886,0.05184629457060847
O94598,1,815,S,test,1,0.004034327875366671,0.9192431255861426,0.0009954360027553597,0.00010824865260190249,0.0006735457488913784,0.00013262902355133283,0.0004813614174482902,0.06978546137737178,0.003292421018992436,0.0012534432968782376
O94601,1,321,S,test,1,0.0042125014227793025,0.9025680941600871,0.00044053920633396694,0.0009927704146866889,0.0006613276725858934,0.01646666214681467,0.0004011155071805709,0.06436815802810485,0.005757806773390761,0.004131024668036225
O94639,5,408,M,test,4,0.0022286845069123267,1.3956209395099436e-05,0.00014317240921657873,0.0033751862570689894,0.9769341592830163,0.004135364264926629,0.00010807220356469156,0.001609971008354456,0.011373592367264176,7.784149028079952e-05
O94676,0,1097,U,test,0,0.9819786986201335,0.011795222999650266,0.0004131816981668304,0.0020417114240011856,0.0023684267888224903,1.6921328498171264e-05,0.0010780096899756014,8.199840849574745e-05,0.0001876962374959248,3.813280476020487e-05
O94682,1,253,S,test,1,0.1585844738211077,0.8309232503709996,0.0009211337211740715,0.005342332589110964,0.0017964610404975411,5.1562397305702876e-05,6.219612193360591e-05,0.00031096106644608687,0.0018607412731559477,0.00014688759826876944
O94704,0,168,U,test,0,0.9969375437839045,0.0007760681219355267,9.286932518723143e-05,0.00014724987120882165,0.0005743712606660988,5.3748643710984236e-05,0.0013073070440443736,1.946646634134487e-05,7.820381173859149e-05,1.3171671262487957e-05
O94745,3,502,S,test,3,0.00014470318243387588,0.0001516476481027771,0.0004580729451667515,0.9951235439486363,0.00013807674890359801,0.0011031606622080295,0.0011561023976656135,2.1130283391429185e-06,0.0003709587691914424,0.0013516206693524203
O94752,1,454,S,test,1,0.0019554874680691777,0.9972630405717712,1.5165450745923467e-05,0.00045637586590774716,1.7455327590481534e-05,8.777089379569236e-06,2.009095797063342e-05,3.364602451714165e-05,6.434970972944626e-05,0.00016561153431874544
O94753,2,361,S,test,2,0.000301494140234705,0.0003811243141332508,0.9567052516907739,0.002871692351909546,0.002456288732091877,0.004482648704973086,0.009342642300737322,0.00016137818983828658,0.022150728376756555,0.0011467511985514354
O94804,4,968,M,test,1,0.0014223272172662184,0.9953313278227552,0.0005746721179394098,3.410967044858813e-05,0.0001872989487624242,0.00014138064307798141,8.182484295285069e-05,0.0012862209448650265,0.0008509707822515762,8.98670096806524e-05
O94888,0,489,U,test,0,0.996891438961029,0.0023950207978487015,3.363348514540121e-05,0.00014271285908762366,0.0002666227228473872,9.636154572945088e-06,0.00017080492398235947,2.460678297211416e-05,5.588715794146992e-05,9.636154572945088e-06
O94901,0,812,M,test,0,0.9877870483515346,0.008348064408135231,0.00027903786299937264,0.0008972335231580255,0.000321170609487992,0.0002747117527884445,0.0012554554371356499,0.00021394574263103685,0.0004935676613589482,0.00012976465077063897
O94927,1,633,S,test,1,0.0008754936354277626,0.8606239010646181,0.00035930186061656843,3.907226639244561e-05,0.0003824748560331559,0.000666040395048508,9.977452303047018e-05,0.131980950598224,0.004394324825965307,0.000578665974643728
O94966,5,1318,M,test,5,0.1596914524595066,0.11774909457925536,0.004655676878714125,0.13187272803713143,0.10270258750816895,0.4256903813314472,0.0021991860049803266,0.004728992919855309,0.03815294417223399,0.01255695610870668
O95232,0,432,U,test,0,0.9982098789337573,0.0003103022973565591,5.38172405179874e-05,0.0005483330779310568,0.00046553470394282767,6.491597353469578e-05,0.00024213612391764446,1.5908345516900926e-05,6.491597353469578e-05,2.425732999027375e-05
O95445,2,188,S,test,2,0.00282784806220156,0.0011605464543952076,0.8217128397666641,0.02206965157948899,0.013770433809521651,0.004146765091749053,0.0041144947673411696,0.0011425537694775135,0.1279981770219002,0.0010566896772605252
O95563,3,127,M,test,3,9.00513136612284e-05,9.813236411566068e-05,0.00014503022326375046,0.9973726134854664,0.00013102390151237356,0.00018915506915277575,0.00014167060768790308,2.206802361347823e-05,0.0013336731599503456,0.0004765818515761702
O95684,1,399,S,test,1,0.004462117915369185,0.9844744141848449,0.00027379050785278515,0.000955622693864502,0.0011708534288595045,0.0007442397189935004,3.8229720219599626e-05,0.002226233308626742,0.004910258802375751,0.0007442397189935004
O95747,1,527,S,test,1,0.21242444315218734,0.7299393021100833,0.006073280810563734,0.012932690899696755,0.006618285585007182,0.001080405402554607,0.0005265475351257306,0.00651567853125472,0.022389371635530536,0.001499994337996072
O95834,1,649,S,test,0,0.848737992862157,0.08403644184790475,0.007908746576177626,0.00020507603209726858,0.007517157519254686,0.007970775460731147,0.010155031691280162,0.008551393685326734,0.023842862748673796,0.0010745215763967733
O95841,2,491,S,test,2,0.0006943839301984918,0.00035743822804168337,0.9403077449910214,0.0009946590186694392,0.0003105476903735106,0.03319692545373167,0.0032741258766004725,0.0004448390468094057,0.01966852772817086,0.00075080803638307
O95926,0,243,U,test,0,0.9990931741965472,0.0001985747947753746,4.002896454721529e-05,5.869859519619853e-05,0.00023352175759135238,4.866284503849399e-05,0.00026812645936141174,1.8615197391122328e-05,3.1665520486319655e-05,8.931669065302672e-06
O95931,0,251,U,test,0,0.9931114658552137,0.0011742251845781814,8.827643057138508e-05,0.000550348289761594,0.0038727618704650253,1.3750816651054764e-05,0.0010505148310315726,4.6518413505473756e-05,8.037661167338701e-05,1.1761696548637042e-05
O96693,6,488,U,test,5,0.00207237774353665,0.0003774080095454022,0.001901720572177594,0.008862434521423861,0.0002718368083981016,0.9622954925973864,0.004517656564931268,0.0015400602080863552,0.013726407096754234,0.004434605877760119
O97859,4,428,M,test,0,0.569716365564845,0.41035132868831137,0.0021533259439373144,0.0041022880388368035,0.001771277728703454,0.0019453678880564326,0.003157644007175802,0.00031021602871294547,0.005165560454093803,0.0013266256573271273
P00287,6,99,M,test,2,0.0010568517119082916,0.0017698935852219668,0.9683628762307384,0.006543920897823073,0.0011516916665482602,0.0017288939711640823,0.014140518504831548,0.00012524065204551777,0.004410576113568144,0.0007095366661507266
P00288,6,99,M,test,2,0.0008524349446701948,0.0014500406934124458,0.964482481787151,0.005353465051066657,0.0006535845833122414,0.0036454021220966378,0.014305644555233848,0.00015768460608586344,0.007915772950234124,0.001183488706736929
P00289,6,168,M,test,6,0.0004692992984771464,0.00021570183194374168,0.00013006543473392533,0.00018342165086070327,1.4479373110444203e-05,0.0008284861676808302,0.9978419038319507,9.495804733870874e-06,1.918205403344702e-05,0.0002879645524751689
P00290,6,99,M,test,2,0.0014123495680831474,0.0024594609828313507,0.9467804568207592,0.02059281703669359,0.0019005242743580382,0.0016383541883669688,0.02059281703669359,0.0001572280958546594,0.0036920882365593798,0.0007739037598000599
P00291,6,99,M,test,2,0.0015060824424022515,0.0018309305672292793,0.9709372427533893,0.0032767615582058774,0.002026655350592332,0.0017334902393189076,0.014067776298839475,0.00022385915213326286,0.0038685169678616357,0.0005286846700276672
P00292,6,99,M,test,2,0.0011749085398657627,0.004322892272948879,0.95003883861987,0.007951016007547463,0.0019830338260099995,0.0012803427589485072,0.02571637313133323,0.00019030596973025954,0.006420092515356965,0.0009221963583889386
P00293,6,99,M,test,2,0.002515777897926291,0.004887322337111705,0.9313587966205314,0.007569632815422335,0.0033328644300822086,0.0018990088360629819,0.040602601296510235,0.00040117586436785315,0.006424263929489198,0.0010085559724957746
P00294,6,99,M,test,2,0.0032443917625240844,0.008581289407646367,0.8190768664076079,0.013408291649595446,0.003071728508924336,0.002373647963887388,0.14012752991699645,0.0002501806395006015,0.008333531516601754,0.0015325422267156296
P00295,6,99,M,test,2,0.0020639657245810667,0.006030891500649674,0.9289029397273194,0.011636206707132377,0.0024130203539551743,0.002734310390703454,0.040180398397497125,0.0002389213824638508,0.004761518670572453,0.0010378271451254733
P00296,6,99,M,test,2,0.0017064898025511625,0.0058638914944139295,0.9120442085692938,0.019226961658920308,0.0033937599040330998,0.0028802466419152895,0.04758718263539841,0.00020702069525032395,0.005487139904922337,0.001603098693301371
P00297,6,99,M,test,2,0.002949484359548362,0.004274743563346983,0.9194888374077886,0.014891207990004781,0.005258024613869113,0.003613783939221394,0.04103571877636875,0.0004216068146298841,0.006595040135231836,0.0014715523999902862
P00298,6,99,M,test,2,0.0012672570205907933,0.00654978965703894,0.9477040970944355,0.009263784474648052,0.0018011355196268627,0.003112083097768971,0.024098927325065345,0.00025545534271250895,0.004690075223096588,0.0012573952450164192
P00299,6,168,M,test,6,0.0004928996760528177,0.0001943463129238112,5.956239297597937e-05,0.00012317263398206415,1.0932193560369763e-05,0.000742826083024304,0.9980782217891131,7.998162758400789e-06,1.219574271946025e-05,0.0002778450128897321
P00732,2,417,S,test,2,0.002968450328629609,0.0004883868035032144,0.4440124012944665,0.005169249232885745,0.012327939314884781,0.2651319014704033,0.004153608976504305,0.0011179285715336696,0.26102141645128646,0.003608717555902413
P00927,3,576,U,test,3,0.019524421871292316,0.003514236494420372,0.0007482241484044003,0.7588638066974155,0.007064374539948439,0.0013131742730745307,0.20424543206281184,9.365122960710666e-05,0.0018957884423833808,0.002736890240642136
P01040,1,98,S,test,2,0.00034343229753062423,0.010355156750055246,0.976875951743223,0.0038524723719204506,0.0004768085156002687,0.000863388638365645,0.00267505270735479,0.000243529951612936,0.003942868169986574,0.00037133885435053484
P01096,3,109,U,test,3,0.00010789601629528896,5.368366533934598e-05,4.3644513959603654e-05,0.9996295873077,2.6265731457689713e-05,1.967212425662039e-05,3.168251985191902e-05,1.0026435279943855e-06,4.774724443851461e-05,3.881823317300958e-05
P01142,2,190,S,test,2,0.0022525145361490906,0.0003145214921291776,0.6859448032079319,0.0024546511007249904,0.012284474447338843,0.11110599986768999,0.012165091940840226,0.0033290006490410686,0.16809800482892598,0.0020509379292287253
P01143,2,187,S,test,2,0.00011215746428511649,4.8238323664403406e-05,0.9524365981991461,0.0008583913145756908,0.00099964862306577,0.011351342692542642,0.0003481788851790484,0.0003592312397875296,0.03310381359281437,0.0003823996649394224
P01405,2,60,S,test,2,0.04739418622625051,0.01575152264828946,0.3846175961749881,0.13448711163530558,0.007325138315975295,0.1258463908800166,0.15061840711031863,0.0017128987043998184,0.08976287428190496,0.04248387402255109
P01406,2,60,S,test,2,0.00018019214760918532,4.926179432916581e-05,0.9879613191403157,0.0028968162570526678,0.00041895932477532734,0.0018960716546479192,0.0007182633330963139,2.05353722117713e-05,0.005738547120594954,0.00012003385536696005
P02655,2,101,S,test,2,0.000356497330901823,0.00010134334113562497,0.9751915546404529,0.009635425476843784,0.0049598916792940005,0.000828881090078681,0.0010519048127396971,0.00015213437013081288,0.007562931800701067,0.00015943545772163155
P02724,4,150,M,test,4,0.041386772909551846,0.0003947974565509697,0.0033576542826708688,0.020288834820116727,0.5388124710446912,0.250571077928363,0.006272923812854166,0.038576715591561395,0.09889464310302923,0.0014441090506106596
P02730,4,911,M,test,4,0.015398866915298324,0.0001342712077101886,0.00041358442590341414,0.0003649869707802497,0.9601661854430691,0.002465174535037914,0.00026703018053168446,0.0016811030969904094,0.01901506081686858,9.373640781009429e-05
P02835,0,410,U,test,0,0.9953355241804491,0.0014847811616911562,6.372552192496042e-05,0.0003526664239834051,0.0009058575423022286,1.040290595112858e-05,0.0017358850539786709,3.0575840505094416e-05,6.783546301874908e-05,1.2745906195525087e-05
P02836,0,552,U,test,0,0.9971181060741793,0.001620920515247295,4.057895261889509e-05,0.00026512532569113645,0.00046735873706556117,1.0259965661613704e-05,0.0003990705367204669,2.5793550179018658e-05,4.252637697516161e-05,1.0259965661613704e-05
P03872,0,296,U,test,0,0.9921523842241557,0.0035782602769706116,8.0298988205993e-05,0.0003967924241812512,0.0019530806287541536,1.9373030058434995e-05,0.0015632262084474032,8.957998865505179e-05,0.00015238069912898463,1.4623531442320825e-05
P03973,2,132,S,test,2,3.750196159657145e-05,6.581799058390483e-05,0.996389241794261,0.0002027336974863195,8.320173713043101e-05,0.0002881426690564862,0.0001817293035656096,3.9301716955526064e-05,0.002670492668935948,4.1836460428155316e-05
P04201,4,325,M,test,4,0.002279694703164086,1.5972353082297082e-05,0.00024597608410583153,0.000865274535750658,0.9866881794322119,0.0010705603125425005,5.076003845855423e-05,0.0007314860015863775,0.00801932339585156,3.277314324628191e-05
P04814,2,256,S,test,2,0.000837467685497123,0.00010985184924997457,0.8901387582683941,0.010775928961963548,0.005150189939821823,0.009966104964449536,0.0035535244220549927,0.0004413144252629489,0.07777945513973855,0.0012474043435674084
P04913,0,126,U,test,0,0.9985749169242452,0.00022754902798853078,0.00010790724030635174,0.0003372823516561065,0.0003844369572307225,1.7753532047563532e-05,0.0002593620886072422,2.0755981256850666e-05,5.554588699142102e-05,1.4490009670087622e-05
P04919,4,929,M,test,4,0.012337478112855214,8.184047992494142e-05,0.00016792576879566542,0.0003445612968939018,0.9648924918479508,0.003615038851274897,0.0003499872995515267,0.00203380279365183,0.016091105470208596,8.576807889268265e-05
P05166,3,539,S,test,3,0.00016071708859317945,0.00020961460978772073,7.532658649297952e-05,0.9985111564315612,0.00025482653823157133,0.00010136299017865258,0.00013323914305104803,1.2859793783078412e-06,0.00019011219079902614,0.0003623584419262864
P05186,4,524,M,test,2,0.0036668023113463947,0.0005985890370983783,0.4107850233285341,0.0022590512849685333,0.2530773122661251,0.13867492100420264,0.002855708642753496,0.009473882018894635,0.17667644103267757,0.001932269073399067
P05366,2,122,S,test,2,0.00023773040391152756,0.00010884090294462816,0.9838829625521693,0.0006615428349624104,0.00046183133686494984,0.0027635247504268143,0.0009513252276153333,0.0002550474907022253,0.010511231939121386,0.00016596256128141495
P05549,0,437,U,test,1,0.23503700874432018,0.46742691566745515,0.014563129896080539,0.035763594470504236,0.006772484482123158,0.10227975770498225,0.005112139861904749,0.008972084884677087,0.07490257754902302,0.04917030673892963
P05740,1,184,S,test,3,0.0017061913424843652,0.04002631464775358,0.000327865943127996,0.9547142408178884,0.00040486041781493483,0.0002417531801305358,0.00020357660879176894,6.5066990066887e-05,0.0012181696975406312,0.0010919603544009703
P05747,1,59,S,test,1,0.07595875491567407,0.8829914174061952,0.02184772413730578,0.0006369529026350532,0.0001942596669425621,0.005291638693097841,0.005914790849682991,0.0012087242812643627,0.003767020256209175,0.002188716890992938
P05764,1,87,S,test,1,0.02580852101470033,0.9169172190537199,0.027047098101729533,0.0013361163644240559,0.0011976870195116352,0.003230315217472604,0.013255928848292508,0.0024961941330686466,0.006811916002303458,0.0018990042447773233
P05981,4,417,M,test,4,0.0007412375378601367,2.4639807507895134e-06,0.0018863577764620077,0.0002474362832845854,0.9925455400121105,0.0006392987528633542,0.00019270357635253602,0.0001443283101128592,0.003579678228397428,2.095554180583634e-05
P06103,1,763,S,test,1,0.006763245394010257,0.8168440399883097,0.014729071298019899,0.062011707108947524,7.850822962833638e-05,0.002223757311784038,0.06398016911433985,0.00014667269605546935,0.0005449551349604099,0.032677873723944595
P06296,2,191,S,test,2,0.0038796936321677214,0.0003811522909991441,0.8312609232548442,0.0023166709015032707,0.02693041060265253,0.043372202241492956,0.0038796936321677214,0.005139759201719719,0.08166546251266409,0.001174031729788607
P06400,0,928,U,test,0,0.9986034804027965,0.00028836029805210517,3.3168913522651796e-05,7.956808426013867e-05,0.0005128042873966148,8.002372466109508e-06,0.00042846404882866787,1.3612494129278225e-05,2.8817649647857538e-05,3.721448900168601e-06
P07030,6,165,M,test,6,0.00037718686177023536,0.00015389281772073914,6.193590470721703e-05,7.412757921409143e-05,1.318691636039697e-05,0.0008158456113308727,0.9980913909111361,6.949016490536828e-06,1.4037399400476853e-05,0.0003914469818693067
P07250,0,355,U,test,1,0.3344000400798374,0.6055202163393029,0.004309299639341033,0.018285126388104107,0.005890114852227008,0.0015009346321545008,0.0025135922311241197,0.006172787071133717,0.018773666519902383,0.002634222246872829
P07251,3,545,M,test,3,3.254902777157945e-05,0.003022977257750552,0.00013919453487510724,0.9953726711055733,1.8545876764335642e-05,2.237059650208514e-05,0.00023980300921288457,1.2819373898530943e-06,0.00010589362058896781,0.001044713033571335
P07256,3,457,M,test,3,6.880769798653095e-05,0.004256981441440179,6.721376867210284e-05,0.9939484739503489,5.358749129535836e-05,2.065981753091879e-05,0.00012170841535313563,5.3894353865860865e-06,0.00016897541026526732,0.001288202571721039
P07266,3,363,S,test,3,0.006212723473722594,0.008899315973648224,0.0037402522954116234,0.9738788193226288,0.001292123330015097,0.00016948970636511954,0.0029925641208398616,0.00011648845453773403,0.0013754581970864637,0.0013227651257444858
P07313,1,608,S,test,1,0.2862708085252788,0.686727968077843,0.0008040757700776016,0.006082256564093205,0.0018841950964798443,0.00038579978054584653,0.008527245708315269,0.0019288775106476176,0.005062102539494655,0.0023266704272241648
P07664,0,433,U,test,0,0.9972014684581848,0.0003108983299384363,4.457098590587235e-05,6.236602509486963e-05,0.0010968613488598507,1.5892274360367714e-05,0.001185989852873704,2.0727433901133678e-05,5.546949030235907e-05,5.755800578619982e-06
P07665,0,356,U,test,0,0.9982060313785902,0.00047686364966943983,5.4664525617499344e-05,4.094183820066499e-05,0.0007342659312345672,1.0271159941859826e-05,0.00041755578302436216,1.6934280210814442e-05,3.9993420865518686e-05,2.478032645110192e-06
P07766,4,207,M,test,4,0.005633128593242309,8.272880141434504e-06,0.0007505417282528629,0.0002916290862728181,0.9850845618012776,0.00413741491099913,0.0001106899158593869,0.0008912903848362723,0.003062678911516124,2.9791787602072204e-05
P08018,1,668,S,test,1,0.0017898275273555253,0.9946906121649244,0.00024034179327226334,0.0007345437584031794,0.00014351464004492604,8.704602622259669e-05,0.00014577466865868456,0.0003014561346488696,0.001473710368752291,0.00039317291771731654
P08985,0,141,U,test,0,0.9977733513505265,0.0013033021268404952,7.82693752427268e-05,2.5410345240592457e-05,0.00013844441883984428,4.124506094183176e-05,0.0003807670444681442,0.00011037751414843954,0.00012605507825983419,2.2777685491602835e-05
P08992,0,146,U,test,0,0.9911031117845688,0.0008725478948745627,0.00027997459188171476,6.649979798057768e-05,0.0002589341776031227,0.000506968503082411,0.006372192155700617,9.828032798087e-05,0.0003172527927863586,0.00012423797354095447
P09031,2,97,S,test,2,0.0001636584702281714,0.00017151260554209834,0.9855022497963948,0.0032552228744643814,0.0013281358939374569,0.0021993699966430195,0.0005041035536530189,0.0001216206374848097,0.006537313942979337,0.00021681222867293707
P09932,0,586,U,test,0,0.8643601133052898,0.1151648417850553,0.0029746145394875774,0.0054925671200531465,0.0033444490540278883,0.0006741784196601705,0.002860658830186142,0.002427809627515828,0.0023166320537078675,0.0003841352650162275
P0C0S6,0,128,U,test,0,0.9982661227677778,0.00027871267631835795,0.00012034199880897297,5.1355664132986546e-05,0.000237466176380831,5.466781451902623e-05,0.0008320823812303437,5.1355664132986546e-05,8.401225614727701e-05,2.388260055138151e-05
P0C0T4,1,108,S,test,0,0.9077229906180552,0.048865142188582913,0.0054611422842979615,0.000436186315690232,0.0007191496983767288,0.008206155910970995,0.022284870501592027,0.0006248080623157966,0.0038574323183380647,0.0018221221017801531
P0C0V8,1,87,S,test,0,0.43355337875517197,0.12133767760928468,0.1440920716994311,0.01076933116723964,0.009283744032179088,0.2016210457717704,0.026550435197410873,0.002944171502713701,0.02826279286583458,0.021585351398963934
P0C0X0,1,67,S,test,1,0.0046646693766967265,0.9916716425670813,0.00037991966450866147,0.002546062979150198,5.871952576133099e-05,1.6562602815038638e-05,0.00011861670894292579,0.00024721844755954585,0.0001851580493743761,0.00011143007810986909
P0C1Y9,2,61,S,test,2,0.00013068990500959474,7.563751474028824e-05,0.9948301786112649,0.00037668944677158347,0.00022405461358961115,0.0008939759460423238,0.0003209434176437764,3.0086522732328695e-05,0.0030689087775682897,4.883524463732333e-05
P0C1Z0,2,61,S,test,2,0.0030924369427316857,0.00038255444260703903,0.9454071554580893,0.0065867688384520645,0.007889106336266447,0.014927097618713182,0.0030090237503153324,0.00018070592624096153,0.018217759549728447,0.00030739113685553435
P0C2B6,3,128,U,test,3,0.00014023625607621117,0.0004952423762331017,0.00011763037438637764,0.9989123641949796,3.909461897867804e-05,1.3405597819665771e-05,0.00012041990352626634,1.246914850727904e-06,6.547116350097818e-05,9.488859964835373e-05
P0C5W7,2,66,S,test,2,4.5925573513035075e-05,5.453796778206819e-05,0.9958949904418983,0.0003053789144348049,0.0006114843186579895,0.00030777404317547006,0.0003584214583429773,4.738340615333925e-05,0.002337201642868521,3.690223317349802e-05
P0C606,0,293,U,test,0,0.9975316990330068,0.0012481845661518453,4.458574780769062e-05,8.395044946263541e-05,0.00022291470007590325,7.35094631028849e-05,0.0006603214357417523,5.5487858971816275e-05,6.487187406924126e-05,1.4474871609447758e-05
P0C607,2,75,S,test,2,6.464402673387854e-05,3.9208586716846766e-05,0.9940281415550504,0.0001945050763758446,0.000480465353834697,0.0004298459963619174,0.00010575057960428577,7.440482505833723e-05,0.004531896358176353,5.1137642087511214e-05
P0C7L0,1,485,S,test,1,0.0019740079328614845,0.9949796225124602,0.0001828955177781113,3.924611658005772e-05,0.0006187275512075673,2.0681251676864866e-05,2.0681251676864866e-05,0.001438584678245517,0.0006782133325272675,4.7339854986030354e-05
P0C7P3,0,912,U,test,1,0.08034404423328148,0.8437703906821813,0.0012488903099360665,0.0029959320299974552,0.006492793605379715,0.003066978671590183,0.005424932148947372,0.015789808815739645,0.03692815106079088,0.003938078442155931
P0CB05,1,711,S,test,1,0.0011225011633658104,0.9438189828749323,0.0024137568231228992,0.00027508074887561986,0.00016425821625310402,0.0038196879845340498,0.00022804994559410082,0.031058480945368054,0.012846345845010128,0.004252855452944
P0CB20,2,123,S,test,2,0.000519730822862263,0.00013140853194471802,0.9847922929169656,0.002618870858547462,0.0016614075139344301,0.0009301466622938196,0.001189675720735732,0.00012539089262314683,0.00787982579223849,0.00015125028785434498
P0CG03,2,260,S,test,2,0.0012979120577185305,0.0006947222625032931,0.7618554525933913,0.02851985616587173,0.0025017910473317828,0.0506439298124855,0.011590780251375709,0.0008379949895916609,0.1365931468654493,0.005464413954281205
P0CG12,0,524,U,test,0,0.9856948892498202,0.0016727025447983697,0.00031306618161656144,0.0030170645801811937,0.0034726202382673026,7.494295403905579e-05,0.00521301991051611,4.138742581679836e-05,0.00041799819017676864,8.230872476767166e-05
P0CI04,2,42,S,test,2,0.0011732872438965285,0.00031210696506250797,0.9903819845248447,0.0025979724360409694,0.0006711354733560934,0.00039763459265985235,0.0005607546596265062,6.050469337930693e-05,0.003743293111640165,0.00010132629949338372
P0CT87,2,472,S,test,2,0.00013383596108183996,0.0008230533758769502,0.9874338737413456,0.0021058493783821636,0.0009146027363378347,0.00027461353513509736,0.0008392866779761884,7.991709757752599e-05,0.007307195740347466,8.777175593927732e-05
P0CT88,2,407,S,test,2,0.0001263294463111546,0.000164764669709981,0.9921634658712454,0.0006218153739122714,0.0007922132655689861,0.0006026840841883796,0.001168530861951643,6.868412727838309e-05,0.004183456998916998,0.00010805530091685595
P0CT92,2,617,S,test,2,0.00021949095539692127,0.0018667161512674062,0.8667978394945453,0.00685154208372169,0.0003675781919461569,0.07227156600277905,0.000719683157188255,0.00019069705047929157,0.03868418341595877,0.012030703496717225
P0CX31,1,135,S,test,1,0.0040055413992093145,0.9499684104808243,0.00030887417406768713,0.001485113517051451,4.449754463373761e-05,0.003386205553416746,0.009684156433894081,0.0067474395527353775,0.001138676044781816,0.02323108529938555
P0CX32,1,135,S,test,1,0.0040055413992093145,0.9499684104808243,0.00030887417406768713,0.001485113517051451,4.449754463373761e-05,0.003386205553416746,0.009684156433894081,0.0067474395527353775,0.001138676044781816,0.02323108529938555
P0CX82,1,189,S,test,3,0.0022604191591424285,0.14770804899060405,0.016965388024746113,0.8238494108854393,0.0006947958869424846,0.0012483220083853394,0.0008315617763025166,1.6597349425662833e-05,0.003200178387342884,0.0032252775316692203
P0CX83,1,189,S,test,3,0.0022604191591424285,0.14770804899060405,0.016965388024746113,0.8238494108854393,0.0006947958869424846,0.0012483220083853394,0.0008315617763025166,1.6597349425662833e-05,0.003200178387342884,0.0032252775316692203
P0CX84,1,120,S,test,0,0.9959411229349818,0.002488053324879099,0.00011912739440149296,0.000937009549035451,0.00012100337597042202,3.256761571024892e-05,0.0002936936155678529,7.381253202444039e-06,1.6895855818698308e-05,4.314508043245296e-05
P0CX85,1,120,S,test,0,0.9959411229349818,0.002488053324879099,0.00011912739440149296,0.000937009549035451,0.00012100337597042202,3.256761571024892e-05,0.0002936936155678529,7.381253202444039e-06,1.6895855818698308e-05,4.314508043245296e-05
P0DJ86,2,231,S,test,2,0.003190598700635404,0.0019810877944592075,0.9199056229411287,0.013173106257458931,0.0019201360987705328,0.015044158738735873,0.006007574476516668,0.0009961534867761112,0.03680085202691932,0.0009807094785992897
P0DJI8,2,122,S,test,2,6.065530780728883e-05,0.00010812977531006022,0.9928473267552339,0.0007896686573023241,0.00014213390308518887,0.001322446199624876,0.0003383081447458088,5.352812210235757e-05,0.004252265432144519,8.553770264368238e-05
P0DL36,2,112,S,test,2,0.0015154355729562656,0.00037137341689061197,0.9618205164629842,0.003496073074444861,0.0019307150008881413,0.004573117168412521,0.0121549204469206,0.0003434642977091596,0.013142603903933587,0.0006517806548600614
P0DL48,2,48,S,test,2,0.0007947695530751729,0.0002041137042685623,0.9876189198063025,0.0033461048618894543,0.0003554428973640033,0.0015023276158401485,0.001048793779821008,4.483783034741501e-05,0.004830666335526414,0.00025402361556539757
P0DM40,4,2038,M,test,5,0.00020025473536829742,0.00013133025465610093,0.0020928244036605664,0.00046198280136255747,0.00033536355588079125,0.9391356202569776,0.0007858592760601346,0.00039515483018200565,0.018891458724019185,0.037570151161832745
P0DMC2,2,58,S,test,2,0.000275894445808049,4.90802099658759e-05,0.9843196093302005,0.0005979193407502581,0.0024494340368990263,0.003321925054227005,0.0005886494787579165,0.00018814368129806364,0.008062817985716689,0.0001465264363766674
P0DMC3,2,54,S,test,2,0.0002647339689387615,0.00017912794832975295,0.9669000410582677,0.003634963381403794,0.000945924597265917,0.008463932117389954,0.0016536770690268301,0.0003507155017165168,0.01689841954055266,0.000708464817108113
P10506,1,340,S,test,1,0.20652227110922883,0.7673233154115697,0.002539508976929184,0.0023122490391760072,0.001413449645536061,0.0032354185834650713,0.0018149052054440503,0.004933423830056595,0.006769583097229333,0.0031358751013651053
P10734,0,429,U,test,0,0.9974211209592725,0.0009911498975755644,3.754080079210573e-05,0.0004783536015487597,0.0007659013311529357,5.579942216556874e-06,0.00022817568409897384,1.6400360943796894e-05,4.672028329808181e-05,9.057139100685683e-06
P10911,1,925,S,test,1,0.0039821300027926354,0.8269583645935371,0.0008412464003895455,0.08784437991606617,0.010168724770896542,0.0035417797313987477,0.0012240063026748146,0.0013234663157126684,0.05084042662405967,0.013275475342472042
P10964,0,1664,U,test,0,0.8829019784304332,0.1038127928014613,0.00038030345387262185,0.0034161927637345203,0.0018428976429421822,0.0002417355750093984,0.0012372629883174338,0.0013482927060172976,0.004614981884655256,0.00020356175355682352
P11373,2,224,S,test,2,3.4022064880190515e-05,0.00018392153984487407,0.9927749616994684,0.0017518288193437896,0.00038633189913655103,0.00010644562262497052,0.0001912481381116581,6.872646178832727e-05,0.004456011105241323,4.65026495599023e-05
P11456,8,279,M,test,5,0.006272241980479773,0.000312276535876999,0.002986034863885025,0.010504028829598059,0.04800427736903585,0.5221781765301894,0.0022716554963826624,0.08591181841876516,0.31180682985263286,0.009752660123154245
P11490,6,171,M,test,6,0.0007542751420031391,0.00012654537829934111,6.191466801264778e-05,6.488601636870461e-05,1.6926529847675815e-05,0.0009992522161637435,0.9977491704619285,1.5172843036894515e-05,1.2383713767100891e-05,0.00019947303057233596
P11597,2,493,S,test,5,0.00017379588707738082,0.00016073493261504896,0.05546495048511432,0.00017931276525455343,7.132568515206961e-05,0.9235743430845818,0.0018503237779443921,0.0006507945628799349,0.014244578085579718,0.0036298407338008487
P11672,2,200,S,test,2,0.001625936171162913,0.002039380830748021,0.9250370370646318,0.010453361722525603,0.0012862214007751118,0.005027837461319268,0.004233864104871752,0.0014804317042842556,0.04788949896201783,0.0009264305776634694
P11717,8,2491,M,test,4,0.011688984374894705,5.672852239948587e-05,0.0001919101257791261,0.0028687078496478858,0.9731340721105499,0.0067386904103344195,0.00021409121797294906,0.002532862208237339,0.0024098037585303833,0.00016414942165378357
P11831,0,508,U,test,0,0.9922381331359038,0.0026802248207449474,0.00011324951324541396,0.0005445206856560466,0.0024213811970157395,9.442477725260025e-06,0.0017854145963753952,7.662845048111403e-05,0.00011961532074156074,1.1389802110746083e-05
P11911,4,220,M,test,4,0.07964258239897791,0.00010402998999805715,0.0004050677206573722,0.002349285962919611,0.8973302280030255,0.01112059655853497,0.0004886049514050891,0.004493127260061305,0.0038356765295893204,0.00023080062483085307
P11970,6,168,M,test,6,0.00047545115550081497,0.00036170412890093703,7.883752700189106e-05,0.00020014252020043513,1.126923710667354e-05,0.0010798491043840603,0.997195024325737,1.0101679627596166e-05,1.857983114620847e-05,0.000569040490394332
P12080,4,1396,M,test,4,0.012008481449145179,4.984875662895505e-05,0.004023319664026541,0.0002571394206037647,0.9689744256437168,0.004684255171812496,0.0008045181109531175,0.004323775078160479,0.004814107633618311,6.012907133431565e-05
P12353,6,212,M,test,6,0.003427513395000879,7.003291800754404e-05,3.521476158973436e-05,2.3827498707663044e-05,4.966077155633463e-05,0.00031264210570523647,0.99596291361891,2.7425281471794527e-05,1.4452108128550033e-05,7.631754092229735e-05
P12359,6,332,M,test,6,0.0024324195707392366,0.00021420944388344138,5.675985728716575e-05,2.7021740381824853e-05,2.0718288163493668e-05,0.0003416377970091355,0.9967614775478527,3.781021410465081e-05,2.0718288163493668e-05,8.722725241486578e-05
P12843,2,304,S,test,2,0.00032790369286848404,5.56611479533349e-05,0.9698603766159691,0.00048461024122549396,0.0009506756928555373,0.0008983254591168001,0.00015368535191459244,0.00013776265786022868,0.027086274151514274,4.4724988722158644e-05
P12979,0,224,U,test,0,0.9973815199141512,0.0005042362105929979,5.2118171437145124e-05,0.0006269195822635399,0.0006205240728897774,3.471818582066821e-05,0.0006758786925614693,2.241574587200702e-05,5.377257889637809e-05,2.7896845514734048e-05
P13002,0,1333,U,test,0,0.9937537275062626,0.0034737663678317274,7.438428264488349e-05,0.0004955801395652192,0.0012483240523835715,1.2926050609573733e-05,0.0007439993177446112,5.357699026538333e-05,0.00013157239250621895,1.2142900186237934e-05
P13010,0,732,U,test,0,0.9973995696374663,0.0013868380846363629,3.9961110177503594e-05,0.0003290814162369426,0.0005072085798546018,5.939688696913872e-06,0.00026057916925659825,2.746484246194811e-05,3.8731636901475196e-05,4.6258343112678025e-06
P13432,2,146,S,test,2,0.00019554704253575353,0.0001766620291841361,0.9915760768107961,0.0031807218866571024,0.00038286250168941607,0.0006719446447901019,0.00013866362468183366,6.864346296986472e-05,0.003520738041509327,8.813995518638069e-05
P13528,0,467,U,test,0,0.993253589983981,0.0018296250132025338,4.302865231242498e-05,0.0013075739835284753,0.0008479513575193324,4.8757853091298694e-05,0.002481339288739723,4.5093645111846047e-05,8.692027669941428e-05,5.611994581400279e-05
P13635,2,1059,S,test,2,0.0010295053641478078,0.0023382223605411577,0.7289305482957561,0.01090727497965822,0.0004863038955821665,0.10834585076800607,0.015823566894502147,0.0005341003237286034,0.12470531177146764,0.006899315346610133
P13726-2,2,238,S,test,2,0.00029559359158588594,0.00019084956607263748,0.9091228368458488,0.0040212057295717744,0.002043827097410101,0.048181743641448685,0.001225201349118334,0.0005787441903550946,0.033114796639470354,0.001225201349118334
P14020,5,267,M,test,8,0.007919549984426622,0.0019407693866262436,0.005485712114295778,0.01986362423209086,0.016930217014019144,0.11457268955073595,0.005485712114295778,0.011081443227565194,0.8078160925255553,0.008904189850389111
P14404,0,1042,U,test,0,0.9931033604364896,0.0012984695756389304,0.00011513323704322897,0.0006862529383930679,0.0022413643920259144,4.369964773372227e-05,0.002172404846522836,6.874919757364915e-05,0.00023809090774420708,3.247482083484462e-05
P14448,2,741,S,test,2,0.0001401374618692323,8.97754294058708e-05,0.9943170003853641,0.00023652677316104854,0.00014801466100643025,0.0010174408143003228,0.00019608758260485377,6.991718001267142e-05,0.0037289196821919343,5.61800300835052e-05
P14724,0,124,U,test,1,0.11643478295704603,0.8738915377091437,0.0006869586223303921,0.006416634723325099,0.0009612278648179997,4.937585674784164e-05,0.00014512370951910787,0.00020148430688146844,0.0010807376148863036,0.00013213663530203335
P14772,8,1559,M,test,5,0.0022539761641453817,0.00041369895535961054,0.001943048886780061,0.001661977715406539,0.0017013904714945417,0.5917050784052464,0.0010730535624582285,0.015403131812712245,0.38203352338394053,0.0018111206424563972
P15381,4,2171,M,test,4,0.0011975981073548867,2.963198976203415e-05,1.5134539046535848e-05,0.00046898615667987254,0.9952303567498817,0.00019022917725084425,2.134312211142177e-05,0.00018294160691808805,0.0026466288726514344,1.7149678343169367e-05
P15382,4,129,M,test,4,0.06268390488829631,0.0001733365207279229,0.0005015658260817819,0.002392836879094446,0.6953077926790984,0.1434848784592602,0.0013422598172428927,0.06884479691914905,0.023699367299210815,0.0015692607118382791
P15383,4,130,M,test,4,0.0726810944508879,0.0001815714167154307,0.0004424263644117171,0.003851956994326294,0.7170487454092069,0.13472946384328202,0.0008662288358607858,0.04956420087338741,0.019333948294107055,0.001300363517814511
P15398,0,1689,U,test,1,0.0032637730752203757,0.9938973257649621,0.0001514607857839623,0.00014117695992215613,5.1130910384176736e-05,9.404413442445053e-05,0.00011703981731341037,0.0015296997101509784,0.0004946846508081065,0.0002596641910302054
P15424,3,664,S,test,3,0.0005527970101951641,0.0003784502169227642,0.00033267908688027853,0.9975301959943795,0.000739523758454346,1.7460003298570668e-05,0.00016565589443964205,1.8692507586377414e-06,0.00018698089746722112,9.43878872038993e-05
P15478,8,386,U,test,5,0.0007486862513541684,0.00022833639853227957,0.2927487460270124,0.0021663955173844033,0.011169662575898048,0.387829061044985,0.003329266990133556,0.0021328085332545906,0.2973588672263137,0.002288169435131823
P15693,4,540,M,test,4,0.0016462278713559504,4.706616471901183e-05,0.013946176193755919,0.001766144838950263,0.833012864185943,0.050814109977860046,0.00039408017741649344,0.0016984848420170408,0.09642823670360223,0.0002466090443800677
P15705,1,589,S,test,1,0.06707784311052488,0.92598105730871,0.0004180011199493019,0.0004886928162371818,0.00015865530948853886,0.0013867287114341965,0.0009493680712027221,0.000168887693205393,0.0004699712519683247,0.0029007946072794485
P15891,1,592,S,test,1,0.004047032072821786,0.7772766529959045,0.010851593936998864,0.0020191392858711116,0.001409586434914792,0.01778672862611543,0.0034616101395731325,0.00024880678963555694,0.02498551887950711,0.1579133308386577
P15919,0,1040,U,test,0,0.9929448594899932,0.005375895164416311,3.7960849537707314e-05,0.00031908630366356386,0.00035596650605877674,1.658386783183655e-05,0.0008292649979346354,2.4895334967087313e-05,7.317145235242492e-05,2.231603324446343e-05
P16068,1,619,S,test,8,0.23166767582611336,0.12136705649266778,0.016586434683096146,0.057666642769549435,0.08439753503269175,0.07065464806265814,0.07289745916622081,0.01779464508983913,0.2894435031328845,0.03752439974427893
P16104,0,143,U,test,0,0.9987127224693578,0.00047570999713759954,6.597147568603137e-05,4.394647755950533e-05,0.0002171587540962706,2.9735672871216392e-05,0.00027451438947298794,9.087954673488882e-05,7.417372143439148e-05,1.5187495649298064e-05
P16260,3,332,M,test,3,0.002190009951960199,0.00035611554215697096,0.001114186843181475,0.9515810912287183,0.0006972403429299148,0.014004447120892438,0.01586911679126147,2.0407045580726615e-05,0.0018085038230303422,0.012358881310288188
P16410,4,223,M,test,4,0.0011846957120949045,5.234996768242538e-06,0.0002425732596467458,0.0002582178776950781,0.9961132688359496,0.0006655282130567697,5.370420161257859e-05,0.0003474701551779865,0.0011107470721934758,1.8559675804626666e-05
P16521,1,1044,S,test,0,0.9915109657267868,0.0066287586627474596,8.024707565506395e-05,0.0003223813864548676,0.0001595903610331038,0.00025702486970454786,0.0007870670462252436,3.242274859253723e-05,0.00012624636714265484,9.529575565773665e-05
P17341,6,97,M,test,2,0.0046670475059723835,0.005165951015506693,0.8755932905681524,0.008770432445069434,0.0038390085054488474,0.002478650370231813,0.09374015413841337,0.00022520971627717633,0.0038691186335631494,0.0016511371013647783
P17427,4,938,M,test,1,0.03952855707135894,0.9576892765119033,0.00015175670349681767,0.0008480857917935806,9.204509913145366e-05,3.897434811794444e-05,0.00025020453573228657,0.0005955386016035863,0.0006962550772611953,0.00010930625960090387
P17558,3,318,U,test,1,0.12176640505789463,0.8720567288598723,0.0001641014365478499,0.0005863531702403837,0.000220822609050183,0.0002705575229393707,0.0010617484441505685,0.0017505271983097857,0.001933876105337045,0.00018887959565790463
P17568,3,137,M,test,3,0.00044384424789565874,0.00025587587544015274,0.0011580097666618592,0.9948203716227696,5.7093625366670886e-05,0.0005353783572226746,0.00044732535710996507,1.2541805709990788e-05,0.0005480744960004704,0.0017214848458229543
P17629,0,752,U,test,0,0.9858284384595366,0.009664721473412278,0.00011608963219142248,0.0005941756905601963,0.0004229827414229426,5.5700414865164485e-05,0.003041139825605709,0.00011428982919962907,0.00012357677567541243,3.888515753061172e-05
P17936,2,291,S,test,2,0.0009779435589135248,0.00020102327599775415,0.9726656913553068,0.00029248712951456896,0.0009933439093845343,0.0051642466669935255,7.996153194945157e-05,0.0017196999818298365,0.017814994294642172,9.060829546788243e-05
P18153,2,321,S,test,2,0.0015744944034440985,0.00010223912932821812,0.6656801075533266,0.0020696339107256012,0.0027418194684843923,0.10369296326744308,0.005714442556033092,0.0023269518177123673,0.21276414301649696,0.0033332048770055574
P18583,0,2426,U,test,0,0.9975613841773648,0.001376268870211096,4.389581440775649e-05,0.00012407440831171238,0.0003844219796502316,4.123629897505759e-05,0.00027100344461442234,4.974047502873339e-05,0.00013207652143766989,1.5898009998497557e-05
P18911,0,458,U,test,0,0.9982522547449136,0.0007908721203081935,7.89211150082656e-05,9.669617106364654e-05,0.0002537672514042339,3.5295704604164626e-05,0.00039112793636675655,1.8027282593592097e-05,7.709290688997287e-05,5.944766847577276e-06
P18965,2,260,S,test,2,0.0033785827138052144,0.0008215140715950527,0.5464232286305936,0.03660807200015716,0.009512556233416451,0.1034751258363374,0.016118317023426598,0.002340275908176504,0.274758861408075,0.006563466174417061
P19136,2,382,S,test,2,0.0002756858254123476,0.002168436962119513,0.8218078468339647,0.003631448541981581,0.0009622380433395663,0.04389582124419779,0.021061444283601734,0.00034849953339462176,0.08527502267165506,0.020573556060333068
P19236,1,280,S,test,2,0.00120992720936567,0.0001770514866727501,0.8701671018260311,0.006874816686347877,0.012219832727501838,0.0229190057405186,0.002190895292062635,0.0004382066372011786,0.08221274289643939,0.0015904194978589874
P19269,2,512,S,test,2,0.0004541199880158486,0.002217861962451872,0.9599259500066071,0.0022882645983912696,0.0005922840580116737,0.006165718114065479,0.012083684850013779,0.000224805683919328,0.014462276335090627,0.001585034403433061
P19427,2,201,S,test,2,0.0028227754854152362,0.0003216939933868625,0.8868896517763956,0.008665091856189893,0.02272937333184925,0.0039037566542784352,0.004528437049015924,0.0006397649675166405,0.06892597330690996,0.0005734815790422332
P19492,4,888,M,test,4,0.004665887883432988,0.00021317128124289422,0.008768252038504176,0.004281659581970864,0.7665045806232141,0.09745012903688462,0.0031325290701667715,0.006709734864419904,0.10702802169361003,0.001246033926553652
P20084,3,86,U,test,3,0.018252940598344827,0.03383560832099629,0.0006648632510261302,0.9435399274639718,0.0004714586866597491,4.5599370602448566e-05,0.000654555548586381,0.0001361345918434588,0.0007077432582508946,0.0016911689097181036
P20385,0,510,U,test,0,0.9948342511192895,0.0030213419504151982,5.533781228723733e-05,0.00038337104721460557,0.0009286843744372663,1.635782719109601e-05,0.0006288396964000331,3.517485182254935e-05,8.504188576605176e-05,1.1599435176481805e-05
P20422,6,97,M,test,2,0.008501958714895641,0.005425325054632562,0.8115047801430727,0.019206292449205253,0.01237027622529929,0.0026857305391620187,0.13042069421650548,0.00044187216828918787,0.007924696070534183,0.0015183744184036458
P20482,0,1383,U,test,0,0.998780620384062,0.00043870258621718153,2.2099178519991673e-05,0.0001576510807926284,0.00023562455555935558,9.069484546652375e-06,0.00031413952168257833,1.2591732225179658e-05,2.2099178519991673e-05,7.402297874415359e-06
P20659,0,3726,U,test,0,0.9992420719998892,0.00042706655421277147,3.1179235666034275e-05,2.883607898907095e-05,9.717088005214418e-05,9.361703676434046e-06,0.00011404891173256734,1.5195545600331158e-05,3.21689696329949e-05,2.9001205483653333e-06
P21396,3,526,M,test,5,0.0005104306112409403,0.00062539266408415,0.008557733273864072,0.00518546121350584,0.0003975237545194096,0.7771430129557871,0.01468570272559283,0.0003047920226123876,0.021874288417883258,0.17071566236091004
P21675,0,1872,U,test,0,0.8975878475613853,0.0946050573358591,0.00022728761948005193,0.0032633936603860877,0.0008379042323577398,6.511899341440972e-05,0.0015593081427031147,0.0003106653619812605,0.0014309015583287813,0.00011251553410410672
P21745,2,268,S,test,2,0.012580038386628599,0.001061258051212715,0.5084312694901162,0.00888580480271728,0.022338910629075063,0.22916792949403075,0.0018052607096050895,0.015174422821180391,0.19910453795375632,0.0014505676616776188
P21750,2,142,S,test,2,0.0003383920897297958,0.00021011242396604894,0.9930936669435442,0.0030635520250034886,0.00033055326358360365,7.669452029530346e-05,0.0004482967163834993,4.0415174732063215e-05,0.0023673294542711954,3.0987388490883174e-05
P21771,3,286,U,test,3,0.00010588275890559756,0.00038279079364818345,7.656298414491698e-05,0.999165932060721,3.644944225264268e-05,1.6429051096013178e-05,2.7086925161880022e-05,1.6523130823295755e-06,0.00011858305983804507,6.863061114938435e-05
P21926,4,228,M,test,8,0.04635689920968734,0.0010014101003026632,0.039750506446566684,0.007574948712375669,0.3297332923463999,0.0259784803237281,0.020996964243264832,0.10335068718699382,0.4233859310047384,0.0018708804259425717
P22139,0,70,U,test,0,0.9963253529737952,0.0007159052738069702,0.0005116344193887856,0.0009881292175526674,0.0005037022855541255,0.0003448395256600767,0.00035301715034360406,3.522757665248334e-05,0.00016036525993177176,6.182631731433648e-05
P22185,3,349,M,test,3,0.0001556765359404846,0.0001709772200955099,9.51631599303324e-05,0.997897037309093,0.000651593558378158,0.0001250896176823772,0.00011936134351608309,1.6408186776617772e-05,0.0005950233366984463,0.0001736697318890113
P22509,0,327,U,test,0,0.9978921504157322,0.001366011543149239,9.895354695619317e-05,0.00020224790141992635,0.00020145942039092666,1.9485106781282412e-05,7.016857608486724e-05,1.8885613307349676e-05,0.00011936076137523518,1.1277114802725766e-05
P22557,3,587,S,test,6,0.009632795173554556,0.00031698873837239007,0.00018345899722586027,0.02598088128362536,0.0025350477350173225,0.0005650934760232773,0.9598105341246385,4.9377320068055174e-05,0.00027540456997420014,0.0006504185815004901
P23248,1,255,S,test,0,0.9940281422534881,0.005466510355568377,2.9596194202694872e-05,5.978595741992411e-05,0.00014567758643298584,1.634457195798537e-05,8.108177695075317e-05,5.9320696286497204e-05,0.0001049276233048761,8.612984387752959e-06
P23321,6,332,M,test,6,0.0018226141376236078,0.0002866946385781681,4.154499727951737e-05,1.6396855621514154e-05,2.0406214171790085e-05,0.00038204065728201397,0.9972078986730418,6.690940588063767e-05,2.1385530858671623e-05,0.00013410888966220195
P23369,3,157,U,test,3,0.0009358220059229479,0.0036438651439343883,0.00012965314607390932,0.9946788946164272,0.00024412373996362356,1.1965772068619952e-05,0.00014922985296338977,3.8244904023712834e-06,0.0001208500228130453,8.17712094304782e-05
P23385,4,1199,M,test,4,0.010552107765094243,6.373321476849502e-05,0.0019329745139642209,0.0005172136207155628,0.9800225875782795,0.0016630767557282123,0.0024771453840612065,0.0005336317323962291,0.002114680444751352,0.00012284899024090794
P23432,2,351,S,test,8,0.0024986716361357648,0.0008771162797197277,0.26710298559468426,0.03628994138642061,0.002744254180411342,0.18073092334752155,0.006686792218751046,0.002898509836371166,0.4912775736913034,0.0088932318286811
P23433,2,351,S,test,8,0.0016320220923647696,0.0007471941658243428,0.375147671206198,0.02388889160731601,0.001710344574805991,0.12964758301088136,0.0040392936282591775,0.0026079639841019436,0.452514500268762,0.008064535461486383
P23501,5,404,M,test,5,0.01347023306223279,0.0004555560202790726,0.00013466211960429768,0.001163303203290826,0.0028345651273016586,0.7499552093485325,0.05920174225781106,0.11682048939088355,0.048319054969248036,0.007645184500816128
P23604,2,213,S,test,2,6.0716144456974824e-05,0.0001285360754179877,0.9938431803177381,0.0004628762463070767,0.00015748569871914874,0.0008470060271037085,0.00016504361410967736,2.3408161311342654e-05,0.00422340624046184,8.834147437408229e-05
P23605,2,214,S,test,2,7.885270028174996e-05,0.0003192642070578719,0.9896251832928468,0.0011099972077911527,0.00017494235043133053,0.002041597221685325,0.00037913562641096635,5.85983484987612e-05,0.005930679331707316,0.0002817497132887223
P23685,4,970,M,test,4,0.007175358306286571,6.243450371805434e-06,0.00011241056660187167,0.001208527412417721,0.9545859489519705,0.009505805017578034,0.0002003935160491222,0.0012323635669536535,0.025839458347003748,0.00013349086476703586
P23757,0,370,U,test,0,0.9968465287231306,0.000635208716363516,8.455076574160742e-05,0.000805335008424126,0.0011902079623404348,1.717752898780141e-05,0.0002815970354832879,2.0720056862106598e-05,0.00010278758518787765,1.5886617478576036e-05
P25008,0,267,U,test,0,0.9929773188657777,0.0012424857421748257,0.00046610019885240487,0.00028050403154103877,0.000540685728996016,0.0007805708783617527,0.0026717643139988188,0.0002399278155862104,0.0005492002302217335,0.0002514421944895037
P25046,0,220,U,test,0,0.9445012159115033,0.012606980344499648,0.002050009648140323,0.011802751691590122,0.0020822925459881543,0.005338132014789399,0.016997714290785202,0.00014966690350516314,0.0028240075723542286,0.0016472290768445056
P25107,4,585,M,test,4,0.0031658320097606284,1.2938031381128738e-05,8.772734110684035e-05,0.0004429133824357708,0.9946747979165734,0.0001423955249125052,1.2938031381128738e-05,0.00039470547771459946,0.0010562866186180412,9.465666115910963e-06
P25189,4,248,M,test,4,0.00974334626444432,4.3054422134469664e-05,0.00013470536716263113,0.0007282103450381639,0.9784402019801309,0.00535980911409033,0.00015748653682070508,0.0023004464731037778,0.0030183481245947036,7.439137247998888e-05
P25338,5,174,M,test,5,0.0100880987672362,0.0001776915563242411,0.0002211407147705063,3.3387253392173554e-05,0.0004432401389591346,0.9152240888478945,0.00487828604848848,0.06036557387631304,0.0076447009951927415,0.0009237918014289162
P25371,5,1049,M,test,5,0.003096034918120626,0.0008870288628283813,0.00102096382473347,0.000807648917655527,0.015032287570360334,0.7342666189420399,0.0020463539930733136,0.039219917992231415,0.2007373233143268,0.002885821664630201
P25625,5,357,M,test,5,0.009179708479963567,8.274522345053343e-05,0.0005395666772620511,0.0009036040798021324,0.01685112143504673,0.8609281118583466,0.012769678513091909,0.020889799887336802,0.07641170862399516,0.0014439552217045096
P25626,3,169,U,test,3,0.00018766259615035164,0.0014084860969828398,0.0005081310286691901,0.9972638627897817,2.9232195202400682e-05,2.746110532779537e-05,4.9338670141584966e-05,1.0002707537887671e-06,0.00016887805350985949,0.0003559471934805016
P25681,2,61,S,test,2,0.00017595233288551497,4.245048078762605e-05,0.9953385340043824,0.00013281580579192482,0.00022948511050834561,0.0008918162073199894,0.0006410977455452568,3.254791118686616e-05,0.002467197706728971,4.8102694863111414e-05
P25684,2,60,S,test,2,0.0006569598756275572,2.8864802886788887e-05,0.9847301918202723,0.0008207998124301006,0.0018715044926216713,0.0023843587471153206,0.0012059764502775315,1.9228103707855745e-05,0.008193206045938109,8.890984912275614e-05
P25846,3,959,U,test,3,0.0007017077142887445,0.0006527873195723925,0.0004606408082924254,0.9968006393310384,0.00034770991592790267,3.993711201619514e-05,0.00034907081101035684,3.6004400168144825e-06,0.0004049292386140308,0.00023897730922279358
P25931,4,464,M,test,4,0.002960593481619629,1.0677567085143846e-05,7.183666559285981e-05,0.0003734680702316297,0.9901829502322856,0.0017268988548713243,7.528418170637058e-05,0.0004469827754009279,0.004110376874527797,4.093129667868184e-05
P25961,4,591,M,test,4,0.0048050575517804735,1.8161415033844848e-05,0.00010289142456045221,0.0011643798211794884,0.9900882147145686,0.0004298179627059933,3.9053180593767575e-05,0.0005518972453395262,0.0027701120357330085,3.0414648504758114e-05
P25976,0,765,U,test,0,0.9965231158308098,0.00038402187736292506,4.891834853810587e-05,6.791639951408535e-05,0.0006570820146898266,5.457236476152525e-05,0.002146089650193363,3.0612321231476136e-05,7.343514112089308e-05,1.4236051778056432e-05
P25997,1,1050,S,test,0,0.9842313355672565,0.012883191551496283,0.00024155959129760262,0.0004548322954417953,0.00015596260289512255,0.0008108261739605779,0.0005660478734988954,0.00012146379390163787,0.00026530133305294065,0.00026947921719867044
P26016,7,1269,M,test,6,0.0348616792179892,0.00038426447014478095,0.00017185370516902454,6.42170399920723e-05,0.00032867880385958046,0.047650268930796255,0.9132532837070035,0.0020153691936235685,0.00025798295306125245,0.0010124019783607668
P27091,2,455,S,test,2,0.0020564149113702903,0.0008639647257990977,0.8626651775484304,0.021512203699956246,0.021428336250943918,0.02963431332782664,0.0006320900582915797,0.0005491694149621009,0.05916553298604162,0.0014927970763781383
P27614,8,576,M,test,5,0.006840331885233629,0.0077511118661281585,0.0038072180396264864,0.002086183412683587,0.0012953406734541528,0.4684356728607972,0.0035487175693615855,0.4540234179117158,0.04157602660849196,0.010635979172507463
P27661,0,143,U,test,0,0.9989248506557836,0.00037128644847132087,6.150523760269105e-05,3.940173463156656e-05,0.00023485446617550678,2.624721333268454e-05,0.00019622825762927588,6.915219583350549e-05,6.44569406332799e-05,1.2016849906595243e-05
P27684,6,142,U,test,6,0.002250445842420936,0.00020587764400276863,5.251354358393723e-05,6.849057036038006e-05,2.461260194200823e-05,0.0001567764879110635,0.9971271621666523,1.857856705940976e-05,1.1626169059222383e-05,8.391640700798561e-05
P27882,3,189,S,test,5,0.0004864863484383773,0.0032475182961534824,0.031419297009040836,0.006138680939030459,0.0007303025333773019,0.6435203033268114,0.005926616943247629,0.001062583907495136,0.08507353871424055,0.22239467198216484
P27929,3,486,U,test,3,0.0010689214292317279,0.002814857889604385,0.004073655348260943,0.9794220154939053,0.00042187873905333084,0.0023301832833424853,0.0006794477616339328,1.0561526937007804e-05,0.0035117105532729413,0.005666767974757954
P28037,1,902,S,test,3,0.031769145506712185,0.038886378893335995,0.03252252950725228,0.35934280372011795,0.0039919377564949544,0.34288730421436603,0.025929220890504895,0.0007269858979004599,0.1311660860568381,0.0327776075564771
P28241,3,369,S,test,3,8.665806165133625e-05,0.0007845380506411017,0.00028917966365395246,0.9980239638470217,9.799021850189356e-06,4.495761182442167e-05,6.049707601409153e-05,1.8701760673702053e-06,0.0001676915469337128,0.0005308449443420973
P28263,1,218,S,test,0,0.9937572052218092,0.0012705045333365594,0.00022207122201315068,0.0003867141210635754,0.001163002076687735,0.00025361330105430055,0.0026738629406619567,5.527790261036344e-05,0.0001624707781528072,5.527790261036344e-05
P28272,1,314,S,test,1,0.0021532638937617828,0.9356145862168395,0.0005256228616510718,0.0022478038453292554,0.0001553738111962498,0.010272649120551305,0.01132645458395071,0.0012807599273513043,0.004904862495060974,0.0315186232443079
P28288,9,659,M,test,3,0.006123139530810823,0.003713872055622352,0.0016224704470773198,0.6245772250544221,0.07062523076041573,0.2192472371286386,0.00880532060946088,0.0015005399492226937,0.057417906894301644,0.006367057570027843
P28290,1,1259,S,test,1,0.07448505710488357,0.8658601758204264,0.002249253478375023,0.0015219211550397023,0.04178232383344802,3.930999135426452e-05,0.00011024759590478827,0.007908377902862406,0.0058341199386131625,0.0002092131790926533
P28715,0,1186,U,test,0,0.9981537783500297,0.0006737649668498343,2.8804671492182002e-05,8.734909318278935e-05,0.0003945418231476699,1.0270622638803438e-05,0.0005853771653245234,3.263997211654128e-05,2.9258280116170653e-05,4.215055101768769e-06
P29352,1,802,S,test,4,0.2638200060822194,0.0061082608026540725,0.0007645384868579999,0.01802344322863347,0.6950731445055885,0.007873859702468768,0.001777605276875897,0.0005681567358738985,0.005024518042281002,0.0009664671365469288
P29374,0,1257,U,test,0,0.9983254149011457,0.0007971334330188708,2.926331238847672e-05,7.130450883853764e-05,0.0004402188966068143,4.0860736892538036e-06,0.0002833951751276493,2.972414244334271e-05,1.720301237594998e-05,2.2565443654286777e-06
P29692-2,0,647,U,test,0,0.9940063511352458,0.0036699611413591013,8.835597962510146e-05,0.00034809227034199124,0.0008301515357195914,9.459304266896121e-06,0.0009443666884875774,4.173641079082668e-05,5.113652058349221e-05,1.0389013579561842e-05
P29786,2,254,S,test,2,0.0007681830280823491,0.0001824594646346943,0.8424149708144641,0.007890175987253133,0.0030145791669176016,0.02772155576034635,0.00287653155070193,0.0008980968804269739,0.11224093230200334,0.001992515045169525
P30082,4,485,M,test,4,0.004669482245745573,3.635510717927348e-05,0.0001707515726997998,0.0013708928281914866,0.9811294447257297,0.0007803487061163334,6.184212399833186e-05,0.0009941902013817492,0.010730384600073513,5.630788888420136e-05
P30181,0,916,U,test,0,0.9960188959355692,0.001968365761826387,8.514315711944275e-05,0.00013605837780676907,0.0008141515016643357,6.934587068319592e-06,0.0008367207061379788,7.113976976592682e-05,5.627618964281637e-05,6.314013398747544e-06
P30288,2,48,S,test,2,0.0018011673884258848,0.0004114254251090392,0.9701954192384643,0.01028434164223174,0.0015895246681477283,0.0018223989834389072,0.0040175856970085895,8.490243487394718e-05,0.009400649637745614,0.0003925848845541887
P30292,2,499,S,test,2,0.00033173272796314967,0.001070846313484625,0.9584566136893521,0.0034298337216401666,0.00041284804108918414,0.007204452831453013,0.001985035558745941,0.0006006903577031576,0.024756159070688292,0.0017517876878803892
P30307,0,473,U,test,0,0.9491708906889903,0.04439331514917699,0.00028099702362211013,0.00017584344844366191,0.0012110966578377437,7.216601199693817e-05,0.0010079641824377373,0.001681441246529538,0.001965804127521291,4.048146344370842e-05
P30409,4,228,M,test,8,0.04585184366619071,0.0009694465790315058,0.04431111953280733,0.007991232625520095,0.31425981597867286,0.026981241043042566,0.02105409390974107,0.10692151256242519,0.42954222822906685,0.002117465873501835
P30429,3,571,U,test,1,0.20064632288879247,0.7339337850401858,0.002605940795480531,0.001330984468103528,0.004537976951802104,0.009131226974452716,0.0011563792736332711,0.03405940614152002,0.009758184102028701,0.0028397933640009025
P30518,4,371,M,test,4,0.002442515277310046,9.750770204151492e-06,0.00011246687699399647,6.358300280115309e-05,0.9931095115314158,0.0006736412852298554,6.25972415834564e-05,0.00222393574761101,0.0012770988048397562,2.489946201080809e-05
P30536,3,169,M,test,5,0.0010649536670396336,1.807472721882745e-05,5.069182779348295e-05,0.002294487173183438,0.00016363523059549447,0.9853623283232755,0.004422739779816144,0.0003775024811878051,0.0038126401171714704,0.0024329466727181855
P30543,4,410,M,test,4,0.03524322893272107,0.0001451606831329359,0.0001670789361357921,0.004631944089123993,0.9304897027330172,0.0031834854479825584,0.00021453357184153863,0.0036073617493034733,0.022054651818472683,0.000262852038268715
P30627,1,159,S,test,8,0.04915577410143922,0.01773363437290823,0.08152043467264855,0.042874427716016426,0.019476586028852806,0.22640786666107093,0.01858468815848009,0.002595004052195195,0.5023077968456117,0.03934378739077691
P30936,4,428,M,test,4,0.015516200651360586,0.0003536790522097314,0.0001497571465164475,0.0015363118930717347,0.9750703928696479,0.0009613993806116538,9.08323031907469e-05,0.003161556242260578,0.0030256290173572196,0.0001342414437734061
P30974,4,504,M,test,4,0.006823892188937154,0.0001197272859143968,6.115071255588972e-05,0.003988122537994723,0.9701602387094818,0.004155098895499463,0.00010082047736333883,0.0008310720961451341,0.01351802134186913,0.00024185575423901057
P30975,4,519,M,test,4,0.002973540634348073,2.2004756254362286e-05,3.0076935766897612e-05,0.000134795471814682,0.9945131732640096,0.00022929482210735428,2.961063594939691e-05,0.0003915702363280983,0.0016615021725642897,1.4431070857262699e-05
P30989,4,418,M,test,4,0.0054064066127804235,0.00013909868733355483,0.0001286452764581071,0.001309461406541816,0.9792661246877474,0.0037742802682533758,0.00024034097858193596,0.005260578276532424,0.004301952683120579,0.00017311112265041005
P31272,0,232,U,test,0,0.9970216635984234,0.00014162074468107623,6.138805770737092e-05,0.00027512218966117466,0.0018509702951359137,2.4997548576534413e-05,0.000571168346407881,9.487999253192372e-06,3.363788144638631e-05,9.94333870709384e-06
P31361,0,497,U,test,0,0.9980016130076607,0.0003427107046062954,3.367094141464364e-05,0.0003879867231476083,0.0008031248780324256,1.5905026614021758e-05,0.0003685961486992397,8.38135920002806e-06,2.5816404343412652e-05,1.2194806281627054e-05
P31374,1,1356,S,test,1,0.0076429568252805846,0.9816681031841994,0.0013543420436730716,0.000952898629625495,0.0001762685365079771,0.0003560721990595228,0.000815057410304557,0.001419338350850025,0.004312504760001736,0.0013024580604976102
P31424,4,1203,M,test,4,0.0018129152029576223,2.5759029109316166e-05,0.00033930863750478645,0.00011015739447504379,0.9957835683396827,0.0003340481783525797,7.811329130943884e-05,0.0004985359851175664,0.0009933955743684747,2.419836712246575e-05
P31431-2,2,153,S,test,5,0.007601268813618114,0.0008265996752696166,0.0646469055665963,0.021781250948375686,0.02090595293512921,0.5084872707219128,0.05465121318127735,0.011819153234016843,0.30363160146875695,0.00564878345504714
P32259,0,974,U,test,0,0.8647485467597554,0.12074594986236795,0.0004220796444859749,0.000989061489814744,0.003167883774088017,0.00038430790971660653,0.001174539608431855,0.0017909590508352262,0.006267871808136134,0.0003088000923681019
P32288,1,370,S,test,1,0.00042120555483680033,0.9702494663510921,0.0002615324929587023,0.0007334859953417965,0.00030576243319827625,0.0013649898287358471,0.0006225014355225189,0.0003895514684944282,0.0024740922314286646,0.02317741220839091
P32307,4,370,M,test,4,0.0013328734517002365,8.636781767033799e-06,5.995114489974463e-05,8.72284051115285e-05,0.9967746259409367,0.00025141972791105675,2.2754887423728377e-05,0.0007564876928955698,0.0006901364963129168,1.5885471041530347e-05
P32316,1,526,S,test,3,6.95872531234074e-05,0.0018372384427581077,9.075888827528246e-05,0.9973867641094212,5.905793336569435e-05,2.138936639281683e-05,2.241586226455132e-05,4.345513499727826e-06,0.0001351849672006836,0.0003732576636985102
P32334,4,1306,M,test,4,0.0912891872200427,0.0012819820980712294,0.033912984578488924,0.01235464796585355,0.30882735275264944,0.13491668526035588,0.028725419414208628,0.08442870044912072,0.3016733652770493,0.002589674984159598
P32335,3,436,M,test,3,0.0017875846332259988,0.002611099818243799,0.0004295934664786602,0.9934441446196163,0.00024573299720986066,7.320824366794114e-05,0.0003717821741069231,1.711889933056265e-05,0.0004830049584417196,0.0005367301896782452
P32340,3,513,M,test,3,0.00015823490477515656,0.00021292836026355538,4.751073804405393e-05,0.9985712088270144,9.375108639569957e-05,6.294150427668238e-05,0.00017583560932157296,3.183020997173786e-06,0.00024175115450513553,0.00043265479440647515
P32354,0,571,U,test,0,0.9933907638721097,0.003186542878177383,0.00013050080328391378,0.0004501859083661648,0.0006928496801670629,1.7117980058594635e-05,0.001970855694199581,4.58100879530811e-05,0.00010323463075024013,1.2138464934323003e-05
P32378,3,372,M,test,3,0.0026164909010301103,0.001840931455280323,0.0005192585453094096,0.8819599630096443,0.0005441782923521922,0.027264464283154675,0.04898536885054494,0.0008297728380410711,0.006866660808884461,0.028572911015758488
P32389,0,672,U,test,0,0.9977975877821249,0.00043741563842047184,3.2628325219298845e-05,0.00044713317321779515,0.00048370239299739436,5.726448869443307e-05,0.0006229083810817176,1.7464684160127532e-05,7.126680886455054e-05,3.2628325219298845e-05
P32418,4,973,M,test,4,0.005690656896078919,9.071835740876831e-06,0.00011402579725859125,0.0011606520138320714,0.9532902364704109,0.008848357885563023,0.00020647404613811018,0.002639625857048826,0.027901191863410498,0.00013970733451818505
P32447,0,279,U,test,0,0.9991983900327102,0.00020691057561201775,1.8044369325378374e-05,8.086924803117093e-05,0.0003274289717381051,6.139287308374539e-06,0.0001287248750864263,1.0774784404517836e-05,1.9817861977273264e-05,2.8999938065259354e-06
P32478,2,413,S,test,2,0.005452479468394003,0.0008136107231224649,0.9350516205370406,0.001656429239324313,0.022866300441433035,0.008225206407686585,0.0007408010208608027,0.0007885785735487509,0.022599899310140083,0.0018050742784493728
P32480,0,875,U,test,0,0.8555043099187757,0.05300790670716185,0.0016515118317597152,0.004217282922179711,0.0073153318202962715,0.006430588965106903,0.019280392653829206,0.0036927767677776883,0.046779315069477925,0.0021205833436350793
P32497,1,812,S,test,0,0.9869963183462608,0.0075358098440196095,0.00028320516137233186,0.00016910951377405937,0.0005048678269459542,0.0004893345883644197,0.002111092031053296,0.000781954518988495,0.000961820444976969,0.00016648772424404735
P32527,1,433,S,test,6,0.00539714511221178,0.004652629620226069,0.00029859680227185804,0.08409640866361687,0.00013670756143421364,0.022811764498390893,0.8361757777654982,0.00013886040066784605,0.0023212831075617073,0.04397082646812056
P32569,0,687,U,test,0,0.9949703702271302,0.001935809247150804,3.74485567075928e-05,0.0014900456715926003,0.0008002946180957297,4.112919441336349e-05,0.0004971569232463142,5.448733221391235e-05,0.0001327666817645046,4.0491547685021076e-05
P32621,7,518,M,test,7,0.005640691651479768,0.0021662023070400686,0.003656158482223231,0.00013633372241329714,0.007214554636119506,0.047785651273918976,0.1239465483776037,0.7474933915115517,0.05719193856299556,0.0047685294746542236
P32634,1,1753,S,test,1,0.0012730985820878127,0.9958166980258871,0.00023139609836975408,0.0009045270725939383,0.0005507706359075752,2.0061820676323106e-05,1.4225960317772966e-05,0.00023139609836975408,0.0007858667335329737,0.00017195897225697092
P32793,1,468,S,test,1,0.002435030114647846,0.9014653907154656,0.001123581748662818,0.02402323789689821,0.0007368629242741115,0.018204666164444966,0.0030542122276339167,0.0066710126581161116,0.023466741009178664,0.018819264540677758
P32837,8,571,M,test,4,0.004383055523914659,0.00010972765525772414,0.0016636202461115513,0.013239633384630195,0.6110911412096879,0.03786382105627123,0.001217130696538368,0.002576665505175713,0.3270935439116437,0.0007616608107689367
P32860,3,256,S,test,3,0.0005328398222016093,0.0016324705998690557,0.00017341062738955926,0.9964082125521169,0.00026649348558774734,2.4594855225671387e-05,0.0005192273779639374,1.0913901477295256e-05,0.00022266363867519805,0.0002091731394930206
P32902,3,394,U,test,3,0.0010674113930820314,0.0005564762425745677,0.00018476511567585297,0.9973284059776198,0.0001966814462898302,1.5405281456996767e-05,8.592376298864294e-05,4.081992778216798e-06,0.00024097914995355692,0.0003198696375804401
P32905,1,252,S,test,1,0.2513780709981344,0.7161094624139899,0.0008995555621587873,0.02608428520445668,0.0009802800359476152,0.00019302859495028385,0.0013294569418738048,0.0005585467620745033,0.0007060692367481196,0.0017612442496659402
P32907,4,282,M,test,5,0.00917113711005925,0.003913760913356979,0.00216138398228478,0.001998953417463551,0.03968229311305299,0.4523692492213234,0.00543371885742077,0.14123656612454116,0.34146623030608303,0.002566706954414106
P32916,5,621,M,test,1,0.017059440285547893,0.7310751089311874,0.023684686009954506,0.006424643514560999,0.0006461434012932066,0.1300545081336039,0.01808888133599794,0.019180443459830016,0.0265385468593336,0.027247598068690548
P33203,0,583,U,test,0,0.996930458016395,0.0006377485536245702,3.6367893963266774e-05,0.00041783747316989384,0.0005846597242680987,9.88581824448435e-05,0.0010003841425991076,7.010095225718133e-05,0.00016172119282777602,6.186386845022039e-05
P33313,1,385,S,test,0,0.5280065454860199,0.43773278936273413,0.00150641651581691,0.004824929717056801,0.0010682092772679487,0.0059116274912877345,0.008979012968558608,0.0006789951295833883,0.0050961415261849725,0.006195332525489606
P33417,0,597,U,test,0,0.9977385586067626,0.00039747082152348306,2.879268931217274e-05,0.0005160005899497749,0.0004921308515549966,4.3222944476815435e-05,0.0006464201457419386,2.2423769207883734e-05,8.663328123425165e-05,2.8346300236015265e-05
P33442,1,255,S,test,0,0.99707280169345,0.0025499501578976447,2.461125984996486e-05,2.8327387401573635e-05,0.00011160019456079533,1.446821340457301e-05,7.821442385947148e-05,4.387431685729115e-05,7.066083854129291e-05,5.491514177358261e-06
P33891,5,701,M,test,7,0.03991165973649725,0.014589773851872854,0.041420581062308316,0.0002113892468623394,0.0048111968655184904,0.25659738967839535,0.046140359773138385,0.3762752266622333,0.20298524897339865,0.017057174149775135
P33893,3,541,U,test,3,4.902808446103822e-05,0.0003636891822111415,0.0001625724548121093,0.9987585270064593,2.5835985625036956e-05,2.484622428692321e-05,1.8320457320999023e-05,8.568591957139623e-07,0.00015072246535509688,0.0004456012802727101
P34216,1,1381,S,test,1,0.0331180847836748,0.8055181676134313,0.0021589256820637955,0.00011805092325181011,0.0026659174462968843,0.00517899367894899,0.007624215610003825,0.07790953088082611,0.04991071778339906,0.015797395598103465
P34250,4,1132,M,test,1,0.1094312942465334,0.7536924833344409,0.0024749852010023826,0.02208085647518555,0.08132243536185263,0.0011691002255486474,0.00024125747985374258,0.002871033171150272,0.02514335816791625,0.0015731963365162235
P34343,0,1129,U,test,1,0.2974764222593213,0.6297576072614469,0.0016878575034561937,0.0007727574853037033,0.0019733054387869185,0.001443701036621076,0.0034363073215988825,0.016538426913454016,0.04561948950970686,0.0012941252703041785
P34611,1,851,S,test,1,0.10482783549262593,0.8915346766869633,0.0011875004519779045,0.0006136652771371067,0.00021880908514364966,6.993558240374314e-05,0.0003931287488223197,0.0002365890212470985,0.0007577755018339973,0.00016008415184496548
P34982,4,312,M,test,4,0.0016822616734300125,1.2831689465359213e-05,0.0008450685846328333,0.0005165800817209934,0.9864992236179222,0.0011539444253617257,4.996350545774921e-05,0.00044881254600065087,0.008737290448401273,5.4023427607213724e-05
P35035,2,274,S,test,2,0.00036849703583808144,0.00013769728394929463,0.9250080069101481,0.009503663892837598,0.002301839729593219,0.008485817585809921,0.0011710811386637884,0.0002454719261618267,0.05137632375995609,0.0014016007370420813
P35036,2,277,S,test,2,0.0006283780804330209,0.00023850542979064052,0.8848222674387387,0.008334035223635863,0.00675900107980999,0.012572106230086482,0.0018613913941364147,0.00043867861115941275,0.08230129797043362,0.002044338541775854
P35037,2,275,S,test,2,0.0006752000461123862,0.0003670999261816532,0.6333377069325964,0.01707682866109254,0.004040289018308459,0.06125627548230287,0.00772725522285408,0.000840300073293174,0.26817204312000786,0.006507001517250598
P35038,2,275,S,test,2,0.00041261149599234313,0.00033154265955430054,0.8721846372801327,0.017340285764604765,0.0023744150614163437,0.020998239591158548,0.0023744150614163437,0.00030662681200488716,0.07986807106249141,0.003809155211228289
P35039,2,274,S,test,2,0.00047738011530074634,0.0002118361556005409,0.7858829316117092,0.015932648350430165,0.005549361290223002,0.020780089474328908,0.002901550768011835,0.00042128649546991547,0.16473000619091752,0.0031129095480081693
P35040,2,273,S,test,2,0.0009325320453733435,0.0003767769740670304,0.7251642451656746,0.029698177318992186,0.008899611350306326,0.031245236512853325,0.005366351043118179,0.0006309826886501243,0.19214938949189445,0.0055366974090704894
P35041,2,267,S,test,2,0.0005523514661729979,0.00022668457309921454,0.9236232791367864,0.012670061056964303,0.003925001738473825,0.006689705599010428,0.0022805074458213774,0.00023025434667802832,0.04819133708126571,0.0016108175557276914
P35064,0,138,U,test,0,0.9991104083781066,0.00021221276041477082,7.715917561323212e-05,5.139909551744793e-05,0.00017388090080649101,1.9816116735090078e-05,0.000250047715710629,4.5359544251455546e-05,5.020843583434815e-05,9.50787700995364e-06
P35476,6,99,M,test,2,0.000981586417011749,0.0017913638400271516,0.964914752695879,0.007091903693083135,0.0016828306488694857,0.0031934513693686172,0.014940430620226194,0.00023314720929513283,0.004092471731613153,0.0010780617746263695
P35477,6,99,M,test,2,0.0012534321345063718,0.0026535156774100703,0.9521266267029737,0.011303409056179341,0.0025122985362613258,0.0029371744160683255,0.021366475251039147,0.00022297915816988428,0.004409221021822258,0.001214868045569632
P35523,4,988,M,test,4,0.0020594047031081467,9.171581921721516e-06,1.3984993052939956e-05,0.0005403849582180657,0.9943651915457511,0.0006262456318821457,0.00010914446058438478,0.00021038145333034778,0.0020274768667096405,3.861380544146534e-05
P35525,4,907,M,test,4,0.014572653048225866,0.00027753983772645606,0.00014398576086002243,0.0065812507404846175,0.9672521326310454,0.0007427351436440735,0.0008889375682311492,0.0011325357685469334,0.008174517521025266,0.00023371198021028468
P35590,4,1138,M,test,4,0.003995961079575817,0.0006342626774711714,0.0031189030404871025,0.00211241748731933,0.9808876650837894,0.0008874930999605718,0.00019957961229242482,0.0023843503784933217,0.005697460231918145,8.190730869265892e-05
P35723,5,206,M,test,5,0.000699783476546085,1.2767013244668535e-05,3.525085654423053e-05,0.0001077352971178101,1.424263287696423e-05,0.996983791677579,0.0012329652246185702,0.00029544016139398634,0.0003694809437993255,0.00024854271627934306
P35731,3,278,U,test,6,0.024765611683622697,0.01330146346650405,0.008323842686633628,0.008860685020128437,0.0012085684802469595,0.1353936649281921,0.6560989181606367,0.006793723292531485,0.052198904057116725,0.09305461822438722
P35997,1,82,S,test,0,0.9227100282169495,0.020226679022093835,0.0002907809581441542,0.04890183930310303,0.00256651607516302,0.00012506334597084777,0.00445624797569415,6.095100035385843e-05,0.00036188274846751177,0.00030001135406014826
P36008,1,412,S,test,1,0.004521349058918742,0.99171467381132,5.5164285247665165e-05,0.0005770748349913087,1.9669431258736507e-05,9.238279179786452e-05,0.0011123408526422915,8.281139307918905e-05,0.00015471206551829412,0.0016698214752260032
P36029,7,618,M,test,4,0.006148235195782408,3.691751197190252e-05,0.00013294506612138653,0.006739340070444467,0.8930840862247044,0.024364282455136884,0.00016805831515320495,0.0023749900103080517,0.06674842812983516,0.00020271702054211867
P36041,1,632,S,test,1,0.009663125683480074,0.9779950468914925,0.000338495213621211,0.00016241177306042817,0.0002515482628370322,0.0005624612863624835,0.00014110579380815922,0.005636451252059475,0.0046364181999800184,0.0006129356432985886
P36046,3,403,M,test,3,4.06493487892092e-05,0.0004073490093805515,0.00010259241656896226,0.9988478941436472,8.25841589600062e-06,8.130381803263337e-06,0.00017961624974059174,3.607834750584548e-06,0.0001230271070601314,0.0002788750923635669
P36062,8,692,M,test,4,0.009299340398001612,9.629209402295285e-05,0.00026587102168406567,0.00307859937438552,0.8569512127756781,0.021791194887919266,0.00035776854657023076,0.005257370269147511,0.10234822791884986,0.0005541227137409052
P36080,0,434,U,test,0,0.996770698045314,0.0021299174318764593,5.127873045694053e-05,0.0001796808641302846,0.00021758477910112218,9.338550444580034e-06,0.0005567084733360114,2.8764758522238412e-05,4.6689816373773995e-05,9.338550444580034e-06
P36091,4,449,M,test,2,0.00011946566100844626,0.00034032603257558877,0.9237105388960752,0.00148409473001104,0.00035665858176571946,0.02223874906151074,0.002092909271592529,0.000277765997183419,0.04671305647330812,0.002666435294969175
P36103,1,277,S,test,1,0.23110022436376493,0.257810929240751,0.02454882571104182,0.01572656684929476,0.0039146520596787335,0.13065222349837996,0.07658179364654745,0.009538645249009646,0.1751263499186484,0.07499978946288331
P36156,1,370,S,test,1,0.0037876281642959825,0.7683459216659011,0.001288675668620663,0.00032582822864147957,0.00020389807991497437,0.144367916367939,0.01717506893026032,0.015127370225237273,0.006367909907675187,0.04300978276151404
P36517,3,319,U,test,3,0.0037527773962349235,0.08907586438926461,0.0009742020159689448,0.8996343716485725,0.0001360290786814739,0.0006962307459923757,0.0027228945714778876,5.942670464174264e-05,0.0005133683503241788,0.002434835098841347
P36533,3,70,U,test,3,0.006519495035616063,0.1480935021821464,0.03715250901750181,0.7759544797718488,7.694563640623402e-05,0.0026703748862765106,0.012517663597066075,8.719082573002336e-05,0.007787589995772161,0.00914024905163592
P36534,3,297,U,test,3,0.0002324389415865697,0.009357561268951368,0.0023292812754410284,0.9847962551331099,0.0007562069321466224,0.00017408871030326234,0.0002675355885899966,1.029275337665817e-05,0.0012838413232754025,0.0007924980732191731
P36589,1,240,S,test,1,0.000670948176196712,0.9901056463514327,0.0019778121869376544,0.0002586735846448908,0.00011842939613892636,0.0007426718943820344,7.889098810197894e-05,0.0019136880615521245,0.0026330006959242635,0.001500238664688736
P36618,1,299,S,test,7,0.06870287924857349,0.17820170774647925,0.028389006744779892,0.00018850204797718804,0.022700095835867146,0.0214500840762288,0.004711958252581057,0.588883597497426,0.08254839651871007,0.004223772031377065
P36626,0,561,U,test,0,0.9987286157169102,0.0004285177597227856,2.012048358474116e-05,0.0001247057562867433,0.00026040932407555905,1.076971846108873e-05,0.0003715762139217942,8.003375362779097e-06,4.0328198608197546e-05,6.953453066134954e-06
P37173,4,567,M,test,4,0.003281870616146631,5.022341417043972e-05,0.00010632296445551837,0.0021607270412263412,0.9916309690435458,0.0005703035262648302,3.850762723053031e-05,0.00039196354824714994,0.0017395873977816996,2.95248209311633e-05
P37254,1,787,S,test,1,0.0001163504612252741,0.9957926716998428,0.0001163504612252741,0.0011728051648084933,0.000118182715000527,4.4508018653398055e-05,5.5391124992003705e-05,0.000990498508050147,0.0004785062832743068,0.0011147355629278714
P38064,3,232,U,test,3,0.0002843432524046633,0.0017148093471130276,0.0009600439752410784,0.9948412704755243,0.00021379678414507362,4.960484245559553e-05,0.0016235489432001294,4.911544523770859e-06,0.00011899583422310265,0.00018867500116926108
P38070,1,525,S,test,1,0.028356842359162537,0.5934090337430795,0.011751828415941532,0.08482339689373147,0.0029713277906125222,0.01863322879752979,0.032258273905995595,0.0026221877442964745,0.12245687755931604,0.10271700279033455
P38126,0,564,U,test,0,0.6130183666254181,0.38361711607410987,0.0005633847075176426,0.0004353499489317994,0.00043876441017120214,0.00010022324128479579,0.0009965259377491392,0.0003443901799886342,0.0003902451837145184,9.563369111437697e-05
P38166,7,215,M,test,5,0.0022491907103977045,3.2461166769132574e-05,0.0004623372005738533,0.004297490959989891,0.022276653787104347,0.9180842800333541,0.0011442955042736814,0.005891208258605801,0.043615570094000605,0.0019465122849309099
P38172,3,270,U,test,3,0.00011995568788694565,0.0001650846509436299,0.00018697409454099246,0.9989561573372888,2.5841096502271162e-05,1.3406184806108625e-05,0.0002940079354182734,2.403596630167088e-06,7.506635851181664e-05,0.00016110305747094842
P38175,3,177,U,test,3,0.00016969365614000396,0.0009538984949970222,0.00025623734670215584,0.9981733779143451,5.728605663470326e-05,1.517929410099501e-05,6.14589675749475e-05,1.6506717563457974e-06,0.00013476412572776967,0.00017645347202097978
P38204,0,145,U,test,1,0.16245280531016984,0.8250034020392147,0.00026408414651598455,0.004414606462024229,0.0010444730496253173,0.00025595914269343286,0.0031304250631540203,0.0007761864845303386,0.0019513324758900974,0.0007067258261819557
P38211,5,433,M,test,5,0.0002406829361864805,3.808157237500954e-05,0.0001448455566861657,1.6898593104035973e-05,0.00010848430460265149,0.9806593910746049,0.002733034784378293,0.00976544517010542,0.0032203020991722945,0.003072833908784793
P38212,5,213,M,test,4,0.01167570461461412,8.914510079916425e-05,4.27722892578923e-05,0.0005634144347390011,0.9720285225210646,0.003124114218015897,8.374407726748644e-05,0.004179394461421601,0.008150954970968394,6.223331185184213e-05
P38228,3,572,M,test,3,0.0002896418715210449,0.0006060281866595126,0.00031935444045990525,0.9976686571372021,0.00011933402511838336,3.7550114794698966e-05,0.00023182643755181368,4.484721974907573e-06,0.0003562656097013131,0.0003668574550163305
P38247,8,162,M,test,1,0.08547220214437118,0.8632386160471953,0.0020901872373737876,0.013507166617149943,0.007352689605104955,0.0006946766382352235,0.022166491990378775,0.0020101132881043303,0.0027049034312761483,0.000762953000810379
P38257,0,691,U,test,0,0.9900461722566948,0.0077990468021557615,7.18267379277439e-05,0.0006962726257570708,0.0008188088285530921,3.1378781317376774e-05,0.00019677666682740982,0.0001290492760512135,0.00019072245910080164,1.9945565614749986e-05
P38287,8,376,M,test,5,0.0004944799624708991,0.00026467605915309343,0.00019364112340653568,1.665785048821495e-05,0.0005101764169116697,0.4860815123653063,0.00048302530454166147,0.4860815123653063,0.024581675718083177,0.0012926428343321497
P38291,0,140,U,test,0,0.9993186352269146,0.0002377165457006464,9.217270554776077e-06,8.779329793156992e-05,0.0001172194362945413,1.47291563224235e-05,0.00018938537556334779,5.7680208273433295e-06,1.1651721185612813e-05,7.883948705145712e-06
P38292,9,413,M,test,5,0.05050510717637975,0.0004438358129030783,0.00028656197883167095,0.00296280661305259,0.0011602517466778278,0.8952244769709489,0.006841801307757975,0.008650959134515851,0.027459150979974343,0.006465048278958007
P38310,8,465,M,test,5,0.02586506464784253,0.003590472468513194,0.003590472468513194,0.0010286875653866075,0.019334239671384826,0.5246119441187318,0.021255254510411856,0.19000185815964632,0.20867621667866587,0.0020457897109037704
P38313,0,324,U,test,0,0.9756676452270647,0.009907363157821415,0.00021464860252203688,0.004160363691783151,0.0022106317478260995,0.0003594687551801718,0.0034897189293928792,0.0002589156209022242,0.0034880155402136626,0.00024322872729361526
P38319,0,544,U,test,0,0.982620680055306,0.005981435882726845,0.00022304051538390738,0.00704785414357007,0.0013576435000707328,2.3143834844723193e-05,0.0025031925070864705,4.602701217126842e-05,0.00014400578273872553,5.297676610127431e-05
P38324,0,304,U,test,0,0.9937538659116545,0.003077586927806284,0.0002637152251813636,0.00041488229825775106,0.0005411085523981381,0.00017567220766367614,0.001163566153893341,9.701540844487264e-05,0.0004382030233423565,7.438429135770443e-05
P38325,3,134,M,test,3,0.00021895879552247464,0.00260567243494799,0.1226400050627463,0.7512611078369831,0.00040272686941017765,0.05703290124429942,0.009978813023103078,0.00015771010505844475,0.012651413557247203,0.043050691070681824
P38345,3,138,S,test,3,6.547759452758418e-05,0.0006459812197322744,2.8829394719864143e-05,0.9990104594047234,3.6160163182317207e-05,8.0056334701397e-06,6.599113883875049e-05,1.814428440712142e-06,5.386040162658762e-05,8.3420620738352e-05
P38347,1,419,S,test,1,0.10092262915730205,0.8855679143620566,0.0028406748994616077,0.0013844343771301172,0.0008731517709653078,0.0008462877673553324,0.0003113318691897617,0.00025016218605213773,0.0030595273547332916,0.003943886255753752
P38574,5,287,M,test,4,0.0019502269633352553,3.1702996268763793e-06,4.047567334828701e-05,4.047567334828701e-05,0.9945802723366718,0.00047189466087654386,9.484686062460216e-05,0.002027915210573042,0.0007818309963911612,8.891325204147248e-06
P38633,0,127,U,test,3,0.022420186084183145,0.024194702004000354,0.16926170534327406,0.6694430569968856,0.0026934451330329063,0.03208408810675741,0.006262448020712314,0.0002584820850665644,0.024123919627153236,0.04925796659893443
P38702,3,357,M,test,3,0.0027086572770169083,0.0009592217400604286,0.0003041998214488427,0.9652909623355234,0.0009370014866618072,0.011415015437614414,0.0011040575520943827,0.00010512865093689132,0.0028581194345052995,0.014317636264137708
P38711,1,82,S,test,0,0.9573596732201274,0.01344428576836067,0.000227735406965862,0.02359545568044889,0.0018809129290032805,9.058688589942191e-05,0.002926045284558503,4.083070859576651e-05,0.0002704424723729939,0.00016403164366725952
P38732,1,585,S,test,1,0.0007319241277598863,0.9946885315049179,9.41189996833308e-05,1.4209843535525722e-05,3.7437950401167644e-05,0.00015158135595584544,0.00022577974859374378,0.0033700571010338585,0.000480784578309958,0.00020557478980882122
P38742,8,1146,M,test,1,0.02572985057166359,0.9177000613244293,0.00310921608405167,0.0002716802665844612,0.0016256912290016589,0.013231665170536517,0.0022394843039908077,0.005146294214549784,0.02728250481557771,0.003663552019614478
P38745,7,532,M,test,8,0.005056677550110582,0.0001892953939641322,0.0004758885924861502,0.00320168897645436,0.24651638472625206,0.08129247541538841,0.00017235542158607683,0.0425047552955307,0.619742115563501,0.0008483630647264786
P38805,0,295,U,test,0,0.9975156108952179,0.0007409587350254398,0.00011746589667286707,6.9596246995479e-05,0.001238451139072382,1.6660206493048212e-05,7.703601501587445e-05,0.00013310630137775136,8.394909832809732e-05,7.165465801147193e-06
P38806,0,282,U,test,0,0.9982042422559555,0.0004324957892434284,4.062315610274355e-05,0.0001045484543883772,0.0008001561597570717,5.245985961233843e-06,0.00035299273829383817,2.5421319431042746e-05,3.0188563292147962e-05,4.085577574618857e-06
P38813,5,335,M,test,5,0.00101942501344451,0.007034012266651494,0.003892620177218833,0.007380585343741677,0.00010578079898813204,0.8571506921644332,0.08486941637971081,0.00036921125926358097,0.008152628491514857,0.030025628105032905
P38843,5,316,M,test,4,0.002778540252296491,5.058587497476636e-06,0.00012448835553041058,0.0007333695822829313,0.9625461305770708,0.0009306944760699826,0.0001081573674667278,0.01111888002047945,0.021600295841614898,5.438493969081504e-05
P38848,9,579,M,test,5,0.005960719364228246,0.00042179055980691893,0.00020080242124771095,0.0014953774356728292,0.0001469101771244198,0.9715970272638622,0.004473100194463062,0.0026762321195088544,0.0011737351887675575,0.011854305275318232
P38854,1,504,S,test,0,0.43997441487924266,0.06642620079117892,0.01679517281618474,0.051430544304340006,0.30476137140678583,0.01505509628585095,0.0010736795073891105,0.007337267770399161,0.08663610125900009,0.010510150979628508
P38857,3,129,M,test,3,0.00043438689816489547,7.941735280237469e-05,0.0002158787416460399,0.996711689975411,0.00032407237082784316,0.00027289627864761975,0.0003278924234980919,3.7514098255375414e-05,0.0010319132934910062,0.0005643385672557642
P38877,0,133,U,test,3,0.3006093798456882,0.054319003365025376,0.007825394932659054,0.5113537815768101,0.007467043391031417,0.020218396690322785,0.036664456019037665,0.0009129598938484013,0.038424018833919424,0.022205565451657625
P38878,5,278,M,test,5,0.0003772784633106651,0.00017273066888943763,0.002744511741710927,0.01146490613576727,0.0002892694025656828,0.9619651798952205,0.00046953063012824224,0.0002116340394224244,0.008257862071696813,0.014047096951288094
P38880,3,579,M,test,3,6.010094173130082e-05,0.00010714150959662827,6.863743045041107e-05,0.9992651989623459,3.1670972250287765e-05,8.609062763026681e-05,0.00011054254706397723,2.189176398746959e-06,0.00011836343802949343,0.0001500643945030485
P39001,0,836,U,test,0,0.9939552508899968,0.003967970357087057,0.00010657217402801816,0.00017987461197739842,0.0011235978903287732,6.107072360987482e-06,0.0005015235773490686,4.583612170972501e-05,0.0001049199278502889,8.34737731181993e-06
P39543,5,234,M,test,5,0.0006695241018383548,0.004674728809788458,0.0041842664669136335,0.0035494072344749265,5.804709471187044e-05,0.9651170293976368,0.0023736689838858563,0.0005594083186162608,0.012632993248772904,0.006180926343361005
P39551,4,298,M,test,5,0.03726507261001155,0.09241225347745506,0.0009202449360756783,0.05063773942156555,0.0010427742712369335,0.5235510938364225,0.02739047006822339,0.06351395543345846,0.0060952490589445745,0.1971711468866063
P39723,1,622,S,test,1,0.0010982522558631567,0.9379720134951517,0.0015367313824478641,0.0008687890989609493,0.0005971094388032591,0.0013667970260126147,0.0009393850384635978,0.03337418303339279,0.020242463890413908,0.002004275340490145
P39735,0,261,U,test,1,0.10594976206191861,0.8871064970261573,0.0005346743027683871,0.0009681700749291131,4.708574635455504e-05,0.0006300002861709668,0.003116909504032315,0.00027522676290076095,0.0005305134447346429,0.000841160790033346
P39923,8,615,M,test,1,0.004313559445646257,0.9098919997611693,0.002419687439644656,0.00030050253312503676,0.0003624752426728268,0.014649697239911759,0.0006361638336382865,0.030176873606556926,0.033928775667828176,0.0033202652298067736
P39936,1,914,S,test,1,0.15410611552811698,0.820173887237946,0.0023036995747733194,0.000610419627828114,0.0005557934242419662,0.002164125515440751,0.000796137288036028,0.0025901192275154775,0.011405842763137943,0.005293859812963337
P39952,3,402,M,test,3,5.343253753109388e-05,0.00014638387153217584,0.00014188009740043946,0.9988474899784361,3.672361000815834e-05,9.451252895882393e-05,0.00013328403364609964,5.332031861721539e-06,0.00019659666683438266,0.0003443646437909733
P39968,8,578,M,test,4,0.1762736316139263,0.06625572687663489,0.0026350773785670284,0.02940080357316179,0.5180970505164044,0.019019697136064346,0.003490910450098209,0.015645176398102412,0.16689253094311265,0.0022893951139278937
P39996,0,337,M,test,5,0.005591823070804724,0.0005191056669482071,0.0004510068329807507,0.012875028605454272,0.0006562110251932914,0.968358327228297,0.001444538196931909,0.00032996361764225886,0.0054729676778237585,0.004301028077923861
P40006,5,225,M,test,5,0.0012978367388536438,0.007439417562914384,0.0016664554844643376,0.0004964668052755671,4.8774329613047466e-05,0.9781850311283834,0.004459665967353389,0.0021355959473651097,0.0017396215809269752,0.0025311344548501376
P40014,0,221,U,test,1,0.13108559600551975,0.4908619803660767,0.004664184225882672,0.012288488589315012,0.003520711098863682,0.029249148426399342,0.02199234299597175,0.009720994466218522,0.2732058289915303,0.023410724834222334
P40047,3,520,S,test,3,8.395094807459093e-05,0.0004126161604570225,0.00019216561291753753,0.9975375650491657,7.703771183111472e-05,9.587498329140703e-05,0.0004960118438529309,2.6360856835915503e-06,0.0004195234013117123,0.0006826182034144461
P40053,3,627,U,test,3,0.00022762236382794834,0.00014639109121153008,0.0001118043492749129,0.9988967564948305,0.00013020293083952544,3.701346277969631e-05,6.102488130325718e-05,2.6396774186704795e-06,0.00023784834307833316,0.0001486964054356721
P40072,0,274,U,test,0,0.9975453103857757,0.0010388455209069617,5.2535564910204665e-05,0.00031520979513813605,0.0005244088869373336,4.484167258734407e-06,0.0004719168686338196,1.8014516325102293e-05,2.3865355817945565e-05,5.408938296119196e-06
P40094,7,801,M,test,1,0.041459693310969645,0.5656655180141754,0.0013379356476649698,0.0004623782288419759,0.003285653158478099,0.006847889115069741,0.0022058830546431317,0.2756833602436728,0.10062900054965992,0.0024226886768243523
P40156,3,214,U,test,3,0.00024489155546153355,0.001003221698191227,0.00023095475006387794,0.997807416364772,7.52734975130284e-05,2.6630724473052876e-05,0.00015087332171629563,3.718482176082585e-06,0.00028131849076023716,0.00017570111487264062
P40166,3,100,U,test,6,0.06149293115225942,0.05983426417136699,0.005067402808413455,0.3234609862309183,0.002284057578768395,0.08051580685567414,0.3963126783786684,0.0018935502739384007,0.016745691285669453,0.05239263126432306
P40215,3,560,S,test,3,0.00019150538538763586,0.00042404426094947605,0.00013632915087075253,0.998001148831203,4.823137305736807e-05,7.828724409474425e-05,0.00012608386049886845,8.647409149841132e-06,0.00031206055133781456,0.0006736619334504588
P40239,4,226,M,test,4,0.03199755332781903,0.000501769700867415,0.01984833742560169,0.006819328011667819,0.5589225824780453,0.013042307770243951,0.011464923781347475,0.0662343043616016,0.2899652101724088,0.001203682970397001
P40344,1,310,S,test,1,0.013998020256197046,0.6335987365342843,0.0010462013168469131,0.21557110264437104,0.004370394571002737,0.00962068872908854,0.0006969203149490064,0.03987664676899311,0.030218280454321567,0.05100300840994577
P40395,7,1056,M,test,0,0.9883030121981967,0.005520615828222498,7.058866848390286e-05,0.001121581036039637,0.0014578261251366402,6.037768291374348e-05,0.0027010634722439237,0.00023509616161606495,0.0004675445446699968,6.229428247691211e-05
P40453,1,1071,S,test,1,0.005988667711397244,0.9727030980051805,0.0005379868664408736,0.0013845724734442427,0.0006192191496012488,0.004315055435585602,0.002373709340334078,0.0019525601503581087,0.006103056940816619,0.0040220739268415125
P40473,0,351,U,test,0,0.9970844683242097,0.000629800582186852,3.7528128955313805e-05,0.00025645821921179703,0.0010881978546212507,1.0585294818256518e-05,0.0007961425604449101,3.0154697875075026e-05,5.904003563341103e-05,7.624302043471484e-06
P40474,4,542,M,test,4,0.019484555810723312,0.0004925731564681134,0.0016663534300200126,0.01914504405319869,0.4206864233391981,0.2591773979316881,0.0030648931985986943,0.020620026074714713,0.2512033401152512,0.004459392890139121
P40475,4,563,M,test,5,0.013611864415405048,0.0005424201629585628,0.003765141831794416,0.015066959924947308,0.04428425911323759,0.4490056961322054,0.00640472219185587,0.023165870934345568,0.43519124764852446,0.008961817644725756
P40486,0,507,U,test,1,0.013440507020968733,0.810687273383889,0.0044932213381264656,0.10387568553085601,0.001718810356253389,0.03268593668448881,0.0018584770825510902,0.0018584770825510902,0.0050914866836443366,0.024290124836671045
P40495,3,371,U,test,3,0.0001385830000109456,0.0002594687169649807,0.0001452337347586203,0.998772110434612,4.0016101714259944e-05,3.939570989635187e-05,6.753995868390255e-05,1.9922845753294768e-06,0.0001769044947734325,0.00035875556401017324
P40498,0,721,U,test,0,0.9980155724522694,0.001177721249605349,4.53098386703461e-05,0.00017301320025056775,0.00024758804420410205,4.4862811088318476e-06,0.0002768795958199621,2.0422742739930745e-05,3.52873375269912e-05,3.719257804557318e-06
P40525,1,121,S,test,1,0.015350144261785995,0.9798258480996481,0.00015770956220049196,0.0007407255292389145,1.742019507575843e-05,8.18186425959211e-05,0.0015176452824984255,0.0013134126335967863,0.0003286949538027091,0.0006665808395569214
P40531,7,326,M,test,1,0.00036984845244135,0.9430205721744804,0.007694411920362529,0.02572660330716775,0.0003213298968268224,0.0005639515750009698,0.0005381263511596902,0.0008941789195950865,0.010517014345338527,0.010353963057626845
P40546,0,346,U,test,0,0.9988994159429487,0.00032162737667008483,3.266435525961077e-05,0.000229296264406944,0.00034912324838962805,6.431992632518635e-06,0.00011050208073433472,1.23979902136518e-05,3.504373517606208e-05,3.4970135684797436e-06
P40564,1,432,S,test,6,0.18248034083210057,0.2417471881623766,0.013532308171602085,0.00475028691806066,0.001219974535709614,0.14662707594425192,0.3104095300706832,0.00619554208665534,0.05357360939201423,0.03946414388654579
P40571,0,144,U,test,0,0.9910569869656629,0.0009583788427432783,9.232152910168743e-05,0.005080118046531858,0.0022455003346261047,1.846546633551683e-05,0.00017247931662093662,1.817918652205984e-05,0.00031723802197131795,4.0332289884347815e-05
P40847,0,254,U,test,0,0.9959771200174101,0.0009974775736623497,9.57250059634453e-05,0.00045091744393742307,0.0010869893053669347,6.313748856668502e-06,0.0012908318143334298,3.256879454076398e-05,5.0443535901344844e-05,1.1612760027494072e-05
P40858,3,161,U,test,3,0.00019875920375212277,0.00043668121876293725,0.0008616860394002729,0.9980697846670508,2.5417894842172648e-05,2.0745482405598438e-05,8.734174146595075e-05,1.9908835987656406e-06,0.0001710068252745624,0.00012658604344680877
P40936,1,264,S,test,1,0.12884412893735703,0.866839142445708,0.00012703768323449202,0.003053889301204594,0.00022295807795874034,2.9706287658592228e-05,0.000146219462976968,0.00016311960450565686,0.0003675956897026079,0.0002062025096932327
P41000,1,583,S,test,0,0.8342729886256589,0.1543249839333711,0.0004472268642945341,0.0002932985189795946,0.0005565827833369793,0.0017826894823938138,0.0011600180741947127,0.003759240498776088,0.0028376235266197804,0.0005653476923744925
P41056,1,107,S,test,3,0.0001704617094691054,0.008023043490671988,0.002184826969891854,0.9794638556769797,5.038838413555293e-05,0.0008228134001322093,0.00041212352743951944,8.22567687395568e-06,0.0007148725854585023,0.008149388578947677
P41057,1,56,S,test,0,0.9948640108964465,0.0009544570005944119,0.0003608586428266278,0.0006433000440981044,0.0007204619210753539,0.00016521314090427573,0.0018541934467877148,2.4556739873994726e-05,0.0003285655575788588,8.438260981419599e-05
P41058,1,56,S,test,0,0.9787674748339823,0.004513819688492504,0.0011194713827416616,0.002067081817722178,0.002759916337755435,0.0008000500846464981,0.0072007468642497595,0.00011347123779109593,0.0021494249527311995,0.0005085427998874047
P41180,4,1078,M,test,4,0.001920905303058719,9.769857242491257e-06,8.572777375310907e-05,0.0008342786567035465,0.9950535825588714,0.0003260707477275941,2.9167405900156684e-05,0.0003767740377453644,0.0013410080621756757,2.2715596821864795e-05
P41183,0,707,U,test,0,0.9983769400383179,0.0004559941182397498,5.257936074877549e-05,0.00015882332403858944,0.0007817557580522069,1.8313457518174346e-05,9.520892247370864e-05,1.239150574494488e-05,4.258006702452607e-05,5.413447841480022e-06
P41546,0,238,U,test,0,0.9963817738528326,0.00051517308027352,4.5235662318459784e-05,0.0009709665457419354,0.000892750931596615,3.9301423945513605e-05,0.0010622405831381297,1.77145396062442e-05,4.740656435691101e-05,2.743681619013776e-05
P41593,4,591,M,test,4,0.005562526255755802,2.3271865190131687e-05,0.0001219358473219162,0.001319281776294354,0.9880564358215718,0.00043569072208842705,3.493520540843883e-05,0.000680103558811821,0.0037345032291629934,3.131571839435397e-05
P41594,4,1212,M,test,4,0.002282570291767246,7.533348104534449e-05,0.0017187732895212952,0.00033238689875964716,0.9908313917191686,0.0010040212263448074,0.0003593959248887762,0.0007432163100442005,0.0025688702819240197,8.404057653612758e-05
P41698,4,603,M,test,4,0.007650633862909145,3.9216841794025957e-05,0.00016510907825851683,0.005935090893241177,0.9487080008582038,0.0007694444912279888,0.00014122527865055134,0.002462062603521298,0.03402093491322608,0.00010828117896733255
P41903,9,349,U,test,1,0.0036922934764917997,0.611321358163737,0.0038998389546132444,0.30262599786063804,0.00047681474106183965,0.022573906103038395,0.000863399978357733,0.0011438191229853078,0.008771274641908317,0.04463129695716832
P42223,7,864,U,test,1,0.001261393298833457,0.9847356018996749,0.00034350133284678737,7.969872190020946e-05,6.607255594873425e-05,0.0006367508281902131,2.9781232837008014e-05,0.004632043623066902,0.0075185489367336844,0.0006966075699680815
P42260,4,908,M,test,4,0.005337852865058266,0.00016942045142704908,0.00099806747209812,0.0007359288238579205,0.9435299877643174,0.02534143080728175,0.0006393860484471109,0.007057707898683257,0.015982639612318366,0.00020757825651079154
P42699,6,167,M,test,6,0.00042471685745777764,0.00019597463098475023,0.00015322254438246318,0.0002954884278434114,1.5409998122116473e-05,0.0009913611062739938,0.9976337026252484,9.493824175917506e-06,2.277449873533862e-05,0.0002578554867757716
P42775,0,360,U,test,0,0.9971301646982953,0.00016175358565353,4.7442171849977984e-05,0.0006009874464810727,0.0011675193313704282,2.385542375866997e-05,0.0008214524698487763,6.32105818942401e-06,2.461267637552677e-05,1.5891138177274612e-05
P42776,0,382,U,test,0,0.996260264002745,0.0004062937040263536,5.541713288367601e-05,0.0009861368257380832,0.0011802511284590177,1.743777455233273e-05,0.0010294333179918186,1.0412571213498235e-05,3.691576783780248e-05,1.743777455233273e-05
P42826,1,600,S,test,3,0.0013390515238791583,0.12148296838783712,0.0017532877399496188,0.8700268272699886,0.001547271153690036,0.00020696078727962196,0.00022377797005571168,7.15237329470186e-05,0.0009495296985676354,0.0023988017358054794
P42900,3,643,M,test,3,0.0003136052576955509,0.001698583925556563,6.956333918075167e-05,0.9970439636458087,2.7887404687406367e-05,2.2060752019069682e-05,6.5861237151261e-05,4.624185099223767e-06,0.00018043357262594964,0.0005734166801754698
P43005,4,524,M,test,8,0.002927771656608165,0.006914472025108308,0.0025238968534874373,0.0011737209760059816,0.01774314863672344,0.2380972155148885,0.008211138994703177,0.3154275546584394,0.39873780453993324,0.008243276144102356
P43082,8,212,U,test,2,0.0008682463266709247,0.0004469349008830663,0.9300912161961681,0.0005920925671628213,0.00039441864547860715,0.018856264379224386,0.004166513209825793,0.000681494343725164,0.04216256260492938,0.0017402568259317546
P43554,0,623,U,test,0,0.936601634040409,0.0008408290266849144,0.0001997144070708992,0.0005099886113467009,0.0012186294125148011,0.0004500633185345016,0.05894666515535007,0.00012304048245059677,0.0008277931275624146,0.0002816424180761579
P43587,0,155,U,test,0,0.38337064244595886,0.35455987278431506,0.04292906871749612,0.10687484719106397,0.0421810490431342,0.022754967482877742,0.005097191841331493,0.002484172844954956,0.02798908982133576,0.01175909782753186
P43596,0,787,U,test,0,0.9914956940162175,0.005003572073845008,0.00017255567129285793,0.0011596119786716783,0.0009540163662316822,5.0216563392476e-05,0.0008345492503773662,6.24955192815711e-05,0.00022156586247486798,4.572269821496359e-05
P43603,1,459,S,test,3,0.25368519849262827,0.014651338916021963,0.0026268402542340744,0.301258649868277,0.14009828597000057,0.18705573818934476,0.04069137182992854,0.0018053991198823719,0.0240617974221574,0.03406537993752509
P43613,5,295,M,test,5,0.004606084204626965,2.749597343123149e-05,0.0004723827644829141,0.012569639210062397,0.000356573215511273,0.9678085563707095,0.01009998886249578,0.00023022097910112486,0.0019276166778295144,0.001901441741749288
P45815,0,411,U,test,0,0.9907493027450311,0.0048082658443394976,0.00011666910709354693,0.0011903154970475825,0.002133655159828285,2.0593321822137523e-05,0.0005394725097149157,0.00010790128604670093,0.0003073821806205179,2.6442348455629143e-05
P45846,2,183,S,test,2,0.0026211501964437662,0.0005646535032562166,0.9590632040000474,0.009969703250917837,0.0019940660062062487,0.005029016806050271,0.0006972539934463666,9.510316472357269e-05,0.01944362995138908,0.0005222191275192613
P45895,7,804,M,test,7,0.00012869059090915634,0.00019168406420744946,0.000156447965106175,7.789085461247633e-06,0.0013674353736806099,0.006652337371109525,5.8460336516395024e-05,0.9872943759325661,0.003972291960523217,0.00017048731992012618
P46014,4,581,M,test,7,0.01721026972274725,0.0004586382228941653,0.00023061775349425803,0.0005532232583265885,0.05469412848609335,0.03848212668907468,0.00041112063070020035,0.8690332364119078,0.018248815488062568,0.0006778233366991164
P46367,3,519,S,test,3,0.0001332263141815321,0.00019384312931104488,9.300695411181826e-05,0.998414949448734,0.00016259590497655102,7.41516090968056e-05,0.00020314586271786498,2.6384042236056647e-06,0.00041419073750550924,0.0003082516351412478
P46654,1,252,S,test,0,0.5069389078429859,0.47622502342495376,0.0007503357091088373,0.009711515582394482,0.0011441254157775222,0.0002361036189888256,0.002104368649384073,0.0007863451199521808,0.000941131855089576,0.0011621427813647812
P46676,0,1062,U,test,0,0.9537888499494308,0.015905934130660687,0.0006668549513279156,0.005024613683198737,0.00232755243674321,0.0015626449769346816,0.012881018414613353,0.0003199605199817886,0.006448581912671891,0.0010739890244369106
P46784,1,105,S,test,1,0.09022559920199812,0.8695172618915293,0.0028442002208296196,0.032170928834913695,0.0022499475036750686,0.00011071324053753219,0.0010260851065101934,0.0001688175243205343,0.0007448578793842836,0.0009415885963015895
P46943,3,645,M,test,3,0.006564995600663166,0.0015746254511808677,0.0004537889001052621,0.9896752240691236,0.0001012539918858372,4.563874795769785e-05,0.00032941541186670334,1.3281632857414418e-05,0.00024100547305657013,0.0010007707213028705
P46974,0,1380,U,test,0,0.9828923879883096,0.0007459519760717181,4.8249229837687326e-05,0.0006925929036985684,0.0016712076228731433,0.00028871569478353007,0.013170764965335318,4.8249229837687326e-05,0.00029326229459793727,0.0001486180946548091
P46990,1,184,S,test,3,0.0017883158103609333,0.03291314061157528,0.00030076066884588223,0.9618629713536002,0.00042746707470568717,0.00025927187839113207,0.00022176699483100528,6.255225097211656e-05,0.0011262256768259586,0.0010375276798917955
P46992,4,396,M,test,8,0.0026511446927017465,0.00040026299249739625,0.12874117213364233,0.003512196166349961,0.06274343890452024,0.234948555480761,0.007611642425952347,0.010044475798691044,0.5462717294980757,0.0030753819068083054
P46998,3,180,M,test,3,0.00026321460539302033,0.0002652790273933159,4.0012047868881164e-05,0.9986709329740621,8.877060439803789e-05,5.0186350429798884e-05,0.00010378334963791868,6.953051506263659e-06,0.00016011613436754516,0.0003507518549432014
P47013,5,409,M,test,5,0.008841919278407316,0.0004686045637678078,6.146754156385306e-05,0.0003706966926796786,0.00020154430705133115,0.9305296679230685,0.03134732539455731,0.006545139620821009,0.01527746598630494,0.006356168691778331
P47040,8,408,M,test,4,0.010450153995015646,6.550368218435662e-05,0.0012952789450807899,0.0025961732993308047,0.5391404346079364,0.29774163592427627,0.003927884883128438,0.020823244776312626,0.12029849852209022,0.0036611913646444373
P47082,8,602,M,test,8,0.0022854550664507746,0.0007247907170260667,0.0007960268805747056,0.0019396405672087945,0.316161356808511,0.041148613161137666,0.0011402559195863773,0.044146015191708333,0.5906671741399794,0.0009906715478169505
P47095,1,244,S,test,1,0.041790004417134104,0.29064726160281334,0.015524553438097936,0.16431706960179826,0.0017148023670550921,0.07822664704043418,0.06422193113988951,0.003804455580939907,0.07094849465156694,0.2688047801602707
P47150,3,247,U,test,3,6.344575569540472e-05,0.0002521610955508044,0.0005270908142407236,0.9987380258839531,7.989026980442695e-05,8.928494182825795e-06,0.00012039888392061878,9.709287133034158e-07,0.00012470693440511468,8.438093953368866e-05
P47154,5,453,M,test,3,0.0016576576146406217,0.0007185414096494942,0.01064170281379704,0.8520055107816139,0.00026023842816355863,0.049206735382039735,0.047692803430137154,0.00018167572017188487,0.003550626924300297,0.034084507495486256
P47155,5,203,M,test,5,0.001983123234770883,1.769769096335882e-05,0.0002725465013870279,0.0002641611053253346,0.0025858489261427167,0.9648077983269746,0.00032113823010841843,0.008885572189294888,0.020659574436823876,0.00020253935820887064
P47170,8,1584,M,test,1,0.04455082403535711,0.8605469172698078,0.0006207624042154927,0.006100369918738944,0.0034086561035972596,0.001740971167543737,0.002696469147716633,0.05856095394776597,0.020396854484918302,0.0013772215203387327
P47821,0,323,U,test,0,0.9886970626536595,0.002304501901387036,0.0004292140347255318,0.00040637168666450953,0.0005730759755909641,0.0013324415198675292,0.004578575627619628,0.0004713994022291591,0.0006647797708909233,0.000542577427365233
P47866,4,411,M,test,4,0.0020964752128261816,2.1878681400251642e-05,0.00018034788487015144,0.0017482526747056102,0.9888151904649166,0.0007273581154152945,1.871382737818038e-05,0.00032912914588362213,0.006019143037369792,4.3510955234281914e-05
P47896,2,493,S,test,5,0.00020174497002073275,9.382012496461612e-05,0.03500528576516921,0.0002800951433332141,0.00010466391370172037,0.9461244190441734,0.001729247946967046,0.000527390852353107,0.01277750989077031,0.00315582234854666
P48003,0,139,U,test,0,0.9981299306484591,0.00021200450493817635,0.00016968627337326478,3.367527147599207e-05,0.00029090992961896574,5.4660357282438655e-05,0.0009464340102728403,2.6639331986972967e-05,0.0001193892056028379,1.667046698937888e-05
P48044,4,370,M,test,4,0.004268131554307842,9.409726602062022e-06,0.0001566860133064758,0.00015186528355456378,0.988796550264698,0.0008920317169092458,5.166956222194909e-05,0.0031718057744892026,0.002450981602857134,5.086850105354029e-05
P48048,4,391,M,test,8,0.03190837709123027,0.0034664879957265167,0.0012073821508074168,0.0034395117724640416,0.027226130629700127,0.32447372937801555,0.005043710437515662,0.14064894213811033,0.45758126855769754,0.005004459848732557
P48234,0,707,U,test,0,0.997232402730207,0.001712229523516189,4.52742818263875e-05,0.0002317250691537052,0.0004072863282861109,1.772966257915002e-05,0.00024001656049429905,3.0159172523782915e-05,7.291552941961106e-05,1.0261141993789926e-05
P48239,9,356,U,test,1,0.006200324839897007,0.5941320749634527,0.0028609796869746265,0.0018328124707954652,0.00012088708359083058,0.13256879355933965,0.17022168899632606,0.010403890323640887,0.010143053874810957,0.07151549420117183
P48415,5,2195,M,test,0,0.6509298634851448,0.3222336447635197,0.002441138244167536,0.00032271904403228076,0.0010748185372007825,0.0021043927255640104,0.003110090713670865,0.011298737406477905,0.005188116300355495,0.0012964787798666018
P48527,3,492,S,test,3,0.0012106714925671322,0.0019805265505783163,0.0002328729233202379,0.9943732915868516,5.531217308031664e-05,3.354852679992577e-05,0.0007106752656403472,5.06507012680912e-06,0.0002517956826090864,0.001146240728426261
P48765,4,970,M,test,4,0.011181592480388636,2.1085522451714475e-05,0.0002451111199154981,0.0030688413788772005,0.8151167808341713,0.04219888742861468,0.0005610649706706732,0.004105451471299324,0.1230642269806661,0.0004369578129448886
P48766,4,970,M,test,4,0.01107951157087164,1.4359552506973164e-05,0.00020451992104717704,0.0021228380435491007,0.8870577784708022,0.03386171896693952,0.0004131416195308943,0.0026626351672606706,0.06228123585952547,0.0003022608279663449
P48985,0,351,U,test,0,0.9952316439893968,0.0005314316132602892,7.449491056472297e-05,0.0007962167376412656,0.0028173254021981583,1.6622060858377705e-05,0.00043971264186375185,2.005003354918337e-05,6.2731004571401e-05,9.771606096038047e-06
P49047,8,478,U,test,5,0.0026415755463089505,0.0007993656032021511,0.36542575202882716,0.0008509202429859763,0.023498169210632372,0.5073433927227912,0.01699548710747978,0.0021729007492762133,0.07841385611598468,0.0018585806725115895
P49166,1,88,S,test,1,0.034977167432749166,0.8086130523796271,0.06483742518341902,0.05903515150146333,0.0003375878692418718,0.005118290367779903,0.0028487578630146237,6.966519058341551e-05,0.005577596770089227,0.018585305442032334
P49406,3,292,U,test,3,7.53786285358757e-05,9.199575856089539e-05,0.00017698046269415383,0.9992009823881776,0.00016082811355750082,2.353435370489324e-05,9.641072225303579e-05,4.734122203103128e-07,0.00010424484754361384,6.917131275213465e-05
P49736,0,904,U,test,0,0.9979348210519356,0.0012150077415999806,3.528448370001129e-05,0.00022170193613425972,0.00028746452961222297,5.850740779303258e-06,0.00023234164174273974,2.8798353094624825e-05,3.314670548359347e-05,5.58281591759195e-06
P49739,0,807,U,test,0,0.9905516325936008,0.0033040104641655884,0.00023563106853602924,0.0001429174623808208,0.0005478586107065862,0.0018157601332208467,0.0021987972456942897,0.00020154593098973327,0.0008321278077198734,0.0001697186829854502
P49862,2,253,S,test,2,0.0014305213726671835,0.00047916466986878226,0.5506856003959055,0.03412103381850692,0.009737728321226363,0.12191834822189149,0.009291804588672632,0.00175271157684903,0.264221826064005,0.006361260970407095
P49866,0,704,U,test,0,0.994183719279336,0.002814359031960634,9.555264115333926e-05,0.0008237376460878121,0.0009840813000954467,1.76754601874277e-05,0.0008938313695760129,3.3022108258978696e-05,0.00013060498169352382,2.341618165077104e-05
P50111,1,915,S,test,1,0.00318739455037349,0.9936562436960136,0.0003520714326354018,0.00015993565151651095,0.00022379022843803934,0.00012851191026734703,5.441536772567858e-05,0.0006526373495209895,0.0013612095850709766,0.00022379022843803934
P50133,4,585,M,test,4,0.004596091292106671,1.3319265533244263e-05,9.390997125405267e-05,0.0007454755925984062,0.9924794142885627,0.00022352517978455318,2.095414682847952e-05,0.0003544125386874845,0.0014575673424075562,1.5330382236827e-05
P50402,0,254,M,test,5,0.222556973298735,0.0006654333538168421,0.0009384113681968762,0.01140988422127495,0.037631422613568506,0.7072846251782097,0.005358159990294963,0.0034866213448825024,0.0076154808166681446,0.0030529878143524913
P50536,0,512,U,test,0,0.9967454055293598,0.0015221447250147126,8.388427455789023e-05,2.7021304603190352e-05,0.0008605426594932598,8.77253319209667e-06,0.0006320505653069445,5.290514804501867e-05,6.331916971882568e-05,3.954090708344232e-06
P50582,0,507,U,test,0,0.9981568156524246,0.0003522872599665994,0.00014628264615404514,8.078495006514177e-05,0.0006337960351989242,0.0001485862581965155,0.00025473613009634487,7.241516061429391e-05,0.00013958387510622775,1.471203217721338e-05
P50944,8,713,M,test,4,0.013286561900663695,0.0007203329034106015,0.0009693139239849049,0.007162314515764141,0.7305759811104046,0.0314784113937084,0.0011510888392301532,0.01103917696071328,0.20287361971491855,0.0007431987372017791
P51402,1,88,S,test,1,0.11376716022305727,0.7190305951403205,0.08929686696349523,0.04335015112114082,0.0004233330176743365,0.008502871224742557,0.006519377558707694,0.00016320942905071004,0.008113496412629838,0.010832938909181007
P51553,3,393,U,test,3,0.00039999874147960215,0.0005864162120164939,0.0004456864911758676,0.9979744163672197,4.5307970144129004e-05,3.212815758119431e-05,7.528609299144286e-05,3.719104441825911e-06,0.00016379885935460136,0.000273242003595084
P51813,1,675,S,test,1,0.0694763110486671,0.48509523511215624,0.004196896030594447,0.013442316984539,0.23457673258482684,0.014197916734592586,0.0026263505566189783,0.05714965245864609,0.11477101610734583,0.0044675723820128774
P52188,4,427,M,test,5,0.03636551066945189,0.0002670173536988682,0.0006112087560156574,0.0044462380137377175,0.3166139864329372,0.4260506821643315,0.0018247323698898615,0.01299187226935274,0.1981319725255025,0.0026967794450820956
P52554,1,126,S,test,1,0.004350732524066819,0.9431737247946369,0.0008016669818772962,0.00024259194445589281,0.00017748405732699872,0.002248330744387657,0.0011393985530685142,0.03572364897926856,0.009804527461284449,0.0023378939596269536
P52701,0,1360,U,test,0,0.9952604117695978,0.0017289869621237176,0.0001317718699023485,0.00039648360462425544,0.0015928173579453546,2.783751899638235e-05,0.0005110875324919849,0.00010671211141834123,0.0002241515163318902,1.9739756567902452e-05
P52848,7,882,M,test,7,0.0009957264731345948,0.00010082976097014361,0.000167544000215747,2.6717224966499018e-05,0.00409105618301918,0.004820442815987129,8.898194184039607e-05,0.9855286836585114,0.0039343309051272845,0.00024568703622757814
P53063,0,387,U,test,0,0.9366371034187867,0.0023767485510801686,0.0022856968566753164,0.004708300943191236,0.011528647107687156,0.0013755566326561202,0.03411700637729035,0.0005021009766839289,0.005813976091898733,0.0006548630440503411
P53070,3,669,U,test,3,0.00016012690996293168,0.00033799700001582863,0.00017381611547422556,0.9987381521798361,8.471121321011152e-05,3.5868984617100644e-05,8.877658193888715e-05,1.600791005529276e-06,0.00019428497126480564,0.00018466525267447068
P53075,3,577,U,test,5,0.02800894598038918,0.0003364347295857201,0.01887791464322201,0.00018579692283546552,0.025904039562950194,0.8578239891921731,0.008626075675277489,0.05356851352883937,0.006104867591007344,0.0005634221737201437
P53083,3,459,M,test,1,0.06554509137417446,0.3087534096675015,0.013672074685024321,0.29004699802157463,0.007261184247057445,0.08915312092247757,0.07867735844135354,0.008896588596420044,0.08837298550753814,0.04962118853687836
P53093,7,235,M,test,7,0.0013888459474811034,0.0028720774785698715,0.00013751437478622174,0.0009695706997703788,0.0010240707648163912,0.06485948628576664,0.0005611444868000813,0.8280703915413768,0.09736561650524174,0.0027512819153907462
P53094,1,1487,S,test,1,0.019039119780673137,0.8891321073010044,0.0004141077062710624,0.0006216492377225731,0.000993392740649196,0.0004206289722026843,0.00017810549647300696,0.06542280060543176,0.02157414992733188,0.002203938232240296
P53102,0,219,U,test,0,0.9987878941924051,0.0002622751538394662,2.1756722861794812e-05,0.0003477233369906162,0.0003470448102371757,1.567077858821901e-05,0.00017013007694162787,4.217732878629159e-06,3.4767140120132586e-05,8.520055137240891e-06
P53115,0,1489,U,test,0,0.9968928015514072,0.0006554027933461884,2.6193821398659483e-05,0.00028941664222472416,0.0006211292456728877,8.455469136762548e-05,0.0010648632908135363,5.6325566119146374e-05,0.00027294588051833194,3.636651713160607e-05
P53136,0,463,U,test,0,0.9968360296304885,0.0010220126339154155,5.3743167727111256e-05,0.0006547258577098426,0.0007744749607093397,1.401974389753796e-05,0.0005489168487028066,2.2056151564555154e-05,6.482663355368164e-05,9.194371731306919e-06
P53139,4,140,M,test,4,0.05277461080378468,0.003605413644093654,0.2527590045385821,0.1139274142222112,0.518627812014429,0.004593416490817019,0.001188939180632874,0.0009405283883946385,0.05075284737051817,0.000830013346536749
P53174,5,237,M,test,8,0.14798209442409468,0.006760885177293182,0.0009664181513086789,0.23832941653206818,0.05795062478729054,0.15149137757792974,0.0039435891492575715,0.07282846603711769,0.2966057434583243,0.02314138470531539
P53178,5,202,U,test,1,0.016734354021185702,0.45584427828808916,0.0035077111890627084,0.0005337387499822313,0.00015291871225026283,0.10997754964273625,0.3495079540044713,0.002110977867668117,0.004574918139822103,0.05705559938473212
P53193,3,184,S,test,3,6.490596601885131e-05,0.0008417134784305547,3.289274547846364e-05,0.9980559471247386,1.3186448491760047e-05,1.6669231659085204e-05,0.00010092179227713274,2.8966780142388423e-06,0.00015091089718467695,0.0007199556377066518
P53199,5,349,M,test,5,0.03813464434266881,0.02756139623037935,0.0037300295678684447,0.15860490007869038,0.0022273023150329537,0.4311327907270411,0.19281451126093,0.0025238643124334895,0.07065595385551163,0.07261460730944387
P53220,3,239,M,test,3,3.397915532391453e-05,0.0002811894246848318,6.757561714226984e-05,0.9992994294060487,2.4666221518268004e-05,1.2021356014451364e-05,8.3444748371891e-05,3.1359581189171267e-06,7.026752474787975e-05,0.00012429058802897135
P53223,5,239,M,test,7,0.01006591047554844,0.0013049774660023011,0.0010485788879294594,0.0024002210867606387,0.026108985946098128,0.3675321365804873,0.016726043190206,0.42968860563724626,0.13415533396359122,0.010969206766130309
P53236,0,928,U,test,0,0.9963449488858986,0.0014747204909706859,4.594632104362158e-05,0.0002360851567225071,0.0007437117488077451,3.108883794065598e-05,0.0009502933495413976,5.718111952853908e-05,9.803125089726708e-05,1.7992838648899275e-05
P53254,0,1237,U,test,0,0.9851225784207428,0.012995993011001813,0.0002475119587751455,0.0007106260286094898,0.0005743596219654808,1.1667081908788407e-05,0.00019579807458979515,5.479759878439593e-05,7.259501705871957e-05,1.4073186563555156e-05
P53258,1,950,S,test,1,0.00027586383033517876,0.9919295493736372,9.240281148047274e-05,6.97493016527443e-05,5.183328012289405e-05,0.0003340576610077086,4.793794381539814e-05,0.006278631569827393,0.0007051312578459282,0.0002148429702750659
P53259,3,346,M,test,3,0.0008723211401405599,0.00018001363368267868,0.00027023247923419684,0.9869826013847782,0.004697338862374327,0.0014242378171942802,0.003129102489901259,7.742290088689332e-05,0.0017433094410770637,0.0006234198507304899
P53266,3,389,M,test,3,0.0007413408073829731,0.0003613006567678321,0.00014712356875480379,0.9730083156156666,0.0002706016683641811,0.008753513492233127,0.008484196379844773,6.0379391382035416e-05,0.002630849102431203,0.005542379317172479
P53298,0,406,U,test,0,0.9946526970269959,0.002352594044312741,9.863230882786233e-05,0.000366463510824607,0.0006648769726389736,7.445157443363987e-05,0.0013378522603096229,9.265648511069131e-05,0.0003310721779650325,2.870363858093728e-05
P53311,3,146,M,test,3,0.0005309346771412379,5.956922447063758e-05,3.4746420225912237e-05,0.9981926508015224,0.0005542455629758589,6.593711661900776e-05,8.206006992743707e-05,1.774673592027011e-05,0.00030999404206172017,0.00015211534913554218
P53314,7,239,U,test,0,0.9707202776000774,0.025072917961836735,0.0003748097645615844,0.001656971310687683,0.000763074809353716,0.00010408091595644026,0.0006476132429299537,0.00028737660740142364,0.0003107282357641614,6.21495514309144e-05
P53318,3,479,M,test,3,8.639584850368207e-05,0.00014840651423284003,8.147904010925765e-05,0.9988983871799997,2.950975431967888e-05,5.5999669724636e-05,0.00013887148819262925,8.569792273301529e-07,0.000110934459396451,0.0004491590662938604
P53330,0,157,U,test,0,0.9689584490018502,0.0141492161115616,0.0014797109101797245,0.0030960526728562813,0.0003250493557501482,0.003083982498572145,0.006788868490016019,0.00019715240334376255,0.0009045291308598611,0.001016989425010188
P53394,5,754,M,test,5,0.022516881867497413,0.0032470090987137376,0.000505786443286765,0.0023024743239256212,0.021643537855406486,0.4598311149167792,0.011601934116946943,0.03396703648302448,0.4387738967714817,0.005610328122937647
P53437,0,365,U,test,0,0.9990260119017949,0.0006261163040449914,3.3443202335606553e-05,8.245002464584206e-05,0.00011650048921610277,5.088769796557561e-06,7.867436352552388e-05,1.1114894689010104e-05,1.80412559310617e-05,2.558794020424359e-06
P53708,4,1063,M,test,4,0.001509025778048958,6.906760531053475e-06,0.0006156847470305162,0.00010803990868598159,0.9920221699868046,0.0005401655938071463,0.00019716939728047422,0.0006290555141892409,0.004349487017551929,2.2295296070061292e-05
P53721,3,224,M,test,3,0.0044135896189388445,0.0019508828887406908,0.00047067239942947544,0.40831216821897703,0.00019016883715779775,0.04138711200493027,0.3082102060977521,0.00028997285584567275,0.002125951598700658,0.23264927547952746
P53725,0,186,U,test,0,0.9955745618797278,0.0008545102046971608,9.202063373053391e-05,0.0005917574556462948,0.0006943727855448594,2.0693617694945885e-05,0.0020619094647327313,3.0109033966334285e-05,5.803668497761203e-05,2.202823928171026e-05
P53747,8,219,M,test,4,0.010990273014524076,6.716213869925917e-05,0.00033578954228967505,0.0008055172851544374,0.8429050775419274,0.005573680054219091,0.0007930288909905853,0.0771868671496474,0.06105984122812291,0.0002827631544251403
P53753,2,1117,S,test,5,0.001761239792636154,0.009939201857560826,0.16103842449557274,0.004159491870267056,0.0009281082078265756,0.4112260238238586,0.04217380179214045,0.005217172074258657,0.3253065563894091,0.03824997969646989
P53833,0,195,U,test,0,0.9990650088204832,0.00046712941597030653,2.5048780530437143e-05,0.00018328813655564004,0.00015677465132314287,6.43305870320996e-06,5.302826922330846e-05,9.07206693063801e-06,3.0931115231513146e-05,3.2856850486001797e-06
P53865,1,581,S,test,1,0.05116693109994688,0.600633002514358,0.006620504643646592,0.0035714945805766334,0.002572450922630483,0.10726772589204563,0.0055316386520570466,0.0825669212788713,0.1119773494684299,0.028091980947437485
P53871,1,357,S,test,3,0.0036020312105599413,0.003080980702589825,0.0003456764511957882,0.9909711594829899,0.00017518028348055979,9.231353312290487e-05,0.00014983963774044663,1.8177611336041203e-05,0.0003456764511957882,0.001218964635788813
P53882,8,636,M,test,4,0.022135493544738444,9.188727941075953e-05,0.0016160661322905693,0.0007227494814708415,0.9266327725419208,0.008753450492609111,0.0014599940657938394,0.010374696640452475,0.027981885222717006,0.00023100459859622723
P53893,1,1110,S,test,1,0.002611317355826331,0.9935268733062143,0.0003957929956775008,0.002434015413539036,4.5106050349406764e-05,4.8771266913877364e-05,9.852066996971595e-05,8.16765069854228e-05,0.0001797970865749212,0.0005781293479495493
P53923,1,493,S,test,1,0.013365468258495486,0.9819588423881115,0.00011033869228421575,7.583459698119086e-05,0.000148476939814576,0.0003646241960416432,0.0010971044525922426,0.0005022910401947543,0.0020208417835557465,0.00035617765192868037
P53974,1,638,S,test,1,0.020643038976977834,0.9145148897104174,0.00267100896048123,0.002470279391337365,0.024562139069532356,0.001374917466541648,0.00031161672640649324,0.014319975708981018,0.018396193633283518,0.000735940356041158
P54005,1,336,S,test,3,0.03781521748437586,0.17519764623810707,0.0038106116997496664,0.7205229393699537,0.01738083030630394,0.0012864059621686707,0.010645459445108333,0.004525213588709736,0.010277707199571983,0.018537968705951067
P54785,0,490,U,test,0,0.9979467145463845,0.0002846743205497504,4.061267484751206e-05,0.0001670248607252526,0.0006977285367882905,1.948617336083637e-05,0.0007663049553811207,1.0268491720831583e-05,5.955454477912245e-05,7.630895462738385e-06
P55830,1,268,S,test,0,0.99497400967763,0.004003189939770603,5.621715130128769e-05,3.924589662003323e-05,9.268641518732427e-05,0.00011093111887459443,0.0004923273190236611,6.271476693891889e-05,0.00015401259472982575,1.4665119923859274e-05
P55861,0,886,U,test,0,0.9993765033490559,0.00019233195360085606,1.7767782881212272e-05,6.758082628999145e-05,0.00017529132977016593,6.2370786990266535e-06,0.00013975443978373503,7.88440517748057e-06,1.3837563337386628e-05,2.8112714042037793e-06
P56271,2,484,S,test,2,0.003611305042520767,0.05103474587487801,0.48043608596663684,0.015809828294092453,0.0016794128098516947,0.08580162789507828,0.08887174355288274,0.002331633759487747,0.1571980815544338,0.11322553525013768
P56574,3,452,U,test,3,0.0004162521722453446,8.932029532220513e-05,0.00033316403238206263,0.9970350574673716,0.000979223551126725,0.00011649562353083695,0.0005533325694374687,2.9855716177770304e-06,0.00028945794094065484,0.00018471077602522735
P57052,0,281,S,test,0,0.9990596526767922,0.00011314070937637095,2.2807051109593297e-05,0.00017050906920067024,0.0004286597762508652,1.2995066570435808e-05,0.0001598659157133836,1.3618712491941767e-05,1.472533916772768e-05,4.02568332684697e-06
P57727,5,454,M,test,4,0.002026925970511919,6.27724994553464e-06,0.0007341039393051975,0.0004069974414904798,0.9902195055487356,0.0017118507048307877,0.0004947830899935397,0.0007143027413581368,0.0036275287999549045,5.7724513873899716e-05
P59055,0,597,U,test,0,0.9904295541245058,0.005575886650579529,0.0001509323243372281,0.0010589929655944335,0.0013140825766601652,8.581803121451514e-06,0.00127365258175936,6.242832234683688e-05,0.00011129051212356777,1.4598138971616348e-05
P59936,2,40,S,test,0,0.29123468559731724,0.013305692620222848,0.28671951433656345,0.2631086233281927,0.025547403166235175,0.046125037875479336,0.03827636121682219,0.0014582753160330294,0.022109435035575248,0.012114971507558789
P59942,3,119,U,test,0,0.657859660958782,0.19598812982837943,0.009310838366196351,0.08696920920802659,0.023869115358203012,0.0029527637463591804,0.007028189423006589,0.004363902162098332,0.004792808828465213,0.006865382120483233
P60022,2,68,S,test,2,5.046129055464623e-05,3.8090179975092714e-05,0.9963276931562768,0.0004990520512413319,0.00043506844446130044,0.0002926621804009226,5.899522481706912e-05,2.274468340386172e-05,0.002248641557714661,2.6591231154351685e-05
P61407,1,2134,S,test,1,0.00252221169885095,0.9939617294539818,7.919823662814282e-05,0.00030359785215224646,6.774183416463782e-05,0.00018128654809221214,7.324638701619728e-05,0.0003807970121941958,0.001544811379420127,0.0008853795974994856
P61588,7,244,M,test,1,0.00985813274571849,0.9670346459720903,0.002131970718451474,0.0012631509943721868,0.0020663769745267167,0.0007085634483348043,0.0009992345634790335,0.004289909037205118,0.01001337676004896,0.0016346387857728913
P61769,2,119,S,test,2,0.010443828370200576,0.003009790838804136,0.9094209718657583,0.004483069954180364,0.015529473307045738,0.010201897788259312,0.009946125891048785,0.0044135662859506744,0.03198131726049791,0.0005699584382541395
P61964,0,334,U,test,0,0.9654923055882979,0.02379589560917459,0.0004567533029959797,0.0005298431155966545,0.0004030833692633194,0.0003670115893523431,0.0076652769652546665,0.000202683049477203,0.0006964656192407143,0.00039068179134663306
P61965,0,334,U,test,0,0.9654923055882979,0.02379589560917459,0.0004567533029959797,0.0005298431155966545,0.0004030833692633194,0.0003670115893523431,0.0076652769652546665,0.000202683049477203,0.0006964656192407143,0.00039068179134663306
P62487,0,172,U,test,1,0.0005029442631774749,0.9948259742352138,0.0002024156135092736,6.995296805169386e-05,4.659872124087571e-05,0.00025990680063768393,0.0003901663005163189,0.001636257401488911,0.000953488880123942,0.0011122948160400255
P62597,0,778,U,test,0,0.9942879378648692,0.001518391933146477,7.799596148214457e-05,0.0014488596204732275,0.0018386986890316028,4.174823095598797e-05,0.0005934505784791891,5.3605793951442005e-05,0.00010828667615620644,3.102465145452881e-05
P62875,0,67,U,test,0,0.9489608891364361,0.012179774521245601,0.006779893102181119,0.01235799430325352,0.004001293106931528,0.0033171883590791067,0.006149096103763829,0.0006430663023904331,0.004446362465079297,0.001164442599639488
P69391,2,56,S,test,2,0.00026422574472846806,0.0008938641273603422,0.906574831539779,0.0008012546864274013,0.00032883424344429165,0.04045938159915228,0.008513939997318485,0.0008462936230356579,0.03921457950828261,0.0021027949304714215
P70041,2,270,S,test,2,4.4546315662856467e-05,8.790149895277077e-05,0.9966494828526313,0.0001201471144079383,4.3175765465590625e-05,0.0003615062450182992,2.8761261498434927e-05,4.184739035323059e-05,0.00258900623356517,3.3625322444351585e-05
P70056,0,518,U,test,0,0.9957556821872353,0.0021952905441064013,5.8047241167336937e-05,0.00022165030748689336,0.0010169247497546002,7.379878824674841e-06,0.0006039807981239206,6.47563726451193e-05,6.681196893441195e-05,9.475951721318157e-06
P70158,2,445,S,test,2,0.0011508489722836242,0.00018209075646522365,0.7897764761666309,0.007008618491102179,0.055451015375732875,0.045257797420443655,0.00042337370059881925,0.0005521833885661666,0.09885211686095419,0.0013454788672223681
P70207,4,1894,M,test,5,0.003746812100312336,0.0004689685137614069,0.04546756047753628,0.006972675865912341,0.04802331458234866,0.7140159799985368,0.0013359670189998973,0.006129375358990792,0.16959365170776444,0.004245694375837049
P70279,0,355,S,test,0,0.9981106647849886,0.000725642088804206,0.00010870300460243045,0.00026435457742254,0.0003210597538167354,4.776076427718973e-06,0.0003861390627672564,1.4258730699375975e-05,5.864087218272579e-05,5.761048288449018e-06
P70281,0,254,U,test,0,0.994880262899543,0.001427246814373526,0.00012087448747331864,0.0009870574042308185,0.0008447904213019589,9.413714597300686e-05,0.0014300371734004033,2.3801596098102483e-05,0.00013379584687273408,5.799621073308137e-05
P70365,0,1447,U,test,0,0.9957941522068694,0.0011750998623324264,7.453701233856625e-05,0.00031137044465265286,0.0015751048086791297,1.1979187773340159e-05,0.0009387028128935593,3.107165251760707e-05,7.69030739433714e-05,1.1078937999903674e-05
P70406,3,309,M,test,6,0.013669385104522147,0.039863904420119514,0.008654916019616871,0.23301345895925185,0.0005341766116648997,0.0617424195969787,0.46340258492516573,0.00030436463865796733,0.005653903079011759,0.17316088664501056
P70414,4,970,M,test,4,0.003578740117312357,3.200268971470608e-06,7.753541894558697e-05,0.000680351619439864,0.9730928987335752,0.003884685864818149,0.0001566258409767613,0.0008943053989694221,0.01754650074209161,8.51559948995689e-05
P70475,0,1187,U,test,0,0.9957120530248728,0.0013108104209256408,5.714479737663294e-05,0.00020821206922836037,0.0007736017320965095,1.090627638301104e-05,0.0017916654853713447,5.538663880748865e-05,6.786112490229432e-05,1.2358430035978545e-05
P78508,4,379,M,test,5,0.01638808640844762,0.0007400025409750806,0.0007755160240089897,0.0020432127398222113,0.23988228752882543,0.48457556390384915,0.0031645896004971765,0.04489682561752528,0.2051821922853132,0.002351723350735856
P79953,2,1004,S,test,2,0.0009102189793659174,9.821144236971883e-05,0.9159781323158888,0.002416916345256555,0.002513195314988944,0.0232921760438354,0.0010233867865708972,0.0006764173588541693,0.05248972734776709,0.0006016180651025226
P80188,2,198,S,test,2,0.0007782021846015933,0.000635150050497714,0.9822600285639832,0.003477457374927568,0.0033491404516788636,0.0004165416091892517,0.00048698643985771646,0.000564914185327711,0.007921206604999119,0.00011037253493724411
P80269,3,229,M,test,3,0.00017635611206815978,0.022563024871373513,0.0002907620687752195,0.9745126366030099,3.186689913577152e-05,8.395809494744812e-05,0.0001462043381457918,3.90441369956e-05,0.0004230562739600034,0.001733090601588591
P81182,2,1454,S,test,5,0.04884812110104651,0.0012815764122880253,0.34983651617414413,0.04260608769150475,0.009543911104795688,0.48569988678136733,0.023853215662796936,0.0010138104483477929,0.03236555844157147,0.004951316182137376
P81661,2,232,S,test,2,0.002049460830055629,0.00013308087669282155,0.8664910640748357,0.011342018794129173,0.009047062285937008,0.02496754534902987,0.0028453946449283393,0.0003911464835657291,0.08186543025607448,0.0008677964047513196
P82413,6,233,U,test,6,0.0017669668955318956,8.136089340663737e-05,3.6672230777488696e-05,8.660821947088229e-05,2.24172837038758e-05,0.0003372315272259748,0.9974499383498633,1.0589175003716857e-05,1.9783183310515334e-05,0.00018843224170567432
P82612,1,248,S,test,6,0.026221273818930396,0.17710225289776974,0.0005132343355044153,0.013005849141132035,0.0001888083802746236,0.007556668655290631,0.734068455706195,0.0013105898339805337,0.002029881285582538,0.038002985945340045
P82649,3,359,U,test,3,0.002107249242977791,0.0004720311336254883,0.0006921878929856139,0.9938968558263694,0.0016539988975924388,7.919306880393182e-05,0.0005497088169790434,1.1770998211291977e-05,0.00037195159271699563,0.00016505252973797685
P82670,3,201,U,test,3,0.00022309347111362972,9.128953480333326e-05,6.652846459169084e-05,0.9993070865447273,0.00013730974168151808,1.4500634008063697e-05,2.428399286598696e-05,2.5595140659148573e-06,9.717720432273523e-05,3.617089781977522e-05
P82715,6,297,U,test,6,0.0010620107027801168,0.0001273355367243211,4.776804300721743e-05,6.328237541927501e-05,5.660681674844956e-06,0.0021453207539457765,0.9961661616766745,3.4675880648457514e-05,3.10832599749032e-05,0.00031670108915057295
P82869,6,466,U,test,6,0.0017489039927794572,0.00010710137479486552,6.271618690081117e-05,3.4635166985636394e-05,1.1070064414502753e-05,0.0027947406104347986,0.9949965547049527,3.686894446420619e-05,1.6106847621331652e-05,0.00019130210665160003
P82919,3,196,U,test,3,0.00015216255261261445,0.000655820297334331,0.00015884327804378424,0.9985023968746312,0.00014519451419480782,1.860419072973778e-05,4.3595300112462413e-05,3.7210721589118156e-06,0.0002092037556193222,0.00011045816456285739
P82920,3,87,U,test,3,0.10264814436901086,0.33657031568857587,0.01604815912486651,0.5212902917058378,0.0004679855097181599,0.002714192672542013,0.0049147679405180805,0.00010943298326317946,0.00163342998310422,0.013603280022563257
P82953,2,146,S,test,2,0.008767137079410004,0.002392125021867977,0.9280816078910192,0.01407841929499383,0.00757251986465948,0.0023550388265740426,0.0033998954170410297,0.0006001171269424064,0.0320062815396369,0.0007468579378550935
P83183,0,84,U,test,0,0.7643280998051222,0.042868519811891194,0.05870887465589592,0.022023766589355023,0.060101112457297365,0.0020485293918544338,0.0414685222310248,0.0007897784004180717,0.005482148684559003,0.0021806479725820665
P83326,1,185,S,test,2,0.0001662138257259731,7.037936605436439e-05,0.9853725608416626,0.00022896921180961147,0.0005939009325653235,0.002303491667944334,0.0019760615217135043,0.00011786325447752197,0.009004345552320806,0.0001662138257259731
P83411,2,40,S,test,2,0.000142598860046567,0.00010680161773270917,0.9960951430968443,0.00035709587405825794,0.000420761777549869,0.0002706051191311022,0.00022787234738343121,4.593480032849617e-05,0.002283519144342215,4.9667362583043367e-05
P83428,2,55,S,test,2,0.00010983938809214421,4.9508491411900444e-05,0.9929088715455288,0.0007661684345816537,0.00041130361247078575,0.0006702246271910264,0.0002718550775880513,1.7109675067901242e-05,0.0047440390897718135,5.108005829599047e-05
P83456,4,477,M,test,2,0.0012095078644565962,0.000805705936613435,0.437395829781147,0.08091009754154753,0.012677426991959227,0.2571317365429865,0.005463152891763358,0.00014001070538290444,0.19108409506450802,0.013182436679635414
P83553,2,148,S,test,2,0.0008270698610788447,0.0006750346994947332,0.980692397378349,0.003079696779356238,0.0002406910380029413,0.004778086084930174,0.0012513166027054955,0.0001680294201416115,0.007816427948055059,0.00047125018788593916
P83562,2,82,S,test,2,0.0005182396327901802,0.00016180231063500885,0.9896684993180831,0.002150667389143945,0.0015202190427471142,0.0004755634342603755,0.0015623610404630474,0.00014503866417979642,0.0036113758500453444,0.00018623331765209474
P83636,2,106,S,test,2,0.00035118297745814504,0.00031975572942301127,0.938400762870922,0.009603675633737364,0.0007149730942207033,0.006783475760062705,0.0014442854131438846,0.00029572571480135834,0.04123045208361842,0.0008557107226124168
P83673,2,184,S,test,2,0.00022462086556104604,7.068008990613274e-05,0.9742409769762114,0.007555559888414001,0.0009988469113721029,0.001214288938513417,0.000464506922379872,8.796279498539565e-05,0.015026024836794395,0.00011653177586221338
P83758,0,448,U,test,0,0.9938462403761916,0.0007912355013351326,6.363017728242085e-05,0.0009249915681620557,0.0026223805453199386,3.459512621834558e-05,0.001414668114812596,4.8786945364951005e-05,0.00022735787451763086,2.6113770795299795e-05
P83773,1,524,S,test,3,6.008067822288338e-05,0.00048757216698760693,5.179277988288974e-05,0.9989283140676959,3.672658443528754e-05,2.951063844862692e-05,3.068620772110509e-05,9.12276905596587e-07,8.439701746774664e-05,0.0002900075822324234
P83774,1,317,S,test,0,0.9130565960707039,0.028895124288477396,0.0026667497120783134,0.001155950341677229,0.0019663378718599352,0.013024052377603033,0.011629170535088565,0.0023350840957995253,0.019070556054289523,0.006200378652422596
P83783,1,450,S,test,1,0.0037791182509710622,0.7315135120779135,0.007619132877230434,0.00854970599045462,0.0004584590614796225,0.003691575113089955,0.008351652839582715,0.00011591659396104076,0.005740000953325872,0.23018092624199116
P83800,2,72,S,test,2,0.0009728378625134854,0.0001813683253533928,0.9341617980054204,0.028430490350902476,0.004311858473908952,0.0019422914153650517,0.000851845328744211,4.514614708495603e-05,0.028653473179182116,0.00044889091152495894
P83911,2,43,S,test,2,0.0004826388763917358,0.00025235360355149673,0.9888211202397614,0.004508157208004887,0.0011532767568073012,0.0003291311160399068,0.00028152079571886905,3.183348526921809e-05,0.004025331135758507,0.0001146367826966145
P84033,2,245,S,test,2,0.0013672164835938745,7.078128668073328e-05,0.7137904280510226,0.005471187256123425,0.16954007939601393,0.009518207996801378,0.0013565767041980958,0.0003429963012239494,0.09812227866679463,0.00042024785754740505
P84285,5,609,M,test,5,0.0002896802573926689,3.4194301108657605e-05,7.352929851069367e-05,4.060673642119245e-05,5.726467930166137e-05,0.9823314012937739,0.0009323638023556633,0.009782095245151397,0.0057505977240456165,0.0007082666619384666
P84338,6,99,M,test,2,0.0008424512809339822,0.0014670417674532569,0.938408659864051,0.008895042229669343,0.003746222652969022,0.002052760654681812,0.01993791172715806,0.00024136632813584176,0.02330977996319894,0.0010987635317487318
P84787,2,233,S,test,2,0.00119213625006112,0.0002498853528549433,0.7806460576014008,0.008487864739601869,0.008765855226104307,0.05567308739721851,0.0030681026473560534,0.00045960945532887403,0.13996212748599782,0.0014952738440756881
P84805,2,239,S,test,2,0.0015784496377019034,0.00015266727295100443,0.6831781340991375,0.007515668949184842,0.024498960264576278,0.01268509230137239,0.0012389393655487591,0.0006949819582139283,0.2675364046023487,0.0009207015489646327
P84808,2,238,S,test,2,0.0019991742953216203,0.0003065833084613399,0.45241923285662,0.0037937661196505803,0.0047584493918068176,0.09336198357704927,0.0059219856383316075,0.002283128734745609,0.4317014326684947,0.0034542634095184378
P84809,2,95,S,test,2,0.00020336004804178976,0.00011587106115034218,0.9839723389995002,0.0017060417672802046,0.00048403903166296697,0.0024414066152012573,0.0016665213207453186,0.0001252864936815242,0.008991550136541477,0.0002935845261949309
P85070,2,67,S,test,2,3.8659362414020164e-05,4.7366435918706365e-05,0.9955383527884504,0.00025606055036077156,0.00018588002058471078,0.0007581362596833421,0.0004164398659610802,3.806000173236945e-05,0.002626845301748899,9.419941314572325e-05
P85071,2,66,S,test,2,5.1284372953554737e-05,0.00014495865288725705,0.9968803704261716,0.0001230248112920797,0.0005840597313603685,0.00032286354290590567,0.00023529111433268093,0.00014956012891142016,0.0014640305864286707,4.4556632756489313e-05
P85109,2,236,S,test,2,0.0023389613892931677,0.00042264166328143305,0.62368438849717,0.012545906848558499,0.010752063034240658,0.1843607549313217,0.0059961238240086616,0.001429778386786621,0.15524732617457163,0.003222055250767598
P85886,2,69,S,test,2,0.00012815331539587358,0.00017792327982883008,0.9908836231906815,0.0019410820184128335,0.0005788479900827765,0.0010899121130181248,0.000852146629919992,0.00014750356410751949,0.003955708250365889,0.00024509964818667234
P86037,2,80,S,test,2,0.00019404830870539788,6.011335445864175e-05,0.9839763077413854,0.001763645691300647,0.0015686188391118006,0.0022656718367456267,0.0014006190829046208,0.000245300020235094,0.008315858885878548,0.00020981623927420503
P86038,2,79,S,test,2,0.0001447484356350354,4.019518647721111e-05,0.9876880998719207,0.0013613173170258536,0.0011955066289825397,0.0017999335680486163,0.0010758395973314513,0.00019478030547292742,0.006350235857246496,0.0001493432318591405
P86040,2,80,S,test,2,0.0002788530512621255,0.00010920043000845826,0.9718288662092496,0.0033312162448431966,0.001981525890853748,0.005010830178049614,0.0022409818796345865,0.00044910088222124497,0.014302434227290117,0.00046699100658731114
P86188,2,80,S,test,2,0.00028746862341758175,0.00011797689608724828,0.971031077948386,0.003053081435044947,0.0016934976465621978,0.006122387907456391,0.0024979437582825508,0.0005164875543866552,0.014179481252113343,0.000500596978263119
P86399,2,64,S,test,2,0.00017959339352472997,6.658689935638238e-05,0.9924013249400565,0.0002892403231241838,0.0010905160778747784,0.0007328531966188308,0.0006171242498872,9.995877295025208e-05,0.004419670342828941,0.00010313180377824963
P86413,0,259,U,test,0,0.998294423020838,8.668154709823536e-05,2.664372213205664e-05,3.4749962997098095e-05,0.0007546873605449677,3.164020412994482e-05,0.0007257756732892942,8.253840033176405e-06,3.21384617123208e-05,5.006207224830991e-06
P86483,2,67,S,test,6,0.08682906464407059,0.010889178868545873,0.003065440746132671,0.009516279034214203,0.0009645837527024238,0.208292107838302,0.6516883250736091,0.006096357365073437,0.0035008435876357556,0.019157819089713996
P86500,2,83,S,test,2,0.000647057647308084,0.00032157042677307594,0.996773726111653,0.00010358619286598904,0.00022981601133609692,0.0005406368648594029,0.0001230116549285409,3.062002199550123e-05,0.0011936128928976397,3.636217538260356e-05
P86716,2,166,S,test,2,6.704980558285302e-05,0.0005769637758923958,0.9838077418679732,0.00013334446853781733,8.344483926469532e-05,0.0014856092791146133,0.0002958376200455262,0.0007855414660464328,0.01257933641473338,0.00018513046280917058
P86718,2,171,S,test,2,3.6743918390201965e-05,0.0004727941996772405,0.9916224467028022,8.677753261800787e-05,4.944434537074107e-05,0.0007001106430362892,0.00018514886642509074,0.0005172384236089277,0.00622784214981082,0.00010145321826050294
P86899,2,127,S,test,2,0.0003612235186116518,0.00012290011222275887,0.9804303517575356,0.0011844062811185632,0.0008733264237801004,0.0016932732767433703,0.001448333332463347,0.00019639380688870014,0.013554812124044392,0.0001349793665915405
P86937,0,839,U,test,0,0.9937011675704834,0.0014808962976648411,0.00015025243133721155,0.0020380296143815797,0.0015368837990466057,0.00011701671725743868,0.0007424630069095274,4.802356237404874e-05,0.00012263246112132975,6.263453942393495e-05
P86938,0,839,U,test,0,0.9944627598191367,0.0012034129985992895,0.00014125727302626833,0.0016581761071330471,0.0017276013219746397,0.00010662659289569831,0.0004911142035514136,5.115999842292906e-05,0.00010830571671954848,4.958596854046686e-05
P86947,2,238,S,test,2,0.00032651257447616075,0.0003530442681014553,0.9886478147308408,0.004024625517216348,0.00021413217226048242,0.0004978722125815931,0.001334979972671861,5.585971254244469e-05,0.004437486425768528,0.00010767241354030719
P86950,2,394,S,test,2,0.008516693633510028,0.004630446047600774,0.6872191546742357,0.009353758927318566,0.003662984415243695,0.07710385454519031,0.08207662544041686,0.0017851960452301217,0.12130138485591202,0.004349901415341942
P86957,2,329,S,test,2,0.000527871010125794,0.0004143307280265724,0.9924326927887576,0.0007215141219864881,0.0006147376871719802,0.00022703449283025814,0.00037725241524119566,0.00010808462301953271,0.004524622561538049,5.1859571302619754e-05
P86965,2,98,S,test,2,4.385644516884552e-05,0.00016422445768673376,0.9966666808471574,0.0004169118769587839,7.008239977845577e-05,0.00030921803416787143,0.00025435582557500674,6.184749947117364e-05,0.0019696461035161286,4.317651051961071e-05
P86987,2,183,S,test,2,8.265005637094421e-05,5.9997505805747765e-05,0.9975454118635146,0.00023270502806649977,6.959832574874045e-05,0.00020138941945877466,8.265005637094421e-05,3.582614621491212e-05,0.0016600706814466736,2.970091700207807e-05
P86994,2,67,S,test,5,0.12464206540603445,0.00034466621236323137,0.014428366762068282,0.03613149338444447,0.027114143322851177,0.6844195654812284,0.0804749644662992,0.003853121966550619,0.021449053444669016,0.007142559553491213
P87061,1,1147,S,test,8,0.03783425622235836,0.189899709462787,0.006498011180525682,0.013333053093718945,0.019098715520940484,0.13205452031220397,0.001240167162932311,0.2615978969841634,0.31065520098096044,0.027788469079409395
P87074,0,778,U,test,0,0.9794115892505056,0.017117083891191247,0.00010666651142702161,0.0006432814132699151,0.0009286851134933439,1.4435742522439313e-05,0.001231059025236956,0.00020084224030132036,0.00032599915097342397,2.0357661078710503e-05
P87113,5,219,M,test,5,0.0008199937558168787,8.777462374087608e-06,0.0005283947105909661,0.00040990991567256194,0.00035892911979659145,0.9818436619826519,0.013156711545121364,0.00028393629854446534,0.0015439652543277492,0.0010457199551034317
P87122,5,743,M,test,8,0.010435153422486642,7.797990608340071e-05,0.0008383629363533329,0.015530786950357436,0.31280212672000185,0.31772806303523365,0.0043246050952611805,0.012392050221206012,0.32273154499103146,0.0031393267219850442
P87141,1,1313,S,test,0,0.6053962255951746,0.3671913830649845,0.001896970601389065,0.0019725373019895223,0.001700433360946928,0.002051114153638296,0.0038021650141388907,0.003489062971814758,0.010799674574976471,0.001700433360946928
P87143,0,565,U,test,0,0.9987951813766467,0.00018145791374376112,2.28010137584052e-05,9.017975308848353e-05,0.0005834696989822378,1.382951417034766e-05,0.0002722676191860047,9.961026096895471e-06,2.543636900797857e-05,5.415715319176708e-06
P87232,3,144,U,test,3,6.842788127921773e-05,0.0025477550121284294,0.0002483509409667527,0.9962144908575401,1.4011002022928862e-05,4.054217957200737e-05,3.5778347989307274e-05,1.379378193729783e-05,0.0002680074360444816,0.0005488425605195035
P87262,1,121,S,test,1,0.02021894468714302,0.9742033727383401,0.0002045117341123437,0.0010027175556528028,2.155537785979157e-05,9.967106122064727e-05,0.0017501835687199602,0.001292553995749993,0.0003880950778382225,0.0008183942033631458
P87299,1,285,S,test,1,0.010945264075501662,0.9737825936001687,0.0014526298020784412,0.004383588793170948,0.00025046480178053215,0.0015829862391371235,0.0002544090411394586,0.0014413252895470318,0.00419512212091618,0.0017116162365599394
P87323,1,522,S,test,1,0.00807593855125458,0.9509332169644769,0.0005018615041970099,0.00017343867493025173,0.0009903035814310312,0.008706626472805554,0.0008019723455050855,0.01192381417940071,0.01623438110665915,0.0016584466193397603
P91685,4,976,M,test,4,0.0029957849662387154,2.7590226379338196e-05,0.00014232121737410433,0.0004452836977127918,0.9864190995754251,0.0012598534280339805,5.57337893118336e-05,0.0030075103169572414,0.005596863334854657,4.995944771224975e-05
P91870,1,824,S,test,1,0.006279637584461625,0.9805302378176077,0.001061803040355753,0.00041580805295299614,0.00026430369098688546,0.0022478370434180477,0.000160308283943771,0.005402823120050459,0.0025671104406225958,0.0010701309256001598
P91889,2,331,S,test,2,0.001093256595366186,0.0006477330800308048,0.9708999625913828,0.004208310814473952,0.000705859480861422,0.002989243370638395,0.0016475958362231842,0.0001914695386173597,0.017370716946053365,0.0002458517463525864
P91926,4,940,M,test,1,0.06623119762870801,0.928691522771556,0.00017475883249741422,0.0017546900976557484,0.0002426286155900412,0.00012785629728396245,0.00022792847146336633,0.000735762159854474,0.001582137292314889,0.0002315178330761203
P91943,0,751,U,test,0,0.9832695443565083,0.006297180716072,0.00027345542136407935,0.0058239403390808195,0.0017486640221629228,0.00024132354198691744,0.0011603199780420407,0.0001558101895522869,0.0008100338516005139,0.00021972758363017364
P92935,6,618,M,test,6,0.0009466600197214039,3.5025101482217904e-05,2.075168687833341e-05,8.4349700056256e-05,2.1747581714953737e-05,0.0003663984086176716,0.9983682799112655,2.749151708483727e-05,1.6674447771491682e-05,0.00011262162540729021
P92990,2,626,S,test,2,0.01514530154291544,0.003058604840343858,0.4720200214219357,0.0007554220945779749,0.0010165315867532983,0.4647020314906412,0.0017840684997841342,0.013727809983724465,0.026422315727093675,0.0013678928122302489
P93009,6,182,S,test,3,0.0007014261393427099,0.0008329641641718666,0.00043045139720270615,0.9685781256153901,0.00013974710967081148,0.00027792031325306137,0.025411559935511703,1.833083163434928e-05,0.0006563599626436912,0.002953114531178964
P93025,4,915,M,test,1,0.047713612135705005,0.9434956797236009,0.0006913160532526576,0.00031650754675541064,0.00020118443485347276,0.00104592772656324,0.0011221166547328296,0.001463516063955744,0.002755652732537418,0.001194486928043255
P93030,5,193,M,test,5,0.02103437148408691,0.0011705643601561237,0.029954317703113093,0.22307009908795006,0.015540094879358356,0.6454746863102616,0.010933823110904704,0.00051943476832275,0.03427578266647178,0.018026825629374577
P93032,3,367,U,test,3,0.0011765175644105974,0.0008666629097241695,0.0007670713005206618,0.9950502648126524,6.572954617686812e-05,0.00018578888035648939,0.0004219654789555778,5.3954093971321364e-06,0.000573388880107627,0.0008872152176985477
P93050,4,617,M,test,4,0.008328175518027985,3.222402435423651e-05,0.00013997477653055138,0.001002459944873691,0.9701560542502601,0.0027925706231122643,0.00037459189579964694,0.0034581652415781646,0.013623986027611596,9.179769785179423e-05
P97361,2,278,S,test,2,0.001990459491187107,0.00021143830980798197,0.9028469306212543,0.014650277728495016,0.0053475942551550115,0.04530264874193705,0.00263693049313768,0.00036533264636528536,0.02541248327539456,0.0012359044372659783
P97363,5,560,M,test,5,0.0014579277102721795,0.0005239172886551448,0.0012276982382318058,0.00120866456492378,0.00010479005702493865,0.8624943360938835,0.07775623022953103,0.0006779993781926563,0.00512357316427454,0.04942486327501042
P97368,0,378,U,test,0,0.9923281802689862,0.0006938002447072313,6.35329822588438e-05,0.0006292495815803295,0.0034417887940827482,3.001085538972178e-05,0.0025979984736549107,4.2988563832089e-05,0.0001548077635185758,1.7642471989326144e-05
P97430,2,131,S,test,2,2.7905825999154228e-05,1.9481406272089913e-05,0.9977025986306763,7.070547449999627e-05,0.00010951078076112348,0.0002327417030092183,5.907663591940309e-05,3.2625217371849416e-05,0.0017264722980193572,1.8882027471521355e-05
P97468,4,371,M,test,4,0.0038058845085161878,7.945279744770943e-05,0.00024093761025632254,0.0007026440793767425,0.9816970527288759,0.0030521469651987824,0.00010525784774906246,0.0027466349672209934,0.007495349500718213,7.463899464014076e-05
P97484,4,841,M,test,4,0.0013974221105123937,1.5403148911218878e-05,7.291245568843413e-05,0.0002362854772915581,0.9971903765420406,5.8130875440783126e-05,4.4570491870947376e-05,0.0005125789701004876,0.0004657978241147845,6.522104028824294e-06
P97586,2,281,S,test,5,0.010081844889663502,0.00022624455322826627,0.11009694148823179,0.016687208048401046,0.05180335933281149,0.6744255125194678,0.013942684361452696,0.0020805063202753195,0.11628554246987843,0.0043701560165896915
P97852,9,735,U,test,3,0.02933413352462783,0.012038703687908487,0.0013881481168796354,0.802190048970596,0.014157381791590947,0.01737989894241604,0.04104583118823341,0.0002063297989216547,0.018437678494406237,0.06382184548441977
P98088,2,5654,S,test,2,0.0010975563889976038,7.071473045707651e-05,0.9747184848000043,0.0006061282151746947,0.004531508566451573,0.00963075128963279,0.00028856024494831867,0.0002586637470284567,0.008565767320743078,0.0002318646965621167
P98137,2,590,S,test,2,0.014079993784427968,0.0014216044638629527,0.38204414631241634,0.006522277494074675,0.14961063078083287,0.052007892238494065,0.005159546350851206,0.010023287903694488,0.37612108405976463,0.0030095366115808165
Q00805,2,444,S,test,2,0.004602190591601311,0.001200553146044104,0.6416432234539594,0.019066238787346153,0.0018594532098174122,0.22523797351768357,0.004391440695330787,0.001219459108888533,0.09687363905918145,0.00390582843014727
Q00870,2,350,S,test,2,0.0001936137798628657,0.0009236797204110707,0.5337807197261712,0.011263974553658332,0.000983252004597269,0.28571225589247884,0.007718785106508548,0.0004295509631955536,0.139245025072018,0.019749143181098234
Q00IB6,0,440,U,test,0,0.9986711105869747,0.000875782922602056,3.9391722791770584e-05,7.533865094596948e-05,0.00020680140146458388,8.789481749658549e-06,4.533959948466828e-05,3.788264926071893e-05,3.700509970661658e-05,2.5578850193408423e-06
Q01081,0,240,U,test,0,0.9983718950555176,0.00022661581077375385,0.00014688681343724295,5.7297449296148386e-05,0.0005446858681871925,4.257984965900448e-05,0.0005468177237594523,2.4643326368709206e-05,3.0193634178960157e-05,8.384468821892057e-06
Q01117,2,624,S,test,2,0.0003983105834802105,0.0028083632943043204,0.8289019124812476,0.003838577382846524,0.00023784210975767757,0.10872826278429981,0.007213549392020454,0.0002868923648175545,0.040312612635275316,0.007273676971950572
Q01163,3,450,U,test,3,0.00015875508572647142,0.0004952477039772247,9.233013524885963e-05,0.9989230974487233,4.3613666144966286e-05,9.655792803382708e-06,2.7080340886257415e-05,7.330313072044549e-07,8.775854987842415e-05,0.0001617282453039284
Q01329,0,785,U,test,0,0.6370444376401965,0.2614425154999954,0.004095809584734474,0.005776017044235231,0.011090159553051567,0.006443612822683407,0.00165485662587625,0.04025042851764539,0.030297434331328612,0.0019047283802532135
Q01846,1,1127,S,test,5,0.0017517017356550968,3.2303609648668434e-05,0.0013770259074434791,0.0003262548854052759,6.424339232890141e-05,0.9878675500389927,0.004985262884817735,0.0006167092669656935,0.0015390927920593022,0.0014398554866830757
Q01989,1,1253,S,test,0,0.9192608549379647,0.07664580853316441,0.0002988898859843045,0.0002477884236083878,0.0006788415593368101,0.0007998708193746214,0.0008784862553406844,0.0003132338824468068,0.0006949398181614907,0.00018128588461772447
Q02040,0,695,U,test,0,0.9977346894308399,0.001186624080954893,6.191377324966948e-05,0.0002761267307225502,0.0005054009499162726,4.925829332834628e-06,0.00017845498644721014,1.6405516749677767e-05,3.162246213926646e-05,3.8362396477188745e-06
Q02127,3,395,M,test,3,0.052165739435202606,0.010608468418531102,0.0023463560078254854,0.8754503730874664,0.0005074350867863063,0.025225704692288485,0.01606578084940339,0.0002591724448628735,0.002439824000753259,0.014931145976880122
Q02204,3,264,U,test,3,0.00016514728746401002,0.0003337696311594013,0.0002235359272054656,0.9983598122491992,0.0005067062838542702,1.4715024104879846e-05,0.00014181082764121403,2.722005842416684e-06,0.00018934229589819975,6.243846763087901e-05
Q02353,7,882,M,test,7,0.00117259444355759,0.00010082242379364748,0.00012745147438250688,2.509668304855456e-05,0.0036956924775774776,0.00513096085423715,0.00019894894533443143,0.9854569613505242,0.0037833331877633767,0.00030813815978104843
Q02455,0,1875,U,test,0,0.9945221176920936,0.002141780245534405,0.00010580313095681381,0.0006667401694868923,0.00045246262730521867,3.408193913268892e-05,0.0019049387677176994,5.532045007719974e-05,8.979394483100358e-05,2.696103286438143e-05
Q02457,0,562,U,test,0,0.9934698139705916,0.0017462203619813001,7.79317908783894e-05,0.00028284428992948795,0.0019787270170302513,2.2679443181034135e-05,0.0021478877894042744,8.969893495221459e-05,0.00016115980940327926,2.3036592648155026e-05
Q02614,0,308,U,test,0,0.9977972391638787,0.00046653666937339583,5.816625309010361e-05,0.00014509197634513278,0.00024298333753884754,5.726446738363063e-05,0.001039107892427215,2.5811117920917985e-05,0.00015087177803748466,1.6927344004515926e-05
Q02648,1,567,S,test,0,0.9938473959320671,0.0019487899763444823,0.0001841202257409874,5.977508568635621e-05,0.00032822978730014644,0.00037485019308824594,0.0024253082567653713,0.0004214553775735345,0.00035213916528333445,5.7936000150463425e-05
Q02775,0,382,U,test,0,0.9974489640897346,0.0006263500024613409,6.386083188305662e-05,0.0003445547835573146,0.00038138737280713267,7.583662278909285e-05,0.0009682170178959698,1.8296435943825363e-05,5.2121695160717426e-05,2.0411147766945444e-05
Q02792,0,1006,U,test,0,0.9364309274256823,0.05712265498927454,0.0008741645108217162,0.0011401254406272529,0.0009161164598999992,9.141924929875272e-05,0.0004161646922592146,0.0017317059614895128,0.001176316868565784,0.00010040440208091191
Q02866,1,612,S,test,1,0.020529436656468763,0.5537878372561784,0.0023350462448445334,0.0005633561064222793,0.00802375569864655,0.0015076191190395239,0.0007347548718792668,0.3358892921145165,0.07494703128968896,0.0016818706423152251
Q02873,3,248,U,test,0,0.6956227349307659,0.054061374088322706,0.001148615620543459,0.20886383433627254,0.0009374728223909839,0.001166703765849355,0.0338307437571605,0.0002562908093016521,0.001062295879595302,0.0030499339897976595
Q02953,0,609,U,test,0,0.9972737735760028,0.0001230733650596398,2.3488962779731458e-05,0.00012116528900093925,0.0007870166327488877,4.32028098393524e-05,0.001522951623811706,2.1386944269101877e-05,6.384962193795965e-05,2.009117454992075e-05
Q02981,3,657,U,test,3,0.00027425316225118587,0.00012087001106147522,3.215271465764608e-05,0.9987371459565175,0.0004688038267109878,1.361431608857451e-05,0.00017045403186958475,3.6074347540848914e-06,9.826662323681572e-05,8.083192285216072e-05
Q03178,2,341,S,test,2,0.002966383435921204,0.0007921781450446524,0.8289468241954707,0.003779270471107975,0.03290397891993821,0.011282817277308139,0.0005886967800630741,0.0010014069930535372,0.11574690811311177,0.001991535668980745
Q03180,2,325,S,test,2,0.0037387489959089934,0.0007333332170654733,0.9550081292462471,0.002024797913334469,0.006939434767449412,0.0046529484874478335,0.0003864394303908737,0.0006677073985897442,0.025055538340827757,0.0007929222027383425
Q03218,3,510,M,test,3,0.001831612619214837,0.0009919481660303202,8.174274364363573e-05,0.994332652880552,0.000681755318586414,0.00013689334380369216,0.0007214849033677776,6.991827813442782e-05,0.00045950031497362504,0.0006924914316933098
Q03266,1,374,S,test,1,0.0011613982231528715,0.8032669837597127,0.0016061554994541648,0.1849225568259724,0.001024930248842749,0.00033015669733604683,0.0001535371376525067,0.00010887413124324013,0.004562125902735619,0.0028632815738976873
Q03370,9,554,M,test,5,0.02842738202711435,0.0073508343024531525,0.0005288649767018947,0.0012105839545782438,0.0024075335808216975,0.9124222105852132,0.00122007855447176,0.03736709067145272,0.0028814405192522942,0.006183980827940631
Q03406,0,294,U,test,0,0.9966702612487064,0.00015427515310734055,0.000144928093457449,0.0009500236031453331,0.0006793657594306871,0.0005426965478726774,0.0005198714014642958,4.1848262708272863e-05,0.00014836496505377702,0.00014836496505377702
Q03431,4,593,M,test,4,0.004475278471486492,3.782182569417928e-05,0.00013201115325346745,0.0013986152098689828,0.9893083486731868,0.00043284788189859054,3.286017227799849e-05,0.0007420738764062797,0.0034046124183559593,3.553031757117516e-05
Q03445,4,991,M,test,4,0.006863766795637063,0.000773107339717559,0.0016495048719188858,0.003478387593463425,0.9458061429291349,0.008048100373684837,0.0004544863464188124,0.011162773673693418,0.021558877018248074,0.00020485305808301551
Q03482,4,75,M,test,5,0.024510328767474894,0.0035587417631273125,0.12254392689877994,0.03552328303564509,0.21008915494828526,0.33051665509250056,0.08324189205029224,0.021630288307843377,0.150731603217928,0.017654125918123376
Q03496,1,1420,S,test,1,0.15383420845210172,0.7002941352074883,0.023407652914178515,0.002605827751414826,0.0028175716216225903,0.030350973751894033,0.008611192904710043,0.008611192904710043,0.026266576654991988,0.04320066783688791
Q03529,5,384,M,test,5,0.0005294578985377253,0.00013920061548991397,0.000445848293984943,0.00016274202113298556,2.5350314293913052e-05,0.9799836746958508,0.006919966410467744,0.0025959230339117037,0.007600095952436322,0.0015977407638939612
Q03560,0,1150,U,test,0,0.9982549812631677,0.0004649309972081982,4.12649726077597e-05,7.074461797025057e-05,0.0002738531693263364,2.5822958152501626e-05,0.0007939696289478245,2.1745113038793433e-05,4.257486329174603e-05,1.0112416288925305e-05
Q03562,1,455,S,test,5,0.00039571268171600276,0.00019589197764612517,0.0002940686798297529,0.0011540131974171802,0.002779168790344928,0.876606423360074,0.0006176987631752232,0.028622212578564954,0.08816262375838008,0.0011721862128518013
Q03652,3,475,U,test,1,0.005615618285045041,0.7297771234512115,0.018039967027850583,0.004619281524701081,0.0008679372437911816,0.009971892929892133,0.0018374232188550345,0.0025114597518908896,0.014382056224712938,0.2123772403420496
Q03673,3,198,M,test,3,0.0012744910512629954,0.00033409820187840783,0.0002225573854740003,0.9959327085508473,0.0005338873972535055,0.0002278351763228853,0.0004548777679753099,5.897183705311408e-05,0.0006515823063514436,0.0003089903255810326
Q03774,0,444,U,test,0,0.9950820932217763,0.002060889635275878,3.305194904239004e-05,0.0005606715304016992,0.0014902129069251102,8.099728421825355e-06,0.0005175245799076064,9.86748881615731e-05,0.00013699652565603033,1.1785034431584442e-05
Q03776,0,544,U,test,0,0.995647790858147,0.0023457667863879773,0.0001287694839225564,0.00022955641891022035,0.0008520730723193888,7.111326422232456e-05,0.00040288405923018825,8.185086120797902e-05,0.00022249370461904718,1.7701491033306384e-05
Q03833,0,894,U,test,0,0.9980352764957237,0.0003597182891736583,2.7915132477963698e-05,0.00015328421806831374,0.0006478765439319806,1.425765402316882e-05,0.0007005215328097348,1.5658970752112766e-05,3.875632414007385e-05,6.734838899364428e-06
Q03834,0,1242,U,test,0,0.9962692447696578,0.0012320815506656742,5.8077178944130116e-05,0.0008320414087408122,0.0007292716028149708,1.7991471399187573e-05,0.0007414797271373153,4.5230556663749986e-05,5.287987563318474e-05,2.170185834312438e-05
Q03860,7,143,M,test,5,0.04898109906740795,0.00024718259893749566,0.000651239392151157,0.00032746371486637747,0.0017841364924590067,0.7967150017358309,0.007077100112559611,0.1221802072791755,0.019867611188978125,0.002168958417633953
Q03921,7,1698,M,test,0,0.9064407535475523,0.08431212777836669,0.00022597083181736063,0.00017598625344230864,0.0011297830147717852,0.0003843893434457642,0.0009892711154141948,0.0032532120328422,0.00298823212845063,0.0001002739538968025
Q03937,0,162,U,test,0,0.5170124961662509,0.4707452234021371,0.003497237236965635,0.003122681402424045,0.0020964691264491997,0.0005018605921033216,0.000525945351478996,0.0005426406480266418,0.0015458394184571405,0.00040960665570708555
Q04031,0,235,U,test,0,0.9991149902057046,0.0003124088293428066,5.824307283415825e-05,4.1950911282043874e-05,0.00016656846393802417,1.1649346346312332e-05,0.00025188700284556185,1.220841095383907e-05,2.625220961013883e-05,3.84154714253003e-06
Q04213,0,475,U,test,0,0.9979629281059388,0.0009171617932213251,3.875351375819042e-05,0.00010616918484156803,0.00034372385478493217,9.646511670929044e-06,0.0005852652109859105,1.4940810262734006e-05,1.719676543300624e-05,4.2142491025843094e-06
Q04217,0,1267,U,test,0,0.9970498070943724,0.001343698238919304,8.390989375559902e-05,0.00028833371429969875,0.000563428503596949,6.126085727818692e-06,0.0005985962334950084,2.138214037295641e-05,3.994709544529736e-05,4.7710000149827666e-06
Q04231,0,177,U,test,1,0.018937832430750173,0.8538499187865279,0.006673823818241673,0.001224925902352923,0.0004299894654930361,0.08454259046282168,0.0006454906776674294,0.02209737045664882,0.006172277722638268,0.005425780276858028
Q04235,1,462,S,test,1,0.16052771424294968,0.8280649352022084,0.0006663711801405011,0.001989417014938978,0.0009324209404817861,0.0006259978131302126,0.0019585736994616994,0.0009620191355905038,0.003279993852114716,0.0009925569189835144
Q04341,3,121,S,test,3,0.004060885419526502,0.00023270727344611291,0.005618743620905226,0.7618700892363753,0.21489532377729142,0.0009645448337653587,0.002879599120794591,7.322459016141002e-05,0.0071970168788623575,0.002207865248871662
Q04712,0,507,U,test,0,0.9922789164395747,0.003335730748832513,7.427389246443788e-05,0.0002633238016621557,0.0004142665264938843,4.4350967999667355e-05,0.003233101086023197,6.869211917837692e-05,0.00026538909699541386,2.1955320775727248e-05
Q04806,1,366,S,test,5,0.002266962349190462,0.2661514919559339,0.014782449459862125,0.0030505308423288205,0.000270749999452084,0.387248134659698,0.0123995404751318,0.010002305886336516,0.12090476789867509,0.1829230664733912
Q04924,5,702,U,test,2,0.0029578180997512837,0.0037244551884756043,0.9149110545127851,0.0018948493716164315,0.0005824289192530156,0.0500276976636292,0.0015586606278656468,0.0012821192392555066,0.021685403317434362,0.0013755130599338806
Q04949,1,312,S,test,1,0.03918548537847349,0.6972978536791907,0.003357763605234003,0.0016237082708995378,0.0005611385907409128,0.04838761607387179,0.0037167053589164784,0.056570853733988305,0.13946833559938246,0.009830539709302291
Q04952,3,1785,M,test,5,0.001034808542919611,6.214508721188235e-05,0.0017897358338514768,0.000310705871012251,0.00022731726805110897,0.9859360205440686,0.0006276431622514975,0.00034124367182958705,0.005014538496634698,0.0046558415221693294
Q04969,5,178,M,test,5,0.03365864976151817,0.0001766243753475903,0.0008167028102644102,0.0018988909653163823,0.01837151479939472,0.9240535664040275,0.008232312294478787,0.004346604442167173,0.005929512244906518,0.0025156219025788034
Q05021,0,590,U,test,0,0.998614019244824,0.000336966324865554,2.6652251041594283e-05,0.00011264934450373023,0.00032137854507874384,1.3193821317831822e-05,0.0005048593488893608,1.6165407185840152e-05,4.8260989832388473e-05,5.854722460959399e-06
Q05031,4,458,M,test,5,0.0005714168511832954,0.00016371366970670864,0.03453337686743555,0.003486705856164901,0.0019944407475067055,0.7100701153333459,0.0019031087388811558,0.001933078349331837,0.23784370121619428,0.007500342370249676
Q05123,0,467,U,test,1,0.43386792133364177,0.5570974221157986,0.0008054756140350837,0.0002514817693793952,0.00020207125168102765,0.0007992072893839157,0.004700146506823762,0.00025544201480956166,0.0010262025515747394,0.0009946295528721187
Q05201,0,766,U,test,0,0.9971192775603065,0.0012722765877439227,5.858262562904342e-05,0.0002866691707187516,0.00046873050497739,6.126512560164687e-06,0.0006863417596172315,3.470905981286789e-05,5.9042095062617075e-05,8.244123571479232e-06
Q05394,4,352,M,test,4,0.015510511057841903,3.997825095752011e-05,0.0003975062333155077,0.001015067770028434,0.9671275256577944,0.0056175347599314975,0.00020947106880786143,0.0023009329687723513,0.007648324321322719,0.00013314791122784954
Q05471,0,1514,U,test,0,0.9958053233633044,0.001347273650955515,4.450858374707941e-05,0.00014593802917821429,0.0005660321384229037,0.00023688080738296598,0.0014146910242336616,8.315298024138675e-05,0.0003065465090992202,4.9652913434620746e-05
Q05635,0,350,U,test,1,0.012618002976949576,0.9715323950489281,0.0003993167062041392,0.0023069028091024365,0.00017174397848836043,0.0008654004591996806,0.0011286949850739816,0.007274269483078382,0.0023524025786291988,0.001350870974346131
Q05812,4,728,M,test,1,0.012836799243406697,0.9257797235535233,0.0019937382933200277,0.01140614142307578,0.01739228858783258,0.002367622663814322,0.0005040959673525997,0.009345857331874348,0.014706687455699157,0.0036670454801011336
Q05924,1,578,S,test,5,0.005332200363058231,0.0007558976629036537,0.0022478956334892938,9.992985655530509e-05,0.0010743472101876204,0.5228074372441402,0.0004767386910589838,0.44718089116558896,0.01775026925023886,0.0022743929227788517
Q05926,1,109,S,test,0,0.3214419439233568,0.1329541634821217,0.016003651320883286,0.0827549088361453,0.014571491425323886,0.11619140045449976,0.06924568019929789,0.025573761776456212,0.21163183155052598,0.009631167031389191
Q05949,0,395,U,test,0,0.9910994409066036,0.0013547270650207067,9.232548310791737e-05,0.00019242280869628228,0.000630930179928908,0.00015952411840482856,0.005801925807852914,0.00013433277651174558,0.00039792263654464245,0.00013644821732845857
Q05JG2,5,471,M,test,6,0.013026730815027268,0.0017698763032138031,0.003229967949095972,0.2177635087507878,0.009237334869413295,0.13841890997898146,0.5827653881640694,0.000823068939083728,0.009833091663327877,0.023132122566999386
Q06139,3,101,U,test,3,0.008606003671798937,0.11116924978068457,0.01595301008608769,0.8475110008095131,7.652052657027268e-05,0.0010001163550524383,0.006794625951991569,3.847694130476044e-05,0.0014103901461658002,0.007440605730830866
Q06188,0,304,U,test,0,0.9969822022203562,0.0009602327381088201,5.375105089770117e-05,6.138562715466861e-05,0.0008607470874480369,1.2968044328549222e-05,0.0010023919516113711,1.77252149010492e-05,4.319017999339797e-05,5.405885200259531e-06
Q06224,0,779,U,test,0,0.9875657694637118,0.007423258541816075,0.0009699234629912796,0.00010103817241275404,0.00043208543550540227,0.00045995258133691206,0.002291771432735366,0.00016145853651737158,0.00048202614502383895,0.00011271622794923255
Q06244,3,254,U,test,3,0.004696801316837808,0.03298656278350262,0.0005948032500544072,0.9490631843060908,0.01013923811527258,0.00010498900546321153,0.0001871631543751183,2.0999121315154777e-05,0.0010686678606427736,0.0011375910864455194
Q06328,8,317,M,test,4,0.015165784871622628,0.00013127381777829956,0.008379431508430448,0.020219336587616262,0.8284281505121479,0.04124500836225353,0.005625684471395951,0.0019290546710943586,0.07826927117140021,0.0006070040262603828
Q06349,1,442,S,test,0,0.9069632420606812,0.02445465733570375,0.0017237065139101113,0.013064093142028358,0.003649086510435277,0.008484381371537984,0.02547853289968113,0.0014975820880738337,0.010830514286798744,0.0038542037911495266
Q06385,7,345,M,test,1,0.17593503842191258,0.7067944150417227,0.0028215950776935986,0.001062622344796593,0.001343280607069797,0.00420275350701232,0.0018943292997385924,0.031359130158084635,0.06943751459571719,0.005149320946252
Q06488,0,889,U,test,0,0.9933531942025419,0.0021143396387921683,0.0001335904905546345,0.0005515584854514187,0.0021143396387921683,3.148359455002966e-05,0.0014702923172393095,6.164188060884556e-05,0.0001422063308858346,2.7353420583744366e-05
Q06551,5,359,M,test,5,0.0034925291391113026,0.00039415365008207384,0.0002883689578863245,0.0011584820401080085,0.0033718781506905824,0.8869028938589413,0.00041306948276743184,0.06733031468984242,0.03438895524201656,0.002259354788553971
Q06632,0,1357,U,test,0,0.9873954092813684,0.0068642072529065505,0.0001237731930035347,0.0003063416023573318,0.0035058939530258106,1.2843345534856987e-05,0.0012709912095384196,0.0002500287393267421,0.0002559580052349676,1.4553417703438618e-05
Q06678,3,367,U,test,3,7.337737667731731e-05,0.0028408700203220636,0.00011543881394213872,0.9957392076562206,2.828949760921686e-05,3.866715942949828e-05,3.5761276604222496e-05,4.7647289891578195e-06,0.0004025277683598286,0.0007210957018459542
Q06679,0,776,U,test,0,0.9729980508652822,0.022882721110076512,0.00016158193928450924,0.0005339621136896698,0.0011493208914064702,1.4341212091535873e-05,0.0018240972943837587,0.00013187934032224543,0.0002727211472823481,3.1324086180733353e-05
Q06685,1,1146,S,test,1,0.008408290061363,0.9871708529261437,0.00023482685631132888,0.0024517356632657843,0.0002724039269307295,1.8682708340345047e-05,7.274595968440792e-05,0.0004025868844254689,0.0006663513696260521,0.0003015236439091627
Q06688,1,274,S,test,1,0.10816271673053485,0.7334058837379513,0.0049031939326776505,0.002927830896228383,0.0009285084787962391,0.03539070753690734,0.037380035057923255,0.00023112404155487147,0.005178804899563718,0.07149119468786239
Q06707,0,132,U,test,2,0.00010802516621822675,0.00010802516621822675,0.9918867807827791,0.0009818076950959753,0.0003683106573336892,0.00200668463488715,0.00010802516621822675,0.00019714249082213676,0.004149743298141332,8.545494228587675e-05
Q06709,1,432,S,test,0,0.991204001061831,0.002213175125921134,0.000365192877294784,0.0009509456362842764,0.0018911811796167442,0.0003917947672640045,0.00186732383900551,0.00012232428432451935,0.000932552714341342,6.150851411669046e-05
Q07084,1,712,S,test,1,0.3934627531633646,0.5131721753937254,0.002376458537156114,0.06999501259856339,0.006359732836121502,0.0016590354929133552,0.0018220940375306331,0.0005220386951384456,0.006459884488483075,0.004170814757003551
Q07230,0,614,U,test,0,0.9959428366617346,0.0009206841433578191,6.682453023815951e-05,0.00017883170707350072,0.0005661102752693223,5.897243362185586e-05,0.002046620362334227,4.314515302096102e-05,0.00015177249493259878,2.4202238416949875e-05
Q07376,8,486,M,test,8,0.0051844704779206875,0.0007239142738464426,0.0007706027532976932,0.013579460273722307,0.006868307682126188,0.36345945400946067,0.009170394040657063,0.04549228598812248,0.528830388857009,0.025920721643837553
Q07500,3,545,S,test,3,0.00014974684074375153,0.000412254721308352,4.125959273253763e-05,0.998124852744156,8.015371354306353e-05,5.215701587958598e-05,0.00014288942562271504,9.800012337159744e-06,0.0002724837273235625,0.0007144022063532787
Q07508,0,261,U,test,0,0.983205156427817,0.007867125951175195,0.00021971319930866326,0.00012518880524995895,0.00012133715286283851,0.0047160617080011374,0.002750854388406826,0.0005437953684165677,0.0001938962354773054,0.0002568707632844604
Q07549,8,140,M,test,4,0.0024691580923861785,2.265150419720138e-05,0.00017816788954088037,0.00035432915742414025,0.9321287812028921,0.03342640165254338,0.0001523950670489423,0.009209941426022652,0.021921567942432815,0.00013660606551168839
Q07844,0,837,U,test,0,0.9977770276209561,0.001431402492876315,2.6217053804858975e-05,0.00010369045598067414,0.00039247184084332707,7.0562244824307535e-06,0.00018056622919822776,3.697197034961645e-05,3.874629625684634e-05,5.8498152515609415e-06
Q07845,0,632,U,test,0,0.938031330179647,0.05209965794164785,0.0003196298427827832,0.0016617076942651316,0.00109832174442838,0.00030499294600528336,0.0019051572507071588,0.0015012277940778663,0.0028211447982700766,0.0002568298081685072
Q07913,0,336,U,test,0,0.9953536924243656,0.003762084268413056,3.254840682827107e-05,0.00024333697938792702,0.00019476444744511432,2.0052491763921665e-05,0.0001692142967124284,3.987914144290871e-05,0.00017187901430833406,1.254852933251363e-05
Q08179,3,573,M,test,3,0.00027935544474139905,0.00013535156849299454,0.00012616152375852086,0.998615964247684,0.00014019465010883393,0.00010875803524945318,0.0002031867689873105,4.488980276260732e-06,0.00013118724648128604,0.000255351534220011
Q08217,1,1101,S,test,1,0.006496452717770859,0.9870234937603425,0.0005128324410942824,0.0009249992003313993,0.00013588706971870562,0.0001144283759177917,0.00040886565679871726,0.0004633054853455038,0.0030507789601048373,0.0008689563325753815
Q08230,3,162,S,test,3,0.00018568606394608428,0.00025880855999163484,0.00021879163978552425,0.9983918599032854,0.00023199448973092773,1.802980357921032e-05,0.0004978931643559269,4.0863457809349226e-06,0.00011574634075977954,7.710368878454247e-05
Q08235,0,291,U,test,0,0.9968079930116159,0.0005972833158942382,0.00010522105540068139,0.0004980751562440894,0.0015890746889635416,7.009233491711496e-05,0.0001567262995230136,2.7880805358208952e-05,0.00011556272444619665,3.209060763695875e-05
Q08278,0,222,U,test,1,0.03650131339471102,0.8604921440120119,0.0054042840615956475,0.005156803721276186,0.0017408603512283915,0.018175646116803786,0.0004987649004113227,0.0009919124124672493,0.06431253061249935,0.00672574041699513
Q08281,8,1341,M,test,1,0.17764758454926688,0.7838179200496058,0.00033238933563149644,0.00019540161214287515,0.000737438011322716,0.001958128696258164,0.0017145947198460552,0.019699297170273425,0.012718823302525141,0.0011784225531273826
Q08287,0,484,U,test,0,0.8890245338325267,0.1045326862869012,0.00023226528148667333,0.002694726622555852,0.0008562544615966357,0.00015232327485465778,0.0010328400859075642,0.0004339286426998227,0.000897347031923431,0.00014309447954748502
Q08288,0,388,U,test,0,0.9945512937454236,0.0026242409931195236,5.619326825245116e-05,0.00014349453467109104,0.0005775962684358447,3.303431872897748e-05,0.0018754603710201265,4.175928999142052e-05,7.924521391246552e-05,1.7681996444464117e-05
Q08412,1,411,S,test,1,0.2372723621905476,0.4573544493036614,0.0023999757835443877,0.08394369007732219,0.15929713019608854,0.005580111061203796,0.00036804823791605453,0.008508653074365513,0.04161605378984856,0.0036595262855019595
Q08465,0,219,U,test,0,0.9971773686494684,0.000396085167061417,8.794805413537373e-05,0.00023536122221004462,0.0014991955388904926,3.312154565746436e-05,0.0005075910650643886,1.3174840043498709e-05,4.2528905288432715e-05,7.62501218054592e-06
Q08553,0,188,U,test,0,0.8394282129732467,0.10104171616741914,0.0036233843006779017,0.011380936871996249,0.0025098450200930233,0.006211926058463788,0.014191494466834702,0.0053550145111894865,0.014302800524924936,0.001954669105154157
Q08605,0,581,U,test,0,0.9971787464062781,0.0011859628749622438,3.995226320465921e-05,0.00021852579519362014,0.000964181045232519,5.406950751870372e-06,0.0003261295635290719,2.579511845041574e-05,4.972139636092748e-05,5.5785860365037025e-06
Q08742,3,149,U,test,3,6.862026011662196e-05,0.0004689343904684098,0.00012670596485320248,0.9990152768892052,2.210437057993347e-05,5.168850791020517e-06,0.00011203622006475824,1.5042212950761823e-06,6.223587534447075e-05,0.00011741295728129147
Q08748,1,1289,S,test,7,0.022168636189111884,0.1417616597259504,0.026532383476568184,0.0006362887759729205,0.1321363888209425,0.020263774198993997,0.0006668249221586758,0.5519857373522519,0.1029079326778,0.0009403738602496156
Q08881,1,620,S,test,1,0.04393959244020965,0.6353668319032617,0.018815315515128047,0.0031814196750425397,0.04935439108166693,0.01795370060668115,0.00585152604739195,0.06580030657675766,0.15449164196299875,0.005245274190861589
Q08909,1,290,S,test,1,0.006277796790613274,0.9783301915617982,0.0022515715021891227,0.0018593411595426268,0.0013184703375184335,0.0005163204023427642,0.0008782906194532819,0.0002763663932888419,0.0077671999774088386,0.0005244512558446237
Q08925,1,612,S,test,0,0.9845339231178888,0.00273313587631609,0.0003354753775235229,0.004342022427489557,0.001401412790817117,0.0018858070580670791,0.0032393462588407875,0.0002781188862373556,0.0006619805468905358,0.0005887776599291549
Q08960,5,810,U,test,5,0.17149407642063064,0.0003442494385420675,0.00894794399748761,0.015370334964230462,0.015827299547491746,0.6943570165072552,0.0032155107663901666,0.005599479952679871,0.07669689273923096,0.008147195666061287
Q08968,3,688,U,test,3,0.00040009140199039154,0.036869153100600474,0.003908816229691035,0.9508680033049653,0.00011023677423525838,0.00015790689092902985,0.0006700269827063447,4.815887914279512e-05,0.003795961820584575,0.0031716446151547617
Q09146,0,399,U,test,0,0.996874111331435,0.0021301384700749297,5.588618452716246e-05,0.00026454325622698,0.00026120600764108703,4.2096508213307654e-06,0.0003523502895438972,2.2757157642088276e-05,2.922077029892797e-05,5.576881788587313e-06
Q09175,7,709,M,test,5,0.08711230500307998,0.001766076841940488,0.09382364624765059,0.02486079113557253,0.06640110715913145,0.5999736014528463,0.012259004279387873,0.023908389033632627,0.0860974167461447,0.0037976621006134445
Q09377,0,322,U,test,0,0.98672689769612,0.005426358252741644,0.00011802525295529119,0.0018969415989254044,0.003409018979964405,4.078843468877878e-05,0.001568402148347934,0.00018567978651023477,0.0005809406507771045,4.6947198969185884e-05
Q09428,4,1581,M,test,8,0.02675699384375966,0.0012811183417717543,0.003121639533929225,0.012964132891002478,0.011943118386743225,0.079881629098921,0.003649566475945882,0.044809534170271025,0.8131034793273604,0.0024887879302954133
Q09685,0,411,U,test,0,0.9977947090196378,0.000584880927022071,5.133141219149073e-05,0.00019296746286040912,0.0005070380695431048,2.879430991577255e-05,0.0006774805918919335,1.7464633453042188e-05,0.0001310793556348683,1.4254217849475161e-05
Q09706,1,1369,S,test,8,0.005315359793226789,0.13183330275700364,0.02987921859350281,0.06236492973120037,0.1308073577873088,0.15352784418908552,0.007152598035459831,0.007613901208446154,0.439071902892662,0.03243358501210405
Q09712,5,464,M,test,5,0.003115369369092837,0.0007664421337038594,0.0006354028595070369,0.000754559565768433,0.0027600642838607435,0.8808425843619699,0.00954927143319725,0.043174668708508536,0.04595919603796697,0.01244244124642439
Q09774,3,118,M,test,3,0.00047892958290890285,0.0004395977976995898,0.00010955819977487822,0.9981346209712252,7.95307262263688e-05,2.9257719155499726e-05,0.0001900404974598186,1.2388497890656339e-05,0.0002858423076416397,0.00024023370001748277
Q09778,1,899,S,test,1,0.004600023261267325,0.6629930035159091,0.00305829685553419,0.0003498990814344828,0.0013838775785709574,0.0014166952930630384,0.0002811517833551771,0.3035403119556843,0.021647488444171553,0.0007292522310099141
Q09781,1,252,S,test,0,0.9905318578203807,0.00884181390585728,4.224547685149369e-05,5.4244265058991605e-05,0.00013425585941777767,2.157688002401787e-05,0.00016321360133920125,7.770132153145346e-05,0.00012224133331497025,1.0849536224174447e-05
Q09800,1,419,S,test,0,0.9911049695783868,0.0025346878556664672,0.00011136640547630821,0.0029288261103109867,0.001131370606032599,0.00010461906107829055,0.0014343825602661938,4.3611713006855475e-05,0.0005396661888745888,6.649992090097152e-05
Q09808,0,152,U,test,0,0.7524125703739885,0.2259152271949295,0.0006054912330918236,0.014442277386070295,0.002146652703290898,0.0002484931070629276,0.0020806072632990015,0.00011922828909998933,0.001343340984996863,0.00068611146417023
Q09842,0,407,U,test,0,0.9979139547924701,0.0002478047533887143,4.747946424809535e-05,0.00014009608359175606,0.0008061973378993276,1.1818573286359342e-05,0.0007692788939976366,1.3184571652345965e-05,4.460283056532819e-05,5.582698900302643e-06
Q09868,1,576,S,test,1,0.014912344601851256,0.9744535107490195,0.0011409677356236504,0.001895891740363829,0.0017061179200190202,0.00014280886124827145,0.00010779778174853674,0.000730931335136632,0.004041626781321879,0.0008680024936674001
Q09GJ9,2,239,S,test,8,0.0039652087100327405,0.000259498594453178,0.3275435428610422,0.005335771699266419,0.013866995476732313,0.05347001212846239,0.00550514712239795,0.003813303964751183,0.5839094933892556,0.0023310260536060015
Q09LL3,0,331,U,test,6,0.0027128975779808755,6.952664616469068e-05,3.9925792993579095e-05,3.750681006506351e-05,1.5881382808487345e-05,0.0004326093244150302,0.9965180816028918,2.3471162981279313e-05,2.0713229585493293e-05,0.00012938647011376324
Q0DFC9,6,154,M,test,6,0.0004286164195356747,6.370813950409775e-05,3.2412077494739955e-05,6.83488544209667e-05,1.5673456838622907e-05,0.00023716721682661717,0.9989585900527725,6.847225920987401e-06,9.962655009427264e-06,0.0001786739016763184
Q0E7J7,0,325,U,test,0,0.9352599972458637,0.042066935422903844,0.0012312280006273935,0.0075874347191151595,0.00703180674013275,0.0006960732275819869,0.0018196371372314166,0.0005172776869911436,0.003439602207052776,0.0003500076124997528
Q0HA38,1,1315,S,test,1,0.024764891213153072,0.9148882946488821,0.003738939405303032,0.0011582693609535567,0.00041949736258446203,0.02219910521552473,0.0008086022964152819,0.010724307877098748,0.015772298335872875,0.005525794284212186
Q0J7U6,0,1133,U,test,0,0.8457760783638505,0.12769309235390655,0.002320579780623433,0.0003116123614308163,0.0011398305975002273,0.00967506061723533,0.004153072062309993,0.0030983807564160066,0.004761521353614165,0.001070771753112958
Q0KL02,1,3102,S,test,1,0.007378661069547099,0.9893317160342134,0.00028834566892643157,0.0001695096656200572,4.5622907819037355e-05,0.00014274145005517392,0.000345104563067292,0.00025248390448062653,0.0006372287527190228,0.0014085859835517836
Q0MW30,1,546,S,test,0,0.6898855040001396,0.17717725215913305,0.0012511031361756462,0.004987018232802344,0.06646542317653382,0.009764107973281444,0.004576345020156082,0.017003184354663112,0.024787852788781206,0.004102209158333716
Q0V8E7,4,668,M,test,4,0.0032461754432185443,4.418378127798883e-05,0.00017750215658376165,0.0005096224619569619,0.9432699331699995,0.015853891565008084,4.852639303817448e-05,0.018247716607460596,0.018535076195395593,6.737222606081104e-05
Q0VAK6,1,560,S,test,1,0.0039916874493987654,0.9882471532003337,0.0004030258122482944,0.00022785013114470608,0.0006440333654784778,0.00011457023940073476,3.6051124929322866e-05,0.0023603820717295826,0.0037645196722324668,0.00021072693310394283
Q0VD83,4,1088,M,test,4,0.003367870952629411,6.072837164868064e-05,9.116408559629708e-05,0.0014121878778185837,0.9940433317578244,6.265610395653673e-05,9.704367077234872e-05,0.0004085691058145702,0.00041338520787788553,4.306286606125005e-05
Q0WMY5,6,952,U,test,6,0.018797455120896964,0.00036720852491310343,2.9617096146043853e-05,0.0007238910093886441,7.216655559167174e-05,0.00033369476606855917,0.9793082949472345,4.37712327759833e-05,1.7685177005922588e-05,0.000306215569978574
Q0WMZ5,6,178,M,test,3,0.00038752880065533955,0.0003697825915823471,0.0007072276789692805,0.9428525933177575,0.00020104731496095127,0.02633199903433725,0.009762977932087092,0.00013392637659856495,0.0036517227050006443,0.015601194248051078
Q0WNX9,0,196,S,test,0,0.9928078232800942,0.003932546192735839,0.00013668341276851025,0.0006514436407067205,0.0008415911806715937,1.1396341934999142e-05,0.001418721220238919,8.68812676089971e-05,9.999971677081078e-05,1.2913746469433032e-05
Q0WP36,8,464,M,test,5,0.004217508813983094,0.00543658321911331,0.00038771909849808465,0.00041922431933022865,0.0011219024065683124,0.7943513265461415,0.036291674916009056,0.05321821910804902,0.10099044304978479,0.003565398522522574
Q0WQE7,1,617,S,test,1,0.013671193724419266,0.8007938035876362,0.0047616939736925,0.010159568744551168,0.0023943302080295325,0.05240704323716458,0.006662808137102051,0.022917311137456254,0.058693104889000425,0.02753914236094801
Q0WRY5,4,378,M,test,4,0.0017080603028603843,0.001353828495197878,0.00021378881183237955,0.00030623833885625086,0.9870625327164777,0.0002384986628549194,0.00032345214895525097,0.001875937253744014,0.0068618931258008446,5.577014342034437e-05
Q0WTP1,1,329,S,test,1,0.017286636220065297,0.8901055005786391,0.0015164014434640766,0.00046975923078960405,0.0006321301438666898,0.013183125511907538,0.003364283414097282,0.020210124885166606,0.050216314278730245,0.003015724293273523
Q0WUA3,6,382,M,test,6,0.0019589640511956147,2.9978593458259985e-05,6.755780187975512e-05,0.00011051719021563843,0.00014080255079930537,0.005802874355949603,0.9912614259340214,0.0002241246398971931,0.00012043480856229355,0.0002833200740209348
Q0WV90,0,1120,U,test,1,0.07412279396444905,0.8684070386226604,0.005163737159888645,0.0006880013497314839,0.0006988358337834834,0.016100778929763686,0.0029652845763552408,0.0013682540948641436,0.008316346347896467,0.022168929120607368
Q0WX00,0,460,U,test,0,0.9969319635183836,0.0012137868101233058,4.455894008642218e-05,8.131864348094977e-05,0.0007052353580594395,1.446616983567693e-05,0.0008915010247659467,4.597339342864394e-05,6.333102226171415e-05,7.86511957422108e-06
Q10109,0,688,M,test,0,0.753101433280242,0.0020502257610275844,0.0008817910740534942,0.001097406675611803,0.004256378662564986,0.023190232784659322,0.20912871288320758,0.002531691104513434,0.0011500723826956545,0.002612055391424104
Q10146,0,777,U,test,0,0.9934570673054471,0.004974455347231587,7.320919747804689e-05,0.0002941077251457791,0.0004792523918216316,4.953582413714065e-05,0.0003732421208209509,0.00011883026882937849,0.00015865921925477526,2.1640599833583627e-05
Q10154,0,240,U,test,0,0.9971281663406633,0.0016789366116172755,0.00017626869855261778,0.00010525485178310361,0.00032168474726923643,0.00011650650880170922,0.00021096602251374712,0.0001020165050202947,0.00014274674731014862,1.7452966468613298e-05
Q10197,1,1105,S,test,1,0.0840912361525733,0.6360899051446918,0.008326160665094187,0.0014811811841414745,0.0014133530854938093,0.16723541421665727,0.008197074714952715,0.05645618663066367,0.029475594168106273,0.007233894037625517
Q10215,3,142,U,test,3,5.471484100121604e-05,0.00018236176369332329,9.715947799991707e-05,0.9991248232195998,4.904606603655664e-05,2.0128465585499446e-05,0.00012451181806313004,1.5043862022605163e-06,9.715947799991707e-05,0.0002485904838183447
Q10253,1,286,S,test,5,0.017467591687906407,0.24878705392153533,0.0031563293356450094,0.013818002671155863,0.0006513454165524344,0.34811565566123676,0.06990002751576507,0.0823623540792681,0.11039857857176735,0.10534306113916767
Q10269,5,537,M,test,5,0.00010463208922492606,3.3633929975069104e-06,2.3346575943966425e-05,5.0993610226723486e-05,0.0004230214935079468,0.9912284504205395,0.0002001141234292637,0.0009325757171439793,0.0066788447290083855,0.0003546578479777552
Q10297,0,993,U,test,1,0.4770200671616912,0.5077852139595403,0.0005762627843796843,0.0027491960906568854,0.0015664447962172522,0.0005762627843796843,0.0010272994665372283,0.0022614270556940578,0.005586164679585944,0.0008516612213177312
Q10308,3,269,U,test,1,0.02799935277639979,0.7490475706200613,0.010684589677823398,0.0023107046028933245,0.0027014873499401535,0.0247214100068871,0.00554309219111617,0.03244811525376954,0.1374815948440049,0.007062082677104289
Q10425,1,725,S,test,0,0.9958531086237461,0.0017849332436480814,0.00023321948189291062,0.00024632886475066943,0.0007469830456744475,0.000137102677708473,0.0004391287172011115,0.00011727012136035293,0.00041575872150183594,2.6166502516017584e-05
Q10430,0,238,U,test,0,0.9545168903570194,0.03317611881058682,0.0002270591651665797,0.007231112110188956,0.002213996281058256,8.096044421992835e-05,0.0005238200297656707,0.00024937572188282666,0.0016646966027643686,0.00011597047734725625
Q10451,3,1261,U,test,3,0.0002760063536425444,0.010316683862021003,7.51617627875505e-05,0.9885728612167535,2.8977440682129247e-05,3.3352830101797266e-05,6.581383888758981e-05,1.1707944192547435e-05,0.0003103222985242561,0.0003091124524071055
Q10916,2,564,S,test,2,0.002320383238273339,0.0012615705267576592,0.7760619385872638,0.01803859334923403,0.014473201995566842,0.01717896194068143,0.0005866847435640797,0.0033237955161468007,0.1652331257115588,0.001521744390953258
Q10925,1,1237,S,test,1,0.0003695786856869828,0.9982218484422444,0.0001231903631953564,4.2573449878168214e-05,0.00010133362327849398,1.5908536335082467e-05,1.2197497249725867e-05,0.0007516904140124211,0.0002909367185895646,7.074226952984333e-05
Q10R09,4,310,M,test,1,0.05840785288897875,0.8855423683830874,0.0025462909684087513,0.011866273830908543,0.0016059256798153024,0.005828518186853409,0.0042642352006361395,0.017541498644183452,0.0036473934593853263,0.008749642757742877
Q12008,1,311,S,test,0,0.6090078051618311,0.02361379491455926,0.0008080196374588573,0.0001182393955527164,0.0005911598267222118,0.004119523068311085,0.35801719366030005,0.0019843048441976216,0.0006004691530041636,0.0011394903380629036
Q12010,8,308,M,test,4,0.004811378814886003,1.742045674897523e-05,0.0006237627999151313,0.014031377641506438,0.8123163649646417,0.0218172804260185,0.0009363788387133986,0.0015928340274660967,0.14338236116465317,0.0004708408654506873
Q12032,3,185,U,test,3,0.0005969387629042515,0.0007088822905422613,0.00019493649772153187,0.9981805920817541,4.0940794646447166e-05,9.064035869742887e-06,3.529317040821027e-05,3.282776380568416e-06,0.0001480105107551102,8.205907901777647e-05
Q12035,0,217,U,test,0,0.9978606628597289,0.0009838700578067264,3.8749544033849984e-05,0.0001676641201592214,0.00031477103963464896,1.7465788012441977e-05,0.0005616882994354744,1.5902779448651382e-05,2.879621357517816e-05,1.0429298164922144e-05
Q12046,0,339,U,test,0,0.9983648486424388,0.00045155726798921676,2.011315542493334e-05,0.00010621194445739394,0.00021205440119744835,4.676448703042868e-05,0.0007517981180279838,1.4715098272216293e-05,2.315009860683134e-05,8.786786554764182e-06
Q12050,0,791,U,test,0,0.9739422990670251,0.018988850671070322,0.00022455200612085612,0.002097460121556748,0.0012922075740172583,2.6818913082240757e-05,0.002981091493159871,0.00016428576101661555,0.00024279860821394925,3.963578473699471e-05
Q12052,0,315,U,test,0,0.9929702695445476,0.005634033948912145,0.0001274237996988225,0.00022189537004542852,7.789260273555459e-05,4.438186724916244e-05,0.0008204255567906491,2.5288024961653593e-05,5.1887661312451035e-05,2.650162374656809e-05
Q12072,0,812,U,test,0,0.9952939815859704,0.000776464054872307,6.472634844769603e-05,0.0006367016891485876,0.0020774955848475397,3.805065970256258e-05,0.0009209832673781349,4.735480931150834e-05,0.00012187317127262284,2.236882904862403e-05
Q12102,0,859,U,test,0,0.9966202098830284,0.002180097926746967,0.00024460018225330694,0.00011920862394966937,0.00038181549219774147,3.310303978310556e-05,0.00027287123660345915,3.4691686970969324e-05,9.96025296253872e-05,1.379939884100095e-05
Q12118,1,346,S,test,1,0.005191960950218701,0.4529860903675292,0.01970940321739544,0.0450272417735348,0.00043971056503931786,0.021795023612940854,0.007794056023275802,0.0011054322070152536,0.06449854680298875,0.38145253448006194
Q12129,1,218,S,test,0,0.9966793407294898,0.00036864739248985957,0.0001472117373803362,0.0012495562733962839,0.0005427014804301498,0.00027076380317561834,0.0005577457183776733,2.7877206533244264e-05,9.43073755590928e-05,6.184828316790691e-05
Q12134,1,243,S,test,1,0.0063109006177930515,0.9892686652393385,0.0009163022054805159,0.001501900940031054,0.0004981848502232262,0.00011649475375195933,6.956219746934301e-05,0.00037604968645065564,0.0007776555645017445,0.0001642839449599595
Q12146,0,194,U,test,0,0.9937368967052559,0.0012835337605588166,0.00029190114977665387,0.0013431628474129514,0.0015664874623015875,0.00011886373680403973,0.0013301098969933324,4.238216932575157e-05,0.00017843561280838464,0.00010822665876264611
Q12168,1,779,S,test,1,0.005359636319795618,0.3447979796835635,0.0038604014444544752,0.00048697559312210656,0.002802350888491969,0.16935907809429185,0.006266050313278441,0.28584754854414135,0.14599664739200463,0.03522333172685603
Q12176,0,1025,U,test,0,0.9986983497544777,0.0007260693208010941,2.35225160359528e-05,7.359543785683432e-05,0.00012421583183023764,1.3194935437881919e-05,0.0002950824843504284,1.7755726659338687e-05,2.2798802000829613e-05,5.415190549752595e-06
Q12188,0,680,U,test,0,0.998100360240527,0.0005006728544798269,3.6983950806570854e-05,0.00020308185210265864,0.0005045996593095592,1.0762943768197683e-05,0.0005830638112424761,1.1279467585800758e-05,3.9989186574587885e-05,9.206033603370228e-06
Q12204,3,715,U,test,3,0.00027220422477698556,0.009823081026882466,0.00012078988878167892,0.9864472093850355,3.225716117888764e-05,7.383737786884042e-05,8.76840562735939e-05,2.1826286557776925e-05,0.0005983347038652676,0.0025227758887789776
Q12251,3,326,M,test,3,0.003831515649340775,0.0023790422436869643,0.002512769450381659,0.77724877184142,0.0008683898173816906,0.07940096122504946,0.04419329230956182,7.47026615912185e-05,0.008839214833998426,0.08065133996758796
Q12270,7,262,M,test,7,0.0004753374322033766,0.00042608970018937907,9.001374833148701e-05,6.030545349509195e-06,0.0003344416406296892,0.012549830126487754,0.0004942727356394955,0.981500138157109,0.003948979050977234,0.00017486686308307425
Q12288,1,251,S,test,3,0.05960184329391848,0.0640684474514131,0.003946553664885193,0.470639645940479,0.015731344862222406,0.056983661009804475,0.19773054356210903,0.0015454926942662557,0.017965758940053127,0.1117867085808489
Q12346,5,211,M,test,5,0.013411167446234351,0.0002254065224302418,0.0002514591335032146,0.00028494052557646263,0.002138597419644039,0.9328787479590436,0.0027246439587925247,0.036171633445628314,0.010903201713882848,0.0010102018752643845
Q12359,4,275,M,test,4,0.004004274009208484,0.0010124390182363035,0.0006958385085380023,0.0007762639074508343,0.37189526815027124,0.13054752256365976,0.0031924856213654835,0.2678661319524388,0.2186259362138545,0.0013838400549765983
Q12361,4,961,M,test,4,0.05962608029186222,0.00045882133568656897,0.001552172475942512,0.006091187262450815,0.4581311658190337,0.40429932012006825,0.002056294360441425,0.01140208452964538,0.05557761732140413,0.0008052564834650251
Q12373,0,385,U,test,0,0.9959637477980627,0.0018635082391687584,5.5400639550462006e-05,0.0006736010336669342,0.0007485265792266275,1.1981228207548569e-05,0.0005838076790800682,3.3081234517784956e-05,5.715924224113886e-05,9.186326277927719e-06
Q12427,1,513,S,test,0,0.9731695554819169,0.02324716712847494,0.0001110731108023458,0.0016731592285636578,0.0004900775298718002,4.928839387675926e-05,0.0006317349169802151,5.32934582761958e-05,0.0004427481652552764,0.00013190258598192142
Q12429,1,685,S,test,1,0.004373266811775337,0.6145085132799972,0.0031746512752478663,0.007918963092536811,0.00018478685971054742,0.024297027555481705,0.007381285369160926,0.0014763500431177652,0.02282494541491671,0.3138602102980551
Q12451,4,1283,M,test,1,0.18194261747156207,0.6866442770182014,0.005940636800773968,0.06959925803823931,0.0011516450090747292,0.00831244538697699,0.012237104028463678,0.000816638548107699,0.006679238023541489,0.02667613967505872
Q12454,1,224,S,test,1,0.0012064236357571066,0.9755221123529962,0.0018905713444387939,0.001015910541432211,0.0001807252868527409,0.003123119044381177,0.0008227094755025046,0.0002933460671359147,0.004498852935235141,0.011446229316268212
Q12462,9,236,M,test,9,4.775923995646404e-05,0.016352074116731175,0.008351822330560617,0.0016190747161753765,4.085064184820013e-05,0.038317903632494515,0.0027689712411559206,8.922600625353412e-05,0.004054484397451986,0.9283578336773722
Q12487,3,163,U,test,3,0.00024568213147911606,0.0016723871918403574,0.0005634715037882974,0.9971258952036585,4.9718759729658254e-05,2.2762905506536144e-05,6.384015250538785e-05,1.3249601429048733e-06,8.932843520563594e-05,0.00016558875614367696
Q12488,0,208,U,test,0,0.9975858367993047,0.0006431729824678409,4.389689189710302e-05,0.0007381219652619524,0.0003653968683515197,2.6212030051876466e-05,0.0004242819537609911,2.1730538280130562e-05,0.00013415970294282996,1.719026768106693e-05
Q12497,3,93,U,test,3,3.0221956251030746e-05,0.0003710665008735561,2.3353719176782727e-05,0.999308417235252,1.1651602009270971e-05,5.590500156999051e-06,2.6463230846805078e-05,1.1357788815924607e-06,3.478526074219532e-05,0.00018731421580975416
Q12507,0,346,U,test,0,0.9909796308291585,0.006175371099274878,0.00015220057060614823,0.0005996181616470688,0.0005732782648415896,9.140354984775376e-06,0.0013251244711096307,8.405314675575848e-05,8.947409875384316e-05,1.21090028677571e-05
Q12515,1,295,S,test,0,0.5020673569865736,0.38494839544948956,0.009195684995411789,0.02121422191878955,0.0028045253612663415,0.0033304560557258175,0.0036577905813878573,0.0009104961016384516,0.0656001606368554,0.006270911912861637
Q12524,9,340,U,test,3,0.0683464291563465,0.05069164621366585,0.017348318229753596,0.6690369434755491,0.0016583769032375128,0.016489342707978298,0.056550618523542616,0.00450793532990222,0.04204537834554573,0.07332501111447859
Q12532,1,1038,S,test,0,0.9984646829326488,0.0006635258768512136,3.0671966035964905e-05,8.875227466343337e-05,0.0003596974055013228,1.1461276462487122e-05,0.0003094735083963193,2.464561606773804e-05,4.359365176222227e-05,3.495491610556912e-06
Q12692,0,134,U,test,0,0.9943117123163632,0.0021497079180914616,0.00023468483932961845,0.00021875033173115123,0.00028088098663718353,9.556493962315909e-05,0.002342619053664525,5.4451259824253635e-05,0.00024594759995987084,6.568075477555841e-05
Q12697,8,1472,M,test,5,0.04116212241037674,0.018762759868146187,0.005109455013418257,0.09792655935490562,0.04607689093946285,0.4973120886079478,0.0005138714261240249,0.01662288398997094,0.2661919858610551,0.010321382528592526
Q12706,1,436,S,test,1,0.04546715353664955,0.8851349550146587,0.013128726055844493,0.0030940783186054585,0.0004819644813694393,0.006153309802978211,0.015199871231883412,0.004035439237865244,0.0062015709431152855,0.02110293137703024
Q12769,0,1436,U,test,1,0.07167671051851776,0.9151069150641047,0.00023537294178545599,0.00016690438906858047,0.0001921057893818153,0.0011767905960212014,0.0015959648108981289,0.0038774345091239877,0.004795010785077149,0.0011767905960212014
Q12800,0,502,U,test,0,0.9660247568557073,0.02271872525597248,0.0002815527321522798,0.004624612241076402,0.003353831903075816,0.0001483678514663474,0.0021131705315764115,0.00024461724236326984,0.0003729967468341242,0.0001173686397755513
Q12933,1,501,S,test,1,0.2636165861372601,0.6627320507594266,0.0018042063658869182,0.010923342549111112,0.0008260257717325975,0.01526958649468199,0.023603848615626734,0.0006235170163148339,0.008950265867170164,0.011650570422788937
Q13136,1,1202,S,test,1,0.002876917966675757,0.9859776565684536,0.0012482700835942159,0.0006083582607425691,0.0004556392960389804,0.0003466321074840811,0.0001235954854369211,0.003733932052474045,0.003715744251588483,0.0009132539275113306
Q13148,0,414,U,test,0,0.9981332830375447,0.0002830640947507222,3.584725792097267e-05,0.0002623032863766912,0.0008617408363266296,2.2432641403677293e-05,0.0003386179476297083,1.3187470233346862e-05,3.876012911563981e-05,1.0763298697940327e-05
Q13191,1,982,S,test,4,0.21351384569135565,0.015557783411383787,0.0012499164410437003,0.007597081698616179,0.5042522772259167,0.0023719245683812063,0.000405788468650458,0.00857505985210783,0.24575292659013037,0.0007233960524140802
Q13255,4,1194,M,test,4,0.004981712051304838,3.27889476469395e-05,0.0009323867128742612,0.0006090902133959764,0.987163943878835,0.0029171798441161773,0.000497124934148346,0.000497124934148346,0.002294757458061603,7.389102546848216e-05
Q13324,4,411,M,test,4,0.0021639804940450477,2.697576877798281e-05,0.0003135829908702998,0.0043970492939960715,0.9796386240554009,0.0007066701416189597,3.629986343837892e-05,0.0002922915005896614,0.012331830936182533,9.269495508011366e-05
Q13495,0,774,U,test,0,0.9938578197790102,0.0031880410991760324,7.67535326285104e-05,0.0004149256934745954,0.0012339098845484567,9.457891061996483e-06,0.0010209513322981237,7.55635861179674e-05,0.00011080666655005552,1.1770535134065332e-05
Q13536,0,156,U,test,0,0.6190736094880481,0.03678101928071569,0.006069184085925249,0.041212911324719485,0.24243270571909067,0.03046277440063123,0.007732340817557873,0.003051777272218544,0.010405002758863758,0.0027786748522293917
Q13873,4,1038,M,test,4,0.004322719867195543,1.252704789708514e-05,3.919366436868406e-05,0.0004916720860015154,0.9936497931667861,0.0006077271759885257,0.00010821717274823004,0.0001467642626958587,0.0005913347323506172,3.0050823967824236e-05
Q14149,0,939,S,test,0,0.8645270569731995,0.05191888334900892,0.0005251520621494981,0.0021766947479586237,0.0010281977842193284,0.006810275457070245,0.061655202277416596,0.0009361847362225293,0.005668014280548775,0.004754338332206008
Q14197,3,206,U,test,3,0.0003083506261894018,0.0003453363298441212,0.0002345807774737995,0.9977607327411552,0.0009277849612958065,5.379302519720119e-05,0.00011841629233541422,2.255268052017736e-06,0.0001722946754361456,7.645530302087822e-05
Q14203,1,1278,S,test,1,0.0006096292583209927,0.9948148510017407,7.217270289280037e-05,5.620815969789296e-05,3.9857554084758444e-05,0.00013803391825607586,5.117811417926436e-05,0.0027724852103402408,0.0009982611962450745,0.0004473228842421267
Q14258,1,630,S,test,1,0.08426900515082618,0.8781032466522571,0.007853562992874801,0.0009073420047206222,0.001320174827227311,0.0042950008770437495,0.014830850053821537,0.0033449497524949967,0.002281057467501859,0.0027948102212317708
Q14318-3,3,253,M,test,1,0.0035791443100958694,0.6113983297072525,0.005289631812973614,0.010882806793975509,0.000140963920398845,0.010710161943084327,0.015516756791031898,0.00029379402526205265,0.004542170021408925,0.3376462406745165
Q14508,2,124,S,test,2,0.00018211947324249858,0.00011220054790120068,0.9678069279376806,0.004960939250347267,0.00110261967962693,0.0021960355639803367,0.0005479726782233964,9.301752217732904e-05,0.02276063879376751,0.00023752855305288981
Q14669,0,1992,S,test,0,0.9970395547116584,0.0008245926301003009,3.871765835202168e-05,0.00011833070229845032,0.0006447068279677188,6.126022704754767e-06,0.00125245166827754,2.8326441251715145e-05,3.9327369156427904e-05,7.865968232693244e-06
Q14680,4,651,M,test,4,0.017925899208696198,0.23383269855629357,0.005085945053608044,0.07955757409993448,0.6257687713836316,0.0029898730126787275,0.0011526987483322807,0.004384359279508005,0.027598602286002007,0.0017035783713150268
Q14690,0,1871,U,test,0,0.9962716960798308,0.002528073344585311,4.249027992421086e-05,0.00010765834837824717,0.0005351132475702868,5.573511827018343e-06,0.00038112330349964596,4.967616735842721e-05,7.284528304078794e-05,5.750433985265692e-06
Q14832,4,879,M,test,4,0.0017634452812093498,4.690252890651311e-05,0.000194405582484591,0.00033853724523380665,0.9857880117787612,0.001283879888803737,4.915342971463783e-05,0.00232707765676942,0.008138177570238535,7.040903787827274e-05
Q14833,4,912,M,test,4,0.0005256105755967424,3.493446270162718e-06,3.2631032582246674e-05,0.00014063968927506665,0.9978804598502157,0.0001508843673496748,2.7052076327031902e-05,0.00023598762460800993,0.0009916063853459816,1.1634952429449646e-05
Q149M9,1,1564,S,test,1,0.12656805606605465,0.7283488907589062,0.002127276849045261,0.00034456594273680964,0.008380742267427996,0.002264474408744987,0.00037843162735672135,0.11889968713125028,0.012110835598980171,0.00057703934949693
Q14BA6,1,303,S,test,0,0.6425511552138814,0.24010382265355323,0.0055591569180378315,0.028676311942905392,0.009833146362866843,0.007539334606421552,0.010385872367830354,0.006864642125518425,0.04223622958761075,0.006250328221374254
Q14CX7,1,972,S,test,0,0.7641279274598282,0.23304586313087355,9.882646735368119e-05,0.0012039529890457744,0.00026863820644944237,0.00012889401856053874,0.00042594192753830896,0.0002192560956795743,0.00036149222615387133,0.00011920747851710712
Q15042,1,981,S,test,1,0.15177414837811704,0.664447644484233,0.007675386260146797,0.017569133463719886,0.006413025115769039,0.06339257757770703,0.006413025115769039,0.007210357821037074,0.04445005814630822,0.030654643637192842
Q15070,3,435,M,test,3,9.522556466717882e-05,0.00020317363594086194,8.875998140808241e-05,0.9985514246280996,0.00025583422299000225,0.00024942020444232703,4.2587507620707544e-05,8.788428171367391e-06,0.0002820786602150423,0.00022270716644483472
Q15582,2,683,S,test,4,0.034799009829926585,0.00013230086289869297,0.06048063980495119,0.010428169822654017,0.6302227426497564,0.10697934859052555,0.0032053564456704614,0.002918510254629807,0.14969101663644307,0.0011429051025441687
Q15648,0,1581,U,test,0,0.9952337183885431,0.0017768686006777773,0.00012378490693732883,0.0004286894998617724,0.0014502378236112695,1.3149160672872785e-05,0.0008659766205193261,4.2446008754787144e-05,5.623182390678929e-05,8.89716651493507e-06
Q16719,1,465,S,test,1,0.007449759472161003,0.9083670177867909,0.0006655766482239139,0.020464255955565676,0.0005348058649014788,0.0007196599459257291,0.004495400836501415,0.0008154815698361471,0.007204706156429664,0.049283335763664164
Q16740,3,277,S,test,3,0.0056711415139888135,0.0003211961560201907,0.000175314790858968,0.9917320497253193,0.000928051417312615,3.973404057447935e-05,0.0008072898689963173,4.059087264038203e-06,0.00017807562334291397,0.0001430877763223732
Q16853,4,763,M,test,5,0.15622878988564096,0.005825582766830379,0.03739862735299513,0.0007582035475640188,0.23822045229675448,0.3520670143088413,0.0015802317990533169,0.1929168068967638,0.013866092889536134,0.0011381982560205069
Q16891,3,758,M,test,3,0.00016066311660797554,0.0005247403313571219,6.145912799284389e-05,0.998175886942374,6.542289518723566e-05,6.856260195146453e-05,0.00011042204582172453,1.0270849371428868e-05,0.00026180267007285554,0.000560769419263324
Q17025,2,258,S,test,2,0.00173994758646601,0.0005737738285047264,0.7954078359926959,0.01436356541525473,0.005572910964602157,0.0294289829245416,0.005401450299580369,0.001442467227909605,0.142608766777274,0.0034602989831708265
Q17353,1,1379,S,test,1,0.0003650384940100501,0.9946628128553271,0.00022054385911937812,2.16668650688468e-05,0.00010417753548643334,8.980665089786763e-05,2.235464327003146e-05,0.0029508441618874585,0.00134048133300975,0.00022227360192311708
Q18409,0,179,U,test,0,0.9931363021486302,0.0007507879170693241,0.0004018677926592063,0.0021640069652918235,0.002138795829975072,0.00010003280631914078,0.0010712611422422926,9.108090448917624e-05,8.42360690852768e-05,6.162842423839486e-05
Q18685,4,720,M,test,1,0.0006779413956713636,0.9849152135460333,0.0003227484853810571,0.00014661510883298644,0.000549013702469615,0.0007562982752769904,0.00017410974364892316,0.0039627196401667494,0.0076383418797615656,0.0008569982227574849
Q1A3R1,2,62,S,test,2,5.584910090522361e-05,0.0001860059075002918,0.9884599518143311,0.0015362605552819994,0.0002792279476381517,0.0013868795384404918,0.00030191738407281214,0.00010765195395270686,0.007488253551864331,0.00019800224601289259
Q1ECF5,1,205,S,test,0,0.9190791188823094,0.016101920871325007,0.0010268513511380761,0.012473015032624202,0.030961582233508887,0.0012779371961714407,0.0056385234558749275,0.0006425871355102661,0.01065832183205113,0.0021401420094866743
Q1EHB4,4,618,M,test,4,0.005192000550364624,3.351206481327234e-05,0.00010162408109792016,0.005263472109195449,0.9186454647925436,0.002172818695263479,0.0003895649086602926,0.00740820188206666,0.06059123729106436,0.00020210362493031873
Q1EJP5,2,73,S,test,2,0.00011343949834163353,7.556699922278622e-05,0.9939027345409822,0.0006502542083920141,0.0005327991893530795,0.0009857265303513173,0.0006788038417580211,7.796574404105025e-05,0.0028915582576853434,9.115118987259392e-05
Q1G3I2,0,117,U,test,0,0.9975342178408989,0.0004719116261613973,0.00018052229673742667,0.0006053550545090975,0.0007240730787799163,3.211398706702774e-05,0.00024674470556492996,4.3214094105632e-05,0.000149658221040768,1.218909513492457e-05
Q1G7G9,1,1523,S,test,1,0.006874459297610891,0.9888701539910225,8.789942934345541e-05,0.00016943057595234618,0.0006940885539685625,5.087228720578033e-05,1.6007674550156872e-05,0.002064086999571646,0.001058358721064633,0.00011464246970996556
Q1HG44,5,320,M,test,4,0.010870253341041526,1.7127070042732116e-05,0.00030836537182318575,0.0003308277113446226,0.9633386304635283,0.0017676019512719169,0.00018127863238306624,0.010132190340885883,0.013009989610402485,4.373550727626497e-05
Q1K8F6,3,712,U,test,3,0.00037231696044888853,0.0005589139772369671,0.00039478421771542964,0.9977921109122052,0.00018849688593710213,2.4247176784659184e-05,0.0001743311188352391,5.082484758672998e-06,0.00023005081558264052,0.0002596654504952163
Q1MTQ5,5,396,M,test,4,0.047300657028293114,0.00018159510288580323,0.00040923086280741564,0.00031376817855137786,0.6328758317495572,0.26382188822383296,0.001819772914600764,0.031020530059011203,0.021571393102124223,0.0006853327783359227
Q1MX22,2,177,S,test,2,8.979563477450663e-05,0.00016645482010507325,0.9945407952258729,0.0010602779585755378,0.00015274751362166813,0.00021206894455151463,0.00017719021826922786,4.806413927930079e-05,0.003503784506047264,4.8821038902958734e-05
Q1PFN9,1,564,S,test,1,0.031163103839116347,0.8931044800433041,0.001184953516804703,0.0027984861334857895,0.003025884865119474,0.008257400289820355,0.006818937012930401,0.01912418047783051,0.02593623594744314,0.008586337874145164
Q1T7F1,1,81,S,test,5,0.20545073181236514,0.12054258777228354,0.10954111989204929,0.06156712868654828,0.012099631323671142,0.23555042225290182,0.10596373101196149,0.0017844540118787204,0.08875242762256909,0.0587477656137715
Q20374,1,833,S,test,1,0.07150060830068107,0.6944661751248431,0.009019540799193803,0.0026248360649616075,0.0006533733720686922,0.10241988934112009,0.015402805633538257,0.02874814292067723,0.038912188729985656,0.036252439712930455
Q20748,3,595,M,test,1,0.00043173952559695885,0.9985745049170234,0.00031163057728423015,4.9790990057217954e-05,5.300223398111449e-05,3.642786794909209e-05,2.2442556871522093e-05,0.00013016091668401823,0.00030560308662719386,8.469732792529626e-05
Q22866,1,284,S,test,1,0.016189504550495688,0.43757063517173356,0.026329534348999904,0.0010678134948111338,0.002684482861459577,0.04470065273559268,0.0063399007144003235,0.08994576410344976,0.36275878852683036,0.01241292349222704
Q23255,0,728,U,test,0,0.9909591561986824,0.0075660663303869155,7.189297513680122e-05,0.0006090481415331802,0.0003389863608669336,4.429198012292204e-05,0.00015950154210919175,6.149332284387513e-05,0.00016585536086362147,2.3707787454249392e-05
Q23498,2,618,S,test,2,0.001119654966249487,0.0010194574740983724,0.8843877519748583,0.02000201828871661,0.0022617652814178974,0.009772032339095018,0.0032398291969885917,0.0005206878995988472,0.07373817186432706,0.003938630714649781
Q23917,1,793,S,test,0,0.8473431209070178,0.13199060751968827,0.0011242382117648924,0.0024555622780945735,0.0023248793312487166,0.0007726769308993017,0.004845464919701389,0.0048265739731751765,0.003686235406478309,0.0006306405219315624
Q24142,0,601,U,test,0,0.9990642850383178,0.0001586225582327939,4.034175145988606e-05,4.9043094796416754e-05,0.00038125966211946706,1.1648755603647326e-05,0.0002437080155900278,1.2400036439893153e-05,3.588069441763833e-05,2.810393022424489e-06
Q24JJ9,0,361,U,test,0,0.9095890496359897,0.01744537194466943,0.00637290494879234,0.0009849817570381542,0.00536652396299148,0.008813407954827516,0.02067268363041964,0.0020528784533019387,0.027200279841162054,0.0015019178708077464
Q27249,1,256,S,test,5,0.007571306994201751,0.23188483663766973,0.041574656871389774,0.0004954956810206154,0.0005614701063991603,0.3144824497896286,0.038188323294094516,0.00964609624547001,0.1764086630018702,0.1791867013782557
Q27289,2,259,S,test,2,0.0030528245518367993,0.0004755383346014812,0.8464636004745775,0.015655665456115523,0.004140244058344702,0.018196395514365075,0.007181698790830504,0.001397684863660711,0.10109566622859176,0.00234068172707603
Q27511,0,140,U,test,0,0.9986039507394953,0.00012915180654983913,5.5983165100153156e-05,2.7931037490742845e-05,0.00013273202863016068,4.394169230665445e-05,0.0008895147040053923,2.8817663814339758e-05,7.076935088809309e-05,1.720781171932578e-05
Q27908,2,447,S,test,2,0.00385068523755203,0.002730544751069163,0.6083504845583275,0.05861012340809641,0.006601610817981336,0.08628245006165633,0.004717958386485477,0.0008864780671873643,0.21691404674695686,0.011055617964687545
Q28298,5,1534,M,test,5,0.023949226382392597,0.0010278800843871567,0.0028603272430238694,0.0005088375582372459,0.0008005137834635734,0.8118970435606963,0.026406027587464267,0.11160864812322346,0.012452025012915357,0.008489470664196178
Q28388,2,180,S,test,4,0.008660244532752477,0.00012450062349769005,0.35413581050387677,0.005071246945817571,0.5571338394185816,0.004253769175832626,0.002122284319682581,0.0021726127629023042,0.0660223269841451,0.00030336473291128486
Q2HJF1,3,112,U,test,3,0.004245758847473727,0.002495952950278766,0.00017939919617241822,0.9913281680010081,0.0003223219596611921,9.98506841688547e-05,0.0007523541418536978,3.450747537678317e-05,0.0003431099473937416,0.00019857679661275144
Q2KIX7,2,212,S,test,2,0.0003400877683072237,5.5085757283951935e-05,0.9903029580128917,0.002717122375390896,0.00226139016097534,0.0010516440728591655,0.00021957716185430122,1.933691922122975e-05,0.0029609523989119107,7.184537230425257e-05
Q2L4Q9,2,553,S,test,2,0.003715012060409001,0.00029098225612840604,0.3789415431624444,0.025900867329304085,0.07698664215711365,0.14609498063644039,0.004999095203512356,0.0015978068417452065,0.3559826382206708,0.00549043213223173
Q2M2Z5,1,673,S,test,1,0.205485504006452,0.7516347625482153,0.0020784562996597686,0.019338428612819664,0.005540552445540825,0.0009665720100590485,0.0006540153286222531,0.0015206312243755311,0.010351115644286146,0.002429961879969472
Q2PFD7,4,1037,M,test,4,0.11145858738077986,0.06707695586570901,0.0014819230953112793,0.015143318389622587,0.7676551611868043,0.008527878309521408,0.0022952474144094966,0.0053784658709610765,0.018956913738596076,0.0020255487482848935
Q2QX40,0,465,U,test,0,0.997605608080031,0.0006252260768290862,4.123812747519052e-05,0.0003059034418343062,0.0008782725717613628,7.870434604978891e-06,0.0004888323241968414,1.2576919274029058e-05,2.8342523100077883e-05,6.129500893208673e-06
Q2TAA5,5,492,M,test,5,0.17636615175967552,0.000404314291735789,0.0018695303567845343,0.03155900829312084,0.03500093097748913,0.6975416589005077,0.02896017476048071,0.0049255564699375864,0.01568398955713535,0.0076886846331328754
Q2TBR2,3,149,U,test,1,0.0003144311832217701,0.9861329967575521,0.0002536414293997511,0.011480686456959639,5.516792140779774e-06,5.9311104585797056e-05,0.00034940580987026434,2.4341227318719122e-05,6.616631551973663e-05,0.0013135029234315244
Q2U1F3,2,377,S,test,2,5.812838293780735e-05,0.00040984503253470365,0.9816882773653118,0.0014417192384108646,0.00022633791672932828,0.003149004431024082,0.000634780377358166,3.753050549862069e-05,0.011340000612553679,0.0010143761376409377
Q2ULM2,2,496,S,test,2,6.899067084966186e-05,0.00031776591471673683,0.9965915119414572,0.0003395839518472801,6.899067084966186e-05,0.0005913504075627283,0.0002583418554434142,2.0714754503755188e-05,0.001601190174888808,0.00014155965788074988
Q2VWH6,0,458,U,test,0,0.9969586151213256,0.0005745937347787179,5.903258340683425e-05,0.0002729638985388737,0.0009753311188294792,4.121138180977873e-05,0.000990690317970185,2.832414227462548e-05,8.724450493558456e-05,1.1993196130417832e-05
Q2WFL8,5,288,M,test,4,0.03611636666459593,0.0001940156724268367,0.0006986772315063654,0.0002958385556665326,0.7543139137610732,0.016215457242879486,0.0009401729674368811,0.1709606859046495,0.020023415597663068,0.00024145640210221456
Q2YDF6,3,325,U,test,3,9.679659436486895e-05,0.00016170851726547954,8.952221583626123e-05,0.9992890079419202,0.00011929461865634077,1.1834858594078949e-05,3.267709234795153e-05,4.588872727123153e-07,0.00011360960754062924,8.508966620147002e-05
Q32MW3,3,439,U,test,3,0.0002916967183229677,0.0003539210981365757,0.00012868342597940346,0.9988765846294066,8.948526637256521e-05,1.1646566653063068e-05,2.8825530612601667e-05,1.8717737658797539e-06,0.0001291870678621584,8.809792288810562e-05
Q32NK7,0,271,U,test,0,0.9987816624306373,0.00015102062297350934,2.315976417354733e-05,8.146951675684055e-05,0.0005677238942596701,1.3614923616309809e-05,0.00034501514372602354,6.953822231573268e-06,2.6656725553211357e-05,2.7231560720503543e-06
Q38819,0,450,U,test,0,0.9975800686253578,0.00018772210407788049,2.2072613609124826e-05,0.00016893160627572427,0.00036610912415642173,1.517027183660097e-05,0.001609051587295212,1.6661283102658285e-05,2.5011549733345886e-05,9.201234555271018e-06
Q38898,5,802,M,test,4,0.035811282986168494,0.0007668323877358654,0.0005188647234254203,0.06434121780375546,0.6863501723907552,0.07522250773217244,0.004771391434361855,0.0023620100884396474,0.12795779213274894,0.00189792832043662
Q38998,4,857,M,test,4,0.0010219219233245775,4.234484235271024e-05,6.258162080350938e-05,0.0010461561021930202,0.9928616231602821,0.0012520848060355177,0.0001524896298708174,0.000296236788737032,0.003234999663880089,2.9561462520543787e-05
Q39002,6,624,M,test,6,0.001150701305847149,1.541940757118747e-05,1.541940757118747e-05,7.472030083803343e-05,3.9068417929300155e-05,0.00033097175604649993,0.9982428502401959,2.4258129879761538e-05,1.8892251227457963e-05,8.769878289355536e-05
Q39044,8,486,U,test,2,0.0025277008697762093,8.515221717391209e-05,0.4454946155700066,0.01148431342761871,0.08636307424557785,0.08910453042125284,0.003945685664513663,0.0004824201422139339,0.3579649815074038,0.002547525934462498
Q39119,8,494,U,test,2,0.000889635316622573,0.00029799051849451955,0.8088037958171184,0.006396254534195738,0.028111572040100532,0.07067248289244252,0.0026559605050260893,0.00023572990266766705,0.08008241924407077,0.0018541592292611933
Q39238,0,688,U,test,0,0.9966757130070915,0.0016847429200773016,5.631329837841468e-05,0.00019350545141903758,0.000377388244177232,3.2086350644881184e-05,0.0008051970171591668,4.5249006793539574e-05,0.00011464818540797472,1.515651885096979e-05
Q39250,1,139,S,test,1,0.010803605408447178,0.5455284703902453,0.270056157769757,0.1108308357787174,0.005432394322432728,0.0036187546721754096,0.0036187546721754096,0.0017914135206427856,0.03990575663298394,0.008413856832422833
Q3C1E9,0,204,U,test,0,0.9668573097706469,0.010082674789078688,0.00214829820380714,0.006277310089459556,0.005214246753625939,0.0036686809967880103,0.0020659979216760232,0.0004719184632077773,0.00284603254373674,0.00036753046797326065
Q3E705,0,233,U,test,0,0.9978291821964641,0.0004932581426617862,3.528074527845187e-05,0.00024394216193169072,0.00041253528936999434,4.390759757250042e-05,0.0007813268793957624,2.7050685530988225e-05,0.00011658841460260075,1.692788719210515e-05
Q3E754,1,87,S,test,0,0.6752953180161689,0.03388466437344726,0.028342821740038462,0.003831571806584665,0.005662695711721486,0.22268875757282017,0.014070161201296214,0.000984028949051291,0.007619990314435791,0.007619990314435791
Q3E769,1,90,S,test,0,0.9957402624946707,0.0006721357938236564,0.0005400762784401637,0.00050735472257525,0.0014132177531331748,9.720933427629212e-05,0.0006096007952955375,8.058937215899288e-05,0.0003137955484190235,2.5757907207222872e-05
Q3E785,3,79,S,test,3,0.003197191624911241,0.002911076048890651,0.0030747091979972554,0.9889539817286636,0.00011645769369749226,0.0002446223308356516,0.0002446223308356516,2.8988613017988667e-05,0.0005260206705435399,0.0007023297606069811
Q3E792,1,108,S,test,0,0.9108432726851844,0.04606234452220953,0.005566211172538312,0.000424219538661543,0.0007445285118597507,0.009043680106260563,0.020924764696470245,0.0006269558522812355,0.00397799193129334,0.0017860309832411349
Q3E7B6,8,73,M,test,7,0.0037730011465012007,0.0027820366416748533,0.008081596610021108,0.0011779884030335501,0.0012937671696816504,0.27078042323236345,0.011920520495808076,0.41939292734824185,0.2750445992642288,0.005753139688445417
Q3E7X9,1,67,S,test,1,0.011178765157140554,0.9829698173923686,0.0006926474559555106,0.003463019583113224,0.00018210503504479655,2.7067498841058894e-05,0.000260853427321211,0.0006661125608804008,0.0003885400297387384,0.00017107185959599268
Q3E823,3,68,M,test,6,0.015788511464907482,0.00035017887014613964,0.03076183073566456,0.048632038033953474,0.10255263945542764,0.18862317989654404,0.5947783273103413,0.0014743081208562672,0.010114500692603388,0.006924485419555717
Q3EBR6,6,529,U,test,6,0.0026709454509000847,4.25024968268839e-05,1.9765496002879165e-05,3.133937669590988e-05,2.4598556457166753e-05,0.0004940751979083779,0.9965581611494649,3.8698964398519425e-05,1.180251675431526e-05,0.00010811079459094773
Q3EDG5,7,500,M,test,5,0.001074887335667923,0.00012837699485377375,0.00019575153222446811,0.0014865152621178707,0.000683239945325203,0.9772239825213652,0.0012517713350102132,0.002916145574780871,0.01192295911840098,0.003116370380253474
Q3KQU3,1,841,S,test,1,0.029473974408671104,0.9609118409178826,0.0001985940847505743,0.001833384917504145,0.0021518333163721647,0.0002321800059444735,9.092299749143663e-05,0.000548335823397232,0.0041701052007000715,0.0003888283272861311
Q3KRE0,3,591,M,test,1,0.10704251514603781,0.7258102389882919,0.011640333718247289,0.003157525363398048,0.12129505877629404,0.0023464735429461134,0.0011798810596353182,0.007633917596202462,0.0189310649949459,0.0009629908140010665
Q3MIR4,4,351,M,test,4,0.0083487503579997,1.869590479161118e-05,0.00014705469025529685,0.00019179546758826355,0.9574747080840279,0.022168543661420858,0.00015900403835104171,0.0017810264881763785,0.00960935219432103,0.00010106911306797145
Q3SY69,3,923,U,test,3,0.00076433180013353,0.0005792060250915127,0.0002198418091509258,0.991496556784419,0.0034794411878570266,0.00040120428476780385,0.00040120428476780385,9.145122683952515e-06,0.002168890047353843,0.00048017865377460075
Q3SYS1,3,178,U,test,3,0.0003780258386293506,0.0005966814892757786,0.00021921230505587226,0.9964116147928849,0.001751391205199384,2.03899197435965e-05,0.00031156351694318476,8.11055082462298e-06,0.0002158137489331502,8.719663251018245e-05
Q3SZX9,1,391,S,test,1,0.0034739323745097443,0.817478593714349,0.006241525962686246,0.002350580170144265,0.0002536245436414739,0.07906633582127343,0.004785544218789323,0.010555164843957786,0.05739600932218538,0.01839868902846327
Q3T0L3,3,172,U,test,3,8.524275730751992e-05,0.0020174015644042324,0.0001815193901399659,0.9971840598301682,5.503686058196088e-05,2.423240162596308e-05,6.484926264895825e-05,9.106839354998518e-07,5.418359067110334e-05,0.0003325636585166056
Q3TA38,0,339,M,test,5,0.0071696938514841406,0.0025764832976494455,0.0002673492297378279,0.0005316873773120842,0.0036334237777257464,0.5226570132646086,0.025819058299639024,0.37645573710322583,0.05551970127756189,0.005369852521055378
Q3TRM4,5,1355,M,test,4,0.05647064416066362,0.0008375982963902938,0.00025149261625509234,0.00097925175323557,0.5748064778770733,0.07840172489182276,0.0004211709065122269,0.27151934709036807,0.01533304065444351,0.00097925175323557
Q3TTA7,1,982,S,test,8,0.10101046273952025,0.19622982810660838,0.0017379809512102888,0.0018213883310458593,0.1639561658614505,0.004268069377915448,0.00035865264133238395,0.07654512003507345,0.4526974758565773,0.0013748560992661181
Q3TYA6,0,858,U,test,0,0.997388528168937,0.0010468287862909563,5.252730653744878e-05,0.00014112054063828626,0.000754002497766864,4.924120530134535e-06,0.000528438761351532,3.7539574356591477e-05,4.1878420117364645e-05,4.211823473891738e-06
Q3TZW7,1,114,S,test,3,0.09575889791326997,0.007984151575765607,0.10435212983004352,0.490117934740411,0.25032772023770056,0.015510559943334327,0.004584912930964896,0.0011592474245653746,0.023375238658626195,0.006829206745318559
Q3U1F9,4,429,M,test,4,0.0186277058795259,0.0008849492107398698,7.612716919195363e-05,0.0006474426187247071,0.926023822413098,0.005835765300506609,0.00011076438150400831,0.02862663321633384,0.018921048289166624,0.000245741521208509
Q3UH93,4,1925,M,test,5,0.010700051732582205,0.00011794180683149274,0.03763976669282325,0.011191677407487041,0.3461288236326513,0.5196009163558429,0.008204013869146733,0.0011911700651747095,0.06303474145894356,0.002190896978516753
Q3UMU9,0,669,U,test,0,0.9952657257823715,0.0017088527434439929,8.375975202742358e-05,6.998389203965774e-05,0.0011976406448565959,1.0082135041826821e-05,0.0014673800364460021,0.00011096363761368807,7.930213711330105e-05,6.309239046049616e-06
Q3UNX5,3,580,S,test,3,0.00015208495006650616,0.00029516223706455437,4.460637091745571e-05,0.9979931769988191,0.00010700512539322443,0.00019451960808372312,5.5513527893150954e-05,2.4012795549798074e-06,0.0004871157317579847,0.0006684141704494061
Q3UPP8,1,700,S,test,1,0.029338401973437005,0.7776223831562572,0.006270953770081336,0.002916264510965647,0.006007206482873609,0.0010644849135750664,0.0005269582490405951,0.15798356752066975,0.016249741971120574,0.002020037451979276
Q3YEE8,2,61,S,test,2,6.264232838324645e-05,0.00018126157569763976,0.9784169316425342,0.003406821143745126,0.0004775606561716884,0.002835408240740313,0.00045569154559914094,0.00013470217505653944,0.013633069018857226,0.00039591167321491956
Q3YEE9,2,62,S,test,2,3.6949841548844934e-05,5.904567722886022e-05,0.9971797571191705,0.0003797979483292717,0.00021263165623142686,0.0002390681936645168,0.00015196099571574887,3.1604875735506726e-05,0.0016594622458766565,4.972144649871342e-05
Q3YEH7,2,61,S,test,2,0.000538901340400092,0.0009167019861324965,0.807769853693912,0.004728709108081127,0.0012727147487887511,0.09350615266301013,0.005464012923552,0.0010226549994136528,0.0751343033412213,0.009645995195488456
Q3ZBF7,1,160,S,test,1,0.25125778088495737,0.3461222401166266,0.01907454086396085,0.2493025100891787,0.02046399407184581,0.008268200913171658,0.01907454086396085,0.0008059705841761674,0.0736936788596861,0.01193654275243591
Q3ZBI7,3,58,M,test,3,0.009330081459196532,9.96771627647486e-05,0.0030054619725379543,0.9742629597255604,0.003478319854498566,0.0015837671152494908,0.005357814852917748,1.5771215825290113e-05,0.002135358198136985,0.0007307884433122442
Q3ZCI1,3,114,M,test,5,0.002022558205343797,0.0003301735602485474,0.0010170060375828292,0.007354988162987883,0.001922414260585697,0.9539517638355243,0.019644564401799475,0.0013058616495412359,0.0042775763704612476,0.008173093515924998
Q40161,2,630,S,test,5,0.11161235933660449,0.0005545181444867322,0.05997561033186362,0.0006901089350603195,0.07039302722314059,0.699922217421374,0.01242510718804902,0.020920202536668316,0.02296092777711719,0.0005459211056358206
Q40424,6,503,M,test,6,0.004196931031265945,7.567772902772632e-05,2.0368382949535688e-05,4.0825066928137e-05,2.534886184970956e-05,0.00017849114427004054,0.9953590876342859,1.2162516331745847e-05,6.020882264489722e-06,8.50867508267272e-05
Q40983,6,1257,S,test,6,0.004003657224512874,0.00011536355871012579,4.243988068034178e-05,5.039860727156635e-05,2.3437528638497424e-05,0.0004856987163307194,0.9950900566046841,3.253978662122911e-05,1.561276152846952e-05,0.00014079533102207727
Q41738,6,354,U,test,6,0.002589185832451759,0.00017228289564996297,2.2400847987423792e-05,5.127605375627501e-05,1.1089223719768251e-05,0.0002604013011006787,0.9967186575238589,1.588457887313302e-05,8.113049787226066e-06,0.0001507086928148221
Q41739,6,354,U,test,6,0.0022508177803865176,9.110544472954491e-05,1.6918772830455108e-05,5.59096086430796e-05,9.79183445630549e-06,0.00015205230472424363,0.9972919409571145,1.4699284532925984e-05,6.224068815923504e-06,0.00011053994376647359
Q42191,3,429,M,test,3,8.871617866115484e-05,0.0002633102499941422,0.0002674567606263456,0.998058641251579,4.391769738081258e-05,0.00014176805269706672,0.00037717449191610673,4.628891229895649e-06,0.00018928518501647756,0.0005651012408989961
Q42290,3,531,U,test,3,0.0001021005097032829,0.0007783743898061785,8.87064537964901e-05,0.9979491973937894,3.314718244486079e-05,9.496826488194303e-06,0.0004890007037481936,2.1190283256462926e-06,6.643806505467618e-05,0.00048141944684307466
Q42342,5,134,M,test,5,0.14106769191397464,0.004827070752552501,0.01598267926544062,0.0012015529804592878,0.001950312895493425,0.6943595080398582,0.10900866468826699,0.005019359518438657,0.021070471897758302,0.005512688047757368
Q42512,6,139,S,test,6,0.0014649792556048996,0.00047006808056344646,5.172009009395674e-05,8.460842152664942e-05,2.7468331938759135e-05,0.00018300586065243262,0.9975263064509475,3.0643138084369525e-05,1.6147799568635276e-05,0.000145052571019297
Q42599,3,222,U,test,3,0.00010115765704320907,0.0021969058341485184,0.000153645653533036,0.9964883941368006,2.3106588382167283e-05,2.0391491546790466e-05,5.4145790990858246e-05,6.72440031845738e-06,0.00014099316840253566,0.0008145352788338919
Q43386,0,204,U,test,0,0.9966244803258734,0.00043223319821543237,5.457791328866804e-05,0.0005202601289249023,0.0013018014658551346,1.8281312263379708e-05,0.0009598881722113132,1.976681144804122e-05,4.595921240901667e-05,2.2751459510727835e-05
Q43725,3,430,U,test,6,0.005127180978462951,5.105667559301658e-05,3.509070446642865e-05,0.0013638849215928813,0.0003329313268410587,0.00035788145705504507,0.9924542879432283,1.352867190687125e-05,3.9762974908166406e-05,0.00022439434594526638
Q49B93,4,619,M,test,4,0.0045903382132200694,3.430272132659046e-05,9.771935105452724e-05,0.0038353710948891033,0.9403192044961913,0.0010546939716799617,0.00015861417746474872,0.006511456499346975,0.04329747817195931,0.00010082130286742141
Q4JL84,0,235,U,test,0,0.9971523121028653,0.0006273879203930532,5.8128656956954775e-05,0.0003223215016181663,0.0009793387578280756,2.500082529945944e-05,0.000733490789184254,3.0156750092861214e-05,5.5466754547052715e-05,1.6395941214875276e-05
Q4R1C4,2,892,S,test,2,0.0004684796887373269,0.003922532665100011,0.7592738647817052,0.0073282558220001655,0.0005145243337059622,0.11463320669713699,0.032460334705881784,0.00020466363049282058,0.05630593957032583,0.024888198104913918
Q4TTV7,2,274,S,test,2,0.0029291393627722145,0.00024422477909328335,0.762962328312509,0.04270842187237511,0.012260090377354345,0.030166737715480337,0.002906344542874058,0.0006044620900870629,0.1433563767031602,0.0018618742442944214
Q4W6B5,3,469,M,test,3,4.160732171822746e-05,0.0004455768991987619,0.00019649642634799749,0.9987038817067915,2.108556239241491e-05,1.775582392494075e-05,6.101309825363967e-05,1.5037523538561533e-06,9.413052302274609e-05,0.0004169488859959522
Q4WZ11,2,87,S,test,2,9.85360977169796e-05,5.192487552838047e-05,0.9936824412909713,0.0003733268005994837,0.0026841259738330306,0.00042969652197541745,0.00010489112970084366,3.858729299765027e-05,0.0025018805929268037,3.458942375017864e-05
Q4ZJN1,2,333,S,test,2,0.00025211582308906546,0.00010346812297925298,0.9802016298783096,0.0013789910144187594,0.0007410095764896791,0.002673695010254974,0.00036397167701057275,7.810183635417514e-05,0.01387301787559818,0.0003339991854957743
Q500W4,1,213,S,test,0,0.9583592808677919,0.02849127123982573,0.0004064061495119141,0.0012616371297357834,0.0028992193258251817,0.0010791355338122656,0.003986050260536569,0.0016454850490618335,0.0012518191285826085,0.0006196953153162938
Q501B2,0,409,U,test,0,0.9965533576031144,0.0004696095974461863,7.229883017355568e-05,0.0006981165888403345,0.000480746062378607,3.6354135079650534e-05,0.0015948866222741716,1.4688398463621576e-05,3.809880794980038e-05,4.184335427972611e-05
Q53EK2,0,232,U,test,0,0.9964736554953012,0.0025484178902858085,2.8756186503252658e-05,0.000437689266416878,0.00020514083208326373,8.908251805449149e-06,0.0001404414133393797,3.309817261366859e-05,0.00011552396403942647,8.368527611667404e-06
Q53HC0,1,331,S,test,1,0.008038967810506718,0.8890124518133966,0.006781068599038396,0.0001753206443983467,0.0022914246549631287,0.0009778599442224758,0.0005152960051145139,0.07890433781474009,0.012076761517492022,0.0012265111961277278
Q53R12,4,229,M,test,4,0.007183312030333438,3.1990960307921084e-05,0.0008512478678751742,0.00046281540385606675,0.9335066173110096,0.0017950660691971102,0.00024388659668661677,0.0340029755851232,0.021783125791608703,0.0001389623840022089
Q53R41,3,847,U,test,3,0.00013826623123756724,0.0006166479406495015,0.00016291743513247584,0.9964891879340243,2.7439774401584395e-05,0.00015545690176290284,0.00016291743513247584,1.0253494006740359e-05,0.0007387520015245912,0.0014981608521278413
Q53WJ1,0,1238,U,test,0,0.996410506912333,0.0014406535729899824,3.992148359536351e-05,9.880661713644168e-05,0.0005299867891933728,1.4234442657007477e-05,0.001353368733945261,3.5785388770595195e-05,7.061390172907164e-05,6.122157649879232e-06
Q54ER9,0,602,U,test,0,0.9942229913858804,0.00023835932223067386,0.0001813341974379923,0.001072433355811896,0.000858364918306596,0.0005520414189916723,0.0023151199173986206,3.102262572331856e-05,0.00036062612102246897,0.00016770673719637564
Q54J33,8,407,M,test,7,0.019298183278938875,0.000851221578348218,0.0017465933193481036,0.0005850354936686997,0.08093162826709878,0.13239531547299146,0.0011276853317624162,0.5750990056544645,0.18670730755765183,0.0012580240457271134
Q54JH4,8,388,M,test,4,0.04604586397735537,0.00024352162020639865,0.003779674958207979,0.001126032625764756,0.33235393593238655,0.18069770191993986,0.0010414099825492434,0.23202042821303615,0.20158285566931972,0.0011085751012340347
Q54NL4,5,403,M,test,5,0.004299100467930697,0.00017148251452322262,0.00018254218712484963,0.001058696649457391,0.0006421319414220151,0.9700533246754729,0.002656369868161706,0.00656174980407584,0.010363484492196031,0.004011117399635357
Q54QR9,1,584,S,test,1,0.0008325552233299578,0.9273854328470278,0.003142030651599329,0.00830243552832768,0.0004670211545327417,0.0033446740871682333,0.00036371641831915675,0.0027945796060869573,0.03404495212962924,0.019322602353978906
Q54RP0,1,648,S,test,5,0.020220211802640393,0.07175691790226328,0.053743443387278496,0.00029555412811873113,0.000403974604121633,0.551337270126781,0.118307149458152,0.002436278744464112,0.030771979762273395,0.150727220083907
Q54RR8,1,254,S,test,0,0.713320566092796,0.22799095505267603,0.0030077158362139247,0.03870111449880603,0.003031305536988832,0.0017681450121114321,0.001072434056016535,0.0003270739183775241,0.006857889254328903,0.003922800741684749
Q553Y0,8,368,M,test,5,0.02418349116573102,0.00013561658807864687,0.00173143646112915,0.0005709671513109408,0.07776091222336683,0.7320336079471226,0.001247106930814348,0.08277606191950888,0.07837080184787293,0.001189997765064625
Q553Y1,8,369,M,test,5,0.017144241234285307,0.0002279451688328001,0.001751394557991383,0.00027928426993251566,0.030802623866457213,0.7699687242080151,0.000680518600995031,0.12374523856123881,0.05448429166711753,0.0009157378651343215
Q55D99,1,1197,S,test,1,0.05506222245307306,0.9168683113265509,0.0013570847524131996,0.005304842860734756,0.003130761671767584,0.00012821636750763604,0.0006718056553692231,0.00488704975351296,0.011978019102674297,0.000611686056396371
Q55P57,2,624,S,test,2,0.0016588486789572846,0.0013752339336895038,0.3526580196621297,0.0031726312874433894,0.0015103988805874671,0.3210987893248356,0.04905011728727794,0.0017115061253903435,0.25401006308057633,0.013754391739112507
Q569K4,0,471,U,test,0,0.9975747201461475,0.0009239956547885702,3.418655205194782e-05,0.000222924317120683,0.0006893427402859491,1.3387645929959687e-05,0.0004737778658013381,2.2072496227646164e-05,3.639139660669946e-05,9.201185039802967e-06
Q569Z6,0,951,S,test,0,0.9976345057214137,0.0008921292490884033,8.730364987718806e-05,0.00037371513178428395,0.0005058439419080066,1.1815263979449819e-05,0.000417775443476474,2.242143132443129e-05,4.3899032838921375e-05,1.0591134309219056e-05
Q56WN1,1,356,S,test,1,0.00010118153894676065,0.9967236513072449,5.631600621827976e-05,0.00010277491555096556,6.318481074609061e-06,5.8103669092183015e-05,0.00021170580092511938,0.000162955761525644,0.0001635935574559583,0.0024133989619655465
Q56X52,6,351,M,test,6,0.004459128021282097,4.37157537631831e-05,4.171386465942916e-05,7.264038558303637e-05,6.0693308590315264e-05,0.0016149891525976993,0.9934693949432564,5.11088954785598e-05,4.876844509969313e-05,0.0001378472296896726
Q582G4,1,390,S,test,0,0.9976973874325331,0.0009386618466602662,6.14296642477029e-05,0.00025313131333553636,0.0006787389234538155,5.409763094898165e-06,0.0003053346655917259,1.110011341651262e-05,4.459315007652419e-05,4.213127589940373e-06
Q58A45,1,887,S,test,1,0.2568435661704708,0.7091677991749817,0.0013690159343378613,0.005763772130625834,0.010747133108273492,0.0017855333555991748,0.0006366515438006756,0.0023839997964026174,0.007371977340575303,0.0039305514449325014
Q58FA4,0,860,U,test,0,0.9857001276297411,0.006852421889876811,0.00015619533906503669,0.0020579725910436597,0.0023155359019100675,6.61372758177151e-05,0.0020429547817405027,0.00021018381752202833,0.0005161616121485433,8.230916113452899e-05
Q58WW2,0,860,U,test,0,0.9846095520210976,0.012013069244384417,0.00017135723909399096,0.0002869693758679139,0.000817499645093006,0.00015122221827652593,0.0012081861158233199,0.00015360362481462418,0.0005075970895407971,8.094342600779163e-05
Q59E36,0,590,U,test,0,0.997116851237678,0.00034109275889729937,4.526903676607837e-05,0.00022721677093837995,0.000650448600294908,5.460487774576268e-05,0.0013864450141041391,3.311953521393228e-05,0.00011833987601131105,2.661229235018333e-05
Q59L72,4,384,M,test,2,0.0007333140802197393,0.001402499970752108,0.8297038591371602,0.002461463942843355,0.008983900035302885,0.028390904427645053,0.0009714832782101882,0.0013175268044903243,0.12526654171962537,0.0007685066037508493
Q59NP1,4,251,M,test,4,0.004817990554961176,5.017464473594365e-06,0.00010561492462788753,0.003723054655690118,0.9850273780510873,0.0016028303155033367,0.0002696971563639144,0.00022358679955543066,0.004153367442240963,7.146263549621333e-05
Q59SF7,2,346,S,test,2,0.0018724703534199348,0.0005281545155391886,0.9255458016124402,0.0009867224672218244,0.0011268725523680186,0.017018311637037358,0.000941537196411182,0.0014697188367218087,0.04905212933243945,0.0014582814964011182
Q59WG7,5,322,M,test,5,0.0029758341836473028,0.00028005846605406125,0.002688442018268001,0.002281651276722768,0.0008762254966231741,0.9760298344890955,0.0033654823040667665,0.001562040703374688,0.00753992254048425,0.0024005085216635045
Q59YT1,4,504,M,test,5,0.016942996261319346,0.00038244855342567835,0.0012540004696105465,0.0040479632173336935,0.03234109958952207,0.6395174269856003,0.02660306420588442,0.025784575009555343,0.24655593268483372,0.0065704930229148
Q5A6P6,4,509,M,test,4,0.05498971867375175,0.0002586631198918414,0.0013552978825350547,0.007045989955170463,0.35857800153297065,0.29266283327469567,0.018204657616816975,0.029005857592268997,0.23516120347144492,0.0027377768804536387
Q5A960,0,833,U,test,0,0.9955507109644735,0.0014793122513487205,6.78501282423061e-05,0.0008428867095899596,0.001207379458446045,1.9745514793580893e-05,0.0006751323541144279,5.0421936732458396e-05,8.71212942745905e-05,1.9439387984432838e-05
Q5A961,1,690,S,test,8,0.13781847162409477,0.1351528177794279,0.030393192771026437,0.01391501735087497,0.03767747087536358,0.27301618660253424,0.010022611431945945,0.012184395545604791,0.3191882693707069,0.03063156664842044
Q5AB48,2,358,S,test,2,0.0008231678566270657,0.0001640020502145479,0.9875712459887082,0.00037540443256505986,0.0036747996006527917,0.0004934598142249746,0.0011608527351410407,6.422412158463906e-05,0.005603400561684134,6.944283859764004e-05
Q5ABZ2,0,534,U,test,0,0.9932750408679165,0.002233012171733803,8.424783820689625e-05,0.0010591871260781033,0.001119544177233097,4.439549179320816e-05,0.0019025500901774157,5.525108121819521e-05,0.0001715200744245469,5.525108121819521e-05
Q5BD29,2,555,S,test,2,3.1133662966469816e-05,3.935663386521366e-05,0.9977814685427394,0.00013262270831880082,6.539704276175067e-05,0.0001112441255798314,8.331799580987219e-05,1.2579135891938601e-05,0.00171317220573735,2.970794632931562e-05
Q5CPU3,1,152,S,test,1,0.003803845378794752,0.8675733279652897,0.002307148911860348,0.00041689328120512743,0.0005270024959556578,0.021299184207626772,0.008068484120543831,0.04456505761867503,0.01054386089190514,0.04089519512814358
Q5D869,0,1976,U,test,0,0.9971215938282837,0.0008343813170976834,3.752952423634815e-05,0.0006644152041521334,0.0007969501165342906,3.6947683979045775e-05,0.0003117855274568373,4.0579093325328265e-05,0.00013409727907425759,2.1720425860346938e-05
Q5DTL9,4,1118,M,test,4,0.009673621998007028,4.843792847542307e-05,0.00012563843641479012,0.005491716072442768,0.9125819388319207,0.030266086129312215,0.0018900255979434253,0.0007343848368435118,0.03855999756777379,0.0006281526008663249
Q5DW34,0,1296,U,test,0,0.9991163920875877,0.00027305424127838275,2.210660636852716e-05,0.00016462810672835513,0.00024000077262232146,1.5675932930989414e-05,9.020875865839979e-05,2.0767237135486563e-05,5.1399403446756045e-05,5.766853243036125e-06
Q5E930,4,385,M,test,4,0.0050765936008363224,1.903840485376132e-05,0.0004541071724240386,0.0017960286512523453,0.7593425334935513,0.12789414524301426,0.0010074807561285199,0.004258254443476283,0.09960406040933714,0.0005477578251260529
Q5EA95,1,429,S,test,1,0.057723408553609516,0.9100279503865982,0.0008972688516599089,0.004503620467235734,0.0010327501553719243,0.0019598154514014203,0.002596333473372491,0.003576600573183207,0.016281635091359548,0.0014006169962079709
Q5EU90,3,539,U,test,6,0.0019876273844429285,0.0012634128224782483,0.0021744709407025614,0.0013035178990286743,4.638074614111697e-05,0.13611554482139582,0.8469394061292639,0.0004870890185974029,0.001248693619100001,0.008433856618849348
Q5EXX3,0,1203,U,test,0,0.9951638315736536,0.0014501359458001276,5.711333376462911e-05,0.0008782644695935998,0.0019211181875365148,3.105198361538031e-05,0.00029461298619668863,2.8273151942411898e-05,0.00015646779605811006,1.9130571838959463e-05
Q5FW60,2,181,S,test,2,0.015915301728429188,0.0006992695833628562,0.5108270376521963,0.011643884595226472,0.20478662362325112,0.032823937045642584,0.007517856670198543,0.009882035855147972,0.20478662362325112,0.001117429623293845
Q5FW85,2,670,S,test,2,0.000336393902340551,0.00013591543221596185,0.9872295664439494,0.001806139437821048,0.0009072974579110054,0.0003337760999953292,0.0007700134034598914,0.00015401235480561802,0.008278423327734286,4.8462139766891086e-05
Q5FWF5,0,840,U,test,0,0.99739796407773,0.0015231413163335791,3.582085067833435e-05,0.00012023733938059457,0.00026159863064864825,6.523461803415527e-06,0.00056583116915437,2.3861830922731903e-05,5.859899871451684e-05,6.422324633888968e-06
Q5FWP4,0,625,U,test,0,0.9979041126870143,0.001409390378440574,2.4631779645424438e-05,0.00022828616665389304,0.0002798386656548144,4.214000619492418e-06,9.151815999130714e-05,3.065474600264821e-05,2.313941535801732e-05,4.214000619492418e-06
Q5FWY4,0,821,U,test,0,0.928306230494878,0.03742819181625672,0.0006696411201507699,0.012463630160586771,0.007753973930245331,0.0011570361360804275,0.004134221771572114,0.0017781068013394646,0.005628781340660834,0.0006801864282295041
Q5HYJ3,0,339,U,test,0,0.997558376597754,0.0011320845276605533,4.896916899600119e-05,0.00024056439545379528,0.0006866439852044295,4.082934137145468e-06,0.00024387595992526122,2.621130913249594e-05,5.3782112621829215e-05,5.409009114447362e-06
Q5HZG4,0,932,U,test,0,0.9947505302534606,0.002210275237483684,0.00012180662100489336,0.00038710068344235477,0.0014049363198562613,6.712673138054071e-06,0.0009693769103015935,6.994766496840032e-05,7.21680327749166e-05,7.145603569261544e-06
Q5HZV9,0,360,U,test,0,0.6028624497910402,0.38923726689757215,0.0012292159393135634,0.0006427104524403697,0.0008648613771626657,0.0003132320564721052,0.002444587769187241,0.0011192139425859943,0.0011637983312587084,0.00012266344296698578
Q5JNS0,0,379,U,test,0,0.9926248820568564,0.0006596450739142643,0.00010980797209006619,0.0026604035158877943,0.0011554540623556493,8.686525826364798e-05,0.002578551422443261,1.0374575223384793e-05,3.854622243152489e-05,7.546984053398076e-05
Q5JRA6,5,1907,M,test,5,0.06768229497988382,0.19186973271908803,0.029887541661457802,0.04776015430551479,0.0786279204120163,0.39369114618131,0.0004682240759885076,0.016765391192078385,0.16283772631304283,0.010409868159619532
Q5JTZ9,3,985,U,test,3,5.4707284207747495e-05,0.0002411442526050616,6.755447597325752e-05,0.998986832301757,5.4707284207747495e-05,3.191047818683556e-05,3.730712534993706e-05,1.066622244838443e-06,0.00023304128012560936,0.00029172889534191557
Q5JVL4,1,640,S,test,1,0.0006959337008617335,0.9876334618916031,0.0005253183164094378,0.000791682683251487,7.054084528205969e-05,0.0006386246500976575,0.00032363922060550573,0.0006336548218255044,0.006399687348307708,0.002287456521755879
Q5K4E3,2,855,S,test,2,0.0002049104186748037,6.249415198509685e-05,0.9314035607312157,0.0006563113885400047,0.0034827612651185894,0.029475744288457662,0.00030283798156851687,0.0004877292289569677,0.03340039342730915,0.0005232571181735207
Q5MPP0,5,372,M,test,5,0.01008821975790605,0.00010085208733958155,0.0009420232514803335,0.001101336738693094,0.0020737057960448658,0.9260235583536683,0.03373040470662708,0.004494141573110921,0.02045852593434869,0.0009872318007810952
Q5N712,0,1286,U,test,0,0.9965954297672909,0.0015949539174065143,5.7195494454820137e-05,0.000111983345461542,0.0009123342346266985,6.938600930969303e-06,0.0006089337908484791,3.8700410609728604e-05,6.845404919100689e-05,5.076389179372824e-06
Q5NCS9,3,454,M,test,3,0.2908684320746811,0.004214353404556841,0.002053911570132018,0.4947839093959478,0.031754274002578346,0.11390572815503995,0.008316018639941747,0.005805516630378711,0.02278257912271851,0.025515277004024957
Q5QHG5,2,373,S,test,2,3.198423827149001e-05,0.00045732738414281515,0.9935039342453427,0.0005669341950216394,7.793446375219138e-05,0.0007358199685054602,0.00023085868803086749,2.06505774730419e-05,0.003814226982988839,0.0005603292564709507
Q5QHG6,2,495,S,test,2,9.259655544559297e-05,0.000333452987506758,0.9940093461311448,0.00046295362245967543,0.00014119286846640635,0.0008768173963138503,0.00040065298945968946,2.341207383495945e-05,0.0034476197587945427,0.00021195561657371984
Q5QNQ9,2,1845,S,test,2,0.0016202145007721586,0.00013299531897874192,0.7884418134168701,0.001242261692307422,0.03331461077330284,0.10181766446025207,0.002956839889012769,0.0006754059376762086,0.06835714524616293,0.0014410487646647303
Q5RJM1,5,330,M,test,5,0.0006671729874081546,5.551048959113545e-06,2.6071997234424454e-05,0.0008797969885395381,0.0006542686381679385,0.9922564263204073,0.0013850868806932108,0.00024543921497027695,0.0033356552148083706,0.0005445307088116498
Q5RLM2,4,535,M,test,4,0.03677222679121386,0.00032441689188060843,0.001097488152544778,0.016778106663388415,0.6857575502466648,0.14374259794077723,0.0009837820427098143,0.004273354743613206,0.10765822740925417,0.002612249117953028
Q5S003,1,2320,S,test,1,0.03852203801060958,0.8940500419247505,0.003919931360247443,0.00031431385784777517,0.009990366090238022,0.00922154892358542,0.0007658734883012588,0.02668343586524599,0.014607044672542747,0.0019254058066313238
Q5SML5,0,696,U,test,0,0.996239398984041,0.0013637490466368114,5.205848849630851e-05,9.280429519379222e-05,0.0010334409123216543,9.333572936932167e-06,0.00102941177765127,0.00010849920664353255,6.47878321187208e-05,6.51588395991017e-06
Q5SNT2-2,0,392,M,test,6,0.013443583678133695,0.001290141493757258,0.0016056071101919576,0.009720947633624733,0.0002241929769468087,0.45220107027016787,0.5124109408574398,0.0008200638146503206,0.0024674604748835378,0.0058159916902039786
Q5SUE7,0,619,U,test,1,0.27430228669805334,0.6789046840514131,0.013082323270706072,0.0017362554430763314,0.002429458192424425,0.010845628138231114,0.004132647258787603,0.0029766342119197844,0.0074250226555344434,0.004165060079853739
Q5SWZ9,3,221,M,test,5,0.004371857325883233,0.0002335171914153971,0.021783329821915158,0.09059852476246477,0.04555580077558975,0.6047864632791524,0.011473403457354108,0.0021812005710011477,0.20900862183230481,0.010007280982919142
Q5T2S8,1,1044,S,test,1,0.09756085416302838,0.8627835572855971,0.0013593938522323823,0.01289756981721093,0.0026203001154796266,0.0022065139869144237,0.007406450814143955,0.0023672437223441777,0.008968851903872789,0.001829264339176252
Q5T7N3,1,995,S,test,1,0.051959332843067425,0.9067223747446431,0.0037346303197437034,0.012998594161727018,0.0068155811940986905,0.0023188845795702653,0.0011843704176427191,0.000707219838376144,0.009705831674974807,0.0038531802261560547
Q5T8A7,0,1209,U,test,0,0.5003672748141352,0.48497258743866273,0.0007234527017148358,0.009717575099484524,0.0014500418649738744,0.00013278385210646048,0.00033907545120111417,0.000344415130878893,0.0017085667624851765,0.0002442268843572142
Q5T9A4,3,648,M,test,1,0.04753993162977575,0.8426654423295953,0.012845277937733051,0.012996694215366613,0.021013472816147134,0.007821548255284153,0.0009414773677731343,0.0034437810774040605,0.04518606611940387,0.0055463082515169225
Q5TB30,0,811,U,test,1,0.0024844011259829075,0.9944791820005185,5.9813086354396213e-05,0.00024598901068620345,0.0001256388945712493,1.5603176651123213e-05,2.003487437757377e-05,0.001882664267867523,0.0006023235914796016,8.434997151085672e-05
Q5TCY1,1,1321,S,test,1,0.05492843574942196,0.9290440522199971,0.003948037699432732,0.0002465429832483319,0.0014868445699571537,0.0010709340492420238,0.0005384994692751246,0.004903825231991354,0.003285848458262323,0.0005469795691719273
Q5TEU4,3,345,M,test,3,0.00012367287382235613,0.0009997284699799942,0.00017941655538573234,0.9982246980235837,2.6228816934457633e-05,1.4713032606415502e-05,2.1407336786558748e-05,1.7572211277748054e-06,0.00010702994457770741,0.00030134772519528895
Q5TGU0,5,170,M,test,5,0.008058361333394947,3.37795668754201e-05,0.0001467317443925277,0.0003306651133853492,0.013416373164608027,0.8974889539575476,0.04263714249849408,0.01862678805269711,0.01568532843254923,0.0035758761360557565
Q5TGZ0,3,78,M,test,3,0.013459535348341777,0.00013508180596630935,0.0006545876983628281,0.8795191070949614,0.04277431602740123,0.029628900883079425,0.024372069224338856,0.00036719042780635646,0.004455855127076616,0.004633356362665225
Q5TZA2,1,2017,S,test,1,0.001204021687609702,0.7523242630835723,0.008468480294760779,0.0004429348569940568,0.00025237667304593627,0.018469785380145248,0.00126180396997602,0.006572754933643393,0.008518245519152541,0.20248533360110008
Q5U3Z0,1,290,S,test,0,0.4767050569667813,0.4693144086470228,0.0007166970359276147,0.0220899028888884,0.007526728055643668,0.004821803081139782,0.0018301500718654938,0.0038442766367271664,0.01090863003034464,0.0022423465856591714
Q5U4F6,1,535,S,test,0,0.633532496599059,0.34986989170994265,0.0015581492822163642,0.0012040445058247307,0.003708718416356485,0.0008672406753198276,0.0009377107664749357,0.002734637467653982,0.004932482978350465,0.0006546275988016168
Q5U5X0,3,104,S,test,3,0.0016287198864778532,0.004282732424484505,0.0005277361393824326,0.9921791278747567,0.00015599851017986707,0.00020187706515791313,0.00012437285899386197,2.56657882429251e-05,0.0002780973993784077,0.0005956720529455466
Q5VT66,3,337,M,test,3,0.33858695616733675,0.003094011178844669,0.008119853427760672,0.6131017262770725,0.002975481532409002,0.009642564771477439,0.012811802127660261,0.00036665124607913077,0.0038205938299744834,0.007480359441385065
Q5VTD9,0,330,U,test,0,0.998022139913963,0.0003845995175758032,3.367163503052797e-05,0.00014683535280547098,0.0009917471925686375,7.057958073356169e-06,0.0003648434288115991,1.0430985361954852e-05,3.5287570744826735e-05,3.3864450647466e-06
Q5VWG9,0,929,U,test,0,0.9936191821989462,0.003162472164883511,0.00013573056434588207,0.0004564880103448233,0.0015233094458860668,7.137476406563805e-06,0.0009104983532998592,8.427702738649287e-05,9.256020340791544e-05,8.344555092723086e-06
Q5VWK5,4,629,M,test,4,0.015468893402210374,0.00021979167275852312,0.0653813662500618,0.0024001946456360442,0.841280263317855,0.01789173571849921,0.002118164311969236,0.012931056025364806,0.041884875122499624,0.0004236595331453896
Q5VYS4,1,303,S,test,0,0.8996706909636029,0.045319960333309824,0.0014625095363890522,0.010976743120700015,0.0029543503817102555,0.005739322972462717,0.010033555402054643,0.002863454686311426,0.019446715796852435,0.0015326968066067498
Q5W7F2,7,827,U,test,1,0.015567731929810405,0.4919245199657932,0.0035838954451562727,0.007411351328710331,0.014739231930971007,0.006388984406992089,0.0014480245762206283,0.07142427620995168,0.37132410406225363,0.016187880144140722
Q5XEN5,0,204,U,test,0,0.9976020759283317,0.00021904597027731402,2.540598402540513e-05,0.0005582620676251322,0.0011321341498142807,7.393563235075078e-06,0.00040446406414806256,7.994347713780976e-06,3.8739502358709715e-05,4.484422470536355e-06
Q5XF06,3,469,M,test,3,4.5376189837878565e-05,0.00014597634253460872,4.7183770697519725e-05,0.9994770564038457,1.8190965187613793e-05,1.6179377372616444e-05,5.325776974736789e-05,3.287040103877629e-06,6.576457081416152e-05,0.000127727569858709
Q5XF36,5,416,M,test,5,0.007062601531821404,0.00028226382544579846,0.0003404751546007175,0.0021020214026148502,0.001562089690370175,0.9386680909097478,0.007963994676461804,0.006361280694578192,0.029474471351147467,0.006182710763211774
Q5XIX0,5,703,M,test,0,0.8548923996481722,0.06540921077646106,0.0067343788412616385,0.00878328609791922,0.007935037529744154,0.020622159488667156,0.0034937498672021373,0.0019598160112906577,0.024133303201261832,0.006036658538019909
Q5XM24,2,494,S,test,2,0.0006917580796509276,0.0003216973920182552,0.8462848407921046,0.022377219665229972,0.003725029474772952,0.02363505476049943,0.0035683598127935656,0.00021429664964584398,0.09644578719695938,0.002735956176325019
Q5YGP7,0,568,U,test,0,0.997305437684229,0.0010066415825792383,4.745051418457281e-05,0.00023174204116324185,0.0002730588398652429,8.795935059588162e-05,0.0008988297103613482,3.4177324035819574e-05,7.012731859615854e-05,4.4575634389538594e-05
Q5ZIH3,7,460,M,test,5,0.06318334894926533,0.0005552514040838258,0.0003757019092140099,0.0056518234063442415,0.11990092049187798,0.5290276719402407,0.004039176056613339,0.14238586255192506,0.13271822810846143,0.0021620151819740398
Q5ZLF4,7,770,M,test,5,0.005067452003088665,0.00012892729238252437,7.942979804516493e-05,0.0006755306618850533,0.0020405349922258467,0.8264325662701064,0.0020807809379929424,0.07335005840978424,0.08710535177062331,0.003039367863865862
Q60547,0,234,U,test,1,0.4711607865847243,0.4861170537622109,0.0033011204591147313,0.006338269149697066,0.0011144092950710505,0.0011144092950710505,0.021864995675336545,0.000494516096433918,0.00636307632592644,0.002131363356413943
Q60848,0,821,U,test,0,0.9987636767566852,0.0004421358791433125,1.6681051186336523e-05,8.537778598803667e-05,0.00026948155894999194,8.790296133696594e-06,0.00037670445183584647,1.111197661562033e-05,2.1756194706714313e-05,4.284048755225419e-06
Q60954,0,390,U,test,0,0.9928720977205646,0.0005312082036663411,6.766757342908772e-05,0.0018146895424083341,0.002559122337145199,2.412761769893274e-05,0.0019468775315086514,3.6790223403169775e-05,0.00011691908403331523,3.050016614232299e-05
Q61043,1,2035,S,test,1,0.0006465088506723245,0.9843254209628874,0.0003406862251200041,0.0008045931953788885,0.0011083740123294591,0.0011752581160961093,1.240949479248e-05,0.004298915728391196,0.0063286157380726725,0.0009592176762594645
Q61048,0,376,U,test,0,0.9972679266429639,0.0013920823789686418,8.008489832909354e-05,0.0001891352228367086,0.0004233191282133484,2.5003723784749932e-05,0.0005043634852116139,1.745541278900066e-05,9.004186407712135e-05,1.0587242825841254e-05
Q61074,0,542,M,test,1,0.3545016058412075,0.6419194355324782,0.0002897716192142872,0.0004666854812681599,0.0006581320791592249,0.00011347619173115562,0.0005585494231114423,0.0005673452991874297,0.0007815511798589834,0.0001434473527835436
Q61112,7,361,S,test,5,0.002742386326676017,5.202581632122243e-05,0.009856443505802438,0.0022295444885916376,0.012052803808073496,0.9207925472915812,0.0029768323410964497,0.0007645137688625145,0.045843558637538896,0.0026893440154560698
Q61477,2,178,S,test,2,7.554136453607567e-05,4.0434377374204e-05,0.9935655314939474,0.0012627997254873009,0.0001574417117401335,0.0006437165445006162,7.321719104813913e-05,3.458535561655407e-05,0.004092321836422944,5.441039932661611e-05
Q61595,5,1327,M,test,5,0.012685009430367867,6.761306657687761e-05,0.0001956448855506251,0.0007326101273546292,0.0006365027005691078,0.9766916153647696,0.000469327677077546,0.0041182199986557555,0.003102529598326264,0.001300927150751719
Q61606,4,485,M,test,4,0.003481379258224614,2.8074768235365486e-05,0.00013186072517104482,0.0006217434444803166,0.9881811180991302,0.000525609592188809,6.326747122757966e-05,0.0008648928521828245,0.006062462018529195,3.959177062998376e-05
Q62018,0,1173,U,test,0,0.9973784216952707,0.0013027863038153787,5.293874920487148e-05,7.823839558123353e-05,0.00043851470376384194,1.0755158683872706e-05,0.000647450165613776,3.364991593215522e-05,5.051450603275996e-05,6.730406101396967e-06
Q62233,0,333,U,test,0,0.9952734871366196,0.00027038188150997004,0.00010024807161388743,0.0010904726472202415,0.0016306114927449817,4.3795141819267196e-05,0.0014446416108262602,1.561563959395746e-05,0.00011359595511771642,1.7150422934121383e-05
Q62315,0,1234,U,test,0,0.9958637409632989,0.002527038265772884,3.928099141769591e-05,0.00039057331376444895,0.0007528497862391994,5.399820462912919e-06,0.00031078460439537027,4.1814396350522874e-05,6.179767335884763e-05,6.720184939217115e-06
Q62414,0,383,U,test,0,0.9961213330269691,0.0011663381310553845,5.991185284612355e-05,0.0007977071269748515,0.0011847053297653854,2.8746019891649436e-05,0.0005155416436074639,1.8852099557511667e-05,8.188979362963738e-05,2.497497570284311e-05
Q62504,0,3644,U,test,0,0.9946022107997046,0.0008644768386720176,7.681102369329684e-05,0.0007716083138628216,0.0026449586184819993,2.82571964762863e-05,0.0007750066519589772,7.103858412336678e-05,0.00013908679312150152,2.6545179905185344e-05
Q63089,4,556,M,test,4,0.007896508915936474,3.969428195331581e-05,0.0005188006286058418,0.002782784227705087,0.9602579286498582,0.007534900536786813,0.00011307849217820396,0.0013351943575938153,0.019316351198464685,0.00020475871091761068
Q63262,0,497,U,test,0,0.9978786480274887,0.00039174594236165587,3.58381133970786e-05,0.0004584448982623687,0.000784423789242042,1.7195313659576448e-05,0.0003834192794441738,9.203988666918736e-06,2.7478033830015046e-05,1.3602613647512976e-05
Q63520,0,257,U,test,0,0.6571031716180993,0.3103935409679599,0.0009725984263374637,0.009352500584497497,0.0008583151570590788,0.0008063124429665334,0.015574790286149331,0.0005045774337558774,0.0031151539608951337,0.0013190391222799422
Q63707,3,395,M,test,3,0.3086775611951334,0.013196525123191383,0.004201418876362988,0.6043613703910194,0.0006966635770148273,0.022890793336072298,0.03266171497913309,0.0002859101594763746,0.0018937279006633525,0.01113431446193281
Q640Q5,1,837,S,test,1,0.03416871245667099,0.9056510835676056,0.0013615912623080359,0.0012205225527584067,0.006126112709669445,0.0032662879352417687,0.0009212987406283625,0.016219157565079117,0.02799683967841191,0.0030683935316263874
Q642G2,2,206,S,test,2,0.00013018414056981456,2.0598121453820157e-05,0.9909802100561347,0.0003483908083814515,0.00032984977659156715,0.0014468629410012593,0.00018941679486389858,7.534479680413567e-05,0.006421373705251113,5.7768858948213344e-05
Q64368,1,298,S,test,0,0.9959870087013329,0.0015003333261028346,0.00019037380319054362,0.0008666320447085983,0.0006855623869683162,9.723342476715031e-05,0.00024444479173859755,9.424186383047673e-05,0.00029950001363553217,3.466964372498014e-05
Q65YR7,1,95,S,test,2,0.007383680555608912,0.13609247986959366,0.6442083630316991,0.13609247986959366,0.016509891863298425,0.004014437404672782,0.02247836805010334,0.002591915400990107,0.02714058040357133,0.0034878035508685763
Q65YR8,1,94,S,test,2,0.001088912741487783,0.005739023729733572,0.9670422748415033,0.018562013853228067,0.0006553192201169039,0.0030183519001259706,0.0015843587209811443,0.00010866257767427077,0.0017064214824812176,0.000494660932667743
Q66K79,2,652,S,test,5,0.0030151157681443906,0.0001741350227800165,0.08880568033640274,0.0016265328260690356,0.022718270570146665,0.8039810420236091,0.0020242528392528073,0.0036369237441150276,0.06755980649888388,0.006458240370596301
Q66S17,2,364,S,test,2,0.00015840856742752274,0.00014650397932825155,0.9841686672391382,0.00018519838355506629,0.00044426782440104556,0.005584094651003198,0.0010783057351677822,0.0001376277614437195,0.007692415412197094,0.0004045104463381647
Q66S21,2,376,S,test,2,8.457691533149228e-05,0.00013202270215840973,0.9971548422413421,0.00023720182391947627,0.00025848788297863976,0.00035887487040323963,7.348169236151027e-05,4.058044863014394e-05,0.0016146606632860402,4.527075958889442e-05
Q66S25,2,355,S,test,2,0.0009980990405422745,0.00021250756702471387,0.8933445113693964,0.0042351123427268956,0.004951347871027644,0.03153892036023976,0.005777416604939103,0.0007189038258323876,0.05666517034921428,0.0015580106690565674
Q67FY2,0,1494,U,test,0,0.9921088510423922,0.0046667260568524485,6.351894103278491e-05,0.0007398268869936397,0.0014039446924768656,1.3314293310013459e-05,0.0007073279171829985,0.00010310141273661874,0.00017401657634883753,1.9372180673607985e-05
Q67Y93,0,191,S,test,0,0.9890739501782103,0.0015282340160339923,0.00019202956522717418,0.0012006967081429564,0.0016204543939586584,2.9912437274822123e-05,0.006211836469764005,4.0885454671702095e-05,7.758695715268523e-05,2.441381956370227e-05
Q67ZM4,1,137,S,test,4,0.252979703894113,0.11673096310921016,0.111821410896678,0.19548757187156698,0.2822192665194628,0.0009636730293013362,0.023901335707017638,0.003260064124750525,0.010689337752056084,0.0019466730958435136
Q680Q4,0,884,U,test,0,0.9971154912923643,0.001333329315898665,2.8328599208570678e-05,0.00023169789451690418,0.0009381144219357605,1.1445789347042288e-05,0.0002505251601596292,3.933036602001514e-05,4.598185649059502e-05,5.755304058547118e-06
Q681K7,4,593,M,test,5,0.01531339275031807,0.0008243605895058704,0.0005845592107867215,0.00036580781934703244,0.0029226122341263197,0.8103593614461341,0.0002985636467407466,0.11858178096171182,0.049432236774041814,0.0013173245672874869
Q681Y3,6,432,U,test,6,0.001374718922055759,0.00040389345832997917,5.206886105179165e-05,5.7634975724824976e-05,1.5152902476871098e-05,0.0012131852175994706,0.9964378753939774,8.191581321021876e-05,3.414759230585241e-05,0.00032940686326784926
Q684R7,2,2191,S,test,2,0.001238809647628964,7.210736552743154e-05,0.8771262041181797,0.007155011769521089,0.03194932220554188,0.015877961881256474,0.0009498282313826618,0.0006426859087804442,0.06453940178367089,0.0004486670885105352
Q68CQ4,0,756,U,test,0,0.9969315020708033,0.0017660484929491948,4.52606213130196e-05,0.0002084670702286306,0.00026559394976528384,8.912344739894816e-06,0.0007079951950840328,2.1379602560658995e-05,3.81132621213532e-05,6.727390434616995e-06
Q68CZ6,1,603,S,test,1,0.05148864232681419,0.8708644027830658,0.003116385353746771,0.0013299100275942861,0.001288992951816903,0.03665381718216014,0.005599130018695921,0.013898639191238469,0.011533634888858155,0.004226445276009422
Q68E01,0,1043,U,test,0,0.9959712363505856,0.001945340722113452,7.455026903933218e-05,0.00041096370318018056,0.0006199493070388321,4.6652367741550705e-05,0.0006946494171632782,7.225659594662098e-05,0.000143699405061852,2.0701862129335675e-05
Q68KK0,2,346,S,test,2,0.00036937463812816864,0.00014019881469144738,0.9566438580537117,0.0019658625324743264,0.0028460335371705723,0.001828810161731091,0.00021377764288145742,0.0004284820971653698,0.035394490494882386,0.00016911202716356566
Q69IL4,0,380,U,test,0,0.9972628189026145,0.0009456117829298938,5.376617902217858e-05,0.000311829668401418,0.00033782745032756974,3.995562953489941e-05,0.0009642623320833725,1.3594218900105813e-05,3.1607508773522e-05,3.8726327412615095e-05
Q69YI7,0,327,U,test,0,0.998426553155247,0.000317264774958725,2.6647247433244098e-05,0.00021709653326922892,0.0004950014964798246,1.059954280976576e-05,0.0004595933732418764,1.3610082680178906e-05,2.623412042964643e-05,7.399673450540743e-06
Q69YN4,0,1812,S,test,0,0.9972544805964125,0.0008279984469702391,4.527528336686062e-05,0.00011652126615905762,0.0007335659533944781,1.1095185205162538e-05,0.000927314213708587,2.9231919823760662e-05,4.819528866192385e-05,6.321846297456533e-06
Q6AT90,0,505,U,test,0,0.9971211083149419,0.00037535109663531613,3.015580693216724e-05,0.0005520309101047516,0.0005218873686204877,5.5465017531328655e-05,0.0012574563820549323,8.639783867823542e-06,3.4709122090354024e-05,4.3196197220952586e-05
Q6AX31,0,660,M,test,5,0.0008905524621301424,9.836814357338596e-05,0.002626280437796774,0.008189367559086566,0.0008564359025449674,0.9766093407685977,0.0010091281092912846,5.02415340558416e-05,0.003655365393922885,0.006014919689000378
Q6B4T4,2,105,S,test,2,8.683520011975842e-05,5.606501734302725e-05,0.9922814268040224,0.0002738141512814142,0.0003251623391242408,0.0010824272852332502,0.00021324665418594174,0.00017269242405841344,0.005414438888792786,9.389123583869235e-05
Q6C7L6,3,237,U,test,3,0.003710465277525164,0.010926984949865142,0.004075148869342298,0.9759612708043667,0.0005070847434422278,0.0001343640846743546,0.0031275776819542317,2.3716669301297393e-05,0.0009850975523653183,0.0005482893671633303
Q6DJT9,0,500,U,test,0,0.9976244390175212,0.0006131446461290474,5.336711087623214e-05,0.00015202875966372606,0.0008059634566334194,1.0106029368232462e-05,0.0006707823365947035,1.8299653347356958e-05,4.458989053277705e-05,7.279099333280259e-06
Q6DRC5,0,1014,U,test,0,0.9831877438439186,0.005119145893484192,0.00018214540776627928,0.0002451034401037884,0.001818171602115473,4.463665430870534e-05,0.008984380481749148,0.00016845697396172758,0.00022846153500624773,2.175416758581454e-05
Q6DT37,1,1551,S,test,1,0.11376064602815103,0.840583825807133,0.0013664575925375383,0.009522219466475832,0.019386277168652623,0.0004039240711466364,0.0024359741493617786,0.0010979795217651834,0.010864101667442998,0.0005785945273333436
Q6E434,0,485,U,test,0,0.9919143764717337,0.005164582669626807,0.00017672229755828585,0.0003859969961580119,0.0011797018635888274,5.725283612731545e-06,0.0009685028779561517,9.533452831420685e-05,9.836077366302472e-05,1.0696237788222922e-05
Q6EVK6,0,2193,U,test,0,0.9940843496045416,0.0029261778429098572,6.566573851661817e-05,0.0007806783588401393,0.0011303475282286664,2.6949164718358154e-05,0.0007471141358384906,4.879863292275617e-05,0.0001637989659151281,2.6120027568362202e-05
Q6IWZ0,2,535,S,test,2,0.00025085619567421694,0.0002932806177375366,0.8880247136636393,0.0013350911129312967,0.0007547921488382194,0.016012577806966233,0.0009541465829841,0.00024696702159303694,0.09071743752862305,0.001410137321012956
Q6J1Y9,5,1357,M,test,0,0.5465259220631309,0.030236521337459896,0.008169901021602427,0.016763548247240957,0.02785518714084265,0.3263455191347441,0.007153804294762968,0.0029589418823504614,0.022823724138395538,0.011166930739470197
Q6J5K9,1,1188,S,test,1,0.001471070033337928,0.9558036765015702,0.004240086760725896,0.015150313972803028,0.0012582728137419843,0.004937837900041068,0.0005369649732998177,0.0007691667664977635,0.011525751406725387,0.00430685887125692
Q6J9Q2,0,348,U,test,0,0.998373751823814,0.00019688760878601753,7.414854796455976e-05,0.00010538633317903706,0.000569713120341347,5.6409241462381334e-05,0.0005341516778449896,2.0430071735284595e-05,5.7297555749877545e-05,1.1824019122432242e-05
Q6K1L7,0,188,U,test,0,0.9973310734757213,8.135119589148435e-05,2.833472339822432e-05,0.00022904806118198456,0.0017530072898324796,2.7037181957708207e-05,0.00046997607230445175,1.917223429940512e-05,4.9728991343636564e-05,1.1270774069328926e-05
Q6K8X6,0,688,U,test,0,0.9966132409972966,0.0010138325531859598,3.810109550162086e-05,8.387315336142232e-05,0.0006648876249412979,1.1803168923081076e-05,0.0014297329413255244,7.69663266517981e-05,5.9941440135799633e-05,7.62069867689799e-06
Q6KCM7,3,469,M,test,3,0.0015110768917970293,0.014252939657147476,0.007329623391816476,0.8732288177074599,0.00028839410457568733,0.03520753617306904,0.021105661678588586,0.00011835669520752118,0.007372696590797816,0.03958489710954051
Q6L6S1,2,517,S,test,5,0.0003227453229272245,0.0003278278416471958,0.17249327738266396,0.0026397145992157656,0.0003954358703894848,0.7262238228138632,0.004855178205361073,0.000401663042849601,0.06547106562352052,0.02686926929756195
Q6L9W6,7,998,M,test,7,0.003418169616814769,0.00365286384839306,0.0004924340413900209,9.905702001088262e-06,0.0010506591573831124,0.00951189128532043,0.000927203496528979,0.9778489947652906,0.0024506211079693683,0.0006372569789085774
Q6NLW5,0,300,U,test,0,0.9952407557948697,0.002317489935680526,6.889715956450096e-05,0.0010445744885993616,0.0006850487196455108,8.358173110768969e-06,0.0005504502628689928,2.740539678919497e-05,4.6618153042211804e-05,1.0401915829276635e-05
Q6NNI3,0,190,U,test,0,0.9977138078347305,0.0002152533132644222,3.9973700184542357e-05,0.0001833981084251017,0.0008613786807542184,5.295655156214354e-05,0.0008783678672214803,9.494586299807073e-06,2.7906140631236386e-05,1.746321692652099e-05
Q6NPM8,6,346,U,test,6,0.0015242287660326846,4.391995945439994e-05,2.0746319222325373e-05,2.2432118378202197e-05,2.502483643626886e-05,0.00014556328504480848,0.9981100534254337,1.8024714866797176e-05,7.632143912581524e-06,8.23744312182455e-05
Q6NPP4,0,1050,U,test,0,0.519660863060457,0.4308139755653861,0.0017883643974318535,0.01804090569910071,0.006002877526533993,0.0008992460321212448,0.002123735268913481,0.005639181644572621,0.01321432391335224,0.0018165268921307846
Q6NQ88,0,557,U,test,0,0.9983436630243117,0.0009319604218657465,2.4642629160305752e-05,0.000177174317387566,0.00020633020574901145,1.6415531291428527e-05,0.0002508337401698926,1.5663808307497513e-05,2.3514160655386163e-05,9.802161101546573e-06
Q6NQ99,1,344,S,test,1,0.05503397774562756,0.7807808865166782,0.01167172889227944,0.04804839023225064,0.029171295625507306,0.023394058412655825,0.0006793760869400244,0.016784416094424257,0.019093673714155983,0.01534219667948072
Q6NSW7,0,305,U,test,0,0.994145306855182,0.0008515628710641568,8.975992333146858e-05,0.0007659995960280527,0.0021917401302572704,4.306728431316863e-05,0.0017542468487073493,4.306728431316863e-05,8.564952423015677e-05,2.9599682573211588e-05
Q6NUK1,3,477,M,test,3,0.0011875938854719386,0.04856323458190235,0.009544009158105375,0.7080780225606206,0.0003795778035507868,0.11741084033857155,0.004017578286562651,0.0003246701052619972,0.019054816663828307,0.09143965661612447
Q6NVG5,4,214,M,test,7,0.011086662529781334,0.17073588483094315,0.0016478852024737736,0.0057516848754556,0.10601232275160759,0.04462619216014451,0.0005875715497712212,0.5959267835265251,0.06232142799164912,0.0013035845816486724
Q6NWY9,0,871,U,test,0,0.9954622869976227,0.0021606191176475904,6.999771333288503e-05,0.00031248493236416626,0.0009815053092672268,1.090354051538427e-05,0.0008815358586980632,3.926515463789743e-05,7.221967448054167e-05,9.18170143350584e-06
Q6P050,1,247,S,test,0,0.9980197770874838,0.00013580018494759667,1.7197745629640755e-05,0.00021956611358494172,0.0013345385168640896,4.25648342989094e-05,0.00017920464653382125,6.840790973099598e-06,2.835429116347818e-05,1.6155788520573282e-05
Q6PAL8,7,1287,M,test,1,0.0033411407374147857,0.9823091254506031,0.001488425078318916,7.705629748328093e-05,9.740829495531083e-05,0.0034053759233961334,0.0001532447477736893,0.003767567302914577,0.0033772255320740213,0.001983430635066181
Q6PEH4,0,753,U,test,0,0.9964878887881756,0.0017243703730309126,4.595291431780178e-05,0.0004638814314708567,0.00032022487857468016,9.191160756443795e-06,0.0008636875261134752,3.2585497043301734e-05,4.316876573996498e-05,9.048664776894193e-06
Q6PGG6,0,577,U,test,1,0.020893952526810918,0.9757532458165333,3.559534953130767e-05,2.9974289610911012e-05,6.345556938553443e-05,2.0925427421014493e-05,0.00014986201477437436,0.002574640170018705,0.00044219294290268236,3.615589301126187e-05
Q6PHR2,1,472,S,test,1,0.01577994212070187,0.7283421684037229,0.01292962195821765,0.026323405769885937,0.002976567921165444,0.0507396901682061,0.009608479123293887,0.0006746211372862028,0.03465218435816264,0.11797331903935734
Q6PIW4,0,674,U,test,0,0.9985769110009897,0.0008894905816703638,2.7930281827622974e-05,0.00015217390075996398,0.00020437281767674307,5.85450485791147e-06,6.0530596064447466e-05,2.6238070879185542e-05,5.300236073186183e-05,3.4958845422066963e-06
Q6PIZ9,4,186,M,test,4,0.015943976475971327,2.6741360359663225e-05,7.617904509466969e-05,8.632216679329144e-05,0.9711259224782447,0.001374251589199807,7.499799707638951e-05,0.007020038244022599,0.004241268711085156,3.0301932152369175e-05
Q6PQK2,2,205,S,test,2,0.005918345197853744,0.0003903571797196403,0.6426221403094492,0.014691022843838468,0.26373158016601017,0.005473574854134826,0.0012799320350558726,0.00299927139255873,0.0626417424851459,0.0002520335362334899
Q6Q4D0,0,1311,S,test,1,0.07657606451742112,0.9184243736832977,0.0001989224090404222,0.001046358284446508,0.00023622621970116752,0.00018687030748131095,0.0001728267906041022,0.0015955058467977605,0.0013700497338534495,0.0001928022073565261
Q6QZN6,1,821,S,test,1,0.06492848515363613,0.9247620315976632,0.0002492712736931402,0.003090597725783537,0.0012174078626281584,7.14174082953454e-05,0.00028690945646693593,0.0015329480110763398,0.0034748526060077623,0.0003860789047494728
Q6R567,5,252,M,test,1,0.14008566444813841,0.6788357228544255,0.04637615537630187,0.0005212654860523557,0.008955376945875235,0.023228480318941994,0.0035069761992053846,0.08107536744613007,0.015115059851580251,0.002299931073348892
Q6RI88,4,1112,M,test,4,0.0015616585205521212,5.108964442234033e-05,6.067045046187866e-05,0.00025743553708950067,0.9930951855682092,0.0009220949993789522,3.2985952906628926e-05,0.00038645650932970084,0.003609751927658344,2.2670889991294683e-05
Q6S4P4,0,329,U,test,0,0.9977843459891916,0.0005906145509801917,9.665084192347624e-05,0.00017776810679900722,0.0007498949101795732,3.755446876789664e-05,0.0004715692295547906,1.4938136163808991e-05,4.6012699005529124e-05,3.065106743408322e-05
Q6SJQ0,4,318,M,test,4,0.0010557825911931954,6.327151405520966e-06,4.223661829785692e-05,9.820307684730063e-05,0.9980913338267258,4.0618558208547084e-05,1.517804675957736e-05,0.00023998878768249893,0.00040624622718818436,4.0851156915707735e-06
Q6STE5,0,483,U,test,0,0.9983357124383329,0.0007430176849219254,2.7490620035824722e-05,0.00022638640234921053,0.00033885208065714253,4.215823208854275e-06,0.0002810554347756203,1.3608844001244625e-05,2.503049553226475e-05,4.630176185072149e-06
Q6T264,0,1020,U,test,0,0.9910834698076175,0.004345371243378817,9.232399008751266e-05,0.0003457156302446227,0.0014555172044989802,1.8179670710383835e-05,0.00230780934690122,0.00013019769834402773,0.00020323573750654354,1.8179670710383835e-05
Q6T6C1,2,107,S,test,2,3.585245064824623e-05,9.745706809068856e-05,0.9982778613759354,0.00019918931407593085,4.1265915684741504e-05,0.00016839071063597168,4.392734081679674e-05,2.7062850468728434e-05,0.0010895003347540923,1.949263888934934e-05
Q6U6J0,5,461,M,test,5,0.0032751959457161836,4.7826053593631654e-05,0.0002246279534842613,0.0006399054889090253,0.0006058502832557293,0.9296565304825515,0.060366859268525475,0.0005826405614095804,0.001910404812935397,0.002690159149619237
Q6UN27,3,169,M,test,5,0.0012906404125159494,4.3140247163720606e-05,6.37571455712147e-05,0.003563572508715665,0.00019334117049058568,0.9803905820669313,0.005045111610578677,0.0008398357455940775,0.00477661592714612,0.0037934031652927195
Q6UPR8,5,898,M,test,5,0.009204398074519749,0.0011111811275483917,0.015672505459999504,0.001011741845473249,0.011604242923549179,0.9343008813418995,0.004552059427983769,0.003908821987592647,0.012556371165229313,0.006077796646204707
Q6UVM4,4,1142,M,test,4,0.0004594057587708504,5.2398926361893445e-06,4.456398436981227e-05,0.0005962595337663378,0.9970448408591149,0.0001490016408192996,1.8577032807026754e-05,6.333819198615891e-05,0.001608188231074813,1.0584874654528201e-05
Q6UW78,3,93,M,test,3,0.01053668465150983,7.382376495641966e-05,0.0039681517507219235,0.7681041953656511,0.09841939058944121,0.05831156296778664,0.03145672752514855,0.00011434048061573442,0.020873004564376657,0.008142118339791874
Q6UWY5,2,402,S,test,2,0.0014283538469815602,0.0001787794334808277,0.7754144148246715,0.001362944733621202,0.049959373216883096,0.04513452991210608,0.0008529090056589039,0.001998626180881957,0.12268837661138825,0.000981692234326554
Q6UXZ4,4,953,M,test,8,0.0017065553357398107,0.0019038000369775827,0.2915180467026105,0.006909618489596866,0.021841094958099605,0.20997257059888938,0.00309017222474816,0.00649098571235559,0.45151197121950004,0.005055184721482455
Q6V9X0,2,132,S,test,2,7.223954489118005e-05,6.681066217814292e-05,0.9957361860943909,0.00016665488313572996,0.00011454011201985396,0.0003890008158754374,0.00028128338348377697,0.00010108129375442946,0.0030240812989349654,4.812191133566641e-05
Q6X4U4,2,206,S,test,2,0.0001731626489243643,2.117177179119891e-05,0.9872403429189387,0.0004762534076392869,0.0005030238376439506,0.0020687504949686584,0.00030629350418833135,0.00010585219963599842,0.009021413227702089,8.37359885674131e-05
Q6XE24,1,437,S,test,0,0.8835590694882739,0.10718787764012086,0.0003058098325209566,0.0011273791230070544,0.0005041951686297832,0.002377357070491464,0.0024053805636566885,0.0006473993863721417,0.0008509904367464887,0.0010345412901806793
Q6ZP29,8,291,M,test,4,0.014399630596555961,3.0529939229948026e-05,0.000728205177809621,0.002010639009227605,0.7385601816656862,0.1867372645938491,0.004711541231918723,0.0037126051284904604,0.04833423228011799,0.000775170377114424
Q6ZPV2,0,1559,U,test,0,0.9940326386762847,0.0028139313065772107,9.40569370870443e-05,0.00027429739505433967,0.0013660540464047327,1.2531873895498936e-05,0.0012197488465500806,5.113787151425089e-05,0.00012267336790885443,1.292967872337584e-05
Q6ZWS8,0,374,U,test,1,0.0061510113233627746,0.9492564493240273,0.000493209622368907,0.0009359473772386226,0.00027666552019081376,0.003518457620763301,0.00682185980041562,0.007570953816555137,0.013072656759046916,0.011902788836030619
Q704V3,0,163,U,test,0,0.7504582735329433,0.07401573983695703,0.008874518256002094,0.08003009462861528,0.015697424059457413,0.010214508029292807,0.008207587886423364,0.001146036017826015,0.038137262502671826,0.013218555249810904
Q70VB1,4,928,M,test,4,0.0009775776213080457,1.2746209940875161e-05,0.00013386027004966465,0.0004773647438901506,0.99535922197137,0.00019938426097858584,3.6310574084080387e-05,0.0007688095882105925,0.0020137098129997836,2.101494716827404e-05
Q715S9,1,587,S,test,1,0.3739519212677373,0.4801637565627501,0.004933270821506473,0.005170023251568092,0.002330312145030276,0.048480344146285,0.02937611404261859,0.012795930959506943,0.02510219675046014,0.017696130052537062
Q715T0,1,586,S,test,1,0.3008178333840494,0.3462391932133212,0.01005497342187801,0.0011369848565377758,0.003188752655085869,0.11373243701667,0.14775674854036508,0.028254999407918684,0.026855998365793454,0.021962079138380552
Q71PD7,0,128,U,test,0,0.9984984100712045,0.0002639412626765862,0.00010539949703425632,5.64162820899888e-05,0.00022664453043333595,4.8255404563760874e-05,0.0006558177215438453,4.60456271805041e-05,7.591640816436798e-05,2.3153195108838957e-05
Q75J96,1,1055,S,test,1,0.0034745436548012736,0.7862997913035303,0.013476290167443698,0.0009800400168501532,0.0016412581783883233,0.05563990535347659,0.0061940436413481445,0.030250892620350255,0.08822039139917552,0.01382284366463568
Q769J6,2,1426,S,test,2,0.0022966139134481083,0.00016507148025671765,0.46225804155462763,0.0013396029544584245,0.07546154906761414,0.17273321395570032,0.004938495670744595,0.00366997836119833,0.27602686316202174,0.0011105698799299694
Q76CY5,1,286,S,test,0,0.9960014622294805,0.0005613265899934057,6.477235988094186e-05,9.278212753904942e-05,0.0015940033536727873,2.1696024263130598e-05,0.0015329381598281182,6.376816127471073e-05,5.716140595994774e-05,1.0089588107410747e-05
Q76DI2,2,481,S,test,2,0.0010742669524681089,0.001236473656528691,0.5923741963484624,0.005246578168235548,0.001771166776617017,0.1474535889273066,0.002943063574567144,0.001295813339105925,0.2431098780854694,0.0034949741712391215
Q76EJ3,7,337,M,test,7,0.07205802872897987,0.0005972037298446965,0.0018684851813425662,0.006223005821846094,0.023995405433737516,0.1472770410762162,0.08261493617326969,0.49435456227935765,0.16302083459859215,0.007990496976813572
Q76LX8,2,1427,S,test,2,0.0018855817391536277,0.0004142073690480665,0.46865245142023626,0.009137268069399794,0.02938047016456804,0.05425045947228681,0.005125543041610302,0.0020388001333378125,0.42671292512312103,0.0024022934672382535
Q76MX4,0,189,U,test,0,0.9982598789800994,9.155078777352082e-05,9.445692904240964e-05,0.0002557595237756959,0.0006844479608660827,8.335794278437635e-05,0.0004595867817616175,9.649381708024372e-06,3.816404708943108e-05,2.314766509947291e-05
Q76PC7,3,233,U,test,3,0.000666543897634309,9.791867313414935e-05,0.0002490692415493381,0.9952007503223482,0.0032680532800138645,2.5344828754065598e-05,0.00011095639606153028,4.202584465550216e-06,0.0003267565616232147,5.040421441579796e-05
Q7K1V5,5,197,M,test,4,0.01505524013235278,0.0002174951660044461,0.0004192329361225488,0.0020474782214164582,0.4386914968618277,0.043777015061460464,0.0017788799014460202,0.231174185878806,0.2660798430520249,0.0007591327885386747
Q7K556,1,475,S,test,1,0.024033530904406013,0.7958812459406182,0.00362852056695607,0.016582636874460596,0.006621934201470659,0.0643170657103253,0.0004471214839773443,0.027473971842919703,0.048834370888018404,0.012179601586847789
Q7KRI2,0,127,U,test,0,0.993483279057779,0.0006129892634382847,0.0006275259287523719,0.0014169161921223673,0.0016565429375586251,0.0009988741123725293,0.0004887177076119734,0.00017022097594766636,0.0003747128484695122,0.00017022097594766636
Q7KRW1,5,809,M,test,5,0.06606667650328042,0.005380880219161609,0.0024253526364131895,0.2592653397523939,0.027460121289666913,0.5575080650249372,0.0035844387897211298,0.006241930335621044,0.039954242341964374,0.03211295310684016
Q7KTX8,0,2618,U,test,0,0.8163987701329412,0.0627084770244551,0.0023658870200996707,0.001677664874025515,0.0074022047176611734,0.02364796301625904,0.04481572824253437,0.008322522353251073,0.027691177189523065,0.004969605429249831
Q7L0Y3,3,403,S,test,3,0.003929998104624981,0.0023558939807073135,0.0004786288874995069,0.9921645725927069,0.00026329346706487853,2.094749933300097e-05,0.000296028813984201,7.353263918386802e-06,0.00026329346706487853,0.00021998992309598908
Q7L266,1,308,S,test,1,0.00035883080016010276,0.9892734436260493,0.000132006487904629,0.00042946426799299884,3.44359499711205e-05,0.0005916120128391818,0.00047167423094967214,0.000536568800643645,0.00043964871889617247,0.007732315104593173
Q7L513,1,359,S,test,2,0.01174521859298196,0.0005408145557566913,0.7497173210479302,0.0025007013163363956,0.10970788827729282,0.01659579446081224,0.012118052178179201,0.002073154157806445,0.09383812125574366,0.001162934157160341
Q7L5A8,5,372,M,test,5,0.0246376993451809,0.00016994425245977043,0.0068416419113013875,0.042736739298327844,0.0172166900369884,0.6817003548854528,0.08334826006722494,0.002070344770018268,0.1352875840712637,0.005990741361781995
Q7M6Y5,1,601,S,test,1,0.007369261325506618,0.8032963374568806,0.013593912291591724,0.0006669592776294104,0.00033016875791745307,0.05175578285244237,0.0007099744485344627,0.08667463170645917,0.02802942727658718,0.007573544606451057
Q7PLI2,0,2077,U,test,0,0.9777013225623451,0.015558067035980587,0.0001244880279688565,0.0033646678178879856,0.0016996236799979086,3.147549848482694e-05,0.0009055880514260262,0.0001478331857438,0.0004211375559694252,4.579658419545894e-05
Q7RTR2,1,1065,S,test,1,0.09681789390995113,0.7266586246461,0.02817561267585306,0.004671974377392243,0.05284499682149831,0.005462091731512628,0.023541604596729843,0.007236095563171362,0.051119188935858866,0.0034719167419325916
Q7SIB8,6,102,M,test,2,0.01898810187783808,0.0024834106781297274,0.8704478891141069,0.024983774998735043,0.009372293532024765,0.003502170396961505,0.05435683671571478,0.00022388627073044456,0.014332970952311867,0.0013086654634468905
Q7T0L4,0,329,U,test,0,0.9954029576938888,0.0015930455398907384,4.114707788025765e-05,0.0007318465404780307,0.0016181324633155868,1.5375539495061276e-05,0.0003919205616129219,4.380083828674762e-05,0.0001516902195829263,1.0083525569001327e-05
Q7T0P4,1,441,S,test,1,0.3186309661952333,0.6537882724194892,0.001970123098800521,0.009091981842662591,0.0012621083384735559,0.0027352450411339533,0.0015223931852782833,0.0004643036704391196,0.007435167505608383,0.0030994387028810046
Q7T3L1,2,294,S,test,2,0.003680002329219229,0.0012618777630811796,0.7884751884160438,0.0042026948057995945,0.0032987328212533786,0.09343709437760624,0.015950117919395195,0.0010626076694142217,0.08375647265156123,0.004875211246625985
Q7TMA4,4,361,M,test,4,0.007641766933502567,1.645713517377175e-05,0.00010731399800681923,0.00040817524421817817,0.9853568391841868,0.0024809184707273117,0.0001274385249416442,0.0017558020271179757,0.0020012761826218987,0.00010401229950299416
Q7TN78,3,580,S,test,3,0.00012502723678880427,0.001302813770603434,6.692226626760694e-05,0.9973994861212077,5.724164184184178e-05,0.00011653821039494183,5.4195296865995855e-05,3.6026030307848e-06,0.00031493295990010084,0.0005592398930988345
Q7TSP2,1,1385,S,test,1,0.04329754663704541,0.9257422822507317,0.0008310800984348984,0.003099922668746232,0.006517828164881968,0.00031544241252616604,0.00012547432586375515,0.0073031867911651765,0.01238074850729895,0.0003864881433057362
Q7X8R0,0,464,U,test,0,0.9961861870436111,0.0006575016445157018,5.5413015337715174e-05,0.0008856295998929829,0.000783093359676478,2.9200605720200084e-05,0.0013320866573098104,1.198390459436965e-05,3.0601971681561534e-05,2.8302197660135588e-05
Q7XA78,6,264,U,test,6,0.3095315073268309,0.01085070232305592,0.0027414785937918806,0.05463555410207884,0.003155422370968604,0.0009400566846005374,0.6155769178233963,0.0002867011038721419,0.0005526308041183942,0.0017290288672865378
Q7Y1W1,6,527,M,test,3,0.0027763535697335633,0.3086092416210173,0.0026285987802842736,0.6332250718881262,0.00019341366364669234,0.007357703388654292,0.002733310402251109,0.0004358643994460681,0.014862969248649696,0.027177473038190854
Q7YR83,2,223,S,test,2,5.98731678986638e-05,2.3815901410485796e-05,0.995478156828278,0.00019708492964920916,0.00020654322290615648,0.00022072464557496902,5.98731678986638e-05,3.2552476101381155e-05,0.0037042217107812153,1.7153949501235723e-05
Q7YRU6,4,1106,M,test,4,0.001662021492869835,3.545036794629211e-05,5.754162668381022e-05,0.004162031666522983,0.9870822370369833,0.0005168853645832215,3.715166508723124e-05,0.00022936648609653615,0.006151084285537072,6.623000768978912e-05
Q7Z2G1,0,175,M,test,1,0.09440369489231556,0.6451321383031873,0.009238332630965287,0.05295567072623108,0.00036813893357768397,0.0032303166995596836,0.16058609228621407,0.00010383835342937835,0.002850744499507747,0.031131032675012223
Q7Z410,4,1059,M,test,4,0.002299946247584818,2.2902958550218873e-05,0.2742762562636288,0.006715505112588554,0.6477538828470875,0.005463667079977382,0.0006487297229993389,0.00027468943049359455,0.06216305184639851,0.0003813684906913772
Q7Z443,4,1732,M,test,4,0.0005146540596167301,6.515019631161318e-06,5.8067732449921215e-05,0.0001350115262890753,0.9961072082756393,0.0003648552692731593,3.0125143503509362e-05,0.000982141285205637,0.0017923764803007172,9.04520809086385e-06
Q7Z589,0,1322,U,test,0,0.9957506634748596,0.0021277377335128496,4.9650188775509236e-05,0.00033273483786201463,0.0010369765782275778,8.627909645963623e-06,0.0005283443594839476,6.375210054634174e-05,9.203691277203211e-05,9.47590431413779e-06
Q7Z7A1,1,2325,S,test,1,0.04946891845785971,0.9334100369636367,0.0009421480257181103,0.00371174044469897,0.0008379637578966752,0.0005162544814453703,0.0003131241698932654,0.0020902467571355158,0.008036244143270659,0.0006733227984450453
Q7Z7J5,0,298,U,test,0,0.9978265499645764,0.000913461293343635,2.7476599834073276e-05,9.009229989661026e-05,0.0003734222388785436,1.092943639512346e-05,0.0006761802586320004,3.52806539885768e-05,3.997821610804731e-05,6.629038347007536e-06
Q7Z7L1,0,901,U,test,0,0.9306622023123358,0.0278848592956281,0.0009767947893626365,0.0010236722090349044,0.0028264494752989963,0.005374145278031169,0.027026932456890345,0.0009616510198104744,0.0022711160697168453,0.0009921770938907555
Q7ZVT3,1,627,S,test,1,0.035210020589442,0.5049284126399364,0.008486521403313876,0.004950143769192573,0.0023751048948788375,0.1772465505719704,0.005609247665739358,0.16392625507334393,0.06431994605921817,0.03294779733296444
Q7ZZH7,0,661,U,test,0,0.9958772291246664,0.0012706917365051262,0.0001043047318394567,0.00017331821415456745,0.0010130838165144746,2.4200644658549618e-05,0.0012856703151273902,0.00010188852435905215,0.00013818131680782064,1.1431575367199271e-05
Q804Q5,0,430,U,test,0,0.9957082742972475,0.00029477417351170043,5.714458072780326e-05,0.00022250721993476947,0.0014795463767007342,9.873698321794556e-05,0.0019372449940795841,3.412259118360213e-05,0.0001493842790078354,1.8264504388517264e-05
Q80TD3,1,1108,S,test,1,0.0035345538048395576,0.91349196477366,0.0016182366425166518,0.00021393128505181301,0.010718402225897643,0.00032114888673050076,0.00010105398478350722,0.062163908394916395,0.007323605489757963,0.0005131945118459846
Q80TT8,1,1865,S,test,1,0.046985535416514596,0.9437296997590721,0.00012205478445030256,0.0001694563078803279,0.00039093157016250213,0.00017483542233155775,0.0009451513727147345,0.005950251405022161,0.001327680639502777,0.00020440332234893588
Q80US8,0,206,U,test,0,0.9941959488860647,0.0010079225822936895,7.212780415141762e-05,0.000741383212783444,0.0005350423160395853,7.326364649472773e-05,0.003139682935842959,4.306947706491729e-05,0.00014915739130905934,4.2401747955575394e-05
Q80WM7,2,277,S,test,4,0.0036872427152860633,0.00012421441310134392,0.3319150392725361,0.016500887440937625,0.5303986961496856,0.05050470586379173,0.004809071109781869,0.0011071110522823647,0.059509086915015136,0.0014439450675821212
Q80WW9,5,315,U,test,0,0.5475238390093293,0.0749727545692416,0.006178224938304374,0.06264207997820634,0.009347355717948976,0.016469329009830617,0.2318361730318157,0.0023086340559588608,0.017192419088696027,0.03152919060066819
Q80Z64,0,305,U,test,0,0.994535561993205,0.0005047653109033559,0.00011711496972275754,0.0005598166096075479,0.0029047239695098267,3.8620420078061244e-05,0.001239583971920371,2.532788971010353e-05,5.707727842387581e-05,1.7407586919104068e-05
Q80Z96,4,526,M,test,4,0.0014573157627587954,2.5123525472362525e-05,0.00014685264428043792,0.00104353283238297,0.9413352826257845,0.004258265621210753,9.78249457118144e-05,0.002442929173558997,0.04911548696294739,7.738590589205358e-05
Q80ZA5,4,1117,M,test,4,0.006074704719813269,2.463273270431095e-05,0.00010534084102361061,0.00281398653097597,0.9522436165397042,0.015391584298858528,0.001215017312408224,0.0005606383958502954,0.021202802980294738,0.00036767564836676125
Q810U5,1,305,S,test,1,0.003890848920580841,0.8500932562387932,0.005194964621410403,4.5121161446623374e-05,0.0008783993587322187,0.005015502043811467,0.00034398613182690476,0.1186996174382956,0.014973523047187721,0.0008647810379150189
Q84JH7,6,225,U,test,6,0.001205970197484405,9.263188195431786e-05,2.5823621015534224e-05,5.056019586634752e-05,1.1459162965531577e-05,0.0002297143314115869,0.9982805592569782,1.1106601012443938e-05,7.170960841354956e-06,8.500379047020666e-05
Q84K00,0,567,M,test,5,0.1570243673047476,0.13857351125328457,0.005207765803035716,0.00030312829508863533,0.0016132906174550837,0.44732075548192424,0.11578250577660877,0.039547189732916696,0.015978509423971898,0.07864897631096683
Q84L08,7,341,M,test,7,0.01367831547357903,0.00938078164357906,0.000724782439430489,0.0012328964159321616,0.0007715268563356271,0.2834019546301361,0.09272876751804181,0.5636120806616733,0.028280674267148795,0.00618822009414359
Q84LG2,0,389,U,test,0,0.9974193840968358,0.00010284665090991558,5.294092308840346e-05,0.0002657239190453133,0.0005680580174425867,1.77329883209879e-05,0.0015113205765815638,1.257457099553883e-05,3.1122363915688394e-05,1.8295892864209464e-05
Q84LH8,0,444,U,test,0,0.9965424497889324,0.00045029304345534874,2.74412400046509e-05,0.0006819371978674734,0.0007592715909337349,3.362171375487379e-05,0.0013965142191898897,1.9765184346212802e-05,5.809310485701535e-05,3.0612916658399804e-05
Q84LM2,8,497,U,test,4,0.0027218953386402268,4.503865598921206e-05,0.07414450044769084,0.01037313178250244,0.6818201215652424,0.07770277122171335,0.0019150924229705572,0.0003030116324074971,0.14977600273091804,0.001198434201925443
Q84M97,4,742,M,test,4,0.0011316856820479694,0.00013202958587496308,0.0002709070986163343,0.000874498826171834,0.9590044214845089,0.006959547495164425,0.00015196511103291002,0.003308391552421198,0.02806843711150812,9.811605265326729e-05
Q84MM9,0,441,U,test,0,0.6441866353820909,0.3394625305423405,0.004548800270356644,0.0007542649743840195,0.0011682284799535779,0.000909817283850561,0.004513401160613264,0.0005605221482448215,0.0012631561061561265,0.0026326436520095926
Q84N48,6,611,S,test,0,0.9952643645660447,0.0023266156036070317,5.893225943595699e-05,0.00013917938988314646,0.0005051352010480508,0.0002330816072955739,0.0007838983204088866,0.00037832882685745435,0.0002404804281574528,6.998379726177792e-05
Q84N49,6,674,S,test,0,0.9858000285502343,0.0018735377892546868,3.768769876714098e-05,0.00011977127011879257,0.00016116984870424318,0.00040360130756525323,0.011298879554087121,3.32592822850721e-05,6.511850314645628e-05,0.00020694619583689892
Q84P17,9,727,U,test,9,0.0025731728604827227,0.1832341283847314,0.0020676025710198525,0.014464570201933629,0.0003073217031392444,0.16170354628123726,0.05902447913468965,0.0014892382512043318,0.028099864760218817,0.5470360758513431
Q84TH4,0,382,U,test,0,0.996351201372684,0.0001578831224015635,0.00016938387888662648,0.0005677267677180332,0.002000030281293803,2.4212161327094402e-05,0.0006537686300742879,7.618694924417365e-06,5.8081959097554816e-05,1.009313159261895e-05
Q84VQ4,6,218,M,test,6,0.001836393661749219,2.4607689255558176e-05,2.0084211442090185e-05,2.1048072187118722e-05,4.561544899583658e-05,0.0009601806235390942,0.9969281271930978,5.009876715758809e-05,1.6138115478798484e-05,9.770621709689043e-05
Q84WL6,1,338,S,test,1,0.008357800063237952,0.9889389990655786,0.00041937390245250873,0.0006369758136578447,0.00015188716115353552,5.5009886442334684e-05,0.00010117867096919244,0.0002815543373090958,0.0009231811460153199,0.00013403995318367166
Q84ZT9,1,202,S,test,1,0.4031847471097314,0.4863336747145753,0.0068296260179477025,0.07755268468519003,0.0017000283341218304,0.0023974243405397383,0.0007905866474055419,0.0010311193901653367,0.016495801728308352,0.0036843070320148434
Q868T3,4,495,M,test,4,0.019155651417667757,0.00021955505655517823,0.00021955505655517823,0.0008093978808512635,0.9522692274344845,0.003515863930812788,0.00017641745036299725,0.014572851871436589,0.008908205771088556,0.00015327413018517133
Q86B79,1,599,S,test,1,0.019327189302570477,0.9459009255699301,0.0013359435631949555,0.00031239492158118036,0.00018080029832753174,0.012478570421174591,0.002219873640368382,0.0038656809357235753,0.0037467463777669445,0.010631874969362241
Q86DA5,1,1000,S,test,1,0.044628480207650666,0.7941548516713448,0.00822325453228031,0.015544155245853638,0.05912313080001818,0.0031456748234865426,0.0021960349619811062,0.009919137122897756,0.06028923238746828,0.0027760482470187186
Q86IV5,2,258,S,test,2,0.0015550801760950944,0.00043183018303558,0.8055514699037485,0.01525229795232441,0.006345697687048406,0.008439587128360878,0.0016946302595931301,0.0013723535091508953,0.15862248532892903,0.0007345678717141193
Q86JM7,8,378,M,test,5,0.018866081010570215,0.00046046199341938235,0.002865090716736408,0.00036425539030891004,0.11993801294434424,0.5903555832819575,0.0007832722521983501,0.20402143609150847,0.0612583405080672,0.0010874658108893285
Q86LE4,2,74,S,test,2,3.1644719565878234e-05,2.464493059720608e-05,0.9984369047672212,0.00035402449410364996,0.00015155937781710212,9.014740480485349e-05,5.9120115675057345e-05,2.7067160351127806e-05,0.0008034751434801082,2.1411886383758576e-05
Q86LE5,2,110,S,test,2,3.9377830345157025e-05,4.60373510004616e-05,0.9983189049744902,0.0001930688408522917,8.143177259742674e-05,0.00014291720480897645,0.00016643574953826662,3.264537184880523e-05,0.0009577715472382206,2.140935728023497e-05
Q86QI5,2,74,S,test,2,7.008474826712064e-05,4.52501138681909e-05,0.996700036044935,0.0007012943720090339,0.00041046196326858565,0.000238021585022816,0.00012890557146635813,3.7513660530213504e-05,0.00162658242761554,4.184951301721216e-05
Q86QW7,1,781,S,test,1,0.003731487179036383,0.9950016438499102,0.00020403921515690243,8.43942888353128e-05,3.803948335349145e-05,3.98650359441156e-05,6.470733446949793e-05,0.0005205237736704107,0.0002599527167979764,5.534712282569724e-05
Q86T26,4,416,M,test,4,0.004663398538657334,2.0486484789339464e-05,0.016695432541444195,0.0021814261793741915,0.955285380449129,0.003492724187344198,0.0007808557212016849,0.0005041583843743292,0.016181767157920024,0.00019437035576571455
Q86UN3,4,420,M,test,4,0.0029667399819240567,1.0932100161464766e-05,0.0038618086735171227,0.0011064267486651212,0.9825960971432146,0.0032646968303161323,0.0003427550039147943,0.0001311154837161057,0.005618898310053476,0.00010052972451716885
Q86UU0,0,1499,U,test,0,0.9943438426252976,0.002859139018103681,4.730960264185625e-05,0.00043846318968649995,0.0012153739389941375,1.2933726348538825e-05,0.0008336836185299774,8.977784873743479e-05,0.00014458980379447763,1.4886627865788882e-05
Q86V15,0,1759,U,test,0,0.9819446077713848,0.012169220518336722,0.0003167863817939686,0.000530517329904393,0.0014399847816041025,1.4027786948756361e-05,0.0032371429200938246,0.00018049944024697416,0.00015081292419077621,1.6400145495650395e-05
Q86VD7,3,318,M,test,3,0.007014807905636132,0.00183349956398108,0.0017359224448826609,0.9062828590327161,0.004036140503093757,0.024246147085845687,0.027154395785595132,8.182695418530068e-05,0.0059650289271842155,0.021649371796879962
Q86VD9,5,579,M,test,5,0.0001132779843549348,5.785672923417132e-05,0.0002407480738485324,0.00012637071408210475,3.677597634422321e-05,0.9924875893797849,0.000433815020215295,7.088754783553208e-05,0.0006226261860441496,0.005810052388256171
Q86VV8,1,2226,S,test,1,0.40220897563455266,0.5164465584751937,0.006400312174128322,0.013183987474142834,0.004503182376672501,0.011771976646863537,0.008090752610208723,0.004682568618327096,0.027992391595209498,0.004719294394701186
Q86VW1,4,577,M,test,4,0.006637575755800777,7.337764896183245e-05,0.0005093417854684553,0.007951900584968408,0.9209115762317213,0.015001894393661269,0.00013924629117746386,0.0016441754291641783,0.04657150935014129,0.0005594025289350793
Q86WI3,1,1866,S,test,0,0.9789369898534055,0.017929856093453336,9.707390030518625e-05,0.0007517077179405817,0.001110952020536332,4.73100417753122e-05,0.000725739591864474,0.00010661482006013482,0.0002659438231242694,2.7812137534845773e-05
Q86WV5,0,123,U,test,0,0.9972514773190082,0.0012674844577737544,0.00024096055736505702,0.00040353299185918513,0.0003865609160288968,8.591713211356288e-05,0.0002585129491074135,1.6918086397923866e-05,6.691233532820989e-05,2.1723255017740207e-05
Q86X83,1,199,S,test,1,0.0009253155875890501,0.9912254681126975,0.0003197804767837735,0.00035121017043554043,8.148730941660581e-05,0.0005568647437364087,0.00011856334289376187,0.0024141900912731397,0.0034921045197144306,0.000515015645459762
Q86Y13,1,1208,S,test,1,0.2817682233732196,0.6865711713902481,0.00041705375907540986,0.004448857949205043,0.0028058595211918366,0.003805309812163845,0.004698930185957978,0.002827865976746295,0.0092722156341925,0.0033845123979993697
Q86Y34,4,549,M,test,4,0.00041287272352602284,1.0076931516152467e-05,0.0005668155038651386,0.0001276524284635284,0.9947519940199222,0.00013067963466014584,5.0381483443859426e-05,0.0005103278723250114,0.0034233461655119725,1.5853236765993766e-05
Q86YI8,0,300,S,test,0,0.9979445919081409,0.001047412451461834,3.6978178750015424e-05,0.0002249756224487196,0.00045937151395500386,3.3861820356377866e-06,0.00023715797581468225,1.565754696048977e-05,2.7912596233512344e-05,2.5560241991650393e-06
Q86Z20,1,511,S,test,1,0.005791414537000411,0.9758702937333219,0.00044745901788157566,0.0020290108656543814,0.002409510124019955,0.0006021218829784629,0.00010965454427658323,0.004730278252209154,0.007278262993613528,0.0007319940490440687
Q8AY79,2,258,S,test,2,0.0016694903637645587,0.0005505394666465734,0.7752172961369479,0.025510264608096824,0.003046766627667037,0.028127200953899326,0.010592801516117158,0.001240659856685735,0.15028272597171874,0.0037622544984561475
Q8AY80,2,258,S,test,2,0.002144131135318054,0.000685305400613844,0.6328505945511783,0.03528703416703337,0.0033208951730964798,0.06828375238199554,0.012655918630067266,0.0018921890510814768,0.2364789870400798,0.006401192469535892
Q8BG17,0,217,U,test,0,0.998027941141234,0.0002759382622100214,5.727770804235242e-05,0.00013527186128593682,0.0003728598230147465,3.263585522743414e-05,0.00103125984245989,1.1103790768507955e-05,4.46079249885114e-05,1.1103790768507955e-05
Q8BG60,1,397,S,test,1,0.10456164400242526,0.39230612557223665,0.003786406828886155,0.13038348863643162,0.10294056887842372,0.05371870223260626,0.016837440120900583,0.0065423237603996435,0.1707176872538878,0.018205612713802288
Q8BGC9,2,288,S,test,8,0.0020453718041309925,0.0002682943888719877,0.1812640131944246,0.012977743531530696,0.12169490019109107,0.31319612289244236,0.0014278996979862361,0.0011654178388261435,0.36048653750136544,0.0054736989593305
Q8BGV8,3,463,M,test,3,0.026685286855392922,0.000987318364471087,0.0004246403782278935,0.9406887483957906,0.012954666542423577,0.007714838411919692,0.0007933326575947633,0.0005895547921393662,0.004442172215222271,0.004719441386817782
Q8BH00,1,487,S,test,3,0.1374107020688382,0.0012361933634446613,0.005990421475662564,0.7370544765753674,0.030540939808892748,0.02228974393046863,0.01159203346660706,0.00022512753198332885,0.045847379254273395,0.007812982524462084
Q8BHD1,1,476,S,test,1,0.047871214296602,0.9466120776745117,0.00022517878515323518,0.00044087865627724274,0.0002674064066631456,0.00015236357568531312,0.00021153588415971696,0.0016126671407399205,0.002070705444877408,0.000535972135330265
Q8BHP7,2,681,S,test,5,0.001185694428554077,0.0004361925935611335,0.2993395803298133,0.0004361925935611335,0.02254788299944912,0.49352751162979125,0.0009984548264809093,0.003738805034534988,0.17324445439862668,0.004545231165627431
Q8BJ05,0,735,U,test,0,0.9988293023690059,0.0006309027067376062,3.422954604901382e-05,7.360508586579409e-05,0.00019203900538510756,2.2100255529776096e-05,0.00015827581183806613,2.3160868230240468e-05,3.2662061038737385e-05,3.722290319742454e-06
Q8BJM5,7,460,M,test,7,0.034594165394858004,0.0007040919986547421,0.00035403969893126535,0.004346914384708872,0.07526602241616859,0.24296167838876148,0.0012551798126985978,0.40688426366719826,0.23183568220381467,0.001797962034205482
Q8BL65,1,612,S,test,1,0.020498175826353115,0.9723451446991942,0.00015897008921700158,0.0007124545162971194,0.0004528636489763856,0.0002041216422572911,0.00022771413929892622,0.002539473899433934,0.002137407495676746,0.000723674043295252
Q8BMB0,0,1264,U,test,0,0.9964204884807946,0.0013272055044999138,4.667341011558839e-05,0.00022266637754482014,0.001058140511531912,1.0744828994981737e-05,0.0007651329646055716,6.280594130245653e-05,7.695144147270497e-05,9.190539137513191e-06
Q8BND3,1,1181,S,test,0,0.9946179088379171,0.002927748225491611,0.00016388688066598355,8.176619797901947e-05,0.0012827912167324136,5.98214299595337e-05,0.00028763043452951007,0.00018426297017928931,0.000378083086736211,1.610071980930633e-05
Q8BPC6,3,396,U,test,3,0.00019204438537103494,0.0002401729629515962,0.00014581458515426028,0.9988572785065183,7.713962938417137e-05,3.4230506766958606e-05,0.000105026313018822,1.5517249070552267e-06,0.0001528123822050986,0.0001939290037227283
Q8BPQ7,7,1093,U,test,1,0.05236439837922601,0.4348174084143796,0.023044478405764086,0.2742359072815915,0.004131647338699334,0.027153032203983875,0.006602353490170317,0.005141918139255622,0.133651898804887,0.03885695754204271
Q8BSF4,3,406,U,test,3,0.0003143875530538692,0.00018142127489750637,6.100635476195447e-05,0.9985935155838066,0.00035459906438840394,5.4685744894004676e-05,3.369091085634362e-05,9.959014341831597e-06,0.0001821313356056158,0.00021460316339388504
Q8BT20,2,105,S,test,2,7.34369220361372e-05,7.817319876418756e-05,0.9965472736665898,0.00015791419157100116,0.0002370573044651068,0.0004989183452688878,8.321493470578156e-05,0.00010938396793658565,0.0021799383228955607,3.468914576696545e-05
Q8BTE6,2,63,S,test,2,0.00011518209362945946,6.771205563280078e-05,0.993524809051781,0.0004944992336209551,0.0011173678834742135,0.0004609239522388282,0.00044153809644900075,5.2734207352759014e-05,0.0036396373592102824,8.559606661068389e-05
Q8BZQ2,2,495,S,test,2,0.006261612546701315,0.0019246617659612402,0.39657901371700816,0.07307373288414691,0.023862983152211647,0.32367835782726045,0.004510070848810147,0.002081055745563206,0.1627557046729512,0.005272806839385725
Q8C0D7,0,249,U,test,0,0.9983892039233652,0.0001434866830931702,5.176483001073039e-05,2.9265180772041855e-05,0.0011508699719295144,1.1460409948761744e-05,0.0001835222646854603,1.3190851085160371e-05,2.3515234758848545e-05,3.7206503510968284e-06
Q8C0V1,0,768,M,test,0,0.9951532347969791,0.0012116211562004603,6.997597989859676e-05,0.00024424014230856235,0.0015078868716856405,2.783452093124013e-05,0.0016367956589909399,4.37898472500801e-05,9.126587669717516e-05,1.3355149058143947e-05
Q8C1E7,0,343,M,test,5,0.00952855473971202,0.0003954084724860726,0.00017274118298736028,0.00035444186354334034,0.007231265592824252,0.7149153174510037,0.015549665862685205,0.19544696323221977,0.05301641541387694,0.0033892261886613933
Q8C1Q4,2,291,S,test,2,0.0007172798331133349,0.00016384217530679185,0.9562537798189384,0.0018316384139580423,0.0010036549286694834,0.019538725629738327,0.000623183527381365,0.0002071159246393476,0.019235805469944703,0.00042497427831012435
Q8CCG4,0,296,U,test,0,0.9970248691282703,0.001167396101258029,5.812122854037657e-05,0.0002838564156544402,0.000949086308386248,7.623845969442487e-06,0.000412404094903931,2.788687143895112e-05,6.383368060606372e-05,4.922324972299702e-06
Q8CCH7,0,1151,U,test,0,0.9958020680535434,0.001226702574181523,5.6263937170296255e-05,0.0003399783445985126,0.0007782181556999404,1.0907261636980003e-05,0.001670166872530257,4.247024833811369e-05,6.17938400398075e-05,1.1430712261157413e-05
Q8CCK0,0,372,U,test,0,0.9993853136391028,0.00018336928703492685,2.0772825347416686e-05,3.319488170743482e-05,0.00019507649150423423,1.2022388935067574e-05,0.00013812747185997025,1.3837685711538976e-05,1.5197724020809922e-05,3.087604775859876e-06
Q8CD91,2,447,S,test,5,0.04142603079848383,0.00047203606466332315,0.28587369332926715,0.02119971342133317,0.05695542187606289,0.4862875546877481,0.005154783122959245,0.019683266886344666,0.07754533318956984,0.005402166623567777
Q8CFH6,1,931,S,test,0,0.9418576419095095,0.04689233034593605,0.0005048995403721565,0.0049757096298633004,0.0018040635736711486,0.0003752094367877826,0.0006090250137452361,0.001011987921639095,0.0017485583776888347,0.00022057425078686574
Q8CFI0,1,1004,S,test,1,0.07168305272622078,0.795128957588671,0.011793716164661634,0.0005646802292109877,0.0058383128201907756,0.020337951186927265,0.011209767629136835,0.0365763808124248,0.04116411281659791,0.005703068025958083
Q8CFP6,0,273,U,test,1,0.10261428236711907,0.8727089661090988,0.001213461612194525,0.0012917230919501385,0.0006806902741001654,0.003932433157083193,0.006847926335782671,0.0039018308289601603,0.0037817842818123255,0.003026901941898955
Q8CFZ5,4,553,M,test,4,0.004360558698190901,6.712304077701066e-05,0.00019728558505318098,0.003801490556508554,0.9696130518116715,0.006042223460593139,0.00018245933474319412,0.0013534790909592268,0.014158774573433711,0.00022355384806961516
Q8CG85,2,686,S,test,2,0.005195217098095371,0.0003951723027337419,0.7034111505882729,0.000531762467418671,0.2587705134192843,0.0038382020154478537,0.0013685531224012612,0.0008236097620944326,0.025422360630803414,0.00024345859344812406
Q8CIG3,0,826,U,test,0,0.9976644476440362,0.0007310064655507097,8.074510174650898e-05,0.00036757312654039063,0.0007374596004157124,3.9971721959962564e-05,0.00023364368614913565,2.7472136470815508e-05,0.00010048889522668058,1.7191621903911996e-05
Q8CIV2,5,574,M,test,4,0.08350000474101395,8.901918712501497e-05,0.0009132201023205689,0.01147285002919085,0.7213299821786188,0.1511989821715349,0.0009132201023205689,0.0025611892169633676,0.026792660174661514,0.0012288720962504644
Q8CJ40,1,2009,S,test,1,0.07338400257296723,0.782812722277324,0.006214939584625232,0.0010225182732570444,0.0035969310328295306,0.012408258515468082,0.0004906096194703729,0.10511773183039021,0.012215885453885692,0.0027364008397825377
Q8CJ78,0,1038,U,test,0,0.9933345314534013,0.000989260384483651,8.557967518634344e-05,0.0005366709663608875,0.002349476329200199,5.190669615422135e-05,0.002377171301422964,3.4577315079645545e-05,0.00021347297290219002,2.735290580857403e-05
Q8GS71,1,1035,S,test,1,0.0343995554594718,0.9443941311020343,0.00029761444607323757,0.002779910050624637,0.0018231096094968827,0.0008544742685990036,0.00016694656638221642,0.0017126529896978365,0.012654888439290215,0.0009167170683299182
Q8GSA7,0,1032,U,test,1,0.3068791322106606,0.5556862879888048,0.002961893846110761,0.0004200858927005655,0.006369073080698945,0.00043342086162353517,0.0009175518929854633,0.11831243710229815,0.007682568654660954,0.00033754846945616086
Q8GSI0,0,179,U,test,0,0.997498332349392,0.0005463392654965761,6.589125457860173e-05,0.000324962204380931,0.0004892573339866317,1.5407906181142107e-05,0.001010776966346364,9.948092424631356e-06,3.0167215233867483e-05,8.917411979287358e-06
Q8GSP8,5,371,S,test,1,0.0011988677266171644,0.9703594781722744,0.00038656378337432676,3.9489977554157076e-05,7.898492458753648e-06,0.0017055994256651413,0.02246686707639154,0.0016807971404922749,0.0001797688517715976,0.0019746693534006487
Q8GUK1,3,602,M,test,5,0.011400628172399849,0.003615503051800114,0.006874432949357744,0.004344126777686839,0.00040564820893851134,0.9417416675368658,0.003044558993601612,0.009316287223080658,0.0031167583809168513,0.01614038870535194
Q8GUK7,5,243,M,test,5,0.05017126719451392,0.2508405742693315,0.022613963091174177,0.045949913518549955,0.007815175682478422,0.4368129368528603,0.0202710255791703,0.08677288136745535,0.05372088770035572,0.025031374744110393
Q8GVZ6,0,276,U,test,0,0.996294132963961,0.0003043102709358408,7.634292189018304e-05,0.00016288554240780813,0.0013853010249215596,3.25791603014699e-05,0.0016840978083813194,1.2365654656094957e-05,3.522647000642377e-05,1.2758182538361417e-05
Q8GW20,6,523,M,test,6,0.0011061528460978172,2.1735696919580135e-05,1.6152597814079114e-05,6.413480553295503e-05,2.20779834530994e-05,0.0008156259940011351,0.9978227049920437,1.2579655839227048e-05,9.951326944391465e-06,0.00010888410135400133
Q8GWD5,4,178,M,test,4,0.007236089501515949,5.089705043276412e-05,0.000555811924581669,0.0014758546061040575,0.9294097355869626,0.022375958884777038,0.000446607412784686,0.0047594668513777656,0.0330695251895197,0.0006200529919437477
Q8GWE6,0,413,U,test,0,0.5816333214503508,0.38745132549961114,0.002303869668144332,0.0005472170791503312,0.0035683033897792324,0.0007249447578951775,0.009521339934410337,0.00874580893119008,0.004973488370279272,0.000530380919189267
Q8GXA4,0,489,M,test,5,0.23683850946951432,0.004237362269463604,0.0035128966685435757,0.030480452499305682,0.0033520295498023207,0.5132771834393766,0.13923017962673345,0.02964381561125907,0.011251523387358183,0.028176047478643277
Q8GXN9,0,930,S,test,0,0.9990441151336455,0.00010062786334926388,6.970288986163088e-05,8.607157914796524e-05,0.00020169197866700794,0.00026357022912400094,8.880377462953559e-05,2.5442709130440256e-05,9.453113331416153e-05,2.5442709130440256e-05
Q8GXX0,3,191,U,test,5,0.003285848872730832,0.0645952348476277,0.015798854954958048,0.026200982648468325,0.005949903512470473,0.4440223997003019,0.025744442752314176,0.017624897192934825,0.11009501980245967,0.28668241571573405
Q8GYB1,3,285,U,test,3,0.12281358164471612,0.02529456450461525,0.001407644353298854,0.6236988266655639,0.008260200679288725,0.007092977363523792,0.20248536637695144,0.00040329681105459434,0.003147489371389232,0.005396052229598184
Q8GYD2,0,230,U,test,0,0.9989640506006682,0.00030083561489557337,4.53529000139528e-05,0.0001698280706646379,0.0002908688616534087,1.4049672721506072e-05,0.00013860962556715853,1.3198445623333301e-05,5.55675342425469e-05,7.638673949663594e-06
Q8GYJ3,0,289,S,test,0,0.9910105634713726,0.0014497359177265514,0.00012917498269480023,0.00011135579625445704,0.0007639571442909416,4.499181049016835e-05,0.006272814631738501,3.908956013953445e-05,0.00016202173032689717,1.6294954965524606e-05
Q8GYX9,1,286,S,test,1,0.009487142406184796,0.9829541192588125,0.00018496983082449942,0.005280390275596157,0.00029558093481970834,4.325305001768358e-05,7.13122174165705e-05,0.00015334537087797933,0.0013298865855951175,0.00020000006985502477
Q8H191,9,497,U,test,0,0.6625025357207375,0.05183423376895554,0.02394386039043598,0.013966329574619449,0.0065972265700920164,0.11693864465496165,0.08292191581817003,0.0033172939863175084,0.02275831654009116,0.015219642975619148
Q8I948,2,156,S,test,2,0.0018076428551806892,0.0004789776868710934,0.9511280622514334,0.002088727451145332,0.0008021367061226702,0.005645698624223425,0.0027455802626500073,0.0007190306499211089,0.03384228835533778,0.0007418551571144981
Q8IN43,2,129,S,test,2,5.2160130307820255e-05,7.413449221957745e-05,0.9981844835118193,0.0002557402152324919,5.6398547030230654e-05,0.0002337654676949423,0.00010373279973866745,3.6413639495479004e-05,0.0009765304095775551,2.664078688395631e-05
Q8IN44,2,129,S,test,2,3.6921527879579554e-05,8.064403178852515e-05,0.9964156449984086,0.00034689744229743005,5.9929554461991255e-05,0.00028590788991859087,0.00022617178134749595,3.809354280523988e-05,0.0024698675420361427,3.992168905633189e-05
Q8INM3,0,1420,U,test,0,0.9976569894137158,0.0010845777968669398,4.7467238141321e-05,0.00021948628889260888,0.0003946343795444511,1.1274457497335072e-05,0.0004761361584615519,2.173208694737394e-05,8.137778205629034e-05,6.324397876291566e-06
Q8IRB5,0,1465,U,test,0,0.9931310170169241,0.004972822674257306,0.00010160755841558064,0.0004707471110035915,0.0005129911186775252,8.083847491516108e-06,0.0006658075379794228,6.162809076567814e-05,6.458568760482404e-05,1.0709356880489714e-05
Q8IS21,1,1529,S,test,1,0.042635466632941627,0.8869979921330942,0.006825428878424471,0.022401586032835017,0.0029127355480166052,0.004764917742031624,0.001375878919499763,0.0008745617759805619,0.025508573116942164,0.005702859220233999
Q8ISB6,2,482,S,test,2,0.0011489667545546763,0.0013967884388106507,0.71792354163621,0.001418784532395001,0.0006054629504545351,0.15048495346726432,0.0038566564799186625,0.000998239525894901,0.11904339072937109,0.003123215485126204
Q8IUH2,2,290,S,test,5,0.004308776963726392,9.97616995970302e-05,0.034156967188176984,0.0022528963446430774,0.20438981935097997,0.4001758562430142,0.00228837415091257,0.0026134053014651468,0.34767882085378815,0.0020353219036964433
Q8IV08,5,490,M,test,4,0.005588594795933057,0.0005198203266431079,0.008930549167761717,0.018694838719747194,0.7791689541901885,0.07536103655595487,0.003184285431998707,0.0019926748340436955,0.10381422019621903,0.0027450257815100987
Q8IVM8,4,553,M,test,4,0.017402246497186385,0.00025639089146783076,0.0009526077139045612,0.009144628369372552,0.5504977672333022,0.11360163923203029,0.001322564894393655,0.01056659867670425,0.294660238765216,0.0015953177264221884
Q8IVP5,3,155,M,test,3,0.002368380798400574,9.219151318891426e-05,7.642944602418781e-05,0.9896613431062593,0.0014630409529126644,0.0017302081812572727,0.0009930898740103868,4.0275492502070684e-05,0.0015650220561395285,0.0020100185793050585
Q8IW35,1,865,S,test,1,0.015770672749403476,0.9605701551223983,0.00023209744520424807,0.0022020792585872957,0.0016364463496138682,0.00038869007115429515,0.00012423280651784592,0.010505533109416595,0.008149818930565248,0.00042027415713881026
Q8IWC1,1,876,S,test,1,0.007158219835407134,0.9902414708725362,0.00046663521926605553,8.665667726831175e-05,0.00017368904133318198,6.33993842762182e-05,2.296173449798693e-05,0.000512498548834192,0.0011381385881485088,0.00013633009843213784
Q8IWF2,5,684,S,test,4,0.00629445049737947,1.937959206209288e-05,0.0075703457095270075,0.0037659363862501166,0.5481041283138299,0.3947846146207531,0.010036426048345379,0.0008910010559854512,0.027076137354956984,0.00145758042091041
Q8IWT3,1,2517,S,test,0,0.5540610898205551,0.32571568141101404,0.0007125002311790157,0.0019067495623515587,0.005474426194532643,0.007084433432242455,0.035419939437474526,0.031105734489832473,0.03353492380215951,0.00498452161865869
Q8IWX5,5,399,M,test,5,0.002870745586129475,0.0009411407428451512,0.00012345079403125388,0.0003008066612503645,0.0007104103216722283,0.9545236723532174,0.0027446400713481323,0.026867031392930386,0.008964243436996035,0.001953858639579572
Q8IY17,5,1366,M,test,4,0.07389213455102726,0.0003907914670391499,0.00024840216380673,0.004835786501005057,0.5417441357199798,0.33901484244265645,0.0009229260418733546,0.027077417095212525,0.009825963008300884,0.0020476010090988202
Q8IY21,1,1712,S,test,0,0.9510885420964156,0.03033477046210554,0.0004360960148204406,0.0010793479583533542,0.0020164876259268247,0.0029111397784830385,0.005109209682638232,0.0015102793823980544,0.004971396768447862,0.0005427302304110367
Q8IY49,7,270,M,test,5,0.0032560698496682705,8.542605380886516e-05,0.00029354360226602433,0.0007613941261278139,0.00716965858363541,0.46111427464792026,0.003791890480329535,0.2318628218195947,0.2885579573665123,0.003106963470136813
Q8IYW5,0,571,U,test,0,0.9913886655575307,0.005081818212333558,7.77685309187693e-05,0.00021640993799093097,0.0008249387998559643,1.8762532790723647e-05,0.0022028052352416278,8.541202661524468e-05,9.092062528010659e-05,1.2498541442357327e-05
Q8IYX3,1,515,S,test,0,0.9787767139298549,0.01557517920928944,7.677920496881951e-05,0.00039605727819436414,0.0010496038757935484,4.3747471938750835e-05,0.003214119805414794,0.00023283006684741167,0.0006062788647119167,2.8690292986036255e-05
Q8IYY4,1,767,S,test,0,0.9503220532661762,0.0357142895962688,0.0002726819838358579,0.009244126826366798,0.0021828451710815345,0.00010512827006084448,0.0005817953262614327,0.00017882920662746886,0.001311095960665387,8.715439265562972e-05
Q8IZJ1,4,945,M,test,4,0.0025170177222889984,0.00012051420122310093,0.02444711468743489,0.0005572520210111061,0.8753617840544993,0.024068098071521958,0.00023229718071058556,0.002965771771303366,0.06964334717139542,8.680311861128501e-05
Q8IZS7,4,167,M,test,4,0.000962695465958322,8.41193884859067e-05,0.0019352256972159103,0.0003301095492331174,0.961247397350832,0.0005793602845050382,8.026727867264434e-05,0.024828241252275896,0.00987599215111299,7.659158170816719e-05
Q8IZT9,0,166,U,test,0,0.9947466740917685,0.0011157416120297096,0.00011991772630686152,0.0003580081859206005,0.0014552014893352942,2.3798401598661452e-05,0.002092638155383044,1.768546913023977e-05,5.798842095776228e-05,1.2346447569293378e-05
Q8IZU0,0,186,U,test,0,0.9984825348377336,0.00022619869984757376,5.4679666749046466e-05,0.00017241930906307447,0.000444608924482473,1.2987559267291648e-05,0.0005653412042141508,9.651533977268956e-06,2.6648742987386482e-05,4.929521678064095e-06
Q8J025,4,514,M,test,4,0.005576908196522109,2.2702692526287825e-05,0.0008065743802770143,0.004450643399954812,0.9638910629871519,0.012518760096459277,0.000236567481951556,0.0005289643816071656,0.011668767046100323,0.00029904933744955557
Q8JZL0,0,594,U,test,0,0.9974701682457987,0.00044557005739858925,4.321131895764279e-05,0.00012213964118165853,0.0009758315551721596,3.211192667002689e-05,0.0007810457475822449,2.833867542378963e-05,9.147836570396126e-05,1.0104466111208819e-05
Q8K0T0,5,780,M,test,5,0.004290217617958095,7.126721315107868e-05,0.00017916575949907117,0.0022585788253920635,0.0036624570630736097,0.9823337986259061,0.0005561977850533572,0.001163752772415819,0.0029673968093193543,0.0025171675282314766
Q8K0T4,1,488,S,test,0,0.9422086810587779,0.05484312272878161,0.0002746114082397463,0.00023124599176794773,0.0007464712154538944,0.0001127003021844089,0.0005905073529190441,0.0004320244085686153,0.00048195804965879877,7.867748364811386e-05
Q8K1M4,0,789,U,test,0,0.9814087830716854,0.006020913882312538,0.00014382817728289396,0.0063593523178105136,0.003995156414737176,7.23213458203963e-05,0.0011672073840124045,0.00012111546049275708,0.000619899195688078,9.142275015785407e-05
Q8K1S2,4,956,M,test,2,0.001372010899409313,0.0008321666892750749,0.7805724068104992,0.007330610345571073,0.031349043988431205,0.032725434432205075,0.0011920237332193667,0.0014378551719639325,0.1421527997742222,0.0010356481552034826
Q8K1S3,4,945,M,test,4,0.0018860292049348508,0.0002937866758189256,0.11852200701671264,0.0004341885933159672,0.7490821716094566,0.021249825802491597,0.00031273431777944485,0.005106771525250511,0.10297371025546803,0.00013877499877148108
Q8K1T0,5,453,M,test,4,0.0025148327858306114,7.788262371444024e-06,0.0012719685444368975,0.00042855982621426873,0.9871900642443978,0.0026927573494339146,0.0005996629742043542,0.0006689724241525569,0.004553774058297606,7.161953066058525e-05
Q8K203,0,606,U,test,0,0.9979393259517448,0.0006528950808426939,2.140121620819672e-05,6.643741108462606e-05,0.00019074696937722196,3.4737605225404735e-05,0.001015181569913253,1.9792889556395324e-05,4.937208682012366e-05,1.0109219227231425e-05
Q8K3P6,3,469,M,test,3,0.0017065686008672274,0.011403255052188262,0.006529181598037361,0.8703189291655717,0.0004247985391414432,0.044012985820275484,0.017101602926136075,0.00015146659348502185,0.008898226661115104,0.03945298504318233
Q8K3Q3,0,521,U,test,0,0.9931428504797513,0.0012947224407690895,5.6113688014519004e-05,0.0006943698440959576,0.0013944710473578418,3.796842093293082e-05,0.0031857476801737607,4.302385454551316e-05,0.00011335277022929311,3.737977412978328e-05
Q8K3W2,0,274,U,test,1,0.2305561004334828,0.7327058081184384,0.002106824246862654,0.015843509406509377,0.0016536654712482508,0.0027910886953235255,0.001918285362495444,0.0023138937693053876,0.007920073666334715,0.0021907508299994064
Q8K4G5,1,861,S,test,1,0.00055895630133804,0.9949485205043084,8.179337717494604e-05,7.106331860190589e-05,7.927686350701427e-05,0.0001286790375270588,5.534416856368027e-05,0.0027086246212566535,0.0009324262051262996,0.0004353156025959786
Q8K4I4,2,270,S,test,2,0.0008921923767732433,5.2749628072581024e-05,0.9632389118063228,0.004370134129937812,0.0038906750871295177,0.010784543572196367,0.00041490797208019054,0.00038372714814636745,0.015691417504522076,0.00028074077481900716
Q8K4S7,1,938,S,test,8,0.17665347509203785,0.04886364990935398,0.0013072687411275175,0.0059047225430307335,0.2958388884876816,0.0059047225430307335,0.00035738738580147494,0.026794689252974575,0.4372215354717513,0.001153660573210268
Q8K4Z6,4,928,M,test,4,0.0008634384843224222,6.515630124280533e-06,0.00010034145179147442,0.00044402620532660016,0.9962005831184746,0.00015063035016243457,2.5370293109243314e-05,0.0004431598133271146,0.0017510202277911124,1.4914425570749042e-05
Q8K596,4,921,M,test,4,0.0010818352990878733,1.4075955744892394e-06,2.7833991689379353e-05,0.00018221081143954143,0.9951343431297853,0.00044790372366801726,4.049822218519853e-05,0.0001380782409707936,0.0029292685493621322,1.6620436237279515e-05
Q8L5W8,0,416,U,test,0,0.99690776209547,0.00041498144500303147,3.994140536076137e-05,0.0006611985097820194,0.000844035639649261,2.7883595737348677e-05,0.0010220861207699409,1.469362256250875e-05,4.669623700489095e-05,2.0721328660208427e-05
Q8L607,3,386,U,test,0,0.4963908756869551,0.3411641395103829,0.0090209636207137,0.006009257356571564,0.020170852401031746,0.004034424172473902,0.05928543541148234,0.04135760636051926,0.017052041247589224,0.0055144042322803
Q8L735,6,882,U,test,6,0.015160464359670113,0.0004040126676530415,0.00015334590605230514,2.1749075095696417e-05,7.710716764210314e-05,0.0007344357149620139,0.9829575814482228,0.00023936958548596702,2.70671618601208e-05,0.0002248669133558623
Q8L748,0,1101,U,test,0,0.9896299644725541,0.003829152944415974,0.00010284380240640164,0.0028455847632499367,0.0010674789515614889,5.012206951255275e-05,0.002021766815454233,7.885308470548469e-05,0.0003046454927226989,6.95876034170508e-05
Q8L7F7,0,739,U,test,0,0.9616252121223355,0.010273443467995054,0.0002716474391971416,0.00032766934387042616,0.0004693646884657882,0.0051206084565778645,0.013824429272887292,0.0003078168936495499,0.0058794123668634455,0.0019003959481578585
Q8L7M0,5,465,M,test,5,0.05919182605487097,0.0009058295866508959,0.00015496917401601788,0.029416763807753796,0.05560557458147718,0.8364953233568441,0.002790151773328213,0.0024052610462913303,0.009872644716948886,0.003161655901818622
Q8L7W8,2,843,S,test,5,0.0030971607357845065,0.004613207093143842,0.031525547359601516,0.00019799484427653782,0.0007356401193657875,0.7461008433992358,0.018824765111200042,0.02771273478398705,0.1539666180555558,0.013225488497849101
Q8L856,8,239,M,test,4,0.33030254215929017,0.0009875866986891531,0.0012100164520644381,0.001392720523922038,0.46580124701206616,0.09389682275356974,0.0012290715450989143,0.04418080003427668,0.06062434717804324,0.0003748456429794585
Q8L9A0,3,270,U,test,3,0.0002952395553256885,0.00031690049046910457,0.0001768991795077121,0.9987421303030262,8.471155165453905e-05,1.472065960031029e-05,0.00024084986115734144,2.3291465562266078e-06,7.022834204199804e-05,5.599091066093036e-05
Q8LB10,6,305,U,test,6,0.0034765714122682104,0.00018068779071719253,3.461984062620308e-05,1.82433729566849e-05,2.613242667992947e-05,0.0014267820428465348,0.9945562230790493,7.103530034237539e-05,1.661078079766297e-05,0.00019309395371586198
Q8LBP4,6,462,M,test,6,0.001100679102094565,9.177204137575238e-05,4.7240192742692536e-05,4.369003857206501e-05,2.48938327190445e-05,0.005210182350562322,0.9928849999968044,3.4025835699957546e-05,2.608851397250799e-05,0.000536428095456793
Q8LCT3,6,236,U,test,6,0.030172641091160666,0.00035541446443657044,8.408921680582988e-05,0.00034447948504126997,0.00011140010804659234,0.0002065031901867016,0.9684390630784767,1.8616826940478265e-05,1.2795145415858166e-05,0.0002549973934892959
Q8LD38,3,108,M,test,3,0.0015875011955911265,0.00014823853529839328,0.0005550927368908872,0.9651827412185893,0.003911874094904962,0.01781658754419708,0.0014510935269541462,0.00012482936500580354,0.007485310236833705,0.0017367315457346348
Q8LDF9,0,241,U,test,0,0.9990026235814732,0.00029173353339492244,3.789522770946945e-05,0.00011313424922133306,0.00023281750050170672,4.285073322434171e-06,0.0002900291548960133,8.792399862493694e-06,1.5191904641205478e-05,3.4973749772722143e-06
Q8LDL0,6,231,M,test,6,0.0003580478740463355,2.8154240401910183e-05,1.7481365312374922e-05,0.00021526669051985243,1.950187150223162e-05,0.00037965409259988923,0.9987507090074769,1.0602984058117964e-05,2.3523748112991262e-05,0.0001970581259694672
Q8LDV3,6,185,S,test,6,0.0011326987973883714,4.8236129915987734e-05,7.169660567649315e-06,2.5418653239591735e-05,1.7745081242357822e-05,0.00043499176850031864,0.998099582231832,6.670815205234893e-05,2.0746100763105966e-05,0.00014670342449825548
Q8LE52,6,258,S,test,6,0.0007841523863951644,0.0005090134958572317,0.0002442273328995567,0.0006447112737313691,0.00010504086420825487,0.0009477175484588063,0.9951009463517301,4.6611601276198364e-05,0.00014469989850433862,0.0014728792469390524
Q8LFC0,3,367,U,test,3,0.0008312444110582345,0.0012912339776757116,0.0003355252669427764,0.9962874122076705,5.807824037230449e-05,9.956927004931515e-05,0.00015542543308420684,4.767352240143344e-06,0.0004063047893259911,0.0005304390515808324
Q8LFH6,1,137,S,test,1,0.10371255877736339,0.7544569267279706,0.006351267902056056,0.11479933722620833,0.009026972014003857,0.0004238495340333217,0.00481295235832441,0.0025362478495464342,0.0016763573597691679,0.0022035302507244095
Q8LFP1,5,241,M,test,5,0.0035413499467153225,4.457901730589046e-05,0.00010693950145105447,3.934084400173574e-05,0.0003506411435768687,0.9819181743233869,0.006362653375764838,0.005072749621664299,0.0018552576962843198,0.0007083145298487236
Q8LFP9,6,220,M,test,6,0.0008613302287700654,2.207433116663803e-05,2.424391057155917e-05,5.549486600270509e-05,2.970425978700125e-05,0.001080350153634675,0.9976576851642451,3.6679867055585064e-05,3.47278005647726e-05,0.00019770941820188747
Q8LG50,5,389,M,test,5,0.0011017413252010374,2.2627117160080603e-05,0.00015706333288290544,0.00012042464084747406,0.0010691485243780631,0.9911777149393194,0.0037756831333422077,0.0006876029743189208,0.0013849329153841458,0.0005030610971657224
Q8LG77,3,374,U,test,3,7.776524800109294e-05,0.00023953383009566877,6.730020876531598e-05,0.9991219921866957,1.0943626275298563e-05,1.9816345789116692e-05,8.213646883612722e-05,2.0562463885949644e-06,0.00011537941061919981,0.0002630764285338476
Q8LGU6,0,744,U,test,0,0.7578602822207618,0.21376430786538983,0.004135306996417961,0.0026908953446411355,0.0006194793027416619,0.007939936693867123,0.005330621026414258,0.000600419958397849,0.0037359383622155504,0.003322812229152752
Q8LK61,1,496,S,test,1,0.01020580413763095,0.5153424496554491,0.006798531394165063,0.12433215336726351,0.009220175144898587,0.13548950288303052,0.0072369990236306825,0.00326197104505717,0.060831811717840065,0.12728060163103436
Q8LPK4,4,1013,M,test,1,0.0043190341588205386,0.9850765376260384,0.0003986064515813261,0.0009267878464662538,7.035822022525133e-05,0.001100587681529555,0.0006780524143559613,0.0013537460219108963,0.004743531373038733,0.0013327582060330854
Q8LPQ9,0,901,U,test,0,0.9820724624974565,0.015385339807616102,9.738482222275275e-05,0.0008903022340252775,0.0006839529475141377,7.825090314826461e-05,0.00016308889032835348,0.000258587166014966,0.00031931253678502835,5.1318194888667655e-05
Q8LPW2,3,148,U,test,3,3.068667684806784e-05,0.0004057997482178675,0.0002855157777099273,0.9989435680299092,0.00010503538323635488,4.8553371793724245e-06,1.4495359265361781e-05,2.188471951959068e-06,0.00014682747722797717,6.102773845386557e-05
Q8MIR0,3,373,U,test,3,0.0004985480538513712,0.0007966775187914704,0.0002965360301580175,0.9977544354430306,6.338327041183156e-05,3.5278104016422927e-05,0.00014622367463338758,3.082566206426506e-06,0.00016569313391580993,0.00024014220498469192
Q8MLZ3,1,867,S,test,1,0.07860624116680195,0.459471126765624,0.0032955600850363004,0.07753886363136074,0.06749863344256368,0.013659717276046063,0.026536300367359412,0.011867767114346311,0.2478660728748155,0.013659717276046063
Q8MMH0,2,109,S,test,2,0.0004818318244667722,0.00045976716629007706,0.9718630591031262,0.0019131404632936361,0.0004971268163164072,0.0053030248868523935,0.003949542381496419,0.0003932596853470535,0.014642120856494596,0.0004971268163164072
Q8MQ70,0,846,U,test,0,0.9970856831371832,0.0009163555840788818,6.284786931913225e-05,0.00030395778739827277,0.0008951282436375291,1.1808764225552935e-05,0.0006472601627296978,2.7030530373515025e-05,3.811915682866775e-05,1.1808764225552935e-05
Q8MU95,2,488,S,test,8,0.001694257216600249,0.0014045885249066219,0.18111268522936572,0.01327441042172035,0.003558830289735415,0.34910382453750566,0.007217171469845003,0.0015187222281159746,0.4344667397070787,0.006648770375126256
Q8MUG0,2,274,S,test,2,0.0039059503130676764,0.00027639164134410013,0.7047291756978974,0.05391997746075389,0.015508795946964322,0.04232227645302144,0.0036407459518902883,0.0006630291219422641,0.17270130798649302,0.002332349426625631
Q8MVA6,2,69,S,test,2,4.128962074533284e-05,4.606189931855218e-05,0.9988512578333185,8.340732546832782e-05,0.00010709712215717292,0.00012326803187104787,0.0001291837926194999,3.116704336011736e-05,0.000567763496376712,1.9503834764727817e-05
Q8N0S6,0,344,U,test,0,0.9702951823508392,0.0030852224040894115,0.00014902373074395745,0.0016210419643593384,0.0019553495744373157,0.000589400284095819,0.020454959809854192,0.0005041408306345565,0.0010672660555656325,0.00027841299538053555
Q8N1Q8,3,247,S,test,3,0.00018965448487611632,0.0001002341156644762,2.7509731726455124e-05,0.9990297526275443,0.0002748698453643553,2.353032134416986e-05,8.88025021688349e-05,3.723037469036834e-06,0.0001659049298347347,9.601840400745637e-05
Q8N2A8,3,252,M,test,3,0.023578334329851715,0.00028936618226900717,0.0034435404217716906,0.8230876123993635,0.03731191271130357,0.04553728524135441,0.021763846315760362,0.000716188160887469,0.03910254769565559,0.005169366541782743
Q8N2F6,5,343,M,test,3,0.1126154212070709,7.169054866144355e-05,0.0002502246056733797,0.7695866809029727,0.0850065721496746,0.0037203668548226937,0.026333806987804905,0.00011819772022205854,0.001352701333655325,0.0009443376894420548
Q8N2Z9,0,138,U,test,0,0.9986293336423825,0.00048742623864904037,4.0010379363507837e-05,0.00026449194712141737,0.0002573577242952541,1.0437331542124817e-05,0.0002240334123702023,2.389129002931241e-05,5.137434969505516e-05,1.1643684551548408e-05
Q8N3G9,7,435,M,test,5,0.029155897724161214,0.00034748621128194944,0.0024885985241404067,0.015913829615458494,0.10581790182115428,0.8194183321293546,0.0006697972011196931,0.005146321506877117,0.019459985695553694,0.0015818495708986148
Q8N427,1,588,S,test,1,0.026641087232354883,0.8961247140847558,0.0014119258296659517,0.0005359065927387068,0.00037412309370003674,0.02791961819948017,0.006377442145117819,0.011672775798062125,0.014626649185560463,0.014315757838564034
Q8N4C6,1,2090,S,test,1,0.00016494132494783605,0.9626689507529491,8.828672754880156e-05,3.147960483099853e-05,7.205753155417397e-05,0.00031178335841167826,1.2136468543913315e-05,0.03398637036577832,0.0023676479916199806,0.0002963458738151649
Q8N4T0,2,437,S,test,5,0.001356390371696584,0.0002162953421411807,0.030392685539986024,0.0005523294948243372,0.016141432201473644,0.827897589468357,0.0007549449009274167,0.003644095680485887,0.11742085051936738,0.0016233864807405425
Q8N4X5,1,818,S,test,1,0.01303219331111357,0.9225931178544319,0.0020339929057193572,0.0003912389806920834,0.007804709961580867,0.003935968973685252,6.487378421715713e-05,0.0386796407860295,0.010314348166002591,0.0011499152765277263
Q8N556,1,730,S,test,1,0.002652285460685664,0.9516852163751182,0.0009457015808930153,0.0005603096369157023,0.0041240184770779875,0.001925353013778181,0.0001555923706338156,0.018267240877686493,0.018125083795987425,0.0015591984112235514
Q8N573,3,874,U,test,4,0.043370997781059364,0.17543207962655105,0.007018166004399931,0.002332497268796882,0.6268388337943043,0.007412661227687773,0.001067895028551589,0.012807930511622103,0.11870328169525272,0.00501565706177436
Q8N5M9,5,183,M,test,4,0.005997669268414663,4.752403652570626e-05,0.00021634201089826676,0.0008293237043689257,0.9237858544762425,0.009163232072700292,0.00031973277742611316,0.02241499840350615,0.03695608125542497,0.000269241994492437
Q8N5Z5,1,321,S,test,0,0.7196339676234091,0.2410471888089283,0.0027627946206471975,0.004925213614359315,0.025307138133289074,0.0005272885834778724,0.0008693519143811867,0.0011882631510023625,0.003438353581481918,0.00030043996902361894
Q8N695,4,610,M,test,4,0.03028062137897023,8.115721899785648e-05,0.0005812251541778541,0.004553867081281057,0.7688400411985249,0.009334807395420601,0.001085871602613254,0.044751857748931916,0.14001616909261935,0.00047438212846293514
Q8N6S4,5,541,M,test,1,0.012538354677333262,0.9729715329832148,0.00013395247797609686,0.00010763384274275694,0.00033675649281556517,0.00038159510155590066,0.000262266205710246,0.008891024779625934,0.003937670150583126,0.00043921328844231385
Q8N7H5,0,531,U,test,0,0.998985902436532,0.00033283937559293715,2.3899819993998696e-05,0.00011357514580024324,0.0002084890596210371,9.656399744994857e-06,0.00024291669631295478,1.8324627964894795e-05,6.0555387817495415e-05,3.841050619524527e-06
Q8N7J2,4,671,M,test,0,0.733621707609318,0.09254371255868377,0.005514431229958561,0.09774563293997227,0.05569378511672657,0.0011379672316077958,0.0017082910786790954,0.0022631180688016243,0.008540918253150717,0.0012304359131015835
Q8N8N0,8,203,M,test,7,0.02197496153955697,0.007134225469210811,0.000578790303496006,0.0008421349084289889,0.014022804372253695,0.4162599318395855,0.0016488200718661283,0.5021053400650402,0.031477677614405265,0.0039553138161565185
Q8N8Q8,3,333,M,test,3,0.00017219488394217038,0.0012005334896209106,0.0004328978731253404,0.9894226105985235,4.219816872144147e-05,0.001902588506303941,0.0015407631264114736,2.855270895908356e-05,0.0008166964146352121,0.004440964229756906
Q8N983,3,215,U,test,3,0.0011233404167835357,0.00032152825753539136,0.0001587024132675686,0.9976168407416774,0.0004358441537972663,1.2577060269848462e-05,7.40923332610822e-05,6.129570003581167e-06,0.000179132299658089,7.181275374620248e-05
Q8N9N8,0,165,U,test,0,0.9977303257425109,0.00013523153018062044,4.124328468816721e-05,0.0003439795027454784,0.0013765019501728725,2.8346067320060973e-05,0.0002318407681343471,1.7463506008172224e-05,8.3967168382597e-05,1.110047985678028e-05
Q8N9W6,1,283,S,test,0,0.9866034097615067,0.0011022936260273852,0.0001664214501484571,0.006418034322987426,0.0020333768834505115,0.0004667405026917866,0.0021288805124317326,0.00020074259023840243,0.000637958583810423,0.00024214176670718247
Q8NAP3,0,1195,U,test,0,0.9960037751694627,0.0010535743453644196,4.665389349767465e-05,0.0006899395157852887,0.001557082005082972,1.82699253548627e-05,0.00045313670150976324,2.5764725347743453e-05,0.0001371234204667416,1.4680298127845615e-05
Q8NAT1,5,580,M,test,5,0.0008298663208481207,9.606399485131022e-05,0.0032155599605587274,0.0008363749845430951,0.0010247481147630257,0.9537335449187611,0.0010408854889377322,0.007425466875567107,0.028800257916913666,0.002997231424256192
Q8NBI6,5,393,M,test,7,0.0007791731021706096,0.0015077736424345112,0.000175906373918171,0.00011357370357653791,0.0002640667655976821,0.037985201831346904,0.00013699603698884562,0.9495105719988054,0.007777688539960681,0.001749048005200695
Q8NCE2,1,650,S,test,4,0.248113157661282,0.20092816836826846,0.004725377119107577,0.019433723942490884,0.49343193034034205,0.003594877697270454,0.0006860943458211259,0.0074340617972202495,0.020606439751364752,0.0010461689768324646
Q8NDT2,0,890,S,test,0,0.9956383068907204,0.002300373692338277,7.933182242068895e-05,0.0004888221715001451,0.0009043650397237688,7.3790088170744314e-06,0.0004710147040008769,4.051872973473035e-05,6.178368457060885e-05,8.104256173410615e-06
Q8NDV7,1,1962,S,test,0,0.8135662447004139,0.15049463088941173,0.0009675891798890491,0.01715093057987482,0.007700390432390099,0.0001372333315641421,0.0004361266206317851,0.0008021595779550671,0.00813919283001529,0.0006055018578540901
Q8NDX1,4,1056,M,test,4,0.22280024059498754,0.24661736264965164,0.0020359510151826223,0.015889374587350028,0.48285338428735125,0.0039243982292286065,0.0019733114227776065,0.0054060868151204495,0.014926685065507634,0.0035732053328425785
Q8NDX5,0,983,U,test,0,0.9978277021053473,0.0010391396867131986,2.7476631475742904e-05,0.00023922353125823106,0.0003963434984240447,8.51186354152425e-06,0.00039518403093016644,1.7465210360277174e-05,4.189685905164142e-05,7.0565828978556155e-06
Q8NEC7,1,633,S,test,1,0.36846920169206143,0.6267872337287417,0.00017705978499560408,0.00160924214233967,0.000844704961212333,3.326854796454915e-05,0.0005286029093392552,0.001010979507123596,0.0004775528999094592,6.215382631240637e-05
Q8NEW0,7,376,M,test,4,0.008724175692167895,0.00016258277449651289,0.0002402817597967181,0.005490191348317404,0.6728732097893942,0.055665995613681706,0.00017856223144984454,0.01645483516024399,0.2399203305283601,0.0002898351020916285
Q8NF64,0,920,U,test,0,0.9955315362677908,0.0014735165414282428,4.1152393320989664e-05,0.0007172147579701945,0.001305463344795582,2.4573216599774747e-05,0.0007081670757796374,3.9267887600120134e-05,0.00014140909156703624,1.769942314769221e-05
Q8NFA0,7,1604,M,test,8,0.12184288774382109,0.20246052204619638,0.0012133163077947546,0.013044381167958618,0.09695207815325425,0.08776014065261557,0.009543472647677203,0.14244876423870234,0.31357698800326866,0.0111574490387111
Q8NFJ6,4,384,M,test,4,0.00748304573070621,5.3672197521349656e-05,0.0002057465652266075,0.0005861174557071681,0.9800855727147552,0.0029418718233756662,0.00023314141934523274,0.0029823692222463367,0.005347891359494115,8.057151162211885e-05
Q8NFW8,0,434,U,test,0,0.7364858693602874,0.10693300717095118,0.0044482694235678235,0.0005230333724362379,0.002344073212459244,0.014081456864449678,0.11744293645566338,0.004589472344365917,0.01030221364195562,0.0028496681538635704
Q8NHJ6,4,448,M,test,4,0.0017120307890829917,1.6653544780182376e-05,0.00016049263465329932,0.00020527320970724849,0.9971167022643819,4.5269028228586335e-05,1.3806273681711945e-05,0.0002746115216323649,0.0004499204637482839,5.240270103441364e-06
Q8NHS3,8,518,M,test,4,0.023807215899712603,5.65302110104985e-05,0.0005799258555459881,0.0006369239106937533,0.7792017311633556,0.13970317327922985,0.004836729444315006,0.006728262144903147,0.04327802567302576,0.0011714824182078468
Q8NKC1,8,281,U,test,6,0.13011679253254746,0.0017989126776177986,0.0012363733448089661,0.004721026008852692,0.0011983341721561866,0.0326426555762103,0.8096138363318781,0.005246152250619151,0.009243319884422029,0.004182597220887294
Q8QFR2,0,1013,U,test,0,0.9941328202801745,0.0023399114702764073,0.0003132890074217098,0.00017301462455977944,0.0009208075907347604,0.000818983228909292,0.0004452734687451,0.00011706754584023133,0.0004666425805455808,0.0002721902027927165
Q8R0W1,0,432,U,test,0,0.9849527397770774,0.009359048804437227,0.0001254113299753895,0.00036288970753269983,0.0018465090298747705,1.864072902499413e-05,0.0027557437624375473,0.00028483540822559476,0.00027823719076656376,1.594426064783609e-05
Q8R2Y0,3,336,M,test,5,0.0013460424167768537,0.000103795656414551,0.0010986079298522613,0.010923526550415973,0.0006509036354088861,0.9382757206662702,0.016918687615445207,0.0002302807178851921,0.015047793690688236,0.015404641120842662
Q8R2Z5,2,415,S,test,2,0.011282529577256884,0.0002300812944079999,0.6966634307129479,0.006316576615848509,0.20274060959926238,0.012452088277441573,0.002018899339093451,0.0024930077568903514,0.06530802430389888,0.0004947525229520245
Q8R366,4,611,M,test,4,0.01653973204818467,0.001179558810897596,0.15815538219506278,0.0190371145183499,0.6206488629544815,0.04804661885664162,0.0027857453187462955,0.009572463141291981,0.12317153851604125,0.000862983640302385
Q8R3H7,7,356,M,test,7,0.0011802182318357626,3.0543675224753825e-05,0.00012660002537642504,4.730697492272233e-05,0.003265057735109514,0.019084996375293747,0.0005899839112464719,0.9487567593268765,0.026496891267971463,0.0004216424761425934
Q8R400,0,80,M,test,5,0.10108594203189675,0.00026465150051875955,0.0010304891397380565,0.005233255862810591,0.05142836451729305,0.6962150577651689,0.06947528812721268,0.03256241345500593,0.0400524525874857,0.002652085012869609
Q8R4E4,1,245,S,test,1,0.08502232062884489,0.8722175301838773,0.0005639942594474365,0.02252867211822842,0.005026826945158919,0.0005381671112529665,0.000220863336820338,0.002196057835117757,0.009948342721050331,0.0017372248602017266
Q8R4V5,0,546,U,test,2,0.0001641919605222428,5.456942073184654e-05,0.996469375042365,0.00012988652308536594,0.0015157906335691326,0.00026965135067328374,4.3847763724007215e-05,3.7504977558297865e-05,0.0013015989242081865,1.3583403562637459e-05
Q8R507,7,461,M,test,7,0.003186320583242111,0.0009660955313868704,0.00015048866813109914,0.00017593905239589937,0.00032360146195877946,0.38975073899483464,0.005929623102285637,0.5850851834897803,0.010842528748468663,0.0035894803675160006
Q8R5K4,0,1152,U,test,0,0.9953622485186906,0.001537950265336118,0.00023677541369270208,0.0002867234550871416,0.0022640817165257314,1.8837734011471012e-05,0.0001228374632962907,4.2451492894694715e-05,0.00011999193146716639,8.102008998143554e-06
Q8RVC7,6,411,M,test,6,0.00037437061127273204,0.000503770726048525,6.63389741490659e-05,0.00012297302845663198,1.53918793665117e-05,0.001807075495473715,0.9964607556290086,0.00022180725214055773,8.12802043388487e-05,0.00034623619974476287
Q8RWV0,6,741,M,test,6,0.0010075833660527433,3.163842925056875e-05,1.1458679460924639e-05,3.090552566025606e-05,1.076443303435575e-05,0.0004987898986024982,0.9982384685926456,1.4260557128298069e-05,1.18224164143302e-05,0.0001443081017503376
Q8RWV3,0,416,U,test,0,0.999182243993247,5.2212269755185373e-05,4.4311977085405786e-05,7.961420170043556e-05,0.0004423211617782037,4.71698530688765e-05,9.792713144813952e-05,1.1650130990052049e-05,3.318813700695743e-05,9.36114391983155e-06
Q8RX88,5,424,M,test,5,0.0021407577411786016,0.0019954055365759295,0.0004265091900708469,0.0011684651765987584,7.528333970350906e-05,0.9157593335400265,0.028089015108805557,0.01744086570589164,0.006517175687086251,0.02638718897406241
Q8RXL8,7,357,M,test,7,0.02975158028746212,0.0017884669451671098,0.0019951792168992925,0.005683736534891148,0.015816383978184575,0.34618864368098423,0.031088178976158124,0.44451502280714494,0.11416090340436608,0.009011904168742401
Q8RXN0,4,703,M,test,4,0.04090078207865497,0.0013045220483587495,0.0024949636100609165,0.0010319617883878835,0.8279573825714652,0.024422973228409955,0.0012842972161776778,0.03286470199830773,0.06690921078672145,0.0008292046734553839
Q8S1D9,6,435,U,test,6,0.004393959136110893,0.0027496692477939496,0.00040394034529677797,0.000310923975396521,1.0639233996167062e-05,0.002407691076547232,0.9866281564553736,0.00020550820904971544,3.030835741284568e-05,0.002859203963022302
Q8S4F6,6,510,M,test,6,0.005628247132247633,5.023958639186236e-05,2.4105217489765405e-05,5.517739225244109e-05,0.0001866627068581703,0.001784896718027872,0.9919503218083165,0.0001132166581926153,2.2644754815559617e-05,0.00018448802540751196
Q8S8P5,0,519,U,test,0,0.9976492400357767,0.0008091380289136335,4.123993208441527e-05,0.00032788050030284864,0.0005234401302266579,1.4476577875432964e-05,0.0005528630000235206,1.858829472307538e-05,4.974485442004122e-05,1.3388645653642344e-05
Q8SPJ0,2,213,S,test,2,0.006249824441923004,8.742466753536452e-05,0.8545048104355392,0.003154908956471547,0.05377975767911511,0.026622909639747956,0.001525614270568738,0.0006561585367433593,0.05294597811860237,0.0004726132537533788
Q8SRA2,4,559,M,test,5,0.007046166517240839,6.155952877247376e-05,0.0004340369304242516,0.021077093261897172,0.2798137734484229,0.4613349254588644,0.0007737544557935435,0.002721849896747824,0.2248366829125441,0.0019001575892924989
Q8SUF9,4,553,M,test,5,0.0030895473413716287,1.3284010282904082e-05,0.0004132534603112426,0.0036977039997984603,0.3999364909012927,0.4824155194938208,0.0009240337385289083,0.0019409563086158323,0.10597262364316241,0.0015965871028151078
Q8SUG7,4,536,M,test,5,0.006707978019372978,0.00011318476838899327,0.0012752488350885381,0.004682923702159646,0.20464286361219175,0.6922978810593647,0.0022556854115016512,0.002763723509568865,0.08398526224727429,0.0012752488350885381
Q8T0W3,2,63,S,test,2,5.9957284876288576e-05,5.291211701125871e-05,0.9968767149709123,0.0001861299094004904,0.0001861299094004904,0.0004456312155457601,0.00036017899342128263,3.4700613411698656e-05,0.0017317947903047642,6.585019571564721e-05
Q8T0W5,2,85,S,test,2,0.0004384599750465995,0.00010578338741788244,0.9865985471872001,0.007956193246417937,0.0008001754242318825,0.0005499519984045102,0.0007228982400999329,4.2740351060538056e-05,0.0026494216326173525,0.00013582855750327234
Q8T0W8,2,65,S,test,2,3.6402774833341356e-05,2.7910974279932537e-05,0.9978866337890656,0.000145104969091248,0.0001998905373636434,0.00023369571852797772,0.0001028948332170676,2.313900945314311e-05,0.0013136731869909395,3.065420717712942e-05
Q8T6B9,0,637,U,test,0,0.9992753586440146,0.00014701973872125704,2.975242495358229e-05,3.910882667576871e-05,0.0003052208473181359,7.178106752484285e-06,0.00016873266279350427,1.1292746580427955e-05,1.2997872453617568e-05,3.3381297366256496e-06
Q8TAD4,7,765,M,test,5,0.01012058469239953,8.654011012160167e-05,7.518734502940449e-05,0.0023117593898014112,0.0019090440602733936,0.9145916406764906,0.0013018549767559008,0.029170709733901623,0.03834417839042069,0.0020885006248058595
Q8TAT5,0,605,U,test,0,0.9992057266174591,0.00022367072759888222,1.3620703956015077e-05,6.809922787475593e-05,0.000140003737767974,2.9289115139159695e-05,0.000272778811946419,1.4727492569001332e-05,2.5847552769759322e-05,6.23601291889699e-06
Q8TBE7,4,412,M,test,5,0.03412621430961134,0.0022159714474923307,0.0011142603931086515,0.00029989913709106404,0.030293261300822886,0.6241033008944115,0.03507222941881167,0.16280707538781394,0.10760889829657548,0.0023588894142611413
Q8TBK2,0,473,U,test,0,0.9511308203415275,0.042447864521680194,0.0016014875202992238,0.00024849108453004766,0.0022147767538081443,0.00010198052819077476,0.000649591957405737,0.000605486321345329,0.0009304974937870082,6.90034774260381e-05
Q8TCB6,4,317,M,test,4,0.0006718165222264871,1.5554662197103213e-05,0.00023399454883069927,0.00017525380777207302,0.991387066433768,0.0008467712881414591,5.601448340401399e-05,0.0007862005127807817,0.005803609716196683,2.3718024682756546e-05
Q8TD26,0,2715,S,test,0,0.9966066591031969,0.0013222782229530214,7.062780443740255e-05,0.00018680778704087696,0.0011578255235561838,6.938679352022146e-06,0.0005517461418054617,3.158670943859443e-05,5.901174230928208e-05,6.518285910204141e-06
Q8TDI0,0,1954,U,test,0,0.9976718568286697,0.0010228695639480296,5.6369583570215746e-05,0.00015686211988230243,0.0004521260314522157,8.918963181696478e-06,0.0005637800039860693,2.3134029000222768e-05,3.8141565805406663e-05,5.941310504211126e-06
Q8TDR4,0,215,U,test,4,0.31790856686292507,0.15134716657190514,0.01645824032632468,0.06942724783925736,0.39256466166793674,0.006054648317060553,0.0017346857519045717,0.002604071600222584,0.038341367283841514,0.0035593437786217382
Q8TDS7,4,321,M,test,4,0.0011349092292116606,1.0741896647413396e-05,0.00011915220790545284,0.0002360386241588967,0.9961485740262076,0.0003474824561855041,3.522132479544309e-05,0.0002416361208159306,0.0017103686204134917,1.5875493658565262e-05
Q8TDY4,1,903,S,test,1,0.009822815557969452,0.801954277782114,0.0020832444444371344,0.003984310070643641,0.11827224005444148,0.0048059950931190025,0.00013956869680241884,0.02110175594742364,0.03551176491391424,0.0023240274391349495
Q8TEP8,1,1941,S,test,1,0.02150685820105045,0.9658990984748482,0.0008603825547155128,0.000344920746047399,0.0007772908817811157,0.0010217296004204543,0.0008603825547155128,0.002205663005149624,0.004239089067393124,0.0022845849138785766
Q8TG42,2,273,S,test,4,0.010678677537044209,5.625588015659913e-05,0.18132304665368731,0.004434180328612776,0.6843060669986639,0.05114451660455831,0.004946685730875693,0.0007645485836761839,0.06169206858317994,0.000653953099545074
Q8TGH6,7,599,M,test,7,0.0010966168938345382,0.0015434601975341516,0.0003834479764204943,3.098734468545472e-05,0.003457920634904009,0.02228577663353449,0.00033314538477501385,0.962538120457828,0.00813467841116924,0.00019584606531453656
Q8VBV9,4,320,M,test,4,0.0013097028541692545,1.4129412917099704e-05,0.000886189274028947,0.00027292477539914405,0.9890584219756188,0.0004942029416858513,8.655315355130876e-05,0.0006996655628410996,0.007149667850874807,2.854219891369915e-05
Q8VC69,4,545,M,test,4,0.013685694606398142,0.0009703161493661511,0.0005358594457461361,0.006841394905773495,0.8821540284156503,0.027699911359046283,0.0002377862044174741,0.011139981386412605,0.05595535658430337,0.0007796709428861037
Q8VDW4,0,151,U,test,0,0.9840243588195188,0.011456138148554583,0.0006119150706068941,0.0002233591417091056,0.0004140424269628587,0.0010655868113430954,0.0016280024417005753,0.0001583853419960706,0.00026942254045010964,0.00014878925715798574
Q8VE43,2,311,S,test,2,0.0020388452340776696,0.0008173573276318496,0.6557772014332514,0.012892192184557148,0.00731353977679336,0.03757902865652186,0.0010660349658566583,0.003084674223966446,0.27767353178540016,0.0017575944119435152
Q8VEN2,4,237,M,test,4,0.012980848450522794,8.971347262114319e-05,0.01039481415838214,0.0009796996063987668,0.8498974390549671,0.0895785299668313,0.000762990782921813,0.0014592581198668063,0.033473050502138876,0.00038365588534934895
Q8VYE2,3,376,M,test,3,7.133299590887093e-05,0.0004799149614478339,0.00018738760848031235,0.9987241937240056,2.3893559791098892e-05,1.2014436299029512e-05,0.00016360206574033274,1.81390856796152e-06,0.00011091511605910723,0.00022493162369989294
Q8VYF7,3,238,U,test,3,6.998734640574786e-05,0.0002520340984209573,0.00010734509456585948,0.999210440132104,2.1096258157782938e-05,1.2997027146876187e-05,0.00010485844883116045,1.6523867390710852e-06,0.00012355343915673904,9.603576847178359e-05
Q8VYI3,9,309,U,test,6,0.016741597825194035,0.0634294144691067,0.011461461757449453,0.26290762110752625,0.004118762395557349,0.1078970791935629,0.3122105263171742,0.0006829577533058858,0.0398569847357761,0.18069359444534716
Q8VYN6,6,537,U,test,6,0.001956125658804099,9.87304051976241e-05,1.447569638113075e-05,6.589721095574062e-05,1.5651961302742042e-05,0.0001457716670087552,0.9975884833918462,1.0426453294286165e-05,7.994238075315044e-06,9.64433171340809e-05
Q8VZ20,0,314,U,test,0,0.9968538496676169,0.00031445345061614034,6.382273287031578e-05,0.00015612245339552202,0.0008914311520727097,1.2372601167583004e-05,0.0016460099449585755,1.7722933007174426e-05,3.3632217450382156e-05,1.0582846844644234e-05
Q8VZJ2,2,344,S,test,8,0.006271117882042053,0.0006609709960462679,0.24279188988830694,0.017587785373321074,0.005158480845818519,0.31175095754465487,0.04025884078029319,0.0030562987385678243,0.3532601062489836,0.019203551701965686
Q8VZL6,0,441,U,test,0,0.998593532655178,0.0003557263066763762,2.7930746960298355e-05,0.00015823844234295165,0.0005048489645330695,1.7207632650600957e-05,0.0002691726873505667,2.279640975450103e-05,4.325998401253529e-05,7.286170541041076e-06
Q8W2F3,0,430,U,test,0,0.9971284639021022,0.0005429460119975331,3.26064451763729e-05,0.0005928257942565821,0.0005916690332301783,2.1383828134593637e-05,0.0010143566601799744,1.4696875522954132e-05,3.933087534205481e-05,2.1720574057604863e-05
Q8W487,3,250,S,test,3,0.0001464193035019956,0.00024955452187672535,0.00017034768453340265,0.9990892530690084,0.00014699235786221954,1.0773607509109506e-05,2.951539183318772e-05,2.7239945472793653e-06,0.00010342204386907192,5.0998025458550614e-05
Q8W4D0,0,631,U,test,0,0.9951159210305034,0.003319234736792725,6.471477100213715e-05,0.0003498447634500828,0.00031237622849754993,4.6612304057805064e-05,0.0005536174534645344,5.0399916741853555e-05,0.00015524266172187753,3.203613376803507e-05
Q8W4D8,0,314,U,test,0,0.9989240158054298,0.00032670035309020706,4.2271853744696414e-05,0.0002026548582213074,0.0003099183849748338,4.3522111628032465e-06,0.00015342072026369608,8.930157104807248e-06,2.2803954804928862e-05,4.931701202918141e-06
Q8W4F1,6,284,S,test,6,0.0015479292027350013,8.431140053556454e-05,2.3504063602916737e-05,2.9944953913191113e-05,3.065507826026831e-05,0.0002566718245421495,0.9979149402417384,2.7479033725656442e-05,1.494009167021801e-05,6.96241092766486e-05
Q8W4P8,5,611,M,test,5,0.0011430429924448365,0.00046363868394598914,0.00029470668400986334,0.0005592549877086913,0.00034724931632351816,0.98773329931367,0.00015651752754020505,0.001470565527671149,0.0069204116327554,0.0009113133339303354
Q8WN93,4,462,M,test,4,0.005244953053155739,2.884384316377818e-05,0.00015351088928450545,0.0002801525136963974,0.9840151316777329,0.000846239831360277,0.00022335703430947048,0.004198007812966147,0.004965821734564143,4.398160976665684e-05
Q8WNR4,1,122,S,test,0,0.9983163944740264,0.00029324635023721037,7.356728653447739e-05,0.00024406128484612125,0.00040356959865853626,2.1077383011738758e-05,0.0005144121176162499,3.0191954989921933e-05,8.207024698037926e-05,2.1409303098918435e-05
Q8WQL7,0,882,U,test,0,0.9947716550125859,0.0022451295781108897,5.117589034513687e-05,0.0005676576475329619,0.0011556936830891173,2.1002543386260057e-05,0.0009450937431849522,5.7989880007185425e-05,0.00015886917041539391,2.5732851342152706e-05
Q8WSR7,2,254,S,test,2,0.0006721528235497281,0.00038901220291514643,0.8753339330056891,0.018166975389160442,0.0010329491549010419,0.006528439694258234,0.0014912362134039277,0.00021150227216519595,0.09518815231014735,0.0009856469338098243
Q8WTC1,3,280,U,test,3,9.746502782315872e-05,0.000999863407567768,0.00014292300782073144,0.9983594137630788,1.6161286623743684e-05,2.0113044866048277e-05,2.7065060696461592e-05,9.705607078907383e-07,9.899987657855259e-05,0.000237024964236852
Q8WUQ7,0,758,U,test,0,0.9984653549280894,0.0006184745027886954,5.299643936679187e-05,0.00014182582108711002,0.00036075300091637023,5.166005356292245e-06,0.0002995131395529952,1.382494721158244e-05,3.787484489605739e-05,4.2163707347462385e-06
Q8WUU5,0,269,U,test,0,0.9951509183539395,0.0008990802899271568,7.685339520867749e-05,0.0017697940043858867,0.0011674800360527108,6.889094280682153e-05,0.0005779445133969033,2.7402922065921588e-05,0.00022238267044441567,3.925287177199806e-05
Q8WV22,0,266,U,test,0,0.9983899192689424,0.0008893240235547838,2.582644889154913e-05,0.0002141407517693973,0.00021836431402769797,9.50102055937552e-06,0.00018496177639340576,1.6674809798343955e-05,4.6040624482412084e-05,5.246961580706232e-06
Q8WVX9,9,515,M,test,5,0.0011337751876826397,0.000483835828930527,0.00042698362243951386,0.00023951609182593407,0.00030277674331016807,0.9458796690734617,0.03236622265033211,0.002706537173820207,0.0048296384909269465,0.011631045137270249
Q8WW12,0,178,U,test,0,0.9968289807601917,0.00084067868507539,7.231882237169653e-05,0.0002750690095436015,0.0007594898726162887,8.503344532191308e-06,0.0011356844612996713,2.8766440681821155e-05,4.056718686865696e-05,9.941416819005521e-06
Q8WW38,0,1151,U,test,0,0.9955692040521419,0.001346954191255868,5.895031267585102e-05,0.0003365956771052995,0.0008713591680408656,1.0085209746293512e-05,0.001682872476683792,4.380815305072949e-05,6.891989562821358e-05,1.1250863671250896e-05
Q8WWF5,5,429,M,test,4,0.008248612125466435,3.8348155782161604e-05,0.0010284097899576812,0.0015928322374748859,0.9571414405158599,0.01739423315929741,0.000253999280730691,0.003888765740594309,0.010185675498960305,0.0002276834958761867
Q8WWL7,0,1395,U,test,0,0.9958340287877893,0.0014454552958179296,3.0591153709052416e-05,0.0004803990768819744,0.00026633993050964605,0.00011365992804384109,0.0015629097450334571,4.3819805554004695e-05,0.00015903883312746642,6.375744353339948e-05
Q8WWQ2,2,592,S,test,5,0.0031729831840981823,0.0002729537756022413,0.025030670725337982,0.010005247049757051,0.21225687804097892,0.4493478209008378,0.008070907898432799,0.001343525731775096,0.2856228441382635,0.004876168554916447
Q8WWZ8,0,545,U,test,2,0.0002209153893606148,7.457775516749515e-05,0.996338471982237,0.00011917492373889815,0.0013585673216336166,0.0004015917699318322,5.288354821979317e-05,5.808121515445903e-05,0.0013585673216336166,1.7168772922626373e-05
Q8WXF8,0,326,U,test,0,0.9954424889394118,0.0023729286641926356,0.00010184404807671237,0.00026313346154675397,0.0011564729482583737,1.3359030575334811e-05,0.0005052256082908753,4.4492365159882746e-05,9.058196324519002e-05,9.472971242404952e-06
Q8WYH8,0,240,U,test,0,0.9980952826878322,0.00028471668104305676,3.75661719111511e-05,6.696895165103724e-05,0.0008158487593420661,1.4942791608190714e-05,0.0006206650711766226,1.9795982998316564e-05,3.529015398821035e-05,8.922748449142833e-06
Q8WYQ3,3,142,S,test,3,0.00019111098499995435,0.00146194406466275,0.0014964303572292572,0.9843426858653493,0.00011060655284388958,0.0013239848081428999,0.0009743402977976552,1.696206331009551e-05,0.0008014704730745276,0.009280464532589643
Q8WZK2,5,935,M,test,5,0.002894601108256806,1.1376389092562873e-05,4.5703051311374345e-05,4.3610154997827653e-05,0.00037673427309010103,0.9910696023415164,0.0007909535785876149,0.0034643837522648053,0.0010230702301745108,0.0002799651207080314
Q8X150,2,618,S,test,2,0.0005305327833915335,0.0029590740191060417,0.6290755835447532,0.004442096154460799,0.0019558285718096987,0.24634953559911432,0.0006202555933602479,0.0008477888945924996,0.07631552903037514,0.03690377580903651
Q8X151,2,618,S,test,2,0.0005766257591132207,0.003068881299209739,0.6225432790113367,0.005020354888900885,0.002298485979620463,0.240011819488238,0.0005502200889436168,0.0012793000801909176,0.09472715003306979,0.02992388337137667
Q8X168,2,350,S,test,2,0.00021339850453778384,0.0005039798995122646,0.9699854565078485,0.0009415583640553213,0.0006729014368909337,0.004762986068958943,0.0014413242036645506,0.0004624779258148145,0.020131404850021305,0.0008845122386955661
Q8X1T0,1,201,S,test,0,0.3134088812498389,0.058372484450048924,0.015242250214413179,0.006110500190607988,0.0029318503081638423,0.24029893464440655,0.28093790683448083,0.006504593566261462,0.0603431669295127,0.015849431612265583
Q90738,1,729,S,test,1,0.0020782157951960882,0.9687833649686434,0.0006720675060949103,0.0006363007616120327,0.0013365658044864667,0.003514510995613351,7.251520480899194e-05,0.010349917079898735,0.01093169100101011,0.001624850882635935
Q90812,4,420,M,test,4,0.0019525578258874916,2.237949958437583e-05,0.0001844762010830219,0.003793172075213502,0.9803308851271221,0.000981807709411732,3.15601537511004e-05,0.00030178288600558585,0.012340544731414493,6.083379052665533e-05
Q90941,0,1633,U,test,0,0.99155034862291,0.0025757602226228167,0.00017122225617246124,0.0006023116286621441,0.0025062833325179027,2.1939200125233816e-05,0.002290928512368442,9.529954491558102e-05,0.0001534826437841344,3.242403592121739e-05
Q90WV8,2,265,S,test,2,0.0014764762278454031,6.436699520133845e-05,0.9897682657105842,0.0005692322972186022,0.0009797107760070698,0.0013978996157112584,0.0008412708479159548,0.0001669553064547575,0.004655716190178435,8.010603288296375e-05
Q90WZ1,2,208,S,test,2,0.0005159795191481577,0.00131759976710892,0.9184493490177479,0.0011182324604763184,0.0002986260148896951,0.03674259674828115,0.004653084893757762,0.00038344340143055787,0.03398134804958498,0.0025397401275746158
Q90X64,4,521,M,test,4,0.0031883955283332896,3.8901123504729724e-05,0.00011256413263971107,0.0004281444579707693,0.9709430706286394,0.005318740585108577,6.827360162376418e-05,0.005552261347673064,0.014289397358552156,6.025123595459053e-05
Q90YK5,2,523,S,test,4,0.0030048991595121076,0.00014387383232453298,0.04964667796357492,0.009364845679524912,0.5681761775238501,0.052848621007753,0.003980844937861255,0.0004362920508050716,0.3089120237901888,0.003485744054605281
Q90ZD5,2,456,S,test,2,0.0010643226194999773,0.0007314975704521745,0.9378486549911449,0.011090497105740473,0.0016613841883729922,0.02518884006137836,0.0020676259173275043,0.00046496810542310716,0.01901353457893253,0.0008686748617279908
Q91620,2,405,S,test,2,0.00011980891427118678,0.0004314484777448529,0.9861099000618347,9.330727945492827e-05,0.0001378992147725603,0.002632638406608709,0.00010247799090459254,0.0004628766561240993,0.009743304801313636,0.00016633819697064347
Q91821,4,651,M,test,3,0.0035438496456530405,0.22977225980664176,0.0066727103249626584,0.5686918024344891,0.03969515946149168,0.020473264601680627,0.00024116199870086535,0.0072149202860634426,0.1068540238660716,0.016840847574245168
Q91826,2,64,S,test,2,2.3135273797687594e-05,5.0532085636234164e-05,0.997725492661816,0.00018701750722875486,9.15017758815623e-05,0.000332094951857159,0.00012803401367231926,2.2776592839186183e-05,0.0013981720529984605,4.124308427263604e-05
Q91876,0,720,U,test,0,0.8475967872040255,0.07012066925475116,0.003518483244424661,0.0008622413988549037,0.006835246190565836,0.021508641765389233,0.0170168129475221,0.0010239371160803811,0.020070297728361698,0.011446883150024468
Q91V79,5,292,M,test,5,0.0015529706123859864,0.0011907038264323037,0.0004699434497237198,0.0007335713589910302,0.00036599230907823435,0.8496776808842998,0.0016791614450478,0.029763851278400928,0.11145345107998451,0.0031126737556556386
Q91V88,2,561,S,test,2,0.0013272532174118477,0.00017295389568528448,0.9937838368094795,0.00015026493313529773,0.002463343906509052,0.0003359920604531658,0.00010655379856636056,0.0002069986900014792,0.0014208094375211951,3.1993251236808e-05
Q91VN0,5,1614,M,test,4,0.12249879948812731,0.0016935912231219972,0.0021077081679987657,0.008016794656694732,0.401658087721752,0.37732285599069953,0.0016935912231219972,0.025614531619171557,0.05741403141408691,0.0019800084952252364
Q91WC0,0,594,U,test,0,0.9656429807218297,0.027608030862360907,0.000538270924320254,0.0010958651644754646,0.0005685273863641679,0.0007590836322875856,0.0022573701844026766,0.0003448292952091074,0.0009823271506623722,0.00020271467808768076
Q91WW2,4,313,M,test,4,0.0008362898018560499,3.709905584818926e-06,0.000100271488339419,0.00016661636645577267,0.9955060063378328,0.00029994062982149916,2.1018046962269215e-05,0.0001692401930764275,0.002884931508201675,1.1975721869258072e-05
Q91WW5,4,304,M,test,4,0.0009723335278610001,6.6807492453687576e-06,0.00021110489568923433,0.0003373446576172668,0.990019727862543,0.0002930901037681738,2.295659233341453e-05,0.0003218965201325814,0.007798838805774367,1.6026285035586993e-05
Q91XJ0,0,401,U,test,0,0.9725337378397195,0.005173640808958786,0.0005953935390689447,0.013031959336466534,0.00408220861146076,0.00034190571700046826,0.0020700255944579504,9.950023970849105e-05,0.0016961183559964363,0.00037550995716214306
Q91XT6,0,489,U,test,0,0.7307105106925039,0.15079063264880466,0.004413386832534958,0.03671453169497272,0.01880007993197115,0.0065737199420908,0.018364576729739648,0.003716444152619481,0.026929870404593357,0.0029862469701692866
Q91YJ3,0,226,U,test,0,0.9980925633296872,0.0007227999534374792,4.323828274727067e-05,0.00013741098127503687,0.0005026284927741202,1.0431722033224653e-05,0.00043583910369183977,2.24317257538073e-05,2.502439857943117e-05,7.632010020597756e-06
Q91YR1,1,350,S,test,5,0.012791466752661273,0.03436571943000124,0.08406504014300603,0.00034088102165193975,0.0008841780906033067,0.6664087585170538,0.006846778049163059,0.0043182091642748836,0.03894146025671502,0.15103750857486936
Q91ZD4,4,521,M,test,4,0.003265931405965417,0.0002563076374322632,0.00019961258755647494,0.0005511479912818282,0.9073226826780993,0.01810948253000789,7.695750855085273e-05,0.03803942882241911,0.032032409143809136,0.00014603969487768647
Q91ZU1,1,418,S,test,3,0.07251682795185013,0.41405800788611363,0.008526624959590914,0.4691892099000432,0.009968634674486032,0.00590622059958791,0.0011097459205368706,0.0006422716547017042,0.009076544913124264,0.009005911539965375
Q920N1,1,254,S,test,1,0.06671133672875508,0.8417904765810152,0.030963117154074453,0.007058842467858535,0.008784872576221467,0.0033868697243514554,0.017885113364846786,0.007114206341767844,0.014654536583438663,0.0016506284776704409
Q920S2,4,322,M,test,4,0.01819804537129883,0.0001878844819187248,0.058572163232306525,0.0015731375079508442,0.5778544672400139,0.23715098724365008,0.005158119017203485,0.0024365231465556937,0.09808991320329426,0.0007787595558076749
Q922B9,1,1252,S,test,1,0.016968505584394833,0.9633545351804075,0.00036619897857406063,0.003139241156445694,0.009518468823940933,1.8231972854164488e-05,2.199195494675006e-05,0.0019527715777387777,0.004504996385708391,0.00015505838498897155
Q923Z3,3,669,U,test,3,0.00012521961531967163,0.00019149732841485746,0.00010101059397994506,0.998934138308762,0.00023861336736492026,2.9742266160168908e-05,4.430097411542414e-05,9.12282228521435e-07,0.0002038478465288347,0.00013071741712564707
Q92484,2,453,S,test,2,0.0039482438987979126,0.00032409162019316384,0.6335861244505544,0.005189869216332974,0.11904730944037,0.0927141406361069,0.0009377901093629929,0.00192422040404078,0.1391803954902349,0.003147814734005998
Q924M5,1,281,S,test,0,0.9706428673313287,0.0030833154534556768,0.0003689694868608542,0.01341949686314949,0.003521256856837918,0.0011454197841965373,0.004907465553155468,0.0005122633897594786,0.001653606425789924,0.0007453388554660054
Q924N4,4,1150,M,test,4,0.01218071834883134,0.0001645018875925571,0.00013013170252467314,0.0030978663708699197,0.9601041619957487,0.0055333411647253816,7.186555417835222e-05,0.002680980053101633,0.015886652247875135,0.00014978067455231377
Q924W5,0,1097,U,test,0,0.9962818552461231,0.000868583389221157,8.718527677969037e-05,0.0006666166727794391,0.0010830827962961418,1.587761729085976e-05,0.0008944066341821092,3.207367048339051e-05,5.28805431824571e-05,1.7438153661666495e-05
Q92506,3,261,S,test,3,0.003766233969969304,0.0004873141496646142,0.0007258522103674194,0.9676821664248662,0.011265879543818127,0.003085941532506421,0.006331941081443355,2.141108793861141e-05,0.004009135218383987,0.002624124781041971
Q92521,5,554,M,test,5,0.0008357009887096961,5.008982274663184e-05,8.929475419215419e-05,0.0004534762038237148,0.00023161297918655163,0.9889932731504509,0.003738044235240506,0.0002158870438152162,0.001156861714422287,0.0042357591074123424
Q92585,0,1016,U,test,0,0.9933248856650099,0.002462206347670546,7.552306288269222e-05,0.00033063021820686956,0.001487581396156196,1.6590214068074094e-05,0.0020492297167091647,8.968585361194017e-05,0.00014902671269223188,1.4640812992463478e-05
Q925D4,0,263,M,test,4,0.013132414145573718,8.969019493206672e-06,6.627258848701712e-05,0.0005091989411391614,0.9724037270628367,0.0030232535891718225,0.0002009691424848328,0.003989545252793148,0.006603392921385222,6.225733663510872e-05
Q925J9,0,1575,U,test,0,0.9939028724800938,0.0014711058901744154,0.00014795301098984538,0.000515399125970287,0.0025818712197035352,1.5352369850427405e-05,0.0012315580943083498,4.23892503868114e-05,8.04406623702538e-05,1.1057896152292469e-05
Q92643,5,395,M,test,4,0.006354579991199485,2.401805910866146e-05,0.0019995571955783104,0.03342593368443494,0.3635986942400907,0.3208747119004054,0.006844151575030071,0.0015331137266774379,0.26189031469668167,0.003454924930793288
Q92754,0,450,U,test,0,0.9737984163223904,0.008829331076497884,0.0001592076865081404,0.00592773255464476,0.00807066274434116,6.955269088880942e-05,0.0017522344714171125,0.00025441317494388397,0.001046306931402477,9.21423469653631e-05
Q92791,0,437,U,test,4,0.07845242310531565,0.0002596436530449749,0.015327979789122967,0.004323455033371986,0.5155863754699197,0.29839852410592344,0.0159385762886071,0.01121418921572968,0.058073595085078485,0.002425238253886013
Q92833,0,1246,U,test,0,0.994290651744885,0.004192426128545559,5.8874604293364696e-05,0.000494035340649022,0.0005241354552904849,6.503138085435714e-06,0.00030608023080456196,4.444088246629096e-05,7.500819365099629e-05,7.84428132930495e-06
Q93373,4,773,M,test,4,0.004728714800353715,8.575496084695035e-06,0.0001921514183484735,0.0006602765522489376,0.9897015786550717,0.0021649635513206465,0.00012601598581109881,0.0012994035822572754,0.001095009345733109,2.33106127703078e-05
Q93833,1,412,S,test,1,0.07272868917569253,0.8654922330128557,0.003537069098049755,0.005696550605406023,0.001474469696345614,0.008585005489903525,0.010642557705628934,0.005521286417458348,0.02181579602134412,0.004506342777315472
Q93V61,5,447,M,test,5,0.05702861516381685,0.0009585012603102679,0.006499193784263821,0.02190077207063487,0.03674859389510404,0.6893441369333914,0.0121896159049685,0.004944325669651281,0.15746105504381533,0.012925190274043652
Q93VJ2,5,881,M,test,5,0.035189660588359414,0.007867225101441536,0.06782984436675656,0.003305269260567003,0.005985069757980966,0.6397918778749013,0.03745920047109721,0.053188288118830376,0.11560803145768356,0.0337755330023821
Q93VQ0,8,858,M,test,0,0.9958277164241487,0.0019374773477543112,0.00017196087283750025,0.0001101622804569034,0.0005338311272014849,0.0001101622804569034,0.0006908287879585372,0.00018162688164647642,0.00040611730706739647,3.0116690471835555e-05
Q93VY3,0,297,U,test,0,0.9854970472638618,0.0006176373343285518,0.00017421259585904714,0.0011053669445009935,0.009147298252691328,0.00018257323758479106,0.0027734701140107445,0.00014218818566846586,0.00026982576769124604,9.038030380308772e-05
Q93WX6,6,463,S,test,6,0.011272935929434014,0.0002714010364751274,2.2806259612280815e-05,8.7425329409224e-05,9.30637821970995e-05,0.0033063415724225538,0.9835365457815793,0.00018946845151712703,3.8794753684079016e-05,0.0011812171036691657
Q93YP7,3,407,M,test,3,0.02405643947882805,0.0012950220606612267,0.00023037779154999214,0.5103466554583032,0.004155959949949201,0.005730669791035171,0.45037935271072105,0.00017120223095029667,0.000816760147086047,0.0028175603809158347
Q93ZM9,0,197,U,test,0,0.9955141612821361,0.000566972913442098,8.711809907599909e-05,0.0007362296065379026,0.0007001180994898446,1.8548514089357177e-05,0.0022644271339744225,1.8548514089357177e-05,6.891608425976083e-05,2.4959752905165367e-05
Q93ZS9,0,580,U,test,1,0.0016849979691549327,0.9968266405050613,5.995427202283143e-05,0.0006192710982295765,0.0001775974788839607,4.343072853606934e-06,1.5158813629765891e-05,5.995427202283143e-05,0.0004374169648795398,0.00011466555326166169
Q941D3,6,239,U,test,6,0.001938260440055801,0.0002940659249482738,4.315760192793958e-05,4.383723823116763e-05,1.4683635881869309e-05,0.0011130492471909006,0.9962302091060671,9.426487895745398e-05,2.5770582110203002e-05,0.0002027013446293265
Q941F1,6,515,U,test,6,0.0012053291746102473,3.4192558060693225e-05,2.041730795559855e-05,1.5172855121086121e-05,1.2191731643233864e-05,0.0007484058568096712,0.9977499622669195,5.549999937522854e-05,1.059235977957597e-05,0.0001482358897252323
Q944H2,6,391,M,test,6,0.0009976533870055834,1.945114340975666e-05,1.6125565374958675e-05,7.814225080588942e-05,5.164887227287828e-05,0.002393245978329686,0.9961527414687656,4.814204287191527e-05,3.413782279373023e-05,0.00020871146836995967
Q944N1,0,399,U,test,0,0.993587155454269,0.003041221586107145,0.00015867999479172337,0.00027958205276791575,0.0015777650128234464,8.087559919392319e-06,0.0011475737195397757,0.00010245150240293501,8.831871116407871e-05,9.164406214558319e-06
Q945K7,3,374,U,test,3,0.0003691622126813275,0.0005932414225894354,0.00013524471478837895,0.9978275929010006,2.462989149715243e-05,5.464380247218949e-05,0.00017096533032460686,4.48543643574418e-06,0.0001922214730419465,0.000627812815168515
Q94637,2,1648,S,test,2,0.002576862970499278,0.0002551440017471763,0.9318741715386248,0.0008108459431856966,0.014598923978779448,0.02727437996154825,0.0014120044887845455,0.0008236148997655644,0.019799076350896817,0.0005749758661684223
Q946J8,0,445,U,test,0,0.9949259492644105,0.0026874851184319074,0.0001348514306715053,0.0002724073638199027,0.0012160854788261543,5.565983280376098e-06,0.0005941214463543343,8.706662397054496e-05,6.995999678880078e-05,6.507293445953904e-06
Q948R1,6,447,U,test,6,0.12188885651845667,0.04019467628559897,0.0031729827926565745,0.3667469410206102,0.0008277220383383122,0.00855794103750702,0.41557873287164143,0.001752287540493876,0.0030753603939023895,0.03820449950079462
Q948T9,4,867,M,test,1,0.017705029956697916,0.6414251718794449,0.009221198599774863,0.023917970775279296,0.0026626383647348852,0.03612935390926216,0.027691192751539057,0.005378677372171886,0.1420075234970942,0.09386124289400076
Q948U0,4,963,M,test,8,0.07534092580518582,0.1389797463382064,0.013734007100753407,0.07309427030651715,0.23411501682421174,0.09406135871192785,0.04664339445557377,0.017226304666404003,0.27585491229755904,0.030950063493660872
Q94981,1,503,S,test,0,0.997393872179834,0.0012480120961424748,7.583243327258472e-05,0.00040596232746530406,0.00024479008327633,5.051529063110198e-05,0.0004825632328489603,1.773253325314705e-05,5.9988391237704054e-05,2.0731432038352615e-05
Q949Q5,6,140,M,test,6,0.0016730287481475073,4.3551901147191e-05,2.7900395347252234e-05,1.5897165784695488e-05,2.241859773400338e-05,0.00050233434364996,0.9975084425326932,7.293570787226449e-05,1.8297526115860202e-05,0.0001151930815080951
Q949S9,0,253,U,test,0,0.9912197416265608,0.0014671345768438784,0.00011491486346161103,0.005940235256137942,0.0005779144480583039,3.450369893411012e-05,0.00041544397609204,3.6159565275637636e-05,0.0001242525961539704,6.969939248174669e-05
Q949W6,0,485,M,test,1,0.09255822660558116,0.8511496284088615,0.0008133961305591802,0.0009811430095304076,9.26976567337951e-05,0.0014164453423519447,0.03223814558796828,0.003688359260739781,0.0011651360565783319,0.015896821941095582
Q94A68,6,377,S,test,6,0.0012440139118027112,8.366994056261373e-05,1.0595967119808466e-05,7.383846370433546e-05,2.7269968604642862e-05,0.0002914669512633787,0.9980897690559017,1.8308188708490323e-05,1.2781176211347924e-05,0.0001482863761209557
Q94AI7,0,1131,U,test,1,0.07844183420811299,0.7442353910391002,0.009703761674112263,0.00029648234318849486,0.0009570567169409209,0.05307639777184162,0.012805276552599906,0.002443929846690859,0.011212674787027945,0.0868271950603848
Q94AP3,8,389,M,test,5,0.03171406848575431,0.0010194469265901688,0.0008584603796604571,0.0008064489859071679,0.002209348923267772,0.8706676382751647,0.024411188682754062,0.04687035145556261,0.0195384701798718,0.001904577705467003
Q94AV5,0,459,M,test,5,0.05876390103358393,0.002148852392235834,0.0028467671170198,0.01972192285874277,0.0033543113636657525,0.6147305201917256,0.23699972878001438,0.016128034822880274,0.010827849324127108,0.034478112116004545
Q94BP7,1,741,S,test,1,0.018360321853990506,0.8197668573229058,0.0014635938762571426,0.0011398479971236849,0.0008877145356499923,0.03044894256834419,0.0016584691617019744,0.05199811469582257,0.06835023877398874,0.005925899214215458
Q94CC0,5,480,M,test,5,0.0005002368485260791,0.00011697459039488566,0.29825575816529737,0.00143621890486929,0.0005580545155461264,0.6514504858893265,0.00938363238513273,0.0005580545155461264,0.033202955888761605,0.004537628296599306
Q94CG5,1,974,S,test,1,0.002503400825413885,0.926776679066787,0.006541060551075932,0.00030607889293069585,0.0008856687076952426,0.0017205605460091002,0.00034145570372356906,0.041039093084320924,0.018282263916622642,0.0016037387054211073
Q94F00,6,371,S,test,6,0.008433987232819858,0.0005841179993653382,4.289584025214313e-05,5.174226222442353e-05,3.785544617262764e-05,0.0003090132902871043,0.9901878057267974,8.53085714794241e-05,1.653782025515753e-05,0.0002507358103464465
Q94FB9,9,1337,M,test,3,0.0002217532620492463,0.00011504407402758391,0.000247383637875357,0.9923343148700048,0.00020831791515951037,0.0012152891246119857,0.002213536315290034,1.4176212185296154e-05,0.0007074886296004536,0.0027226959591957153
Q94ID1,3,329,U,test,3,0.0001339442704568818,0.022702637894047122,0.00650441448761405,0.9429786554844912,9.799572432975769e-05,0.0057513480523881,0.003454468602861202,3.7780719402164434e-05,0.0035658659487028937,0.014772888815706577
Q94ID2,6,330,U,test,3,0.00044977491069468243,0.004326089077034474,0.00732486892616247,0.936001434561902,0.0012131005640033513,0.021841340578072774,0.0027985937011668683,0.00010193875878373535,0.01335134292933918,0.012591515992840422
Q94ID3,6,357,U,test,6,0.0031699158570085715,8.060698709358622e-05,2.6581361330131172e-05,0.0001349912920999071,3.576913133455677e-05,0.0003883282170335006,0.9959579064003178,2.458373990045441e-05,1.9753590003688452e-05,0.00016156342387784747
Q94JX5,1,190,S,test,1,0.07355802524138713,0.8891464798047106,0.002596915736078741,0.0011256795845670288,0.0015874627761576945,0.002103046499403942,0.005025277901152453,0.011192702917929075,0.009315393900034946,0.004349015638578326
Q94KI8,8,733,M,test,4,0.0020648238926766972,7.639561305254909e-05,0.0006008980042524278,0.0024809430142385142,0.74670482448419,0.004890172326850247,0.0002794435451090601,0.018403575013271216,0.22420145801405494,0.0002974660923044187
Q95218,2,1594,S,test,2,0.0006725830654243939,0.00021329755110020696,0.9695265359713306,0.001710805122384045,0.006981153089074422,0.003382465126873628,0.0007987121407785472,0.0004959316609031483,0.015917718519822856,0.000300797752308085
Q95J56,5,699,M,test,0,0.9546829390802588,0.003259884576265886,0.0024606898056349796,0.010171922186667045,0.00878374381670794,0.009794190744571546,0.0031843694405905647,0.000362902631283191,0.0049513509722237305,0.0023480067457962786
Q95M12,8,433,U,test,8,0.009224899952143734,0.0008992280255381937,0.3742901645380824,0.012707836798756155,0.024300042296549813,0.1366221295029969,0.004638570780060593,0.0011728145064713845,0.4308053509973385,0.005338962602062292
Q95T19,3,464,U,test,3,6.103109185228073e-05,0.0005525304439793473,9.269849629535629e-05,0.9989984505731624,3.8192282281865325e-05,5.949210514761724e-06,1.2792812544288735e-05,1.2086554303866077e-06,0.0001016107282897579,0.00013553570564960214
Q95XZ6,8,311,M,test,8,0.004646144213932403,0.00014935007124515913,0.023240605196865285,0.010227704233228952,0.21030055025886613,0.2786029779884511,0.004538516844091751,0.005737222217061741,0.4593386388118163,0.003218290164441194
Q960V3,3,1122,U,test,4,0.29080086245716336,0.19371513555536127,0.004180585399109267,0.008445014042300416,0.4574939796350368,0.0005702181232586559,0.0005356703639398603,0.004887598914591017,0.03814477381576223,0.0012261616934771335
Q96285,4,661,M,test,4,0.012162388546449566,0.00022983314290380663,0.009830183546812959,0.023489451507222165,0.6046188595030895,0.015719138401279514,0.002529535726181781,0.0014525902516197232,0.3287255531950001,0.0012424661794409747
Q96288,0,248,U,test,0,0.9983090568533411,0.0005286037554941198,5.640558313081002e-05,5.553110030148996e-05,0.0002638911935787724,7.356675204543604e-05,0.0005437216244247614,3.6418184781264484e-05,0.00011664448285877437,1.6160470043436426e-05
Q969D9,2,159,S,test,2,9.577574097703202e-05,0.00011734688992728997,0.981055603033455,0.002820930108314812,0.00045692049679982587,0.003074075470148506,0.00015304919340562796,8.585281862839358e-05,0.011969707527690724,0.0001707387206528704
Q969J2,0,545,U,test,0,0.9975223521715778,0.000453827583629788,3.261932378034637e-05,0.0001461896664119127,0.0007111874435793637,1.9784619014493952e-05,0.0010068604566927182,2.241891022896169e-05,7.58421982517387e-05,8.917626832874036e-06
Q969V3,5,563,M,test,5,0.011337216848186352,2.788345978909561e-05,0.00047161299720522817,0.0012043058828955621,0.04312178437997139,0.8936179939235078,0.0039103928111643,0.0019395692772890452,0.042786210205140694,0.001583030214850554
Q969X6,0,686,U,test,0,0.9545469568129417,0.03587306694677334,0.0002870387124658437,0.00016874134448790327,0.0019161144078586967,0.00014660503135590858,0.00117129716590324,0.004641626985651738,0.00117129716590324,7.725542665839422e-05
Q96AG3,3,418,M,test,3,0.0008676764240435608,0.0005734990876780767,0.0007249707928625967,0.9740874471267464,0.0018297097976404007,0.003888656039348869,0.002194157170654706,3.2354605623965076e-05,0.004372133076738387,0.011429395878663
Q96AY2,0,570,U,test,0,0.9955688595059611,0.00359058211034187,4.73678869555163e-05,0.00015171551056276488,0.0002621408619091053,8.49259544936139e-06,0.0001493633679765923,7.000520752728228e-05,0.00014590337347918653,5.5695798372362345e-06
Q96B02,0,151,U,test,0,0.9788963754494566,0.01619760411563113,0.0007458269670346173,0.0002597724526077525,0.00046672657221158567,0.001132816606263083,0.0016546892941783535,0.00016772170281110572,0.00031334541887443376,0.00016512142093130073
Q96BF6,0,587,U,test,0,0.9985588581124841,0.0007316617695991399,1.5185156052265597e-05,0.00018106098990673664,0.0003140697785277412,6.429799463902708e-06,0.00014463662790349498,1.8316794724264362e-05,2.5430351422045996e-05,4.350619916257117e-06
Q96BH3,2,223,S,test,2,6.4612723006796e-05,3.5129331204158814e-05,0.9935467873958321,0.0006713104690599492,0.0002763136008630653,0.0001784014754643235,4.510695377875974e-05,3.100152764009897e-05,0.005132824666107183,1.851185704356117e-05
Q96BN2,0,335,U,test,0,0.9915663208828714,0.006475564768281224,0.0001323124399835659,0.00017528549542250176,0.00015712490966068656,0.00014645652267780652,0.0011035194185189136,5.4300917004057397e-05,0.00012047185261953455,6.86427929602585e-05
Q96BP3,0,646,U,test,0,0.9980191490910336,0.001355553579246096,2.791468026155396e-05,0.00015328174815210937,0.00023213447707357975,6.7347299317665685e-06,0.00012757239802065463,3.5287464868980945e-05,3.474038195066246e-05,7.631449461006176e-06
Q96BY9,5,339,M,test,5,0.038283666636227356,0.0010202251649038105,0.0015077950251089032,0.003560935789779711,0.008609238508639955,0.7452899588084329,0.0025849620699625003,0.1689154589696439,0.02367819590850147,0.006549563118799525
Q96BY9-2,5,167,M,test,8,0.08261019990419652,0.145552863183659,0.08525724226002487,0.09193361833115053,0.0025438136271628085,0.1598585595147055,0.12645852954418535,0.061872178727557785,0.20768201989448318,0.036230975012874395
Q96C03,3,454,M,test,5,0.1700531270805652,0.0122227437838269,0.0031146316809301084,0.24550037468982047,0.012709642027399042,0.4695317520430841,0.009821251187944744,0.009975912205033497,0.026283028014228417,0.040787537287167504
Q96C10,1,678,S,test,0,0.9751221354114612,0.02088043858083708,9.976506337902718e-05,0.0010115350952129222,0.00042998723275181164,0.00013011816605570283,0.0015066768933767233,9.083712213012433e-05,0.0006404640805210594,8.804235427435673e-05
Q96CJ1,0,260,U,test,0,0.9973727183540957,0.0005683781962706578,6.18913094049321e-05,0.00010862263405514452,0.0009606088558116229,2.2415547570622384e-05,0.0006932532712428154,6.486153782828174e-05,0.00014167062258384292,5.579671136367429e-06
Q96CN5,1,670,S,test,1,0.001291072658507877,0.9961629827611328,0.00022087648650430386,3.749344509565289e-05,1.7989553677843062e-05,0.0001043346608588962,0.00019645162134495,0.0012961257818258959,0.00047775021932611915,0.00019492281172569305
Q96DI7,0,357,U,test,0,0.9969987618524578,0.0010796365861186548,5.2918595956427806e-05,0.0002980527211314421,0.0009868677907171127,4.770756041475083e-06,0.0005149889457750136,2.072321940663861e-05,3.75249019535603e-05,5.754630441817276e-06
Q96DZ1,5,483,S,test,5,0.0012501179720196811,0.012309204557137056,0.02433676038785421,0.0018047562198979046,0.0001018173701408788,0.9061233917655657,0.0012698046189697182,0.007972684211869367,0.037693513842645916,0.007137949053899625
Q96E29,3,417,U,test,3,0.00111240389757315,0.001148836769963393,0.0007826738645116567,0.9937097735133951,0.00044508396391580864,0.00013896199700273268,0.001816220528319056,1.766703410873939e-05,0.0005102912396627999,0.00031808719154754653
Q96EG1,8,525,U,test,4,0.0028278141174259406,3.266557677922858e-05,0.013543547118507283,0.0018837302774463581,0.8411890874140207,0.03338991990427863,0.0029867666554474434,0.0015374558371892674,0.10204781625713781,0.0005611968417673449
Q96EP1,0,664,U,test,1,0.0014764335239156217,0.997502298811389,1.338667376701398e-05,2.207089416072603e-05,3.313233641947473e-05,7.747612715853839e-06,2.0733685886420687e-05,0.0005692158190258895,0.00032528100862374844,2.9699634096320747e-05
Q96EX3,1,536,S,test,0,0.7983312208710494,0.17813177367993635,0.0018301511778301871,0.0005243470799794549,0.0035002556955495874,0.0027473822551728087,0.005053209466709363,0.0013389672224145563,0.005254506509387914,0.0032881860419704547
Q96G97,5,398,M,test,5,0.025258852037892014,0.005724765374163291,0.0008377183615261399,0.0009345423158235277,0.021353334365696565,0.69344825039642,0.00029869765246787476,0.22163937726622707,0.029186546361483816,0.0013179158682996687
Q96GG9,0,259,U,test,1,0.0008178003728644918,0.9546674182331416,0.0015887150555233887,3.170956283908239e-05,0.000119670639810447,0.006210284960871673,0.0005576914577652856,0.009359229638790722,0.01668463138975923,0.009962848688634023
Q96GM5,0,515,U,test,0,0.9983527596971405,0.0006455559402990342,2.9264112484849224e-05,0.00019194739203097754,0.0003689059349118833,8.925050466067487e-06,0.0003502978502766756,1.7749581771346544e-05,2.8363751042097612e-05,6.230689576549991e-06
Q96GX9,1,242,S,test,1,0.004576082622918727,0.9690459966823469,0.0014231527168462297,0.0005444044116555866,0.0001376469820675475,0.008433159028287575,0.0008836555605535353,0.00398354210254061,0.004182878207723974,0.00678948168505927
Q96HY6,5,314,U,test,0,0.39817133133050353,0.011295251517076499,0.017769923782024508,0.0400451424865699,0.19557519080570904,0.08313585854421271,0.20496104401169762,0.004708561179383334,0.03268389497829937,0.011653801364523523
Q96HY7,3,919,U,test,3,0.00039622579272590136,0.00013375993456444304,6.0526299340686607e-05,0.9985060378450537,0.0003505227395217206,2.9729520041730734e-05,9.157336611674686e-05,1.4571981634748765e-06,0.00027918835109236507,0.00015097895337927336
Q96I25,0,401,U,test,0,0.9851808750218864,0.01340932357438324,5.068249302076186e-05,0.00018251465720572086,0.00036868979011169494,0.00010729483269362867,0.0003253675786763714,0.00016106862877352473,0.00016106862877352473,5.3114794475097757e-05
Q96JC9,0,268,U,test,0,0.9978705398398791,0.0009099401348400449,8.664473810347276e-05,0.00021612973662348808,0.0005967533199467846,1.2580259236667514e-05,0.00018199946768484597,3.3144569401362296e-05,8.463762134959944e-05,7.630312934683485e-06
Q96JK9,0,1138,U,test,0,0.9910754491962759,0.003602410392389006,8.80954513800464e-05,0.0002630044322038147,0.0021510975181328077,1.460765893478259e-05,0.0023997227073703476,0.00014299304926103463,0.0002470698222476303,1.5549771804596883e-05
Q96JW4,4,573,M,test,4,0.002374939408797105,1.9453748143217938e-05,7.57482056598483e-05,0.0009410026674589332,0.9656336148030622,0.0024599186446970585,3.749808130021339e-05,0.0030854289459715744,0.025334306907740457,3.808858716938969e-05
Q96M02,1,699,S,test,0,0.9756830780103944,0.015647722166638105,8.275572199224361e-05,0.003745809605267022,0.0019433005645790244,5.777280150094158e-05,0.0012794355664349673,0.00023574909937348483,0.0012546891618562,6.9687301963556e-05
Q96M11,1,299,S,test,1,0.005973192742738387,0.9889626128667782,0.0005178700158740969,0.002212487642562322,0.00046785660154069627,5.675744057660293e-05,3.3891418155379366e-05,0.00026244373628880565,0.0010835582025733009,0.0004293293329121609
Q96M32,1,723,S,test,1,0.024957738098845446,0.9112708986551424,0.008166141251272015,0.015587678894114854,0.004634786609805413,0.004895310607826381,0.003111648748860416,0.003185439302476948,0.021630785488818013,0.002559572342838103
Q96MT8,1,703,S,test,1,0.014411628244629639,0.5888906120568408,0.006882773245814865,0.001268221414500356,0.005055253393359569,0.0017884788101319598,0.00023459736255060446,0.3628049790436862,0.017035027963920143,0.0016284284645658419
Q96MU7,0,727,U,test,0,0.9979608694638943,0.0007087262534287953,4.7112193999075775e-05,0.000125097613210088,0.0007059631941269401,4.926946256071637e-06,0.00037566721673247197,2.879910447028569e-05,3.875343247674626e-05,4.084581405200115e-06
Q96MW5,7,612,M,test,1,0.01060501328674196,0.794515999171468,0.0008209714795608382,0.0003116056390507464,0.003566137459622154,0.0010378052277503322,0.00028372017904027214,0.1800722388965532,0.0076012978693450126,0.0011852107908675172
Q96N77,0,438,U,test,0,0.9976592137586446,0.0005143245836521353,3.211801255094026e-05,0.00017362834606496924,0.0007601224407813554,1.3599622534853311e-05,0.0007690825207149234,1.8016573582193438e-05,5.3368971233233176e-05,6.525170240809207e-06
Q96NL6,1,688,S,test,1,0.0005514700681287318,0.7765276724284246,0.013387018290945,7.46333578623048e-05,0.00011559440011077758,0.055813723854150205,0.0018655992314501268,0.0594133972229186,0.010405476729281883,0.08184541441672777
Q96NY9,0,551,U,test,0,0.9842257948873957,0.01403922635483489,0.00018376781526439705,8.479491911868355e-05,7.140447732322512e-05,0.00025713741992754895,0.0007411509940461811,0.00016995743422925033,0.00016472840634676938,6.203729151335344e-05
Q96PN7,0,1200,U,test,0,0.9958230303872359,0.0015937178470648286,7.811638388737163e-05,0.0005607808733658006,0.0013631790707674377,8.902435225571884e-06,0.00047064226458490017,2.576004965996444e-05,6.893746499964446e-05,6.933223208630046e-06
Q96PU5,1,975,S,test,1,0.042711406424094725,0.6806312716256031,0.023335454700255914,0.00064035713821213,0.0015603274614742976,0.04797485039600179,0.05686038290495749,0.05341538721595243,0.06455721627239747,0.028313345861050613
Q96Q11,3,434,U,test,3,0.003582357129002324,0.007488179303866686,0.001581918329349773,0.9693317759803115,0.012589422044836276,0.0004241075900122578,0.00269093347738547,5.308329065828334e-05,0.0014015019649515914,0.000856720889625782
Q96QG7,1,549,S,test,1,0.02138458829810027,0.8461097194080557,0.002232560271570581,0.0032230770469750683,0.001659097909493714,0.014193134904493419,0.039883454866145245,0.02013315148210105,0.0326155659633827,0.018565649849682272
Q96RT7,1,1819,S,test,1,0.22923842027119207,0.7172235236278736,0.0020784814800910902,0.00027263743632533166,0.002449049609523052,0.0010289228500924435,0.0006143979250401299,0.035708457160852414,0.011013458461124823,0.0003726511778851191
Q96S37,4,553,M,test,4,0.0027459332568908444,4.173553161408256e-05,0.00012459927437359354,0.0020425980702269216,0.9785751081158434,0.0034475371151035704,0.00016506722882731996,0.0010555544721375081,0.01166286640314767,0.00013900053183511354
Q96S94,0,520,S,test,0,0.9990952747707886,8.880832243613799e-05,4.9044614529638575e-05,3.1665584677851784e-05,0.00048385869651616195,1.472586444610465e-05,0.00019626173873551445,1.1468514389763314e-05,2.625169155819848e-05,2.640201921999618e-06
Q96SB8,0,1091,U,test,0,0.9971386770977428,0.0007656844791624979,7.883307503199666e-05,0.00041710929117316515,0.0008541827028620858,1.1995362170719714e-05,0.0006460314799964836,2.8329257545741e-05,4.598292514853398e-05,1.3174329165936268e-05
Q96T37,0,977,M,test,0,0.9981283509917693,0.0005684617770131793,3.937031564938273e-05,0.00016575523418433044,0.0006924248275812598,4.776160932380867e-06,0.0003068118810893832,3.698499117950252e-05,5.2978553678601245e-05,4.085266922620429e-06
Q96T58,0,3664,U,test,0,0.9933111621667493,0.0011431310505793128,8.968461001466922e-05,0.0012767345119791343,0.0028673482460462147,4.580642031845576e-05,0.0008934830506895726,9.253151031698478e-05,0.00022901767700637545,5.1100756300001516e-05
Q96TA2,3,773,M,test,1,0.08620017581848638,0.3517505457015713,0.0028145354672464064,0.2962036623248881,0.0017612914069090743,0.005730110127176327,0.1700954547749441,0.0009726774346495523,0.0028588578099434563,0.08161268913418526
Q96VH5,3,97,M,test,3,0.03611189717376616,0.00037686145834342244,0.00032742290517916866,0.7030108736856333,0.19829331423856597,0.029589028434753226,0.01742849803351139,0.000862644451931568,0.008610897371770662,0.005388562246545095
Q96WW4,5,371,M,test,4,0.040126256774500664,2.9864222693683746e-05,0.00022414345657767093,0.0001589415047103066,0.9276513487300037,0.02550580174529262,0.0002703686195322287,0.002419200733677533,0.0034823070858538666,0.00013176712715773093
Q98SJ2,1,360,S,test,0,0.9970463455697695,0.0009316587259146313,0.00010042664102685375,0.0002838625279670787,0.0005324006375061942,0.0002708635082281229,0.0005824480989585481,6.58613958757374e-05,0.00011379829886599841,7.233459588735563e-05
Q99109,2,652,S,test,2,0.0016076887378065176,0.0015704466557780981,0.8934676219021105,0.0014868690567185743,0.00031905562118222296,0.05080133332204345,0.0038566450870786153,0.0014524258322835405,0.04345268299970578,0.001985230785292719
Q99134,2,64,S,test,2,2.0738706970979978e-05,5.213709998271349e-05,0.9977437896443038,0.0001937128232692848,8.331484956567306e-05,0.00032887365445893516,0.00011841428234605156,2.2076237249866363e-05,0.001398197697570095,3.874500428260116e-05
Q99158,5,426,S,test,5,0.0021527073596373405,0.0016896794015576159,0.07018266396222882,0.015402035300444917,0.0012556629556666119,0.8483461469251121,0.014964655499597414,0.00028907003247239846,0.0342042956856292,0.011513082877653619
Q99177,0,341,U,test,0,0.9942004406763382,0.0026438901403906634,9.85874621746761e-05,0.0004919445355881034,0.0012391663280760716,8.34943670917006e-06,0.0011595507065790373,7.100988827847005e-05,7.921725555267381e-05,7.843570313010734e-06
Q99332,5,602,M,test,5,0.009250789872046652,0.0014925561492779584,0.00018681530048297656,0.001266715919402817,0.0006419403873926825,0.962217173551289,0.0025389236146394455,0.01102858110952974,0.005309688319138462,0.006066815776800292
Q99549,0,860,U,test,0,0.9975168394580215,0.0012727838079193484,4.600036338717524e-05,0.00019291371554532242,0.0004994037289299296,5.408783922522309e-06,0.0004016742916582325,2.4240488683630066e-05,3.638928206324536e-05,4.346079869083997e-06
Q99590,0,1463,U,test,0,0.9721312608000456,0.023222365673618746,0.00010923440257062326,0.0018304986955868295,0.0008625579617743578,0.00013176184714556202,0.0009812316982286632,0.00016656258236340764,0.00046350102907627357,0.00010102530958985164
Q99638,0,391,U,test,0,0.9987554002087528,0.000504930825203461,5.5991655810069884e-05,6.495145142343227e-05,0.00045795238508462534,6.845833092429116e-06,0.0001131062537528591,9.35714473181477e-06,2.7502177854864698e-05,3.962064293717908e-06
Q99678,4,358,M,test,4,0.0023178889425748716,2.49571954215162e-05,0.00015288134768212067,0.00010925937609785558,0.9954121912965751,0.0004475914848540037,6.784068821562002e-05,0.000497377720614971,0.0009438570316690975,2.6154916294796234e-05
Q99714,3,261,U,test,3,0.00168567496352338,0.04849889767289895,0.001955417174477756,0.5816774239752388,0.0005141018077750982,0.061789194619241,0.06577425304744679,0.0001111823124108146,0.01020570914992467,0.22778814527706273
Q99732,8,161,M,test,4,0.004535148381292524,4.4115033188601193e-05,0.0006793766508409119,0.005938099225522209,0.5623758429520777,0.27408009739613615,0.0005544910085327229,0.007959433823166759,0.14219087347805381,0.0016425220511886213
Q99788,4,373,M,test,4,0.003766467309891673,3.6637792449249675e-05,0.00016165352382655965,0.0003700286139275611,0.9887584367054122,0.001946399552699437,5.674572454859679e-05,0.0011025458551892728,0.0037517833815787216,4.9301540476758917e-05
Q99871,1,368,S,test,1,0.026701956769141267,0.9486589419935574,0.0010434674974524308,0.0048818195451147085,0.0008516533941175609,0.0019647438357758206,0.000965049724386924,0.0019801535000443927,0.011218333376396722,0.0017338803640127545
Q99J87,1,678,S,test,0,0.9473580732460875,0.047166180695143466,0.00013248010423654982,0.0013643913297511315,0.0005799808066958355,0.00018107882695081104,0.001796964794900931,0.00013042618883965637,0.001157943903157643,0.00013248010423654982
Q99JS0,4,100,M,test,4,0.041997808740602306,0.00016897448132648844,0.0017334566126959077,0.00017708373977135515,0.8979527306676784,0.013112354954167717,0.0013395113566718336,0.037062935334820815,0.006303676370669008,0.0001514677415960722
Q99JX3,7,451,M,test,1,0.023286760396905647,0.9193493938457167,0.0002679489615517397,0.002464012766028121,0.032204423851448456,0.0012197747412795242,0.0008125451466668515,0.006466499680715285,0.012885311919206874,0.001043328690480837
Q99K48,0,473,U,test,0,0.9988466074735678,0.00015461203022817138,4.3270949069355295e-05,4.606168648192454e-05,0.0005857834342958985,0.00011854516377788394,0.00011489790784528049,2.5437679272509213e-05,5.5128621757798646e-05,9.655053703390559e-06
Q99KK2,0,432,U,test,0,0.5551506537001994,0.358432211385185,0.005748431777619394,0.0002884422252279927,0.0016860094751649322,0.015519403833522646,0.04068902258267325,0.013030417396919854,0.006564914778207292,0.002890492845280185
Q99LQ4,2,66,S,test,0,0.9817727059793243,0.011885240074925134,0.0008813810773302947,0.0009236794830674099,0.002198548522749419,0.0004295508426467287,0.0011405919261288286,5.050716018002546e-05,0.0005646338704547656,0.0001531610631930589
Q99MG7,2,172,S,test,2,0.005066356640924919,0.00017336120138130025,0.8258159788025364,0.005629894345029642,0.06725958015238212,0.011309018401540435,0.0013011480963847084,0.0012809756493419211,0.08176685900749217,0.00039682770298636794
Q99ML4,5,431,M,test,4,0.016806880280756106,2.7268044940823605e-05,0.0015602330926562135,0.0022524595620600114,0.5913069342700014,0.3265507273410088,0.01613148141356068,0.0033550283942118393,0.03992580313713571,0.002083184463668401
Q99ML8,2,113,S,test,2,4.8904546954671e-05,4.3837755417997586e-05,0.9962419647164796,0.0005631437737521932,0.00010353092902078647,0.0002960865206450139,0.0003968746318205465,5.6288792924495744e-05,0.0022135889992425783,3.57793337421338e-05
Q99MQ1,1,977,S,test,1,0.1607615383496897,0.8164144755307888,0.00024169518713065133,0.006913235838410693,0.008185654281899987,8.891469121709603e-05,0.00038023991648788996,0.0018282509240289363,0.004641326737317631,0.0005446685430285715
Q99MS4,2,279,S,test,4,0.015220264905751419,0.0001799867168485057,0.26978564265138266,0.027560338380759965,0.28273293378848946,0.12944456936247462,0.011578966864632861,0.0019050395350981165,0.2574312687182394,0.004160989076322977
Q99MU0,0,676,U,test,0,0.9916980792801339,0.003156357845141012,9.833932357424554e-05,0.0007497006260933025,0.0016503397785412963,4.792675717566337e-05,0.0019713441024724492,0.00020818435236497667,0.00039199005447723516,2.7737880025905608e-05
Q99MV1,1,1172,S,test,1,0.17344298167274697,0.7652663239296061,0.0057974105849181124,0.0023241372649718765,0.0018674967889605624,0.01632287837581612,0.01135077927616594,0.00427474294839203,0.014433050800841778,0.004920198357580491
Q99MV2,1,351,S,test,0,0.9894589947399756,0.0018804917690975705,0.00020771430542066829,0.0011011742274904819,0.00497382671356883,0.00016953146395430773,0.000582549171793142,0.00027517673410224885,0.001307676605807904,4.286426878924226e-05
Q99N93,3,251,U,test,3,9.597986601651769e-05,0.0005654240368474278,0.00020618769396955555,0.9986288369613155,2.543213198793301e-05,1.6165647871393037e-05,0.00012966053189163946,1.9919986902419057e-06,0.00012180479607311249,0.0002085163353366373
Q99NB1,3,682,S,test,3,0.004614691020397907,0.00017478604589052124,7.286167610581737e-05,0.9583206666921229,0.03490682869877695,0.0003476035667959235,0.0001128503630265902,2.0551578159738394e-05,0.0011921153082241115,0.00023704505049949108
Q99P30,9,236,U,test,6,0.03298099485580982,0.04596879165021076,0.004411490830137234,0.00038247205037724986,0.00045419678480709233,0.03664951561844822,0.8472749371369378,0.005664466666338284,0.002826107325831716,0.023387027081101852
Q99PQ1,1,284,S,test,1,0.00821330984355915,0.9871465367885124,0.00030151621231548956,0.0010986005937362632,0.00014694726545537887,0.00013379700630869926,0.0009179151811918361,0.0004669974358031051,0.000988633641822711,0.0005857460312950152
Q9ASQ7,4,519,M,test,4,0.021717547190977158,0.00022312917982934285,0.000329763522501871,0.0004040347248304617,0.8540549546955563,0.060908364185654255,0.0005522499733191863,0.0236664403225127,0.03781886517775109,0.00032465102706767386
Q9BMK9,4,1001,M,test,4,0.01817535285421135,0.0010016302519876006,0.0003516052700355858,0.0005796991316340006,0.7317060871425491,0.020197021180313694,0.0009409445791187426,0.060533168808786834,0.1658367538326358,0.0006777369487272483
Q9BQ83,0,275,U,test,0,0.9810507185684042,0.013993936188006754,0.00019047184085532143,0.0008946024827953421,0.001923697514402101,8.321099415572089e-05,0.0005821289208740605,0.00011373594076558098,0.0011046865979912404,6.28109517496515e-05
Q9BQA5,0,517,U,test,0,0.9962443398919646,0.0026701043724328,5.762377826153412e-05,0.00017818843314023155,0.0004599343392193797,6.936156574794778e-06,0.000297827182479007,3.207246190073642e-05,4.740002555790247e-05,5.573358468977851e-06
Q9BQB4,2,213,S,test,2,0.00019652864157504744,3.992721584912965e-05,0.9658928689522023,0.0007742555126043939,0.0004788719025803049,0.004153013514423497,0.00014834760159520655,0.00032402096304086955,0.027831763681384826,0.00016040201474444736
Q9BQQ3,7,440,M,test,1,0.014790918658682893,0.9035378628453801,0.00046945540846232497,0.004872765999321826,0.050577434494991746,0.0035510931398539344,0.00041429293266271526,0.008551970258690901,0.010716104352798978,0.0025181019091545715
Q9BR76,1,489,S,test,0,0.9862494883774382,0.006697416709214826,0.0015358218178889464,0.0003360599538510929,0.001816723003347021,0.0007936675058311685,0.0005716572763783553,0.0006735769035477227,0.0011280289893744492,0.00019755946312817203
Q9BSH3,0,213,U,test,1,0.38010045035315465,0.5795839753612863,0.0025811837103910116,0.024778265031583147,0.008235089942246795,0.00039275688340587657,0.0014822490878091629,0.0005714578757777464,0.0015055910596351253,0.0007689806947102723
Q9BTP7,0,215,U,test,0,0.9539832141281661,0.03999566770234007,0.0002571478906610763,0.0004918082404349203,0.000507419884770768,9.026740258566185e-05,0.002596467572549139,0.000926025121073193,0.001065848308367625,8.613374905148315e-05
Q9BUL9,0,199,U,test,0,0.9991349210390461,0.0001959344009044135,1.920691031337385e-05,0.00011696920707377638,0.0002418876158273799,1.0607063423788741e-05,0.0002559837208965495,6.6377303769940695e-06,1.2996044892492554e-05,4.856267245118539e-06
Q9BV35,3,468,M,test,3,0.0071719001873121685,0.004349977632704941,0.0018782243648111448,0.9283899899080379,0.003929877073839592,0.023241788364719983,0.011528013373687371,9.799898692658133e-05,0.007656847345863285,0.011755382762097066
Q9BVJ6,0,771,U,test,0,0.9992138566592381,0.00044061064939001016,2.142854917887401e-05,1.9208427043961963e-05,0.00011053686930543959,3.760827324635544e-05,7.136796493100242e-05,2.8388215750606078e-05,5.140442078426417e-05,5.589971131372793e-06
Q9BVK8,5,224,M,test,5,0.0021330431856069853,5.075569271274602e-05,0.00020550311562287103,5.402914958241983e-05,0.0014588768385914957,0.9866037070615967,0.0002808894702562654,0.007956235429110356,0.0010415946284318977,0.00021536542848829188
Q9BVV6,1,1533,S,test,0,0.9818016453834417,0.009329106448783884,0.00018475296356740362,0.00255542221682137,0.002993432105098301,5.376617679886787e-05,0.0023495717394052804,0.00018188862256001654,0.000498302377643687,5.2111965879492154e-05
Q9BW62,1,490,S,test,0,0.8685693008697662,0.1270997740578034,0.0003569970911355982,0.000310164456149337,0.0012411844875411821,0.00010389208005018415,0.0008045054117624414,0.0005572645754420342,0.0008497270041284583,0.00010718996622111135
Q9BWV1,4,1114,M,test,4,0.0019239837803654318,1.3167849467784093e-05,2.3110293853012667e-05,0.0004728758299759388,0.9966482431228217,9.96053314545549e-05,2.23992653683761e-05,0.000317163946057362,0.00047011317766785816,9.337402967900417e-06
Q9BWW7,0,348,U,test,0,0.996764522325424,0.0013968254100954697,7.288131324240295e-05,0.00030385988969724336,0.0008406243449894145,8.241191304316692e-06,0.000535901090384074,1.8000416186339972e-05,5.3739314152383335e-05,5.404704524343582e-06
Q9BX84,4,2022,M,test,0,0.5099436831321177,0.39714455427022993,0.0028043596638159768,0.003893467986579212,0.0025138119565167503,0.021027345401039708,0.0401765970233111,0.0018975247750047802,0.010460241797339969,0.010138413994044908
Q9BX95,5,441,M,test,5,0.01063347587662,0.004116620219512664,0.00016404348968791617,0.0019674756516859667,0.0029077403845016404,0.8582335703207798,0.002336435180244086,0.09629113887664321,0.01918435414605549,0.004165145854269177
Q9BXB5,1,764,S,test,1,0.023809566899830038,0.7123183472423784,0.0035667326934655957,0.025345150415054713,0.06756270933836835,0.07746103064685048,0.0030507880596797898,0.01655695274164409,0.06497442195860362,0.0053543000041248985
Q9BXL5,0,484,U,test,0,0.9886585076956297,0.002670555429266998,0.0002792840297666367,0.0007187702139220936,0.0029102061529582553,3.3880995715468486e-05,0.004437534693536365,8.255619634562083e-05,0.0001875024064697102,2.1202186389204494e-05
Q9BXS1,9,227,U,test,5,0.0033373196788449625,0.00643285172125059,0.008522143514302083,0.00048455732342133967,0.009178711022607757,0.7731556826014734,0.009924551386859307,0.021997090240208735,0.14301942166084397,0.02394767085018792
Q9BY07,4,1137,M,test,4,0.001383509553250557,9.468814593778788e-06,7.684217947141709e-05,0.0003470838001475502,0.9950056666783305,0.0005323496821448199,4.4472841287176435e-05,0.0001307129557103088,0.002447178991311937,2.2714503751999478e-05
Q9BYC9,3,149,U,test,1,0.00027305469012809676,0.9516210442680809,0.000695909103373777,0.04381787920907449,7.276661474358295e-06,7.582455560917027e-05,0.0003046145594038324,1.2378018375783297e-05,0.00013946269879357915,0.00305255623568595
Q9BYD1,3,178,U,test,3,0.00024473197724002294,0.0009986593763490856,0.0003666693828166307,0.9971571808493842,0.0006212939565889247,1.3806833775212326e-05,0.00031058108721675854,6.126745636158918e-06,0.00020689159569857424,7.405819529444154e-05
Q9BYG8,1,508,S,test,1,0.001938531328343244,0.8931397964636815,0.0013323317068284265,0.005187778831810465,0.00015788601311581175,0.023801368180164408,0.0014863235691477987,0.0007893804144433603,0.015070087561487363,0.05709651593097763
Q9BYK8,0,2649,U,test,1,0.15357284602792667,0.7799072606563909,0.006695010106690511,0.013471565896488727,0.00396666211234351,0.010782506680994631,0.012170545356348483,0.0013708418019475345,0.011522841161532802,0.00653992019933621
Q9C0E8,5,428,M,test,5,0.022397508234950098,0.00024784381025109336,0.0007284534338421508,0.09615687818771461,0.22532492646349445,0.6124966487177461,0.000763412665904009,0.0019494426595870404,0.037508765471047,0.0024261203554634507
Q9C0U6,1,555,S,test,1,2.3488019181729192e-05,0.997233773927598,3.995446581819379e-05,7.945894999934044e-05,1.6491178755374034e-06,8.591560623329778e-05,8.558065021998867e-05,6.485250022225307e-05,0.0001695339159653749,0.0022157928468862073
Q9C0Z8,3,319,U,test,3,0.0001394361216866298,0.0013864218953790388,0.00018690029434900021,0.9971002077680966,5.4603968244502715e-05,0.00010121976422069132,0.0002060732145549853,4.922697081370115e-06,0.00029808304221585065,0.0005221312341713346
Q9C1W6,1,395,S,test,1,0.0066452361254112765,0.8164252567059107,0.0004047686203010951,0.0001443246966941644,0.0001536328444196514,0.006859526944333519,0.0016517087248065305,0.14187344329675405,0.02446204767258338,0.0013800543687856397
Q9C4Z7,6,229,U,test,6,0.0032704051689788904,5.2041636990747e-05,2.4969850055386596e-05,0.00011819746057045414,8.447191942002475e-05,0.000407743303943393,0.9959169204208191,2.458272908578091e-05,2.0063839097444065e-05,8.060367103876863e-05
Q9C5P4,0,669,U,test,0,0.9986775713895445,0.00028321846014025507,2.5039066296364915e-05,9.598455114956768e-05,0.0005209184121355448,6.531831005541465e-06,0.00033764658228584615,1.6679612927620517e-05,3.116162104007962e-05,5.248473474699596e-06
Q9C5S1,1,784,S,test,1,0.0070633618784569675,0.9771191467762467,0.0001648216363763885,0.0016581496744997,0.0037825915499855966,0.0003329488272017243,3.145675850183324e-05,0.003744917693832097,0.005490218545082024,0.0006123866598169855
Q9C5S2,5,841,M,test,5,0.04552869059517067,0.00010116198097501861,0.0017110252269464125,0.0011397885224549516,0.16141323508836763,0.7463672051785603,0.0027556551682418368,0.02882697204747314,0.010573826575381733,0.0015824396164283757
Q9C5Y2,5,489,M,test,5,0.0012195023678793781,2.177598034865655e-05,9.16803029711028e-05,0.001551412162778825,0.00011058755106216467,0.9841735650515059,0.006427285296404316,0.0004141051944785328,0.003959735519442148,0.002030350573128953
Q9C658,1,611,S,test,1,0.025865336076949567,0.9705895973282048,0.00014224259928693632,0.00013572884255991772,8.62744911713659e-05,0.00032815022388059937,0.00041807424042765624,0.0003155790002334358,0.0013131580591952377,0.0008058591380904932
Q9C8J6,6,527,U,test,6,0.004601285103514508,0.00013679260803667177,6.165725283204959e-05,6.0701348287630284e-05,4.5819782597046666e-05,0.0011633870351178762,0.9936009385337358,5.5269208446966504e-05,1.2526431526641118e-05,0.00026162269590488
Q9C8L2,6,287,S,test,6,0.00201788594815692,2.7898019240127273e-05,2.768091375599948e-05,1.9174009481104188e-05,4.1553973291154465e-05,0.0003452195731022728,0.9974234281840224,2.6207763324538484e-05,9.057160402701448e-06,6.189445522279738e-05
Q9C8M5,1,476,S,test,1,0.07366007033077025,0.7016025869645168,0.05295183498691286,0.0040435261890439675,0.002097753888833928,0.08679277566434973,0.022729862698123954,0.015868003262451615,0.02438558275254531,0.015868003262451615
Q9C8N5,0,499,U,test,0,0.9932821973643448,0.001665940472768924,9.398593487445032e-05,0.0008483899714560636,0.0015958732254745694,4.580508354247626e-05,0.002250541966657322,4.509494271924858e-05,0.000128463522498924,4.3707515663292116e-05
Q9C932,0,317,U,test,0,0.9818246009718848,0.0032933422707597747,0.0003192319496718633,0.0037491965097236056,0.006214670058257806,0.00025651007938706625,0.002954295908957305,0.0002688202432730551,0.0008745683804775971,0.0002447636276070407
Q9C952,0,693,U,test,0,0.991563669201692,0.007223995402730051,6.249980573855057e-05,0.0001292470821541924,0.0001375827964724677,1.9666436140240572e-05,0.0007437655791386235,3.345373557689348e-05,6.34840316741291e-05,2.2635928682855425e-05
Q9C9N6,1,607,S,test,1,0.005619597221675716,0.8774686558898928,0.00891020718262658,0.0006039833022517051,0.0005330133780178557,0.04873591718756683,0.0026858002263197935,0.030142844077715097,0.019103905410679807,0.0061960761232538715
Q9C9X7,0,419,U,test,0,0.9963697336414133,0.001271320211411419,5.992679218085645e-05,0.0002454958195125658,0.0012370285603788176,6.7235996442568325e-06,0.0007103656903651435,2.9665913066591605e-05,6.280274214201264e-05,6.937029884990816e-06
Q9CA19,3,154,U,test,3,7.386698985866829e-05,0.004534424632021359,0.0003431455380206692,0.9945826700809576,5.707998283117384e-05,1.4659352238614654e-05,5.237953558924559e-05,2.469037744222494e-06,0.00015576675395770155,0.00018353809678079143
Q9CAC5,6,191,M,test,6,0.0008351467565759261,0.00010912033051614509,2.4253111451758548e-05,5.380788217103178e-05,1.3604762924463654e-05,0.0007486206610090922,0.9980363268849708,4.7857720438104545e-05,2.0423167409634584e-05,0.00011083872253300084
Q9CAE4,0,261,U,test,0,0.9968556700355954,0.00035251585794736926,5.902648579732151e-05,0.0005339909398485485,0.0009790473211400046,3.11047750386122e-05,0.0011050808836160558,1.7722965863102894e-05,3.751951791182456e-05,2.832121724182691e-05
Q9CAL8,4,710,M,test,4,0.011382281054637759,0.00015984235794929858,0.00020847375357588174,0.00041137310488448416,0.9776804027828484,0.0024760566168008126,0.0006677244794164115,0.0020809802602827763,0.004857361404470326,7.550418513384936e-05
Q9CQ45,2,171,S,test,5,0.0027194366312877625,0.0010321817291759805,0.011096999405631244,0.0004336520863027337,0.0004010626081758108,0.9606520035897682,0.005249535392964811,0.003903028818679994,0.012045678058601132,0.0024664216794122885
Q9CQL4,3,149,U,test,1,0.00018895474374082242,0.9885628743004234,0.00023792995325784102,0.009247722406402531,4.443789446314636e-06,6.134462038200074e-05,0.00020351226046622122,1.9915684343083454e-05,8.254820734284104e-05,0.00139075403419491
Q9CQN4,2,206,S,test,2,0.00011500846400098262,1.6829455728431664e-05,0.9920271059892222,0.00033149060306240854,0.0003175485568965341,0.0013034111318398504,0.0001809336902849512,6.760998175148956e-05,0.005584880461202674,5.518166601052433e-05
Q9CRZ8,5,162,M,test,5,0.001561726985639069,3.068763829815008e-05,6.598879385453879e-05,0.00023763477777121196,0.00010062090329752673,0.9532285685146145,0.03418304311307404,0.0021200852392522255,0.005757364297315774,0.00271427973688296
Q9CUU3,0,1500,U,test,0,0.9880768269272744,0.007662861317705326,0.00011277456060063739,0.0002971213762685723,0.0013873578719778457,1.812451920352614e-05,0.002136227902908804,0.00015294497550042544,0.0001392579854711573,1.6502563089302828e-05
Q9CWH0,0,301,U,test,0,0.9695574746178001,0.02389608761330154,0.0002493780503861104,0.003323633055424787,0.0015946965788208745,4.5415120867565825e-05,0.0005576086995876324,0.00012539515684374504,0.0006076475530416178,4.266355392608726e-05
Q9CXD9,2,443,S,test,2,0.0010615238907692125,0.0007527331298648679,0.957564391447564,0.010975252583641114,0.0006488964859578143,0.002829709956307197,0.0009894489547984844,0.000316246900160803,0.024160172232688154,0.0007016244182483013
Q9CY02,1,102,S,test,0,0.6139642033184232,0.18579133581909696,0.03463749161090942,0.03940303292321023,0.008163100806013074,0.0414556496607819,0.02564004388952572,0.001148764040435381,0.038982026606704294,0.010814351324899841
Q9CZ16,5,297,M,test,4,0.0007327157775356258,1.1614178424282847e-05,0.00021574597371691947,0.00021743808513385317,0.9806556449961038,0.0012394880201899454,7.004246379898837e-05,0.009614009400749919,0.007144525400960743,9.877570338595783e-05
Q9D023,3,127,M,test,3,9.75036568400212e-05,9.75036568400212e-05,5.5991635198800276e-05,0.9987550642821353,0.00015101661346843457,4.751948496783128e-05,5.259927464332053e-05,9.504494895363382e-06,0.0004971024299103262,0.00023619447110051635
Q9D198,0,242,U,test,0,0.9988440802764551,0.00033968742382253363,3.643770005290548e-05,6.007561330279118e-05,0.00016848622171356038,4.941685015593148e-05,0.00044303592937086736,1.8610556729018907e-05,3.020791493172317e-05,9.961513465618351e-06
Q9D1F4,1,257,S,test,0,0.8365990316944673,0.13657104121226593,0.000662801236353314,0.0009059418651741596,0.0035830698264250776,0.0009643701358704752,0.0014476910681542,0.006437610206286717,0.012312252653547339,0.0005161901014555247
Q9D1T0,4,614,M,test,4,0.003945399334691897,3.883072146258182e-05,0.000873486756681973,0.00017132919140755616,0.9844483813430067,0.0015663092833784092,0.0001488533666132346,0.006379048471458896,0.0023930057560789687,3.535577521981804e-05
Q9D219,0,1425,U,test,0,0.9921299207257935,0.0025974795354712344,8.682194095022392e-05,0.0024116781097582507,0.0017747901028086846,3.144482437686559e-05,0.0005195285499524091,6.452058385281143e-05,0.00033806368254430964,4.575194449169511e-05
Q9D495,0,329,U,test,1,0.014061290192312045,0.9554435217718298,0.00015620681454898055,0.0006474592689429503,0.00045199943593175843,0.002570773834776226,0.0004180311344422223,0.013951864450909186,0.010167606687990714,0.002131246408316167
Q9D563,4,222,M,test,4,0.0031531511405485622,1.6441520867594787e-05,0.0003200764719751737,0.0010494903759468487,0.9541345366905959,0.0035607971159981834,0.0003515352412612941,0.00653014847286545,0.030670606065387004,0.00021321690455398246
Q9D6I7,5,428,M,test,5,0.002646491154482621,5.965819560118692e-05,0.0015266317584491083,5.1831942789882634e-05,0.0016124444022311106,0.97652595871491,0.012102067425466823,0.0020825867463551955,0.002184664589596299,0.0012076650701177676
Q9D6Z6,2,183,S,test,0,0.5390099606983849,0.16960700477623822,0.020737041588372283,0.045827773846194554,0.054156743941250335,0.007222737281349906,0.03653708285694983,0.004663349821712598,0.11566192809361402,0.006576377095933314
Q9D7G9,1,263,S,test,4,0.061425699139673696,0.0005252450269762149,0.010145669830763236,0.16502706776396128,0.371894245731892,0.29190313595176515,0.03995826473065081,0.000541918030944355,0.04513792375242269,0.01344083004095056
Q9D7K2,0,161,U,test,0,0.9975497894652227,0.0005620619392461533,0.00012214939696716628,0.0005152735756548047,0.0006592863075526067,0.00013207498143614764,0.000321820772077794,1.5651353595347555e-05,0.00010695758374025023,1.4934624507091383e-05
Q9DDT5,0,1084,U,test,0,0.9984610285473743,0.0006306700825105288,4.031739281498805e-05,0.0001741076073645098,0.0004334527790656148,4.086628567722399e-06,0.00020817611950589253,1.3399540022092602e-05,3.115486542110004e-05,3.6064373532540275e-06
Q9EPK6,5,465,S,test,5,0.005493285105873408,0.00012718677601452933,0.1020437262192004,0.002399838487651386,0.026412541285736016,0.7779415868831653,0.0009397902924505371,0.009641015737973416,0.0740758090548701,0.0009252201570649605
Q9EQ14,2,196,S,test,2,0.0009363183305406294,0.00020408121417260952,0.9422425871213107,0.0014962324808792833,0.0012797954235602429,0.015349382039629073,0.0030165752755491183,0.0008327787669128795,0.03432118453418098,0.00032106481326452704
Q9EQJ4,0,579,U,test,0,0.9965525190362496,0.0015100070882108612,5.90085361219818e-05,0.0003503498209290138,0.0009122949523212697,1.3166584739479067e-05,0.0004871255911999279,2.8312604527720874e-05,7.696164017647117e-05,1.0254145523610923e-05
Q9EQR5,4,269,M,test,4,0.012001981820177221,0.0005398356199873862,5.1403287324174756e-05,0.00018802539643500787,0.9684499701260048,0.002085631780039899,0.00020015200390190158,0.01248008657708378,0.003888870216745743,0.00011404317230011185
Q9ERP3,1,366,S,test,1,0.4501879459727412,0.534611432975651,0.00225418888167235,0.0010482951171032237,0.000666336949314711,0.0010648035091267475,0.005060088164234898,0.0007318279637719674,0.0029863151015150353,0.0013887653648689206
Q9ERU2,0,237,U,test,0,0.9978215460614305,0.0006014041714521882,6.642956488082152e-05,0.00014970132888953423,0.000638942295580339,2.9709140232723216e-05,0.0006180757202538076,1.4479077916715827e-05,5.133279175464378e-05,8.37984760879556e-06
Q9ERZ0,0,503,U,test,0,0.989799791059344,0.003199926050777536,0.00018194336256595613,0.0004646086849063753,0.0023872904829596426,2.7684783739369384e-05,0.003625991250372637,0.00010126673985410931,0.00019217049279315518,1.9327092687168585e-05
Q9ESC8,0,1160,U,test,0,0.9790087514929271,0.017931171077835886,0.00011894614936555056,0.0009283031849933244,0.0008033794725444156,0.0001390621352554198,0.00017855930806274237,0.00011894614936555056,0.0006844877618946945,8.839326775534778e-05
Q9ESP5,0,455,U,test,0,0.9970800364217814,0.000606262421199212,4.9716473275643464e-05,0.0001604867443168857,0.0007976955451867467,3.637334915357112e-05,0.0011493609150436033,3.160171426451981e-05,7.882843849721532e-05,9.637977281182159e-06
Q9EST4,0,264,U,test,1,0.0011854660097505173,0.9146792434197563,0.0008472143743578349,0.07746478554613934,0.00018038235149915507,0.000530173206241096,0.00032663024136614724,0.000195039828457798,0.0007418456288475602,0.003849219393584329
Q9FE22,0,292,U,test,0,0.9959096479522048,0.0005633340090898806,3.6902775038460595e-05,0.0007514154098380049,0.0013110705785013205,4.116802124367784e-05,0.0013008678237206304,1.8268198923280536e-05,3.9901415320809756e-05,2.7423816119143045e-05
Q9FEE2,1,480,S,test,8,0.030701041875673768,0.08564196709455922,0.00938617551206496,0.005348081814439382,0.004610335086902059,0.07982709428858457,0.001862743559861797,0.005103175637065566,0.763318554927513,0.014200830203335724
Q9FEN9,0,228,U,test,0,0.9982839302326377,0.00019919051706770863,2.2436026653690346e-05,8.533677529212521e-05,0.0010396147924046748,1.2390351096814314e-05,0.0003201761016190234,1.1459201319140237e-05,2.1745743816679178e-05,3.7202580924518673e-06
Q9FFA2,0,426,U,test,0,0.9966357175053543,0.0012134260695806282,4.595972956559666e-05,0.00031285329969703957,0.0005822081949844287,6.938881554784012e-06,0.0011399082905344082,1.9158867062122088e-05,3.751123798910927e-05,6.317923677596901e-06
Q9FFD9,5,368,M,test,5,0.003842805491544994,0.001000499691845528,6.446144746364095e-05,0.0003172903560388241,0.00018363359271966078,0.9311655773371952,0.0008491131100867457,0.05680146467012326,0.0038353074144457607,0.0019398468885364372
Q9FFH3,0,466,U,test,0,0.9980281563572155,0.0007814826890827648,3.6407937896506145e-05,0.00012658075915867817,0.0007060107972538098,4.4863376115526686e-06,0.00025998060520376274,2.208252797794791e-05,3.0183238644354138e-05,4.6287499550534e-06
Q9FFK6,0,810,U,test,0,0.7266320020085761,0.2511173106994026,0.0025800147453801372,0.001058835860288066,0.004492829475166953,0.001058835860288066,0.00238612361319031,0.003417964155004997,0.006093179866316857,0.0011629037163859175
Q9FG00,4,491,M,test,8,0.0014781801520526612,0.00023388208899757622,0.001783025658744943,0.01690861931491767,0.25648283597520055,0.3345166993752697,0.0028050932638503554,0.012596133919135005,0.3673947103776928,0.005800819874138792
Q9FG36,6,210,S,test,3,0.03897543278496852,0.03256519222627054,0.003162025193674512,0.9081131606845967,0.003040890172609603,0.00014616691783125938,0.01226416307735179,6.5882589822436e-05,0.0004432457106235307,0.0012238406422511745
Q9FH18,0,509,M,test,5,0.09715992966967861,0.0014187779757263619,0.0007476434701069922,0.0017113728698513785,0.005149287642418517,0.7823450573079676,0.04661784325682694,0.05160124977568754,0.006043689331432264,0.007205148700303836
Q9FHM5,0,419,U,test,0,0.9953998191396418,0.0006725625445939834,7.221514140004735e-05,0.0002662238089512254,0.0009301202219647813,7.335236635176214e-05,0.0023360395487048323,3.204527240898213e-05,0.00018297274919029476,3.464920679224495e-05
Q9FHW2,0,171,U,test,0,0.9956621822717946,0.000791907450367879,7.452713400947967e-05,0.000393556966467143,0.001055272094511452,2.4963463887033487e-05,0.001826911403918009,2.4195417416499448e-05,0.0001257883596721843,2.0695437955781708e-05
Q9FI76,9,157,U,test,6,0.04611866606165104,0.29147894179619976,0.00043822082724351546,0.013928709531590538,0.0001490971379118569,0.006192910993274938,0.6267782021590846,0.0010677917596736439,0.0006084094223351883,0.01323905031103492
Q9FJV0,1,356,S,test,1,0.002809304612138564,0.9923981927977834,0.0003381550920795187,0.0001648036490920152,0.00011326777879058711,0.00011326777879058711,0.00047316407695912157,0.001778740787003385,0.0012749382967926133,0.0005361651305701652
Q9FJX3,3,276,M,test,5,0.00034161268119724004,0.0004669291804661515,0.049913791561612596,0.16885617877621595,0.0010856428739360712,0.6574852662146424,0.004552907911509738,0.0016297430750447507,0.04073844971236236,0.07492947801301275
Q9FK07,3,579,U,test,6,0.02925939447024738,0.0005377393131465715,3.7043057683163345e-05,0.000719731173710249,0.00018233231721123843,6.81326133003736e-05,0.9689380440913319,1.5932020687957192e-05,1.4734709884620288e-05,0.00022691623279654
Q9FKB5,0,222,S,test,0,0.9934147258603022,0.0005141408624841749,7.792746270630689e-05,0.0006725334675078736,0.0010768066620773283,4.6532619671808286e-05,0.00396581261065813,2.163967842189296e-05,0.00019137138051127748,1.8509395659031212e-05
Q9FKM2,3,274,M,test,3,0.000642076833995856,0.00036584437522388624,0.07717034230577687,0.6824591764606361,0.008557400677135611,0.16209825894132732,0.008261781196445179,0.0003436789561273144,0.030696241224377724,0.029405199028954047
Q9FKW0,0,522,U,test,0,0.9970089790469385,0.0011811381217941834,4.6700975986335346e-05,0.0001120298099469637,0.0008574143725686281,1.0420396726454516e-05,0.0006769470863134749,3.9945459538454345e-05,5.9035562793097633e-05,7.389167393911573e-06
Q9FL03,0,584,U,test,0,0.9290876768191548,0.0023853821723336752,0.0003701222455027639,0.0022584345183231072,0.011514165909200935,0.0001383045802992894,0.053240964502047114,0.00015918759813937904,0.0006445296721334935,0.0002012319828654204
Q9FLV9,4,635,M,test,4,0.13631319524397706,0.0015381497777587248,0.0010087431460958022,0.001315649231122537,0.582937641626762,0.15206837296110165,0.001400501338720858,0.04239313620031003,0.08013439775048142,0.0008902127236699495
Q9FM85,4,408,M,test,4,0.0036568330626656435,0.0001589533200804406,0.000595215295832302,0.0005171319235927148,0.9722425619056678,0.004237859890629581,0.0002276901127444399,0.0016563317363935078,0.016598175839712168,0.00010924691268141671
Q9FN48,6,387,M,test,6,0.010431571537265386,0.00039356588340243363,6.106673017175421e-05,0.00019106089547091978,3.8214583070719105e-05,0.004085062308600985,0.9840846632442761,9.311564457475326e-05,6.011997523613043e-05,0.0005615591979308255
Q9FNC9,3,99,M,test,3,0.20808252369702984,0.001218121334343972,0.002598988270935643,0.6612849010549628,0.004218574384384888,0.02661018967932456,0.08539689811427435,0.001276580222802198,0.005502058501820103,0.0038111647401216212
Q9FNF2,6,652,U,test,6,0.0022856425783269792,0.00011335180313615066,1.4926714545929417e-05,4.387205318434035e-05,1.3590927837096149e-05,0.0002911549564052158,0.997021389706829,3.694396992993252e-05,6.623689471039323e-06,0.00017250360033432922
Q9FNJ8,6,425,S,test,6,0.002282925166701173,0.000446036309320926,9.874965255861489e-05,2.2034024211760583e-05,7.380474419032304e-06,0.000915207078684231,0.9958360124265652,7.281342498577298e-05,1.637429874956995e-05,0.000302467143803768
Q9FNJ9,6,482,S,test,6,0.001596424393414385,0.00011609721917037884,1.745972401167734e-05,0.00020465433989224997,1.1999880442164121e-05,0.00030349508894351155,0.9975142101917974,6.423073115961699e-06,7.627587988527132e-06,0.00022160850122375392
Q9FNZ4,0,112,U,test,0,0.9965250807858039,0.0005971137980596145,7.576637983438639e-05,0.0007848912636865868,0.000880755040823242,1.7717087559876633e-05,0.0010337371859332923,1.8279488212092138e-05,5.126609645010319e-05,1.5392873636833118e-05
Q9FQ24,1,257,S,test,1,0.00021764098193517072,0.9892692361870288,0.001754401299770872,0.00043964686974969227,9.657759892765646e-05,0.0008743421294079089,2.330043035028245e-05,0.0017845869826469,0.002428322953651692,0.003111944566531005
Q9FQ25,1,260,S,test,1,0.0002346742542720256,0.9865293445112497,0.0020551832583163682,0.0003084734680961571,9.481696433136259e-05,0.0007061027842114808,2.0505606829586225e-05,0.00033094371783789724,0.0026440663638847657,0.00707588907097057
Q9FRK5,8,617,M,test,5,0.002427019216885121,1.761301104629283e-05,0.0005587315669696062,1.761301104629283e-05,0.00026703716906228476,0.9906710783173669,0.0017243788823299996,0.0021926288595635448,0.0018213072028254024,0.00030259276290450825
Q9FVC1,0,240,U,test,0,0.9988619497660892,0.0001413290068335895,3.939925024659195e-05,0.0001492731887199764,0.00039714192267590286,3.643835374408151e-05,0.0002991935302404573,1.3830439112966676e-05,5.178934073134465e-05,9.655201605887138e-06
Q9FX32,2,942,S,test,5,0.0012104166205694708,0.005905744960333294,0.0005628960531804471,0.0001799123814732983,0.0005991997077250219,0.6994817064368615,0.0005899099973380105,0.2613772006603427,0.024694725432926376,0.005398287749249905
Q9FX53,0,406,U,test,0,0.9969342846988027,0.00045444676583302607,6.0904988750438565e-05,0.0006855445956769307,0.0007390820161857648,2.8323451227823406e-05,0.0009945435324621751,2.0721880943717802e-05,5.903114250732688e-05,2.3116927610043706e-05
Q9FX83,3,222,U,test,3,8.734274404681391e-05,0.0008351843804478679,9.667960236399004e-05,0.9980812351423954,3.698324247611577e-05,2.0424086530510096e-05,9.08220852471888e-05,5.851599034611571e-06,0.00017370179314864012,0.0005717753243088107
Q9FXH7,0,345,U,test,0,0.9964218638258987,0.0010176051165488422,5.718553404584907e-05,0.0006043848859468702,0.0009634491782653446,1.0252801271621945e-05,0.0008224737840117438,2.2046986771691473e-05,6.582014881427745e-05,1.4917738425037808e-05
Q9FY74,0,1007,U,test,0,0.5717617529593728,0.2577132102124842,0.0017364578867024145,0.11258656291126119,0.025944222927620383,0.0037339713235361224,0.007721702448657649,0.006351699405978931,0.01014998693807807,0.0023004329863082033
Q9FYS5,0,193,U,test,0,0.9928982595248739,0.0013914073318199932,7.549062943791239e-05,0.0036946217608772973,0.0007404155275459125,2.691701179393249e-05,0.001030981219102388,1.5336851491545852e-05,7.549062943791239e-05,5.107951361926858e-05
Q9FZ33,5,473,M,test,5,0.013161611442454521,0.0011103197998479704,0.0007631109112431458,0.0017604783322239335,0.0009062166061378239,0.8368527098052309,0.10474439467097614,0.013847235322247414,0.004289672915497842,0.022564250194140354
Q9GKK3,2,241,S,test,2,0.00014706557184698032,8.781686607852568e-05,0.9879413387099031,0.003047657708050344,0.00022777961889806325,0.00043563996476884373,0.0005550197171462124,5.410240268512592e-05,0.007426081330503027,7.749811011983234e-05
Q9GL25,2,245,S,test,2,2.8277340048134857e-05,3.865054173049521e-05,0.9953112529002455,0.0003547302540563999,0.00013281216223788938,0.00015406479389692396,9.271783068014773e-05,3.805131943930563e-05,0.0038211655176170656,2.8277340048134857e-05
Q9GL77,4,1079,M,test,4,0.03937722726353808,0.0011615440034087147,0.0013369289071164428,0.003522338463582213,0.8754605978738299,0.010849566990459244,0.00196047666686538,0.0043156594434195185,0.061466985833365004,0.0005486745544155102
Q9GMC9,3,169,M,test,5,0.0006907879745540965,1.9330053024314875e-05,4.222071960942675e-05,0.0009534609882791067,0.00012027563244298809,0.989951315604971,0.0021739853613288672,0.0006880948224906193,0.003126278296472809,0.00223425054682677
Q9GPZ7,3,366,U,test,3,0.0001348376294710792,0.0005049117831290412,9.48701204723374e-05,0.9987178331236237,2.3893406372026317e-05,1.340298690850553e-05,0.00011048199609658412,3.496377964283727e-06,0.00012229242424414592,0.0002739801517182675
Q9GU58,2,88,S,test,2,5.1781858781025064e-05,6.545839911643028e-05,0.9987176349021365,0.000234805751167886,0.00023116542874556474,4.128409767668122e-05,6.246084947530334e-05,3.3172705646799273e-05,0.0005502216497765587,1.2014357477293917e-05
Q9GV77,4,3103,M,test,4,0.004742048423008952,0.00010724993694515174,0.0012565177787409035,0.0010539689434157825,0.9847686497389891,0.0013375562420049696,0.0006778405312249664,0.004040275808600158,0.0019652313084535344,5.066128861642461e-05
Q9GYZ0,1,1463,S,test,1,0.2857597385655228,0.7072621828959875,0.00034521131344613233,0.000730812335315057,0.0004718479126758103,0.0006154057094978148,0.0008026403464333785,0.0026523974897665658,0.0009024327693014297,0.0004573306620534749
Q9GZN4,2,317,S,test,5,0.0029393474420818847,0.0005107819911301006,0.11029819645981266,0.01171652333007826,0.02415841662585466,0.5021066521151677,0.005937644814470622,0.006470478256051947,0.3292895851629093,0.006572373802442891
Q9GZN7,0,287,U,test,0,0.6936725694592631,0.04823015105284508,0.003113507900910347,0.04927756117153959,0.02127696484566785,0.01723061208082362,0.12932292217092886,0.0027476610938416733,0.026531379018013897,0.008596671206165933
Q9GZP0,2,370,S,test,2,6.286105932433001e-05,9.66034445384403e-05,0.9972949863790804,0.0003807703706695619,5.859294974344417e-05,0.00010364035801032029,1.3808741973630321e-05,2.923310673634752e-05,0.0019403320505107114,1.917153941276755e-05
Q9GZP8,0,106,U,test,0,0.9979974593003189,0.00022301877874515407,0.00010700557836294724,0.00013213425777552635,0.0010807180168097804,6.696238464432801e-05,0.00022042054853166942,1.830649701761931e-05,0.00014287118594536578,1.1103451848683773e-05
Q9GZV9,2,251,S,test,2,0.0016732801225900803,0.0007542064197527866,0.6856798795673845,0.03481130367100797,0.0026119533950590607,0.08253507608755983,0.001224197950462553,0.0005183580284736435,0.1874544409162826,0.0027373038414269858
Q9H069,1,523,S,test,1,0.037660270753967245,0.8005078397667602,0.004722950958074299,0.007847902328484216,0.006818376449782511,0.01604007177036222,0.010315873612110161,0.0123464846408624,0.0941247786668838,0.00961545105271297
Q9H0E3,0,1048,U,test,0,0.9965985597548193,0.0016327824648354628,5.289735608540715e-05,0.0004869102646271991,0.0008242279036337866,5.4038049681517e-06,0.0003110139198527126,3.310231868858008e-05,4.8163589438438786e-05,6.938623051035987e-06
Q9H0I3,1,377,S,test,1,0.0007776496515357813,0.9739240482301914,0.0009830413092484368,0.0004130066151224695,4.7067774383227845e-05,0.008727591948608955,0.0009453815367313009,0.002362803662290676,0.007946563458953459,0.0038728458129343134
Q9H160,0,280,U,test,0,0.9984835670729518,0.00016581422830966563,2.1750092954668854e-05,4.901458737768314e-05,0.0009034135942730051,1.8315413195381688e-05,0.0002940841627733847,1.2200695148719388e-05,4.787916681590662e-05,3.9609861997207745e-06
Q9H161,0,411,U,test,0,0.9925624406254543,0.0013015698984448134,8.685979394799604e-05,0.000695320846154735,0.002384620354911243,2.6080038538482855e-05,0.0026498649418226264,5.8772273535243425e-05,0.00019882403890153895,3.564718828904449e-05
Q9H173,5,461,S,test,5,0.0005873098969593846,8.594242582143643e-05,0.0008816565852265423,0.0010802281629875825,0.0012097981730800436,0.9820795472858693,0.0009312149330460271,0.0032950017783459815,0.007469036955679705,0.0023802638029840175
Q9H1Z4,0,485,U,test,1,0.02859049413235536,0.9616968448816491,0.0005887591067296581,0.0001896546100013134,0.00020506552544762136,0.0012960540454653026,0.0008367953482989086,0.0008838320297810736,0.0042553075554557715,0.0014571927648158896
Q9H255,4,320,M,test,4,0.001544077267203131,1.6455796532726154e-05,0.0012844677287642313,0.0003834140001589394,0.9852767386339221,0.0006371007054935292,0.00010400383841849742,0.0008276965650045029,0.00988837777085416,3.766769364824574e-05
Q9H2W2,0,232,U,test,0,0.9992013840390598,8.34365632764399e-05,2.4857240959066864e-05,0.00020192082905806506,0.0003724788785553068,6.956744338488521e-06,9.092401045719098e-05,6.638172020822324e-06,9.073304751032338e-06,2.3302175238557225e-06
Q9H3J6,3,166,U,test,3,0.00012602573876850447,0.004803553036685179,0.0016568243813831166,0.9897782053966424,6.959802486004686e-05,0.00014965926824952154,0.0015964674689978604,2.057313661399193e-05,0.0007887666671911282,0.0010103268806082564
Q9H400,4,295,M,test,7,0.047088206200827674,0.0914767764565899,0.0002799966919398595,0.0004837909112809295,0.11745849348148608,0.018314382211673533,0.0003172778550498291,0.7028528509604658,0.020371399987044708,0.0013568252436416432
Q9H425,1,327,S,test,1,0.15863908133115928,0.7808488724346967,0.0054283302253627244,0.00157973416284302,0.02170133478156597,0.0033182718413083323,0.00023850419883490062,0.004430474103411747,0.023033371749017338,0.0007820251718000192
Q9H4F8,2,434,S,test,2,0.0017603620721087627,0.00017704427659024952,0.8977526460543042,0.010910638649636347,0.002225306359222017,0.04434864239911759,0.0014939999730475828,0.0008186444787786583,0.03883296638631491,0.0016797493508797828
Q9H6A0,1,471,S,test,1,0.0012820660356789642,0.6641266580627347,0.004634967237561074,0.0005428609047967806,0.0009984739943217553,0.06373429523587211,0.0007420028822028398,0.24431855349692994,0.011357399104974538,0.008262723044927284
Q9H6H4,5,257,M,test,5,0.0405212988623828,0.00026154707608796725,0.004355149413600489,0.00044490652741442275,0.18810192573928328,0.6880482685429737,0.0013704087408069562,0.01700765662460928,0.05918890220730975,0.0006999362655313062
Q9H6R4,0,1146,U,test,0,0.9944641368283185,0.0023613542741247073,0.00020392899062913607,0.00036926769760437466,0.0021416552705057668,2.6541493842276184e-05,0.0001945903859914166,5.116007206806609e-05,0.00017442969621411452,1.293529070170254e-05
Q9H867,1,229,S,test,1,0.0001573745447356524,0.9994658241670937,3.911628071169657e-05,3.425136109539448e-05,5.171181934722454e-06,1.543829694543955e-05,8.26352558504768e-06,5.430757346253474e-05,0.00013840865638093116,8.184441205488474e-05
Q9H8L6,2,949,S,test,2,0.0025779755555799064,0.00010978343365395048,0.8895843773587773,0.0005663060500915712,0.0827442385046353,0.004631782804221191,0.0005752240447739512,0.0006620788286476676,0.018462733993694854,8.54994259243013e-05
Q9H9P8,3,463,U,test,3,0.0004170428219925497,0.00011356867024100643,5.219903050940361e-05,0.9989289119880428,0.00028273697514179263,1.3831365509818887e-05,3.7597548582073715e-05,1.28651747777677e-06,9.638447451601203e-05,5.644060798681736e-05
Q9H9S0,0,305,U,test,0,0.9947005303503433,0.0007161351237552652,8.050522424990919e-05,0.0006603791706787991,0.0021421645788230613,3.9852972885347605e-05,0.0015190220122095696,3.923510949153472e-05,7.562765519742293e-05,2.654780236577075e-05
Q9H9Y2,0,349,U,test,0,0.9974534494970991,0.0016729365841976244,4.254067854821487e-05,0.0001260146600989723,0.00045291077997646715,1.4473736814120881e-05,0.00016957126611595873,2.540219941014592e-05,3.21113857817933e-05,1.0589211957608608e-05
Q9HAC7,3,445,U,test,3,0.0003550277506860703,0.00047413998489479934,0.000114839312515704,0.9983371938286932,6.099069556020676e-05,3.7575278804941135e-05,6.099069556020676e-05,3.387513993801534e-06,0.00025329364309307443,0.00030256129619795946
Q9HAF1,0,191,U,test,0,0.9951223091476523,0.0006730319508203991,0.00010181128472634755,0.00042199603430748773,0.002585038998258649,4.447805531393093e-05,0.0008855481981142981,3.254084132493929e-05,0.00011902944962532272,1.4216039856326328e-05
Q9HAJ7,0,183,U,test,0,0.9975412453480355,0.0009683066127152903,4.6001487905631704e-05,0.00024292099900364862,0.00077805620108611,7.747914859968037e-06,0.0003452603608545518,1.8878973759005603e-05,4.6001487905631704e-05,5.580613874744182e-06
Q9HAU0,1,1116,S,test,1,0.08478093153311508,0.3597405871565671,0.0027899067060927632,0.053210214769115374,0.3301165098346146,0.005294312726353759,0.0009947719235230976,0.01004683967279794,0.14648832188425737,0.006537603793562912
Q9HAZ2,0,1276,U,test,0,0.9946770491749003,0.002020205568109554,7.562587282005028e-05,0.0005936828569533608,0.001330068660611034,1.3348759002734444e-05,0.0010624964300370216,6.570488651020659e-05,0.00015039999295304892,1.1417798102695803e-05
Q9HBU9,4,364,M,test,4,0.0031229635730465064,4.614063234763224e-05,0.000699554655811003,0.009638211267969031,0.7915069710426783,0.12329300698335009,0.0011354892716068483,0.002640091931359252,0.06703325067570001,0.0008843199661313624
Q9HCC0,3,563,S,test,3,9.229709171205161e-05,0.00033002965868020795,9.824974166724464e-05,0.9985655900893496,0.000258348497604565,5.0181056091328074e-05,8.603035322616064e-05,1.6513202636979455e-06,0.00019692543243484412,0.00032069675897022936
Q9HCE9,4,1232,M,test,4,0.0024876931462760013,4.052518725305286e-05,7.338162524906519e-05,0.00031259000240130513,0.995796917453663,0.0001127712175550433,5.2854805253786434e-05,0.000528626953012675,0.0005401070157533711,5.45325935826558e-05
Q9HCY8,1,104,S,test,4,0.10211034748286953,0.006578893326055014,0.005004958192819797,0.05164603457838665,0.6869792264210439,0.052664663044874944,0.006527695730741795,0.0008834276131663713,0.0843224217857425,0.0032823318242994892
Q9HDW0,1,430,S,test,1,0.09297657098547872,0.8960287775432324,0.00017396475694923173,0.00021991206958992045,6.919840124964807e-05,0.001379070926731306,0.005380267758041066,0.002111062363268391,0.0006363366833362534,0.0010248385121230392
Q9HDX9,3,526,U,test,3,8.821126464167042e-05,0.001053847945637229,7.907207260349005e-05,0.9923783456245826,0.00015481559835363987,0.00036562553994167043,0.0002633501985974746,8.871640527069253e-06,0.0013906787962544027,0.004217181318860805
Q9HDY4,0,1183,U,test,0,0.9953795489888511,0.002354313343657429,7.450597923310268e-05,0.0009419844546815673,0.00038508249442784326,1.797540575304746e-05,0.000740817559873378,2.5349383114705617e-05,6.575129253290136e-05,1.4671097874944998e-05
Q9HDZ5,3,388,U,test,3,6.1017373695770734e-05,0.00040336046292641884,0.00018467186566452983,0.998773870989239,3.55911214928734e-05,0.0001814540443118292,3.6151599420784865e-05,2.0555298722539265e-06,0.00012867018789265554,0.0001931568254838888
Q9HE09,0,783,U,test,0,0.9989040953075967,0.000401056191508342,4.1942057003159665e-05,9.232837929481085e-05,0.00041056694482142765,5.8564232055938164e-06,9.78998710019184e-05,1.4494786029466662e-05,2.9280273846475895e-05,2.479765692099237e-06
Q9HEM6,7,522,M,test,7,0.004673713728417321,0.0014143095778579497,0.0017059831552338762,0.0014821837837155532,0.007410452558807485,0.14653533415655487,0.07782432287453984,0.5444447889652347,0.19412776454921332,0.02038114665042502
Q9HFP8,2,284,S,test,4,0.010970635082110682,4.4010258607175564e-05,0.029734036579042306,0.0011174424323737175,0.8554840743522018,0.056867842501054436,0.0028092497413396127,0.001246596985349743,0.04128162421789734,0.00044448785002318745
Q9HG09,9,425,M,test,3,3.4759179126656315e-05,9.051131365325536e-05,8.876066742852127e-05,0.9985591147820635,2.2442211470169246e-05,3.265322608585936e-05,8.569438990581916e-05,1.813608720030301e-06,0.00014477798512780346,0.0009394726364183982
Q9HGM2,5,171,M,test,5,0.0011018729813823446,5.594102681304311e-05,8.013182360421012e-05,0.0006427168833613562,0.002247688094035527,0.9900869412432359,0.0015576883668244807,0.0007632451691893551,0.0026022761572270427,0.0008614982543267106
Q9HGM4,5,250,M,test,5,0.0015617328790834117,0.0006930147792347606,0.0002529618849042314,0.00026927653217421554,0.0003917950171303297,0.7083820253244903,0.00674422565098464,0.17359647519080487,0.10529158485340981,0.002816907887783326
Q9I7I0,0,575,U,test,0,0.9975384791018781,0.0009096373317581915,3.261985095981654e-05,0.00031806786584072155,0.0002516124021515127,8.797990325214114e-05,0.0006215315437639107,5.9997086265061875e-05,0.00011208930904756695,6.79856050829451e-05
Q9I9E1,0,472,U,test,0,0.9962088519868559,0.0014291528846689806,5.807365975456941e-05,0.00022879031932383193,0.0009745975893947579,1.0742546483869636e-05,0.0010094702669854393,2.9201270168077055e-05,4.248759710128289e-05,8.631879263218084e-06
Q9JHH6,2,422,S,test,8,0.004083029393616119,0.00020648329182205945,0.1450606262883535,0.003805802141687332,0.1906786082900356,0.2818046762313863,0.008377833155345097,0.0010323514993617765,0.36184438473332975,0.0031062049750624344
Q9JHW9,1,512,S,test,8,0.01467064587499822,0.07530833331892887,0.012450816298972588,0.04782216710912185,0.02861174956788125,0.30880923218672085,0.007039052946027938,0.02929025527594952,0.43549079087431486,0.04050695654708406
Q9JI66,4,1079,M,test,4,0.01727972723999435,0.0003817589160869878,0.00046048913390223946,0.0013429201976514157,0.9434411621980346,0.004360474605268853,0.0007244511248053622,0.0023568982314789654,0.029393807364665986,0.0002583109881112133
Q9JIE6,2,140,S,test,2,0.0008073877327792571,0.00015898407267808779,0.8854081479027924,0.005648337036987091,0.0035071323555907843,0.05749360775023353,0.0010696150222377226,0.0010048102138366444,0.04408187564638714,0.0008201022664772725
Q9JIH7,1,2126,S,test,1,0.004519049299461936,0.991210270770231,0.00018078470905609657,0.0005525226858855523,0.000362353242512427,2.2627860033037403e-05,2.193167454655684e-05,0.00035953334313759184,0.0026256617978416426,0.0001452646172941093
Q9JJK1,4,265,M,test,4,0.011987862772782812,1.1819786446752292e-05,0.0006254834995520346,0.0010152599722797273,0.9087042554040362,0.00583101792694421,0.00048712706575306246,0.013063631585947944,0.05809151591091718,0.0001820260753401008
Q9JJN5,2,457,S,test,2,0.0037864133530634944,0.00024395577938042103,0.4410824049608643,0.011172444230245717,0.019762042327232516,0.4410824049608643,0.00792244984694286,0.001615842873089457,0.07033674211558189,0.0029952995527349866
Q9JJW5,1,264,S,test,0,0.40048376271228775,0.06165654668745305,0.1032552956697612,0.011999448924783562,0.0043799980208812945,0.32432163203433517,0.03236404850457256,0.0016624595963521595,0.03873469360777633,0.021142114241796937
Q9JJZ5,2,550,S,test,2,0.0003482703756232024,0.00013585292283957448,0.9945149050492498,0.00011350937193279293,0.0005147102480923816,0.0007272768434674956,6.268582882431936e-05,0.00013064848813622502,0.003422530184812012,2.9610687022202467e-05
Q9JKA9,4,863,M,test,4,0.0861771796734972,0.16643560308596433,0.00269018096405723,0.008351331765316236,0.48918146999799705,0.0679059789019823,0.006977798574801177,0.07785459783670864,0.08600902751620758,0.00841683168346823
Q9JKN1,7,378,M,test,4,0.005459355456653135,0.0001411485059806614,0.0001325967524375012,0.0031381071678678006,0.8769345115149337,0.015206832249033297,9.256745121441508e-05,0.010574691513336128,0.08819562626868198,0.00012456311986131616
Q9JL61,0,658,U,test,0,0.9970909547913593,0.0005031057632760401,4.1216854047460424e-05,0.00013620482493124618,0.0006678098924024568,9.341550525802734e-06,0.0014758247135085122,2.2061792482783214e-05,4.4566046923389504e-05,8.913770542986726e-06
Q9JLM4,0,1370,U,test,0,0.9948839515824316,0.0024089443518595503,7.804271629358553e-05,0.0006942299889527823,0.0012255715241540996,1.3775358429530484e-05,0.0005594660832576073,4.6601437123176824e-05,7.564159906859607e-05,1.3775358429530484e-05
Q9JM73,0,504,U,test,0,0.9929280248057872,0.0019622576576812717,0.00010984150171558274,0.0006689297892114053,0.0025995688728646486,7.833531030275385e-06,0.0015583489034256964,5.788240375116176e-05,9.693479046083336e-05,1.037774407187235e-05
Q9JM80,4,424,M,test,4,0.06482679859394257,0.0013349670705115357,0.0001893385914201952,0.0016484641249178036,0.7959461780050203,0.012144961329566219,0.00023934638263767286,0.055884193890963836,0.06740920726598915,0.0003765447450306803
Q9JMB1,0,375,U,test,1,0.012480456549672803,0.9837300037448277,0.00044755267769492436,0.0018415170316165538,0.0002510542931400455,3.5886342303605737e-05,0.00016593676193314897,0.00014643866791867058,0.00070409915393455,0.0001970547769580701
Q9LD83,4,556,M,test,5,0.11893274913703143,0.0013738551407443303,0.001877837157446482,0.0031943087471858417,0.34146517017134187,0.39921324358885313,0.007485241332372398,0.02579647784913912,0.09859871605016797,0.0020624008257174023
Q9LES2,0,478,U,test,0,0.9980472695425653,0.00010453201137269191,4.3236318957928155e-05,0.00014799074547574152,0.0010393682630521505,1.0931854267469322e-05,0.0005628916849810759,1.3393987777555887e-05,2.42533771338311e-05,6.132214416280795e-06
Q9LFH9,4,715,M,test,4,0.05732567962485162,0.0017378607313017504,0.0028652479781485526,0.004437782676328977,0.6795323778194096,0.06887838817237922,0.016617683343283163,0.008290869942312686,0.15766418860668413,0.0026499211053003387
Q9LFS2,4,641,M,test,4,0.02278396050949878,0.00011231552029519305,0.00022336608629072748,0.00030530525564824337,0.8821012130897633,0.03501387215027824,0.0009330880450677314,0.052974293388694554,0.005346006098547227,0.00020657985591601664
Q9LFU9,5,149,M,test,9,0.005197630562171324,0.2210088648085215,0.048501818430539745,0.07667755775643,0.0015606116235001863,0.21088812965525405,0.023476860902050093,0.0028259024714550373,0.08323269815111069,0.32662992563896737
Q9LG05,0,485,U,test,0,0.9974796453061715,0.0006106656097952337,3.5823785851096123e-05,0.0005849817697419604,0.0006589985752080898,1.181342973799584e-05,0.0005560174040361304,1.6401324047345446e-05,3.365333125470079e-05,1.199946415592752e-05
Q9LIB2,6,962,S,test,6,0.001106652128120998,4.224430989609272e-05,1.1281419135757667e-05,5.1758807216758505e-05,1.200900856107301e-05,0.00030136234802394317,0.9982730566769256,2.9261776346630574e-05,1.3397017587196179e-05,0.00015897650818595433
Q9LIG6,3,283,U,test,3,0.00027522389641138843,0.00030316118439809524,6.91134269376638e-05,0.9983647679470662,0.00014803781236854768,3.421362663509163e-05,0.000576423541036578,5.413381510823379e-06,9.300227791710865e-05,0.00013064290571851003
Q9LIQ6,0,234,U,test,0,0.9990281631389336,0.00018717026177659336,2.390083216225861e-05,6.703153926305862e-05,0.0004598703038681876,1.0279619815757332e-05,0.00019268783847814706,6.955538695252288e-06,2.044346277992064e-05,3.497464227176928e-06
Q9LJL4,6,330,U,test,6,0.0010886983489895592,0.00012602598344096187,2.7901364514821718e-05,0.00017982008986790483,1.565124810358931e-05,0.0007280679114639424,0.9975430547539571,2.7468794300864223e-05,2.4622867263925157e-05,0.0002386886380973022
Q9LJR2,2,271,S,test,8,0.009229398461469428,0.0010036506131801373,0.2068034588378406,0.019885126779113804,0.014294772608598311,0.22014114568207152,0.15368327713129032,0.001155194726146684,0.3686670414451562,0.005136933715133002
Q9LK31,7,426,M,test,5,0.001605585850118793,0.00017734891129406432,0.014033643039471818,5.580531245179951e-05,0.004605262685318881,0.9278441363725385,0.002308897281138793,0.023965461934381906,0.02415342705024602,0.001250431563039405
Q9LK72,2,276,S,test,8,0.00576213248686329,0.0006881885509991984,0.2649212542352587,0.017541841088068284,0.037905518863556566,0.1203459008236405,0.1557391769826555,0.001285705513046248,0.3915282282601104,0.00428205319580131
Q9LKA4,0,404,U,test,0,0.9986698448648075,9.787691207657325e-05,2.315717082035848e-05,0.00011309656530728096,0.0008099657955959349,1.1827525958743586e-05,0.00023533972330746703,1.146363163467463e-05,2.209672717533771e-05,5.331083316130078e-06
Q9LKX9,0,867,U,test,0,0.991693537752355,0.004738232136121727,5.781043951302655e-05,0.000138680042688191,0.0002268654000702292,0.00010305825299009375,0.0028515183932704955,4.868126910208494e-05,8.815039640215367e-05,5.346591748692165e-05
Q9LKZ3,0,1013,U,test,0,0.9981184811395855,0.00041915326269833234,2.6639026023988937e-05,3.875955585503513e-05,0.00020668695579074026,3.16346255689001e-05,0.0010893262966678494,1.9796442900119674e-05,3.875955585503513e-05,1.0763139054528377e-05
Q9LLC6,6,198,M,test,6,0.0014034660789226058,0.003009097821789445,0.00045786898292678554,0.002343487696455875,3.544525332974773e-05,0.004941822011624829,0.9869398104760743,6.220836194678206e-05,9.485641730128172e-05,0.0007119368996283799
Q9LM71,6,232,U,test,6,0.0010144014938922932,5.210724627692101e-05,6.796065657744506e-05,0.00025225801742657765,2.3122450700565556e-05,0.001272344450148308,0.9971724704799534,1.2184674907927765e-05,2.7890998988651353e-05,0.00010525953112788385
Q9LMR3,6,358,U,test,6,0.00689734526278738,0.00011683549575212516,1.3108580001273928e-05,0.00014371011315545508,6.156797947459075e-05,0.00034478472466969377,0.9921622461591618,2.8187875105416916e-05,2.2298443519280525e-05,0.00020991536637297197
Q9LNI5,0,83,U,test,0,0.9937699222660281,0.00031686625033035547,0.00012953465542641315,0.00032438050904475647,0.0024251191703963323,7.323225563896217e-05,0.0028131877281343557,3.249661944459703e-05,9.257425116923035e-05,2.2686294386829214e-05
Q9LP21,1,528,S,test,1,0.2957434172626368,0.3709453563662871,0.0018574039248248915,0.1208996643356278,0.08640309883175795,0.0032598452997969775,0.003470087442217017,0.007759107427602948,0.10022934433943062,0.009432674769817895
Q9LPP4,0,128,U,test,0,0.9934490652637978,0.0014141028351804259,0.00011517331167539647,0.0009067933649156513,0.0016662203930641307,2.1981211559159238e-05,0.002268574315217063,4.106630778192905e-05,9.851295962177078e-05,1.8510037186672328e-05
Q9LQ02,0,1453,U,test,1,0.07341495618452894,0.5819823517654839,0.010251023411624047,0.002234327055099158,0.0011591537176072737,0.21747092064669418,0.021786355505315158,0.02948902806257034,0.026745385391087905,0.0354664982599892
Q9LQU4,4,152,M,test,4,0.004313167860188249,4.0263709647057904e-06,0.00012331479705393966,0.0008009785760322605,0.983738576482582,0.0071669860793188885,0.0009852205782205088,0.00047642148460976143,0.0021815422148499645,0.00020976555617967585
Q9LRH6,0,309,U,test,0,0.9921194581865107,0.00045847754296279684,0.0002716389499574508,0.00018095053869957787,0.003309239955240007,0.00023416741799034955,0.0031209104602717445,3.244264822538165e-05,0.0002269628373265375,4.5751462815431544e-05
Q9LRY0,0,189,S,test,0,0.9933342221745145,0.0003075827993128163,3.299389368626948e-05,0.00010005273845117981,0.0003761229927397955,5.190668049080339e-05,0.005724855044065199,1.3970493221264119e-05,4.652884897318913e-05,1.1764334545010702e-05
Q9LS90,0,460,U,test,0,0.9777186724850581,0.016305001805947718,0.00012066006718244299,0.003338542839226171,0.0010950373490184028,1.8503821084728822e-05,0.0011679400011708006,7.318402799135164e-05,0.00012449022594101015,3.79673773793571e-05
Q9LSP8,0,838,U,test,1,0.1909578869140801,0.7914984119801547,0.0028769778793985012,0.005019754191518865,0.0037376574648664554,0.00012542188393202276,0.0007446640441527997,0.0024801099334408284,0.0021213503068703648,0.0004377654015853305
Q9LSR8,4,766,M,test,5,0.03216649526765451,0.0016229264109408022,0.017177596340316608,0.009486369596488272,0.32922156978345557,0.43614771078693426,0.0015009615731929296,0.008705181824660204,0.15920114194729845,0.004770046469058366
Q9LSZ9,5,489,M,test,5,0.002641237668354742,0.0001783397508387657,0.00044139510156215124,0.0004345519473686836,0.00026356907695981744,0.7980610906811545,0.10800582350521384,0.0010924633253685074,0.01804958562005398,0.07083194332312506
Q9LTT3,0,319,U,test,0,0.9959786134793394,0.0006763301341140128,5.123798210812243e-05,0.00024065300132970836,0.000987785422176778,3.466935300110552e-05,0.001849033906288823,6.579086896399412e-05,9.205797868825349e-05,2.382787398980286e-05
Q9LU10,6,448,U,test,6,0.0012618829752274296,8.520395376860562e-05,8.32302047065535e-05,0.00022935755725250222,1.638900027107536e-05,0.0013328140173487065,0.9967301094139132,1.638900027107536e-05,3.2088101503131585e-05,0.00021253577573779534
Q9LU21,6,204,M,test,6,0.0012635909191663385,6.54165593648323e-05,2.1911803332729372e-05,3.756557045008826e-05,1.0431582549825059e-05,0.00042324996683357056,0.9980792398520097,1.2006677211864463e-05,9.205838424129627e-06,7.738123065692903e-05
Q9LUT2,1,393,S,test,1,0.00021017787144960134,0.9856722082388434,0.0014596360467562278,0.0004848752448547226,5.836428498424389e-05,0.0009718525431641264,0.0003547422860624135,0.00028062428171910035,0.000380582939251506,0.01012693626291468
Q9LVA0,5,446,U,test,1,0.13940994678459273,0.7836647762934511,0.011178377274428853,0.025388436823467697,0.0035450203015437542,0.0013774463675342466,0.014751209196829766,0.0034092125130986126,0.006270501403544704,0.011005073041508518
Q9LVI9,6,426,U,test,6,0.0008290160365069502,0.0002921509948249261,2.542834415922412e-05,8.944974916664269e-05,8.926189120303872e-06,0.00014575953165362396,0.9984800961699732,1.1641944139636986e-05,8.787800396195757e-06,0.00010874324005922066
Q9LVV5,6,223,U,test,6,0.0005110808356458974,7.234523862607863e-05,4.895123436648165e-05,0.00019703921634946187,1.2184926022795063e-05,0.0012624689698062007,0.997193026975361,1.5164386066237714e-05,5.2928909398860475e-05,0.000634809308356917
Q9LW68,0,195,U,test,0,0.996599457034768,0.00021839884607580758,8.065890559463022e-05,0.0004251060145192573,0.0012470180619880032,7.817728755076298e-05,0.0012666558126248307,9.785035750347898e-06,5.126992057674473e-05,2.3473080551569403e-05
Q9LX82,0,256,U,test,0,0.9961948807159925,0.00020994685944885483,4.5939399692830565e-05,0.00022612166507627392,0.001157347066466425,4.890223559414071e-05,0.0019841546594488867,2.57696688672687e-05,8.383794815626476e-05,2.3099781256582048e-05
Q9LXU0,2,80,S,test,2,0.0005304728922146269,0.0007027624442386156,0.9591175206108308,0.0006918670761880106,0.0019786599793161735,0.00985410984309728,0.0006811406849750704,0.004381283601032528,0.021523356187118262,0.0005388266809886941
Q9LXW7,0,1580,U,test,0,0.9821195647900394,0.013578166316747249,0.00013105188615310562,0.0019523034661152717,0.001097284029662997,3.696488073567268e-05,0.0006350592623072969,3.873886107363276e-05,0.00035623595050670106,5.46305566587569e-05
Q9LY61,1,428,S,test,1,0.05497071098407293,0.9297591399739688,0.0005389139140985405,0.0002884598386046469,0.00025456490447668857,0.00036464738480312963,0.0011408806985210224,0.009294815909292148,0.0023409353086141053,0.001046931083547983
Q9LY62,7,334,M,test,5,0.0014364956560254348,0.00025256802050507214,0.00015805303525766784,4.973359169382119e-05,0.0002646890079401944,0.8399147120830409,0.0012431833774628562,0.15058840747756533,0.004076241560694563,0.002015916189814135
Q9LYG9,4,734,M,test,4,0.0012102807911046633,3.669035434947989e-05,0.00014511316548359557,0.0018499688331629408,0.9748256392056001,0.006027432641853331,8.013909888608614e-05,0.00048330060472458,0.015271809245224737,6.962605961048658e-05
Q9LYR5,6,256,U,test,6,0.0012647592636914787,0.0008114229518471397,0.00018149550674550547,0.0001800830833860639,8.292017313853958e-06,0.009236500976972702,0.9873633389776102,0.00016142543370423684,9.489712261240162e-05,0.0006977846661164141
Q9LYT1,9,488,U,test,0,0.7823420231278079,0.055794035662882054,0.0035114955208390103,0.004137552542117626,0.0010379960797628845,0.00886245027949919,0.1359506616769286,0.0009451062422914037,0.003376972472590106,0.004041706395281243
Q9LZ78,0,127,U,test,0,0.9933758473398894,0.001880575564415066,0.0001264838083663523,0.0008844257663735703,0.0015960236518699844,2.490614092419027e-05,0.001940271370124311,3.351487682806417e-05,0.00011697840879574616,2.097307241338491e-05
Q9LZS3,6,805,S,test,6,0.0016472206504761883,0.00018499360422882623,3.0406524423599893e-05,3.0885358820194545e-05,2.041397368769886e-05,0.00033010896634003443,0.9975870598248925,1.801527060223466e-05,1.8298967458475263e-05,0.00013259685907031048
Q9M021,4,682,M,test,4,0.005533193903610328,0.0001976483086409707,0.0040481717243817565,0.010489908474451108,0.6888227727932976,0.014380073415397458,0.0008857983204649608,0.0010195475280412008,0.27399476046475024,0.0006281250669644092
Q9M047,1,199,S,test,0,0.5185066033595729,0.4366263386830601,0.0013054891110407445,0.001729492071758737,0.0032059717605549404,0.0009701571325024815,0.011795871848790773,0.014235486964117706,0.009204594589995969,0.0024199944786056776
Q9M069,2,504,S,test,4,0.0008342814048618837,1.810780935756917e-06,0.00031296833328106095,0.00010689886718474122,0.9970021624394207,0.00035222352542279146,2.788623623110469e-05,9.36037777498379e-05,0.0012622273128575635,5.937322054544275e-06
Q9M0S5,6,764,U,test,6,0.0033221242042565107,5.2045047833617886e-05,1.9447813168262654e-05,3.360281033401124e-05,3.633329931212689e-05,0.0003157162973803737,0.9959821772767476,3.0121362399288264e-05,1.5626758049815206e-05,0.00019280513051834187
Q9M0X8,0,298,U,test,0,0.9960642218807036,0.0005542126468094763,2.536681980291618e-05,0.0006491276862396595,0.0010053887722863762,4.966582372988962e-05,0.001569389677328643,1.7708894606005127e-05,3.748972723246435e-05,2.742807126088e-05
Q9M1S3,0,261,U,test,0,0.9320367372871504,0.019343804135061992,0.0013370920152902285,0.025928455161326733,0.00500686412211919,0.003991819666237612,0.007815603565705523,0.0006315975826461411,0.002136667157035249,0.0017713593074268786
Q9M297,0,1256,S,test,0,0.9964275707678765,0.0015638412509468205,3.750340514530646e-05,0.0002244143800699841,0.0008436291190234581,1.6904108008860014e-05,0.000702816483936014,4.8913658451678975e-05,0.00012296893369499075,1.143789284636346e-05
Q9M2Q6,0,354,U,test,0,0.9946393514449987,0.0018393485949031697,6.885552481287717e-05,0.0008274416852092197,0.0014895498424923536,1.4209140407149997e-05,0.0008973027038436807,5.532697120590558e-05,0.00015276265054083518,1.5851441586067576e-05
Q9M365,0,359,U,test,0,0.996728441141052,0.0015340569983346276,3.993422153140697e-05,0.0002645045807124843,0.0004282864482469767,9.19338000293273e-06,0.0009160272503345548,3.014393104824716e-05,3.931509573312893e-05,1.0096953003634105e-05
Q9M3D8,4,664,M,test,4,0.03590258335867808,0.0014278929944778799,0.003973460428889918,0.028679995864550438,0.7873712456114593,0.0157460650322113,0.007423401602962646,0.0037619968788741467,0.11343159176363213,0.002281766464264152
Q9M424,6,498,U,test,6,0.0026718286715328265,4.251655176781757e-05,1.8574106053465914e-05,4.352480302161819e-05,2.876813719153852e-05,0.00017639838554159014,0.9968877230363907,9.636118905106797e-06,4.551780327711272e-06,0.0001164784092675458
Q9M427,0,406,U,test,0,0.9913067496566754,0.006731759599635152,0.00018364954786893468,0.00020169956722521096,0.0003485055899975335,0.00038275849607338725,0.00035677014576002565,0.00012622036152593416,0.00022326107981652683,0.00013862595542182935
Q9M4A1,0,383,U,test,0,0.9948059801484939,0.0011693569459251564,5.983274182297778e-05,0.0002519052319328284,0.000727134602995937,3.356312586329508e-05,0.0027942053096255653,7.330860299521441e-05,6.6748243950328e-05,1.7965046394807065e-05
Q9M5P3,6,354,M,test,6,0.0009096039977315597,0.00016891837375544524,0.00020059552467175724,0.0004485311413581363,0.00012750628153668646,0.02546450026097053,0.9705960012279695,0.00046639856688475336,0.0006130693445003189,0.0010048752806213154
Q9M670,4,366,M,test,5,0.0009650450547507884,0.000296630507971909,0.0016739746892797279,0.00035780471419628824,0.0002170195223677985,0.8842431324135425,0.02196432544537978,0.00174065807525464,0.0036831747038030146,0.08485823487345355
Q9M7X9,6,183,U,test,6,0.005550553277510148,0.00023869067336564371,5.0721014482927286e-05,8.105195185647703e-05,3.9811378701020096e-05,0.00022118435642806512,0.9936624265890598,1.0548965671607988e-05,7.1377872750270316e-06,0.00013787400564933423
Q9M815,4,190,M,test,4,0.006394618931271687,5.186321454894572e-06,0.0001563777690430094,0.0006481678270795868,0.9868513173735278,0.003228001202401162,0.0002120796944111456,0.00047051937711409145,0.0019770952325532626,5.663627114329049e-05
Q9M8S2,4,558,M,test,4,0.004228072996984564,0.0009733576530381316,0.0003637172007665988,0.0014784069350184514,0.9871987186355451,0.00028326323571470623,0.00016652187020954395,0.0005169463466114871,0.004735217289240362,5.577783687103512e-05
Q9M9E0,4,656,M,test,4,0.0007661595471135649,1.9031164675810004e-05,0.0008818442621435497,0.0003347103066925768,0.9746443765191742,0.002813463715485232,0.00013418279204663956,0.0007601972773861374,0.019605745438870472,4.0288976411769266e-05
Q9M9F0,0,311,U,test,0,0.9343948491640566,0.04688564604989819,0.0003780983631305064,0.007469271898761719,0.0015308706621809528,0.0009431420643850375,0.0023526070702020517,0.00029446328491717163,0.005265563538662224,0.0004854879038055459
Q9M9V6,6,562,U,test,6,0.001572262045070875,4.6742120038770937e-05,1.1454648410985585e-05,6.6954992417977e-05,2.947988496884394e-05,0.00025867775794643615,0.9978873228709507,2.010353474410687e-05,1.2580470985772328e-05,9.442167446548246e-05
Q9MAQ0,6,610,U,test,6,0.00658126678555603,0.00045580296963554736,3.193994736259494e-05,0.00013874082460134707,2.6896133560695328e-05,0.00035152997103987454,0.9921281200925963,3.3472780607995175e-05,1.2507863912429245e-05,0.00023972263112712015
Q9MBA2,6,326,M,test,6,0.0022495005120146032,0.00025244858174730317,3.664496432777787e-05,3.9622649713691486e-05,1.7445616572866155e-05,0.0005158454414515811,0.9967083034938403,3.415685989581578e-05,1.1990184989217746e-05,0.00013404169544687522
Q9NH52,0,898,U,test,0,0.994760388710137,0.001714670014642551,7.104988029319204e-05,0.00015640436336665593,0.0013301800801667253,1.1418754798047101e-05,0.0017013262600949724,0.00011714144798166,0.0001276535094895084,9.766979029766272e-06
Q9NHB0,4,494,M,test,2,0.0006289420668084175,0.0035079572355588094,0.7005802077065806,0.0023005745362312713,0.0007950572498494486,0.17168455512421726,0.0018630619905844557,0.002282671256002222,0.11259348395698025,0.0037634888771873
Q9NJ98,2,487,S,test,2,0.000760144246757666,0.00176738827428787,0.860060673410636,0.0012242340919027253,0.000660424805069556,0.05498183773403776,0.0005920009444318509,0.0011234204044205422,0.0775368271550657,0.0012930489333904112
Q9NP55,2,256,S,test,2,0.004515294049141496,0.00011846299391037542,0.5384638344517985,0.018533496495638693,0.0388541155397404,0.2882189194397532,0.022476062950186476,0.0019118958065287564,0.0838764929727953,0.0030314253005068077
Q9NP59,4,571,M,test,5,0.0039699839426157535,0.00010095171709222389,0.0016420567801143878,0.01871907995641478,0.017380078438229928,0.8180202457564832,0.00039308164168802616,0.005844381829043525,0.12742298243017758,0.006507157508140505
Q9NP95,2,211,S,test,5,0.03950206900877188,0.010980045431099528,0.015244284086458944,0.06885597698962585,0.12179380952362553,0.512771113878904,0.0058771949633651295,0.0011042922050290241,0.2120913448612134,0.011779869051906717
Q9NPF7,2,189,S,test,2,0.004208916730070917,0.0004299679536851475,0.8538071723481487,0.00404767590617727,0.017685627372407496,0.047793653650745,0.013485757045019465,0.003923142233706212,0.05373584986585288,0.0008822368941868981
Q9NPI8,0,374,U,test,1,0.006334184000332962,0.9483172094726476,0.003928905515893431,0.029315798827883943,0.00012457953351333956,0.001154597198046424,0.0003231346915844751,0.0020422743083397185,0.003998579157573849,0.004460737294184237
Q9NQ11,8,1180,M,test,5,0.011402327245585908,3.128489137354874e-05,0.00021716017796704842,0.0007698996753376404,0.19742919069984766,0.7335384284209693,0.0006283738520649558,0.030514212093862975,0.024711159447653657,0.0007579634953372936
Q9NQ79,2,661,S,test,2,0.0028757281127159704,0.0005036460257872816,0.7788888970431362,0.0019007402683393917,0.009747481917718537,0.10216798877853046,0.006765084065095282,0.00242160586812255,0.09302501536403,0.001703812556524301
Q9NQ92,0,184,U,test,0,0.9864190335625912,0.006646439382348142,0.00015388591274756317,0.003115123317717229,0.0013931693492356912,4.207006907420792e-05,0.0010681799863995502,0.0002310101132495267,0.0008890182375626543,4.207006907420792e-05
Q9NQG5,0,326,U,test,0,0.9964113099629314,0.0007069351012429055,4.5237006176853944e-05,0.0008427919045049371,0.0005764204227232603,0.00021081436234960616,0.000970047535939515,2.2746592690161807e-05,0.00010851792968492874,0.00010517918175647465
Q9NQG6,3,463,M,test,3,0.03079080043702677,0.0009668406632952617,0.0004357892323491663,0.9356845650579498,0.016481126835799196,0.005055998326407633,0.000922565759743141,0.0006145612982873328,0.004594555899326768,0.004453196489814934
Q9NRN5,2,406,S,test,2,0.0008607035469948328,0.0005557119689493158,0.9292425664416911,0.0030277123542716477,0.00912778349788747,0.01928581453885708,0.0007361987130242386,0.00046795639206061157,0.035750254709194115,0.0009452978370696255
Q9NRR1,2,136,S,test,2,6.12113587519782e-05,0.00014915077345457726,0.9711223345637977,0.008336470549058988,0.0004890465694104754,0.0014635921840925091,9.62989807711801e-05,9.333617442009122e-05,0.01806682553300557,0.00012173331323688693
Q9NRX1,0,252,U,test,0,0.9980696254398784,0.0012247025341885417,2.835570750126627e-05,8.334205170827738e-05,0.00019837136898927907,1.1279120432491048e-05,0.0003257839838522157,2.6224742082006963e-05,2.835570750126627e-05,3.9593438661996465e-06
Q9NSA0,4,550,M,test,4,0.00942208445763543,0.0003186498384937634,0.0005770003288368768,0.019791325756855053,0.906383497983996,0.01315814053168983,0.00024816473261421896,0.001833703098680931,0.04766274216340322,0.000604691107794649
Q9NSV4,1,1193,S,test,1,0.47973597288465974,0.5106762673043891,0.0001398214378833499,0.0024591072119221594,0.0016381185350508392,0.00016093347301705577,0.0005444309235637101,0.0017167335694411724,0.0026279513389273687,0.0003006633211455025
Q9NSY1,0,1161,U,test,0,0.8438026208817182,0.11967666305054216,0.006293272059188021,0.006052180587160119,0.008979550456172537,0.000899576280294361,0.000845073770475862,0.0032394986680675223,0.00946578930999263,0.0007457749363885908
Q9NT62,1,314,S,test,1,0.0033073160920389804,0.9838264398687772,0.0002822956009784631,0.008379803896204272,8.087904379438783e-05,0.00015835347749798407,8.476051292002761e-05,0.00046542678714107277,0.0019528338121816697,0.0014618909084660155
Q9NUB1,3,689,S,test,3,0.0032345970083082353,0.00017142735978627248,3.946481776536182e-05,0.9850124863583314,0.00907165143245139,0.0004144582009916193,0.00033302650199468106,2.7984746881641378e-05,0.0013145753747102684,0.0003803281987791914
Q9NUX5,0,634,U,test,0,0.9884456517609864,0.006608265533320552,0.00012009270142077453,0.0010620448868890878,0.0014773860056887763,0.0001110675889332829,0.001679419327682837,0.00022436269776561515,0.0002140883906519036,5.7621106660741934e-05
Q9NV88,0,658,U,test,0,0.9978892936409451,0.0012633504570785583,4.5659427695565674e-05,0.0001870482074354046,0.00032220550373511183,6.947609161453546e-06,0.0002401746635757761,1.4939707580606704e-05,2.4249538863408086e-05,6.131243928997577e-06
Q9NVH0,0,621,U,test,3,0.009501594261919512,0.0034144689930521205,0.00014427409217975177,0.984451405269965,0.0002360166375595915,0.0001852515916047577,0.0009082853074983741,1.8631241179295107e-05,0.000357081746549844,0.0007829908584917133
Q9NVH2,0,962,U,test,1,0.1328960970948055,0.5863651045527827,0.0271051536154075,0.0013653933797492994,0.006880079172115288,0.05056496947812397,0.008629552155029446,0.06451588222428986,0.11546213512624401,0.006215633201452416
Q9NVH6,3,421,S,test,3,0.00216338122537051,0.0008438894265865707,0.0011147012271005422,0.9928490577152327,0.000605460994692586,0.0002020133821349634,0.0001782761945882282,1.6582266835385142e-05,0.00098660664609311,0.001040030921365395
Q9NVN8,0,582,U,test,1,0.12535084435706972,0.870107312780408,8.362744881692948e-05,8.90209638924967e-05,5.484422353470898e-05,0.00015381441281062604,0.001902887305348458,0.0013602642650159275,0.0007029445900128,0.0001944396530903033
Q9NVR2,0,710,U,test,1,0.15955514136032004,0.8230480345088178,0.0005577410424170855,0.008451984344616753,0.001058406672506973,0.0007274314700815905,0.000877449859685402,0.0013484450041870222,0.0030269207331803595,0.0013484450041870222
Q9NVS2,3,196,U,test,3,0.00033187267109579735,0.0009280370554307021,0.00016189985248906007,0.9980318081831853,0.00019076463901489832,2.042307487141261e-05,4.391651658499978e-05,3.3864778734743865e-06,0.0001841746003900344,0.00010371692906438195
Q9NWQ8,4,432,M,test,4,0.030625268908084653,0.001206170421889137,0.00011849765031704402,0.00038853884440986724,0.771539511592416,0.004864586066029847,0.00014747271823810547,0.164270252478211,0.0266076941834948,0.00023200713690960342
Q9NWS8,3,449,U,test,3,0.00011229084968352391,8.74522060159592e-05,0.00015959748437593146,0.9993320667558363,7.421972675161927e-05,2.013264133044365e-05,4.53696073199217e-05,1.8726272995990758e-06,8.64333536141412e-05,8.056474777256187e-05
Q9NX18,3,166,S,test,3,0.00036703335429695794,0.00022923543702300762,0.00014975016292296647,0.9981469727974824,0.0001374184760535015,8.269989429891716e-05,0.0004817500112881485,4.215026253436097e-06,0.00022923543702300762,0.00017168940335761103
Q9NX20,3,251,U,test,3,0.00017693395912171713,0.0003464198993424469,0.00015163550005119723,0.9989384259266271,3.2411423786493404e-05,1.0278696347083744e-05,0.0001135697517660282,2.188460547995252e-06,9.944498724115793e-05,0.0001286913951688177
Q9NX58,0,379,U,test,0,0.9941634769444859,0.0035299249399114653,7.326125664990717e-05,0.00017991229503341893,0.0006328806955885072,2.165598872559828e-05,0.0012488387919080625,4.1095840497396615e-05,9.406931970546114e-05,1.488392749428598e-05
Q9NXG0,1,1405,S,test,0,0.5397768416222171,0.13227800533679737,0.0041861472028096956,0.0017450458187761697,0.01898216013152745,0.05973892809628532,0.0011444290442074573,0.1711804654208747,0.06809088334895301,0.0028770939775517933
Q9NZC9,0,954,U,test,0,0.9410294304309942,0.03508985196553743,0.00030122416080500397,0.0019187269468653346,0.005114760862617164,0.0020746384852179806,0.008083320650670614,0.0017884501771977118,0.003341264581822726,0.001258331738271811
Q9NZD4,1,102,S,test,5,0.1321572748171984,0.19761812494329903,0.11939415374518171,0.03163629977997312,0.008581577432343,0.266965049152296,0.1008349425241942,0.001716423426762085,0.10870961813631289,0.03238653604243956
Q9NZH8,2,169,S,test,1,0.12300936260527986,0.7594336486286597,0.0035168754966262102,0.027947476594084593,0.010417743994616011,0.005619951241859353,0.012468406304963502,0.0015606040050484792,0.05009007947649524,0.0059358516523670335
Q9NZI6,0,479,U,test,0,0.9833216489247889,0.00818148619126126,0.0002692301336816828,0.0017140954172449895,0.004113909281402186,3.7010126286030136e-05,0.0017504651973492887,0.0003222262935564338,0.00025291830814324945,3.7010126286030136e-05
Q9NZI7,0,540,U,test,0,0.994436656439415,0.0035864986444832116,5.981052725739728e-05,0.0006227837093600054,0.0008737744835914119,1.1063834684729087e-05,0.0002842276156940027,5.361381147660017e-05,6.268089298065213e-05,8.890041056980554e-06
Q9NZP6,0,1156,M,test,4,0.11594264539621799,0.006120779260301581,0.005401568641191573,0.005727523169691127,0.8434247018802208,0.0007571799430669973,0.00044512313429078635,0.0040298156657136725,0.017884867775407782,0.00026579513389772726
Q9NZP8,2,487,S,test,2,0.001350474510326618,0.0001256136970145302,0.768319773138566,0.013719461768850602,0.10897091699779204,0.024697599585484967,0.001789088005092113,0.0005206542874744501,0.07972482336044166,0.0007815946489570289
Q9NZS9,5,450,M,test,5,0.0014882850598070504,0.00013735479291728303,0.0028242688516363036,0.031573305084781365,0.0014999579070886003,0.9227072700356824,0.004248018615570091,0.00023732781308290196,0.01757319177816213,0.017711020061271853
Q9P013,0,229,U,test,0,0.9989064511538382,0.0005010771952274869,5.823091573498283e-05,0.00012231552172177658,0.0002333641348960099,8.388958770077496e-06,0.0001286872674717003,1.0119016096359972e-05,2.666005663263163e-05,4.705779610732199e-06
Q9P0G3,2,267,S,test,2,0.0017681833057810778,0.0009317671643916729,0.41284724653861554,0.06583425066463798,0.009300878849115556,0.19501521904494373,0.013219214865524687,0.0024168201826249213,0.28374548528555504,0.014920934098809764
Q9P0M6,0,372,U,test,0,0.9994274337572059,0.00015914577891068914,1.9212532966099424e-05,3.094233380123602e-05,0.00018660615633127572,1.183649819291877e-05,0.0001354615502666697,1.2404543957246325e-05,1.405618976998863e-05,2.9006585980300637e-06
Q9P0W5,1,487,S,test,1,0.012948399818767402,0.9815149021322466,0.00021593500378147112,0.00029979606407770485,0.0004194901108104081,4.526243498950588e-05,4.8940362558085505e-05,0.0010141970444539814,0.0032483906114512953,0.0002446864168636295
Q9P1Q0,7,977,U,test,7,0.016619448500082765,0.3524021000212594,0.00608714447737164,9.206806318883658e-05,0.004872089429867586,0.01227237770515534,0.0023376539831947442,0.5720050593239935,0.03239662008928592,0.0009154384066002773
Q9P278,1,1114,S,test,1,0.008237833743976025,0.5889072241654628,0.003968025840345748,0.0008317434122929117,0.10394829507024994,0.0006895394672071516,0.00019449353497542112,0.27818008258606286,0.01433133436005856,0.0007114278193685339
Q9P2E8,7,410,M,test,5,0.11440150094223794,0.0013112281907080273,0.0035642875671952814,0.16645321831293003,0.13167532248219904,0.5207860055654079,0.005969058465063286,0.021495404472646924,0.02572663218225232,0.008617341819359286
Q9P2M4,7,693,U,test,1,0.013522413041340898,0.8992977393943634,0.005389360038901277,0.004132165880934036,0.0037918885648796172,0.006083136657095519,0.0013104414763935787,0.002930144434327083,0.059780330901531405,0.003762379610233138
Q9P2N6,0,904,U,test,0,0.9845275709529242,0.006897951261504569,0.00011413902124013698,0.00136626910175418,0.0030609472574807586,8.482091806209244e-05,0.0031396614855107837,0.00022699254070737883,0.0005195911465722224,6.205631424365855e-05
Q9P3A9,1,773,S,test,0,0.9904417036231639,0.005663762686109046,5.7737464119649905e-05,0.0013731348679317922,0.0009155987220082756,5.8646697018111727e-05,0.0011576371540424082,7.769425094305965e-05,0.00021960791749047623,3.447661717328192e-05
Q9P3B1,7,374,U,test,3,0.125299076830302,0.0617857218562024,0.008901077011795353,0.3500399467288535,0.32883210821896414,0.016499990021111792,0.03465865058852416,0.00523267342129233,0.055492641328858165,0.01325811399409615
Q9P3B2,3,242,M,test,3,0.002064882287398207,0.0001516386433792572,0.0006384225179750262,0.9421081171265702,0.00020726544669819304,0.03888544525862226,0.003627521760793835,6.521896950117462e-05,0.0027221998892569283,0.009529288099804903
Q9P3U8,0,468,U,test,0,0.991540643435668,0.0036895700303268067,0.0001014448482804337,0.0009112595367043441,0.0012095827950289709,3.7907168335815103e-05,0.002246596188660289,5.2628892215718805e-05,0.0001808449730021412,2.9522131777567275e-05
Q9P4E5,2,465,S,test,2,0.0001858762851259632,0.00020735999070804563,0.9877711574315997,0.002443662388787117,0.000709758725084294,0.0004672929372382371,0.0008764350240056593,7.994439543318874e-05,0.007140362664036809,0.00011815015798096419
Q9P4E6,2,453,S,test,2,0.0002778453669723525,0.00028666510827638603,0.9683169244098895,0.0026927141334027686,0.0009039302931971882,0.0017423711463053584,0.001531642531017943,0.00012138165186178213,0.023865513793364098,0.0002610115657126029
Q9P4E7,2,426,S,test,2,0.0015685112583988766,0.00037255409146451173,0.6427474673516116,0.038599986916646484,0.004247033073955938,0.037121244095760904,0.0010286547565341014,0.000936600795195276,0.2721563899199958,0.0012215577404364783
Q9P4E8,2,463,S,test,2,0.00027353357993283473,0.00035955311622177925,0.9835505883710705,0.001245197390277318,0.001048561333789698,0.000988887543129979,0.0005272497812307187,0.00022676729338304464,0.011630943968821576,0.00014871762214262489
Q9P546,1,287,S,test,0,0.6634569989448228,0.3133948866243538,0.0023557025554197344,0.0113265722248756,0.0025872332926522965,0.000696344378608593,0.0017100566973878054,0.000741254729707461,0.002161714360394644,0.0015692361917773528
Q9P6I3,5,442,M,test,2,0.0010698400889933054,0.0005464208310412664,0.3929801749358656,0.003944005052521107,0.0028407600511791997,0.2786646901112146,0.009610167179313801,0.001373701786931342,0.30130834660666644,0.007661893356273333
Q9P6I8,7,423,U,test,6,0.02717555311138794,0.11357843117604681,0.002413145496494666,0.004235202441649509,0.000860433558863083,0.2661489543200599,0.35259008366545885,0.0042684194582183616,0.030944667720533132,0.19778510905128774
Q9P6L5,1,1102,S,test,8,0.18244673527450753,0.19120255267229727,0.0057738163200801015,0.02567507892322641,0.03884515267481427,0.027330977795810125,0.004567464960217595,0.06814208895838197,0.4376669816439751,0.018349150776689586
Q9P6M1,1,242,S,test,6,0.00938318494291088,0.018281899602241712,0.0014152663223682591,0.00030607279391821595,0.00021703812193338002,0.3924141571220004,0.5363665284626306,0.007473625328409497,0.009251254716800595,0.024890972586786467
Q9P6R1,1,309,S,test,1,0.003995979373900714,0.985452753290728,0.00023259389383746516,2.5491789698467914e-05,0.00019739986708937086,9.324509695875697e-05,2.3210540421246795e-05,0.006797389415008469,0.0029121231123268093,0.0002698136200306604
Q9P6R6,3,167,M,test,3,0.002264043649015874,0.0009291617144270857,0.0007801436930679066,0.9953455768310028,9.717080385251844e-05,2.6983357483584092e-05,3.9260552426195236e-05,1.0403010951367956e-05,0.00033130279924060356,0.0001759535885320542
Q9P792,7,397,U,test,0,0.4741510088834944,0.20714124569528367,0.012246936232864504,0.017542927460535575,0.0050261325821141034,0.053825351272470894,0.02483632165596359,0.0015328839246582686,0.0509608189583974,0.1527363733342176
Q9P7C1,5,303,M,test,5,0.0023017886509497203,5.9250480131507025e-05,0.0014724228498553817,0.0004112798478670515,0.00021336917368997653,0.9851250626708642,0.000678085836944679,0.002805103541666529,0.005903710598106205,0.0010299263499248075
Q9P7C8,0,214,U,test,0,0.996785103331141,0.0004922610544890435,8.860297842588044e-05,0.0011093274038304598,0.0005908879699123865,8.454555400498053e-05,0.0007257407249401991,2.0397563898041063e-05,5.995177675318467e-05,4.318164260480585e-05
Q9P7D0,5,381,M,test,5,0.009200743046094988,0.00017798993984043132,0.00482012452666635,0.010466612473365139,0.0029753983274705886,0.931197786320086,0.01552919331884084,0.0005836065168736792,0.02172924867241503,0.003319296858347025
Q9P7D1,3,314,U,test,3,0.00040296345578069395,0.0011501802625109871,0.00012556583274636897,0.9977908542839796,6.642752329139754e-05,1.8302706320682754e-05,0.00011567666480009171,4.213522184832991e-06,0.00011388327235629433,0.00021193247602905053
Q9P7F4,3,348,U,test,5,0.02826333163820455,0.16137853300816093,0.043096434167046095,0.0038550259797146885,0.003195928820216923,0.40570559422297753,0.13642622791301687,0.009175760776032828,0.03977991654658045,0.16912324692804911
Q9P7J2,0,203,U,test,0,0.9934548577286089,0.0019404256872876282,7.79306146034264e-05,0.0008200247810424801,0.0021311405469787606,7.79306146034264e-05,0.0011474909290761681,6.877352995481225e-05,0.00023265783476640373,4.8767733078069686e-05
Q9P7M0,3,692,M,test,3,4.9436319278985356e-05,7.656847758527514e-05,4.536531973846705e-05,0.9992376265615304,0.0002094600473383204,2.7088868183940384e-05,7.053817936721e-05,2.404273896150836e-06,0.0001905846444994187,9.092730858187197e-05
Q9P7M3,0,271,U,test,0,0.9882458889960625,0.0095382170793385,0.00018889415123328788,0.0005795665576163977,0.0006855690965385638,9.20596596257581e-05,0.0003090102270144487,4.775992133055168e-05,0.00027916745436880954,3.386685687116142e-05
Q9P7M4,3,689,U,test,3,0.0002546469317426943,4.390663864710599e-05,0.0001270480563252808,0.9978073183324623,0.0007998379833808938,5.550319079474303e-05,0.000490365663585138,5.942117207570113e-06,0.0002748017125706598,0.0001406293732836058
Q9P7N6,3,356,U,test,3,0.00021321361492967195,0.0013370647840137606,0.00038009436816853926,0.9921276603871739,3.244291667584704e-05,0.0003460798482805415,0.0024116726210397575,2.1611642371356466e-05,0.0006516333692087264,0.002478526448137823
Q9P7R5,1,577,S,test,0,0.8198435666843954,0.15165581475594897,0.0005555695632621075,0.011671621865364403,0.0026093824981993407,0.0009017783846265334,0.006186656460103441,0.0008604829577766727,0.00489404819061784,0.0008210786397053379
Q9P7T4,0,1019,U,test,0,0.9967156140601827,0.0016329741670080954,3.9314590864425905e-05,0.000280462365737592,0.0004268195844631464,1.4463030483464884e-05,0.000743262199053203,3.810501026644571e-05,9.806772368755497e-05,1.0917268253400412e-05
Q9P7W9,0,217,U,test,0,0.9901921675949925,0.008701748266646442,0.0001321290768978627,0.0005015803020063196,0.0001670268000019967,2.642747793607525e-05,0.0001581378052360285,3.1383409713510556e-05,6.643867550768816e-05,2.29605910615297e-05
Q9P7X0,3,159,M,test,3,0.0006160179932376455,0.0005878084611814432,0.0010236077102001326,0.9829132197958663,0.00029556862068888816,0.00532158308739975,0.0023140682478285444,0.0001232113460883232,0.0023236925367140187,0.004481222200794906
Q9P7X3,0,245,U,test,0,0.9255076464179967,0.04003352965394928,0.0013277254503861228,0.012426055722611904,0.0021890492212209103,0.0017316806719731687,0.005460442867415833,0.000637049715968323,0.009379679152060345,0.001307141126417506
Q9P8V9,2,460,S,test,2,0.0002984597459891605,0.0003656805350924232,0.9619907193601761,0.00088410214528524,0.0005489514956226446,0.0037294861634937348,0.0016009021051556725,0.0001988170607659669,0.029971735727886185,0.0004111456605328802
Q9P8W0,2,463,S,test,2,0.0003177955986843354,0.000189764415819855,0.9774069747649418,0.001648947971030817,0.0009159870107445514,0.0013670259529779281,0.0008275252307163532,8.161665455399653e-05,0.017082048292135867,0.0001623141083944864
Q9P8W1,2,459,S,test,2,0.00021250340828142926,0.0002644647505301185,0.9811278075978407,0.0012992011360847256,0.00040326057844325056,0.0014408961713754803,0.002191211715913173,7.34392139288792e-05,0.012742625509658588,0.000244589917943643
Q9P8W2,2,471,S,test,2,0.00046481540804496467,0.00019991461851513653,0.9523047095171581,0.0051861643651740785,0.002402387846048395,0.001904160690156177,0.0018312134579516115,0.0001907598492561201,0.03523394947939879,0.0002819247682966417
Q9P8W5,2,466,S,test,2,9.852965615461414e-05,0.00021689645525740356,0.9936174761705773,0.0010095519863698849,0.00044678448287510566,0.0002185975888035096,0.0003493179606082377,7.208583414951266e-05,0.0039051249682296473,6.563489697483896e-05
Q9PT51,2,233,S,test,2,0.0031003949831771814,0.00018912530550815851,0.6800419632198317,0.007180530216779929,0.015104997239948278,0.09951213047370687,0.00592966098859557,0.0007597844254071767,0.18591311560198479,0.0022682975450603366
Q9PT61,0,290,U,test,0,0.9967237971352958,0.0007774186408053515,5.2083802139845956e-05,0.0005058759536672705,0.0014411065009349755,1.0255908473722896e-05,0.00041409531028667245,2.1711760560811266e-05,4.1850510070110444e-05,1.1804477765442613e-05
Q9PTT2,2,225,S,test,2,0.0008108814299777878,0.0003433488237886156,0.8224121261981618,0.011985841042271721,0.006478516799202812,0.019190765281734967,0.002383313294154921,0.000749942778133097,0.13425508999959662,0.001390174352977572
Q9QY02,0,738,U,test,0,0.9982451934477401,0.0005372214699430351,3.529545412592456e-05,7.185797983242441e-05,0.0006711997249413868,5.0847927408861705e-06,0.00036243886071345675,3.2136877397043954e-05,3.585127905448012e-05,3.7201135112748513e-06
Q9QY93,1,170,S,test,1,0.0034714540684519053,0.9796071386287523,0.00014812134188986755,0.0008725931219784192,2.69749029040976e-05,0.0047541913135971305,0.0017151411982557572,0.0004598242700918583,0.002292251246362803,0.006652309907715934
Q9QYJ6,1,794,S,test,1,0.06856462699800428,0.7228816321002102,0.011868293627953988,0.03207288865687389,0.0037345243741986507,0.020188647062093477,0.025570735688744694,0.0014854912002170413,0.0490967267085751,0.06453643358312876
Q9QZQ8,0,372,U,test,0,0.9994724579907112,6.202160991597483e-05,2.839556198905129e-05,2.4478504659426578e-05,0.0002224776440717904,1.8333552704630482e-05,0.00014141538386812445,1.260045451930223e-05,1.4731423382797347e-05,3.087874177734538e-06
Q9R064,7,454,M,test,1,0.0036729883424554167,0.9851584287057936,5.395000291467e-05,0.0003253601653355995,0.0021257627082415733,0.00027829528781426875,0.00014665130932451062,0.005049882075546325,0.0028633212372384184,0.0003253601653355995
Q9R0E0,7,394,M,test,5,0.0008645837435987278,0.00014561965857435804,0.00033594102423384055,0.0002555704492721681,0.00010488590214687356,0.9630620825122828,0.011212092532636374,0.00555038856806176,0.01683134541838037,0.0016374901908127691
Q9R0J8,8,435,U,test,8,0.028316500568750586,0.0003328994967888862,0.17244620037010822,0.034812888813839454,0.2609027833767806,0.14408419538190345,0.0185341791490272,0.0013798300175077124,0.33239876097905924,0.006791761846234708
Q9R0U0,0,262,U,test,0,0.9859747329278644,0.0007338179886248537,0.00036611539106042035,0.0043229721656104225,0.007239616504391257,3.710998149473948e-05,0.001089821108234272,3.3789023423831415e-05,0.0001637369284308385,3.8287980864968425e-05
Q9R1S3,5,931,M,test,5,0.00011249367028109001,4.2365504624304635e-05,5.1907301135738723e-05,2.9575887914615606e-05,1.6333357386112045e-05,0.9933461153656331,0.00020132653709822816,0.003261962972123497,0.002259495714243858,0.0006784236895593994
Q9R1S7,4,1498,M,test,5,0.06602720141235496,0.0025601521949463134,0.0009717242748130524,0.016990337443698295,0.11770620888674839,0.6880192129368953,0.0006575015110845493,0.02812197232889513,0.07308544185357957,0.005860247156984448
Q9R1X4,0,1197,U,test,0,0.9840505969498952,0.011636856760994158,0.00014648640406951806,0.0008765511772819743,0.001311369347610913,1.3206149206183301e-05,0.0015965565908095806,0.00019711898790552654,0.00014879321710649252,2.2464415120443415e-05
Q9R2C1,5,66,M,test,5,0.006472880738082129,0.004146683656726072,0.005536548542930653,0.08199709227623288,0.006322936866416237,0.7365641284282807,0.0033060241379090655,0.013178131124178856,0.13625066512121378,0.006224909108029637
Q9S757,3,368,U,test,3,0.000717410725602807,9.747098641226536e-05,0.00012321487301259143,0.9984204296904586,0.0002850877219081587,4.192174839762236e-05,9.671246059090566e-05,1.7034911128676042e-06,0.00014746889822251624,6.857940428160049e-05
Q9S775,0,1384,U,test,0,0.9967870426519545,0.0005049825268383263,6.282904179858249e-05,0.00015071902748712594,0.0013752006531397457,1.6389936248172324e-05,0.0009600447681245249,4.5966708558883855e-05,8.791363255011164e-05,8.911053300030007e-06
Q9S7B2,0,370,U,test,0,0.9988966793548237,8.505625408319066e-05,2.3162431729433148e-05,6.247204632095064e-05,0.000458017148507016,1.9811877024674276e-05,0.0004137840136418859,8.520982771460792e-06,2.707962525832246e-05,5.416265839316053e-06
Q9S7H8,6,569,U,test,6,0.0011872850234260518,8.978279102906086e-05,1.4714001826877064e-05,3.846454899299332e-05,1.7202409513410835e-05,0.00024984248982398385,0.998290427836056,1.667314722562973e-05,1.0934517210697431e-05,8.467323489524606e-05
Q9S7I0,6,1307,U,test,6,0.004194244951573407,0.0001677908919358848,9.710992296342485e-05,4.3770870485806656e-05,3.685876574469514e-05,0.0005239469144470652,0.9947219478771104,3.572474233625255e-05,1.912207764172125e-05,0.00015948298576131672
Q9S834,6,298,S,test,6,0.0017529965726693728,0.00021941323792412494,2.9233984409889985e-05,3.4716216527665966e-05,1.5166391575263051e-05,0.00045196880516815645,0.9973249368683201,1.3176790073926149e-05,9.056266147457786e-06,0.0001493348671840013
Q9S841,6,331,M,test,6,0.0021141971976115625,0.00016302938135336563,4.5626692564173545e-05,1.887202014681254e-05,2.8776395426044028e-05,0.0003066681905279441,0.9971738857195687,4.5271625839599315e-05,2.0405519133248527e-05,8.326725782862789e-05
Q9S850,9,393,U,test,5,0.005842627371753775,0.004126890669850266,0.0007284395244026373,0.017786892738113683,0.0015301056933861186,0.9194487417899638,0.007960618647633573,0.00032833342459282047,0.005176280878252468,0.037071069262050775
Q9SA49,1,147,S,test,1,0.11736427418828911,0.467825359766795,0.0063675837292081925,0.12940393730010694,0.13561416101954177,0.010831624871498887,0.004959078741986276,0.03097719578867197,0.09248082158815571,0.004175963005746134
Q9SA96,6,392,S,test,6,0.0020304154623989367,0.000510619488099208,7.224464213829188e-05,9.496379798232023e-05,1.855395932526102e-05,0.000849715842276785,0.9958064565595246,7.690401987969527e-05,3.520922840546414e-05,0.0005049169999694124
Q9SAA2,6,271,S,test,6,0.0025486519421331327,4.892041562042822e-05,2.205015808620528e-05,2.680617636389955e-05,2.680617636389955e-05,0.0006393852955635667,0.9965651676653539,2.2750105128143513e-05,9.483654866991023e-06,8.99784105198629e-05
Q9SAK4,3,528,S,test,3,0.00029109849392512736,0.0012018657398295354,0.00023390421331825396,0.9910043567764855,0.0003222166880810926,0.00046155407162237267,0.002325724132933429,2.059862363705278e-05,0.00252454963005172,0.0016141316301159557
Q9SAK5,0,358,U,test,0,0.9969548548881834,0.0006560840198813155,4.318899543834236e-05,0.0003009643866341894,0.0009564629247252082,1.2182015557227264e-05,0.0009906865283417976,3.311415462311212e-05,4.25194144872222e-05,9.942672128224687e-06
Q9SB31,0,404,U,test,0,0.9972525433448769,0.000888310893562554,5.1303517999165697e-05,0.00042414018442796014,0.0007278559050371777,2.3488461627412626e-05,0.0005210171403889936,2.009074679510364e-05,7.406528043902983e-05,1.718452484570982e-05
Q9SB60,1,318,S,test,5,0.02312460311041685,0.09057076101375562,0.005109652778705034,0.0011050399413411983,0.002692597866491572,0.48203005460848114,0.034949190243308385,0.06200563043461542,0.2789775973615116,0.019434872641373193
Q9SCR0,0,542,U,test,0,0.9781744829473824,0.012122497941520562,0.00023635109478267266,0.0028099000690913504,0.0008781508296596488,0.00010991345611186722,0.00444223149832287,0.00019902756547190813,0.0007511221939625428,0.0002763224036941437
Q9SCR2,0,209,S,test,0,0.9940528272152453,0.003557214706668731,6.669771463198742e-05,0.00015629311800102283,0.0005538367049113607,1.195824058857067e-05,0.0014316413403724266,0.00010091040648121518,5.8860521450526864e-05,9.760031648853917e-06
Q9SCY2,6,208,U,test,6,0.002300619763091327,0.00011817704517446606,9.348573465683574e-05,0.00010593321693878251,1.5623033850161487e-05,0.001384537267768466,0.9957448480390955,2.8289658872583086e-05,2.6163656876337785e-05,0.00018232258367553884
Q9SCY3,6,217,U,test,6,0.0015043420318306595,0.00015609830567696366,7.667290559874705e-05,0.0003766608615221865,1.4183060902527226e-05,0.004526359955822722,0.9928137820615346,2.489204703709412e-05,5.971291937260952e-05,0.00044729585070191316
Q9SDW0,0,323,U,test,0,0.9961024799538698,0.00026125886288668837,5.2871024907402105e-05,0.0006297950752632685,0.0011754636736767245,3.808156921185452e-05,0.001644769299508961,1.7435013649843278e-05,5.2871024907402105e-05,2.4974502118017156e-05
Q9SEL7,6,323,U,test,6,0.0012334383348143261,6.639925902790972e-05,3.964880891878584e-05,0.0001169904311412147,1.4027201765070817e-05,0.0009094803500110891,0.9973663329356377,1.4027201765070817e-05,1.4700381524800312e-05,0.00022495509539398787
Q9SEX2,1,523,S,test,0,0.9857681774893513,0.012802894105454345,0.000142227308185508,0.00037765796682412547,0.0004736892198347908,4.270437797267865e-05,0.00014446706603365555,3.9495095214208575e-05,0.00017979214293514648,2.8895228194208677e-05
Q9SFE9,7,341,M,test,7,0.00652027861505173,0.000489228022279921,0.0003415362033958733,0.000393105777948289,0.0010038307442923158,0.09618980922669113,0.13564937500866267,0.7219446069540574,0.03147318745448236,0.005995041993138374
Q9SGD6,6,413,S,test,6,0.007387800635728262,0.1340573435123643,0.01101484805779696,0.0002356323829902482,6.75098056311078e-05,0.01821369684659955,0.6008033179082626,0.0016484411961249206,0.0020676085337842875,0.22450380112071777
Q9SGS2,0,338,U,test,0,0.9964824661387015,0.0004095716181307802,5.630238085803703e-05,0.0002665133438713589,0.0005571252408243383,3.258532077633669e-05,0.002063789818078854,2.4596688774075152e-05,8.320952262886785e-05,2.383992735581541e-05
Q9SGU2,1,110,S,test,3,0.009062387610940768,0.0032954277523758895,0.0030240545678692737,0.6231102689305186,0.3387791674259844,0.00039051986685907577,0.0008139132655779842,8.713675569450777e-05,0.019951758092577772,0.001485365731601815
Q9SHJ5,3,585,M,test,5,0.0015661934861634645,1.760392972853533e-05,0.00015207474196836165,0.0005519374227901483,0.00016443200973834457,0.9901603169273575,0.003394259505789088,0.00148719265410992,0.0008125304936953757,0.0016934588286592748
Q9SHJ6,3,323,M,test,9,0.12469462263209931,0.250908046113754,0.02523448495988268,0.19388671153891895,0.0009861212423306987,0.025631870987903763,0.0560227556125424,0.008386716218290994,0.01860674278116837,0.29564192791310884
Q9SIC4,6,379,S,test,0,0.994943829178191,0.0029059163973808207,8.438938499541312e-05,0.00043701730540129566,0.0002957007248168651,4.7338151388256165e-05,0.0010341146665570167,4.8840826038236605e-05,0.00017180824636989258,3.104511886122688e-05
Q9SID1,0,238,U,test,0,0.9983524874867878,0.00045776764069849907,3.8768643468305066e-05,7.831480301196492e-05,0.00029297072892521075,1.6936764269693313e-05,0.0006712718480513348,2.1410077400757837e-05,6.243800929984433e-05,7.633998086560089e-06
Q9SIM9,0,693,U,test,0,0.9966129792815963,0.0018358131881333712,2.7875350866988692e-05,0.0001720964815014661,0.0004540785217824935,1.3585360828215993e-05,0.0007712828912644293,2.6186468296105727e-05,7.230315627986224e-05,1.379929945076272e-05
Q9SIW2,0,888,U,test,0,0.9974848829387397,0.0009834996501107425,6.141658134576399e-05,0.00034693074203997706,0.0004783841824852972,5.408610618073793e-06,0.0005549354026299152,2.4239711770306475e-05,5.377815037740868e-05,6.524029882853729e-06
Q9SJI7,1,412,S,test,9,0.003504987544029577,0.09735905944627833,0.017252153787857938,0.018150867086053207,0.0003311486408630353,0.19437941547894483,0.029146971011573743,0.11075405674826753,0.1826025651673181,0.34651877508881374
Q9SJU5,0,172,U,test,0,0.9906281253015665,0.007105287217071657,0.00028424725845257147,0.0004613788355623095,0.00044025076555129276,0.00016710034589742853,0.0004103588342072769,0.00013426889874432988,0.00031958777578732015,4.9394767159250536e-05
Q9SJW3,1,119,S,test,1,0.14690005522317565,0.6953671452963127,0.0069244940485333525,0.10416774269528647,0.006659220787632754,0.01964914391838435,0.0021788887298458686,0.00044963906780371094,0.010724866575164348,0.006978803657860816
Q9SKX1,0,156,U,test,0,0.9938368690657657,0.0004888916396071627,0.00013261542260836854,0.0001574847051659634,0.0005143593551560779,0.0009241363023069752,0.00369811425501275,6.463159252181225e-05,4.172929244249718e-05,0.00014116836941268065
Q9SKX5,9,490,U,test,0,0.4482310204928725,0.3383425169987377,0.010961304432983345,0.004259103810879858,0.0012989533090177461,0.10158884656584534,0.057883580551917335,0.005776201407444342,0.019237687608125446,0.012420784822176392
Q9SKZ5,6,560,M,test,6,0.0012823606491289181,0.00012258462536920883,3.063315420710872e-05,2.789180461387372e-05,1.4470076802520912e-05,0.0007538609172390035,0.9972012419772,0.0001325455851515922,3.6377769656380804e-05,0.0003980334406314685
Q9SLK0,9,416,U,test,1,0.010663404730947998,0.48360617453137933,0.004216828718739715,0.00020830975783228656,0.00011503957292710239,0.37663285759433146,0.005854487238048566,0.08145256833628178,0.023796824002345247,0.013453505517166545
Q9SMR2,1,345,S,test,1,0.0893835926781091,0.8887465540750504,0.0009474909160127867,0.0007613303486484926,0.000671871687641013,0.0016628984442055735,0.0034388070689487147,0.005326128423086146,0.006525709225060776,0.00253561713323695
Q9SMX3,3,274,M,test,3,0.0006024092629394677,0.0005659110793135429,0.0951716185393006,0.8094109556867536,0.0025165007326931462,0.049374384529344985,0.00520402163224178,0.0003486477183442063,0.02632517079656794,0.010480380022500745
Q9SMZ4,1,1064,S,test,1,0.008297725315837943,0.3473581652712466,0.20580291911075058,0.032309344771021035,0.002131032230147654,0.2350342909541983,0.013468537630197936,0.005614521898564429,0.08446134560256363,0.06552211721547191
Q9SNC3,4,420,M,test,4,0.03499697089779297,0.0003004268197317652,0.003805744104147899,0.0026156471591373544,0.7780758243437562,0.129017617935205,0.0017288371839490966,0.01750331715084642,0.030405894783015367,0.0015497196224179641
Q9SPG2,0,366,U,test,0,0.9972645891911261,0.00047734532369667483,3.312444345450264e-05,0.00012999017332056905,0.0007870093414631121,1.6397788728829975e-05,0.0011722469530236995,3.933624475929847e-05,6.903725932512113e-05,1.0923281101987426e-05
Q9SPG9,0,214,U,test,0,0.9969601861455838,0.0002883077898536078,4.057252684147992e-05,0.0003069020238351164,0.0010965959189446432,3.311433178263341e-05,0.0011537206858540212,2.7027127258802445e-05,7.639396239051517e-05,1.717948765538006e-05
Q9SPM5,7,472,M,test,7,0.0005710916497435518,0.0027674310374323228,0.0039027034578709486,0.0007107350855508233,0.00047345164714705595,0.09455384899784466,0.0030632668124269844,0.519202760053496,0.35131015781637454,0.023444553442113204
Q9SPU7,0,1123,U,test,0,0.9804640458001643,0.01273400467006549,0.0001578122862259414,0.00015295690931048177,0.0013609622410803899,2.7855522074640585e-05,0.004435270040442277,0.0003669245787272687,0.00027914149915251126,2.102645275662979e-05
Q9SQG2,7,471,M,test,7,0.0006632756410121115,0.0025129731991666996,0.0016416229683198162,0.0005085510534473802,0.0005673297353600282,0.025679305013242344,0.0016674749712833358,0.8371978353831432,0.11689901371687252,0.012662618318152555
Q9SQK3,6,315,U,test,6,0.19075148724789223,0.025664585802999424,0.0167094408172374,0.00742518600126519,0.008091509099163889,0.0028072953312329257,0.7427403107719729,0.001479340672764241,0.0028515035827076153,0.001479340672764241
Q9SR70,6,230,U,test,6,0.0013408491619975216,0.0002180342384906351,9.124592654205067e-05,0.00013913342987491298,1.356249665687795e-05,0.0029516535949952434,0.9949356835206986,2.7828436570475658e-05,3.686668615877635e-05,0.0002451425080149446
Q9SRH5,3,276,M,test,3,0.0003756314774849228,0.022110410380495257,0.19764613099167827,0.35234234276108095,0.0007828832221815601,0.3158376234337549,0.0037349268333715414,0.0006801807418925544,0.034345749470946964,0.0721441206871131
Q9SSA5,6,437,U,test,6,0.001980128793279846,0.00020386941721899988,8.366784861590394e-05,2.6741848536453714e-05,2.018580477614249e-05,0.009977668072314493,0.9864369509166983,0.00018418066041622747,5.932938360021503e-05,0.0010272772545434842
Q9SSD1,4,496,M,test,4,0.0013942596177202182,1.1287687704074152e-05,0.0014093177054106207,0.002046544153178949,0.9833423204998866,0.0025494538743590727,9.018269253142012e-05,0.00010060607567487284,0.008985793339400472,7.023435413377622e-05
Q9SSE7,6,381,S,test,6,0.0016732061897842087,0.00021091433484823647,2.7903355132273907e-05,3.0645841766344754e-05,1.2775087029991251e-05,0.0002758238936489584,0.9976142456902636,3.3921852534337684e-05,1.3180612519976484e-05,0.00010738314247213207
Q9SSS9,6,234,M,test,6,0.007323404681575148,0.00010610780549977417,0.0001427836614308011,0.001766853590188238,0.00022463022886325525,0.0005452118044068235,0.9896242526780846,1.5771517504267685e-05,8.009437850648068e-05,0.00017088965394056118
Q9ST69,6,308,U,test,6,0.0029759333974907487,0.00017871870067239838,8.311190723671507e-05,3.410905793431011e-05,2.1013981600739907e-05,0.0010046309811040505,0.9953134540602468,1.8544774306760342e-05,2.9175023473046255e-05,0.0003413081159343561
Q9STX1,2,362,S,test,0,0.6706893508085663,0.001421988256811518,0.00884790820133971,0.011630356422822135,0.014194254898923554,0.1373275084491884,0.07824685499261158,0.05581138708821192,0.01808395067729102,0.003746440204233874
Q9SU50,4,626,M,test,6,0.015615015513929433,0.00040332321654226776,5.458386009018639e-05,5.127679178810574e-05,0.00018465482835633692,0.013780201982285484,0.9660667915182511,0.0012064547217646288,0.0002523932234613507,0.002385304343531047
Q9SU91,3,336,U,test,3,0.01967154453726761,0.016181370329494398,0.0030973295380255722,0.955261950805263,0.00021683049387140704,0.000756812751593171,0.0006176925413567605,6.115984466092665e-05,0.001317911206303638,0.002817397952163577
Q9SUC5,5,237,M,test,5,0.007111217232613151,0.00010384155570097923,0.0008559750704223394,2.013060438964071e-05,0.0036964637025946713,0.8818182786116828,0.010266241432234199,0.08202188314000686,0.01381473777099743,0.0002912308793578603
Q9SV55,0,425,U,test,0,0.9817834079572832,0.01444893537549522,0.00010692481853980767,0.00014501156382606847,0.0005451343452698009,2.9231620408295777e-05,0.0026727842414672937,0.0001372942023579383,0.0001138208771235604,1.7454998228734718e-05
Q9SV72,2,102,S,test,2,0.0005145463867863995,0.0001544948250595993,0.944972056620228,0.0007486604991429849,0.001177808334855581,0.01434864227418545,0.004398314090286406,0.0009463956399240572,0.032083532303650325,0.000655549025881234
Q9SW18,6,312,M,test,6,0.0038123066700483503,0.0004787998471047432,2.2668802774164655e-05,0.0015768385743938882,3.402990783758343e-05,0.0002389987999730852,0.9930037555616789,3.350232082764989e-05,2.910732007293615e-05,0.0007699921952887139
Q9SWH5,7,558,M,test,5,0.0036512707437211106,0.0005480388563837043,0.0004403616005652417,0.0002470204715979134,0.0008895548174973265,0.7597321370138935,0.01759018164690265,0.19511536056706194,0.015523282367011608,0.006262791915364989
Q9SWR3,1,1088,S,test,1,0.02339233481057562,0.9491182222726469,0.004552559403078852,0.002624547110982758,0.0002403361646805823,0.005599743721937184,0.006126138929736075,0.0002944660345438341,0.004733913070290838,0.00331773848152743
Q9SX65,9,156,U,test,6,0.13407963172297468,0.01718000837548527,0.00021125461541917552,0.0035314729002031966,0.000243152572857122,0.004499213655259205,0.8342714692920289,0.0010562066185007249,0.0005067734616987017,0.0044208167855730885
Q9SX73,1,297,S,test,0,0.9954125193059781,0.0009978860493464342,6.890905044691773e-05,0.0009531198236817174,0.0009959388869247602,7.335329937175738e-05,0.0013679502862569168,2.0690248734471967e-05,7.808418460982883e-05,3.1548864649136385e-05
Q9SXJ6,6,309,S,test,6,0.0023951141921184577,7.520733285584071e-05,1.9164530575241194e-05,3.1107102669792934e-05,2.854548195622554e-05,0.00037454702849968035,0.9969303356328754,1.6650432774790117e-05,8.91233427574088e-06,0.00012041593139888883
Q9SY59,0,1188,U,test,1,0.009031924454364786,0.9883905514852263,0.00020911737429416753,0.0001027149956701288,0.00010764439927361416,0.00012197708415696937,5.328784233849895e-05,0.0004603367034786963,0.001266229684001441,0.0002562159771954808
Q9T041,1,864,S,test,1,0.0018748563576990282,0.9826478074258265,9.897635938116493e-05,1.3187324233792109e-05,7.018475216806419e-05,8.078214902854471e-05,1.615744771227284e-05,0.013374845796788826,0.00176126456263456,6.193782452731378e-05
Q9TU31,4,595,M,test,4,0.006963134714445742,5.400140412728943e-05,0.0001689554330650161,0.0016386166612765165,0.9860970337097444,0.0008219390840700118,4.076239548744486e-05,0.0008123631671897991,0.00335402459380246,4.916883679123517e-05
Q9TUQ3,2,843,S,test,2,0.0003490142864427447,0.0001927439941108824,0.9773624565081336,0.0010542464348563953,0.00029389946706550067,0.013618376343448408,0.0005448036176976971,0.00012839518526788868,0.006138283026811272,0.0003177811361656772
Q9TWL9,2,77,S,test,2,0.00017709130393817187,0.00011256607789384778,0.9862502221870407,0.0037716173069816204,0.00023644790038138255,0.0010514393856323125,0.0010954614930161384,7.498517245131293e-05,0.007073886657660706,0.000156282515003729
Q9TXD8,2,243,S,test,2,0.0014895516234022551,9.301798866050667e-05,0.7305426581883857,0.009401049280427513,0.11203234787658711,0.010995636636292043,0.00147795979964114,0.00030026572697025556,0.13304170532901,0.0006258075506234807
Q9TYU9,1,843,S,test,1,0.008282086634614235,0.9876663473354561,0.00033918229020336383,0.0017091051775067424,0.0003934583426020406,5.6683048265271567e-05,0.0001381168810877863,0.0002520588696511604,0.0007408422375716422,0.0004221191830416737
Q9U3C8,0,295,U,test,1,0.00022265476982703434,0.9886146861545722,0.0008080992518860466,2.054895180954555e-05,2.402415795813241e-05,0.0012837946131995187,0.00040952478343053136,0.001417566047448144,0.003158859086849882,0.004040242183018986
Q9U6M1,0,827,U,test,0,0.9976046748067872,0.0011772363753270532,4.4589008574266435e-05,0.000550414115319234,0.00032121051959497983,5.295075689949511e-05,0.00015321808228721946,4.672887850898119e-05,3.4725953786509764e-05,1.4251502915141655e-05
Q9U7C9,0,756,U,test,0,0.9896656541799912,0.005485206059086661,8.660629334289214e-05,0.00032430515568211205,0.0009834432541291432,0.0001279957976265608,0.0013855236257769982,0.0001777045738630736,0.0016623080458072817,0.00010125301469412936
Q9U7D3,2,176,S,test,2,0.00011115882841635224,0.00018615600659444064,0.989257626415674,0.002097413374171099,0.00029980957865879525,0.0008641456429557931,0.00020767202914275624,3.552849648762829e-05,0.006877153232596636,6.333639530241535e-05
Q9U969,5,1425,M,test,4,0.1778044438741723,0.0016375224181408765,0.0005072808072160327,0.0010572639230781444,0.6402984332231512,0.05772465696031061,0.0005485012650762663,0.10452584520661837,0.015302980980895982,0.0005930713413402339
Q9UBC1,0,381,U,test,1,0.06261588364367839,0.9129731753640773,0.0007699586571156958,0.0011029148847743492,0.000782083721260041,0.006127581932159932,0.0017487373136449412,0.0013097435999565575,0.009009668357649152,0.003560252525683612
Q9UBR5-2,2,99,S,test,4,0.00519995137734419,8.587466903311759e-05,0.0006445251370415429,0.0027241729263770237,0.9218509883432514,0.008440353219006156,0.000730342682523486,0.01495865195439946,0.04448417820388593,0.0008809614871376889
Q9UBU7,0,674,U,test,0,0.9923097939661709,0.002798102754443825,0.00011325769278037491,0.0007861641817165527,0.001722178396289711,5.2669717786851305e-05,0.0014112316793327862,0.0001941688358996524,0.0005819498823978392,3.048289318148806e-05
Q9UDW3,0,170,U,test,0,0.9976038869718359,0.0003689893685026603,5.8154982775952814e-05,0.00032309786959397766,0.00045297908863438456,0.00037773969648580716,0.0006891946085786626,2.704457805095406e-05,5.63657412433298e-05,4.2547094298355465e-05
Q9UFE4,1,941,S,test,1,0.020630208357510126,0.941118400106835,0.004675711876063856,0.003641448142750657,0.009353408400494015,0.0012486574452758772,0.0014598285483650203,0.0029032157611614626,0.011031777374501194,0.0039373439870428
Q9UGK3,1,403,S,test,1,0.16194858132764503,0.7034725702288278,0.00865027719947403,0.00249778370561455,0.038957612011675344,0.03790679709126046,0.0005750225031094035,0.007633842981070335,0.032901851262292364,0.005455661689030706
Q9UHA3,0,163,U,test,0,0.5818755482732605,0.17746202208675912,0.0049175926198963505,0.0014881096644998408,0.0003881966017079798,0.006413749726149042,0.21743100343690158,0.0027157523928795263,0.0013762763360912538,0.0059317488618548225
Q9UHB7,0,1163,U,test,1,0.15941385561183682,0.7970191803517103,0.0017709281615625827,0.011258384077092532,0.0036337084841985548,0.0021697864072700436,0.001108218411995165,0.0022562208317134114,0.015630717562493585,0.0057390001001270795
Q9UHR5,0,308,U,test,0,0.9977364442012056,0.0003704827801497267,5.6373230833157056e-05,0.00011299086110937261,0.000255625431980845,5.053264075487748e-05,0.0012290855121851103,3.314011336931077e-05,0.00014061939232585605,1.4705836086191629e-05
Q9UIH9,0,416,U,test,0,0.9982678746260163,0.0003988484805123023,3.114883984007969e-05,0.0002959651775808743,0.0004787596910948338,1.0112547140504579e-05,0.0004586237091140606,1.1639469761293629e-05,4.1265503354036693e-05,5.761955585671383e-06
Q9UII2,3,106,U,test,3,6.143111970276966e-05,0.00010781497733467542,4.31378565652699e-05,0.9996716742394978,9.815200198894138e-06,8.798287830159163e-06,2.8180201548308053e-05,5.366990068982848e-07,2.647284902135204e-05,4.213856929394843e-05
Q9UJA3,0,840,U,test,0,0.9950645852549591,0.0013781973980816539,9.415458241787827e-05,0.00023670460462799997,0.0007177978055813806,0.00015767925238206125,0.0015435078187199522,0.00014582947023850047,0.0006163679510229815,4.517586196847216e-05
Q9UK96,1,956,S,test,0,0.6642021655248014,0.06361717670018217,0.024670737655339947,0.01169924191316817,0.019978972438323608,0.17599603936778618,0.008040763371352264,0.004270417143807914,0.024767297190262775,0.002757188694975613
Q9UK97,1,447,S,test,1,0.04810034067774195,0.8796633828238068,0.005230669937471013,0.0006546950990088867,0.003594983245509629,0.013201369602753733,0.001302016569157209,0.036879812841446084,0.009620674240180602,0.0017520549629240544
Q9UKF6,0,684,U,test,0,0.9734865397913949,0.020362532321307587,0.002076104615671652,0.0002837274914477978,0.0009158836322342617,0.0004902371705478198,0.0013642045957351382,0.00026240503709423605,0.0006344139867044735,0.00012395135786213589
Q9UKV5,5,643,M,test,4,0.023858011746834697,1.721016751462871e-05,0.00038562882425789355,0.0012065259059522995,0.9093636533174733,0.04320127729315347,0.00010059729165591055,0.002860585587193968,0.018873240098855836,0.00013326976710807236
Q9UL51,4,889,M,test,4,0.00472252605125368,0.0008701737487177656,0.0008500161417787027,6.205790296547156e-05,0.9692887878934502,0.0027119185987315125,0.0005319265373220711,0.017341891958660347,0.0035167737381575455,0.00010392742896266275
Q9UL62,4,973,M,test,4,0.09787677308078442,0.07382717226689349,0.005781178900947739,0.05112610409762189,0.33863411031636403,0.2616761744931706,0.0016563356659258681,0.032371030782270015,0.11794669124287696,0.019104429153144985
Q9ULC6,1,663,S,test,0,0.983302992790676,0.007362400476174571,0.00036228189959005045,0.0024469040998262278,0.002614910285853015,0.00013967210530410024,0.0021052474467263657,0.00024513218871227596,0.0012694371545210895,0.0001510215526162783
Q9ULE3,1,1009,S,test,5,0.03275554031601313,0.02229375493935681,0.008798832475340732,0.053610662582258196,0.05629332993028049,0.5074035160828124,0.0018299828187275289,0.05185351757409271,0.24922823553176926,0.01593262774934877
Q9ULG1,0,1556,U,test,0,0.9945816925771108,0.0023159551266963645,8.568712383074459e-05,0.00022575549990511498,0.0011828741453960524,1.2153017186863007e-05,0.001421256066328871,4.8066117238882777e-05,0.00011440730911938546,1.2153017186863007e-05
Q9ULL4,4,1909,M,test,2,0.0012214687191972385,0.0005378054476118836,0.5806316318265233,0.0005212588700450807,0.005023448003275957,0.36907192043123915,0.0007014305221725238,0.001951901619754605,0.038899892558742606,0.0014392420014376613
Q9UM63,0,463,U,test,0,0.9957730482221211,0.0006326684574807377,5.896238326954886e-05,0.00025215012336017036,0.0027108693868649805,1.5623476912518912e-05,0.00044081198484406615,2.9648147582345583e-05,7.811246419610571e-05,8.10535336840326e-06
Q9UNL4,0,249,U,test,0,0.9982355136142008,0.00016161692548385904,5.2162797915173834e-05,3.367883422189241e-05,0.001244195565833174,1.1106100469759377e-05,0.00021939920767769907,1.4485084457233348e-05,2.3881867766763056e-05,3.960001973597562e-06
Q9UNS1,0,1208,U,test,0,0.9904586496198695,0.0055326568303499,7.413764400663628e-05,0.00047408762414989224,0.001214177136589594,3.188620145476352e-05,0.001796190719633816,0.00017924183396319485,0.0002145243903216788,2.4447999660965316e-05
Q9UPP2,1,1182,S,test,1,0.15081313608385555,0.841168161552093,0.00022322313229062787,0.002117882090603021,0.0008691770418677049,0.00027349871505515534,0.0006459175588955703,0.0010161709906013612,0.002236929321072956,0.0006359035136651167
Q9UPQ9,1,1833,S,test,1,0.12507641704780809,0.868202339931411,0.0002033248761950042,0.0014848756739640697,0.0009255887934360345,0.0001233227707188188,0.0003300288722366987,0.0011978009187222384,0.0021104338490453654,0.0003458672664626704
Q9UPW6,0,733,S,test,0,0.9982711270543815,0.0006925238547253569,5.016625898029952e-05,8.735936159136579e-05,0.0005268443594524355,4.085851366851425e-06,0.0003127552105762797,2.3147926635030152e-05,2.8808057882037253e-05,3.182064408906756e-06
Q9UQ49,4,428,M,test,1,0.05078374226650572,0.326017558878304,0.24609096371204683,0.020043175686191,0.054483000239807185,0.09991642097003425,0.03657815608808599,0.007202666259559492,0.14410540474961084,0.01477891114985469
Q9UQ84,0,846,U,test,0,0.9956530240378915,0.0029307951663086933,4.8875639492171716e-05,0.00017738839009898895,0.0005681605589516531,3.689326738931762e-05,0.0003064996319414343,6.680507805359593e-05,0.00018882894704431167,2.2729282828358564e-05
Q9UQY9,0,429,U,test,0,0.8091520503622059,0.018229078956199136,0.0031064694505492972,0.002657104155695734,0.0023266380350907257,0.013428160765156098,0.13628344480198828,0.0013571159776731682,0.008610807522549505,0.004849129972892107
Q9UR19,2,361,S,test,2,0.0003057065598973776,0.0003864492908232085,0.9550325056156486,0.0027247326129265018,0.002569667863781175,0.004837243543408519,0.00988909734410942,0.0001636329171706787,0.022813907795472207,0.001277056456762358
Q9URT4,0,697,U,test,1,0.38124344203286314,0.521097983114206,0.020928133753007717,0.02451530122504084,0.005972634604619615,0.011245865559887214,0.0069827167340381375,0.0011222247686623458,0.016490972437912796,0.010400725769762219
Q9US47,1,547,S,test,6,0.005906145325140947,9.25268287185161e-05,3.247997175636869e-05,8.55733272633637e-05,4.7258077744335235e-05,0.00037135074687830817,0.993260881553549,3.5672268932042495e-05,2.1977047311806074e-05,0.000146134852705383
Q9USH8,5,506,U,test,5,0.017509003027340417,0.0023649624683010012,0.19383592286781665,0.019324003658069928,0.001390289694308549,0.655738502481347,0.05865657221294165,0.0032325202192861266,0.04031403171847694,0.007634191652111729
Q9USK1,3,116,U,test,3,0.001492110526313525,0.0002664777322401668,0.001087395374634373,0.9963492433825771,8.583940448093979e-05,8.319839945611432e-05,6.685179802110762e-05,1.3581765989402105e-05,0.0003395013898455685,0.00021580022644164217
Q9USN8,1,1021,S,test,0,0.9946329447864318,0.002750406603105025,9.121815902217273e-05,0.0001588470117959899,0.0010961750211937206,2.6964036817050156e-05,0.0009903115983769348,6.076439514180403e-05,0.000178596504689532,1.3771883425937202e-05
Q9USP8,3,379,U,test,3,0.00026483030674607307,0.0003778729609267786,0.0003289435426771922,0.9979558047741437,3.756092358771587e-05,6.144557154033705e-05,0.0003132676956351617,5.083318257459827e-06,0.0002732369191174447,0.00038195398736810555
Q9USP9,0,589,U,test,0,0.9989446877816139,0.00041461292215284537,3.3180247479306285e-05,5.3437738012509723e-05,0.00021135035144096537,1.094168355062166e-05,0.00022630339181766045,2.838056875545344e-05,7.247231456248417e-05,4.633000614188569e-06
Q9UST7,0,1339,U,test,0,0.8679600969745611,0.10863794404061902,0.0002529713040541577,0.0016240057429824156,0.0015375776227884055,0.00044397846598854184,0.011206975550423227,0.0016625179052834316,0.0060575293548779385,0.0006164030384217345
Q9USU8,0,551,U,test,0,0.9797730201870172,0.01739305400748052,0.00016398315666263187,0.00019321937971604727,0.0007406855981746845,1.274419960377697e-05,0.0014083220971212837,0.00019321937971604727,0.00011182680185635976,9.9251926514974e-06
Q9USY1,1,747,S,test,3,0.00044794986171387203,0.000385591670179174,0.00014013018018490492,0.9981567944848231,1.889062279368783e-05,6.80277417858977e-05,0.0003039873179766949,3.083809343857157e-06,0.00017303767980146728,0.0003025066313973208
Q9USY4,0,527,U,test,0,0.9961777143507645,0.002095648639496663,4.522640124120976e-05,0.00041833824337671156,0.0006504709285250706,9.188299751175135e-06,0.0004967283079935504,4.452522809100124e-05,5.124822411721731e-05,1.0911376642892231e-05
Q9UT35,7,556,M,test,7,0.0036293310765751026,0.0008387896339136742,0.001027706512837548,0.00016260678119946786,0.015950930683568773,0.02163266940762385,0.009450613365905329,0.9198445241141961,0.02650490062069234,0.0009579278034877574
Q9UT52,1,677,S,test,0,0.9323119287789957,0.04789051293669498,0.0002984336968321301,0.005243574137872965,0.0034421797911556606,0.0003434950690889452,0.004233953437034508,0.000986200965471425,0.005027944096246737,0.0002217770906069695
Q9UT77,3,526,U,test,3,0.005021804025342052,0.03424561515048722,0.003659148497047072,0.9328515015817305,0.0003228705018783093,0.0005846429361981919,0.0012869930335244906,4.9513795642597086e-05,0.0023123077544995835,0.019665602723650037
Q9UT79,0,1588,U,test,0,0.9925445194482934,0.0017790030657901272,6.15917006345147e-05,0.0008527418282946566,0.0016843262223900388,4.796766462099307e-05,0.002681052422484822,5.696300986241461e-05,0.0002613445339242165,3.0490103704906253e-05
Q9UT83,1,609,S,test,0,0.9978152547966632,0.00036548089827912345,6.048442467516871e-05,7.766354273819825e-05,0.0011683214729025174,2.4629585908342826e-05,0.00032889720864567347,9.894591528404554e-05,5.3795964235441874e-05,6.526190668212811e-06
Q9UT87,3,182,U,test,3,9.879382949151153e-05,0.001645064972790717,0.0009227978564360498,0.996281530102419,1.8562811693062833e-05,4.740179630459746e-05,8.254533612718405e-05,2.182639871334646e-06,0.00017680835420799603,0.0007243123006584534
Q9UTA2,3,121,U,test,3,4.861825400175852e-05,0.001345218281290901,0.00014401776111995927,0.9981776845856121,2.6023477078795304e-05,6.949617155113016e-06,6.937093141252726e-05,1.2459977480481622e-06,5.8644810168597665e-05,0.00012222628441223724
Q9UTJ8,0,1285,U,test,0,0.9959505085280934,0.0016769536793920857,0.00011820145103393588,0.0007606754775195084,0.0010331412184506762,5.9901579392155064e-05,0.00016282936674050146,0.00010189602000554705,0.0001084677387861951,2.742494058601235e-05
Q9UTK1,3,113,M,test,3,0.027771746812286578,0.0027930780397532246,0.00039000107597559914,0.963810034201078,0.0004595335660338821,0.0006480462485803504,0.0017615722090018756,8.303602077093071e-05,0.000628107911437033,0.0016548439150824573
Q9UTK4,0,1778,U,test,0,0.9932017575230199,0.0013675806111841848,7.09385627808928e-05,0.00021850613524128663,0.00032041806659492456,0.00014107815258820308,0.003582044809309212,0.000220219899891607,0.0008118488003102261,6.56074390796288e-05
Q9UTL6,3,225,S,test,3,0.00039967841754373927,0.0011497512340985171,5.9059820459150216e-05,0.9974186317406922,3.1612445710330434e-05,2.923673097750835e-05,0.00025855627342327156,9.793078687626086e-06,0.00019824197602098833,0.000445438282386669
Q9UTM3,0,443,U,test,1,0.11724458182888359,0.8528956496168993,0.003858196155210255,0.0014083054574341647,0.0019705735929085593,0.004075067167422512,0.0011494253985530145,0.004801602543913127,0.011273617636533144,0.0013229806022422867
Q9UTM8,1,493,S,test,3,0.07931733807569445,0.04660549281598745,0.008359985499488281,0.6287723134431529,0.0069306713867249405,0.039016477485068035,0.10673313982723481,0.0007362166479026229,0.03325869174237168,0.050269673076374824
Q9UTQ5,0,282,U,test,0,0.9986830471172012,0.00012616999646564462,3.215097297955652e-05,7.188950472900383e-05,0.00016200550395022357,7.712617218165974e-05,0.0008036732214066278,7.878934535199285e-06,2.2444997044644882e-05,1.3613579506203871e-05
Q9UTQ9,5,167,M,test,5,0.001071688993551737,1.365792976075942e-05,5.401815934147412e-05,2.9369163943827748e-05,0.00039914321773413446,0.9864030267483944,0.003876770764299295,0.004159168036157779,0.0024450487475616155,0.001548108239254913
Q9UTS5,0,897,U,test,0,0.997752804858571,0.00039408255401470713,3.7553282097111314e-05,0.00029711528874297043,0.0006787766194603537,2.540982210843286e-05,0.0007601937669568063,1.666416870428107e-05,2.5015879951290585e-05,1.2383759393086394e-05
Q9UTS8,5,311,M,test,5,0.008258020973496418,0.0027072968305740215,0.0025833205733780417,0.00024598448438301854,0.017688305056497808,0.5449195198580881,0.0010037702178156117,0.35182649904251845,0.06873961152563479,0.002027671437613816
Q9UTT1,0,1129,U,test,0,0.49697970198444313,0.4317834575784946,0.005923109923864742,0.007200670728258229,0.0036777429366259486,0.0032455964662800427,0.014098229493078608,0.006607706971894253,0.026806040980434497,0.0036777429366259486
Q9UU83,4,425,M,test,4,0.028789336820374753,0.02001983982041108,0.0077788720258568965,0.0009039940494284506,0.9312870210019553,0.001255071449727341,0.0011250387989590858,0.001235613327786944,0.00722243753864284,0.0003827751668573356
Q9UU96,0,736,U,test,0,0.9786013121829855,0.01533095966705654,0.0001945019364408713,0.002653735015878103,0.0013474766307762437,1.7398424329592644e-05,0.0015676863615027047,0.00011345197353741101,0.00014567520659948427,2.7802600893546112e-05
Q9UUC8,3,145,U,test,3,0.001706410736292003,0.021956860802380105,0.024209275411646167,0.8567465328421322,0.0007339180334189068,0.014197194535585848,0.05434374741643684,0.00029652970363072657,0.007499683869421386,0.018309846649055807
Q9UUH8,8,166,M,test,4,0.06993890658642359,0.00030425843307880054,0.00023695671180470337,0.0012415643036373192,0.6331752037630014,0.11352205446806675,0.0007074220444971016,0.0971005648041418,0.08305450653466973,0.0007185623506788075
Q9UUJ5,3,145,U,test,3,0.0003288275769360797,0.0035838947391923343,0.0012146049962063307,0.9937146756092349,1.5591180978293814e-05,4.2381221747252945e-05,3.6250579619418305e-05,4.329514209163626e-06,0.00017773596559956593,0.0008817086162766318
Q9UUK3,1,324,S,test,1,0.0010198930461544863,0.9793462258417309,0.0008455210054515673,0.0004420909166923854,6.172972332051047e-05,0.003856561184629264,0.0011289186670885819,0.0010278920589283345,0.003864100473320448,0.008407067082683491
Q9UUK4,0,202,U,test,0,0.9975345234913914,0.0002709961290678068,6.287616333272908e-05,0.0003912285940895764,0.0007238081961916488,3.696298554873036e-05,0.0008629076269500965,2.5010407876984503e-05,5.9066682890456205e-05,3.2619722660626375e-05
Q9V3J8,0,361,U,test,0,0.9595423666837658,0.0303662411010762,0.00019831104819686586,0.000719746599215553,0.000587440115802349,0.0002429757669938905,0.007499932100652098,0.00015687694200180208,0.00044690085696512687,0.0002392087853303021
Q9V3R8,3,359,M,test,5,0.055322554383837805,0.0007708535534972473,0.000546617051538249,0.001983882042377781,0.0023930187770609475,0.6583542430615371,0.22052104944278272,0.0338179970452757,0.01627365961340403,0.010016125028688445
Q9V3V7,0,222,U,test,0,0.8128610384042,0.13906413069940782,0.0014287645576162241,0.00447020859377461,0.0014287645576162241,0.01270959267404014,0.008994866035419645,0.0023191137915802413,0.012809274932081246,0.0039142457542639154
Q9V461,0,817,U,test,0,0.8448993228268007,0.11434469041347334,0.00127025473704467,0.0010048542026462976,0.0021272764835573985,0.007057291239837728,0.01844878868070605,0.002840286641601667,0.006450886095259547,0.0015563486790726544
Q9V464,0,218,U,test,0,0.9513400479026143,0.026777422479441076,0.000923459386583935,0.007443086931801949,0.006255477704811006,0.0008811711651318265,0.002980963556056667,0.00034507154013149207,0.002610218649986319,0.00044308068344141234
Q9V5M6,0,963,U,test,0,0.9989317508827774,0.0005927390694419389,1.7213461533091285e-05,0.00011050566169138074,0.00016427652524670343,5.588392932295012e-06,0.00014783285833669285,9.962387411976249e-06,1.6946590277888265e-05,3.1841703505736414e-06
Q9V637,1,270,S,test,0,0.9556322161539068,0.019073704541167007,0.00041811370196796044,0.017231654991737424,0.0028075014297353085,0.00032562724608901987,0.0031076210065730196,0.00015381543333480116,0.0008250474605216221,0.00042469803496706835
Q9V727,0,1669,U,test,0,0.9886640135182951,0.003607710339844703,8.926502460802256e-05,0.0019653128282711425,0.0024698737295126643,6.329838850404762e-05,0.0021817856792382753,0.00010600484607068749,0.000756217133030601,9.651851262472885e-05
Q9V7P1,0,506,U,test,0,0.9971444931312742,0.0018950981906242074,5.251445448326513e-05,0.00023080131307169274,0.0003976223018635605,3.83397072180798e-06,0.00019741482177713118,2.7032124075040306e-05,4.670732663834375e-05,4.4823654707199195e-06
Q9VAC8,1,472,S,test,0,0.6233052922953299,0.2137322328305995,0.005969116657519046,0.00809532273870817,0.030971991347495863,0.01761287556678904,0.009173201909766632,0.04620026958751193,0.040538346407582075,0.004401350658697838
Q9VAW5,1,1673,S,test,1,0.007030339703901124,0.9878664916996934,0.001099401936054551,0.0005379027993775863,0.00022776236492270835,0.00016150770057195575,3.7766700891859325e-05,0.0002725958685424177,0.002429620291046315,0.0003366109349980223
Q9VBW9,0,419,U,test,0,0.9964521067933433,0.0009374902754858635,5.2069602985450104e-05,8.996820317648866e-05,0.0008910718827149438,2.0390749000739502e-05,0.0014018529006951381,5.993174729209244e-05,8.518018701602717e-05,9.93765828998227e-06
Q9VDH4,2,138,S,test,2,0.0002749847695235693,0.0004064011332187485,0.9734392490208359,0.0037518224096347837,0.0004259047154084393,0.0023250139134466485,0.0009825519244404904,0.0002973294093554073,0.017416148891221298,0.0006805938129147381
Q9VDQ7,8,948,U,test,0,0.7743171686944722,0.21840617719190195,0.00031825781711712186,0.0010766523516332915,0.0005499002456693169,0.0010193538926556542,0.0009281323571207794,0.000632931264574779,0.0023793450808444034,0.00037208110401046064
Q9VDY1,0,1638,U,test,0,0.9962027891219382,0.0022135020872762986,4.967273224158884e-05,0.0002296843808058692,0.0006219128239813029,1.468323119143582e-05,0.0005037632746072441,4.739804983411227e-05,0.00010681315740541289,9.781140718611548e-06
Q9VE04,3,107,U,test,3,0.0003811767836706768,0.0003580824293198038,0.0001427138147073368,0.9988470933189498,7.190130903594104e-05,5.856089304084741e-06,4.570325318809928e-05,1.6517857955756477e-06,0.00010420792763483948,4.16132883937883e-05
Q9VFM9,1,343,S,test,1,0.0667906621305145,0.4820876079990432,0.023263271697624342,0.001850814542621342,0.0037387481102874316,0.1176800643200608,0.014787035866845323,0.0032482808175994106,0.06410662774649793,0.22244688676890573
Q9VFP2,0,829,U,test,0,0.995692891636715,0.00102283641472264,5.0429139887160294e-05,0.0011749803129085473,0.0007958082366788215,2.873365632606705e-05,0.001099488461423731,1.2166595635327812e-05,7.223640581552997e-05,5.0429139887160294e-05
Q9VH19,1,683,S,test,4,0.0012082836265938654,8.301924283234112e-06,0.00219648221782151,0.0007561245235722552,0.988542944966292,0.0036784153172407497,5.945604973201747e-05,0.00031397076479835757,0.0032083709785277097,2.7649631138327692e-05
Q9VH70,0,814,U,test,0,0.9946102781411464,0.0007637429523956361,7.444839466177235e-05,0.0006551806171711327,0.0018976802856944884,3.25240967711456e-05,0.0017896829721488795,3.4621722291745694e-05,0.00012084168326747133,2.099913445125291e-05
Q9VIP8,1,367,S,test,0,0.9970342628688552,0.0004914233338754636,0.00038048497997893773,8.196484452385576e-05,0.0011538064012559305,7.821139645173097e-05,0.0005634196876705559,3.580779056188163e-05,0.00017082939200663348,9.78930481980729e-06
Q9VK33,0,1220,U,test,0,0.9966850007014139,0.0011266837028044748,5.290194338242927e-05,0.0002697097166578978,0.0013858445902530587,6.939224701203906e-06,0.00036506690683377554,3.158919309785575e-05,6.953829367597248e-05,6.725727179521736e-06
Q9VKJ3,0,1411,U,test,0,0.9688441034401758,0.013712272805320362,0.00024919458930820575,0.0020065486642166733,0.0022297398835604957,0.001379079400757368,0.0064017566971257935,0.0006668792254419723,0.0040375370951262835,0.000472888198966997
Q9VKQ9,0,134,U,test,0,0.891297548234054,0.06981182325746137,0.005096814761151785,0.013520428419851216,0.005177078471552546,0.0015184322168097612,0.006052617646430129,0.0003779676458491535,0.004127526324553822,0.003019763022286201
Q9VLJ6,2,630,S,test,5,0.0008713832950321776,0.0006276338671494948,0.13766548973469134,0.0010510888665257834,0.0009275827372572756,0.6991230128668062,0.010322981284537944,0.0007224021737793076,0.1196058473840606,0.029082577790159898
Q9VM91,1,992,S,test,0,0.9905793011020877,0.004807441113569829,5.176272180119297e-05,0.0002567833583030366,0.0009048364461009113,2.7706587827446843e-05,0.0029850079364839416,0.00013426228622358502,0.00023198441809357028,2.0914029508784447e-05
Q9VMD6,3,659,U,test,1,0.001627726370013231,0.810881260077958,0.0032371203535687936,0.11146901589434227,0.0005849356552024769,0.004897606577342773,0.00961718246198141,0.0008121028107110516,0.00583881514459407,0.05103423465428589
Q9VQ79,3,739,S,test,3,0.00016386158427351876,0.0005362330965324057,5.510157314950601e-05,0.9983565807954343,8.143484834344023e-05,7.357025167541032e-05,9.446608037728318e-05,7.284441401054053e-06,0.00023063097694469228,0.0004008363518683427
Q9VQI9,0,1673,U,test,0,0.8548311228963213,0.09442245473494716,0.0022206032324863785,0.005326950602679676,0.004347730081262599,0.005496045724904484,0.0040843147970519465,0.0018993827335484026,0.01924876548855797,0.008122629708240039
Q9VR35,1,653,S,test,0,0.7433809037217177,0.20968021439001416,0.002088004023362414,0.010707817964850343,0.01287831085840814,0.0021375194178246478,0.0005532659703117141,0.0009710120496642117,0.01627573556155938,0.0013272160422872184
Q9VS24,4,994,M,test,1,0.06796252229937634,0.874492713372585,0.0018253448989585944,0.0005566987905626456,0.0010400500968963428,0.01928236244592393,0.001314746640779737,0.018327626282350063,0.013239625912288985,0.001958309260278354
Q9VSK8,0,597,U,test,0,0.9984363707317327,0.0005719787905133195,3.067109655919442e-05,4.359241848764029e-05,0.00030041988900631123,2.315175831812225e-05,0.0005289939472157239,3.421608127880054e-05,2.582765174653736e-05,4.77763514163807e-06
Q9VTY6,1,178,S,test,0,0.9944174600314879,0.002707178930129442,0.0008823321932180762,0.00033884314959777045,0.0003362062845844691,0.00022396166802700462,0.0007488256005821873,0.00010016184954822665,0.00019306700886128698,5.1963283963641965e-05
Q9VW27,0,717,U,test,0,0.9975062160415934,0.0009644976971433879,4.973772436139073e-05,0.00047143776621913025,0.000760005882068347,8.247323467561258e-06,0.0001611837337308453,2.0412318599706988e-05,5.131657061858153e-05,6.944942197639149e-06
Q9VW47,0,2531,U,test,0,0.9977356999020114,0.0006553167422961622,3.6970438735698034e-05,0.0003032661578394539,0.0007904628928360135,6.130299919152621e-06,0.0003890213869903163,2.6215968611294452e-05,4.9749164104912304e-05,7.167046655623062e-06
Q9W0K7,0,977,U,test,0,0.9968897351261503,0.0008196520215688329,7.579409892248694e-05,0.00027832839012709306,0.0011137862066984403,1.9163749368302866e-05,0.000657965988165984,4.3186172058466354e-05,8.792269055916427e-05,1.4465556380951066e-05
Q9W1X4,0,1711,U,test,0,0.821647600747053,0.16179201328027273,0.0018544007693621482,0.000692938933864479,0.0022194271882079,0.0008759568619251536,0.00571195606303966,0.0011424630874290547,0.0037459925094959004,0.00031725055934991923
Q9W266,4,677,M,test,4,0.0020272017066688677,7.843805208022055e-06,4.584880315487019e-05,0.001720463630653635,0.9942302741012938,0.0007068529984321312,6.670961763494217e-05,0.00013475713836098028,0.0010313567511164774,2.8691447476279026e-05
Q9W539,0,1518,U,test,0,0.9961091402459824,0.0018206058451997434,7.398035619867736e-05,0.0002532224353520401,0.0007634014441883955,6.721841176036783e-06,0.0008174121038153056,5.806784666257862e-05,8.854288809964146e-05,8.904993325144393e-06
Q9W701,4,689,M,test,5,0.017027497246964056,0.0005680412854090183,0.01736333216649073,0.0017772439122213995,0.1870383764374578,0.37782791157938445,0.0009969435606115463,0.04373675573336927,0.34943368939423725,0.0042302086838544705
Q9WTN6,9,564,M,test,4,0.019080630265414733,0.0003400474752957239,0.0010151941638323796,0.03899827733023639,0.7651561625703798,0.032839840127833204,0.00035084173610455194,0.005751466957369429,0.1350580818126816,0.0014094575608522392
Q9WUB6,4,687,M,test,4,0.007695795995500146,0.00037427543562550575,0.006183746292791826,0.004815905837678016,0.6258506201077769,0.05426064897968315,0.0031337698567169697,0.008962219612829819,0.28653529388123733,0.002187724000160301
Q9WUI0,0,231,U,test,0,0.9987765668742409,0.00016781801345821916,4.902897033961696e-05,0.00024038821339304294,0.0004971131316856234,1.3614854194187445e-05,0.00021696065242665766,1.278997083194027e-05,2.1087098615001104e-05,4.632220814884641e-06
Q9WUP1,4,147,M,test,4,0.009455020407927811,0.0006902913350507367,0.1884312901509065,0.018189469099319358,0.4381158588972356,0.045817720997704,0.003505588460373946,0.028035176527895545,0.26573070514076164,0.002028878982824851
Q9WVL3,4,1083,M,test,4,0.0011263535123828853,2.1134583218745533e-05,3.430481592247066e-05,0.004220824222505008,0.9855061768302341,0.0003491837123455368,4.762751631798271e-05,0.0006347647285258163,0.00800971686743898,4.9913211108479535e-05
Q9XEE9,5,463,M,test,5,0.01629365891284387,0.00014431070967456974,0.0001687163365463034,0.0005575383241986215,0.0013691820617666526,0.9694350426313578,0.0042837916387168384,0.001984381473781113,0.004506945828584548,0.0012564320825297023
Q9XF04,2,96,S,test,2,0.001472693486873086,0.0002056340683661675,0.8378532877380073,0.0006742481976816885,0.005100203630160702,0.09548489533102851,0.0011116473514777604,0.011789050628890381,0.0447528652491008,0.0015554743184136633
Q9XGM8,7,444,M,test,5,0.0010854598734855963,0.00029674822148670826,0.0008721915597531709,0.00011088670639694561,0.0008257743296267073,0.7219845718585979,0.0012789842665009838,0.2574315180137345,0.012917283905441621,0.003196581264975939
Q9XI36,0,384,U,test,0,0.9974123834683334,0.0003596693415874866,6.79770100090546e-05,0.00011930337465521247,0.0007840572861446003,1.9475738151828915e-05,0.0011497440491244923,2.386217523368172e-05,5.679692136099014e-05,6.730635399283881e-06
Q9XI84,6,482,S,test,6,0.005724010092157597,8.164861468357417e-05,2.866135912495368e-05,0.00043443904361260003,0.00017903496442986727,0.00017017031669041107,0.9931875911118607,1.8796578336086026e-05,3.5669637368481364e-05,0.00013997828173567458
Q9XI90,0,514,U,test,0,0.9961858481956644,0.0014014783209420026,5.5412995199400364e-05,0.000617665418893793,0.0008303484139706765,9.935002798468262e-06,0.0008016636202051462,2.070632418156625e-05,6.37799681816701e-05,1.316173996294776e-05
Q9XIA7,3,54,M,test,5,0.00818028210344344,0.0015490844426998165,0.023122103954802117,0.27949279631334506,0.05231040359475539,0.2883648583080487,0.05172622219483389,0.011181118931936693,0.22634017536007386,0.05773295479606102
Q9XIP8,1,259,S,test,6,0.05225068854409612,0.05348977964950262,0.008731966468221998,0.002747635007819726,0.001692768813091348,0.15477778851763405,0.3712926349660243,0.1926240839395711,0.09424490827308658,0.06814774582095218
Q9XTF3,1,817,S,test,0,0.983061384577998,0.011355862152489116,0.00020317177639103055,0.0020479585746074904,0.001987859164020808,9.901801354893956e-05,0.000248931263884915,8.875917512903144e-05,0.0008323125753671611,7.474272656357764e-05
Q9XVW1,5,502,M,test,5,0.013564626458849786,0.0002634370603397337,0.0003600757814133283,0.00550205521897193,0.01660755921653699,0.5482241199783633,0.041945519239783194,0.0390975234829496,0.31728778935864477,0.017147294204147345
Q9XXV8,1,858,S,test,1,0.17224715811313923,0.8217452245384282,0.0005313578344327969,5.600470156096016e-05,0.0002357885991175283,0.0005656274787010606,0.0003377515854264305,0.0022946286695662986,0.0017354628233637263,0.0002509956562637374
Q9XZS8,0,613,U,test,0,0.9969651424901361,0.0008674831303741566,5.632965130092153e-05,0.00048256192684454323,0.0008054308006659951,1.2568844607579053e-05,0.0007304940317162862,1.8575549090444294e-05,5.049357346618378e-05,1.092000179777241e-05
Q9Y0V2,3,111,M,test,3,0.00041230127365640576,0.003005149032071425,0.001932705641363187,0.9646945606862509,8.182369280108395e-05,0.003696396481062065,0.002682641084578907,2.9175134858612803e-05,0.001129541151537075,0.022335705821820297
Q9Y117,7,667,M,test,7,0.00035641458458794743,0.0007741219519173892,0.00016835833788762298,1.4826366929121629e-05,0.00018346651447574217,0.0037430540748191266,2.9950084053053908e-05,0.9903187652288845,0.004274702122334852,0.00013634073411059635
Q9Y216,1,660,S,test,0,0.6011750665896045,0.118378392718103,0.001513630609304294,0.004311932693427789,0.08593349857803656,0.031489919702460026,0.002036812704325027,0.11384338079523347,0.03934321903975354,0.001974146569751815
Q9Y241,3,93,M,test,3,0.0003793483941810231,7.767376133729075e-05,0.00014739890242869625,0.9901805360352476,0.0002931377222949858,0.001013702990454419,0.004694186357885626,5.715275871731634e-06,0.0004487311141401005,0.0027595694461585107
Q9Y294,0,204,U,test,0,0.9668573097706469,0.010082674789078688,0.00214829820380714,0.006277310089459556,0.005214246753625939,0.0036686809967880103,0.0020659979216760232,0.0004719184632077773,0.00284603254373674,0.00036753046797326065
Q9Y2F5,0,2266,U,test,1,0.03281694257681882,0.9295446814817097,0.002395896226146672,0.000990985770125671,0.0008476350287268318,0.004237908377925854,0.0012141811818631024,0.00713886828372145,0.018698530155190806,0.0021143709177711464
Q9Y2J8,1,665,S,test,5,0.00624615442543024,0.03636783494692948,0.017620718752280953,0.0018608408963423772,0.00037805274699257015,0.5079603977362317,0.09847261372421114,0.23622352750405615,0.0320318762774152,0.06283798299011019
Q9Y2K1,0,713,S,test,0,0.9976598974580518,0.0009386266195132129,3.0647242246632686e-05,0.000325650269681089,0.0008413794786164924,1.5171485382587245e-05,8.868073317610082e-05,2.277509555374632e-05,6.852716540042986e-05,8.64445237790673e-06
Q9Y2M2,1,353,S,test,3,0.006000466476910926,8.55920565003954e-05,0.004511731550549187,0.96291217494555,0.022645525000818078,0.0007569369415422357,0.0011723669849211624,1.0713102411043208e-05,0.0014308138815908545,0.0004736790592060544
Q9Y2R0,3,106,M,test,3,0.005082054634889391,0.0005398457399932498,0.0025804949063314613,0.9837193097339096,0.00211438191789423,0.0005569822503450692,0.002901505506323501,3.2674532800370466e-05,0.0017290818864105985,0.0007436688911024456
Q9Y2W1,0,955,S,test,0,0.9978028186539057,0.0007782602291564757,8.59646367004581e-05,0.00030656209910868786,0.00050939964491164,1.2978718639511353e-05,0.00043011102042701376,2.1398288838735147e-05,4.255557973664251e-05,9.951128575040853e-06
Q9Y2X7,1,761,S,test,1,0.0008810686157654936,0.9968798530006617,1.8866455110391307e-05,5.632483434526937e-05,2.347968343817558e-05,2.619348112362619e-05,1.1806326693746093e-05,0.0015105031757698215,0.0005039826105865244,8.792181650526446e-05
Q9Y2Y4,0,487,U,test,0,0.9971573625376253,0.0007151050572172311,3.995140759861861e-05,0.0005037537913629571,0.001343843214624816,2.423175167519827e-05,9.7347680753671e-05,1.7182885600427148e-05,9.216692958033027e-05,9.054743961434065e-06
Q9Y2Z4,3,477,S,test,3,0.01330932553478815,0.00023998950327451751,0.0002020914332699684,0.9778340519938709,0.005952298521220229,0.00023626882659033655,0.0007838274830485447,9.019106299554182e-06,0.0007277591964071868,0.0007053684012306505
Q9Y3P8,4,196,M,test,4,0.007409275109650629,6.823706276182246e-05,5.569346530686822e-05,0.0009795078712083296,0.9857054416970735,0.0007870567072210614,4.4057157889577106e-05,0.0020098198517820923,0.002890201595202307,5.070948190378721e-05
Q9Y471,1,501,S,test,0,0.935903244410036,0.03714947410919217,0.004000558655947502,0.00030909306643731363,0.0009373131212221256,0.0014631250533196439,0.017548168323827246,0.0005957924860083088,0.001418109469186171,0.0006751213048235091
Q9Y4A5,0,3859,U,test,0,0.7754185093409081,0.2022800126272378,0.001520482686448593,0.000350035021534888,0.0015324080399390498,0.0010697931959716147,0.001967650962463888,0.013237984755729177,0.0024108164138006865,0.0002123069559662281
Q9Y4X5,1,557,S,test,0,0.9253082011462977,0.07024589858268891,0.0006419077721850125,0.00019424731784486903,0.0003152945019961304,0.0008178116919087161,0.0013430868789343507,0.00023430697080274352,0.0007049978194966859,0.00019424731784486903
Q9Y5J1,0,556,U,test,0,0.9969570268318831,0.0019396745348651207,3.871445226369875e-05,5.374969424882572e-05,0.0002036431467107541,1.857539723025719e-05,0.0006703336009762414,3.311422793055461e-05,7.63937176960954e-05,8.774396195321933e-06
Q9Y5J6,3,103,M,test,3,7.487785151922976e-05,0.0015486749377610501,0.0035518830023867523,0.9848386811713721,3.536979266154106e-05,0.0009769158942977288,0.0007794834915420604,3.5572334849052943e-06,0.00031036006213319174,0.007880196562841503
Q9Y5U4,5,225,M,test,5,0.004113499088207787,0.00010792152698629726,0.00018647168313639195,0.0003538610883672245,0.000518902905600648,0.9909351429161083,0.00029798088337634,0.0009694382861576447,0.0019468782639769121,0.0005699033580824785
Q9Y679,5,476,M,test,5,0.03599648999578272,0.00024254245153937254,0.0003698330626199449,0.0032962861709376463,0.20714550162795925,0.7343945660117784,0.003048566467991558,0.004558598254400164,0.009353636032481703,0.0015939799245092221
Q9Y694,4,548,M,test,4,0.00467215732874751,6.756216629410438e-05,0.00015225368383461088,0.0023608078410114006,0.9759563659322044,0.005101382502834124,0.00012426583846139691,0.0018047988085914783,0.009567939187848687,0.00019246671017230797
Q9Y6H1,0,151,U,test,3,0.013239286043691966,0.0008397728173976174,0.003308417309296791,0.9501559831268873,0.005094240471532431,0.010617309358243567,0.004037754185708264,0.00016279738504266378,0.002030310241727384,0.010514129060471961
Q9Y6J9,0,622,U,test,0,0.9958908108585047,0.0018060419259260708,6.476515940006115e-05,0.00019335306688306642,0.0010513993625863183,3.059289750604399e-05,0.0006618154124016732,7.113061946704231e-05,0.0002090645254250957,2.102617189994893e-05
Q9Y6R1,4,1079,M,test,4,0.03383007977533228,0.0010458058564632266,0.0011307858878054661,0.0013854677726799047,0.8793322562217321,0.008161886529785235,0.0010295922309111047,0.007475154027175557,0.06623607810101868,0.0003728935970965094
Q9Y6X4,0,670,M,test,0,0.9961720056192513,0.00041670494608466493,7.34092678360359e-05,8.78593850648425e-05,0.001999670629036627,2.8301794222975736e-05,0.0010957290593207169,3.808422823393194e-05,7.814375525836689e-05,1.0091315690440664e-05
Q9Y7I8,1,442,S,test,1,0.05167548186011039,0.8808796033901739,0.008635839776748892,0.001911920970780953,0.00020954243436241461,0.006076072195222414,0.018679101428952467,0.0030078738244036715,0.002324304829252022,0.02660025928999292
Q9Y7K5,1,426,S,test,0,0.9765727730209505,0.01693464914520334,0.00043062689973935223,0.0006120442588022935,0.0016833198796558676,0.00014537324584450347,0.001456791998127447,0.0005616433010988636,0.0015089182306215869,9.38600199562682e-05
Q9Y7L8,1,292,S,test,0,0.9655355778241163,0.026755643917410334,0.0009299452617763426,0.002875644005356288,0.001396013186216193,0.00042244666694237794,0.0005340226325648648,0.00032390109735143987,0.0008873599551204501,0.0003394454531454505
Q9Y7Q6,1,147,S,test,0,0.9947943306327344,0.0007176028603201972,0.0006382491693896075,5.038362832866685e-05,0.0007120184172115019,0.0003159562543313375,0.002219023696593583,0.0002441520680805084,0.00027025171440991447,3.80315586003032e-05
Q9Y7V0,5,186,M,test,2,0.0009991521020042448,0.00031439712613652116,0.7413899210645157,0.01003518607490192,0.0023781887843021586,0.06377758239038135,0.001547516994950007,0.0021994649720176143,0.17609554385438697,0.0012630466364035185
Q9Y7X4,3,277,M,test,3,0.0004375096067996654,0.0007984410371043384,0.0018564310927183245,0.9248146798102915,0.000883793727807445,0.012987252863155878,0.03530301299994801,7.967641761873202e-05,0.0019228569796142707,0.02091634546494184
Q9Y7X6,0,684,M,test,5,0.00025411450816819426,5.410409987541883e-05,0.0018997996695415758,5.495611824917861e-05,0.0012459190615416325,0.9137250652383175,0.0007645959575172648,0.06619002695328219,0.013342669855211538,0.002468748538295529
Q9Y7Y7,4,456,M,test,4,0.004503435843201079,0.00011362555764557457,0.05616412587390145,0.003632775212340182,0.8649339526628076,0.025513702563195673,0.00034999133764228134,0.0011475774028654735,0.0434002682526957,0.00024054529370497448
Q9Y7Y9,5,457,M,test,4,0.012543430036784273,0.00048069531685145654,0.005332010579194556,0.00581049569304423,0.423574042807363,0.11762225889935486,0.00033557940409802427,0.023070898822245705,0.4105420242041933,0.0006885642368706136
Q9Y7Z9,3,479,M,test,3,0.00011482131589466544,6.050658203919569e-05,0.00022524875305162051,0.9981807855009764,0.0007342473250243119,9.668924830608377e-05,0.0002103653864990391,1.8704699413068174e-06,0.00020309821709369176,0.0001723672011735978
Q9Y807,3,263,U,test,0,0.7480079075821294,0.11561041542017796,0.0012743211357348718,0.04290614730071855,0.04571798156953825,0.010181156177907966,0.009867914205968168,0.0066769650526101905,0.015707407441094123,0.0040497841141204395
Q9Y809,1,811,S,test,0,0.9433123963839375,0.04999372738430797,0.0007020662368755349,0.0004604262890659971,0.000419222922493778,0.0008207986222798558,0.0015698184728125128,0.00043934184602788793,0.002137322286407698,0.00014487955579129772
Q9YGJ8,2,258,S,test,2,0.0013413385012281708,0.00044232647599709194,0.7281761759969936,0.022075077502116562,0.002795589387164063,0.04476741325447939,0.0108006419532229,0.001260070944182754,0.1841117738284256,0.0042295921561899185
Q9YGW7,1,229,S,test,0,0.9862654689362355,0.0028665386735040126,0.001234087496473387,0.0048052388610401574,0.00246478404749242,0.00022039707724091654,0.0015238945891937628,8.365329897048341e-05,0.00038680890702882915,0.00014912811282052443
Q9Z0E8,4,557,M,test,4,0.006769372589464747,9.427705626351921e-05,0.0002903937700013059,0.006312060145167282,0.8656516637295092,0.013144225761995814,0.00017890641104712524,0.006936673979129914,0.10020645668620219,0.00041596987121889984
Q9Z0G8,1,485,S,test,1,0.003615658212639757,0.9908420343129473,0.00048741840401636386,0.00011851747560145773,0.0011027133411055127,8.670923559203216e-05,6.148605041901899e-05,0.0013120646546336103,0.002148491670747755,0.0002249066422972331
Q9Z0W3,0,1402,U,test,0,0.643014272191265,0.3284195459291875,0.0007890243528650744,0.001095451929199734,0.0010784684481902735,0.002753965619852788,0.010179897143369821,0.0024303662025295524,0.009316545337385908,0.0009224628461544814
Q9Z258,4,1237,M,test,4,0.00040719480533598685,4.023306861456802e-06,9.803399926762304e-06,7.710970548552227e-05,0.9984698160975489,5.425345410434598e-05,1.2987394216022738e-05,0.00019225130429855556,0.0007667066550406154,5.85387718182948e-06
Q9Z2E9,5,383,M,test,5,0.018566071238505778,0.0024069660769644105,0.00047767704638473376,0.001145887724483984,0.016577636154592186,0.8910758732065552,0.0002054463319758101,0.05309682125325647,0.015452056500105412,0.0009955644671760218
Q9Z2Y1,0,1205,U,test,0,0.9853395371127162,0.011118510490636418,0.00011785930315644137,0.0006522507646626276,0.001135550086144586,1.2422279316555685e-05,0.0012353393103752563,0.00022191714936788524,0.00015015665712548047,1.645684649861965e-05
Q9Z325,5,84,M,test,5,0.0024637282042842077,4.076682332156473e-05,0.004077899294282424,0.007953012409948603,0.007188457107558932,0.8703219942931982,0.00502570814681347,0.0020425024099540914,0.09764742164920312,0.003238509661435297
Q9ZNV4,5,132,M,test,5,0.09102442055029977,0.0029259754682635134,0.0040623143576382515,0.008335327425112659,0.009519243397450916,0.8502265854326978,0.0031885472195923217,0.0073559015001999645,0.019071025345460787,0.004290659303284007
Q9ZQX4,8,128,M,test,1,0.0007948914607052224,0.9974638912042905,0.00015200429294078788,0.0001147388553630249,1.3178625766416337e-05,0.0001605485222952342,2.4620913457486515e-05,0.0004493908846129397,0.0004677491433805374,0.00035898609718789423
Q9ZQZ9,6,284,M,test,6,0.00044348720442962677,4.2228969379664663e-05,2.010400344617278e-05,2.971178981617592e-05,6.32600561430573e-06,0.0012437905904026895,0.9979105679583193,1.8021111652473622e-05,1.3603048814635846e-05,0.0002721593181249478
Q9ZSK3,1,139,S,test,1,0.02025180794291163,0.587238821009081,0.14617530318059652,0.19365080769528667,0.008710193928404702,0.004278303825752346,0.003659426902254153,0.0032802894193280003,0.0230381222115911,0.009716923884793874
Q9ZTZ7,6,1193,M,test,6,0.0025098113880758725,9.618218623630021e-05,1.916264738983214e-05,4.5968801619886875e-05,3.524550173748322e-05,0.00033374753210055547,0.9968323879916492,3.062182313014216e-05,1.492388425035093e-05,8.19482438104019e-05
Q9ZUX7,1,466,S,test,0,0.9907216101601969,0.006780552395527144,0.00016711611985498616,0.00014980191595396697,0.0003073735653197767,0.00018354114350384356,0.000992214101192511,0.00015455713273323536,0.00047980334626793804,6.343011944969297e-05
Q9ZUY3,6,424,S,test,6,0.0017730268170030204,0.0018436562227475578,0.00027084241813282934,3.0033651158076303e-05,8.604785416329597e-06,0.0020091025282652276,0.9930819469934203,0.0001410611382805568,6.259550467259928e-05,0.000779129940903482
Q9ZV65,0,725,U,test,0,0.9961189333450335,0.0004900142233293936,0.00023146633585565302,0.0002542160295615483,0.0013742788412748474,6.788885572124936e-05,0.0012859823571910603,4.665928786798227e-05,0.00010597300891350525,2.4587715251267126e-05
Q9ZVH8,0,378,U,test,0,0.9949260962304382,0.0037312039685613177,6.780755947287635e-05,0.0007191009944752171,0.0002559030839124436,3.6294772188737576e-05,0.0001652234497878923,2.6971984003841662e-05,4.177502710844809e-05,2.9622930051110374e-05
Q9ZVL6,6,285,M,test,6,0.0017892734594922733,8.238800892371701e-05,2.3420867045445673e-05,6.170576338691062e-05,1.8240190260523192e-05,0.0032147420300589024,0.994382683535591,5.531269552608764e-05,3.0546571134240435e-05,0.00034168687858088844
Q9ZVT1,0,670,U,test,1,0.2649886728458251,0.7203138583688086,0.000817452095116907,0.0017854795990935237,0.0016004935696390112,0.0007102146734153325,0.0007923017306758793,0.002103809126211091,0.005854361763676584,0.0010333562275379445
Q9ZWA6,0,506,U,test,0,0.9977366040291697,0.0008957126011237039,4.601049623174482e-05,0.0002006427250040875,0.0007113402149117856,7.0559387190786775e-06,0.00033388719675613097,2.3869932143702427e-05,3.8144042542671195e-05,6.7328233972910585e-06
Q9ZWT2,5,140,M,test,5,0.0562976430525061,0.001660660085434396,0.004842967561098107,0.001881774450726817,0.0007198428256770191,0.8669901790530278,0.048153924044559274,0.002149053775976324,0.008968680791111724,0.008335274359882416
W3VKA4,2,462,S,test,2,0.00012515835693002183,0.0004950109170542757,0.982966042248561,0.0014156740756592432,0.0007373165398353671,0.0010397829801745153,0.0006506796190886191,0.00020635126079894412,0.012181879665550323,0.00018210433634773768
