id,label,length,membrane,split,prediction,p0,p1,p2,p3,p4,p5,p6,p7,p8,p9
A0A068FIK2,1,1033,S,test,1,0.28998974266102157,0.4818621029711476,0.001645378669076448,0.051992293985946354,0.08635094106258286,0.009034905676276727,0.029165033553224987,0.029393775693146284,0.011244122055443803,0.009321703672133343
A0A0A7EQR3,2,474,S,test,2,0.0005619967997650288,0.01201602102651944,0.9545508130564532,0.00036856649520724323,0.009821567177608417,0.0019012107696952678,0.002293297902622226,0.0035242876547690828,0.012790988470706432,0.0021712506466537193
A0AQW4,0,356,U,test,0,0.981083976508163,0.008162868539451813,0.000106848652057609,0.00027714431922722354,0.002129411400895017,0.00026861747960786386,0.007331452723925019,0.0003140456452227814,0.00023705408676332913,8.85806446863271e-05
A0AVI4,5,362,M,test,0,0.289070162696682,0.07097818788394,0.005483950089003286,0.1357493417009166,0.04115933229687747,0.25410896847342757,0.006512351878602593,0.1157534583516372,0.04887791782190365,0.03230632880700964
A0AVK6,0,867,U,test,0,0.877183085763626,0.1168733396238462,8.430751826264328e-05,0.0019188302235643804,0.0018309605201205677,0.0005328399165926342,9.259369171694726e-05,0.000995476038535095,9.259369171694726e-05,0.0003959730120185591
A0PJY2,0,475,U,test,0,0.9544495381335094,0.03476582263986396,0.0004111220237349688,0.00791030237698929,0.0016974100314822939,0.00029612007796038796,1.5783660031798958e-06,8.753293729069731e-05,6.242557990931831e-06,0.0003743308551748349
A1XGB4,4,166,M,test,4,0.0001414293473087935,0.00029940593891926947,0.006536014670343797,0.0002443680358485591,0.8254428882969312,0.02148774022975485,0.0009894140267904473,0.013135192567344987,0.12857919590315034,0.0031443509836077015
A1Z9P3,1,1576,S,test,1,0.3285142343702287,0.6234104402663165,0.00011731179883554544,0.006355162798505646,0.017207774845672943,0.004300118319414058,9.42626741159511e-05,0.010601401785816787,0.008353704410149538,0.00104558873094429
A2A8L1,0,1946,U,test,0,0.9096530691772695,0.06852000963732137,0.0006561855564176551,0.0037760869665817943,0.007778352605723227,0.0040829237621794285,0.0014787369899196847,0.002344626006107939,0.0009547443495040253,0.0007552649489754082
A2A935,0,1275,U,test,0,0.722518564784589,0.23456743408718772,0.0012118136535646214,0.0022288663359498135,0.025985736454341473,0.007138877656368981,0.00026620013578697137,0.0031432053140105793,0.0024864799395153112,0.0004528216386855102
A2A9C3,9,3431,U,test,0,0.6023514437238274,0.2845306789606568,0.0041874462546158744,0.04304169183964649,0.013307675701494465,0.031183952104292267,0.00010483066560445743,0.0052934275890134655,0.005634824343487357,0.010364028817361318
A2AMM0,1,362,S,test,1,0.3625962372451219,0.4305936674330716,0.01722591481641665,0.019826907082918732,0.10531562502148699,0.02211851024485347,0.0013179827634571626,0.03230819687375907,0.005906789013914287,0.002790169505000123
A2APC3,1,461,S,test,0,0.5893375894148052,0.1576913898730117,0.009451625901687515,0.08837050975429771,0.06044026112803349,0.028217339986762985,0.0021421534549752952,0.04202960446254445,0.016849344655112404,0.005470181368769314
A2AR95,4,345,M,test,4,0.03553930494905494,0.016334761841467826,0.1221212365513152,0.0048854633154220865,0.6811375400288627,0.059400997630214926,9.57968366954372e-06,0.06347951645603778,0.016398693414476112,0.0006929061294788352
A2AVQ5,3,414,U,test,3,0.04582334111993483,0.3897161036301432,0.0002811248521400137,0.5495878071512569,0.005430227352585581,0.0037030935302333826,0.0002559670926804215,0.0027734889774953062,0.0007067477832850882,0.001722098510245241
A2RV66,5,269,M,test,4,0.030937947385899615,0.01646012716575233,0.029271802084141985,0.006547387772047293,0.831154774687797,0.018362601144930882,7.742589788957562e-05,0.05482060141582904,0.011948772007190724,0.00041856043852161844
A2XFC1,0,442,U,test,0,0.5315883519901938,0.2268540609591411,0.0009490862300617325,0.09456684020930364,0.0106101059305423,0.013946719780366375,0.03082152133074128,0.026260264915744666,0.01722190266457096,0.047181145989334136
A4D1B5,7,854,U,test,0,0.5735129382024016,0.29292176522437463,0.0032036170907121337,0.035396897932453215,0.013700131957698869,0.03948809388297856,0.0006019418055736441,0.024711019565957625,0.011181722909953843,0.005281871427895985
A4Q9F4,1,727,S,test,0,0.7125541639141341,0.1815749424993346,0.007915762332356018,0.027736861536438822,0.043636203249068174,0.006562396949665404,0.0054404177316320045,0.00698563556661418,0.0028668989248752256,0.004726717295881557
A5D6W6,5,292,M,test,5,0.0002786583411005924,0.00042490323710506824,0.003816824217490431,0.01697269950200224,0.06306123445733292,0.8437499419728696,0.0001256011546628805,0.037950917105036494,0.014978355882880675,0.018640864129519118
A6NNB3,4,132,M,test,4,0.0022652137315638866,0.004133942492614012,0.0025468480034094854,0.011414182249810743,0.8996844195067082,0.04881226218969897,6.734303242848317e-05,0.019645048094417937,0.009462688947919167,0.001968051751429125
A6XGK3,2,422,S,test,2,0.0005841753228346422,0.004183700103843015,0.9034275380765174,0.0026593212302222194,0.00676433970558786,0.024936988644615563,0.0029666870357035187,0.011439305513304123,0.0375813716280281,0.00545657273934354
A6YSL1,6,525,S,test,3,0.23563000729878672,0.03986135898989209,0.0012757226451177621,0.5741483610585796,0.0045940536405927644,0.009801890771803124,0.11528635108235219,0.0031574438553957176,0.002204251025880636,0.014040559631599427
A7MAS3,1,351,S,test,1,0.22287061395364602,0.5304781695738776,0.02294623436506401,0.09576188594546381,0.006836092903537808,0.04388581879649649,0.007746307966368124,0.030162255649226612,0.020730195180881858,0.018582425665437698
A7WNV3,2,70,S,test,2,6.896641575223885e-05,2.6326599221255514e-06,0.9962412265963627,0.000304889018329973,0.001684008455205473,0.0011000940586367975,2.103356889533758e-05,0.0002562413305403367,0.00031827523643286355,2.6326599221255514e-06
A7WNV4,2,70,S,test,2,5.2919539037916705e-05,1.5012118541851236e-06,0.9970165578276411,0.00031389107154386925,0.0012524228186885104,0.0008777540719512936,3.062748173254792e-05,0.00021934538572954755,0.0002325816624178467,2.3989294032269824e-06
A7WNV7,2,62,S,test,2,0.00034661123590631204,6.105202056630253e-06,0.9936509212102435,0.0004263390798238557,0.0020985143565703814,0.0021399039594500774,5.7026511732930464e-05,0.0003155931026130771,0.0009555067021286222,3.4786394746809326e-06
A8B5P0,2,69,S,test,2,0.08479101617516702,0.00886736107679931,0.557243433499743,0.18959253445641652,0.055824953014948483,0.05269938587585313,0.0035271923352502336,0.031192874169380422,0.015202194250107746,0.0010590551463340783
A8E0R9,1,1083,S,test,1,0.30366932779282685,0.5673289789219307,0.0015935104741528568,0.004610975186933207,0.10659795800662568,0.003763368050209278,0.0001553327572890471,0.005518614677204983,0.0056494845886097865,0.0011124495442176657
A8IVX2,1,524,S,test,1,0.2248287586847419,0.6979527879771804,0.0008045488866206532,0.009801411734820619,0.012103127917963969,0.013822204988975443,0.0013264767697858245,0.017269340805663835,0.019799395857476754,0.0022919463767705627
A8MQ27,1,555,S,test,1,0.40112725857541526,0.5231685763282653,0.003932513390454143,0.030156126965536507,0.027403888015285722,0.0043870356049554304,0.00012252119196542124,0.0012767000894206015,0.0014694729239263047,0.006955906914775367
A8MUP2,3,240,U,test,3,0.028788408879501865,0.07322716869381087,0.003896087491294841,0.8027936987710004,0.021477461320012128,0.038138442556188,0.000305165135767055,0.0173251707082578,0.004554987516701246,0.009493408927465852
B0BMY1,8,293,M,test,4,0.00022920028265932595,0.00028082209432174916,0.001318956682766904,0.0038464610621484793,0.4209297759694108,0.2717727037052346,0.008352360418810994,0.07909036172693244,0.21165678712668246,0.002522570931032283
B0FHH8,2,151,S,test,2,0.00017244171187283294,0.0009923335338430635,0.9454670713883265,0.0014551610474857612,0.020404218121782065,0.02423060541532036,0.0007728301705985836,0.0017829005685625879,0.0046516680972655145,7.076994494274344e-05
B2D6M2,0,612,U,test,0,0.3344954974974949,0.3331914373435741,0.0779129450347163,0.026302252480179176,0.021134453674410515,0.07233972476917798,0.025692962656623734,0.025692962656623734,0.07976059952114432,0.0034771643660552426
B2RNN3,2,333,S,test,2,0.01652284833516354,0.016045802579282037,0.6434559571491408,0.002180062615161404,0.2900283223689141,0.007974337475878992,3.415328914120997e-05,0.009885532396494002,0.012302743723190828,0.0015702400676330583
B2RXS4,4,1842,M,test,4,0.012224481746409565,0.09085819404965172,0.1700773152042228,0.0196878788224182,0.38029245574945303,0.17754461452161924,0.00023100650559482321,0.048348759619122064,0.09920522062598071,0.0015300731555278261
B2RYG6,1,271,S,test,1,0.38550675863380346,0.5787141465411246,0.00039216746027178316,0.009030903911657917,0.0019303159098815214,0.007938673914997474,0.00047304424223613414,0.00663301039035705,0.005542087504962225,0.0038388914907078525
B3A0P0,2,47,S,test,2,0.20576885611788315,0.01670344009495446,0.7410021521232693,0.00126238599674085,0.03180316877247313,0.0010630355821292176,0.0013438027993554528,0.0004501175485297525,0.0004295051968965734,0.00017353576776816997
B3A0P8,2,318,S,test,2,0.0015730580465445974,0.003671784345991225,0.967675189655147,0.0025137394628630245,0.0185017488914759,0.0014435192280838095,0.0001849622457711228,0.002270974406170255,0.0019885315161342746,0.0001764922018187679
B3A0Q1,2,203,S,test,2,0.001610875279600819,0.0010279421165381468,0.979393908625195,0.008277130818424927,0.007991194313641642,0.0006741409541436273,9.41311688364288e-05,0.0006794283049581648,0.00020241381256943765,4.883460609177378e-05
B3A0Q2,2,296,S,test,2,0.004426182598259936,0.01631728517300524,0.9191735743870496,0.0008251830371649399,0.033480896675168154,0.007045443917883556,0.00016504698876904195,0.0025817695333735587,0.01497358231051779,0.0010110353788081524
B3A0Q4,2,185,S,test,2,0.0014288665791341003,0.00031634212115797254,0.9729367062929437,0.014544225583920826,0.0037816034814837627,0.0029204137258960127,1.0491592991647487e-05,0.003142339270847104,0.0007829542972164804,0.00013605705440841197
B3A0Q9,2,121,S,test,2,0.0009329713680454825,0.00028232589927364225,0.9243186148188977,0.00023774225055979856,0.050542108889396004,0.010429953261032198,0.0002098067787282118,0.0019293472936054129,0.011102627069906968,1.4502370554648692e-05
B3A0R3,2,264,S,test,2,0.012628684772671032,0.008764736083959904,0.9332799423174097,0.02477410622493216,0.006071155417313674,0.0055712055890760875,0.00013051139360046424,0.0028790351777448126,0.005172688904056469,0.0007279341192356457
B3A0R5,2,214,S,test,2,0.00048761574676980116,0.001048538568678461,0.9096159058334056,0.009075700025416387,0.0352696355727439,0.011910865647208481,0.001389087949866859,0.016337958591808678,0.01420853336280429,0.0006561587012975877
B3A0R6,2,513,S,test,2,0.0009189362473530058,0.0009705900733164072,0.8289410218811026,0.00015118877756712241,0.15096136466665946,0.003182442528813262,0.00012148359012058146,0.004240827505443066,0.010475668736317719,3.647599330672888e-05
B3A0R9,2,119,S,test,2,0.0011519228077895868,0.0018264424183900626,0.9761536091529457,0.002255355138765962,0.0016760376555712152,0.00537345729271475,0.006074077336398073,0.0005398952948165627,0.004636735458654985,0.0003124674439531406
B3A0S3,2,489,S,test,2,0.0006027964351623348,0.0007385616701968762,0.7850121780441092,0.00014543140283993164,0.19540498963329717,0.003592974471856443,0.00010475030912430451,0.004333954728548736,0.010037461199449293,2.6902105415765978e-05
B3A0S4,2,195,S,test,2,0.0019814814378912196,0.0021092758913656244,0.9129282207536807,0.030754372381311405,0.03539806965839547,0.00911764890828207,0.00016912912489551292,0.0061995070233694565,0.0010360415294017157,0.0003062532914068367
B3EWF4,2,109,S,test,2,0.0019482855010236647,0.0010028913396489432,0.9781858932936814,0.003017563609347658,0.009740813647125585,0.0026319653293433525,0.00021520259932686773,0.0016406208762344881,0.0015412205848943546,7.55432193736176e-05
B3EWF5,2,111,S,test,2,0.005604324794997632,0.002135487247667152,0.9536123757180202,0.00459201907807426,0.016074746653936153,0.007366746109838535,0.0006563949203383206,0.004213873711987112,0.00567038629838878,7.364546675189696e-05
B3EWF6,2,108,S,test,2,0.004503846638021613,0.0007409992983366987,0.9649915703422831,0.002212215216854982,0.01482534409834095,0.004936856221894023,5.284560761498977e-05,0.0037047634864166576,0.004005804195692185,2.5754894544805293e-05
B3EWT2,2,40,S,test,2,9.1804973636769e-06,1.9741172891502723e-05,0.9953317843963588,0.00026934357107924077,0.0034522068250534663,0.0004423411562430987,1.2946577440827604e-05,0.0002631042048416036,0.00019174069861805607,7.6109001097355114e-06
B3EWT3,2,51,S,test,2,0.0016988820678829903,0.0004905553844069531,0.9741184534949487,0.01663020307555261,0.002672716763244442,0.0007026881237157755,0.0022683051012825626,0.0008476037092704761,0.000342462854075383,0.00022812942562005817
B3FIV1,2,99,S,test,2,5.544894695665025e-05,9.78732081979375e-06,0.9968321696400382,0.00023898484645940086,0.0013381674789640849,0.0005470417622488211,7.819554626447585e-05,0.00027614648344430787,0.0006195770131168758,4.480961687437732e-06
B3VZU0,2,67,S,test,2,0.00011558962907207142,1.8683322962656787e-06,0.9970400146480227,0.0003536155417842314,0.000421263731374125,0.0014989890074774731,3.7526455064909054e-05,0.0001052455525026413,0.000422396598021139,3.4905043844274464e-06
B5A9S9,2,59,S,test,2,0.00524191967145067,0.0003005326084349515,0.9686718988610339,0.0037996553999810685,0.002626808774209512,0.015175404659918375,0.00016596985770811799,0.0009931371119095552,0.0029882143129460934,3.6458742407803876e-05
B5BUZ8,1,675,S,test,0,0.6089807845920286,0.31593508032186723,0.0016839828145114757,0.032591525985048976,0.023246664924639403,0.005521567160782253,0.0029554821556551677,0.0034553085539230696,0.001396070838819922,0.004233532652723832
B5X0I6,0,1091,U,test,0,0.649163002068267,0.2835983311210439,0.0011233428860722673,0.008563927300007252,0.015326603181951767,0.00890507541272316,0.001559607088918503,0.01805915295211174,0.011169466092517837,0.0025314918963865035
B6GX22,2,445,S,test,2,0.00041361326430954356,0.008588115084045458,0.8880704983288094,0.000447222572741898,0.011222912430760717,0.027453362136171146,0.005754537170672925,0.015257728873576716,0.04057343832911746,0.0022185718097948266
B6RGY0,6,260,S,test,6,0.0007509725871350976,0.0005940681933377952,0.000998770919646756,0.009815142343712712,0.0010144992114678143,0.0004312472528312765,0.985649988269061,0.00016114531659677152,0.0002535171769035283,0.0003306487293072234
B6TVL4,6,395,M,test,6,1.8148903912835545e-05,4.562633802675026e-05,0.00037135734706278655,0.024769299209121336,0.00019896748177444934,0.0002635890994361516,0.9740667990257014,6.044507270568002e-05,2.810957291404658e-05,0.00017765794934456933
B8B0E2,6,1246,S,test,6,0.0016575856008383609,0.0005277306732681549,0.0004046251384539308,0.0083198425659363,0.001363492560460245,0.0016255249378660807,0.984447710188663,0.00018237883202961892,0.000732681533809813,0.0007384279686745227
B8YG19,2,671,S,test,2,0.0013049642449865868,0.026937500325904678,0.9239663077272321,0.0010323116569606141,0.012674766037879507,0.010304512005008697,0.003988291893666872,0.006177187161214839,0.01125117435231321,0.0023629845948328486
B9DFZ0,6,386,S,test,0,0.8150508691924616,0.09108965499808627,0.00046510154487036036,0.05812672306060306,0.006370564216369752,0.005755325096239918,0.006781430193156225,0.007218794158834649,0.0006357184953183574,0.00850581904405981
B9V5F5,1,649,S,test,1,0.12995595981727565,0.713598595336153,0.0005742563407111654,0.028235619348221105,0.02072328848284556,0.004660257049269894,6.442978214768949e-05,0.09809590688673887,0.002455782796831877,0.0016359041598051822
C0HJQ5,2,57,S,test,2,0.00046248022185048,8.622122237161635e-05,0.9699902778418419,0.0003804258456657983,0.022811985677895077,0.0028846828616803147,0.00017970044503055408,0.000750679553710258,0.0024392494512014643,1.4296878752583033e-05
C0HJZ6,2,66,S,test,2,0.00017130976511584353,1.0368639208279709e-05,0.9920570257631,0.0006657373380240115,0.001730167282608791,0.003550072395538431,6.15614482341132e-05,0.00019110984550908456,0.0015600259200112523,2.621602650224519e-06
C0HJZ7,2,66,S,test,2,0.00012069112098307368,1.0382373657588377e-05,0.9933710907852429,0.0006562842501938589,0.001453189239760138,0.002970125877483545,6.561862139447404e-05,0.00013359289218349435,0.001216558809113519,2.466029987402943e-06
C0HJZ8,2,66,S,test,2,0.00022722818733597304,1.0062012175702395e-05,0.993279342362575,0.00042784767528466,0.0014333241056533443,0.0027682062564799506,5.5251319853162406e-05,0.00012258040853344168,0.0016724560645757051,3.701607533116778e-06
C0HJZ9,2,66,S,test,2,0.00018842979343128407,7.838425400154528e-06,0.9935483187648423,0.0005538259200694925,0.0014879159639335628,0.002768955850482238,4.9540372114478205e-05,0.00016117252866567648,0.0012311187854058216,2.8835956550354515e-06
C0HK00,2,66,S,test,2,0.00015979124267113194,8.6019867944352e-06,0.9927590420746064,0.0006913955225041922,0.001533927943091308,0.0030386868615960494,6.356056447901555e-05,0.0002019950732564082,0.00153993159797219,3.0671330288501917e-06
C0HK01,2,73,S,test,2,0.0002282616932717457,1.5055489777168228e-05,0.9900322597445586,0.0006426813419056822,0.0023234427069513948,0.004240208533337522,6.240328016516522e-05,0.0003193955747609849,0.0021321108766275106,4.180758644237895e-06
C0HK02,2,73,S,test,2,0.00020021637139349492,1.1745393929056279e-05,0.9917349543121622,0.0006313346679090871,0.002110895198048823,0.003282214586509804,5.781285462563822e-05,0.0002736633431672648,0.0016928423834886045,4.320888766095375e-06
C0HK03,2,73,S,test,2,0.00018405208141248955,8.343383162240436e-06,0.9934795880329483,0.0005713667364325736,0.001851613244098795,0.002277523230001675,0.00010164321209806936,0.00024382941247486528,0.0012775747760879954,4.465891282916994e-06
C0IW58,2,330,S,test,2,0.0010043428075859056,0.008024170086789439,0.805798175295926,0.004644033978239266,0.01370299611503432,0.019267790075588827,0.016691176269352365,0.004066451930168701,0.1188391376020129,0.00796172583930231
C4LY96,1,1151,S,test,1,0.20579453149227578,0.7527651364849399,0.002550407868341847,0.024062099449115238,0.0032240173834883175,0.002250726907080388,0.0032747884307975615,0.0009680256519810819,0.0020815822060357508,0.00302868412594411
C4M1E4,1,1153,S,test,1,0.1905799786675148,0.7362975978755621,0.0027397986967166,0.04991033640080556,0.0034634300999626493,0.003924580092070947,0.0034097346932726283,0.0013562986617999173,0.002826769329937325,0.005491475482357396
C5J888,2,75,S,test,2,4.797086476648581e-05,7.130231867244677e-06,0.9926106698762509,0.0014074010533141187,0.0008627458455165046,0.0038406859677173233,0.00014210002244155438,0.00046592813061096714,0.0005982634695019348,1.710453801296663e-05
C5J8E3,2,62,S,test,2,0.016199603860669463,0.0004233549164232221,0.9378411280270096,0.004079932858910581,0.009393941717677438,0.0190133827102609,0.00223561867815126,0.0029617136214821456,0.007803076501097525,4.8247108317922456e-05
C5P3X6,2,276,S,test,2,0.001597793228220583,0.002235714864276413,0.8810580579486208,0.0007315231076676755,0.00798846334331615,0.0134370805122391,0.004770129565287044,0.0093212362702737,0.07520261583306444,0.0036573853270340643
C6Y4C9,1,138,S,test,0,0.33827052322872925,0.2985226915819747,0.0014947678629999715,0.13403013975840675,0.026495395385199967,0.022311360070227864,0.002623399317876922,0.15366630757024186,0.016580394333116935,0.0060050208912258325
C7AU21,6,278,U,test,6,0.0015755327629482989,0.0030132854274957294,0.003207625678769012,0.12036526542254657,0.0264407422392,0.00899600914877772,0.8289986486334439,0.004488275512839047,0.0014345390194978615,0.0014800761544819024
C9JLW8,0,97,U,test,0,0.7252236877390243,0.16958515983726907,0.0012947986156470088,0.06336934357745316,0.0017423420868320967,0.004380247254718545,0.017324213589974793,0.0021683798055614667,0.0006613184480934705,0.014250509045426085
D0VWU3,2,499,S,test,2,0.00034957966441523646,0.003817520974674873,0.8115745057132326,0.00044191008076861516,0.0803567605292232,0.011781781723600632,0.018123661809662288,0.005057393492417497,0.06507488236162723,0.003422003650377737
D0VWV4,3,169,M,test,3,2.943687617359771e-06,1.6512592885474297e-06,7.516969901284037e-06,0.9985286390505468,1.0436278736666223e-05,0.0007259459805168301,0.0006018303475237565,2.9498832326760344e-05,6.429605148061496e-06,8.510798839396636e-05
D2CZZ9,8,281,U,test,2,0.014282429893431514,0.03023590397822374,0.5660699129831889,0.09222243921650619,0.055179559863484454,0.1422887176620479,0.007237983089558887,0.036329270178909315,0.05369118342313396,0.002462599711515143
D2Y171,2,76,S,test,2,0.00013051566896797785,1.93994229768365e-05,0.9935039214541352,0.0010025596081193525,0.0032624808945068543,0.00023818691073551715,0.0005516421227001869,0.00031802129761611853,0.0009509440202650152,2.2328599976918083e-05
D3Z3K2,0,276,U,test,0,0.9457611335605541,0.047828178316709026,8.276417700473237e-05,0.0031057025423481916,0.0002016675112050958,0.00044048230717771373,4.430047143072533e-05,0.0019283747317192226,0.00025894617720836986,0.00034845020464281304
D3ZAW2,3,406,U,test,3,0.0023842828405916715,0.0049692722118363,0.0017997511587381106,0.9036104524472337,0.011154768797597962,0.06394100079786415,0.0021372572153135192,0.005167225287344526,0.0009049717182024798,0.003931017525277616
D3ZD32,0,1948,U,test,0,0.9277301222652949,0.06071424738173296,0.0002540093661813141,0.0015559960807431015,0.0041155486226210885,0.001804986927709723,0.0004896159139339018,0.0019213988783609293,0.0006904691397271862,0.0007236054236948547
D4AK17,2,305,S,test,2,0.0001769025101891698,0.0019318314629145805,0.9400833197655254,0.0005800409676435024,0.005069855107194373,0.010901901811315982,0.002519583315772422,0.012845580395806782,0.022108642263442023,0.0037823424001957647
D4AL26,2,365,S,test,2,0.002218211891018056,0.011851834476822814,0.9232974190585431,0.0040166627486354755,0.016551341040656985,0.0037148057503500896,0.011155535845055912,0.0013454134374454008,0.01074914767184098,0.015099628079631184
D4ALW9,2,271,S,test,2,0.00043940464521170563,0.0010875368935145634,0.973395444055887,0.00011643062772072752,0.005822034416630234,0.0020477217143541047,0.00042588553793070354,0.0016647860950085092,0.014325488955266552,0.0006752670584758905
D4AMW3,2,190,S,test,2,0.000504786162359544,0.0027023289154333337,0.9868366985969421,0.0011112017392774585,0.004836276770435796,0.0014492803413516748,0.0003931278003843941,0.0006635288189400703,0.0009654288558458121,0.0005373419990298206
D4AR77,2,930,S,test,2,0.015133763480243343,0.06612437883427653,0.5211254295197962,0.04625250715642926,0.04227821477724538,0.0663831896493384,0.14246775037415255,0.01610980722175213,0.048661928034755345,0.03546303095201086
D4AS12,2,422,S,test,2,0.0005522872737741587,0.004080882345611719,0.9091981760006409,0.002399026678257888,0.006470481943824022,0.02276133214805266,0.0027397743293906584,0.010730712805101588,0.035948753794264605,0.0051185726810818125
D4AS41,2,588,S,test,2,0.00044390407437968184,0.004518435294042195,0.9383314163418435,0.002963262116533677,0.009426427916211465,0.007080782603758458,0.0044657936829923086,0.0020686902376399483,0.013715372291516379,0.016985915441082425
D4ATH2,2,417,S,test,2,0.0005908551289212047,0.00264802896419396,0.8856444203140788,0.005605876812887448,0.03407292380637821,0.023601624699793135,0.007114228201768308,0.010310786594994277,0.02280855883796555,0.007602696639019159
D4AUH1,2,882,S,test,2,0.0057458941417238086,0.028337573406220926,0.7069680502936422,0.10426366186174288,0.010243163104239957,0.07264574291560431,0.004838527925302025,0.023538602012575908,0.025650914376933773,0.0177678699620142
D4AUX6,2,442,S,test,2,0.0004982233361184464,0.0037102737729330865,0.6799662501840902,0.0005060692629089874,0.17192239534998457,0.02736192858209539,0.006562805534403882,0.03660439215712823,0.06946292307701825,0.003404738743318996
D4AWC9,2,495,S,test,2,0.0007388118762127699,0.01340631156837849,0.9180832187599361,0.001772317623450507,0.012326374092490931,0.021339702135765973,0.003993979310667097,0.0021378230951846246,0.023391346225217647,0.002810115312695857
D4AZ24,2,909,S,test,2,0.009343898942171585,0.04910217643810601,0.8216266708600025,0.005985926426816047,0.018655292863541215,0.03886198661161574,0.0047352579863300355,0.007807119822195916,0.024331089335783287,0.01955058071343769
D4B1Z7,2,565,S,test,2,0.0005060524806318162,0.006140946705492739,0.9149643622132483,0.0033781311234318523,0.01455263118294072,0.01674179813195855,0.013051265546079613,0.00343132896994045,0.01684841035748474,0.0103850732887912
D4B528,2,373,S,test,2,0.0015096007843788386,0.01372030017305147,0.8588507836335767,0.004266986020430662,0.00976722762642166,0.0320255073216814,0.009615802014717498,0.019730344070326238,0.026292063456384226,0.024221384899031303
D4B5D3,2,197,S,test,2,0.0016934562627860888,0.01045503971200465,0.8113070426916716,0.10314610977516026,0.018821027817880122,0.014859607055075073,0.008206255102619076,0.0074718792860128565,0.01291025104627698,0.011129331250513207
D4N4Z9,2,424,S,test,2,0.00876187484836027,0.016021403532110165,0.9113628361854629,0.009110908453051864,0.01592780189323126,0.02878524763141598,6.715956617795722e-05,0.0020249927231389313,0.007672153921653006,0.0002656212453976901
D6PVB4,4,321,M,test,4,0.0352125633779205,0.10719871351246336,0.011080125010099452,0.012953977795758256,0.48609444127529133,0.14036069073554575,0.0014878622821886689,0.10369781961253552,0.09703529401836807,0.004878512379829098
D6PVB5,4,320,M,test,4,0.03314378574213648,0.09241097668965063,0.009645391515000426,0.012979291728490078,0.5391089465159651,0.11168684365689532,0.0012553540628853707,0.10090065273782829,0.0935002888551176,0.005368468496030688
D8QLP9,2,393,S,test,2,0.0004912214648758848,0.021592432067461188,0.6704101965217457,0.0019734135151702648,0.023301433308927758,0.0449146841624725,0.10201065110013541,0.015341261392004191,0.1120367937035609,0.00792791276364622
E7EKD0,2,62,S,test,2,7.231502002456806e-05,2.1165382417708297e-06,0.9967764694402474,0.0002882546591032854,0.0012818143871849508,0.001122394186950601,1.4018905897441756e-05,0.00015429159564383005,0.00028657059494379024,1.7546717622631936e-06
E7EKD4,2,59,S,test,2,0.00036738859301399193,1.2869468308486452e-05,0.9894036787725032,0.0005847965218375727,0.002065200744484086,0.005232634876213308,1.872496570788185e-05,0.0008230860722113196,0.001480262719812348,1.1357265907714875e-05
E9QAM5,0,2947,U,test,0,0.5161114736436729,0.2308193358143949,0.0067556907668658754,0.1656047639371893,0.02610032534500288,0.005428350791476474,0.013021936148974659,0.007775753443205716,0.007079903700634744,0.021302466408582507
F1LW30,4,956,M,test,4,0.0072223413065828825,0.022420859173450818,0.2354630803263442,0.017875467040097764,0.6450750352052232,0.04575259273589269,0.0004371371147075712,0.018228028487943106,0.006524841751264496,0.0010006168584932131
F1NZP5,4,252,M,test,5,0.0004744351574015507,0.00013806850030589177,0.00012970334542359088,0.016724415190516272,0.010303613055982683,0.8185173621462914,0.002525009040557731,0.1255237157933522,0.005011781697080254,0.02065189607308834
F2Z699,3,582,M,test,3,0.002423525007860883,0.008830324449580656,0.00047350661633030835,0.9256864474709864,0.0012871244256409166,0.036457988138268865,0.006985361452823335,0.004090472918219553,0.0006573988136383405,0.013107850706650777
F4HQA1,0,589,U,test,0,0.9336972529619856,0.05392475996225873,0.0006630878563880474,0.0025024674020568847,0.0020584735816893906,0.003042226791357289,5.977918578228165e-05,0.001964209071867396,0.0006949101581995331,0.0013928330284148386
F4I2J8,0,716,U,test,0,0.8616546690021,0.10700943700204772,0.0006215614785582934,0.005123585861996085,0.012006126960452678,0.00608440937640005,0.001884862002820511,0.003439813029550334,0.0018268708804258951,0.00034866440564842386
F4I443,0,714,U,test,0,0.8446037605360992,0.126523760485249,0.00015893540385848858,0.008711542765068617,0.007193966163369611,0.003217340384552778,0.000943642964429168,0.006918369192439357,0.0007701789577925413,0.0009585031471412629
F4I5N6,1,220,S,test,0,0.4758689218156927,0.30724408025718875,0.002135909312087035,0.004247762563008867,0.18781454129523587,0.0061804584613842995,0.00014087849737360757,0.011959773022444099,0.0038676323259474632,0.0005400424496373506
F4I6M4,1,821,S,test,0,0.5495433528760763,0.269926623726142,0.00041544196650793587,0.025107084431902592,0.02033234098288993,0.012046512536907545,0.041637846951689296,0.03980878911252044,0.02147522832354741,0.019706779091816593
F4I8Q7,5,416,M,test,5,0.0003912202143046035,0.0006866129874719976,0.00040363890534008437,0.019146892045029194,0.05540336714499227,0.6340579612888578,0.0009239386455454002,0.22964058953156363,0.05497221697241943,0.004373562264475518
F4IPE3,0,445,U,test,0,0.9325647738403157,0.053440219440476174,8.963034430244949e-05,0.0034973345834064733,0.008689865272600805,0.0003657477417327849,0.0002183979618594455,0.0005576987042107965,0.00022183721963407906,0.0003544948914613738
F4IUY8,0,1006,U,test,1,0.44697019337488036,0.514459548995728,0.001490880614789597,0.006425692682550971,0.009132750307769182,0.00434784124366196,6.972941609419734e-05,0.01298025619469485,0.002536073087406497,0.0015870340824243423
F4IVV0,1,224,S,test,0,0.5173373781358533,0.4156922966282493,0.0045463298121933724,0.016564950228349255,0.03301177150218003,0.0062140961664068845,0.0005963487158674461,0.003485792058709053,0.001365055785985788,0.0011859809662054957
F4IW47,6,741,M,test,6,0.0013482897712855462,0.007865678482612045,0.0005798921311447964,0.04194406400582793,0.0009787533154122713,0.0009864298581133378,0.9398421601673209,0.0002782353245350702,0.0005117530212339267,0.0056647439225141925
F4J8D3,1,1176,S,test,0,0.6366945465744478,0.24355737014110027,0.000689468057568943,0.03132985061136049,0.006749140223092901,0.01148067328869198,0.041424322769705486,0.011938011386134493,0.005683345285732335,0.010453271662165297
F4J8K6,0,1920,U,test,0,0.7322992043145717,0.16858485241470844,0.00045895142558824914,0.027628432796087236,0.0037245242636395146,0.019363244881075263,0.019363244881075263,0.01819008391779536,0.005679221324596964,0.004708239780861981
F4JCC1,0,992,U,test,0,0.9289275272032924,0.06522094689592159,0.00013194840409665737,0.0007022475503363416,0.0014409184252045515,0.0007022475503363416,1.4574683280039162e-05,0.002032020667673716,0.00019807802058738157,0.0006294905992710062
F4JI44,0,913,U,test,0,0.8471932919761733,0.09431275464946931,0.0011779832792632831,0.01533610946224567,0.01671234549929236,0.006220600447509496,0.004242080816897856,0.009710220954782267,0.0019421661476635007,0.003152446766702968
F4JL28,0,234,U,test,0,0.9608004925938838,0.027149551464035943,0.0009774010030098642,0.0026568513301301875,0.0019136583881030375,0.002037078764474537,0.0008899338094178544,0.0024571857893174822,0.0008102939743191307,0.0003075528833082221
F4JYE9,3,530,S,test,6,0.008521021649544701,0.031970125838973476,0.0003355988130728172,0.3797112839582846,0.0028991313760235496,0.008162638465423755,0.5439112977661027,0.004318243047583199,0.004251295387565834,0.015919363697425446
F4K1J4,0,1423,U,test,0,0.6915094763894982,0.2446465013885038,0.0012938559355302535,0.013588030648571047,0.016910576976351035,0.005279739785383993,0.00641853167837969,0.011622459478854371,0.004807257963251511,0.003923569755676124
F4K2R6,0,563,U,test,0,0.5903043395546667,0.2766700799687007,0.010561346514131799,0.007202212065922503,0.0884290672234199,0.006355930383167139,0.007547853361702966,0.004300637348907406,0.004950003437954144,0.003678530141426801
F4K5W8,2,836,S,test,1,0.1219378061263948,0.44602996661565003,0.003199152901701626,0.2082350418902734,0.011793796906688006,0.05954391980658582,0.04521024212508516,0.024773169407359696,0.011341983418975575,0.06793492080128591
F4K6F1,7,517,M,test,7,0.0006048371061736595,0.002586560181037231,0.018344196198148963,0.015538139809610298,0.0677587637048995,0.19915408589261022,0.016800733867965108,0.6329103928571809,0.04014574131038699,0.00615654907198718
F4KFS7,5,550,M,test,4,0.1097620401030285,0.08188747416336617,0.006156172919962093,0.0032440753799435123,0.5628878337935697,0.10806033498647744,0.0049466238090654655,0.015476617587365156,0.10453130051697249,0.00304752674024953
F7BJB9,0,942,S,test,0,0.5100417903009746,0.4294982993552128,0.0005108101929179061,0.012375797557118129,0.019931575947025642,0.0038338430570996266,0.0007911582624389864,0.017866548745640663,0.004210652923705841,0.0009395236578657951
G3HIK4,2,492,S,test,2,0.0008301415104721358,0.023262641365163327,0.587772988268318,0.0013474525708835916,0.13426001891601846,0.14403997921307374,0.00036266194319334153,0.026735941986916662,0.07954642485694718,0.0018417493690135716
G5EBZ4,0,1829,U,test,0,0.8819169350274833,0.09151226228319932,0.000829732448106924,0.005850182811795474,0.007453326557717171,0.00470075381018826,0.002118795864866209,0.0032816552364123533,0.0017293108292703754,0.000607045130960669
G5EFF5,0,753,U,test,0,0.9054493165963928,0.07374541345729917,0.0005007898938478043,0.0021584033627319436,0.011982894314517739,0.00140449996230377,0.00011894802987392977,0.002623951487040443,0.0013827251751897115,0.0006330577208027134
G5EGM3,0,1744,U,test,0,0.7739850281778395,0.17135544289800095,0.001298133532980752,0.00922451935344794,0.016252898288943676,0.009152732083610608,0.0005411426119381818,0.010210611069978932,0.0071281552405093275,0.0008513367427500672
G9M8X1,2,687,S,test,2,0.005710306314095134,0.028717507215458002,0.8343455406775487,0.0009617724710933388,0.030509980851335067,0.035254216058776607,0.0001013700701705083,0.001973428905289482,0.062358350411778764,6.752702445432984e-05
H2A0K6,2,238,S,test,2,4.465957280942674e-05,0.00020330221573975772,0.9836925187134631,0.013814080392759987,0.00011053350226465003,0.001898973233254856,5.386972362616511e-05,4.396718905058624e-05,0.00011858513510183534,1.9510321929624754e-05
H2A0K9,2,223,S,test,2,0.0005685157211046519,4.282369140011769e-05,0.9885223818135733,0.0028202800661792362,0.00016674513853968668,0.0007923952423983247,3.606116556846943e-05,5.4134221754048996e-05,0.006557347994707945,0.0004393149447742476
H2A0L9,2,332,S,test,2,0.0012815282724105152,0.0008671254065796034,0.965893271902326,0.007623659473017085,0.0022845710706192587,0.011422136837727512,3.5235658409010144e-05,0.0008739263314964281,0.008020795909293634,0.001697749138120981
H2A0M3,2,781,S,test,2,0.031586893520620433,0.06506576516328479,0.43946353460544185,0.14114849545445143,0.05719647668406927,0.1439324049489391,0.003277618967769666,0.0563097197399513,0.05653011164360898,0.005488979271863182
H2A0N4,2,1014,S,test,2,0.00863405449623685,0.003768257270332095,0.9550549227966052,0.0001610998079630506,0.022993379391081925,0.0019171340102255234,0.0012971977131424083,0.0007449180460733856,0.00537673501633763,5.2301452001977025e-05
H2A0N6,2,100,S,test,2,0.00025347512548735073,8.038504355938543e-05,0.9932157339355351,0.003365067218059612,0.0005021301904393642,0.0016432089744873755,1.8218785305614625e-05,0.0001264634337332999,0.0006009711755319012,0.0001943461178610243
I0IUP3,0,830,U,test,0,0.5763972054518949,0.27872748386672425,0.0012220710578128187,0.09372741388772504,0.011063728959374531,0.010723333337618582,0.0017233965498604951,0.008549387004671453,0.008549387004671453,0.009316592879646453
I0IUP4,0,1169,U,test,0,0.7400447411275931,0.24404087099460117,0.00010348906318695598,0.008125375333580154,0.0025269755656395316,0.0017232475292647148,0.0004937186791882523,0.0013007754954018171,0.0002561378739267799,0.0013846683376175404
I2C092,2,855,S,test,1,0.05763615129421635,0.7083505050013721,0.008508486046992907,0.05191759951303488,0.0035468648528254564,0.027573228871048718,0.05237591826959779,0.006224941219818068,0.006836761034294311,0.07702954389679939
J3KML8,7,504,M,test,4,0.002033655664571177,0.003904691472567782,0.22429453224114845,0.0002177212047472361,0.6908757943062975,0.0627728446264547,1.6623218108704713e-06,0.014451128651645093,0.0013653318657897513,8.263764496745824e-05
J9VQZ4,2,594,S,test,2,0.0009736290441600529,0.006010978702741303,0.7224512960774513,0.0033456134903472197,0.0925697569168625,0.03747468951458459,0.03187431511754078,0.01746141974483809,0.0820122614727421,0.005826039918732079
J9VY90,2,624,S,test,2,0.0010889030604650134,0.006936056123010281,0.7954601701957954,0.001767464111071931,0.04833420772901581,0.031085245532006953,0.02927326804325792,0.0117526306674013,0.06763171452627686,0.006670340011698513
K0P7H2,2,125,S,test,2,0.0003991724617981604,0.0001526970664205679,0.9942122823495784,0.0005717880869775252,0.002869949773144265,0.0003182480426810224,4.3748442953261475e-05,0.00028085291104619644,0.0010682409123820506,8.301995301854007e-05
K4C9E2,6,498,U,test,6,0.007557034807166073,0.005416614360918007,0.00014834936586436117,0.08984310000444273,0.0005511847447374508,0.005188798893880144,0.8794659200429057,0.00046414412445636285,0.0009087500330102368,0.010456103622618972
K7WDL7,1,388,S,test,1,0.033420349966841845,0.5187139443475798,0.012488272809576411,0.16709126314215578,0.009136616133234812,0.13013079592787555,0.02522700619587853,0.01019263067962897,0.004248920772704398,0.08935020002452396
K7ZGS2,2,63,S,test,2,0.0001733653822325826,1.4090298197196672e-06,0.9961482580073787,0.0002157566841491684,0.0012810065322954147,0.001194029383165798,2.8746798244945054e-05,0.00041466524766181677,0.000541353905232066,1.4090298197196672e-06
M9MSG8,4,2551,M,test,5,0.004734990299439293,0.0032038549722156503,0.00368761419694327,0.016398128511525948,0.14730123035254084,0.47549421724407237,0.005241156680183015,0.2061114956213563,0.13517122291667963,0.002656089205043646
M9P2C1,2,91,S,test,2,0.0002053413715204704,2.0447977810988214e-06,0.9935591537470557,0.004390392329001677,0.0005753320130761569,0.00045556975411492796,4.440818759282194e-05,0.0004700310978161982,0.0002941379706538751,3.5887313870495375e-06
O00267,0,1087,U,test,0,0.8549078854825716,0.1270707123207589,0.0003625360614773895,0.0008298533068336967,0.009187009348786355,0.0019445998241187246,0.0005793309640628738,0.002327380976082818,0.0026167450006330277,0.00017394671467466015
O00463,1,557,S,test,1,0.45936146941359557,0.46659535741307323,0.003193404098984993,0.01940973871886672,0.02131742637647073,0.015116320176864125,0.00023497231010473747,0.01097327111695623,0.002061816656147852,0.0017362237189358037
O00623,9,359,M,test,5,0.03436738226233897,0.0051583852222592775,0.002150334634128715,0.29746931562747636,0.011807660481507705,0.33707686999730374,0.0030324579914866217,0.21593956483388188,0.019240738676175387,0.07375729027344133
O00841,0,802,S,test,0,0.8556269983950643,0.1312146539486562,0.0003685549626002902,0.0016909186909079628,0.002681052817910586,0.002441126211986935,8.667581200408381e-06,0.004152496046670563,0.0015884712360083805,0.0002270601089943788
O01583,1,1592,S,test,1,0.36582168424807243,0.3924693686625824,0.0032400327435663377,0.017243901484180334,0.10877216314045086,0.031469565606088865,0.01222775666662952,0.02588616064439391,0.03622125115927472,0.0066481156447605666
O04147,1,181,S,test,1,0.1435489081890377,0.6715876569531709,0.0014018174489324963,0.061468896526569214,0.0072311247946179324,0.03092359988127183,0.06774151435631932,0.009357771057412954,0.0035796661978998766,0.0031590445947677647
O04193,1,200,S,test,0,0.5422053451819603,0.4029328014274403,0.0004501811731397673,0.04181038676749889,0.003828679059616106,0.003739987579144391,0.00025650550921213304,0.0008542937174518457,0.0005430221905343099,0.003378797394001906
O04196,6,783,U,test,6,0.02149398917256056,0.06594803509790996,0.004150555208306225,0.07923838142271546,0.01219916031375108,0.01693685622667277,0.7786931779894405,0.005585181802524846,0.008000404968877755,0.007754257797240897
O04202,1,293,S,test,0,0.29392039769005024,0.2593838273874987,0.0019804199687250843,0.26971653097548604,0.006196186410683164,0.05107570065858874,0.017377633597381033,0.023752411821914742,0.028427911915716735,0.04816897957395553
O04203,1,435,S,test,0,0.5654068086631324,0.16910404246449168,0.0017995660025089016,0.04769798819594019,0.019805960684601033,0.012491462958719085,0.13041851140086408,0.013193614999006191,0.00988156085405285,0.030200483776683534
O04348,6,340,M,test,6,0.00013626988883085511,0.00011475075067342914,0.00026680350032382423,0.03231825119035711,0.0015748306425725157,0.0034129782923020798,0.9593511261842439,0.0017465867716075834,0.0009239887630511208,0.00015441401603758537
O04479,0,199,U,test,0,0.9490588731306554,0.032729714129467666,0.0008129958873793166,0.0016422970188052575,0.0029049271732965918,0.0009504885909129182,0.0002766079162781098,0.0015427952277280383,0.001220451492472496,0.008860849433004176
O08722,4,945,M,test,4,0.01453919785950745,0.060735943993881956,0.1878120878648087,0.03890890958050295,0.5413336098560412,0.11149253574196501,0.0005771147489723765,0.026327086324483842,0.015476896258207475,0.0027966177716290033
O08750,0,462,U,test,0,0.9426728950878662,0.04077603123564258,0.0003583372630487059,0.0025463394211029918,0.006578952863444707,0.0012122393250929204,6.628573063273795e-05,0.005083820567101637,0.000191804118346563,0.0005132943877208887
O08858,4,362,M,test,4,5.70412169476082e-06,2.896792113383608e-05,3.778129170942549e-05,2.76413831718685e-05,0.9882481110638284,0.006158349206222255,8.47841995392384e-07,0.0021282686992111,0.003322180397203908,4.2148073829030987e-05
O11780,2,683,S,test,2,0.0022395605565262437,0.00797100766503693,0.8894956433433571,0.030259047797349555,0.02405404386445654,0.02842574483088611,0.0006416447809001785,0.0035788071238458635,0.01215433466410275,0.0011801653735387778
O13134,4,1035,M,test,4,0.02832863515733536,0.047579278506321016,0.0012593452615824714,0.02105205580595212,0.6944304336025057,0.1335738379380584,0.0021090066337833384,0.038232190367547006,0.03160288017116099,0.0018323365557536635
O13472,0,328,U,test,0,0.8862810035064249,0.07447560047666608,0.0001146248237823658,0.01722917686368771,0.006456962713888946,0.002162811554822603,0.0006700077717165402,0.006819911689983395,0.0032214980675280168,0.0025684025314993988
O13660,3,277,M,test,3,0.00015820981990151,0.0007909993319572945,0.00021289456419337644,0.8022472290517411,0.007750585702420956,0.05857039263523569,0.0015978625798755803,0.04318710059172141,0.013722782071377013,0.07176194365157612
O13674,1,654,S,test,0,0.684655032110803,0.29446647492016864,0.00028583658588850555,0.0033227413534851974,0.011989043469139933,0.0017509613500852129,0.00010515340874516806,0.0020793183425624026,0.0007769844621323807,0.0005684539969895216
O13684,0,261,U,test,0,0.545763833771728,0.37509766207448836,0.0013318399322241026,0.01810044379636983,0.004366935110509691,0.01972474500077062,0.00020107775479638945,0.028867986473742443,0.0060157068174938695,0.000529769267876632
O13699,3,430,U,test,3,0.13958712697281317,0.1922894021720466,0.010190964154430639,0.5477814989835187,0.002383038745199208,0.058416315156130744,0.0027860545988818604,0.01298362508965714,0.009135121011704527,0.02444685311561737
O13701,0,393,U,test,0,0.93099833076131,0.05634931146927926,0.0002671372921242558,0.0021342866743049426,0.002254256148924111,0.0012160798525391232,0.0015016581454746108,0.0021176774684760332,0.0017832631837074188,0.0013779990038602261
O13713,0,307,U,test,0,0.5944334458527133,0.3549524361074953,0.0007181038028932519,0.012051285629635432,0.014311254481836146,0.00543194002135046,0.002045687120587229,0.013762999765801177,0.0010126887678614663,0.0012801584498262377
O13716,2,424,S,test,2,0.000839829007149227,0.012933463288252295,0.47039277925574424,6.893735782828098e-05,0.024400013378967276,0.057963760634406836,0.008221010019551729,0.02178675940060559,0.4023482635292135,0.0010451841282810453
O13737,5,222,M,test,5,0.000599727301659707,0.0009435034795173336,0.001630227831289155,0.03198549023701074,0.01044519110784161,0.8444789310851748,0.003941385383729918,0.044061871348737985,0.03949680766703037,0.022416864558008436
O13744,3,259,U,test,3,0.013481931654180941,0.00979639488899209,0.0004410613002264676,0.9470042511359452,0.0004079150061893486,0.0021880068643036687,0.02315859664525085,0.0022224630053239544,0.000365652664929584,0.0009337268346579018
O13746,0,107,M,test,5,0.09927595003807,0.1894997423621737,0.05916470865634663,0.09436045912218931,0.0208500537755452,0.2530153480931817,0.009848867882423206,0.054292591296905536,0.18839264565196623,0.03129963312119844
O13769,0,638,U,test,0,0.8090023537906945,0.1120829593469139,0.00035395933995235364,0.03668235780417768,0.012873576227521282,0.00898720459587087,0.002068971632638248,0.013127484549355212,0.0031058947199975994,0.0017152379928783493
O13816,0,962,U,test,0,0.762892994651316,0.1444675985167887,0.00047812540182614536,0.013333009203959453,0.007479140394319449,0.026155798901181197,0.0016688217435599905,0.023400158706832354,0.01745758281508959,0.0026667696651271285
O13846,5,347,M,test,5,0.0008705770832326539,0.004318739115608766,0.000926724539960293,0.06862030650161384,0.0071203971240697645,0.8692675482843186,0.0015279102927835983,0.028717157218923352,0.01301990211326553,0.00561073772622362
O13881,0,537,U,test,0,0.7760204730631446,0.14243224369311513,0.001807019593618956,0.026450438622016,0.004334814878812543,0.017414512242484928,0.004614386276262896,0.011510289359914432,0.01072877001560308,0.004687052255027385
O13894,0,124,U,test,0,0.8179409620106217,0.1585650913586073,0.002059401275036735,0.007956409008554405,0.005730785976531437,0.0019960399069260887,0.00036923029053095906,0.003214679471239319,0.0016547752546475479,0.0005126254473044892
O13904,5,195,M,test,4,0.026116649290907262,0.03314375208719435,0.004197327516864851,0.00702920060043476,0.37489105135067696,0.18270731393434667,0.0027960229843869517,0.10129547352629059,0.26171613342824795,0.006107075280649693
O13905,1,347,S,test,0,0.2890069626621866,0.26938413118545,0.001317618343586229,0.029523920535680474,0.026881834902664253,0.1292519052544511,0.00943641127337529,0.21226957783881992,0.030224060869779874,0.0027035771340062154
O13919,0,1075,U,test,1,0.36795630849735506,0.5353732079776772,0.0007924222693261869,0.0416073387074814,0.004854174769932146,0.01229910825168969,0.0008435290609898668,0.014379112902584217,0.011374814373602127,0.010519983189362193
O13936,0,990,U,test,0,0.6757697422127208,0.28170272537407676,0.006471545396312098,0.007333221335275156,0.01237715400713356,0.006032142751655608,0.0025541700733805956,0.0037162957953699653,0.001958350173449818,0.0020846528806255722
O13968,8,596,M,test,5,0.0058074707255013885,0.04749895038553745,0.08839375859155513,0.0166737001075549,0.08303825170554911,0.522771810983689,0.013397693941477037,0.05145901574478411,0.16643648564645622,0.00452286216789567
O13970,3,263,U,test,3,0.02638434533936911,0.03302881015511793,0.0005886264654736844,0.8961980650957364,0.0010493400868007605,0.004315546575108211,0.004629905652504652,0.002119725269143915,0.0027646430811097975,0.028920992279635526
O13995,5,166,M,test,3,0.09414648786118679,0.08092192368255086,0.007266891482001419,0.311419569010661,0.024776389233956184,0.3089960740139709,0.06132214370769014,0.053486126136131386,0.02458357566326747,0.0330808192085839
O14013,0,556,U,test,0,0.8895442054223665,0.08946381674706615,4.5762478230480756e-05,0.0011802298467880176,0.001468819826057524,0.0035235153696940146,0.0003176545491963058,0.009906099361043004,0.004184278271221055,0.0003656181283370509
O14023,1,544,S,test,1,0.15061910762264855,0.6645626501894905,0.0011146095640704003,0.11822228698928644,0.005317504567401127,0.017848896329004976,0.009934406881695447,0.007616974283171967,0.006774676433696579,0.017988887139534095
O14036,0,115,U,test,0,0.7284237454105084,0.19301307927532507,0.0013417945643642275,0.026223716219414082,0.017953013290648287,0.009609554513910722,0.011591336231090325,0.0023549226111879472,0.005224623976232001,0.004264213907319036
O14038,5,134,M,test,5,0.0005264147951939688,0.00016825227658406221,0.0005603656369762521,0.003113283652371222,0.056272683780914,0.7297552484537108,0.0006759300250712395,0.16539461002093417,0.042146293065531706,0.0013869182927125745
O14090,5,101,M,test,0,0.3087580165190313,0.13223708999790185,0.03423809962140923,0.07655631654568923,0.07191800235687473,0.11770745963877932,0.004089158442613074,0.17661355213794583,0.0654820866100414,0.01240021812971407
O14097,0,331,U,test,0,0.5836439048268651,0.4011322201880768,0.00037154548962547827,0.002040186168917789,0.004025819653155271,0.006114710033900021,0.00015011796277806199,0.001639335741791005,0.0005491087133732208,0.0003330512215171924
O14104,1,362,S,test,1,0.04034884353428167,0.5515856342169647,0.008310207493420518,0.25451494394599866,0.008441074138131196,0.006625474880647807,0.059341262440552496,0.0048473008181066585,0.009416699656748611,0.05656855887514763
O14119,5,249,M,test,5,0.0009085967249424574,0.0020475543406492246,0.02194888686022037,0.06320185163881084,0.047893985723990715,0.7404596150478484,0.0026291119656415922,0.0649538705533673,0.047336000571665815,0.00862052657286333
O14121,3,551,U,test,3,0.0024825434573645016,0.010699758266285962,0.0009874874921981711,0.8977652158671423,0.002642653639828214,0.053495421806367405,0.00785874851845671,0.0027053223356406303,0.0013925806800179903,0.019970267936698094
O14154,5,513,U,test,2,0.00028240801084665506,0.002764466322841585,0.7314088024191558,0.0015999503105394441,0.03201057510024678,0.058190530496554475,0.0006566182957706243,0.0807895467332117,0.0901272479885603,0.002169854322272625
O14158,3,578,U,test,3,0.08310693842983366,0.20250270600441755,0.020366229951487964,0.24618067856128314,0.052825985778442934,0.1018247571590257,0.11858108380582899,0.02236793095636085,0.0251489385092196,0.1270947508440996
O14223,7,132,M,test,5,0.00039548420397170854,0.0001623063991003537,0.002366514139182088,0.003222030767483685,0.06547906887433913,0.6717294344410901,0.0005158086921246083,0.13647010698620854,0.11856727852682054,0.001091966969679244
O14228,1,1323,S,test,1,0.11725346815041038,0.6438481846684713,0.004338215131497382,0.12579460518217173,0.002935383020974686,0.019141102325559746,0.02575716950690523,0.008232485552794445,0.0065124323985826325,0.04618695406263247
O14246,0,508,U,test,0,0.7982341227119528,0.18959723905451223,0.00019591038714262017,0.0017325416226977467,0.0031128132940512606,0.001653202955232964,0.00023631302094861335,0.0035272799904539067,0.0013388044194854332,0.0003717725435223908
O14254,3,439,U,test,3,0.024473243110626753,0.08214762399498282,0.012162551611982405,0.8072829442212202,0.0034039081714506165,0.00910932991181331,0.04315158138254498,0.0029573664930837547,0.0029573664930837547,0.012354084609211417
O14267,5,759,M,test,4,0.0042791846806069555,0.015652606482421137,0.0030821806716105995,0.013440783323358511,0.7424922093165881,0.0548467867287824,0.0011517268300763354,0.04609550600073541,0.10613373070210773,0.012825285263712778
O14275,3,931,U,test,3,0.01192958043905579,0.015858236031993125,0.0004474537957019319,0.9311710203667277,0.0007377265408801604,0.019553645621237844,0.0038054830653610557,0.010466311617195048,0.0037758684057201766,0.0022546741161271894
O14279,0,154,U,test,0,0.9196753056772277,0.047057224022685445,0.0008927225867345213,0.006245325017197305,0.006994431965526299,0.005775981768806881,0.0012989037740021893,0.010790953821695986,0.00093556528573841,0.00033358608038532397
O14311,0,307,U,test,0,0.8137777026242862,0.1277563207741369,0.00014842316845551168,0.03458721384091923,0.004801242363644683,0.00368124041267533,0.0005689641981015508,0.006931402827193049,0.0037980950798749053,0.003949394710712721
O14336,0,461,U,test,0,0.7667488780022137,0.17929534074851602,0.0004657572481277766,0.015066471108191584,0.010979892374575096,0.004183807868078909,0.00018818295991969262,0.015066471108191584,0.0016256527066532472,0.0063795458755323805
O14341,3,308,U,test,3,0.01610573530244403,0.034700486295261256,0.009468073901617755,0.8862401471194947,0.0009901616474588528,0.02636009326161283,0.009768621968810268,0.00531110822017433,0.0035657092038005145,0.007489863079325429
O14514,4,1584,M,test,4,0.06218336665447882,0.0620923391893978,0.29705883955560664,0.01226108382807243,0.497479956850233,0.04476167096283285,0.00012597211287768408,0.0170228288741209,0.005526503809578328,0.0014874381628015828
O14843,4,346,M,test,4,6.843827066246738e-06,4.325431983220435e-05,0.00017928416343354056,4.5330135970464395e-05,0.9829829850040989,0.009487421173444397,3.4073411543846153e-07,0.004243037162681138,0.002939066126873228,7.243735248442482e-05
O14925,3,209,M,test,3,9.55265501936577e-05,0.00029424249274039087,0.00030836349674902595,0.9483977023321779,0.005904249886242823,0.014857784012528082,0.0020990662882151494,0.012808211233055868,0.0031082839911984036,0.012126569716898749
O14974,1,1030,S,test,1,0.38128602568701386,0.4745181137977167,0.0006394958565769743,0.009397321593244527,0.06056433080337414,0.0069834971115740945,0.001353812649676703,0.052362896222339146,0.011072752150381197,0.001821754128102625
O15031,4,1838,M,test,4,0.010393708134753033,0.07713792563439391,0.21539005889483084,0.017270729148046476,0.3635395509867425,0.17374815250320916,0.0001874160247224776,0.045324910963049525,0.09557876102831364,0.0014287866819384112
O15091,3,583,U,test,3,0.30826410412715927,0.06336588231049642,0.003293313844605789,0.5368100882185283,0.005779946736977355,0.021475106525116295,0.013334196315534178,0.03828351540125508,0.0030458176423568137,0.006348028877970537
O15226,0,690,U,test,0,0.7083046615964126,0.2773760925551546,0.0003350834680030018,0.004753913385299835,0.0049048183798600575,0.0012449861121423716,0.00010543868387728618,0.0021344025695036353,0.00041701808698217104,0.00042358516276448703
O15245,4,554,M,test,4,7.328765052910738e-05,0.00044894135550918064,0.0012492887973740412,0.0009805781101847122,0.9197821926146161,0.030267498640297357,9.264427537652359e-05,0.007063892433740557,0.03978587705979736,0.00025579906257499913
O15344,1,667,S,test,1,0.4394358582230304,0.4533850742246469,0.01135027363432447,0.007502072342118744,0.07021117507091916,0.00883960202438472,0.0005739957802417302,0.0049585664877621035,0.002654129518597505,0.001089252693974265
O15503,5,277,M,test,5,0.0037862178675605,0.003967922160566252,0.009444476056895574,0.205111770771337,0.08718970373315423,0.4515190399406899,0.028528362366458407,0.12986868553396522,0.04755491366465387,0.03302890790471901
O15525,0,162,U,test,0,0.711635932729546,0.15390206559877126,0.002336879213229536,0.08633123162342636,0.014093185487865999,0.0040377657037916365,0.00018592096952067575,0.022433047657159234,0.0012508413965234947,0.0037931296201658337
O16011,0,297,U,test,0,0.84915078241923,0.05557170901635756,0.0003177824635352518,0.07080019559827552,0.008827134405002494,0.00806865417264208,0.00019274479064820168,0.0036368274609051396,0.0003954866591104852,0.0030386830142932085
O16259,1,320,S,test,1,0.22365365750118013,0.6175275212789556,0.00015394633553410985,0.12843348842619445,0.0026448086531138722,0.004326618065802563,0.0024845676097904543,0.008471106678182128,0.001761822250171365,0.01054246320107535
O17087,1,1113,S,test,0,0.79069952149908,0.19992014258298574,0.0002868037772676691,0.002874073732337229,0.0034130470892238755,0.0007439124558358263,3.942591401910394e-05,0.0013365684669216055,0.0003005677932485505,0.0003859366890804075
O20250,6,741,M,test,6,0.000793937960484449,0.004502359547065781,0.0003750297281643049,0.032720441185287885,0.0005674018466779017,0.0008926484276580964,0.9562314855002503,0.00013582675487690463,0.00035230784502166186,0.003428561204512728
O22049,3,353,M,test,3,0.0022275829896471035,0.0037597581165214685,0.0006382131892461518,0.7334739634586328,0.003789246117816576,0.014279533311433907,0.22369690449065538,0.007506436738682463,0.0018181002403559476,0.008810261347008175
O22131,0,262,U,test,0,0.9138783455320737,0.06170623910765288,0.0007354280870761264,0.001086892239284621,0.0055412977519469974,0.0013739605560496152,0.00012779824071222743,0.0012510053674749454,0.0033218102466485463,0.010977222871080336
O22160,6,224,U,test,6,6.621149744070128e-06,7.6208966692482466e-06,0.00021544180688973992,0.00297989707335847,5.970930231349635e-05,4.024382608750507e-05,0.9966391329959706,8.63560659947764e-06,2.2930241354430605e-05,1.9767101012959725e-05
O22241,6,424,S,test,6,0.025656803543365345,0.07056452831719967,0.001815518882769255,0.33013321792589284,0.006640892243139846,0.0061418216386008645,0.5358591487987894,0.00559219186156409,0.005091748487598228,0.012504128301080476
O22315,0,303,S,test,0,0.8428210459124102,0.13545366869394354,0.0015525202909015064,0.0017319615840546492,0.01114045155904346,0.0018150802596457254,0.0005622855864970836,0.002330609088193456,0.0017869399993319065,0.0008054370259784716
O22609,6,439,M,test,6,5.803861967959107e-05,4.520052408918518e-05,0.00035414357162266247,0.002930662000382451,0.00023225302428396343,0.00020257468551725563,0.9956077496117965,2.3819001262355397e-05,0.00036538530399272235,0.00018017365737328463
O23179,1,414,S,test,1,0.04442427499922368,0.5693909295196594,0.006130751439661079,0.07736028417463195,0.06338675063352692,0.14882487945828377,0.026217899154425958,0.02010195993405277,0.03340246765594246,0.010759803030591987
O23181,1,428,S,test,1,0.05695357209484709,0.5424753461607812,0.0036551703463051466,0.08335393719620916,0.04199493330294807,0.13582633521112406,0.04118267845174584,0.02478417024695608,0.03108631466499774,0.03868754232408564
O23342,6,177,M,test,6,6.575070129199577e-07,3.926153347721968e-07,6.745158851055119e-06,0.00037407269367981095,1.7980607390295087e-05,2.1083138017742225e-05,0.999564615489784,9.968698221071636e-06,3.23636279244527e-06,1.2477289158114714e-06
O23463,0,923,U,test,0,0.4636921465799437,0.39972762818326857,0.004617464907117927,0.028065285798822864,0.029758864301250194,0.016242938743980563,0.01357148453892824,0.018989921350108213,0.017839380298121165,0.007494885298458617
O23647,6,858,S,test,1,0.12270527022220219,0.41795395303727145,0.022676038426989186,0.03857324036376843,0.0900364922558765,0.0854114920325919,0.05858785866418726,0.050112852737576145,0.09735265718717219,0.016590145072364726
O23722,9,412,U,test,1,0.09577146093363714,0.5279470042460321,0.0008449278469209237,0.2696489669446511,0.005509621418176321,0.021120538760493714,0.012128504824228137,0.007530759026449652,0.005095567046456823,0.05440264895295398
O24174,9,505,U,test,1,0.012651208357584062,0.4029007415504023,0.004690622165195124,0.3065107288087774,0.02862152011731137,0.017980991643101112,0.08233527420018721,0.004546306741626967,0.017841062283371713,0.1219215441324428
O35254,7,451,M,test,1,0.31798113090328173,0.5580743077693562,0.0016686119272589558,0.0012400071408809274,0.10818762569650406,0.008022937168434073,1.159991032175552e-05,0.002353119948370923,0.0015675159282430235,0.000893143607348376
O35586,9,227,U,test,1,0.0909629821959121,0.7353131056054819,0.0020653432832236033,0.0593064678549302,0.002912600710423256,0.0895527288727661,0.0005825568129104333,0.009624951363323694,0.0042378091498912,0.0054414541511374846
O35615,0,995,U,test,0,0.8980056777768965,0.08617899522706642,0.001278246041967613,0.00039290060807030863,0.012610772718897267,0.000844869132878596,5.023775383261653e-06,0.0003521938046956368,0.00011434059181233357,0.00021698032233198082
O35621,1,262,S,test,1,0.14326908805142305,0.6174894454013522,0.000899795279752423,0.06996027922648307,0.016845769623676614,0.1019906182686975,0.003847936466653562,0.02146206776305767,0.009826049970480297,0.01440894994842362
O36025,1,992,S,test,1,0.3454985264174454,0.5877128058425696,0.000487965012800994,0.029461207066059595,0.008318034582429015,0.007937123622771703,0.0016507644895111173,0.013607395833200198,0.0007325222762374624,0.004593654856974975
O42248,1,317,S,test,0,0.4713242727040942,0.46401707049874447,0.0032257689401522594,0.015389282549565498,0.026460778211003858,0.0022170363826845268,0.0004647160900795655,0.0013238529098282409,0.0010637456699123333,0.014513476043935035
O42250,0,344,U,test,0,0.9769207014252818,0.017478437691884924,0.00012634746672292107,0.0014124742849593993,0.0024984122144452977,0.0004919665403097887,2.607327345688946e-05,0.0006937840211675747,4.8711287278838334e-05,0.00030309179449263
O42602,4,415,M,test,4,2.7761334847667976e-05,8.033007829018911e-05,0.0001687353787912915,0.0001661193662272908,0.97714873107074,0.005720257755866287,3.9993995919672965e-06,0.011376091267425408,0.005249203607109586,5.877074111039846e-05
O42637,3,797,U,test,3,0.025433425227659786,0.00908851570104011,0.0017966390695303295,0.8880630805539135,0.002167160495368758,0.010060069491116435,0.03745076957710103,0.00884336739942658,0.0025735668256353533,0.01452340565920809
O42648,0,341,U,test,0,0.9145278183570325,0.07625118517105736,0.0003586737379796295,0.0032218971223213415,0.001879315908692318,0.0013536205291695763,0.0003067899037238888,0.0013119739962117385,0.00022445230199441194,0.0005642729718172658
O42657,1,750,S,test,1,0.17730764950958836,0.474499829229798,0.0004980206532533016,0.03885434128867484,0.007204899200484426,0.0294004869518603,0.0009160001785115014,0.2520049710852749,0.016621527639737288,0.0026922742628170573
O42699,1,193,S,test,3,0.29103143757769095,0.2129231669260959,0.033492514997274576,0.41042014422536754,0.0022220526749374076,0.002722515654043296,0.020353953635928252,0.004151341287126618,0.004929838995923936,0.01775303402561152
O42721,2,462,S,test,2,0.000634568309747485,0.0019243047942119737,0.9661457139602638,0.0008879207522852943,0.0052205959972918,0.005604985404251077,0.00039710268717350227,0.0006055093003897434,0.017421231816967253,0.0011580669774179976
O42866,3,236,U,test,3,0.025347524140760202,0.2682866831478683,0.001364524516578441,0.5012254863175649,0.0035393078461038174,0.019740671503139958,0.018115060939596205,0.008490357799053994,0.002214842075781185,0.15167554171355296
O42893,1,735,S,test,1,0.08356182409501729,0.32856259270158045,0.014549256532767193,0.2137997482294177,0.022184968345933094,0.1393261126880943,0.06077797434593138,0.03545147609214773,0.027609637444246406,0.07417640952486448
O42927,0,207,U,test,0,0.8836305128536242,0.09609036036664888,0.00045199418745751083,0.009366729914881874,0.002540793903208401,0.0035552093777059712,9.040452146996547e-05,0.002947372113213824,0.0006892088440590612,0.0006374139177303313
O42928,0,350,U,test,0,0.783801073230353,0.19817593553001853,0.00014981638999436985,0.0018394519444314566,0.011895581064090313,0.0014665390959173808,0.0004543126237447059,0.001072942970151836,0.0008895008878014569,0.0002548462634969477
O42955,3,687,U,test,3,0.006722865793701876,0.005784164326941963,0.0003393192976497032,0.9502131579613331,0.00021908101007381178,0.02091109991015114,0.0015937048407565844,0.009759051037071845,0.0020463574256189736,0.002411198396700953
O42956,1,483,S,test,1,0.2379268373475727,0.5707568443876402,0.0014370442160645635,0.02607626989094337,0.029548288827763426,0.042992505555614985,0.006340536197388255,0.024116608897403406,0.03779283483904885,0.023012229840560294
O42973,1,446,S,test,0,0.6316069388812209,0.17815291950002388,0.0002941669674715388,0.006388613978729613,0.014063458012427916,0.018342206325066834,0.03936498254759289,0.049375884424592856,0.05795085824937307,0.00445997111350054
O43002,5,102,M,test,4,0.01705925104645007,0.016405721530482975,0.10876958422175256,0.15474378500598704,0.27105390041032607,0.1384407827638178,0.17845722384766513,0.08343726093503351,0.016926496606195933,0.014705993632288882
O43013,0,533,U,test,0,0.652938232360719,0.2537044826953035,0.000907880583360159,0.02785982502793114,0.004907956238882182,0.02359819174045019,0.0024678753145937304,0.027589080248221737,0.0025462139768951523,0.003480261813643216
O43031,0,381,U,test,0,0.9263902192947665,0.06606707640926428,3.2754843740198055e-05,0.001541657237987505,0.0023971111219701505,0.001471059728068422,0.00018269184287108436,0.0015905947462237422,0.00026169398595022204,6.514078915792343e-05
O43050,5,340,M,test,1,0.011337769273744363,0.5091929283081915,0.003075452323588349,0.22071882024147518,0.007377627016797779,0.14531746281979863,0.03280692088179952,0.025851233319463502,0.012648195198370378,0.03167359061677076
O43060,1,302,S,test,0,0.4654430760036495,0.23772507972379703,0.00113583123628748,0.16274890349083274,0.00663918863974285,0.025450613420784324,0.008262604498106813,0.0168218277864768,0.012797371520094681,0.0629755036802278
O43071,0,558,U,test,0,0.9125953726642462,0.06928078396405589,0.00014920150658268613,0.00406425324830852,0.0038479579944199404,0.005177993094322515,0.00045244799398216066,0.002996792452920611,0.0008721164586637097,0.0005630806224977987
O43082,0,233,U,test,0,0.9534286542261641,0.0299379573576238,9.163560451057449e-05,0.012143370294988897,0.0003980469060192366,0.0009182846103673666,0.000437169030328732,0.0023266735185135303,0.00012722344707743715,0.00019098500440636388
O43090,3,551,U,test,3,0.0017588854654422511,0.008293413064717238,0.0006420223708926456,0.9474203620124161,0.0017451977019604728,0.02210779915622231,0.004971605896074441,0.0016783402701893895,0.0005577986845190952,0.010824575377566106
O43156,1,1089,S,test,1,0.41874295751467766,0.4286731801004952,0.0015951134399404255,0.04885319305154469,0.025543485051314742,0.03057154815827024,0.0002158751164506209,0.029515439602670678,0.007037969783321634,0.00925123818131411
O43257,0,154,U,test,0,0.9842328593839857,0.011193127812053729,3.5904684654758804e-05,0.002939930522467974,0.0003920905120165168,0.00024155999231677435,6.813512001477626e-05,0.0006721995592694567,8.218663791825093e-05,0.00014200577530199522
O43405,2,550,S,test,2,0.00017136472215291976,0.0013798523031972535,0.8965364557764618,0.00032519313642446004,0.09158696230603149,0.003152350404586055,8.616760192604119e-05,0.002274991758462184,0.004419554594979157,6.710739577864593e-05
O43809,0,227,U,test,3,0.12266354160013435,0.27913927797949545,0.012457661226281011,0.4125410879842287,0.006826234924200816,0.05083503531523485,0.0036538201077986688,0.04348150976809339,0.004140320664958203,0.06426151042957455
O46028,2,62,S,test,2,9.76645558305479e-05,9.084218851481333e-06,0.9848934068845762,0.0002848182412353604,0.01220576682734937,0.0005218185967641899,0.00031281164486363046,0.0003985323521659351,0.001264062044071579,1.203463429170533e-05
O48538,4,944,M,test,1,0.1765181123182887,0.4472469684858533,0.0009860220592317508,0.04480544847622197,0.19924141455020208,0.05037611720013891,0.02108208275104286,0.022267114358100158,0.032146334629420695,0.0053303851714995775
O48723,1,407,S,test,1,0.02421611837680608,0.7049396990516232,0.0051358084311177886,0.0992036428107573,0.015213373531319076,0.09032594105517786,0.021454292551538277,0.01021377521306016,0.019997601648874153,0.00929974732972609
O48814,4,395,M,test,4,0.09471181665723667,0.12256618660267661,0.0021843264402629254,0.011092924320273184,0.7192308785626738,0.012767877348608552,0.014467899719676776,0.007051092110716818,0.011445051821247866,0.004481946416626841
O48845,5,134,M,test,5,0.0431152530058619,0.12859272513731307,0.023625209113459347,0.06056520134125608,0.06396960991725738,0.47083221243620677,0.009037447781874269,0.08392238327755762,0.10872966421488899,0.00761029377432459
O48916,5,237,M,test,5,6.504765177854188e-05,0.00048820966834680474,0.00014207711663486605,0.05218863012211104,0.010397688470583796,0.8966043967482911,0.0010831406285426836,0.028597013284534942,0.004844827136484764,0.005588969172691545
O49397,0,552,U,test,0,0.9451719122479705,0.042846195265174004,0.00015943273200788978,0.001477615100296467,0.003600433770551144,0.001754711296313069,0.0003170698448376095,0.003462503255876891,0.0005066761938789307,0.0007034502930934867
O49432,2,481,S,test,2,0.011800360659904596,0.12320297968703943,0.5383142563782082,0.03869189187294325,0.059344790798384874,0.01638317767650795,0.0726930171230241,0.02830759237362174,0.07477200490883767,0.03648992852152817
O49523,1,419,S,test,1,0.0823762542835552,0.2191623686115527,0.022608557084336213,0.030423137440631052,0.12659395877475035,0.10211921943018532,0.11193719193514831,0.15055441435740102,0.07500442652950734,0.07922047155293249
O49597,0,125,U,test,0,0.913123323218872,0.0755415942600607,0.000381219817650986,0.0034244244962844924,0.0044662915835722026,0.0010362629700267757,0.00027032534529008485,0.0011030961923762588,0.00039951495140999485,0.00025394716445650405
O49606,1,141,S,test,1,0.15456160798347998,0.32339483418199494,0.016354431932898306,0.21796679960499002,0.06939477350492677,0.009391561061085902,0.1923550390770403,0.007665168249767687,0.0035646344470754874,0.00535114995674061
O49782,0,352,U,test,0,0.9314897345728157,0.0600151882758422,4.94415168833944e-05,0.0023270414739564303,0.0024578454839974096,0.0005484194892247298,0.0008362398134482467,0.0012651904185842242,0.0005837894291433712,0.00042710952610433485
O54751,0,299,U,test,0,0.9621314718116843,0.028827753928745925,0.0004080058013123321,0.002031947658886064,0.005534205422173922,0.00038932184120317963,3.585530188045647e-06,0.00031775520408284,4.797386504034983e-05,0.0003079789366830222
O54769,2,207,S,test,4,0.10478229676587263,0.15097575755492232,0.16356287344535353,0.1773725104725609,0.18955103649962454,0.14885298271299113,0.00015268701247608284,0.03794963502964691,0.01792613892243991,0.008874081584112072
O54858,2,652,S,test,2,0.002172478903539516,0.009004675630691891,0.8363054253064981,0.012949085575052076,0.0639870900998216,0.04718112865639219,0.0005323888527389408,0.008263153815375538,0.017255562996644942,0.002349010163245143
O54874,1,1732,S,test,0,0.41633791491822747,0.4130979258102772,0.002134131386709379,0.013916283103910082,0.10946005744245994,0.013175672148999543,0.0014898636515301709,0.014470647248956789,0.013383160563012638,0.0025343437259167634
O57437,1,286,S,test,0,0.8260517124688757,0.160137415016142,0.000614794320748953,0.004650477322392066,0.005352666604342754,0.0007300862929883167,0.00019650004115936466,0.0010622692067153066,0.00019045436066308114,0.0010136243659725074
O59676,0,359,U,test,0,0.9524082555622627,0.038399954533291814,9.153753194109464e-05,0.0012936029126121569,0.001377033127719301,0.0017959899215405789,0.0004505635285965352,0.0027172457142958313,0.0009390550574326435,0.0005267621103073766
O59697,1,423,S,test,1,0.356773263610237,0.5070770473199417,0.0016393304395975496,0.02159394734817021,0.07852590969000758,0.007820809399311412,0.0020401797155090023,0.008862137952342992,0.008656846513563944,0.007010528011318621
O59711,1,450,S,test,1,0.04533266748393352,0.7876622850154726,0.01488448619064501,0.07114873237990663,0.003535375542494699,0.03936887991623002,0.008414925261216805,0.0014062751161151097,0.007661876902926566,0.020584496191058982
O59714,5,511,M,test,4,0.0005629794683111192,0.001904534915848045,0.0009138058161685163,0.005177062732116816,0.5983870985738429,0.1768828709755498,0.0017614068234995694,0.10644999472036455,0.09922229852681654,0.008737947447482122
O59746,0,819,U,test,0,0.6405611142384454,0.2112346522451074,0.0032074284986331313,0.0060866295494308165,0.06633823345084688,0.010935693312042395,0.001009262160828473,0.027066099622178305,0.0045231995460675535,0.0290376873764196
O59755,1,548,S,test,0,0.7200612351533092,0.23745102396245818,0.0006072658358361795,0.02016888313172451,0.00613316755958122,0.0028079684991885435,0.000626542469893394,0.010933552703341997,0.00043061591850434514,0.0007797447661624344
O59779,1,658,S,test,1,0.2141849313433448,0.3700783661031236,0.19654712666711588,0.011175398116570655,0.16041709960750042,0.03134217579192447,0.0028035944231925734,0.002083454343183468,0.009410629329402129,0.001957224274641999
O59782,5,667,M,test,4,0.0018409099936066932,0.005942530251997897,0.002516225588917586,0.0068398106261363875,0.6657305717958037,0.06907964250917427,0.0040209170856488,0.03897788236311056,0.19988855005174586,0.005162959733858164
O59792,0,320,U,test,0,0.5857543888773129,0.2460938864955854,0.0023938442707400575,0.04442484926961121,0.002284222027985323,0.06887377776296282,0.0018936865017449038,0.03559194108686787,0.005653504118043529,0.007035899589146032
O59800,0,354,U,test,0,0.9209248250822001,0.06365662614828166,0.0001209810327835828,0.005852006905482786,0.0011300404511145174,0.0009665747952519305,0.0011842722879195772,0.0046838873574881175,0.000435669405312,0.0010451165341657275
O59811,1,463,S,test,0,0.8628114726661509,0.1096941640144096,4.5796220568865655e-05,0.009092608442572578,0.0007745843222153797,0.00570113315315348,0.00037164960737616216,0.0086087090170085,0.001359437727955884,0.0015404448285886573
O59812,1,475,S,test,1,0.0498684346345631,0.7158357434989341,0.02886163657018925,0.08599679808760569,0.006909005855457825,0.0603882491596656,0.011752614690300886,0.007470416923890026,0.024114798677271693,0.008802301902121865
O59893,2,234,S,test,2,5.79998438338548e-05,0.0021849462784275966,0.9643313688836266,4.5170322656372875e-05,0.007686025306907085,0.0006483967167854743,0.0015134680708753668,0.0028220135145306867,0.019858309595697208,0.0008523014666598051
O60053,0,440,U,test,0,0.47840250563179854,0.3755024155942309,0.0025104259212871977,0.06026039774156096,0.015378224061521844,0.02964230131523025,0.0019248102738248522,0.019746030172480916,0.008900232803733418,0.007732656484331097
O60065,9,286,M,test,7,0.036228977430561846,0.11029300926019492,0.00694148387667035,0.1314888159908866,0.04137479174107847,0.1242482001484462,0.007743784753440106,0.49817580379032933,0.038265426014788564,0.005239706993603622
O60104,0,376,U,test,0,0.8591724180903825,0.10670115976030828,0.000358695868775695,0.004335804448804828,0.0031721422510248734,0.009143112379263539,0.00030205221766582154,0.013725438383327137,0.002375824649253507,0.0007133519511938783
O60113,7,542,M,test,4,9.239867622014384e-05,0.0016766452785020208,0.0026792714888648414,0.0014229503443719653,0.6304806154068564,0.06802803681201751,0.021239387666870526,0.009063858083427448,0.24689974140281545,0.018417094840053636
O60118,3,157,U,test,3,0.11364688577228137,0.29941965725013114,0.03359395442349689,0.5053663519706567,0.007096904237731443,0.00925610821970749,0.005702522417709712,0.005111708574752821,0.0035132222794900265,0.017292684854042433
O60142,3,432,U,test,3,0.009496273450518546,0.005869798348417573,0.0002980039855425036,0.9605217553383478,0.0003947911309084715,0.010334566211179485,0.0020524600938006403,0.008149408716123373,0.0008623031296928369,0.002020639595468767
O60155,1,716,S,test,1,0.12547001578590175,0.6371893457315804,0.009089017530259914,0.1142417670082774,0.007774248927374982,0.010878131084839131,0.06702821881236629,0.0029050247590238806,0.0034498021464625483,0.02197442821391375
O60161,0,710,U,test,0,0.5479239582393198,0.3765822782735097,0.00048426964419427687,0.016872209692040858,0.014947949256544935,0.006685135594423096,0.011824801048340253,0.008385039500159496,0.002577349663961005,0.013717009087506548
O60167,1,649,S,test,0,0.4757225717542867,0.4469000030898632,0.0012552500832356459,0.004246456198693559,0.028793435034044825,0.0039273301628921274,0.000407520036862429,0.026969797549783927,0.005452558414655712,0.006325077675681826
O60171,0,215,U,test,0,0.8455549883101019,0.08570667766330817,0.000250322115943114,0.007848369333157293,0.014662683711662306,0.014951879874014137,0.0007955221024993323,0.015366359417742784,0.011067973979392241,0.0037952234921787
O60237,1,982,S,test,1,0.3168014190583985,0.45379708802764873,0.0013568286832651621,0.017188021384920267,0.15023210183003977,0.011011059057558933,0.0030102558905832056,0.03791050496413683,0.006273912538737884,0.0024188085647107263
O60242,4,1522,M,test,1,0.16033006927125895,0.28304165112005253,0.1326589561397632,0.021997008092083815,0.21871764579474576,0.0701799604074917,0.00020901621248747284,0.09606524390660962,0.01609335625638777,0.0007070927991192243
O60292,4,1781,M,test,1,0.28890326310777825,0.5313744488264905,0.0018003245157809866,0.006847642754688481,0.15707398783395518,0.005009842051735626,2.095961076885761e-05,0.006741480364218648,0.0010098904496298252,0.0012181604849535402
O60306,0,1485,U,test,0,0.6137787166933736,0.29913184355151184,0.015127427100637319,0.02116707547970688,0.03409018402676004,0.008097128094767907,0.00010850157671481963,0.0036496613550958145,0.0026701495792338533,0.0021793125421979195
O60462-6,2,555,S,test,2,0.0005341865217332329,0.003323820157940085,0.8391292610180631,0.0009375265210694939,0.11535216830813108,0.011952016304823756,2.701440264257316e-05,0.008860325984546578,0.019657491981422536,0.00022618879962758018
O60477,1,761,S,test,3,0.10625214347387399,0.04209940594265883,0.09524380610823979,0.24560033288151709,0.10750460844962055,0.1444515019449713,0.009248012866318489,0.14007556725448228,0.059138224740550804,0.05038639633776687
O60478,8,399,M,test,4,0.0018190513501559397,0.0026674624732755275,0.001438988034242616,0.002884214532798137,0.5805292173107311,0.17705139650728263,0.00012771744609784512,0.13575002653010618,0.09329953114709581,0.004432394668214192
O60508,0,579,U,test,0,0.9005417706210901,0.0756739617280058,8.130861048542941e-05,0.009527366813849136,0.0026097296125732533,0.006236008181180646,0.000394010206665359,0.003273334046239361,0.0005914794288377099,0.0010710307510732185
O60635,8,241,M,test,4,3.6746579511065176e-06,5.872085996775832e-06,0.0027913271192114867,1.547088828317079e-05,0.8978066211833222,0.011844098261158502,9.383566732816953e-06,0.011479693167570066,0.07603583287928307,8.026190490822102e-06
O60667-3,2,306,S,test,2,0.0015734650539340612,0.004517540898010149,0.6917452843262163,0.003383481831548638,0.2838916844720724,0.009847962424494906,4.9690220783048785e-06,0.004697499413082513,0.00022142813769761267,0.0001166844208651179
O60858,5,407,M,test,5,0.16679819118536807,0.20119700065316937,0.029212508683887525,0.02809339607520411,0.14966300300636495,0.23799586567603923,0.002035078848646689,0.15869432868809022,0.023108998577189847,0.0032016286060399845
O60896,4,148,M,test,4,1.8927283088466002e-05,3.7641395151924705e-05,0.018605813164648998,6.710304161623921e-05,0.9693241379431141,0.004488861584742157,4.45126982617746e-07,0.0016417121800460838,0.005809018435773219,6.339844836152131e-06
O61577,1,516,S,test,1,0.27941009918761633,0.6008261002004214,0.001466209601631309,0.039861657988662175,0.028655255074193607,0.014352591641833543,0.003304154327135289,0.014240898111481857,0.005117574415797426,0.012765459451227089
O61661,0,512,U,test,0,0.5406833989698666,0.34909144706347794,0.0010938557305255072,0.008274234057019948,0.06204095973082311,0.007301986356059063,0.005821651423923809,0.011945251602106263,0.00591332802594086,0.00783388704025694
O64425,5,249,M,test,0,0.7709385603581792,0.04190894459265452,0.0013340690248141035,0.02153078405213664,0.0223011871690386,0.07149868127963777,0.0015116983271233932,0.048710270814797244,0.013901317366731359,0.0063644870148872185
O64538,1,134,S,test,0,0.3159049389567192,0.3122245310277537,0.0031828758615624225,0.09429772013774876,0.070763802634515,0.052177957169956435,0.11531054003022487,0.010274449162405512,0.017477424473477606,0.008385760545636554
O64654,6,275,U,test,6,0.0026848838835747567,0.0009434037643960719,3.0683133863664515e-05,0.011628485685150753,0.00032987476100996627,0.000510920048647507,0.9833428410749451,0.0002866001610642997,6.29577014838318e-05,0.0001793497858640337
O65009,8,282,U,test,2,0.015281420250005968,0.029919568584288236,0.6447259411467161,0.07599303432594227,0.048945152168535226,0.11116469754631515,0.00448202688443878,0.025392409810489593,0.041377262617097905,0.002718486666170719
O65272,6,1174,M,test,6,0.00016661443556027813,0.00019027967652055882,1.7561034574609065e-05,0.010148259658977971,0.00029014187313612785,0.0004840018155143135,0.9877475352040574,0.0005032822297879668,0.00029702233869509457,0.00015530173317558076
O65312,0,689,U,test,0,0.8877619450928688,0.09729680359785468,0.0008753150997525996,0.0010233470176498078,0.004769021616179801,0.0031032615618145306,0.0007144113144222658,0.0020351684528475684,0.0021495662964513946,0.0002711599501585463
O65375,2,744,S,test,2,0.017428293599492925,0.011885062638173032,0.5254971913296247,0.0012236580793373133,0.37850144017499004,0.0345325465518423,0.011609745062214873,0.003326247636184338,0.015622620269399463,0.0003731946587409698
O70237,0,330,U,test,0,0.9369354457964111,0.038975252094964524,0.0003506346111968868,0.015563961408361335,0.005636893446149267,0.0014878049811005375,1.380967694262118e-05,0.00043637181463662634,4.820051418927515e-05,0.0005516256560478602
O70491,4,670,M,test,4,0.005826105298942024,0.002795396108789861,0.012430601615196976,0.012237882105650234,0.5850654775471641,0.3386099300913699,1.1072660404122374e-05,0.01517091488375379,0.02263013248336659,0.005222487205362376
O70608,0,1505,U,test,0,0.5866697753126215,0.3503165081723405,0.0012833349739695367,0.009482633811678406,0.010914444414522152,0.0069376427239591825,0.0002566831415982919,0.02388594374452712,0.008908110255410644,0.0013449234493726583
O73753,2,175,S,test,2,0.003070471024274585,0.003398701686714205,0.8316348559416818,0.006011690311277452,0.058389930290361804,0.06616446191503007,2.6358052484781567e-05,0.019601199229816176,0.011587837388122526,0.00011449416023659605
O74172,1,88,S,test,0,0.7884796726479933,0.15166423618560884,0.00413756143472163,0.038048306859791665,0.00214653847351264,0.0014077344341978382,0.004235681396014256,0.0034570619173042473,0.00044993892984716025,0.005973267721008368
O74308,0,547,U,test,0,0.7685462114277112,0.15252266581876392,0.001817797514594933,0.017450082769857683,0.021048819311758987,0.004789258742968806,0.000599446056663945,0.010218380788014157,0.002446114046744238,0.02056122352292214
O74317,3,113,U,test,1,0.28010209905940475,0.35965820519180824,0.05804273757352692,0.25703614501522887,0.009435971102816295,0.014276169922606411,0.00010731000469650679,0.015679305145643207,0.0017591693597187456,0.003902887624550004
O74356,3,585,U,test,3,0.0693483561656704,0.03466682063385934,0.00233618073814808,0.8716538706373919,0.0011747055538937248,0.00909652546498906,0.0012504674877386241,0.004330594932850454,0.0017091865034221639,0.004433291882036238
O74362,0,334,U,test,0,0.9096456565804792,0.03904120048848081,0.00011949929259198158,0.01758007409161119,0.00046530143868612724,0.009642498055854928,0.0008425520284626588,0.017822076410507686,0.0010650854555434922,0.0037760561577818573
O74434,1,626,S,test,0,0.8395063195415046,0.12874247916459103,0.00013302928063489285,0.007150548479330486,0.001079571382585698,0.0046529502642810435,0.0059280129028373325,0.01052662607952143,0.000998440259303365,0.0012820226454101883
O74443,0,272,U,test,0,0.8150318200390432,0.12695746584863685,0.0003622130022627764,0.012868592403857333,0.006470733729045796,0.0029857535754760113,0.0007432128166009295,0.005578122115255389,0.0023253071565419543,0.026676779313279827
O74454,1,1066,S,test,0,0.5144633717259199,0.3763894189357787,0.0013788492829832563,0.04525061382712076,0.008782945686824034,0.019034430630600754,0.0006513223136189367,0.011189762647503947,0.009571111884712406,0.013288173064937257
O74462,0,452,U,test,0,0.490844238394103,0.4069241736477985,0.00046180012860299225,0.020659143882578734,0.010676037921922893,0.01888398710920578,0.002168968867175186,0.021735335586819244,0.019331807998126248,0.008314506463667402
O74509,8,341,U,test,0,0.2918594961738967,0.1791084223749075,0.0025448840320258337,0.2467322654240867,0.020174059427150084,0.04406419674432774,0.007479830185657828,0.1715753484742994,0.018657953724336217,0.01780354343931197
O74531,1,361,S,test,0,0.5202234941656444,0.32301413753442754,0.0017488283197547828,0.042370229619142386,0.019858525906428896,0.03274117756412117,0.0021427091970286642,0.0331271176359417,0.017525087901247773,0.007248692156262724
O74551,5,238,M,test,5,0.00331618107624756,0.014517813352943052,0.04300488915081894,0.13666926052987732,0.019535852475611376,0.6727096442244467,0.0050565721319679,0.07216043668739666,0.029212449488315768,0.003816900882374737
O74561,1,967,S,test,1,0.40869058108644196,0.46310711960976964,0.00039056276161631337,0.013660669637688076,0.05354314046768518,0.01809744578065009,0.0007767267701972839,0.02261078595421378,0.015239578087271367,0.003883389844466317
O74563,0,680,U,test,0,0.6501652698290785,0.27102917849270763,0.0005483187935755216,0.03632335793165062,0.002101920577401006,0.013129779339433982,0.0006613987017544718,0.020777426979343913,0.003465481388550664,0.00179786796650367
O74628,1,292,S,test,1,0.024083271195487452,0.6611742175325285,0.004742276671813528,0.10793372886977964,0.004250949502047866,0.05327476133553751,0.009883754544481906,0.005458327335615595,0.003993397350960812,0.1252053156617472
O74648,1,246,S,test,1,0.1645663811564939,0.7491498516257168,0.004816579585360283,0.024270256743917525,0.006583483825319838,0.016943370757712618,0.0023110201356320538,0.014606097570281452,0.0067924656241006316,0.009960492975464858
O74734,3,244,U,test,3,0.030859274046169297,0.02990983343044782,0.0011826037640638096,0.9196273380996066,0.0010767729130715035,0.007987475794461196,0.0018897952475270786,0.003938671582040541,0.001667738471206153,0.0018604966514059599
O74761,0,459,U,test,0,0.45258044551879323,0.34430504067779194,0.002649419263144902,0.09412775924896143,0.004649876244469213,0.034763195561585185,0.006455712900318849,0.03177613137965342,0.01283871931570595,0.015853699889575884
O74765,3,425,U,test,1,0.10738194525093016,0.428034833692734,0.002143263309504258,0.40843369762780757,0.0010777005017763022,0.01910269782061799,0.0050617106206126425,0.0036458137202017367,0.011142505116202128,0.013975832339613232
O74830,1,220,S,test,1,0.04706086241367229,0.5291985299236069,0.01897720629314923,0.1639380463032748,0.0035104302395412316,0.07151439820923898,0.012641544515609842,0.00992246256404829,0.0041041085697212905,0.1391324109681371
O74879,0,634,U,test,0,0.8606323226228965,0.10522541692062196,0.00016972385483260936,0.017010645202495584,0.0030558031122860747,0.005982971956150063,0.0007488567173446123,0.005490283709113772,0.0008485659122922208,0.0008354099919666186
O74886,1,236,S,test,1,0.02206198391249528,0.7406497237282358,0.004874854577042952,0.11182138524701131,0.00332436228757917,0.0030745322251279758,0.016620765562695452,0.001545971882737213,0.006874647588282511,0.08915177298879239
O74890,3,445,S,test,3,0.0919596954920478,0.24706009312471852,0.002188177672327191,0.5524257747434516,0.0039008488368293607,0.06727914183199876,0.0036645080499475144,0.006136896719981843,0.01382970928581456,0.01155515424288288
O74942,0,610,U,test,1,0.26803209179496357,0.585435900743191,0.004133943283530625,0.052521565443803424,0.01303540577581201,0.05026346592917445,0.0036481917601887096,0.005829794071772959,0.014886901048411382,0.002212740149151974
O74964,0,803,U,test,0,0.5831695594078555,0.33227996457173975,0.000876759932223223,0.011822925196015953,0.0352967370489648,0.008125769726506707,0.000383028067919082,0.01603426378869618,0.00700485098365519,0.005006141276423603
O74974,0,652,U,test,0,0.8581252874298194,0.09552974372946318,0.0005999704550692164,0.010147729875145726,0.0038516443447125675,0.008379965847268871,0.00018878905646143213,0.017723070198067643,0.00443321506546439,0.0010205839985275836
O74994,1,746,S,test,1,0.3230313226814439,0.545218564325733,0.0024857184750824496,0.05855701248553856,0.00860849266585156,0.014990801301700381,0.0017626382611343613,0.013649280548661031,0.021473330486972624,0.010222838767882134
O75001,0,760,U,test,0,0.6069766809109295,0.26516848120581527,0.001962296369128121,0.03417646808600757,0.022022929088686444,0.01340986159439687,0.0009714071898735888,0.01340986159439687,0.03768241359556058,0.004219600365205257
O75064,7,1496,U,test,1,0.33605115400327346,0.5412199899131188,0.014310784124593441,0.06167944671993848,0.01837540910789709,0.013870486492076464,0.00011361676617430452,0.0008661699519855184,0.0020139053672861085,0.01149903755365627
O75072,7,461,M,test,7,0.024080103107533158,0.02771602897491063,0.08429441639548403,0.07652641191391547,0.02644682081396331,0.32982871152033655,0.006531903904051193,0.3650870911238359,0.045874856292515,0.013613655953454751
O75151,0,1096,U,test,0,0.7738618898905827,0.18964302657939283,0.0007511824998292448,0.008139315111964633,0.017332188893024823,0.004459976712079807,0.0009060991053092645,0.002747711742646361,0.0009951551972470249,0.001163454267923348
O75170,1,966,S,test,1,0.2407839184143055,0.6545184754587168,0.0023977357862999655,0.0031272368565968102,0.08518602604659756,0.006777357362070307,0.0001352709908684109,0.0027597769874565625,0.001186965240491271,0.0031272368565968102
O75324,3,88,M,test,4,0.0035771632025387106,0.0018998169066999505,0.003748835056506069,0.000641349992749207,0.809522865482863,0.026431858483424713,0.00017533532772214737,0.11662283514994584,0.03698481611500344,0.00039512428254692136
O75363,1,584,S,test,1,0.341233275036572,0.5714582066745072,0.00490560696714751,0.00035814809096831396,0.07495900062407526,0.002193923288101572,2.6352722943478114e-05,0.004572528769609744,0.00010422704256698525,0.00018873078350787
O75367,0,372,U,test,1,0.420449614818522,0.5071589950289291,0.008726152597502446,0.014728171761190638,0.022545678556812238,0.005292679652543282,0.010608304299373393,0.0022063169178131387,0.003312074115950666,0.004972012251363144
O75462,2,422,S,test,4,0.002543652147373514,0.007505469808051518,0.14328717903922883,0.0017757552792699337,0.8117771585246388,0.017633827056753672,1.0234158961731675e-05,0.013249920420811094,0.0015428028697660149,0.0006740006951448876
O75475,0,530,U,test,0,0.9635701493607677,0.03246037939578371,0.00017574350417451568,0.0003779079305258584,0.0020191498906932883,0.0005717564323326333,3.406943406291081e-05,0.0007005306337873921,4.656739702280329e-05,4.374602084917844e-05
O75554,0,376,U,test,0,0.8550599117312857,0.13529012938901855,3.119247376024803e-05,0.0015266053199862076,0.001841437632080683,0.0027214684205039323,0.0008430716017282815,0.002291705898188558,0.00020340046956501205,0.00019107706388281806
O75607,0,178,U,test,0,0.7415226274715424,0.22971299469741113,0.0019874068705450954,0.008837625811266939,0.009481387603067529,0.0038010152215781027,0.00035079814004958747,0.0012436873966690915,0.0012244058772613083,0.0018380509106087895
O75879,3,557,U,test,3,0.0766839330345198,0.14609007914923103,0.0019884361468060904,0.7419066620878035,0.008503463339033637,0.00786441771149411,0.002717869892177069,0.004343143776545525,0.003227550386976938,0.006674444475412215
O75909,0,580,U,test,0,0.8775504239482104,0.10983832190549705,0.00010829832181930043,0.0036428247146110893,0.0036713955957506403,0.0031773282709731503,8.616161729758331e-06,0.001471834258591721,0.00018136556917166104,0.00034959125364520223
O75934,0,225,U,test,1,0.16825736108131836,0.7139459444884262,0.00335829127225438,0.027413664698911107,0.007869501153397978,0.010344264444180254,0.0005482259711525742,0.052072820104500955,0.013491464016248265,0.002698462769609914
O76090,4,585,M,test,4,0.04634324590703228,0.07080316741400866,0.0021297347861268033,0.0653544459125338,0.5090569399965073,0.15647127171432426,0.0008740413712535436,0.07896735739803008,0.05892762333883783,0.011072172161345524
O76200,2,83,S,test,2,9.591226940761437e-05,2.1737936268233792e-05,0.9824540714028241,0.0007514672419794097,0.009783317095704118,0.003599081210210476,0.00016572154426268908,0.0015723222116277808,0.0015389021643348409,1.7466923380722892e-05
O76927,1,83,S,test,1,0.2603700376557361,0.45696370346772863,0.05999915856870693,0.12251061558224174,0.01306473422404289,0.0046949101056652665,0.06504901292578649,0.002717205237238688,0.004768844077232575,0.009861778155620716
O80678,0,451,U,test,0,0.8683014175689141,0.11936235859126687,0.0007209315209535796,0.002699594046610047,0.0028737029564478733,0.0017159663202061697,2.709350968489027e-05,0.0021861980029753278,0.0006564156566381714,0.0014563218263029926
O80839,1,226,S,test,1,0.45355185188220437,0.5059736627857803,0.0014893795188248007,0.01317139129884618,0.005799285896179342,0.014693748951711988,0.0004200987963894237,0.0013774508378199028,0.0021670345385590402,0.0013560954936847132
O80885,6,447,M,test,6,4.767108994419366e-06,7.737781404159386e-06,3.9914508375878034e-05,0.002079463007045089,0.00024284031341796928,0.0010134493487883281,0.9962365786635797,9.208181614843189e-05,0.0002237149649023284,5.9452487343668024e-05
O80931,0,367,U,test,0,0.8182410123936975,0.13674179919801147,0.0003159352331672755,0.021715072958400125,0.008021753054158972,0.0013510837474275783,0.004535087782360636,0.006247346837830208,0.0004596830807394631,0.0023712257142067174
O80939,4,675,M,test,4,0.009103838093631881,0.0353099507412119,0.02950256792157519,0.0028423566022864866,0.7520167016195938,0.04016801227334293,0.018534494033143212,0.014434678066646354,0.09449432519664941,0.0035930754519188125
O81027,3,468,S,test,3,0.006387613134492666,0.03590667556450415,0.00038661466573185866,0.48042600492654924,0.001482045484429406,0.0032880617652261356,0.4584257223149146,0.002462644319030349,0.002331584883370717,0.008903032941750917
O81242,0,355,U,test,0,0.966016236089443,0.02697891584246414,0.0002950621247064611,0.0008947647934086135,0.00195434608245614,0.001765604493350855,0.0011579117759176077,0.00038483349568180003,0.00017345806268051825,0.0003788672398908447
O81645,1,965,S,test,1,0.2505874742309726,0.6918942035856475,0.004661946293693504,0.012092168966574461,0.014700339812381008,0.010342980251599646,0.006224515186101157,0.002963313495548514,0.0045896696051765575,0.0019433885723050392
O81796,3,368,U,test,3,0.006276283004004685,0.14509705253244035,0.0035761182659042267,0.7722264620886629,0.003256092567065284,0.006577488071821476,0.04673953794709625,0.0012951841664846132,0.004926310531011096,0.010029470825509208
O82261,6,607,M,test,6,0.04573070145038554,0.053282185073962526,0.00900491118558669,0.04672383401712254,0.029068208513495022,0.01461641174989295,0.7856567308121329,0.00358190564911766,0.007123469664927622,0.005211641883376511
O82268,0,219,U,test,0,0.8868741503880766,0.060352545654669354,0.0003820144420551616,0.016956849958547453,0.020707604273621224,0.0029123288848443684,0.00025053120127999405,0.0038884692094777094,0.003404857637327736,0.004270648350100414
O82291,6,376,S,test,6,7.757310996968563e-06,1.642222854655461e-05,2.7935150418471928e-05,0.0008896456773789373,5.599141278431936e-05,0.00015212612285579448,0.9987510022872186,2.3159055608213868e-05,3.3696220673385405e-05,4.226453351879966e-05
O82359,3,364,U,test,3,0.024122063068550793,0.3329948227493369,0.0026231527163445246,0.41766905536266824,0.009520424725305985,0.036925711608646376,0.11507992301915436,0.009084452172732418,0.025279706252538024,0.02670068832472234
O82499,6,141,U,test,6,0.0010933828908146516,0.00025944771305403807,0.00013887235412144845,0.020610486026687056,5.699310056248109e-05,5.8802256416101755e-05,0.9776727053475012,3.3504517070501714e-05,1.9696289095231457e-05,5.610950467735964e-05
O82743,0,219,U,test,0,0.8232378663455073,0.10798530600332656,0.0017183596967029295,0.008197835689389027,0.017766376894375206,0.006587146067452502,0.017490934547495555,0.010691993642336913,0.003063307510230307,0.003260873603183622
O82804,0,695,U,test,0,0.6816861436842812,0.2841690698426634,0.0006413496267414161,0.007813238318000966,0.018936160416720325,0.0013791182620007361,0.0002982552602885449,0.0038377331882238235,0.0005234542620521362,0.0007154771390275476
O88286,0,1684,U,test,0,0.837545902354425,0.1455436402124339,0.002141970055254906,0.0019200496146188329,0.007447063729477687,0.0030206622263190723,6.6076711533319735e-06,0.0015188842635821772,0.0002120837530357045,0.0006431361196993226
O88291,0,580,S,test,0,0.8679633684762089,0.12119483875357427,0.0006984787718578367,0.002476322217021803,0.003911049547525387,0.001574046085499199,0.00010381959811467175,0.0008557941131395131,0.0008425261425748325,0.00037975629448352326
O88343,4,1079,M,test,4,0.07980088194707032,0.06511966180015143,0.0011721403644531477,0.03718340792785213,0.5112999709800582,0.19558966282776577,0.0015050579189873682,0.05725433340898412,0.04636597289980419,0.004708909924873283
O88703,4,863,M,test,4,0.10732705945723202,0.3179259239081982,0.006247184239118117,0.01385998363494751,0.5200920492479242,0.02163512979709579,0.0004455284547454458,0.005098803348750126,0.004227056482960022,0.0031412814290286174
O88705,4,779,M,test,4,0.01299722581514845,0.031004140050660586,0.002843980435159355,0.014274661381865403,0.8660604925031397,0.035192385199132495,0.00027292856157542394,0.01943508156646278,0.013409802645656818,0.004509301841199037
O88728,4,134,M,test,4,0.0008568182486364895,0.0017443955195760967,0.0022751203782363874,0.005935892696940216,0.9544121250896236,0.023707301362829253,1.029183436800711e-05,0.008527720945857752,0.0022051224090882827,0.00032521151484391517
O88850,0,1191,U,test,0,0.8365316201120703,0.15234373164103984,0.0006837856917040374,0.004897081182014919,0.0032877446337361517,0.0003717678689301111,2.3766325654730805e-05,0.0005758053026786028,3.6810003695217846e-05,0.0012478872384760744
O88871,4,940,M,test,4,0.005896535296545601,0.009571021344908786,0.2885850627273505,0.009721741947212063,0.6157261682262464,0.03873289349365472,0.000985409919501282,0.016472769507456273,0.013082035121139942,0.0012263624159844604
O88958,1,289,S,test,1,0.030395860887059076,0.7657601028694929,0.008640789191477854,0.09110044439817964,0.01126971344497137,0.05770937941223444,0.0033837819015834288,0.006223727313760646,0.01800895246978676,0.007507248111453832
O89017,8,435,U,test,2,0.006163309497590314,0.027087776550644576,0.7349950913860261,0.00822909788710328,0.07807550203926135,0.06485340432444867,0.001021976882815774,0.017150911609254953,0.060155575065378504,0.0022673547574764215
O94091,2,468,S,test,2,0.00014800745585001891,0.0029961252346564944,0.7274224104199667,0.0013610513306849305,0.019961476167097463,0.12839768724758271,0.01363915752938746,0.015156259639618306,0.08289977842147085,0.008018046553685106
O94251,0,102,U,test,0,0.4884048181701138,0.37741000735723845,0.012615101773447882,0.05376386399609279,0.00634327129679857,0.007301060618738234,0.021627315274509794,0.00833807289190913,0.009901706613383469,0.014294782007767886
O94275,1,807,S,test,1,0.33740317507271494,0.4366321225032944,0.0032311593812782377,0.05806208720372909,0.028131881466769787,0.028131881466769787,0.008512971843472012,0.02106980587290781,0.06643861470335521,0.012386300485708747
O94278,0,857,U,test,0,0.5736012694257445,0.18190725494293522,0.0008293375782852186,0.06093130250194769,0.014585961602113761,0.06093130250194769,0.019781496994894884,0.0384288890343625,0.009199250842491694,0.03980393457527684
O94284,3,459,U,test,3,0.0017288067040496945,0.02186009549171759,0.0032551680878124415,0.8282428668266681,0.0025952463929538715,0.09512995510168103,0.018316146615341217,0.003865607448429125,0.001756031475731787,0.023250075855615126
O94330,3,500,U,test,3,0.12235846836326414,0.2233002879928266,0.0053970966187968225,0.4782990704119883,0.012450971356547625,0.0274087184374094,0.04066600557759671,0.0249559240309334,0.013150847216885763,0.052012609993751215
O94358,3,845,U,test,0,0.5589337168698386,0.33901043633163314,0.004989226187810342,0.03882399821255269,0.011510025338703182,0.022535535711522284,0.0005017797068002425,0.0174141129451211,0.004201349666834127,0.002079819029184306
O94378,1,860,S,test,1,0.18087777341668523,0.7266511259314683,0.0004082283959956056,0.016243051599508295,0.048968672336229,0.00740761815794323,0.0003716961623712187,0.006385765915484993,0.0066401459643698,0.00604592211994432
O94432,0,474,U,test,0,0.8434897486665257,0.13345947038469344,0.000554007389327473,0.0026224531612461456,0.00707309262781928,0.004030126348362739,0.00014228086349019555,0.0069634335801300904,0.001136749457562075,0.0005286375208429126
O94433,5,172,M,test,5,0.0025151947859612302,0.001107425217949034,0.0014443548336940072,0.015131577876002675,0.01354152505789949,0.7481943110980092,0.00037094099654748786,0.13001667096313085,0.08593577474426925,0.0017422244265367856
O94438,1,252,S,test,0,0.5018905297812746,0.21925973440416005,0.006123488642757585,0.23893571897740218,0.0026336798367368373,0.0033292832564000116,0.01842474154415782,0.002435755865749811,0.0013037660123353609,0.005663301679025823
O94439,8,728,M,test,2,0.007401707724855008,0.014379064802967448,0.3483728158696564,0.01904916547340234,0.0845427731619214,0.2843336100619669,0.0067393314975742295,0.07424532487257376,0.1582554857861685,0.002680720748914039
O94500,3,452,U,test,3,0.037339200586277266,0.18129432809222099,0.007965515634751471,0.6735900866326346,0.0074829107796631645,0.022691643626335235,0.020660976640689336,0.005063190294685635,0.023411956469370457,0.02050019124337182
O94510,1,433,S,test,2,0.0006110229458547189,0.006698679356486097,0.8603843678571143,5.863808993009474e-05,0.018423541005960928,0.005888517636405053,0.0005065557913995106,0.014043293334199522,0.09211190289001102,0.0012734810926387937
O94521,1,333,S,test,1,0.025173252354661925,0.8016879528698029,0.01670362421608111,0.06763078247148252,0.004548713547927463,0.010576075834870056,0.01575301767977693,0.004767010901991237,0.002802381281545828,0.05035718884186004
O94527,1,809,S,test,0,0.8324205943110153,0.11265587898341817,0.00012391466689977532,0.025470512194995774,0.01106763826372931,0.005067134317251156,0.00040630056504046684,0.004039871539255374,0.007090195139803386,0.0016579600185912518
O94532,4,1461,M,test,0,0.6928710113825317,0.27560503756192056,0.00018676461597261232,0.006136664050039987,0.01068636738706826,0.003931294870052828,0.0008910042125459497,0.006041524321710019,0.003109910225082596,0.0005404213730755102
O94566,1,551,S,test,1,0.3428160111799841,0.5393252623884596,0.0030600886354264166,0.04612405067887393,0.012389897945797906,0.040545640538709266,0.003467534597382629,0.008924108414170724,0.0018560375019925416,0.0014913681192029323
O94598,1,815,S,test,1,0.2974607062365853,0.334444047363745,0.000601792303002653,0.08673523401286984,0.038714710778516896,0.06370521362380006,0.0014436246186733536,0.1356565063679765,0.031970493623868335,0.009267671070962056
O94601,1,321,S,test,1,0.0753971900890913,0.5399734672051368,0.0073495939652912755,0.12430895797170144,0.01876784590810443,0.08342652477366076,0.008199063576427492,0.10789607308052505,0.028394842204729345,0.006286441225332033
O94639,5,408,M,test,4,0.0004354271168598554,0.0017356544051185458,0.0032173953549632216,0.0006237205156662856,0.5582584669192256,0.11520314073111675,0.0025651310251014053,0.022952247125109373,0.2896206938906789,0.005388122916160017
O94676,0,1097,U,test,0,0.495920648330301,0.3743405420165378,0.0063410281986355935,0.05267961107456409,0.004030602923409353,0.03454812963202548,0.0018167349705288979,0.012809229438934127,0.0093714324859374,0.008142040929126241
O94682,1,253,S,test,0,0.5134129519001158,0.45308533264737383,0.0004906401149587355,0.004765455140534587,0.01442286556980106,0.0037697851619467116,0.0002929745530053592,0.005233827973041219,0.004172772164862631,0.0003533947743600928
O94704,0,168,U,test,0,0.8911991357496355,0.09033322716539686,0.0009353755946847866,0.005797412013622566,0.004325133108979682,0.0022791846671236316,0.0006843354510963277,0.0016937463562536877,0.0005945609061602139,0.0021578889870467015
O94745,3,502,S,test,3,0.0012634384186398667,0.007490398156908789,0.0004038191249757084,0.9672546722839493,0.00020949860482189495,0.007284799843853427,0.010557997407340704,0.0006157506354853469,0.0013344567732810214,0.003585168750743949
O94752,1,454,S,test,1,0.08821095198086074,0.79238197972382,0.002602034371395823,0.0763402170261983,0.006855447634974464,0.011845151522328555,0.0017064559148649106,0.0070180193112832304,0.0036694569850572777,0.009370285529216742
O94753,2,361,S,test,2,0.00018614604400483896,0.0017661043533817155,0.9292717517912829,0.0010711964607066987,0.002451993201306744,0.004345612852002493,0.011835694998188333,0.0007248078310408972,0.046265712823442384,0.0020809796446430414
O94804,4,968,M,test,1,0.25625763129488166,0.6051995939889565,0.00031939819270761493,0.013163308085469958,0.07938490306468703,0.010743579225490466,0.000778262294488041,0.02497956978414634,0.007500227305142895,0.0016735267640294394
O94888,0,489,U,test,0,0.7048103874074201,0.2513079070278806,0.0001650600039888066,0.007829736990105652,0.01057729879793297,0.008734702212846562,0.0004776169706219852,0.013266904401409799,0.0013820306757706764,0.0014483555120228604
O94901,0,812,M,test,4,0.17748980300236386,0.17439712632831905,0.018096346142356095,0.05910430997622513,0.2765170579776086,0.10536482369836145,0.0015325913161160678,0.15602354592013265,0.02612512602969603,0.005349269608821064
O94927,1,633,S,test,1,0.34793500821454854,0.47930069007118226,0.016020843173983754,0.11120670627653113,0.009566483669724114,0.011360479103805518,1.642547553303307e-05,0.00427839563432924,0.0027195139726053454,0.01759545440775706
O94966,5,1318,M,test,0,0.5050877981065789,0.3087540002864676,0.007609669663624442,0.021341845614302933,0.10838284455776136,0.029862610932645896,0.0004499111138333205,0.010815520882907015,0.0029337890750154886,0.004762009766863062
O95232,0,432,U,test,0,0.8835374699383288,0.10887317332152607,2.2152247407348075e-05,0.0014140157495583113,0.0009948843581843744,0.001154086046568623,1.430256637536343e-05,0.0033656502964421573,0.00024958861658154095,0.0003746768590273873
O95445,2,188,S,test,2,0.00020913149724028583,0.0014069975459603886,0.9505902037384525,0.0021707046980131463,0.03382314990934217,0.008128401491193302,1.4010936989118301e-05,0.001463046056031471,0.002153812135078915,4.0541991698671956e-05
O95563,3,127,M,test,3,0.00014496633166918683,0.0006808735509512434,0.0023214310540425913,0.914837342712237,0.005450456653036795,0.05537115663783542,0.006529716608472624,0.0024519198301065984,0.002822142456567217,0.009389994165081322
O95684,1,399,S,test,1,0.39557100415323443,0.4310688493353131,0.0007696208985664031,0.014982649531559708,0.0980815243503306,0.030862723383006472,0.001137426037460131,0.021046547790039987,0.005342228483029086,0.001137426037460131
O95747,1,527,S,test,1,0.2285147798233571,0.6020562555699865,0.00020196737255165768,0.007461272337752809,0.10585494478747187,0.015072184011360637,0.0050485492245020734,0.025839731393293156,0.004318252566606505,0.005632062913117598
O95834,1,649,S,test,0,0.5382443822324614,0.42578638832950544,0.00013629449344045193,0.004045833950676163,0.014121347515923576,0.006882195094594037,0.00048320596341480074,0.005035121605322521,0.0019111167028767848,0.0033541141117848323
O95841,2,491,S,test,2,0.0023291479084055233,0.004668393216260058,0.8896382534785304,0.0030856195661999584,0.03657659922691405,0.016342099909805303,4.4359203874618325e-05,0.035729300567006066,0.011242724129569715,0.00034350279343431514
O95926,0,243,U,test,0,0.48288578908912816,0.3819941134632046,0.0011421415979053114,0.07867512547875037,0.007106644292431196,0.015766778351439813,0.010021973945282476,0.014927686546464458,0.004517257504662325,0.0029624897307312823
O95931,0,251,U,test,0,0.852466676190384,0.10922899542992867,0.013045544295705883,0.005610818655059169,0.012303119935313219,0.005353880698549244,0.00013508299907031803,0.0007417515961744787,0.00026037931021363753,0.0008537508896013848
O96693,6,488,U,test,1,0.1268023903660569,0.6049403696388385,0.0038291001185649454,0.18887159320033,0.002935873127168125,0.03000078686972842,0.002511185175143907,0.010490209018838017,0.023002401153844883,0.006616091331486347
O97859,4,428,M,test,1,0.1909963222573826,0.49347535602986475,0.005612018146567351,0.2189783639662066,0.01883746901440848,0.018115815078918514,0.007551795929607308,0.003680451601974786,0.003797281364305936,0.038955126610763634
P00287,6,99,M,test,6,0.0017471963759517737,0.04126941947124367,0.21497301110600875,0.002107521136085808,0.0365626789072555,0.032077943302023564,0.6318407902645816,0.0028359797964483957,0.035785534891733584,0.0007999247486673575
P00288,6,99,M,test,6,0.0012012870383089618,0.024991849643925826,0.2718549095212597,0.0013826729378394991,0.021523291423003386,0.013429529144602895,0.6420354300160561,0.0015667735262821568,0.0215653685772723,0.00044888817144919424
P00289,6,168,M,test,6,3.2047533396563993e-07,4.963619364785255e-07,5.6042623961501516e-05,0.00026946135050590986,3.843660373102349e-06,3.754621756066594e-06,0.9996644914699663,1.9136456725903783e-07,8.443399340040864e-07,5.537316654791338e-07
P00290,6,99,M,test,6,0.0012171692306412027,0.019132923511366466,0.2015228540924377,0.0011082451279575982,0.018274599938435464,0.01670433806195111,0.7257116989507624,0.0011797208696314252,0.014734329288605685,0.00041412092821095805
P00291,6,99,M,test,6,0.0008410788078036179,0.012311377470138966,0.15534990909275725,0.0007778707018386735,0.03307590608794755,0.021990312098248962,0.752804154465456,0.001262608906086735,0.021230647181000473,0.00035613518872173506
P00292,6,99,M,test,6,0.0010902216594161588,0.014473486912044265,0.23542231704471095,0.0010402967118475124,0.02615696213653819,0.019705783281114754,0.6812170093892871,0.0016885682887090865,0.018785036732392922,0.00042031784393908997
P00293,6,99,M,test,6,0.0014762671622132013,0.016223966261310334,0.32890428442534214,0.0009095018738886216,0.030953485828247806,0.016829117288190226,0.5772450276659095,0.0017259313324610231,0.025214199574277733,0.000518218588159395
P00294,6,99,M,test,2,0.0017561615022307073,0.03874030192193264,0.4869349119180535,0.001151718738357786,0.03589896723795461,0.028593216887194895,0.3733459571775306,0.0023265359055187136,0.030616189142166565,0.000636039569060006
P00295,6,99,M,test,6,0.000624579150749446,0.007520285042899654,0.3039376765408978,0.0010459731668072923,0.023992955919286272,0.02052226123910746,0.623639649290793,0.0008946682879645536,0.017622323879072817,0.00019962748242177868
P00296,6,99,M,test,2,0.0013024347218810932,0.016948059309263044,0.4784182638620725,0.001167494927523698,0.026313832197417775,0.019284540910253837,0.43560478368883043,0.0011858803994170102,0.019407341380435036,0.00036736860290558903
P00297,6,99,M,test,6,0.0013031712055283566,0.01632394143750696,0.28583816760349234,0.0010636174516856429,0.028916434532464164,0.020157375193717745,0.6243279213198808,0.001596678690022733,0.02006898895279865,0.0004037036129025519
P00298,6,99,M,test,6,0.0018752223450832362,0.025535133195246813,0.2916639499671385,0.0009728525358142467,0.024176178934893065,0.009338969532734574,0.6271759980473076,0.001415492060907828,0.017265286607142397,0.0005809167737317785
P00299,6,168,M,test,6,3.9882010334639806e-07,6.274320949544346e-07,3.506900703731936e-05,0.00033013613199011434,3.9346333912962245e-06,8.073342825941272e-06,0.9996196449060907,3.631298287118918e-07,1.307680703198003e-06,4.4491593447927423e-07
P00732,2,417,S,test,2,0.002136796918094105,0.016611400777024044,0.6306858577292727,0.0033616532602878855,0.0272807959667211,0.09484811004622139,0.0018857166625891638,0.03076261428479918,0.18936623388206913,0.003060820472921353
P00927,3,576,U,test,3,0.011478204232033417,0.07254447757597067,0.003150247955530774,0.8466023767276567,0.0024534156443175204,0.01709673360275542,0.012754940374384419,0.005400781031415319,0.007324545613526874,0.021194277242408834
P01040,1,98,S,test,2,0.0072542760044627995,0.05175054065440953,0.8995580711003303,0.0037929863081901526,0.013982984291296597,0.014884808218226556,0.001290498625146492,0.0017365557201032469,0.00539092059047598,0.000358358487358372
P01096,3,109,U,test,3,9.663135321920938e-05,0.0003632611477308132,8.200996598162036e-05,0.9975831112024905,3.262130745507034e-05,0.0003466262118225129,0.0007826614352057949,0.0005332077114412817,2.4242099357661847e-05,0.0001556275652954377
P01142,2,190,S,test,2,0.0005233692693769429,5.2227006868329554e-05,0.9839690467154569,0.007873237699050802,0.002652702264343789,0.0038521281053232187,2.855793676929455e-06,0.0006263909454400883,0.00037992534327558914,6.81168571873537e-05
P01143,2,187,S,test,2,0.0017937003742167469,0.00013405980914140835,0.9586544565819658,0.007945151943988146,0.010817397310129425,0.0095836826860737,1.1714014280970022e-05,0.007837265675054586,0.0029342977590391265,0.0002882738461100714
P01405,2,60,S,test,2,0.0002528130260909052,0.0003220921579339103,0.9906213828459617,0.0004873098487187656,0.0075634871324902235,0.00032716434407071394,2.191864625780156e-05,0.00013853010573188293,0.0002528130260909052,1.2488866653177155e-05
P01406,2,60,S,test,2,0.0002216541729615177,0.0002936440827259466,0.9918908931089853,0.00028460958449321984,0.006735726163364772,0.00020822483632157877,3.0949860514339016e-05,8.81679430806475e-05,0.0002378002066166065,8.330040936086104e-06
P02655,2,101,S,test,2,0.00040977743715752806,0.0019246303269333151,0.39042423644622726,0.10026923944382365,0.0534610135109714,0.3667696256374802,0.0010142089249383466,0.06323901801859175,0.021579119257564925,0.0009091309963116183
P02724,4,150,M,test,4,0.000899856101093637,0.0003870232888512428,0.03708563264134121,0.0002171004025544977,0.8708585525005335,0.016328581840635577,1.2835756938611047e-05,0.06821091213928125,0.005983530969966641,1.5974358803876164e-05
P02730,4,911,M,test,4,0.01410193955658838,0.0181781187546973,0.004507250707915503,0.02271157920869068,0.5632999651511542,0.24996285638115934,0.0005554022610855506,0.04907661401574744,0.07302804436625396,0.004578229596707651
P02835,0,410,U,test,0,0.9637511756087843,0.030499431563387733,0.000190059737534979,0.0007755624075757805,0.0037326641954649772,0.000383931174556991,2.9775130113252773e-06,0.0004929774332114411,0.0001246442234131291,4.6576143059340384e-05
P02836,0,552,U,test,0,0.9567187328367626,0.03652088905941545,4.2098609264441926e-05,0.0019355362586046109,0.0036676260215608753,0.0002275829292296445,3.60088470664416e-05,0.00044558575009123654,9.487068510429669e-05,0.00031106900290041165
P03872,0,296,U,test,0,0.7953882819277215,0.15180250660884534,0.0039826820824229335,0.01791900159411028,0.012172057283091968,0.00437412024978294,0.002780360147267824,0.00437412024978294,0.003406568222477723,0.0038003016344965506
P03973,2,132,S,test,2,0.00019265055841976252,2.0147205416695967e-05,0.9845505330422136,0.00040784127949747116,0.01426501834164875,0.0001823978889163594,3.237950451448479e-06,0.0002695666072152804,9.315972795587124e-05,1.5447398264775945e-05
P04201,4,325,M,test,4,5.071568121109808e-06,1.0570055754639716e-05,0.00021585925409044142,2.321932994276068e-06,0.9956489719346389,0.0019371294028488536,3.3450618839258986e-07,0.0009222119069278518,0.0012507048980675136,6.824540368095696e-06
P04814,2,256,S,test,2,0.0002486591544421562,0.0008478007005543102,0.9667624849533583,4.2540564395417056e-05,0.005132903969522593,0.0008478007005543102,4.672167136068247e-05,0.0017532176687442063,0.023827201194269558,0.0004906694227984702
P04913,0,126,U,test,0,0.802769230446635,0.07124981911416697,0.010590340767075728,0.09077463148976703,0.010426152325175513,0.002806161018266009,0.005161319774004234,0.0024764283616499944,0.0017560505949241127,0.00198986610833544
P04919,4,929,M,test,4,0.0074517807327164325,0.011954519169563404,0.0030344059275257476,0.011954519169563404,0.6760490055548906,0.18627108950116428,0.0002414158120805757,0.03685848850073983,0.06263719605573344,0.0035475795760222966
P05166,3,539,S,test,3,0.028419749113162304,0.1853200328259606,0.0031637937705060026,0.6318467286125096,0.00922654206616064,0.01166344142664414,0.08753898696098757,0.0023511317768394953,0.015093614849907126,0.025375978597322546
P05186,4,524,M,test,2,0.0008701684214841599,0.008191679960058143,0.5609778409410192,0.00858480706835783,0.1879040531451129,0.07445167328352971,0.00028695109149356806,0.010477317952089896,0.14748758718055557,0.0007679209562990019
P05366,2,122,S,test,2,0.00014438864613584534,0.0023485913901933283,0.76730032391862,0.1063053630340461,0.012846026840285732,0.07597302060470879,0.0007928495928069782,0.012846026840285732,0.018654387837327573,0.00278902129558996
P05549,0,437,U,test,0,0.8353525893512194,0.14069634016801277,0.0010911464404259144,0.009668464412090003,0.005165058493183313,0.002346333720526242,2.9078068008141987e-05,0.0023280744418806005,0.0007859233765290996,0.0025369915281244918
P05740,1,184,S,test,3,0.20432550909130434,0.17205930761687602,0.02007352491804742,0.5554142322877823,0.0010072403244714536,0.003627211533121321,0.031641824157465685,0.0015358580009779796,0.0018817726458248063,0.008433519424128667
P05747,1,59,S,test,3,0.08506788638055816,0.18435939235373378,0.2155379844484997,0.5090326415276671,0.001281635772430526,0.0013018183465323076,0.0002728759874780829,0.0005342652175114973,0.0003970322235789873,0.0022144677420098385
P05764,1,87,S,test,2,0.06753078446394871,0.3005167365116006,0.3198984075025555,0.11317563873800084,0.04484265030890304,0.0050905124981361575,0.13283359214221527,0.001391668604786664,0.0077621042767498545,0.006957904953103346
P05981,4,417,M,test,2,0.0002124943327419911,0.001864578747964923,0.7405625077034049,0.0052293404202696965,0.17589903020375589,0.03056666724979713,8.065375753285468e-05,0.02032205837348373,0.02389851434326081,0.0013641548677880465
P06103,1,763,S,test,0,0.624124954480114,0.28352154040346783,0.0014762063507987055,0.02807243318981699,0.009185265023634426,0.021523881864883496,0.007734768878213587,0.017026791865798682,0.005152466299649721,0.002181691643622631
P06296,2,191,S,test,2,0.0035217961160494532,0.0002846047205981796,0.9464527486820179,0.011844477578872218,0.008593971558331883,0.018380950660980316,2.2999587516640323e-05,0.007527888389353657,0.0028631998990020116,0.0005073628072777821
P06400,0,928,U,test,0,0.8855636252807324,0.1041257476001065,0.00018590385053473456,0.0012605357255999824,0.00520440582910622,0.0019071296722792544,5.669746746218371e-05,0.0008462836989038556,0.000628904581245026,0.00022076629402983705
P07030,6,165,M,test,6,5.894339718886529e-07,1.190689442331691e-06,5.737062799566024e-05,0.0002823881248564454,4.458645020906593e-06,5.09193255397706e-06,0.9996469111813708,2.615597078303084e-07,1.2094399263345886e-06,5.283651537745051e-07
P07250,0,355,U,test,0,0.49146832607730684,0.29346913459119084,0.0016521624909703817,0.028163378406163394,0.022105688118019284,0.04809502082773473,0.014725562732840584,0.029514965759825575,0.06690387575476515,0.0039018852411832217
P07251,3,545,M,test,3,0.05639605127348815,0.06230293518947819,0.002536630614821899,0.7370912197020734,0.002169695090417743,0.020425298318572493,0.06567661785336439,0.003467163240561327,0.008784811441975274,0.04114957727524713
P07256,3,457,M,test,3,0.0004923274438950069,0.00507040080519524,0.0017050188512157092,0.9328679621802439,6.162199919781249e-05,0.014786761511506617,0.03451481831899517,0.0004413194358895563,0.0012474183268824605,0.008812351126978474
P07266,3,363,S,test,0,0.6952756801939143,0.18208335755489977,0.0077238154497309384,0.04505933924015035,0.008221958020178574,0.020191181911792568,0.024932781803284915,0.008094489759127608,0.005830241965913147,0.0025871541010078747
P07313,1,608,S,test,1,0.21097801618360285,0.6200988290528422,0.0027832768382097324,0.0021676181342333025,0.14387451107245597,0.011357506733146436,0.0002933552021998836,0.0051998458784539795,0.0016108369449115696,0.001636203959944121
P07664,0,433,U,test,0,0.9664630360016724,0.02345052936337705,0.00022633660565030548,0.0031613109384109966,0.0031736837917301195,0.0012428325220353539,0.0004644125906416757,0.0013333645274884185,0.00039723312055718537,8.726053843647363e-05
P07665,0,356,U,test,0,0.929794637074042,0.053699368338149575,0.0006106927938883672,0.0079816982650484,0.00407665234952509,0.002049869685586016,0.000376236898089031,0.0010886775884852186,0.00021437332086705313,0.0001077936863192918
P07766,4,207,M,test,4,0.0016126083146824535,0.0012856833822314007,0.07892341311065959,0.0001809296526135657,0.9032306579693594,0.006003280178982535,2.790534623692613e-06,0.007312401572588686,0.0014120470821821851,3.618820207650739e-05
P08018,1,668,S,test,1,0.1603349725954852,0.7185714754308402,0.0005966140816745398,0.014797418199999633,0.07398243159321351,0.007211685093770571,0.000350731362553698,0.014568005512958792,0.004013907581633023,0.005572758547870848
P08985,0,141,U,test,0,0.7633987322133139,0.08109270416877887,0.0041331111458850905,0.10997801524918598,0.004198198483732457,0.003480428673391525,0.01529650228279062,0.0016440381721362083,0.001777628938881125,0.01500064067190428
P08992,0,146,U,test,0,0.7386961172466568,0.11196293223554328,0.012611059794951364,0.08271769646064998,0.008872987929738283,0.0034208419677551408,0.023560561843137675,0.00147128574593026,0.002835977429514173,0.013850539346122957
P09031,2,97,S,test,2,0.00021968793309814846,0.0016617816661240882,0.9830921167092838,0.003636760823674923,0.008844230211384821,0.0006927336710750366,0.001388470624584313,1.3193286408969668e-05,0.0003456176447434432,0.00010540742962245927
P09932,0,586,U,test,1,0.28864448856027064,0.5520470064601759,0.008648477372891995,0.06710182780873483,0.004417209823792522,0.003837738597722914,0.06218037666708399,0.0016250005927140507,0.0022916183484152633,0.009206255768197944
P0C0S6,0,128,U,test,0,0.709525350688481,0.08375345258393475,0.00633345680907952,0.14989105180993573,0.0065857534717305285,0.004089187509832859,0.01997105061769391,0.0022938259008761196,0.0025992454318456096,0.014957625176590009
P0C0T4,1,108,S,test,0,0.896731344520921,0.06702101735564436,0.0003152564928144932,0.027721098562333724,0.0013067017539709965,0.001083293890885113,0.0005117117942451377,0.0027022067420645474,0.00016612850000080118,0.00244124038711985
P0C0V8,1,87,S,test,3,0.07231660293320799,0.24424295485655456,0.08457312856989613,0.3964454589821547,0.007729456407706196,0.01573639199868606,0.13862288201536088,0.0036511363531513117,0.007851176079042278,0.028830811804239905
P0C0X0,1,67,S,test,1,0.23428608827158054,0.451598264653227,0.09823891787511906,0.09410711664976847,0.0067508473501244805,0.00577430538674122,0.091211739214311,0.00222619309432936,0.002995670161653528,0.01281085734314537
P0C1Y9,2,61,S,test,2,0.0002613069497527248,0.0002306025560987304,0.984678801664028,0.0001488882021994023,0.01404568742766829,0.00011778026213399564,7.073254895547839e-06,8.7526868683946e-05,0.00041431776748099275,8.015047058343581e-06
P0C1Z0,2,61,S,test,2,0.00024965464411638786,0.00023270374329690947,0.9859180742598098,0.00011078358112131413,0.013006487315376371,8.232736098069843e-05,6.0576900954144174e-06,5.9298179559894636e-05,0.00032816484844467333,6.448377198558797e-06
P0C2B6,3,128,U,test,3,0.0012013554983528935,0.0005258594251694581,0.0003421832275882615,0.9964047817698419,2.2046610282299107e-05,0.0002483984026534574,0.0005866385268178139,0.0002949803936606179,2.0710873592831724e-05,0.00035304527204044466
P0C5W7,2,66,S,test,2,8.926936143877656e-05,2.5522384648762455e-06,0.9964665292642624,0.00043619272679492986,0.0007021579417725055,0.0017514877228863605,1.744138582724157e-05,0.00017753331637030938,0.00035375745496304007,3.0785872196112977e-06
P0C606,0,293,U,test,0,0.6448427618146254,0.3192203136664729,0.0009544514434271782,0.01424643212152065,0.006522492549849748,0.00218476131412404,0.0009544514434271782,0.005200183614378107,0.001064767643000693,0.004809384389174132
P0C607,2,75,S,test,2,3.0145691320144048e-05,1.5976631303648351e-06,0.9967866563963942,0.0010878728174311808,0.0010340085052927552,0.0005136239015447494,6.0895967317301785e-05,0.0002697372506289724,0.000205205251466752,1.0256555473589263e-05
P0C7L0,1,485,S,test,1,0.28489702046567866,0.6420253313908384,0.0014044247360065448,0.0010768097953328818,0.0671423652574333,0.0006738503368666355,0.0006844620005720119,0.0004023743841809221,0.00012661273252378394,0.001566748900566834
P0C7P3,0,912,U,test,0,0.5381712651943668,0.3816205375680497,0.001465104798357788,0.0499600483036693,0.011169387416073675,0.004656093434440087,0.0006813369942295604,0.007099694692981134,0.0013763384690250607,0.003800193128806931
P0CB05,1,711,S,test,1,0.2661884129822104,0.6286529304426667,0.0013538526840722923,0.007038477810285542,0.02567036450656316,0.004336279818187549,5.0090660821323595e-05,0.06397056581451632,0.0014869162118664582,0.001252109068810273
P0CB20,2,123,S,test,2,0.00032913431741747004,0.0004641537976132261,0.9811355501450791,0.0013326215598283729,0.008792217847623011,0.00040961426690932975,0.0027558079538861618,0.0009158965577287364,0.0038204600685054343,4.454348540907942e-05
P0CG03,2,260,S,test,2,0.00013744808040106515,0.0013040713027515278,0.9676457811038791,0.0008892992781772601,0.019771490588364117,0.002593455182585797,6.0046620222281e-05,0.0005521784864970593,0.006700684898127508,0.00034554445899428565
P0CG12,0,524,U,test,0,0.42769041577466616,0.15981624614132608,0.2871377662822778,0.039164653841104693,0.044292769604425214,0.00446335023733572,0.0005166702672094608,0.0013612449160922743,0.0032148305178432233,0.03234205241771945
P0CI04,2,42,S,test,2,0.0002864750800916174,0.00018352281396660384,0.9906226792232261,0.0002179387185179102,0.006571280637085436,0.0004168187649429007,1.371635671143688e-05,0.0005521951131587964,0.0011198306229698272,1.5542669329380293e-05
P0CT87,2,472,S,test,2,0.0004275410312212636,0.011321031468709062,0.917974828070772,0.0002083668365229966,0.019580099697492376,0.00301445740680014,0.0035518992164546522,0.005208516018683121,0.03643782803013834,0.0022754322232059806
P0CT88,2,407,S,test,2,0.00012916497955366767,0.005666577134351247,0.867690663597618,0.00041048547992798026,0.01633285881928227,0.01182891868484019,0.02609983775053467,0.005666577134351247,0.061880818157770856,0.004294098261769884
P0CT92,2,617,S,test,2,0.007103532130059748,0.02293048067861062,0.6701268594300603,0.03635764889076792,0.015515539889085115,0.08113699455502486,0.005619356442732566,0.032974958619416905,0.02137355891887856,0.10686107044536337
P0CX31,1,135,S,test,3,0.2783974726248359,0.1811566961333441,0.014300575578088635,0.40824291390440565,0.001519091437760088,0.007959470207524572,0.09887868233884711,0.003068648998282185,0.0014955400359161271,0.00498090874099564
P0CX32,1,135,S,test,3,0.2783974726248359,0.1811566961333441,0.014300575578088635,0.40824291390440565,0.001519091437760088,0.007959470207524572,0.09887868233884711,0.003068648998282185,0.0014955400359161271,0.00498090874099564
P0CX82,1,189,S,test,3,0.23911454841302807,0.15928462852353217,0.036100899535038256,0.4755360694490031,0.001356716793444052,0.00451855707413653,0.0512096084956605,0.003925790252606419,0.00627339519372794,0.02267978626982295
P0CX83,1,189,S,test,3,0.23911454841302807,0.15928462852353217,0.036100899535038256,0.4755360694490031,0.001356716793444052,0.00451855707413653,0.0512096084956605,0.003925790252606419,0.00627339519372794,0.02267978626982295
P0CX84,1,120,S,test,3,0.12323730974543756,0.07244747008926578,0.005457136687270604,0.7788836823640138,0.0005445675831862181,0.002328820254187128,0.006582563631113818,0.0018136868876407056,0.0005445675831862181,0.008160195174698194
P0CX85,1,120,S,test,3,0.12323730974543756,0.07244747008926578,0.005457136687270604,0.7788836823640138,0.0005445675831862181,0.002328820254187128,0.006582563631113818,0.0018136868876407056,0.0005445675831862181,0.008160195174698194
P0DJ86,2,231,S,test,2,6.044799824013594e-05,0.000490553101949416,0.9741138953769302,0.0001776665474291823,0.017292592919276935,0.0010883396179805621,6.638914149632964e-05,0.0002709091388318755,0.006361589391428221,7.761676643715632e-05
P0DJI8,2,122,S,test,2,0.0001120337330004343,0.0013023493825986185,0.7764985570014998,0.13078369214788768,0.0064103878174558435,0.05409448972405849,0.0026308179396620484,0.009075478660732538,0.015468088927203045,0.0036241046659014537
P0DL36,2,112,S,test,2,0.00466587027020966,0.0014064314222967016,0.9651713705074181,0.003120304506327654,0.015061614626879934,0.0013007365640252662,0.00017880769020566667,0.004248323938205321,0.004776518367153712,7.002210727798087e-05
P0DL48,2,48,S,test,2,0.0002711850217725989,0.00027545557205849673,0.9904615834586544,0.0011240307213273987,0.005708299208087822,0.0004200195854854677,0.00016193197051142232,0.0007429389617519228,0.0007785933054391549,5.596219491132078e-05
P0DM40,4,2038,M,test,4,0.07632889073919097,0.19076973750615667,0.01903690825229898,0.03188081922783088,0.5026112939985005,0.0637751687104164,0.003959299645142899,0.08632319669799796,0.022083199289235453,0.0032314859332293866
P0DMC2,2,58,S,test,2,0.0004312384046151814,3.148381447713836e-05,0.9779595104070846,0.00981493969403782,0.001978508431353724,0.00788652617858961,1.4871899055615585e-05,0.0005712980150535209,0.0012724409224397172,3.9182233293061164e-05
P0DMC3,2,54,S,test,2,0.0019957841873150485,0.0001045404037641693,0.9750057247757138,0.016007674511355877,0.001889570458855002,0.0026336765743484904,0.00014513996988581093,0.0009317585298201202,0.0012343793374492605,5.1751251492447594e-05
P10506,1,340,S,test,1,0.2043072203944921,0.5685346916528261,0.00029081654329891866,0.013475520995949354,0.1382411765522166,0.01799218045451083,0.0035986626816922993,0.024116736728023256,0.016382068954401904,0.013060925042588618
P10734,0,429,U,test,0,0.9085615128666292,0.07815840712486796,0.00012705473428904367,0.00440939601748378,0.005226069510175797,0.0014885464672506744,2.1399509582905393e-05,0.0011502594964544483,0.0003852886957885835,0.0004720655774776137
P10911,1,925,S,test,1,0.1868487932274893,0.6078859094376915,0.0036715437468389095,0.010875905152290307,0.1039970240140664,0.020800712007205412,0.0007817168528712208,0.04756682834737523,0.016199611454577253,0.0013719557595944876
P10964,0,1664,U,test,0,0.589320559088978,0.3280063077362389,0.002334319128996553,0.035322395340503604,0.0074184511343271834,0.011136413904501192,0.0036723996744133427,0.0059608935403361735,0.013968192483222619,0.0028600679684824414
P11373,2,224,S,test,2,9.12036466225499e-06,0.00023706213131028663,0.9888123063579721,0.00016942066076474586,0.0011829235601403495,0.0007388101809364004,0.0023479338272712337,0.0004902349224002204,0.005148431331758586,0.0008637566627837895
P11456,8,279,M,test,4,0.0011339512579229371,0.0023267169342383316,0.13735698355394857,0.0026780346316942196,0.5183798147139114,0.17363548521374564,0.0003404739011145276,0.08396463958497122,0.07949612400721932,0.0006877762012338667
P11490,6,171,M,test,6,6.891135695154808e-07,1.1361563678585099e-06,3.125264296793483e-05,0.0003101406358779566,5.680423839437001e-06,7.733949209639185e-06,0.9996403555218214,3.575074210056827e-07,1.4818272267935905e-06,1.1722216984952103e-06
P11597,2,493,S,test,2,0.0005622687805530127,0.013411328330015364,0.5274081282659195,0.0010838013948715546,0.1633834110071512,0.17122434250075386,0.000444791225952754,0.03813077174827701,0.08279868297736247,0.0015524737691432829
P11672,2,200,S,test,2,0.000651800874320704,0.005414992004578723,0.932257297893599,0.006005567437678699,0.04605315936111589,0.006029072624062614,6.290962543310854e-06,0.001976561865830092,0.001412585007254143,0.0001926719690167929
P11717,8,2491,M,test,4,0.004332078836829666,0.008958564586660953,0.30370216096034425,0.003535739788159557,0.5414076717483708,0.07442541791614941,0.0001228916141721065,0.04392368938026606,0.019188839036507872,0.0004029461325393116
P11831,0,508,U,test,0,0.9404619055833238,0.03881749887109016,0.0009128999966516309,0.002757542568319002,0.015440533503316029,0.0005201547678084337,2.9345125884165482e-05,0.00034112582612943977,0.0002069032544167266,0.0005120905030606515
P11911,4,220,M,test,4,0.0005261138268303517,0.0006915635681390929,0.041794399371341565,0.00022984210972462442,0.9512360994276362,0.0035848178724910847,9.843906505657996e-07,0.0012769583451115718,0.0006346144168211404,2.4606671253770448e-05
P11970,6,168,M,test,6,2.827980447482704e-07,6.176876860685731e-07,2.5357421484001368e-05,0.00036828335736308065,3.1124654629014384e-06,8.168284303639549e-06,0.9995921889489529,2.9636975292440665e-07,1.2477632591968447e-06,4.449036906331655e-07
P12080,4,1396,M,test,4,0.0030391408631505416,0.003553115425185943,0.2530152723104556,0.006235912258359047,0.5440683204464961,0.05667629298366709,0.00015130990786486838,0.06523401097854212,0.06730476568395599,0.0007218591423226953
P12353,6,212,M,test,6,0.00015303177091948486,4.216468420811158e-05,0.0001524351569911993,0.010812498760058367,9.576483735685478e-05,6.134925479904043e-05,0.9886375529906773,1.7036075053944333e-05,4.880917097356687e-06,2.3285552838248868e-05
P12359,6,332,M,test,6,2.126434249879121e-05,3.8504749065148365e-05,0.00045376455013443795,0.007689850076883873,3.293485391734428e-05,0.00015468743853905466,0.9915568414468231,7.701434391844797e-06,2.4475106430525995e-05,1.9976001315889953e-05
P12843,2,304,S,test,2,0.02014813624091388,0.008301142049664735,0.5684740164324766,0.03157389325975122,0.16935854020992946,0.10272115529124372,1.5653756101884784e-05,0.08549213584447038,0.012461491029556028,0.0014538358858920979
P12979,0,224,U,test,0,0.9600109670021039,0.02347667154101301,0.0013141562172934564,0.0008096281189255071,0.010811568216591983,0.0013244631650943224,1.5875628122855313e-06,0.0016483210716214944,0.0002319623358459149,0.0003706747686981818
P13002,0,1333,U,test,0,0.8319100955581735,0.15631127396933556,0.00019789362458293172,0.0012217533107562043,0.00648331659026531,0.0010951724742255912,6.986499330821919e-06,0.0015565540302049912,0.0010450209815056723,0.00017193296161942747
P13010,0,732,U,test,0,0.8223581328925853,0.16448196798440423,0.0004995367498768982,0.003991036683071995,0.0012756119272406196,0.002637914153850599,0.0002551384391210328,0.0016125246213043727,0.0016125246213043727,0.0012756119272406196
P13432,2,146,S,test,2,0.0020706632579044577,0.003591787990748228,0.9246649118765057,0.0017436732253705025,0.05466952158752374,0.006842692828081393,0.00013764620194062913,0.0010658859942286674,0.0049478970321881486,0.00026532000550854776
P13528,0,467,U,test,0,0.8433927108026787,0.06452935500014026,0.002769543922807926,0.03315204914251207,0.028356452907851375,0.0098188868799502,0.0035561650842721977,0.009973510649175546,0.0022604359471961486,0.0021908896634155327
P13635,2,1059,S,test,2,0.0016970986279705807,0.009174428081329572,0.485495514725503,0.008288405955275793,0.08569505189384642,0.3038153394210504,0.0012810372466743713,0.03043638958759982,0.07104368610417204,0.0030730483565779864
P13726-2,2,238,S,test,2,0.0023652539957744237,0.0028754175788199515,0.5436933400419611,0.0019608644382221796,0.40403859051789576,0.032145111356144444,0.00022000288798985096,0.010851712425891117,0.0016004108361255675,0.00024929592117554244
P14020,5,267,M,test,5,0.01660202879908838,0.05872294904880379,0.003646981809696182,0.2942780071301086,0.02278109913665833,0.43832574978558086,0.01272921685602534,0.11389831891125594,0.023049632972848937,0.015966015549933668
P14404,0,1042,U,test,0,0.9347339602691745,0.04877105527545408,0.000366598497056371,0.0016301947756044365,0.010797607162548104,0.0015434374181014475,5.984556112198479e-05,0.0014612972088405363,0.0005169867254878812,0.00011901710661061263
P14448,2,741,S,test,2,0.0009215393172929229,0.002751208535840427,0.9493620350695733,0.0010121131204842712,0.012871416101466148,0.009016461262459982,0.00010339385207681445,0.010733485844915777,0.013099671170560588,0.000128675725329776
P14724,0,124,U,test,0,0.303039995556057,0.20504712905550473,0.0034463035151387077,0.006240450264911768,0.13394892115831575,0.025266762634430548,6.719222387712195e-05,0.06327298981446937,0.2592038492898868,0.0004664064874081912
P14772,8,1559,M,test,5,0.009176620414701865,0.012641327638123723,0.0031962278760425114,0.03580140001598904,0.16265948351586423,0.41862324484499197,0.0034023672833449143,0.14132099057592018,0.19929455508390964,0.013883782751111903
P15381,4,2171,M,test,4,0.048315157929119015,0.14048884213693225,0.001988370818578757,0.01871832753374809,0.6969339552237699,0.019770494755769603,0.0044113931239411356,0.027341601211537742,0.03298026556093052,0.009051591705672981
P15382,4,129,M,test,4,0.0011476560690003982,0.001805516296501881,0.0031687798403499923,0.0018196771734784436,0.9426160996729029,0.019110188986930045,3.8199964856141725e-07,0.025917257741150303,0.00434816048335617,6.628173668128787e-05
P15383,4,130,M,test,4,0.0015331989448159437,0.0026803572420592997,0.0029553183505965294,0.0016193808560444494,0.9358159652785837,0.02253019377745371,7.310116905427823e-07,0.027176601095157682,0.005613688231402537,7.456521219566947e-05
P15398,0,1689,U,test,1,0.3349578670029211,0.4873608040248582,0.0035230151753050352,0.07936546186147722,0.004815390321200413,0.029613295494172198,0.009281908138165951,0.012200839786275933,0.026963211526955636,0.011918206668668363
P15424,3,664,S,test,3,0.36941402991438294,0.044815007404173345,0.0024890922834053153,0.5374942398761298,0.0015334851275269233,0.011419878292067967,0.02100436939192451,0.004723466912427885,0.0045781410102044215,0.0025282897877568935
P15478,8,386,U,test,5,0.005175883536596865,0.08785389568316507,0.17615315728246134,0.041840040167794565,0.13826419735011172,0.3489565930551987,0.07013734593375925,0.019081086364600024,0.10863083853923805,0.003906962087074343
P15693,4,540,M,test,2,0.0005553400256840547,0.005310243923542283,0.5291121002624142,0.008034142660420879,0.20082831369892745,0.07160753752176632,0.00036420091032014404,0.011781292028632352,0.17177754629580577,0.0006292826724866109
P15705,1,589,S,test,1,0.292698588795655,0.5821006235382161,0.0006815697342337575,0.08892001115890441,0.0057965814443091184,0.012175866271570834,0.0014428832645683198,0.007861331020578146,0.002200134074837854,0.006122410697126413
P15891,1,592,S,test,1,0.13552780613476548,0.7500308246821171,0.010532749012974777,0.007016322660457524,0.021696381533567757,0.02186655093381662,0.040573787435385616,0.00859657964832665,0.003419482889076022,0.0007395150695123672
P15919,0,1040,U,test,0,0.9023373670685155,0.057012449700677294,0.0009323830613442257,0.021158859943664055,0.005985641211087433,0.0051197900384399335,0.0015860369569680303,0.0029631069878781075,0.0008357827792438115,0.002068582252181571
P16068,1,619,S,test,1,0.13545736339338516,0.43811659933946956,0.0052625200355973555,0.03858245442361624,0.23450691424700756,0.06904985586874307,0.003142394281469425,0.03173706230418954,0.036244857170220926,0.007899978936301127
P16104,0,143,U,test,0,0.7386125761940018,0.11151381649735614,0.00826959986280648,0.10724179454731679,0.007648128687608338,0.002425465605985225,0.009820391864570583,0.0014711193234360762,0.0014258577384787246,0.011571249678439881
P16260,3,332,M,test,3,0.0003253885638736673,0.0010669080210927507,0.00020362295110839211,0.8970752686082789,0.015404914883964428,0.023443856811424198,0.0035256937939681767,0.010770787378363398,0.0048949411078603585,0.04328861788006576
P16410,4,223,M,test,4,0.00022226268163467113,0.0004489829642022524,0.02865934778228543,0.0003085811949819819,0.9490672461698667,0.009268053916465355,1.5694653441845897e-06,0.010877862700775372,0.0011199591813255496,2.6133943118473897e-05
P16521,1,1044,S,test,1,0.38642278178680184,0.4517739697413962,0.0037588744758667615,0.03324176359488013,0.043018039165700184,0.01724559993979428,0.02968155209784785,0.013430886855008243,0.010378586092107279,0.011047946250597202
P17341,6,97,M,test,2,0.0008616280179591904,0.03183108489446976,0.4605025237127223,0.0012934568483778763,0.021391258977162358,0.021039060727832792,0.4533631093404651,0.0010232085807444734,0.008401514754476737,0.0002931541457894193
P17427,4,938,M,test,0,0.4558960243406904,0.4350190502715508,0.0013211661844580427,0.051156364875610254,0.004908727995052983,0.02260923779995259,0.002977293711983992,0.01224450592606957,0.006205213316137985,0.00766241557849344
P17558,3,318,U,test,1,0.27796105129586396,0.5659006951954477,0.0013809802764090091,0.10305816894949091,0.00832837651143542,0.015438372590982902,0.00029865792643508975,0.017357826594618493,0.00832837651143542,0.0019474941478811033
P17568,3,137,M,test,3,0.01177078087129721,0.012578970476619907,0.0013129294096157894,0.9442451389052197,0.0011055973348667498,0.008730233455350506,0.002358907083438944,0.008696197341285506,0.0006398706905758445,0.00856137443172989
P17629,0,752,U,test,0,0.5189618779422445,0.3511471958878457,0.001626134132670597,0.0173465377806531,0.005008845890354788,0.05534294579429751,0.0011897050557539454,0.03559278537639003,0.008929232670757316,0.004854739469032598
P17936,2,291,S,test,2,0.008691136037524071,0.005744489852267431,0.6850494796365616,0.01399732177213447,0.17731513170016383,0.06730123076755024,4.695578437775331e-06,0.037422214467493504,0.003708921079406432,0.0007653791084606734
P18153,2,321,S,test,2,0.028378375135385502,0.10502737801363077,0.7376281574962775,0.0628373297383885,0.008454424961712403,0.04312420214038353,0.00038325291782801655,0.005373958900351087,0.006846601655782807,0.0019463190402598776
P18583,0,2426,U,test,0,0.8133782847830965,0.16524781776007996,0.0003190033119216709,0.002413031266143136,0.008689659121353744,0.0032982225860585107,0.002179992020346591,0.0032982225860585107,0.0006245782336992182,0.0005511883312422166
P18911,0,458,U,test,0,0.8336110931397654,0.12783841212542785,0.0005828310123569236,0.0070450801020759445,0.01964298174652306,0.005573116923002386,8.938003481519034e-05,0.0029598601225273636,0.0014425206977727377,0.0012147240957331394
P18965,2,260,S,test,2,6.820055624276663e-05,0.0003056536686313337,0.985178061389426,0.0002573861877872628,0.009734097016028342,0.0007565001203721396,4.989659323298433e-05,0.0002761351083505796,0.0032732754746239907,0.00010079388530457193
P19136,2,382,S,test,2,0.00023076930390604107,0.0016018564002373786,0.9402662996586302,0.0005623044268068051,0.005314196731770084,0.0036954436944431593,0.01507971792314796,0.0006175706246105364,0.031675329189438814,0.0009565120470090164
P19236,1,280,S,test,2,4.601495407051417e-05,0.0006922200698929971,0.8669325293576355,0.001177505963753979,0.10682704521836693,0.01285873939014768,1.9595532146961016e-06,0.001376644038351767,0.00993646422574992,0.00015087722881592744
P19269,2,512,S,test,2,0.00023422738206923754,0.0016258603561944427,0.6873971280647903,0.0001355604192503716,0.025333583564344377,0.047144845517734534,0.0058549484721968584,0.03969993847639947,0.19088328042448416,0.0016906273225362576
P19427,2,201,S,test,2,8.08910536109735e-05,0.00035970732611331074,0.9839725583285607,0.0003950612293007153,0.0035211421326841862,0.005103258309560295,1.3624277308276272e-05,0.0017261522982262502,0.004775377852024436,5.22271926109145e-05
P19492,4,888,M,test,4,0.0008830716524980314,0.0019900326767933376,0.04600619294720214,0.0014559388378939735,0.8283211845481973,0.05254071741159987,0.00017388711232642034,0.044590731601546106,0.023728255917630402,0.000309987294312493
P20084,3,86,U,test,3,0.1412121843574097,0.2459064384968334,0.009914651686101434,0.5717495838599889,0.00021065176250433922,0.009098195706317832,0.011147342700999678,0.0009440757427064512,0.0009294391946585906,0.008887436492479665
P20385,0,510,U,test,0,0.9579754845501872,0.031524331409839394,0.00024257900915021204,0.003721180286881443,0.005564375305174832,0.0003999451532162781,7.325251601245115e-06,0.0003474784019654623,0.00011458620905354706,0.00010271442293036642
P20422,6,97,M,test,6,0.0012075629902919595,0.022829586526967597,0.39144858310545205,0.0004512333153472787,0.02078657417415879,0.017015284317459797,0.5350468291737562,0.0006773814089190675,0.010330375321285943,0.0002065896663612694
P20482,0,1383,U,test,0,0.9263117599552069,0.05266880440352546,0.0002785481826817347,0.0058862374057684205,0.0056386709189595475,0.002296097266976131,4.573213874926339e-06,0.004223169151976792,0.0015904600199971352,0.0011016794810330115
P20659,0,3726,U,test,0,0.539201130266187,0.40070026359601263,0.0008363891235696102,0.0019752869476786766,0.04976322408337604,0.001538354990952144,0.0005485173793759248,0.00102476540888897,0.0031564994121698366,0.0012555687917891935
P21396,3,526,M,test,1,0.052833890879665855,0.41233675481524373,0.041795047656030884,0.1705499093168907,0.030339951682334297,0.07672286557181847,0.012647573470999695,0.03988111276522791,0.019135167269790372,0.14375772657199806
P21675,0,1872,U,test,0,0.6135382323994406,0.1625714513098468,0.0013213019576734616,0.00034468223359149745,0.1930583612138348,0.005829857350379673,0.0005863242236094932,0.007142891259508744,0.015480096554961128,0.00012680149715380533
P21745,2,268,S,test,3,0.008104268223713665,0.0585528557706485,0.045824213471764026,0.76453343771137,0.013361678066763227,0.07100859076085443,0.011977331361467076,0.011518487368866473,0.009549161139131918,0.005569976125420772
P21750,2,142,S,test,2,0.0008642471272066303,0.001415195232428266,0.9893737827193319,0.0007686773037438604,0.0005221487578985105,0.002969751950627053,2.0800929092570967e-07,8.133508121493768e-05,0.0037835621376545525,0.00022109168060338772
P21771,3,286,U,test,3,0.013268398898341896,0.008138579793244166,0.0002954362307999147,0.9672409862703675,0.00017367799154057275,0.0018966188601303661,0.004909856066909277,0.0023237859329028605,0.0005185067142521152,0.0012341532415113899
P21926,4,228,M,test,4,6.77374874578047e-06,1.550526578468405e-05,0.0013902981317862426,4.803307098719139e-06,0.9429840457696967,0.005185801542542175,7.210618159878393e-06,0.00896026102120556,0.04143182938681384,1.3471208166383e-05
P22139,0,70,U,test,0,0.29670919669295454,0.24598057981479238,0.05424624444025244,0.1347204387822555,0.010034546748154148,0.03475145098444243,0.10385003231377199,0.013502958570943165,0.0789278264067994,0.027276725245634015
P22185,3,349,M,test,3,0.0003146170875745145,0.0007547272123803199,0.0001021412154657311,0.9676312042725234,0.0004722962249805559,0.005479548964089627,0.01717751071288403,0.0013142793680267894,0.0003349081323028505,0.0064187668097721905
P22509,0,327,U,test,0,0.39671574511514124,0.2791243894912251,0.039280177616874745,0.2173822900661696,0.004075914306582505,0.005399708836002672,0.026682321969999277,0.003275088854306174,0.005152438026675406,0.022911925717023246
P22557,3,587,S,test,3,0.012203284530135063,0.036254820413807044,0.004250419464221028,0.8895961552727205,0.008387186849452824,0.014267085883206356,0.017755674692539424,0.0036355764131583757,0.002275085367017133,0.011374711113742232
P23248,1,255,S,test,0,0.3642404061627927,0.3043342515847135,0.00836767997226648,0.2542807745421547,0.006619378892004733,0.018420036792098363,0.02478687080542457,0.007500739731473026,0.0038310030753605385,0.007618858441711397
P23321,6,332,M,test,6,1.9737132608568204e-05,3.009553185895331e-05,0.0002522330125886994,0.004397325380249194,3.178721571363792e-05,0.00010965570659772184,0.9951280723253282,5.229819373680038e-06,1.5132982857698296e-05,1.073089282370531e-05
P23369,3,157,U,test,3,0.029932160959066794,0.02241815144866217,0.00018652472412909464,0.93116221051517,6.96992016251121e-05,0.009803334587931381,0.0003123701133541475,0.004449018430115495,0.00016460747267003966,0.0015019225472757548
P23385,4,1199,M,test,4,0.015937562691450264,0.020705459197115646,0.09315863052678659,0.006290189321822284,0.7157752360980077,0.06936496348021659,0.0006734215859820995,0.03577582461702826,0.041338889907849216,0.0009798225737412643
P23432,2,351,S,test,2,0.0010923741734515354,0.009774331732525381,0.7979958652653557,0.00031789898100469403,0.059641607829295125,0.017104301014866315,0.0026410219366935555,0.0087274952782484,0.10066428041325855,0.002040823375300688
P23433,2,351,S,test,2,0.0010935196799007779,0.01017435495559242,0.7864479621268791,0.000303659456341038,0.05786724841287525,0.01894796171418678,0.003139580208508087,0.008534263388268846,0.11154204043452098,0.0019494096229267567
P23501,5,404,M,test,5,0.0011604168655108067,0.0024185164205300955,0.00046885078604518265,0.036525040831401,0.06188896034031164,0.6705875898712047,0.006730111554565535,0.15198461637431745,0.058366840286612647,0.009869056669500878
P23604,2,213,S,test,2,1.5095432289790068e-05,0.00017685492989919015,0.9926588135986417,2.5678199162510245e-05,0.0014185082681336053,0.00010895716184147801,1.2320532976868357e-05,0.00017275810001992703,0.004632975997949458,0.0007780377790854283
P23605,2,214,S,test,2,1.7062406556068562e-05,0.00021279196250030858,0.9901656722857792,2.482565340967447e-05,0.0022347341775519327,0.00016315326855375695,1.136601283234395e-05,0.0002178381739090665,0.006366165027040573,0.000586391031867046
P23685,4,970,M,test,4,0.00014596047330839868,0.0002769843088217296,0.0005863758471719044,0.0009517818654532831,0.5414932615267609,0.13478832563345783,0.016936768611247426,0.027598682864852404,0.27656770940182357,0.0006541494671025178
P23757,0,370,U,test,0,0.9058393069264811,0.08425617613641928,5.6211264474811335e-05,0.003849427629335264,0.003021450156656936,0.00042188900059143125,5.742342906580969e-06,0.000533317648236204,0.0003608607390836713,0.0016556181558147968
P25008,0,267,U,test,0,0.45862665053659435,0.32776569806441463,0.00024972660657723384,0.10035413346367711,0.0027700392095236425,0.053349751142993306,0.00021360248167111607,0.038127347229410184,0.011845955439521728,0.006697095825616675
P25046,0,220,U,test,0,0.7905965895418648,0.1791839403121014,0.0019905538029156233,0.006681552535417221,0.0063259665713603875,0.004347769324234305,0.00041077396016849963,0.0033596953883920483,0.003205843684315264,0.0038973148792304587
P25107,4,585,M,test,4,0.0006979284756700095,0.0016101039827640115,0.0006063706779020085,0.0015125527168188214,0.9377527167957451,0.00995987460141308,5.640126577766438e-05,0.03840446816446698,0.009104061804797628,0.00029552151464469896
P25189,4,248,M,test,4,0.00046675831072839186,0.0015914073881108783,0.03947061035475922,0.0020918655780176724,0.9124937902588737,0.020557225311587695,1.4771306671966287e-05,0.02039725016593464,0.002523271435821564,0.00039304988949428126
P25338,5,174,M,test,5,0.00010452717004703187,0.00014065666231066556,0.0009463116707426,0.03839555450750381,0.003220143938236514,0.9158171285059746,0.0005145007336391573,0.021706877417418845,0.010620493530853276,0.008533805863273418
P25371,5,1049,M,test,8,0.0015028179150818803,0.005286489447188546,0.039062167221356046,0.002291523779426769,0.3914438065036866,0.11391663938324285,0.0028076336302257747,0.04522449381060278,0.3976081484749215,0.0008562798342672695
P25625,5,357,M,test,5,0.0003122883922441029,0.0005654811687207837,0.0016235404518536853,0.004625036145354874,0.09362493723075342,0.44665960180143527,0.0007491408814532093,0.32678313377185114,0.12403288596235168,0.0010239541939818374
P25626,3,169,U,test,3,0.052883086621846494,0.01711840053198896,0.0023972772393285194,0.9156608886010528,0.00021781614483494036,0.0035987392798869297,0.004109889405533574,0.0014885032345952624,0.0004908562568250133,0.002034542684107583
P25681,2,61,S,test,2,0.00034309558151033524,0.0002866670696523561,0.9835723747254885,0.0002130328688459562,0.014703216234022775,0.00017939166557633164,1.3199731511957203e-05,0.00013124575420999922,0.0005461276471111016,1.1648722070651792e-05
P25684,2,60,S,test,2,5.45533950838173e-05,8.318399372880223e-05,0.9961767234739717,8.062469018014407e-05,0.003428248934515654,3.929333994635231e-05,5.932406588669319e-06,3.868415311681823e-05,8.854890654421554e-05,4.20670632382361e-06
P25846,3,959,U,test,3,0.15820169873366732,0.1723984377153497,0.0008700068225777443,0.6064490838659129,0.005246812618499424,0.022176365031820272,0.013609197355913928,0.006843134013160876,0.007876399184520124,0.006328864658577752
P25931,4,464,M,test,4,2.4858847857668234e-05,4.228632302861837e-05,0.00010303706350873779,6.447893783363631e-05,0.9609846079676334,0.00805834747798343,2.1053121531347116e-06,0.02156525470810916,0.009131302884991638,2.3720476900552713e-05
P25961,4,591,M,test,4,0.0004776979515105009,0.0009725447537022021,0.0007456760209704024,0.0012390543020282985,0.9635249747786936,0.008978359747389392,1.559739090335333e-05,0.019841703419960586,0.004046863566649918,0.0001575280681917592
P25976,0,765,U,test,0,0.9439447070621803,0.04811072423199195,0.00019206288855712277,0.0016462584278177218,0.002844479444209608,0.001167372119788713,9.964091593897674e-05,0.001292163060270185,0.0006199866278944818,8.260522135097843e-05
P25997,1,1050,S,test,0,0.49079674880018803,0.34263132199768936,0.002515804355830936,0.03784617955022571,0.03186968173772374,0.024056494832791427,0.03224534744223381,0.016025080433658283,0.007871255795726596,0.014142085053932102
P26016,7,1269,M,test,4,0.11914865933358064,0.13233709624961182,0.04081635638995504,0.05823879071382022,0.2833216550369364,0.10361928719566506,0.14396654384510013,0.07478009327997658,0.040498719505704855,0.0032727984496492553
P27091,2,455,S,test,2,0.0035982320349043995,0.0021486027052444365,0.7074682215099682,0.0063646240341205945,0.12684205772674143,0.0689628299263365,0.0003974515432421197,0.031266649849124195,0.05266949536600439,0.000281835304313744
P27614,8,576,M,test,5,0.0028132491943972894,0.04370681683031575,0.08416486033753619,0.020069150929906326,0.035637644805954355,0.5980743412135908,0.004223187204289821,0.031945379424345124,0.1713511693470187,0.008014200712645664
P27661,0,143,U,test,0,0.7146430753409957,0.11666227135602383,0.008190977797811633,0.12321992180332572,0.007172259046224244,0.002659221010755902,0.011283547831604127,0.0015878933636716362,0.0014916877478289522,0.013089144701758282
P27684,6,142,U,test,6,3.7149239476466766e-05,3.5512051211835747e-06,1.604022175465696e-05,0.0012643165192617913,7.062414757357904e-06,9.959601089340558e-06,0.9986524173488418,5.086866717721886e-06,2.3289372148701844e-06,2.0876457648460404e-06
P27882,3,189,S,test,3,0.10864005075931474,0.1624918704853673,0.06538073621122932,0.2851124959422276,0.0337868365081126,0.21605653738891278,0.016211103406383046,0.05769829366060654,0.024335747222069694,0.030286328415776366
P27929,3,486,U,test,3,0.17657056185836612,0.19852362460457723,0.00285399724973626,0.5611400993586866,0.0017582968631695178,0.031781262129269565,0.005008921374720188,0.014047868593191924,0.002639516207057943,0.005675851761224639
P28037,1,902,S,test,1,0.015919015225246566,0.8781068553260243,0.0026460837794861527,0.06771233108788471,0.0009658644808956009,0.0053871592044228795,0.0042284299787130435,0.00033379384834778924,0.0012997127243039276,0.023400754344675038
P28241,3,369,S,test,3,0.004905213873394216,0.10905596182227285,0.005779754141681314,0.8121407902650688,0.002794906386375873,0.006757217657583066,0.03255323564306599,0.0015678004672457278,0.005345398814250296,0.019099720929061863
P28263,1,218,S,test,0,0.7237488852395854,0.09309897116122597,0.00324850376548135,0.0037390048380841374,0.018118698713101046,0.05987487174414456,0.0013971639998539803,0.019137159584744556,0.0762825631964305,0.0013541777573485697
P28272,1,314,S,test,1,0.02294720076265258,0.7688644875604278,0.005779341607510931,0.11517782881629696,0.0033974997996696105,0.024908953471494716,0.005180568266636928,0.0034510026500352265,0.008086752816089745,0.04220636424918551
P28288,9,659,M,test,5,0.021236168062417446,0.0304194053231224,0.0042808144034384606,0.1683454650018702,0.10545083801857502,0.40383979377269896,0.00558323455539916,0.17990420624685133,0.044956970624946274,0.03598310399068069
P28290,1,1259,S,test,1,0.33895851784659053,0.5168499736603535,0.001062104900987515,0.005923946147382119,0.10749455849691283,0.009175185672689719,0.0022484761680571616,0.012738484371717665,0.0038247863605094094,0.0017239663747995783
P28715,0,1186,U,test,0,0.8655001938306531,0.09411878495572637,0.00017337171295039926,0.02253050434603803,0.004759690350208386,0.0044713155944443705,0.0001051552513086644,0.007089537932702408,0.0003846419435932248,0.000866804082375003
P29352,1,802,S,test,1,0.13939633953321345,0.7477051609186701,0.0021668157987004243,0.00716043914974396,0.08860569439542682,0.007742279668097955,0.0009032632216375235,0.003685877655208567,0.0016875179702583252,0.0009466116890428137
P29374,0,1257,U,test,0,0.9412453017487371,0.05146767113134529,9.046464250767974e-05,0.0007005278486248361,0.004585893748153174,0.0003309059192608534,0.0003157526318366833,0.0010434330732559066,9.046464250767974e-05,0.000129584613770806
P29692-2,0,647,U,test,0,0.618729798959527,0.3470759516874669,0.003679101870551752,0.006065813987961926,0.009035002921360865,0.0032467961556244696,0.00233857950650714,0.0037370392122011652,0.0024128138282470965,0.003679101870551752
P29786,2,254,S,test,2,0.00010160942102520337,0.0011628582880609192,0.9625932817817957,0.0004847514323791696,0.010693446341464621,0.004620577505154022,0.00028497066935046037,0.00100244647877616,0.018621529701906846,0.0004345283800868395
P30082,4,485,M,test,4,8.51003727881604e-05,0.0002424283982716247,0.0004123845843360263,0.0009149151493625699,0.9425378793516909,0.014651073684777095,4.801034293268414e-06,0.029828104395874386,0.011145948621825033,0.00017736440678101656
P30181,0,916,U,test,0,0.9208705417226875,0.06882516734192663,0.0002902012969338581,0.0031939455950492014,0.003898047392498585,0.0006048314193903973,0.0004784610078711834,0.0012507669960667492,0.00017878781050270355,0.0004092494170732453
P30288,2,48,S,test,2,3.685891166806121e-05,1.6102466232923653e-05,0.9947258120579624,0.0003062141916731797,0.0034771644800328998,0.00038108973633720864,0.00016648577810066614,0.0006482555496227578,0.00022228767544012386,1.9729152929750793e-05
P30292,2,499,S,test,2,9.486652774188193e-05,0.0014495862687742465,0.8987147506791447,0.00021047058447759461,0.015402955598506844,0.012869651773677222,0.0018759039925894474,0.019471159272184034,0.04763013596577615,0.00228051933712788
P30307,0,473,U,test,0,0.7455612560666827,0.22738333472286978,0.0001947842429317435,0.006759928200336109,0.014199401517902584,0.0024103266638425764,0.00017189651001871692,0.0025657793056184596,0.0004321477980727536,0.0003211449717246226
P30409,4,228,M,test,4,6.744796156613468e-06,1.496398605757974e-05,0.0013209614507876646,4.354767674570613e-06,0.9389535569999617,0.00516363626827283,8.135776955247683e-06,0.009205177800175811,0.04530946721861586,1.3000935342034396e-05
P30429,3,571,U,test,0,0.46592433128365,0.3408775095060004,0.00367029995974712,0.02978554609763522,0.0751739307339104,0.02628565442349118,0.016708178756910913,0.018350342630415087,0.01657815308455663,0.006646053523683055
P30518,4,371,M,test,4,2.9461887438494402e-05,0.0001383756830582043,6.850094016013637e-05,0.00017767790536250594,0.9590729416294318,0.025960916245087392,1.6883005664561232e-06,0.007437926668150142,0.006878957537759365,0.0002335532029854924
P30536,3,169,M,test,5,0.0005181217028992328,0.0016465874065960248,0.02496450043514549,0.2581116877530376,0.06424907650642053,0.5173423335121483,0.04573773259849533,0.019215863364699975,0.033234473606102204,0.03497962311445525
P30543,4,410,M,test,4,8.217426434370791e-05,0.0006826823163802504,0.00011770918970997641,0.00027368205807629586,0.9538074642079177,0.015177845812080525,3.0403332116706885e-06,0.014037212224843198,0.015416861366703422,0.00040132822673327474
P30627,1,159,S,test,1,0.07779340398902342,0.5487648215452476,0.0438303348748971,0.18453261144509356,0.011478576739681187,0.06541272213199856,0.005214378671819846,0.013006931092082475,0.024300146700860045,0.02566607280929622
P30936,4,428,M,test,4,5.788838872319659e-05,0.0001443988542276286,7.55006966645406e-05,4.301899330566436e-05,0.9930306781321329,0.002745975935015266,4.5601334301115735e-07,0.001865292333116553,0.001962460483846954,7.433016962438031e-05
P30974,4,504,M,test,4,0.00015052158519394054,0.00029701834324378915,5.2018865210676307e-05,7.808956865847172e-05,0.9648534593079785,0.004468158134543911,1.5618897077420277e-05,0.01971443665268196,0.010307931911250194,6.274673416112539e-05
P30975,4,519,M,test,4,6.834034211816977e-05,0.00013172945323449738,3.893914659669653e-05,7.865924356036389e-05,0.9718922480768584,0.006497596925826828,8.421181609455689e-06,0.013023363565869882,0.008213732479603988,4.696958472172689e-05
P30989,4,418,M,test,4,3.2597293906321345e-05,0.0001192359609154946,0.00014382600807467683,0.0004980954620741666,0.921934341780609,0.042450942737247685,6.418788166619354e-06,0.023080176252224863,0.011605440900535825,0.0001289248162453364
P31272,0,232,U,test,0,0.9734205633324433,0.01769007297333467,0.00099023915208188,0.0011759381333093506,0.004632793199070622,0.000747471804819315,8.978398577364848e-06,0.0009748869969443491,6.634188747670453e-05,0.00029271412194240134
P31361,0,497,U,test,0,0.9348885586728021,0.03486086563448742,9.868496982178795e-05,0.0033981793387883913,0.022684396755015514,0.0008262791128255848,3.947895158772262e-06,0.0021769554265755587,0.0003553782234292137,0.0007067539710956616
P31374,1,1356,S,test,1,0.189148598803389,0.6705900215604865,0.000574450106562464,0.004589554706539223,0.05986801342879915,0.03229636967908011,0.0007851801677237805,0.012871724140578881,0.026931972310440803,0.00234411509640006
P31424,4,1203,M,test,4,0.008292191854612519,0.02526884673467996,0.08309644465577239,0.00232071874481161,0.826233074980371,0.020323926635279276,0.00017344875869923488,0.01688206604252444,0.016555536926368346,0.000853744666881232
P31431-2,2,153,S,test,2,0.02362787714372311,0.0077310132918780505,0.6745122709263851,0.0013860941416560804,0.1190584799518052,0.06757300533230647,0.003325066952679764,0.036328517620985885,0.06600767573126899,0.0004499989073113278
P32259,0,974,U,test,0,0.45713320736366536,0.32163337127667263,0.0010644676015227797,0.09415070042040288,0.017179638283352297,0.04202463883646711,0.0015011398473379098,0.036654539696465795,0.02171709591950785,0.006941200754605426
P32288,1,370,S,test,1,0.14593951082862722,0.6168330209773405,0.01120977100361167,0.10803021610770243,0.006437230905147137,0.01112253680502825,0.03452853017435744,0.005013320530900327,0.008594830277520608,0.05229103238976447
P32307,4,370,M,test,4,4.913896223648804e-05,0.0001421882925840033,6.929704295712253e-05,0.00023998819391453662,0.9551772538155944,0.02626262622488315,3.7891896021768036e-06,0.00989059551614236,0.007763218185774554,0.000401904576311238
P32316,1,526,S,test,1,0.04707854776985562,0.676448607070102,0.02716726345194556,0.1632008311145296,0.010680493337892347,0.010933773971426376,0.018168131519819514,0.002401831410329994,0.010764262081094796,0.033156258273004204
P32334,4,1306,M,test,4,0.0013339725437439738,0.006514944543973017,0.045222684339593436,0.0003218358004768403,0.8078781890682047,0.048516854213153694,0.0005063188100924239,0.04702414530497148,0.04248277805287952,0.0001982773229108837
P32335,3,436,M,test,3,0.23688167455916867,0.12580690551546575,0.008233289690256156,0.5054116553296124,0.005838277412603423,0.06137328985599431,0.00738027369829177,0.022033425638384754,0.003950375835482681,0.02309083246474004
P32340,3,513,M,test,3,0.0029907936406216675,0.01334503290866464,0.0007386739519999362,0.917911770920891,0.0015637727821698603,0.04394939096322847,0.007879691735557224,0.0015883985825357225,0.0012763141127398602,0.008756160401591556
P32354,0,571,U,test,0,0.873604401460145,0.10433716921419602,0.0001520383827028211,0.013245565611060134,0.001106002971583635,0.0022517105494212516,0.0003704646051429051,0.003982870031978378,0.00020141810545224283,0.0007483590683176569
P32378,3,372,M,test,3,0.0001694509556961118,0.00013830183630612368,6.0419604551290144e-05,0.9585610861727284,0.00025838185009765803,0.020525813016609818,0.009695708659530664,0.0016848614034990082,0.0004161313769152242,0.008489845124065707
P32389,0,672,U,test,0,0.8759377945979148,0.07303363374294158,0.0007159965163791569,0.001800015058008154,0.011829632803330893,0.01169181288930847,0.000236110596497969,0.014664819114069793,0.00921292732667664,0.0008772573548725491
P32418,4,973,M,test,4,0.00014622154916655021,0.00026066811722211573,0.0005518344304690827,0.0009098211034791365,0.5596813752392408,0.12684840401019057,0.017369423660141114,0.029202160500436964,0.26437477188358693,0.0006553195060666853
P32447,0,279,U,test,0,0.761373054472122,0.1955367803079263,0.0018008313178849676,0.0002635198510168331,0.009325753105884734,0.00925317979317006,0.0061399150628729336,0.0019778262654604776,0.013542414845850542,0.0007867249778111978
P32478,2,413,S,test,2,0.0007829176563644494,0.00336778953485575,0.9805216729603408,0.0003612571432167099,0.011064145646744687,0.0009443789546676213,0.0014512999826308312,0.00011017720613666356,0.0011480727628820108,0.0002482881521604657
P32480,0,875,U,test,0,0.4371516768881113,0.43037430038984187,0.0019775185976169587,0.032418127064791795,0.02986497865801966,0.01668742064869072,0.002276109953013981,0.024375086808002298,0.01818492228021667,0.006689858711694763
P32497,1,812,S,test,0,0.6951434525715301,0.21035693010361045,0.0005594048449003619,0.02653575800558181,0.006452261767992424,0.03163532974612892,0.0018924421635136282,0.011960603053592067,0.010555195516987305,0.004908622226162947
P32527,1,433,S,test,0,0.2789121071838328,0.2620136831465877,0.0015100559060912536,0.1281950519601676,0.006259008068767781,0.03658530619364336,0.26613978502630653,0.01031935996935278,0.003402963402298019,0.006662679142952256
P32569,0,687,U,test,0,0.7869360048306069,0.1433116978597444,0.00027665665368776637,0.018835155765872455,0.001642586238912462,0.02900202645104573,0.0005501974512086658,0.009233465649864154,0.007191030489009231,0.0030211786100482556
P32621,7,518,M,test,5,0.0016690482228404004,0.0054725981565927305,0.20535771641984477,0.008813776115856282,0.06758765161921251,0.3604140298040755,0.00660121350752275,0.17702943166999005,0.16500957385117343,0.002044960632891565
P32634,1,1753,S,test,1,0.2456941577155796,0.6523948834941363,0.0010279072333733675,0.043399370721734644,0.020971199263209114,0.015584471461350417,0.0013832005051910821,0.009526596298144055,0.006199074374149654,0.003819138933131781
P32793,1,468,S,test,1,0.1878127776473445,0.34074989373772274,0.06762388430452952,0.11996540572452384,0.11247716980260164,0.03083976768042611,0.015507209302479142,0.01434182393033403,0.04814019484987719,0.06254187302016127
P32837,8,571,M,test,4,0.00015444780690054293,0.0012148260680584218,0.002780764487692248,0.0004985635973221923,0.6911458681231443,0.05585315327529769,0.01690168754120198,0.012377619363906352,0.20430233495400688,0.014770734782469392
P32860,3,256,S,test,3,0.022004600131434026,0.06050131337199156,0.0006826930762399401,0.875276665553724,0.0015384724491739113,0.023428063325561823,0.009205973505120956,0.0019448115063601908,0.00470195094981257,0.000715456130581037
P32902,3,394,U,test,3,0.01088226670169453,0.010424572843856117,0.00011809062741436904,0.9568982859344047,0.0003063038110387376,0.008214366321910822,0.0028610741588953525,0.0019058863699351963,0.001891054358303233,0.006498098872546905
P32905,1,252,S,test,1,0.1789107961228353,0.5554062259968917,0.012561508752702245,0.14208402077028764,0.007101632823321631,0.01871031008391912,0.02797799996420648,0.0030543744358108825,0.025774540991755943,0.028418590058269022
P32907,4,282,M,test,4,0.006086048907634365,0.03232758743578066,0.003207122553990518,0.006736642428534238,0.4759791911037989,0.153325283740328,0.0027431975021830765,0.031271832754191695,0.2547733092171832,0.033549784356375394
P32916,5,621,M,test,1,0.15471521245663997,0.3301009564042474,0.0023492263107145125,0.32245415794164656,0.009586310162023905,0.07486106588592889,0.00336511126226884,0.053155771769193026,0.03896562064137942,0.010446567165957514
P33203,0,583,U,test,0,0.5949593765455642,0.3552664508223501,0.0012614263651304707,0.010317129984874083,0.007259007056960176,0.005522361940786025,0.0003614046716999246,0.016422450495610242,0.006160639208865392,0.0024697529081594027
P33313,1,385,S,test,0,0.6085520976277723,0.35220292173164763,0.00016403630416644374,0.017846111189242713,0.0026891026617332755,0.0037922423758306296,0.001763556499954726,0.009061650363415531,0.0010206681898197163,0.0029076130564170926
P33417,0,597,U,test,0,0.9227802923838433,0.0613413198920447,0.00022647770349891046,0.004443550456063399,0.002759063078080707,0.002434864603478175,7.280113198915914e-06,0.004620561330286459,0.0008681778184016082,0.0005184126211038204
P33442,1,255,S,test,0,0.359245605342237,0.3296622996431853,0.007059108138309113,0.24884215483971428,0.0055842144575608,0.013821063833536897,0.021574374710267286,0.005084485380700038,0.002897052151000216,0.006229641503489084
P33891,5,701,M,test,1,0.23861061461419208,0.43545676313833465,0.0010963873448240865,0.01973996968354583,0.00816480685826351,0.059163321893530206,0.00030925024549971925,0.1872876202891578,0.04134300539094925,0.008828260541702862
P33893,3,541,U,test,3,0.06671419951361829,0.2103673882462449,0.0007646537512038074,0.6530592648729973,0.0016442641438988478,0.03365264567201328,0.0008801111532177647,0.006762247747126095,0.017335590525058613,0.008819634374621134
P34216,1,1381,S,test,1,0.16728225983630465,0.7098084324603307,0.003554164948427051,0.014167245683075383,0.019979017694624165,0.016306401326458834,0.0024427393131417575,0.044152577940009735,0.018915752842681103,0.003391407954946684
P34250,4,1132,M,test,1,0.1872888368548046,0.6486150664275205,0.0029571159002510753,0.014385859574938101,0.12973117912189108,0.006509592798687797,0.00041290588245218113,0.006663963707379297,0.0024135278228147416,0.00102195190926063
P34343,0,1129,U,test,0,0.6035904777532266,0.24965589796801838,0.0018619903965128423,0.035686447584962006,0.02065372989287519,0.021143518014134055,0.012047215151696385,0.034996210909515615,0.009309366180675144,0.011055146148383824
P34611,1,851,S,test,0,0.7063261710440645,0.2403153873013933,0.0005684039662678606,0.0021451343308077912,0.0349604628702954,0.005066129266990896,0.00016285046516903301,0.004796515112889662,0.0038241151806311835,0.0018348304614903832
P34982,4,312,M,test,4,3.699641094320493e-06,1.4632363329706515e-05,0.0004999388629108417,3.56539827811298e-05,0.9927516325895759,0.004185936986718767,4.0231730589345367e-07,0.00026864535786087903,0.002223134316197253,1.6323582225308312e-05
P35035,2,274,S,test,2,0.00016214993510262608,0.0007857560901658367,0.961280405703473,0.0011343714555303974,0.011682709474289735,0.005909677962451876,0.0018702620872281864,0.0011981350416438242,0.015477075272778452,0.0004994569773360727
P35036,2,277,S,test,2,0.00011094749589803491,0.0009289520563932595,0.8713570031690883,0.0010363208139258823,0.029584165287006036,0.02250644819465631,0.0005210948301048319,0.0020771343284604112,0.07152534341059359,0.000352590413873346
P35037,2,275,S,test,2,0.0001863192792596421,0.0012933120977509497,0.9157161385906848,0.0009762432596906384,0.0212846814395211,0.010681728215244551,0.001609552931810416,0.002492924061344813,0.04488400129354801,0.0008750988311450745
P35038,2,275,S,test,2,0.0002928346140765838,0.0024327935540688936,0.9292266442159873,0.0013970357673726837,0.020449256134798893,0.010775999942288032,0.00031662970384520355,0.0017386392079972442,0.03280571339402059,0.0005644534655445699
P35039,2,274,S,test,2,0.00018205652641764693,0.0012836234045243465,0.9674724100902433,0.0010395099966746732,0.015516042374387947,0.004741376732711141,7.018904543509534e-05,0.0015007078495369833,0.00789392351595287,0.00030016046411598945
P35040,2,273,S,test,2,0.00016375119015177747,0.002425179122985982,0.9409055439284532,0.0006682070160949271,0.022301528924442253,0.007093277523254865,7.980594872982965e-05,0.0015536280473562303,0.0244934396593176,0.00031563863921336976
P35041,2,267,S,test,2,0.00016091228200966826,0.0010825876203258964,0.9391536559855189,0.0005113781579461534,0.02091134119285737,0.0059707568918339355,0.0002868571563055404,0.0017572132351842535,0.02972100440488309,0.0004442930731352003
P35064,0,138,U,test,0,0.841632909612163,0.06314919494195868,0.002220747853566241,0.06748507495044204,0.005453630009596316,0.002119052557049875,0.008991515633132786,0.0014564020347213498,0.0010655263238368048,0.0064259460835329905
P35476,6,99,M,test,6,0.0017044963343901555,0.020343510468371784,0.3051397209549935,0.0011714820304171286,0.037600588116935514,0.027003459677979135,0.5790534029244765,0.0022230823561822407,0.025206888137094197,0.0005533689991598775
P35477,6,99,M,test,6,0.0013504089244217139,0.013962078968321847,0.29160715453547514,0.0009726630546790101,0.025183489961276277,0.018824760651364274,0.6270538804112172,0.0014152165154503711,0.01920542196805157,0.0004249250097425278
P35523,4,988,M,test,4,0.0184759065752398,0.04449486276104512,0.0014872611220052472,0.016114970365468082,0.8201082194276366,0.060817270324938506,2.640204861831949e-05,0.025928291934875045,0.010243300155488052,0.0023035152846852393
P35525,4,907,M,test,4,0.015703567695739624,0.04535111629187836,0.0009176347788071423,0.02184486872932917,0.8342592429711394,0.0442141204789321,0.00016711372308217124,0.022715070436132866,0.011624404761334951,0.0032028601336242003
P35590,4,1138,M,test,4,0.010413749325632332,0.02411829722390675,0.03245471474671747,0.010828586484654238,0.8402940777891996,0.044839431384709263,0.00039752477427573143,0.0194554444080196,0.014685740019955257,0.0025124338429296836
P35723,5,206,M,test,7,0.02916378622815729,0.006369005689250477,0.002739275254208473,0.14609483917016633,0.07147960140975043,0.31661718092276464,0.001421117295711237,0.3759921969447866,0.038036747575750915,0.012086249509453643
P35731,3,278,U,test,3,0.10040805546567581,0.27561585208609224,0.0031344241179710507,0.3538977559548942,0.020923709927226714,0.03165656484034144,0.010686786113792304,0.02108781826686613,0.005331835344536325,0.1772571978826038
P35997,1,82,S,test,1,0.40304057945645133,0.46028678644778886,0.03494322971792643,0.0531261887444749,0.010248817288690816,0.005978081715752521,0.024489782237429078,0.0020339400081302505,0.003199836637828197,0.0026527577455276166
P36008,1,412,S,test,1,0.10206541290645829,0.5604493956632489,0.016403404124240243,0.17026102081470537,0.004083130289700886,0.0444152419282485,0.030885949734343207,0.003492486408515885,0.0018118780502542745,0.06613208008028446
P36029,7,618,M,test,4,0.0005251159130189785,0.003849915756971399,0.0023350919991295817,0.0013409304529979323,0.4555423609216716,0.22201362465356694,0.003397538820162658,0.025400530632928676,0.2806515014904248,0.004943389359127449
P36041,1,632,S,test,0,0.8440125792290968,0.12159154863346061,0.0006184230012259401,0.007682528535823159,0.008739516354086258,0.0064693369631953655,7.862366521953107e-05,0.009673764235897912,0.0007343954820224136,0.0003992838999720563
P36046,3,403,M,test,3,0.06300001106015451,0.06538182021411652,0.012369147080308533,0.5959788806476308,0.030139307802230463,0.1404557882018095,0.03721707840157274,0.04723093108271128,0.006417029336051595,0.0018100061734139669
P36062,8,692,M,test,4,0.0013213534785227721,0.00784523688762628,0.0005338750757720442,0.002078780663051058,0.7635903923170919,0.04657931234199545,0.0001414628053332488,0.02132556392441898,0.15513279970404328,0.001451222802144987
P36080,0,434,U,test,0,0.9688231323359416,0.016539800023311266,5.142309540035558e-05,0.007346662193952874,0.000437340637574092,0.0014228253531728314,0.0003859517100727043,0.004660710966814609,0.00016088863268604338,0.000171265051073546
P36091,4,449,M,test,2,0.0008123953544479262,0.003263684668283965,0.4768642158112308,0.00033865673843598755,0.10640279138931703,0.11415352602902314,0.0031632715643755,0.08094696651335352,0.2083265470707484,0.005727944860783741
P36103,1,277,S,test,0,0.834599097838004,0.13839009738077265,0.0005835218030185082,0.0030336422646327827,0.008086797045076812,0.0023626031458435465,0.0004913745915793563,0.010755196473213666,0.0013149865288905518,0.00038268292896810884
P36156,1,370,S,test,1,0.04426721486561039,0.43332773477304337,0.001960220282403906,0.28865852972166045,0.003132423155335074,0.17645341170238338,0.00964854285794907,0.008716731338331056,0.009954821325341348,0.023880369977941997
P36517,3,319,U,test,3,0.09924320207792932,0.05556176273001781,0.0006355859853733186,0.7775648892064675,0.0015730904536116832,0.023388885141311495,0.011354392481663951,0.015338804690675008,0.008178262102855986,0.007161125130093919
P36533,3,70,U,test,3,0.04043748134414316,0.06129955728385128,0.03610660423156953,0.8298470778339504,0.001228281966325932,0.004896050669316871,0.01844144941605703,0.0013490038373073008,0.000253470317538858,0.0061410230999396674
P36534,3,297,U,test,3,0.2759502577642722,0.2738028215853052,0.0077671870996178696,0.3952805169976219,0.002156870011149063,0.01670207857060102,0.018059252141133103,0.004711037582861442,0.0023321325826872632,0.0032378456647509193
P36589,1,240,S,test,0,0.44754428739503244,0.40117610458297437,0.001126821179757633,0.022195049159925557,0.01044332540371475,0.022108519977453,0.00020520936721795242,0.05295794583582074,0.03764460325673498,0.004598133841368537
P36618,1,299,S,test,1,0.18564723470965985,0.41836249916005475,0.0019679125439634577,0.11254578107337282,0.04675597334764985,0.039218977175879015,0.0037344412490748734,0.05530762311484865,0.11172445886896926,0.0247350987565275
P36626,0,561,U,test,0,0.8722678551967942,0.08772628430295108,0.00019492245872278593,0.009282471412142359,0.0030730146429196227,0.01093742490628307,0.000538198153555138,0.008652214769065924,0.005478241278902413,0.0018493728786634477
P37173,4,567,M,test,4,0.008629146096829781,0.016829177863602756,0.0036824674156400315,0.005528038409137921,0.8871002263876102,0.023548254920037284,0.0018229534753575571,0.0421436059659187,0.009932086877596984,0.0007840425882687265
P37254,1,787,S,test,1,0.06039880097995063,0.36141675003827384,0.0023974524342021894,0.3164671001529236,0.017169881276257796,0.12786425400045762,0.027012014233272243,0.019762413189736497,0.046309362191244395,0.021201971503681128
P38064,3,232,U,test,3,0.00582542994645409,0.0027896181148217305,0.0007319918688291653,0.9835210686833465,7.247700445979197e-05,0.0003857325799176142,0.006010348693643253,0.0001738632937876899,5.915400986289361e-05,0.0004303158048771923
P38070,1,525,S,test,1,0.3802837262266063,0.5197862374135153,0.0005370939054867251,0.00982242187849133,0.045484994987364205,0.013321179529296626,0.00027864065704392895,0.01440362980224891,0.013637081388099553,0.002444994211847157
P38126,0,564,U,test,0,0.46859661212787734,0.3428326065332611,0.00033539537637848746,0.03368086187284942,0.011823094747432608,0.04375686634447927,0.005852856825194256,0.0340778809398338,0.04712800056412301,0.01191582466857074
P38166,7,215,M,test,5,0.00141739620943077,0.0016571041025929866,0.00596746139615339,0.1551099363576641,0.026073800100480098,0.5992606045467792,0.003095878240929136,0.11617196302727807,0.06291535873913785,0.028330497279554383
P38172,3,270,U,test,3,0.0033597808764644207,0.012595893803062369,0.00045826318047700084,0.9388806214852067,0.0008298074236551869,0.02066170794767571,0.011505587946749165,0.0026786508944236127,0.0010327119370317234,0.00799697450525418
P38175,3,177,U,test,3,0.009440999187764273,0.0010801425238538644,0.00021021474066631562,0.9858451558914939,1.6987956103685903e-05,0.0005625638095765575,0.002064818190900658,0.0004555780633462768,9.6243317952543e-05,0.00022729631834196896
P38204,0,145,U,test,1,0.18246422325685152,0.6319065557626099,0.01053803950817707,0.11463009325864064,0.004977818008511416,0.008873919770435248,0.01301274328233048,0.0077097945162371015,0.013851993426988039,0.012034819209218554
P38211,5,433,M,test,5,0.0003617717902064291,0.0007423075184914445,0.0003561630454926993,0.012903222876916354,0.01877407925015057,0.6540987523399088,0.0005964608891986127,0.26844158899125603,0.0386726783605507,0.005052974937828456
P38212,5,213,M,test,4,0.025441436150337785,0.04353166380705893,0.018540784755457906,0.012159342903046422,0.60446751244371,0.08556444215822964,0.0007534052726767603,0.17183512485272162,0.02997733845137899,0.007728949205381922
P38228,3,572,M,test,3,0.018291995021520582,0.036200780564955966,0.0010309563887326472,0.9227532538454383,0.0007197236014420942,0.00929712976035256,0.0015476488532430548,0.0026740974810465106,0.0020825893049846614,0.005401825178283676
P38247,8,162,M,test,0,0.24981569826147773,0.2054927937216972,0.001538610434004985,0.16771832317774882,0.02010949733762184,0.1930426211752976,0.005287020063460204,0.06802955495340424,0.08173938216396669,0.00722649871132067
P38257,0,691,U,test,0,0.9064042111308054,0.08044793796330257,0.00013077660037364485,0.002077905356449422,0.0018194747637220923,0.001532151286557607,0.0005013179945444349,0.005431948421519056,0.0011122224990287397,0.000542053983697042
P38287,8,376,M,test,7,0.0010648858033050226,0.00280559999109665,0.01213945927345258,0.015740339540260398,0.057016242270570144,0.3345771211855959,0.0005524553926501777,0.543072307152225,0.03198321325814869,0.00104837613269541
P38291,0,140,U,test,0,0.7620184982212391,0.12635503650661475,0.00019908383454446822,0.09316836999320789,0.00024776384701491526,0.005423049417295948,0.0002988602486535613,0.0031386201589889266,0.0007513346464886017,0.008399383125951817
P38292,9,413,M,test,5,0.07237814675206339,0.024314773373679148,0.002728042076162924,0.08739000931204569,0.019234568700177146,0.6369614276485381,0.006342887683014489,0.1039810970026396,0.03579480726049508,0.01087424019118444
P38310,8,465,M,test,4,0.0006071300581108292,0.002291285194776384,0.00045118082094578756,0.0012457501114574768,0.4166463603930588,0.16834035477080359,0.0007098070911575702,0.04323337962223924,0.3619886330387933,0.004486118898657051
P38313,0,324,U,test,0,0.3532397883103945,0.3477633133374837,0.0027826317726521855,0.005533923608138805,0.03587489340804813,0.02121369808668764,0.0002015731520596329,0.1004173123773162,0.13199607046253511,0.0009767954846840825
P38319,0,544,U,test,0,0.7929624832964431,0.1611001027820272,0.001035775978562415,0.01046096708962856,0.013275658574242422,0.007246099803025964,0.0007697233151987457,0.007417935801181443,0.0022272683914952344,0.003503984968194894
P38324,0,304,U,test,0,0.8814043238240943,0.08134537783502638,0.0002821381442234109,0.016918224898266426,0.0007912759172262198,0.0057561359225748124,0.00048749095549336334,0.009306705383188145,0.001623592774828344,0.0020847343450786223
P38325,3,134,M,test,3,0.002482266478481479,0.005550342325935509,0.006539901464489825,0.677593193525787,0.007705886631998756,0.2571853780534043,0.003041336876979523,0.01587333767823734,0.010129197828461998,0.013899159136224333
P38345,3,138,S,test,3,0.000467029407118158,0.0026666539387473044,0.0008725258107816023,0.9719087616479001,0.0006284567345753174,0.0024185500823008877,0.018655424052606652,0.0011469135680972507,0.00029225951653256163,0.0009434252413402096
P38347,1,419,S,test,0,0.6734966649817,0.21695081935090882,0.0010778659511592225,0.022511933046068855,0.004131881994471638,0.023963829552678964,0.01063388495140359,0.019866712433006712,0.0070285690164326505,0.020337838722169526
P38574,5,287,M,test,4,0.0020932505665775796,0.0030936239274999278,0.1456062004262553,0.002951956496875197,0.5202675303083271,0.05314867781417519,0.004362709221543067,0.11699787170469733,0.1502282424643869,0.0012499370696624377
P38633,0,127,U,test,0,0.2736410252839709,0.1689149173561072,0.00626183545996214,0.23042884908969646,0.013465062972189664,0.19328403841920458,0.007672161010354106,0.031063572165372994,0.042458866602188686,0.032809671640953296
P38702,3,357,M,test,3,0.000707738285053169,0.0024130261220633993,0.0001229864779707812,0.7883515405310694,0.01488296863411613,0.055785085848473456,0.005698805743924635,0.048089750489259654,0.01821719542010621,0.06573090244796322
P38711,1,82,S,test,1,0.3833360085768383,0.4696730685342112,0.03362662353783214,0.062398623834919384,0.010622500469174121,0.006493404058606235,0.025883333823810487,0.002244060399170188,0.0029728966841245682,0.0027494800813133552
P38732,1,585,S,test,0,0.3503314125859038,0.3140350432082042,0.006366608968273466,0.1449033687136114,0.0036847111199437128,0.10185273477803232,0.0040468636037798225,0.034283382591813204,0.02557696337887959,0.01491891105155851
P38742,8,1146,M,test,0,0.461339796420891,0.3884870664798055,0.00037125535478642135,0.022002720960734894,0.03953172595062295,0.0338793840218008,0.0002802382483190446,0.021409233794014222,0.02803219264872903,0.004666386120296098
P38745,7,532,M,test,8,0.0012751629640943563,0.0013574037567132813,0.005244272979229229,0.0005315669916999472,0.2046290721196349,0.254664997920732,0.00022507961902742144,0.11843022451782616,0.4133621030167306,0.0002801161143121422
P38805,0,295,U,test,0,0.7848020510934883,0.17511299955311774,0.0008366759620192504,0.026802051025443606,0.0006516038236022482,0.006279601501870507,0.0004478403022970241,0.0023834678369691288,0.0016901317963694382,0.0009935771048226983
P38806,0,282,U,test,0,0.9685198259571146,0.02368475130432709,0.00018803896164186243,0.0015379593327519965,0.0011518782475044738,0.0013258039165999662,0.0002822799371824828,0.0024195497027651516,0.00041718269246554925,0.0004727299476467892
P38813,5,335,M,test,7,0.026555223220431096,0.020123388489383928,0.1242375216873987,0.04912955654993122,0.027938557609843477,0.2957110386034349,0.001576185565594327,0.3273222723506944,0.1257019928989921,0.0017042630242958589
P38843,5,316,M,test,8,0.00016572482926945542,0.00042985750524745234,0.003727936038448677,0.0003975532151445857,0.13718406313468173,0.15789789827007208,0.0009839536698653527,0.10194653614466828,0.5959003928050913,0.0013660843875111116
P38848,9,579,M,test,5,0.110908975685433,0.07988474165454518,0.0020234494998464,0.10812839651831697,0.07287808865711017,0.4041065772218834,0.01919795294542985,0.1501213981946034,0.03803083859954657,0.01471958102328507
P38854,1,504,S,test,1,0.3012665652920832,0.37787293197986244,0.0018196069566276893,0.03433346538498537,0.12219911647669976,0.021994841395865713,0.0009439996658135048,0.12756428726933255,0.00909746201972792,0.0029077235590018666
P38857,3,129,M,test,3,0.0002774147785708962,0.0006866081537012012,0.0029362503623847885,0.8802961902083305,0.006338642584849935,0.05760998406450957,0.027967401468287936,0.004747423914167727,0.002472570919246252,0.01666751354595116
P38877,0,133,U,test,1,0.1430485388917704,0.27952894399227746,0.12295479998066444,0.26362091143286237,0.03136227633445077,0.05998193436313181,0.06360150090101198,0.018874153380578386,0.011447751825293166,0.00557918889795921
P38878,5,278,M,test,5,0.036128236843633636,0.08906963394455644,0.0017029927232697704,0.10660238623134166,0.025719024318494807,0.42993635202277874,0.0010169033961083508,0.27328415786476506,0.029257536278907616,0.007282776376143924
P38880,3,579,M,test,3,0.002887122993225695,0.0038850488556903357,0.0041356123435008565,0.5588524863462448,0.018176041302263187,0.18719212462428234,0.08637498204517784,0.09749407936884963,0.02324750988625268,0.01775499223451257
P39001,0,836,U,test,0,0.8032585486610095,0.11216002103078905,0.0006774304871737049,0.0030360327030227218,0.07073844315932297,0.004383024816419858,8.885953981624116e-05,0.0034402758329129686,0.001305781438182039,0.0009115823313509443
P39543,5,234,M,test,5,0.0055166141367333325,0.011143867538765244,0.21694400608511302,0.16961743869579293,0.027797657661197524,0.43823894286164794,0.013337461079387184,0.06920417033419576,0.03859322730172464,0.009606614305442426
P39551,4,298,M,test,5,0.09616140712279031,0.14197861692098687,0.0034856180471798193,0.18517504037493943,0.03205314548142858,0.37552790627282784,0.01637114345579925,0.10960548763965319,0.033329996140780985,0.006311638543613693
P39723,1,622,S,test,1,0.21686447795179714,0.33327242176266453,0.0012794883009876708,0.018223467910369884,0.022768236317025747,0.09236583704694568,0.0003963669521292246,0.2272720299013054,0.0850913957472259,0.002466278109548807
P39735,0,261,U,test,0,0.46464570393937926,0.3426082957321456,0.014936012837731945,0.11933088800393767,0.011362719114105682,0.01994219194751813,0.001624216059093543,0.010106211318761854,0.00891870055492866,0.006525060492397663
P39923,8,615,M,test,1,0.4133753499641134,0.4832847441085752,0.00013440549151238996,0.046379432319069464,0.01026811549096759,0.016929259610219308,0.00036535199801784695,0.014940019773260383,0.008380591912159984,0.0059427293321044706
P39936,1,914,S,test,0,0.7219402040945841,0.26976935730610413,0.00015636570837983176,0.0028820586762187362,0.002315798916454749,0.0010519991110159645,3.0790231973907987e-05,0.0014491900526701627,0.0002618633022087541,0.0001423726003895582
P39952,3,402,M,test,3,5.44282477775945e-05,9.40435773458451e-05,5.27536679620776e-05,0.9938914661409708,0.00010010886647489473,0.0034742480675195287,0.0008096899161949529,0.0007096375839100694,7.210572138059576e-05,0.0007415182104636
P39968,8,578,M,test,1,0.238782433652674,0.5683515974920175,0.0016993406215326452,0.013262332202135834,0.04757329333503825,0.015872931965282236,0.011081092658176436,0.01368332262489266,0.07643132324611465,0.013262332202135834
P39996,0,337,M,test,5,0.05459593476139121,0.057167178491603084,0.0022212166264380475,0.057714095797593935,0.04038448906033786,0.6454386554080203,0.0011168980000736562,0.08466312083245811,0.052800054308584504,0.0038983567134993438
P40006,5,225,M,test,4,0.0010102382224361267,0.0035260784071035035,0.054942106567672185,0.0027035380105064565,0.3431992630906654,0.27576834767590874,0.1559052959846189,0.06348548269634058,0.09909943780214632,0.0003602115426018126
P40014,0,221,U,test,1,0.26753974575615225,0.5663816462957274,0.0016159016311795666,0.06429532318030128,0.0024257556627019687,0.013268090158094338,8.698828077983482e-05,0.04750108082959496,0.021494213985560985,0.015391254219907429
P40047,3,520,S,test,3,0.0018708125288076723,0.07299824466267574,0.0032073188020254923,0.8160681346912072,0.001960594814813645,0.009463729830245416,0.04393111711104644,0.0006775633933335253,0.00287502199145718,0.046947462174387625
P40053,3,627,U,test,3,0.039960780718715554,0.09677802224907317,0.011649141361723472,0.804006590747368,0.0013069974219084544,0.02767326526558799,0.0033375348874013382,0.004633708595374056,0.001652199448864356,0.00900175930398362
P40072,0,274,U,test,0,0.9877276449076035,0.00975928830934485,0.0001773565750794034,3.438214126528044e-05,0.0015562544621700901,0.00029701637771879867,1.5344352321927716e-06,0.0002520745336362177,0.00017189989789133516,2.2548360058401515e-05
P40094,7,801,M,test,1,0.30825568322053937,0.38064493078196876,0.0007522432396273328,0.014644349505345437,0.011675493268138727,0.054569998799241105,0.00331905309526668,0.13894171007938136,0.08049186600227372,0.006704672008217499
P40156,3,214,U,test,3,0.03482522788910982,0.0049634440423565,6.936257652202053e-05,0.9560804890208794,9.480739318417801e-05,0.0007574612333423329,0.0005673122316181018,0.00216625163542462,5.0746740793819596e-05,0.00042489723676923094
P40166,3,100,U,test,0,0.2588443936003602,0.16909251335492995,0.036999879579065274,0.25783528701036323,0.004384616189779534,0.17480114794778057,0.013718250512895849,0.05136924375119345,0.02158183878519563,0.011372829268436288
P40215,3,560,S,test,3,0.0038497499275423177,0.012622844455744377,0.0017488276391788066,0.8644303102540057,0.0037900649560628497,0.08295686561336979,0.009454072473992986,0.005060400825011034,0.0025445292760089572,0.013542334579083179
P40239,4,226,M,test,4,4.228561495733896e-06,9.986527473942099e-06,0.0009024769598112661,4.7915882876282075e-06,0.9406833716107263,0.004565288345455917,5.100618673348414e-06,0.009816912073226453,0.04399634929244278,1.1494422406565303e-05
P40344,1,310,S,test,0,0.8223702857300592,0.12128319517157882,0.0003951719821492991,0.025417685353380105,0.0014230690343874596,0.012197771966412776,0.0016899361404681523,0.0034405393315679027,0.0037201102595653167,0.008062235030430912
P40395,7,1056,M,test,0,0.7664857349274375,0.14514794286110136,0.0017030846603524534,0.02157431778076305,0.011914469983424292,0.02341869793719263,0.0007676404059509816,0.016606344860282087,0.01059694928214892,0.001784817301346653
P40453,1,1071,S,test,0,0.5203853348448064,0.35487193543613466,0.0007235718213630724,0.03180576548821889,0.016991181622004414,0.03339732129267797,0.0004671730946593461,0.021063428772450977,0.015112269956976883,0.0051820176707073565
P40473,0,351,U,test,0,0.9192771158542539,0.0676408845552659,0.0004417384549954189,0.0007397726750292255,0.00844973031898659,0.0005852082877105367,1.0552290224774775e-05,0.0022085532168775474,0.00031817223682454736,0.0003282721098315899
P40474,4,542,M,test,4,0.005612873173004958,0.012847994700495436,0.0006970662717641852,0.003709882765644427,0.3339529753487484,0.15774822884138107,0.0069853329100550065,0.10345380201681502,0.24624149678524054,0.12875034718685097
P40475,4,563,M,test,4,0.002724054934290373,0.009507885085161217,0.0003986172619796027,0.0029454051618290483,0.38577198505072463,0.1408131701218198,0.0026818222500216665,0.09985149528258232,0.32485258177439835,0.030452983077192977
P40486,0,507,U,test,1,0.38867032844653854,0.4202528332147862,0.0013168355324513382,0.006481691782097149,0.017896525707649626,0.045477774364809063,0.0006831652773336472,0.07403428912889215,0.043015461765588535,0.002171094779853783
P40495,3,371,U,test,3,0.005666807402653759,0.09584677360799344,0.0025542299982814084,0.8151530110046991,0.001728278592345454,0.005365225148551771,0.04509829818292296,0.0021508774762478756,0.0040183679463880765,0.022418130639916208
P40498,0,721,U,test,0,0.8962153839374257,0.05509826948453389,0.0004374384903113817,0.007398710598520533,0.002852457167917678,0.009426202978876034,0.0005529740253693214,0.0224582352886621,0.0039602445806285,0.0016000834477548588
P40525,1,121,S,test,0,0.43941521487291696,0.3115920413307083,0.001293458738390606,0.23890590582201762,0.00018927482529308172,0.001512206386949361,0.003151708736909199,0.001584778766993905,0.00018927482529308172,0.0021661356945279204
P40531,7,326,M,test,1,0.12426525607586524,0.7320552178543557,0.0004377886479664431,0.06916403496687162,0.006284230605624802,0.024951896573923896,0.001135537355895771,0.02344013471509728,0.00980954578434518,0.008456357420054086
P40546,0,346,U,test,0,0.9584928319896701,0.026353789723162144,7.402236811854586e-05,0.0068949671348519145,0.0004326773976308742,0.0016716307890662222,0.0005555687680488801,0.004386989748096909,0.0005643176712171002,0.0005732044101373068
P40564,1,432,S,test,1,0.3197640674264265,0.5355040259585242,0.0011353698428456314,0.0335714918058179,0.018612501546922382,0.05315168776820482,0.006137751777670144,0.019505734862285073,0.010359416384152194,0.00225795262715116
P40571,0,144,U,test,0,0.8553933813429699,0.09824839592921455,0.0012081151803424708,0.03743684055940825,0.0006992034287192247,0.0015035236104571554,0.0006074784545279685,0.0011893851185301593,0.0010333557524668318,0.002680320623363428
P40847,0,254,U,test,0,0.8721301531514405,0.1126249953456069,0.0003315219582000821,0.003508938939383855,0.003976148813941321,0.0012126569267251535,7.169664347167307e-05,0.004038764428706663,0.0011753474434474374,0.0009297763490763772
P40858,3,161,U,test,3,0.0024599393385170967,0.0015960302331244083,0.0007568620635352991,0.9933799261896755,4.0426821438178534e-05,0.000745127980051056,0.0007748105721151731,9.697890544334661e-05,4.1710107671007634e-05,0.0001081877884289643
P40936,1,264,S,test,1,0.38189151785317654,0.4606491017464688,0.0029386463499802376,0.06659001094929638,0.014351962097484716,0.022055765557425697,0.0023984534138853223,0.02403501228792939,0.003544684024762473,0.02154484571959048
P41000,1,583,S,test,1,0.38752086718617196,0.5550980222295602,0.0002752074048205825,0.014226155997327931,0.020298582486074968,0.012359899094964016,0.0009023703576145361,0.0065642924215252646,0.0011954465256113942,0.001559156296329231
P41056,1,107,S,test,1,0.12627529848054975,0.35139181514542916,0.1760020519233834,0.22865499103542553,0.0038732322097698372,0.010778213637846486,0.07170398391437749,0.0031612400736880006,0.0040591125504522195,0.024100061029078163
P41057,1,56,S,test,3,0.3218223606725472,0.19216889774044316,0.08118836963824766,0.3268903049726648,0.008848515874958818,0.012381299776674817,0.016791531065484984,0.015651428372349067,0.008848515874958818,0.015408776011670709
P41058,1,56,S,test,3,0.28264727477778084,0.19809188940703776,0.10812221940672032,0.3104273002766659,0.013427768496284494,0.021124842976805978,0.014182548613353807,0.021625805102384894,0.013639224350211157,0.016711126592754928
P41180,4,1078,M,test,4,0.021556559638933583,0.040115944462085946,0.028005444971765953,0.007136420709439999,0.8057503583942256,0.04102718398354822,0.003093409773010899,0.020975108886962582,0.030878345967629586,0.0014612232123976947
P41183,0,707,U,test,0,0.8759616003989216,0.09982785567325528,0.00025932383101951313,0.00933544522590982,0.012617540526528503,0.0008910963647454287,1.2910972125938506e-05,0.0006318819350244356,7.908930262369389e-05,0.00038325576984576704
P41546,0,238,U,test,0,0.9627502741310776,0.02976197430700742,4.2364015605951044e-05,0.00255027270962236,0.0013597407311134527,0.0013076498762520762,0.00015988013017945068,0.0015528726014528936,0.0001869187986641853,0.00032805269902464606
P41593,4,591,M,test,4,0.00046859450992260416,0.0009614934521672892,0.0007546848502695972,0.0012154415246300606,0.9600472307890648,0.008807258003060092,1.9341203700926678e-05,0.022755228095444065,0.0048036450550765445,0.0001670825166640186
P41594,4,1212,M,test,4,0.014891899845215842,0.03246343447989392,0.07711892431604814,0.0031583071098966104,0.7849823686526002,0.03246343447989392,0.0003078665701693757,0.025630581647333988,0.02744394676012796,0.0015392361388200692
P41698,4,603,M,test,4,0.12788840040213756,0.19198325879819225,0.0036279152822141915,0.009120577301661935,0.4788898678147542,0.057587562076356465,0.0027816191724312,0.07376358144871972,0.05067217136750536,0.0036850463360271544
P41903,9,349,U,test,3,0.08655939459775047,0.22146930334206505,0.0009863159158461953,0.552440895041831,0.012691201947987871,0.07023497095082874,0.0010336502704263672,0.008929374842948815,0.008859887001337089,0.036795006088978406
P42223,7,864,U,test,1,0.2683341247302424,0.6437001210648567,0.000319134675505187,0.042706124138050285,0.018331835161222495,0.009698008193789433,0.00019970938871125815,0.008830136708928975,0.007039997986778809,0.0008408079519144128
P42260,4,908,M,test,4,0.0006394779931403097,0.0011579450612699508,0.04244501233490818,0.0006007339870868625,0.8864918356715298,0.019661812664679784,9.35763101974508e-05,0.03745759401554625,0.0112687984425731,0.0001832135190683783
P42699,6,167,M,test,6,1.7310052546879324e-06,4.85472408845124e-06,0.00031972214273182634,0.0008164390585783403,1.1922051461156466e-05,1.9200806796808783e-05,0.9988174001288775,6.269285776973767e-07,5.2492083266723735e-06,2.8539453068406253e-06
P42775,0,360,U,test,0,0.9194479780459826,0.057416749474830046,0.00034409019334017305,0.004862661892216901,0.010910126388860634,0.0013823341604533715,4.4435062779909666e-05,0.0046038757317835785,0.00024783887007958304,0.000739910179673293
P42776,0,382,U,test,0,0.9275621291391798,0.044065834534684524,0.0004320062647803818,0.007931490949265438,0.013321719373702513,0.001543607482830922,4.923304477076869e-05,0.004346098060067022,0.00016655323862789934,0.0005813279120907628
P42826,1,600,S,test,3,0.12286478390441695,0.38894123185356194,0.0007868664758507262,0.3950661456005834,0.0030163671158664027,0.04756560591500821,0.007013264174633043,0.005293889484016987,0.004973148971382284,0.024478696504680007
P42900,3,643,M,test,3,0.04329960808883047,0.06785427058388972,0.0005324353133916732,0.8106457024265565,0.0013177900156997482,0.05581539889451551,0.000500176627597012,0.012023867151320432,0.005769114496517292,0.002241636401681547
P43005,4,524,M,test,4,6.99151900296166e-05,0.0003550586531637385,0.00044883619635729374,0.0003036977580848299,0.9487570079378917,0.010215465431767667,0.00011172415746877617,0.004023941976409099,0.03565547820643477,5.887449239244431e-05
P43082,8,212,U,test,2,6.688524490701354e-05,0.0004395673779968216,0.9813931651336809,0.00029053629457865496,0.0042693992436739535,0.0008673811157758136,0.0003504536313173995,0.002963108030812839,0.008557307592322138,0.0008021963349344163
P43554,0,623,U,test,0,0.8714852795132291,0.11254171854088307,0.0004973053506487762,0.00534653608849308,0.001555930799166659,0.0026056938404084135,0.00010103372032256264,0.0038509659342737647,0.001156269554898626,0.000859266657675977
P43587,0,155,U,test,0,0.6898794864233451,0.2039279789337332,0.00583036387750108,0.0010371917569573855,0.08770832526163817,0.0026485622330007065,7.513392664630712e-05,0.004684828812186186,0.004102172962812373,0.00010595581217952689
P43596,0,787,U,test,0,0.887444990897238,0.09280810692403524,0.0007966988647912945,0.005154700588129234,0.004077703774291677,0.005074784262050356,5.1733303869379245e-05,0.0017953885615760554,0.0021656521567300184,0.0006302406672887255
P43603,1,459,S,test,1,0.13932017021841128,0.2786994682403648,0.08735478812432446,0.0987927920085689,0.10765828940392154,0.029489677229676287,0.07739204380008276,0.01578468720608684,0.051353223807980714,0.11415485996058244
P43613,5,295,M,test,3,0.03482958314876848,0.03026046987720009,0.010416967833105355,0.4641978757984857,0.03870372861140865,0.29506212582834856,0.011712110644996578,0.09569914674646834,0.015038648676271173,0.004079342834947045
P45815,0,411,U,test,0,0.9119153479163842,0.0725515426278325,0.00018266931856169392,0.001602872261918327,0.008454252283694591,0.0014145298651106193,4.0127121283661686e-05,0.00222536763849438,0.00043140720820925254,0.0011818837585107604
P45846,2,183,S,test,2,0.0001345886943914947,0.000756563124746562,0.9775927296249362,0.0002554044380932866,0.0056121668536426444,0.0048950191614208684,2.16303734379257e-05,0.0035952889409227706,0.007066785092886055,6.982369552227228e-05
P45895,7,804,M,test,7,0.01162812833235177,0.019626184866140952,0.061554993079754795,0.02569755669021534,0.16052136962086208,0.11427220450743955,0.0025543611865986296,0.5780596605905709,0.024329956085611868,0.001755585040454104
P46014,4,581,M,test,1,0.1975039637390385,0.20657850244010187,0.008328997305090612,0.11035775095189476,0.11408348073398607,0.11078967599859404,0.027309728048758475,0.15788733532770283,0.04398310065687642,0.02317746479795642
P46367,3,519,S,test,3,0.0026506180188302867,0.08985797872352934,0.004725237669635848,0.8071768783752457,0.0024900254007304916,0.013408469866647614,0.042445900684830166,0.0012135413295594028,0.008037900118641889,0.027993449812349316
P46654,1,252,S,test,1,0.1921365057446069,0.5346666837145272,0.011720401810716088,0.14731615015391905,0.005756867866660263,0.019781923893370187,0.02620678896308701,0.002940320321453639,0.022947429875356078,0.03652692765630356
P46676,0,1062,U,test,0,0.6189834529804725,0.29699149867925184,0.001534306721844689,0.025799219413171,0.00842500100885092,0.021852789880026,0.00031171329102027757,0.015136984835975899,0.008229835823577227,0.002735197365809654
P46784,1,105,S,test,1,0.1626474765686576,0.4990363435897056,0.050979771572839304,0.12421997681697029,0.010276569405819802,0.0782680839903475,0.0030377482215093753,0.03531265432348886,0.026864452636521884,0.009356922874139776
P46943,3,645,M,test,3,0.10472131856985901,0.2612206125744722,0.0032121088456527843,0.5235736538314177,0.007238599704328635,0.027640207627403702,0.011299294782640105,0.01819783880172804,0.020945583211837916,0.021950782050659864
P46974,0,1380,U,test,0,0.7585485713575594,0.12528932319192165,0.00398049743531698,0.05017849147872623,0.025354831002727615,0.010820114247768372,0.005273302645898495,0.011976774996661506,0.0036242844720999487,0.004953809171319778
P46990,1,184,S,test,3,0.1880260955377257,0.1546660472713571,0.019510555508157317,0.5837035624331107,0.0010585427243499452,0.0038719884050565975,0.03638383652116036,0.0017181844006482353,0.00191677321848417,0.009144413979949906
P46992,4,396,M,test,2,0.001007207802441799,0.007442314766874753,0.5136575784064137,0.0007722529827205056,0.29267326482873646,0.03001547654592495,0.0023787068597699666,0.05585767421402486,0.09576232890204199,0.00043319469105105885
P46998,3,180,M,test,3,3.3730593833013894e-05,3.218595151520876e-05,4.985058522424904e-05,0.9690099841904765,4.0686861196412804e-05,0.02836128267661157,0.00039363985725816305,0.001352637225559735,0.0002936732234665412,0.00043232883485862326
P47013,5,409,M,test,5,0.0028457609599274744,0.004339266769633843,0.0005691879431286491,0.06894646909862331,0.0516385181070347,0.6340199322545162,0.003541606495386106,0.15782005123109594,0.054328505364133445,0.021950701776520306
P47040,8,408,M,test,5,0.00015683946582955316,0.0008747802720280488,0.00037040528977357116,0.0022868037014279015,0.18597133262601728,0.4323962833072924,8.264858458056207e-05,0.12982890323554486,0.24637196215687132,0.001660041360634531
P47082,8,602,M,test,4,0.000554582342179313,0.0031174721957736165,0.0006794884748964466,0.0024854657476029193,0.8183867412966815,0.03485111180231506,0.0009582323345933034,0.02703625548205511,0.11075659946383243,0.001174050860070291
P47095,1,244,S,test,1,0.06179122674258204,0.4729159212685715,0.0014588779416268162,0.41734683834306097,0.006142105488732802,0.013626856834088982,0.0021226550615503492,0.002993423049054798,0.004709315522435916,0.01689277974829584
P47150,3,247,U,test,3,0.0035840991081624728,0.003841424008798983,0.00026013883367125685,0.9802770904486977,0.0001679582541879961,0.0012507866273750322,0.006630906565609652,0.0015087369111388893,0.0001602668973742742,0.0023185923449837668
P47154,5,453,M,test,5,0.0021240035338144572,0.0029953249257823446,0.0010033080738631691,0.02759834478796055,0.015451061055490814,0.8568841546655356,0.0020267380698127044,0.027869182697402996,0.05651763649619601,0.007530245694141359
P47155,5,203,M,test,5,0.011991675727969227,0.006469024265954439,0.0058901136533390155,0.01266573352011867,0.041855062063742295,0.6969493447727307,0.0008823536863372942,0.08860716007830029,0.13301511903255667,0.0016744131989513955
P47170,8,1584,M,test,0,0.45807637127239187,0.39798365601094177,0.0016780978167457471,0.09791180886573563,0.006534108192896096,0.011289926773634796,0.0067415235017370765,0.004633377140568711,0.00819560856138684,0.006955521863961451
P47821,0,323,U,test,0,0.5220481646082479,0.25642144153146257,0.0001953690039829084,0.12399730576603621,0.002962059513339365,0.04247733863335449,0.00010457349493433468,0.031016446012723874,0.010834763535259318,0.00994253790065903
P47866,4,411,M,test,4,2.511807551720781e-05,9.045366492028234e-05,0.00015628991296857492,0.00014454453827691027,0.9710057412455808,0.01013335496076987,4.364866542456356e-06,0.00951940569697387,0.008873061308626877,4.7665729823137395e-05
P47896,2,493,S,test,2,0.0006619993637833132,0.012988598622347386,0.5653863782727646,0.0010745310435525477,0.16975977227816816,0.13747564525919562,0.0004142686255464557,0.03355851535509379,0.0771168576736475,0.0015634335059006741
P48003,0,139,U,test,0,0.6032025822483039,0.17147552991026388,0.008808266383793577,0.15431128463844482,0.00629498391360275,0.006913688043477509,0.02432040314793643,0.0032151630193206896,0.010059355772183308,0.011398742922673108
P48044,4,370,M,test,4,3.1636265300563744e-05,0.00016837257889034996,0.0001104214292679697,0.00021789030390774184,0.9674598411745045,0.022399731983281716,8.835381604462146e-07,0.004622445648739569,0.004769177855246199,0.0002195992227010124
P48048,4,391,M,test,4,0.007211295621393497,0.04153868566484179,0.004339834144007024,0.012755481771000377,0.7073928173928419,0.10311088916657309,0.0012051286122833683,0.029140618522578137,0.0917087132848451,0.0015965358196357695
P48234,0,707,U,test,0,0.9317503474361857,0.0493809575654238,8.153808363681257e-05,0.011337653615578473,0.0013366812933566377,0.0026376212206399127,0.0005316950791026535,0.0021360106543513884,0.0004477321589249173,0.00035976289279977044
P48239,9,356,U,test,1,0.050348508411421904,0.422387057700931,0.008299825599023675,0.3114487187994005,0.00379993738043208,0.12316195497602332,0.01198219864001737,0.009856288185920332,0.008563291163827716,0.05015221914300208
P48415,5,2195,M,test,0,0.5641933752151532,0.36427062350282363,0.0005476586594614257,0.007560195165514533,0.019647991324373396,0.012223565748173057,0.00036481933310150537,0.027559683895079876,0.002454435923580845,0.0011776512327385097
P48527,3,492,S,test,3,0.02701725308339513,0.029127154961517663,0.001006457440593871,0.8868595531358157,0.001022306803821969,0.021911312703814807,0.014002684761873819,0.006165299268175313,0.005791762099601591,0.007096215741390234
P48765,4,970,M,test,4,0.00014510278733184778,0.0002753567136214674,0.0005225352742961292,0.0008093183550444188,0.5467885523386373,0.12786015378846488,0.017169329612001648,0.02659237841816568,0.27927227739585087,0.0005649953165857342
P48766,4,970,M,test,4,0.00013900413210513377,0.00024395985223725093,0.0005328573294183549,0.0008253056049650909,0.5843489902175262,0.12058722508575825,0.011823722436645125,0.02567450389439482,0.25528318284273105,0.0005412486042186759
P48985,0,351,U,test,0,0.9559680043941887,0.03170500286469566,0.0006278836018501435,0.0015662151185127826,0.0078612313550628,0.0008189145295289652,1.3521957111865075e-06,0.0006683786176292499,0.00010411330379171478,0.0006789040190287876
P49047,8,478,U,test,2,0.007924668203050215,0.04300802789878744,0.6101656334507655,0.011530324397904192,0.05290077434561197,0.11645214581709944,0.027444559083936917,0.023291894320041053,0.09787119569538474,0.009410776787418598
P49166,1,88,S,test,3,0.1949814062765502,0.32653238076953883,0.030971280968660576,0.42587851699093143,0.002781260203905349,0.0029147357323838705,0.010496366380293233,0.001823995007417838,0.0010073056266693978,0.0026127520436493106
P49406,3,292,U,test,3,0.021577419663017718,0.018063855943526264,0.0006241769821362924,0.9503246151980251,0.0006439904641219612,0.0031206882851863792,0.00196819373175674,0.0021785916262294655,0.00011367106571802617,0.0013847970402820053
P49736,0,904,U,test,0,0.7662042504256352,0.11081421555881274,0.00215211025221453,0.01191009507368008,0.03840872707977213,0.023871824534383537,0.00255569377422765,0.01774003199343622,0.022957306729399475,0.0033857445784383736
P49739,0,807,U,test,0,0.8354919261983496,0.11575294628155756,0.001074408958520708,0.013399376998840164,0.01191765121610629,0.005718151839714567,0.0019153409436476717,0.006379058828188736,0.006280161221771477,0.0020709775133032496
P49862,2,253,S,test,2,2.5700871191972774e-05,7.916424712344581e-05,0.9781319152032295,0.00013257518340806875,0.01907053824644923,0.0010377052504305848,1.2722853494962445e-05,0.000229069357749954,0.001261509521390037,1.9099265532279003e-05
P49866,0,704,U,test,0,0.9663132110553523,0.022725508269560223,5.6330902024007995e-05,0.00019971038846538816,0.009039582012885333,0.00029057690078319794,6.5207747919677445e-06,0.0007776241041497424,0.00047535209069615475,0.00011558350129167601
P50111,1,915,S,test,0,0.5704565001647847,0.36260419787983184,0.0013492675387978804,0.00664132828059104,0.026164555708553007,0.01574610719641254,0.00016368472873251982,0.009439229888151632,0.005953248075969573,0.0014818805381752466
P50133,4,585,M,test,4,0.0007143384787939514,0.0012537029880875475,0.000868414618106998,0.001524115166779526,0.9598015248647961,0.01037483164477419,1.4595769699991694e-05,0.021371090120801833,0.0038995734601576884,0.0001778128880021548
P50402,0,254,M,test,0,0.47629930447779384,0.13174789168039344,0.009286358383629895,0.026044237512551555,0.06905436785315126,0.120427322617413,0.0003032103241015297,0.10160823562929418,0.060910514139133724,0.00431855738253756
P50536,0,512,U,test,0,0.8816594260025279,0.09512990474185476,0.0005031111523804452,0.0029407976387910207,0.006999706673646961,0.0031797605699355083,0.000252980179551468,0.00625003532641042,0.002254787543035297,0.0008294901718661999
P50582,0,507,U,test,0,0.6328569785658086,0.3084298736089578,0.00015776788104686004,0.011500976293761504,0.009609425645429553,0.010804169110472312,0.0005861787483349042,0.016538868079747488,0.005693396674855023,0.003822365391586029
P50944,8,713,M,test,4,0.0015169388957130116,0.005952920241892161,0.00046992572921109586,0.0021560049232753112,0.7381849795533397,0.04036424958551362,0.0002515331316132542,0.04036424958551362,0.16993982766050944,0.0007993706934187822
P51402,1,88,S,test,3,0.19848941679000398,0.33240721320438754,0.029676192125445266,0.42020205536462213,0.002967176322084965,0.002659759539501634,0.007756631982577826,0.001717269805554843,0.0007620338159640129,0.0033622510498577977
P51553,3,393,U,test,3,0.010034485645335274,0.10374803018757678,0.00831887957961202,0.8288922248118205,0.004852359612641039,0.0056729833172784495,0.01706923345424806,0.0019301352878649883,0.004418123480542574,0.015063544623080308
P51813,1,675,S,test,1,0.1850541579111402,0.3856860199328972,0.0024604297403250704,0.015795279696032942,0.35670123411566246,0.02316224447695427,0.0009193954408271126,0.02280314697214491,0.0059022648830019024,0.0015158268310139144
P52188,4,427,M,test,4,0.01099117186077675,0.05212960357645208,0.001022338278326988,0.006411093710289297,0.7468335578952087,0.047557338756652516,0.0014874933887288064,0.03232062586556705,0.10028637879105243,0.000960397876945478
P52554,1,126,S,test,0,0.4900388636748649,0.2685191615569409,0.0010553365518535611,0.15180695162639923,0.002959764408025339,0.014230993209707884,0.0043742484354817235,0.06026681401079207,0.003741492677778924,0.003006373848155558
P52701,0,1360,U,test,0,0.7180108835072373,0.17054253293366795,0.0009233330434261812,0.01951173431032973,0.05916859917518541,0.011696587979821295,0.007852717747943655,0.004991491142527222,0.005656101130242605,0.0016460190296186212
P52848,7,882,M,test,5,0.003365789828666369,0.01212067465780478,0.08170505183158869,0.03452859264717858,0.2632325153121379,0.3101636902203332,0.0010105934393605876,0.23596008370467952,0.05512267061096533,0.0027903377472850654
P53063,0,387,U,test,0,0.6495282590258014,0.2465331233716434,0.0015124733187857327,0.04801483408161766,0.0013140595862862297,0.01864289475223181,0.018789112395101705,0.007503044256854279,0.003355568942487013,0.004806630269190786
P53070,3,669,U,test,3,0.02181856923991179,0.13816718953386847,0.007855994738455788,0.7827704660010055,0.0033005513719594187,0.007855994738455788,0.004172287474970691,0.002530620236501059,0.004691029499786161,0.026837297165085358
P53075,3,577,U,test,5,0.020429256842090304,0.07679863100651019,0.06304956830204275,0.1281120897208171,0.055315977575804615,0.45419680046451055,0.007937954559460843,0.14097867587699286,0.04997382200149336,0.003207223650277431
P53083,3,459,M,test,1,0.1727007581748275,0.6568776791170621,0.0008991979173655242,0.011214251333004542,0.09763614574770639,0.022042372611509663,0.0016282370348433119,0.020465650985024918,0.01363306083931572,0.0029026462393403033
P53093,7,235,M,test,5,0.0035822506745139906,0.0010589112877296407,0.0022417152493254496,0.02421867953917404,0.05625514500772045,0.5748541165744286,0.0016400739010259376,0.23226206729535886,0.08544444011282448,0.018442600357898523
P53094,1,1487,S,test,0,0.6247170892600598,0.2927990112082518,0.0006455186857547207,0.029620617306839667,0.009266089198871268,0.016778719553268474,0.0030318528128832354,0.01017680724023758,0.009786940689054608,0.0031773540447788844
P53102,0,219,U,test,0,0.9148378078802683,0.07393023352901981,9.963386652239313e-05,0.006281869637420917,0.00018907184532693296,0.0006103313661907228,4.025572011241897e-05,0.0030634077946931964,0.0003370569942546354,0.0006103313661907228
P53115,0,1489,U,test,0,0.8063710466209653,0.12269866087701616,0.0007239152401692766,0.0051040993969642245,0.02038520945465343,0.012148813513547288,0.0006591323195962404,0.018380569096198625,0.012682210871339783,0.0008463426095497038
P53136,0,463,U,test,0,0.6770013829904968,0.23764984617064366,0.0005799422799696535,0.035600541250404044,0.0024800986214258986,0.028107392134155362,0.005168969020045566,0.006483340313235765,0.0016781187479622006,0.005250368471661057
P53139,4,140,M,test,1,0.24367160326393736,0.41127367510283763,0.009015510505623726,0.19427193088367428,0.08520329474819674,0.012713906885419417,0.0019497407450829933,0.03970067450324041,0.0009209923155618694,0.0012786710464256054
P53174,5,237,M,test,5,0.08051470158268986,0.15641336601881406,0.0038399948933719092,0.07091533600709689,0.07022617218282486,0.39476219977718713,0.01789521850990074,0.1038128987607605,0.09706000523398646,0.004560107033367615
P53178,5,202,U,test,1,0.11262191352206045,0.5096896073610526,0.0018965794362421063,0.10304533996216551,0.007739227866689046,0.04594991160350995,0.026181471349855594,0.0660778255918431,0.017854211091222094,0.10894391221535953
P53193,3,184,S,test,3,0.026067926700583173,0.041656433290884684,0.00032305931870994624,0.9046794501742756,0.0005849848210119115,0.01636075552080013,0.00018407366037590984,0.004673721594738539,0.002331806509907902,0.0031377884087121144
P53199,5,349,M,test,1,0.01772321659967656,0.40654230788435713,0.004960159489354371,0.18832265260845255,0.01800231719562658,0.16108090260444669,0.08488367015691113,0.031349176622648,0.017448442928162385,0.06968715391036459
P53220,3,239,M,test,3,0.00045878334321063763,0.0002697048123387919,0.0005038749544462782,0.9850553049390623,0.000532197928485601,0.007790102445653165,0.0019889752858039973,0.00184309792690361,0.00018828428735680408,0.0013696740767387536
P53223,5,239,M,test,5,0.0021580443606998363,0.0037287659752106173,0.0006897523963883163,0.011896372711816755,0.07972453493766027,0.5709646910984947,0.005775226250510901,0.14778594596979888,0.16104797936439152,0.01622868693502827
P53236,0,928,U,test,0,0.6814494732512791,0.2885438503304472,0.0012750329921928083,0.007511307489227267,0.008281845603631002,0.004926035648858106,0.0001499200735306251,0.004083827605688333,0.003106811783927528,0.0006718952212179478
P53254,0,1237,U,test,0,0.5607748039123731,0.35092392610800743,0.006579816815870336,0.02397413927546034,0.005412410020623672,0.0370594189067119,0.00043060869268979877,0.004281568346689226,0.006477806725829698,0.004085501195744526
P53258,1,950,S,test,1,0.18619151755914323,0.5940312852450813,0.0031662786496188524,0.04689304989402903,0.02756700156670835,0.06710562978436815,0.005556991891703187,0.041382972912223745,0.01879906130142646,0.009306211195697701
P53259,3,346,M,test,3,0.00022997395845377545,0.00011034272090402256,0.00027310085867538185,0.9667701774932532,0.00042964794795444347,0.018126923691663032,0.005485377304945928,0.0061673750512409205,0.0005516788254425237,0.0018554021474667187
P53266,3,389,M,test,3,0.0025396486452295215,0.001993392986821642,0.000230751979273095,0.9700408759661546,0.0023123761164780066,0.00817410340880902,0.007391563278033772,0.00539747855131437,0.0005281964973308306,0.001391612570555084
P53298,0,406,U,test,0,0.8040519121138128,0.15226178915212057,0.0018432656694288682,0.004421764855167952,0.010003599976447753,0.008325734863117874,6.209522507519089e-05,0.014441884630960198,0.004219277172589288,0.00036867634127949985
P53311,3,146,M,test,3,0.0003589161526340794,0.001910201367370184,0.006615372823489472,0.9009579955076119,0.012316972981604796,0.04591978751486786,0.007948553541236464,0.0032493621069326346,0.0017666475490195805,0.018956190455233057
P53314,7,239,U,test,1,0.2776051079647932,0.33485566556192087,0.0010169669677955783,0.16903499747287723,0.003959823745587588,0.022965935295081792,0.07029245581058337,0.035293525879234455,0.005245914523962679,0.07972960677816326
P53318,3,479,M,test,3,0.006049642101167049,0.03427355492840966,0.0012880430342673674,0.8567310297773363,0.0022255387994052182,0.051450697777161304,0.023475470904095228,0.0036407384527798884,0.0069089073491721735,0.013956376876205873
P53330,0,157,U,test,0,0.7816684675583,0.16384660848603474,0.001103989756429786,0.020507806475166163,0.0051851858211577635,0.011106432178933512,0.0005297000639914637,0.009839753410700374,0.0026483337296353336,0.003563722519650913
P53394,5,754,M,test,4,0.0058896366419987625,0.017930005286339597,0.001187240624275911,0.01100328970349534,0.6445206002018922,0.050187823944567514,0.004998469410301603,0.038782143272060796,0.22274037377091088,0.0027604171441574627
P53437,0,365,U,test,0,0.6228702480376254,0.2576303354462653,0.0017223906445722659,0.03473054474867322,0.00644964907143883,0.03538097675252241,0.0003783589886737167,0.020496943458843526,0.018956573071432375,0.0013839797799529636
P53708,4,1063,M,test,4,0.001603450398737965,0.004324710942559134,0.1912167823834113,0.0018169470192969535,0.7104564929242414,0.062078997703162116,1.9563451199149693e-05,0.015317465230575977,0.01296173413019953,0.00020385581661645736
P53721,3,224,M,test,3,0.00011412695818223638,0.00018524632837043316,2.0784063559753983e-05,0.9691614320492757,0.0002512313027525298,0.006039409315321652,0.0015716323091101731,0.007516166049367668,0.00042403308084379925,0.014715938543216005
P53725,0,186,U,test,0,0.9766958465123657,0.010495767696305789,4.434192177954389e-05,0.0039450298346174195,0.0018132353752292646,0.002328240287332115,0.00097816717676097,0.003157561993321508,0.00029832412440836917,0.00024348507787926344
P53747,8,219,M,test,4,0.003214379777408547,0.0034755736176369776,0.009978641770980594,0.001146122465713368,0.34361076406982494,0.23987896776739817,0.004750546075142583,0.17549921598768442,0.20358264477068727,0.014863143697523147
P53753,2,1117,S,test,2,0.018298806793045314,0.1214392271026897,0.27100798740059123,0.003988432735096968,0.08121258096036112,0.22555285902277436,0.02662460530758468,0.036964606837971196,0.20697894885185128,0.007931944988034153
P53833,0,195,U,test,0,0.6912201959231795,0.20273422632302984,0.0014427967331161625,0.08287758759349724,0.0016606490421848224,0.005980226484852495,0.0006605605897028362,0.007678763360920595,0.00300704678308328,0.0027379471664332362
P53865,1,581,S,test,0,0.4899986089816344,0.46755996497647234,0.0017398129095942993,0.007382335625941755,0.007858455636953898,0.004013706221463647,0.0002710105745520273,0.01874131968468417,0.0018520210913163654,0.0005827642973871269
P53871,1,357,S,test,1,0.0731411756616962,0.46977545843429036,0.005598884315740949,0.2783327519924441,0.008404921169044798,0.06470463702121126,0.015825615011135385,0.011852837675465768,0.02197169234109842,0.05039202637787276
P53882,8,636,M,test,4,0.0017332578106531626,0.006949534277775337,0.005863535843882785,0.0002556209377527217,0.8770511885673302,0.03914177586428682,0.00042144768655472917,0.05025903618840544,0.01813165003996727,0.00019295278339154885
P53893,1,1110,S,test,1,0.22770727056846005,0.4564017133445952,0.00040973214065323434,0.13127307179573022,0.006409289374963814,0.020851706932252467,0.077549188234218,0.011074258922165991,0.041549645044252986,0.026774123642708064
P53923,1,493,S,test,1,0.3824470485514212,0.4266505069913008,0.00034874655883703967,0.08634137760273174,0.0037493788061578486,0.030131603311405512,0.0010091316247821443,0.05213906033884145,0.013822224366929968,0.0033609218475923095
P53974,1,638,S,test,1,0.12809938063372434,0.7429425641586385,0.0003741377694109784,0.01995403299503682,0.03666526042256213,0.018239464427145004,0.0003514699020420496,0.03522621432237007,0.01448507499264565,0.003662400376424469
P54005,1,336,S,test,0,0.603789939914498,0.20542918633524723,0.0025859717893807967,0.15147398771959047,0.0035346041807275325,0.012629543731038799,0.002545879981405977,0.008479075707696779,0.003704233183020676,0.005827577457393729
P54785,0,490,U,test,0,0.8947120470887797,0.08193095921816591,0.000385390543372506,0.0012735577996464218,0.015697997347652964,0.0016610325847709973,1.0824827737013275e-06,0.002454847141848482,0.0015482526785718894,0.00033483311441741693
P55830,1,268,S,test,0,0.6756018366248963,0.20127383977869226,0.0045521692784633964,0.07851267618957748,0.007331399029068344,0.002218549864243432,0.022848492220318612,0.0026760820597943697,0.0015487975626500734,0.0034361573922957675
P55861,0,886,U,test,0,0.6817164651232044,0.22480624183009032,0.0017164168527537128,0.012007739800289801,0.027432356955877448,0.013929219455396947,0.002742826099905601,0.015179204335665476,0.0186707402363553,0.001798789310461015
P56271,2,484,S,test,2,0.0005860450127150371,0.004984167233376495,0.5760913889535064,7.80829405383315e-05,0.04878955539469373,0.018865238227545385,0.010186976403477058,0.025610056757954244,0.3132154536015113,0.0015930354746819548
P56574,3,452,U,test,3,0.010067963894628653,0.02834681661758601,0.0026469842911470407,0.9277813028805876,0.0019065512330235562,0.004755769793666016,0.015306901552647391,0.0024866116943598393,0.0007824471185008882,0.005918650923853027
P57052,0,281,S,test,0,0.9223951873506232,0.07112748026260515,0.0003674561174408161,0.0009531087341490572,0.0014647159321831823,0.002268596276571543,0.00012898924967267016,0.0007658444287648744,0.0002093702089697299,0.00031925143901976883
P57727,5,454,M,test,2,0.0005162019214272032,0.0025408346191793897,0.6722414859422593,0.0033924593108211093,0.15967136000357113,0.06351287263588375,0.0004147798397938692,0.028795724439202013,0.06813937051398164,0.0007749107738806385
P59055,0,597,U,test,0,0.9405853812515058,0.04831550303293582,0.00020056386847957697,0.00041153031915030033,0.006720054009226519,0.0008444054459109052,0.00019439315788870432,0.001787606289703215,0.0007336321919003021,0.0002069304332988449
P59936,2,40,S,test,2,0.0003912496419657966,0.0013030603619442731,0.9821220880756849,0.0015965429299116428,0.01236309235014615,0.0002907520756298043,0.00026062844620427703,0.0004646204876844572,0.0011321184274263579,7.584720340235389e-05
P59942,3,119,U,test,1,0.30567419910192145,0.36584408134052826,0.037666447877496054,0.15704056857438375,0.04761485534000475,0.05972240776932792,0.00020876568418523348,0.014982678712463574,0.004751485363623577,0.006494510236065454
P60022,2,68,S,test,2,1.3549233585194901e-05,3.479731019739851e-06,0.9939626967536481,0.00046202863060551503,0.00304237098661533,0.0013820594060106402,1.6090112558973942e-05,0.00025366575359664654,0.0008581401707884096,5.919221571383293e-06
P61407,1,2134,S,test,0,0.6546466131449094,0.3092331782792999,0.003127849090465273,0.005489546621888334,0.017041611846133203,0.004480437225647538,0.00013529747504531126,0.0020835967037088642,0.001168791747648778,0.002593077865253449
P61588,7,244,M,test,1,0.19710913162835084,0.3966190787268401,0.0013756328166301863,0.03821134913099453,0.28345089952844965,0.010569540709935543,0.003404723922223384,0.05999759170228435,0.006771102500349964,0.0024909493339414523
P61769,2,119,S,test,2,0.0016383922272672435,0.0023468884948354505,0.7489823203141704,0.0013372167292448646,0.1953837295164954,0.04292010604309293,6.977115383162361e-05,0.0036634411565781115,0.0034684767047316596,0.00018965765975230135
P61964,0,334,U,test,0,0.9012211759805624,0.0763250084649871,2.1900423717531582e-05,0.0029826530447004946,0.005954930224368544,0.00985644593203841,8.136994617561304e-05,0.001488100886541983,0.00038217591032673436,0.0016862391865812018
P61965,0,334,U,test,0,0.9012211759805624,0.0763250084649871,2.1900423717531582e-05,0.0029826530447004946,0.005954930224368544,0.00985644593203841,8.136994617561304e-05,0.001488100886541983,0.00038217591032673436,0.0016862391865812018
P62487,0,172,U,test,1,0.19673562425475596,0.6155312774874188,0.0013892108374078034,0.061124661241709774,0.007510001914533823,0.06950046254765194,0.0028062828886590892,0.010105812183738825,0.0285647442430046,0.006731922401119405
P62597,0,778,U,test,0,0.6748127650185411,0.29023336129259625,0.0019555770891295484,0.012902279766767373,0.009256933421896634,0.00458251432574948,0.0005780674154772842,0.0017529677552276157,0.0027578055150832615,0.001167728399531365
P62875,0,67,U,test,1,0.2304628744351488,0.4601239770067823,0.0799966066331335,0.10865054067069538,0.006070074972257414,0.010325546174462448,0.03732925207920904,0.00444096178444084,0.03821448907022898,0.024385677173641304
P69391,2,56,S,test,2,4.2574802838483515e-05,5.498017669983343e-06,0.9982535833988333,0.00029251286745383314,0.00021286064098153103,0.0008686042788551598,5.4241710614023196e-05,5.084835112002698e-06,0.0002631688413472094,1.8706062944668667e-06
P70041,2,270,S,test,2,0.0019119070256879,0.0004796438820683102,0.952450948275942,0.003969220981915649,0.012202206288144059,0.012394363284467596,4.3241209695016025e-05,0.015038312684428902,0.001443183075627181,6.697329202333056e-05
P70056,0,518,U,test,0,0.9643580773865953,0.02912108936763716,0.0002945556546288942,0.0007700114505575988,0.003179165990623396,0.0007177296827597476,2.712763737184908e-06,0.000764019205154359,0.00013913822870435832,0.0006535002696019639
P70158,2,445,S,test,2,0.0008938498341340423,0.006975960098030208,0.6736983910980054,0.001384421763521632,0.14456368249028856,0.049377818879586526,0.0002901905534645681,0.03633787671065491,0.08565113258735582,0.0008266759849583346
P70207,4,1894,M,test,4,0.018028594882982946,0.09599752154569269,0.08845865143090582,0.0338136746209053,0.2712108542421023,0.25082904558863495,0.0003487662243140276,0.10610402569388179,0.1308931136213032,0.004315752149277027
P70279,0,355,S,test,0,0.8793877099351443,0.0799010074006817,0.0008018978165140571,0.03068448324822284,0.0024700191993488867,0.0025885577002586445,3.013632249876784e-05,0.0036790823857036884,8.997043644910745e-05,0.0003671355551779907
P70281,0,254,U,test,0,0.47823593318013075,0.45633593349109647,0.002756203713677234,0.00896691499269465,0.01623698621517113,0.008556291116112424,0.00047153086373743087,0.021135700452565638,0.0068751722629831254,0.0004293337118311579
P70365,0,1447,U,test,0,0.8957724125358867,0.07827172038773396,0.0004954376826260036,0.0027204883327732335,0.017396693183321783,0.0010008116453060032,2.7950684371094163e-05,0.003689529190596155,0.0003149193787658917,0.00031003697861915156
P70406,3,309,M,test,3,3.9210982732055406e-05,0.0001550824507161127,4.045567350928948e-05,0.9485662458618167,0.004621562489068474,0.00732776420163105,0.002502904008833227,0.005277990296257202,0.0019152983778941942,0.0295534856575417
P70414,4,970,M,test,4,0.00012555772672380436,0.00025363360425211586,0.0006578755196875396,0.0009875881108347593,0.5445775566787173,0.13769077212402592,0.018561773605842085,0.026901927720257787,0.2695854393899711,0.0006578755196875396
P70475,0,1187,U,test,0,0.9401140546873127,0.051005768098511116,0.00034636962425695116,0.0005199623847655615,0.004370631062537513,0.0007565408384847904,0.0003409996766491403,0.000986715285528919,0.001492852536305845,6.610580564750451e-05
P78508,4,379,M,test,4,0.008531366206056119,0.0328962530407357,0.003018279328615441,0.013317273101143208,0.7619926329060791,0.08062776804188282,0.00142573424975443,0.024590080650707682,0.0717118214620027,0.0018887910130228388
P79953,2,1004,S,test,2,0.00023100078836526983,0.0018169619469195187,0.8306145157237558,0.0008855165941542506,0.14892098038998258,0.008960884799440788,1.5719800483298902e-05,0.0020588875574347487,0.006422844776580568,7.268762288313697e-05
P80188,2,198,S,test,2,0.0005074960671689746,0.004685112765217896,0.946701352752945,0.0038388434531572645,0.03557822499306662,0.006021681273017763,6.001377218424639e-06,0.001189218374567944,0.0013266688980261697,0.0001454000456139404
P80269,3,229,M,test,3,0.0007796893056840107,0.0022211282505726045,9.16769077553592e-05,0.9245112132656994,0.0018270500380498677,0.0328952304341765,0.03213321483735489,0.0039287750486869,0.0008563211480460366,0.0007557007639744054
P81182,2,1454,S,test,2,0.016643621409171427,0.042750735816300726,0.6148645422803605,0.004919844792365262,0.026389454165324858,0.21583776670974214,0.0017542246898615574,0.040633999743137736,0.031584043780115506,0.004621766613620336
P81661,2,232,S,test,2,4.899643559884357e-05,0.0005695647841342796,0.9524067514609548,6.90960475839487e-05,0.03692881945356466,0.0007846086324245778,2.541901756581197e-05,0.000502639183917661,0.008568174628864547,9.593035539093608e-05
P82413,6,233,U,test,6,0.00014922687444253363,2.7442925052729688e-05,1.7997508141435932e-05,0.0031227938929737067,1.9158248904642555e-05,3.134080459987371e-05,0.9966035815651115,7.740631893398995e-06,6.028410392273422e-06,1.468913848790971e-05
P82612,1,248,S,test,1,0.022532107707472042,0.723203969706337,0.013773600607450453,0.11309435974030607,0.006064434607518545,0.029387406958479773,0.05903178442505471,0.0038547888222415744,0.012443411286987423,0.016614136138152335
P82649,3,359,U,test,3,0.017743010765862256,0.016473828526066214,0.003785090435762575,0.9261811140774135,0.004898271248783086,0.006853913224309325,0.01628190156240447,0.004637589859030279,0.0008850995563562437,0.0022601807440119502
P82670,3,201,U,test,3,0.003896072565204415,0.0018118421038352127,0.0004726472605695553,0.9835997362793517,0.00023034986491033568,0.0017698707683053566,0.006837820679534477,0.0007977432701796597,0.000103826816967204,0.0004800903911420633
P82715,6,297,U,test,6,4.657624402978869e-05,1.0722460059690798e-05,0.00010496118488165788,0.004901715817891117,0.00021452671196708456,0.00017509160540048278,0.9943460412198614,9.860190360156605e-05,4.730971145876539e-05,5.445314084850628e-05
P82869,6,466,U,test,6,0.00011135375033825234,0.00011669772219793898,0.0014652767314706592,0.005282141944471441,0.0004990528588005886,0.0006090684661287376,0.9909922916480759,0.00013223584042897747,0.000578911430370463,0.00021296960771700817
P82919,3,196,U,test,3,0.010100171218468016,0.002604090665438646,0.0007373923519372981,0.9830670288198795,0.00020002304621074193,0.0006661784268377462,0.001950373624845113,0.00024893269937486785,2.1751499282952458e-05,0.00040405764772511875
P82920,3,87,U,test,0,0.5522581290342509,0.13323847832396798,0.006329780854529415,0.30025753114961046,0.00033546605551060206,0.0012270839544193774,0.0014571981609311814,0.001625622026303962,0.0014571981609311814,0.0018135122795449364
P82953,2,146,S,test,2,0.00576757529191272,0.21642664914973134,0.7096357132440883,0.00044474761062943336,0.035887057746427496,0.003609256011994084,0.003553300057916039,0.0011180954416668248,0.017834914312534048,0.005722691133099805
P83183,0,84,U,test,0,0.7190544806624768,0.014129284925086739,0.20601256551078592,0.05995307533686376,3.264502268381163e-05,5.795185097903121e-07,0.0007429972930912023,1.881421137755403e-07,6.168943061950142e-07,7.356669408202458e-05
P83326,1,185,S,test,2,0.0004303263428460274,0.0007792202759361236,0.8955279933277206,0.0005110251322705794,0.04973895997705132,0.0011161816081817792,0.0054088608455081354,0.0007094881311216935,0.04493540624889665,0.0008425381104671408
P83411,2,40,S,test,2,0.00042696751300446805,0.0015771087622372163,0.9912360256926759,0.0009003664009614983,0.0010902997323033925,0.00016720289199901415,9.526933093594465e-05,0.0003351306439518751,0.0040351620093225255,0.00013646702260815843
P83428,2,55,S,test,2,0.00030715261148618427,0.00015444604456051864,0.9977742433703991,3.697187055171718e-05,0.0012731122955311376,3.113343514598726e-05,8.379449763891382e-06,7.468523389961239e-05,0.00032824197337139667,1.1633715290438054e-05
P83456,4,477,M,test,2,0.0029586842748595375,0.047448598594120796,0.6908133734552895,0.011886100471558,0.10348557098425833,0.03386034869718681,0.0013975835392104668,0.005357485348738325,0.10069423327149375,0.0020980213632845416
P83553,2,148,S,test,2,2.0349164163384344e-05,0.0001744219372201734,0.9944198111227716,8.303728313043674e-05,0.0009237758359111733,0.0016292127702089523,2.0033678660788367e-05,0.0007502914057714771,0.0018973168905122833,8.174991164976747e-05
P83562,2,82,S,test,2,8.008379785019203e-05,1.5047299303702992e-05,0.9894936414314057,8.262593021376614e-05,0.006023273538247213,0.0010056074577972601,0.0003118270355293297,0.0007978349142081355,0.002181484902292285,8.573693152336288e-06
P83636,2,106,S,test,2,0.0011117339841892869,0.0006638466179148859,0.8249277980345003,0.034182098652847895,0.021526822897388914,0.03858238883666321,0.001320216695236229,0.05746829405588103,0.0196123609815483,0.00060443924382993
P83673,2,184,S,test,2,0.0005253763896915894,0.0019520102304451054,0.9648616409807897,0.0009077691425552815,0.002699532274030135,0.0005680673464584962,8.988130783742359e-05,0.009721389737489643,0.014707991045448288,0.0039663415452542705
P83758,0,448,U,test,0,0.9109245803763235,0.0795956970141494,0.0002696744242948329,0.0011004400039703076,0.0031842287869801034,0.0007563205743131042,9.61553707005811e-05,0.0026813893535955983,0.0002201018425753238,0.001171412253097276
P83773,1,524,S,test,1,0.059310405455404024,0.5897270116875759,0.02002231123960056,0.22036489370098547,0.008153194006144166,0.014087455065296055,0.039509246084566865,0.0030466258999034593,0.00923877903941978,0.03654007782110372
P83774,1,317,S,test,0,0.580875954432801,0.35786730669080713,0.002908572129770136,0.01186878900863191,0.018168576725108666,0.005519499637936673,0.001791919230481353,0.0018488009171245946,0.0011936754830165301,0.01795690574432193
P83783,1,450,S,test,1,0.049635497352467105,0.637738972339402,0.006350629660602713,0.14119141621663128,0.004100274565046153,0.005023762344531855,0.0795111916353836,0.0017092489056425631,0.004433454268928292,0.07030555271136446
P83800,2,72,S,test,2,0.0020222474364904736,0.0022210040277626723,0.676349150496374,0.006037315308034408,0.04045956863260272,0.024171313089593263,7.482033626934873e-05,0.13527833866290834,0.11302929412748236,0.0003569478824823582
P83911,2,43,S,test,2,6.0794641326431734e-05,4.447831193296842e-05,0.9951280212148368,0.00023123608370555064,0.0032934442839580914,0.00045986786907586854,7.219542782514162e-05,0.0003753331943640756,0.0003235574454209534,1.1071527554093893e-05
P84033,2,245,S,test,2,5.928864653020333e-05,0.0007166627356883355,0.9704768695655652,0.00020693772320577963,0.01982933849404236,0.0016760828504725472,2.2857812017113528e-05,0.0010970572518267912,0.00579325251685311,0.00012165240379849697
P84285,5,609,M,test,5,0.004174134528579562,0.005660965814306533,0.00044340108859142397,0.013213654456281879,0.06086111945062746,0.7770226885825133,0.0017813019679704075,0.07398830805986434,0.05991755560949355,0.0029368704417715333
P84338,6,99,M,test,6,0.002934841071683054,0.08248288551132929,0.3392215215539002,0.004914934055823365,0.038508234641951924,0.04269763631479946,0.40917925149940126,0.00810335539366095,0.07000231421774815,0.0019550257397023796
P84787,2,233,S,test,2,9.813624520155522e-05,0.001243169288136515,0.9443308597750614,0.00010947890273724108,0.03333895613485992,0.0027960589751404676,6.64023092431496e-05,0.0005781275034435948,0.01729602345934005,0.00014278740683616755
P84805,2,239,S,test,2,0.0001708531909571259,0.0008952067713622939,0.9664933725509863,0.00045013821244117613,0.014906531303773304,0.0017733903661164524,0.00018473634131201298,0.002097742951968243,0.012951018745580464,7.700956550258529e-05
P84808,2,238,S,test,2,0.00021536778182279685,0.0009282347917199549,0.9789366902453744,0.0008996760172738844,0.009672428659473294,0.0012687464711232028,0.00012081038080135393,0.0026650340787299958,0.005149545708544972,0.00014346586513606287
P84809,2,95,S,test,2,0.0004261796042493926,0.000975534832158248,0.9589659433876536,0.0039037959187417553,0.012850151080054582,0.0032490269902308447,0.002844942869600962,0.0018512397957888822,0.014790433234473788,0.0001427522870478935
P85070,2,67,S,test,2,0.00010416218700122564,6.110518330883062e-06,0.9945161422372406,0.00028760101621443584,0.0015366428877400767,0.0019730882662936924,5.7974983366486314e-05,0.0003635617278299221,0.001150892310750663,3.823865232059851e-06
P85071,2,66,S,test,2,0.00034157863122835744,5.4896686306134615e-05,0.9869039747179755,0.0009542462161890051,0.002327437859473113,0.0056877957548572625,8.502565035955819e-05,0.0009692734544095797,0.002650241697943365,2.552933125812282e-05
P85109,2,236,S,test,2,7.292673419866023e-05,0.0006349319079428899,0.9591764003712583,0.00019823542094284748,0.028515565340926502,0.0012926573561615868,2.9008250996900487e-05,0.0005872160565979286,0.009257648158738738,0.00023541040223571064
P85886,2,69,S,test,2,0.00012257369783266742,7.835873825808895e-06,0.9932249632560298,0.0017389837498737913,0.0026620120069144955,0.0004448668531700115,0.0003956727045568569,0.00036593749427253516,0.0010295595735622927,7.5947899617033186e-06
P86037,2,80,S,test,2,0.0019324569449300432,7.640734000171172e-05,0.9589351872346482,0.0037394870926236346,0.003506068787816771,0.02595718726052653,0.00037609011086859424,0.0026620719195041046,0.0027789510382749344,3.609227080541121e-05
P86038,2,79,S,test,2,0.0011380100540179044,4.4471518454081236e-05,0.9795503545239518,0.001461233933095494,0.002767523963407401,0.011674491603878375,0.00036089931119934,0.0011972921115062571,0.0017833612962647538,2.2361684224555356e-05
P86040,2,80,S,test,2,0.001899882006184892,7.63023207141795e-05,0.9576172329825643,0.0038117214958572837,0.003212927640430528,0.02737857429160148,0.00023138395279806437,0.0026377253502114536,0.0030958827433551516,3.8367216282657074e-05
P86188,2,80,S,test,2,0.001921267742116146,7.899102503661875e-05,0.9608602052780928,0.0035131071070950326,0.003293819041372987,0.0242433286770079,0.0002981090152366697,0.002615823373923211,0.003136851594561357,3.8497145557336327e-05
P86399,2,64,S,test,2,4.596186640190806e-05,9.785846979389478e-06,0.9966820383969288,0.00013196010632025954,0.0016586337840420618,0.000341610621855734,1.3375666403689194e-05,0.00021841695350809104,0.0008912775531977015,6.9392043623916154e-06
P86413,0,259,U,test,0,0.9544969633230906,0.017550645424033468,0.0010498890154384344,0.023160180709139062,0.0015038964794453014,0.001091711806386544,2.3195069613597338e-05,0.0002455043696295775,2.1119351460016322e-05,0.0008568944517633817
P86483,2,67,S,test,5,0.003193837272354209,0.0007126414375902142,0.02709655763829826,0.15631109058468193,0.01774434511639094,0.627957923324273,0.04408956201298227,0.09935737880848831,0.010350185169912002,0.013186478635028837
P86500,2,83,S,test,2,0.0013693919220335966,0.009505464728591491,0.9397527608313345,0.00425110665703346,0.01839397481547427,0.0005982430323431374,0.0031101759631774945,0.0039624669727489825,0.018144203413315827,0.0009122116639472485
P86716,2,166,S,test,2,0.0003962108149432923,0.0002723114436602585,0.9791561321989936,0.003896503924920885,0.003553008412190345,0.01054277918313417,0.00016776620685717762,0.0006953715898194969,0.001259155333082755,6.076089239802444e-05
P86718,2,171,S,test,2,0.00030396689492530576,0.0003390995513334973,0.9797412394352857,0.0038381527162839667,0.004727063239884701,0.008609906862540137,0.000259996657533373,0.0007641727407802705,0.0013516836180900982,6.471828334297834e-05
P86899,2,127,S,test,2,0.000751246899065941,0.0005942851750632711,0.9482366635254001,0.0024825633844154753,0.03347685045611709,0.005497060482253366,0.0006036438023867307,0.0031382540302546873,0.005143877365616246,7.555487942703669e-05
P86937,0,839,U,test,0,0.48983535162711933,0.31626148082769756,0.012358966460905688,0.055280968899928534,0.008232846353900213,0.01929207214747488,0.06142994759263325,0.011519823451947015,0.0055706222868750245,0.02021792035151852
P86938,0,839,U,test,0,0.49059175805348476,0.3268045740432441,0.011447826251136542,0.05515047835921245,0.007507667778891186,0.017730740599119693,0.05701238960197805,0.010754237742573648,0.005407569859450703,0.017592757710908905
P86947,2,238,S,test,2,4.248946200281855e-05,0.00016544372734427144,0.9808071576907111,0.017141473109645127,9.57514889232799e-05,0.0015393259740732249,5.7175822856971885e-05,3.5225003801726765e-05,9.136670568306279e-05,2.4591014958352796e-05
P86950,2,394,S,test,2,0.0001359613383055161,6.52349631423857e-05,0.9875630301498547,0.0011782605368025258,0.00041879039775532265,0.000313659515085797,2.5546379281776144e-05,5.40816852596622e-05,0.007138857804084598,0.003106577230427767
P86957,2,329,S,test,2,0.0012328751766501839,0.001062804729437207,0.9587198611311132,0.009946687266796416,0.0023579353284904426,0.01649568622306368,3.389793750903545e-05,0.0009090650819744239,0.007754055876524672,0.001487131248440726
P86965,2,98,S,test,2,0.0004052497974283349,5.1925821075770696e-05,0.9937005052537397,0.002571281979458025,0.000488824560774668,0.0015626103865032438,1.6596488437662178e-05,0.00021691458844379135,0.0007140192908547291,0.00027207183328411665
P86987,2,183,S,test,2,0.00032203831767023584,0.00016577111557316985,0.9982240200338672,0.00022133346781274472,0.0005216998086016779,0.0002128543292496933,3.264226493958138e-05,1.831065201118237e-05,0.00027438007054586685,6.949939728606255e-06
P86994,2,67,S,test,5,0.0025083964947955513,0.0034554624590866436,0.024953324594082504,0.0884240344394754,0.024144293918362515,0.7638670851671491,0.004649833237726582,0.05598661031647109,0.02063659007919072,0.011374369293659937
P87061,1,1147,S,test,1,0.2864845580384391,0.5609094875879345,0.0026799804873492796,0.0504688563455742,0.0205913680885124,0.038771467620418866,0.003899348746289048,0.020752872455111836,0.0104351980230891,0.005006862607281706
P87074,0,778,U,test,0,0.8074740287995408,0.15171988527444957,0.0003645053418817304,0.014560114802496303,0.003148845442391098,0.008426748337796516,0.002198248434879678,0.008167484893087312,0.0030519660071520816,0.0008881726663249324
P87113,5,219,M,test,5,0.0023192594783297757,0.0427161922733485,0.03329177815629664,0.261860121974605,0.013770077770256189,0.5764409674233565,0.022881082295435055,0.02027151654343708,0.017204211351855774,0.009244792733079479
P87122,5,743,M,test,8,0.00020183163899280317,0.0002936632874133554,0.0009934501450526336,0.0031571776207616332,0.3322635798105651,0.18349337075558972,0.0027216574363492308,0.03557181633498714,0.44017772661792254,0.0011257263523658727
P87141,1,1313,S,test,0,0.5672874927195911,0.32071527162922264,0.002177911299024482,0.021319375855521412,0.047022762648863715,0.012338706963543552,0.0018628659498436916,0.009837275163672539,0.0073677784142121795,0.010070559356504675
P87143,0,565,U,test,0,0.7704487454910528,0.21731503341498393,7.63996723709943e-05,0.005679237199435575,0.0015465639322750076,0.0012721688273520846,0.0004066095577335206,0.0019398258330561142,0.0007596467051320706,0.0005557693666078476
P87232,3,144,U,test,3,0.006998881337099673,0.006750506450284194,0.0005639417880154786,0.9729383137902528,0.00034743443187547866,0.0028416451959139936,0.003536484490172763,0.003991738953037924,0.00034743443187547866,0.0016836191314722956
P87262,1,121,S,test,0,0.43485781576089877,0.3231588978548986,0.0013414741513647778,0.23276263384077556,0.00018154877983541151,0.0013002014301216626,0.0028399008259366826,0.0013414741513647778,0.0001705492934518457,0.0020455039113518756
P87299,1,285,S,test,0,0.789428599091825,0.19045852302346486,0.00015813352513015838,0.004919389308682418,0.0028029836510062526,0.0016222424025160926,0.00030481032729415774,0.009317144838457022,0.0005967896487351705,0.00039138418288897463
P87323,1,522,S,test,1,0.38157665938744806,0.3998889065254753,0.0014649363062139912,0.016634840046034095,0.07311020657572992,0.025966618517883133,0.006565388840850115,0.05693828417939228,0.008430126827772598,0.029424032793200522
P91685,4,976,M,test,4,0.00038561507867755336,0.00164906659161213,0.011181626736996832,0.000939609892814043,0.9381965438356694,0.012328680804760328,0.00012324999985333126,0.011649783941036449,0.023304511342005743,0.00024131177657419465
P91870,1,824,S,test,1,0.22138821704996617,0.5479410794270858,0.0055423457171255575,0.012987407636459206,0.1337552495074329,0.023887499763666713,0.006479658077057635,0.026544540672451444,0.020916593839308932,0.0005574083094456926
P91889,2,331,S,test,2,0.004696636091504445,0.0002932906851575593,0.960216685149781,0.010278451379755804,0.006444665562365924,0.010667043830820512,0.000413606172741799,0.0026970510579100797,0.00425966376479819,3.290630516467955e-05
P91926,4,940,M,test,0,0.5509127846240814,0.3501814820295786,0.001149930498797202,0.04093425253093586,0.005073731647019003,0.018631577057960046,0.0021821846677413056,0.015998804569272218,0.006827452526719949,0.008107799847894353
P91943,0,751,U,test,0,0.9414434230429597,0.05479857554594068,1.6222830477578462e-05,0.0014154029204712574,0.000832072493939198,0.00016130459645220438,1.2634353498128211e-05,0.00045238995952789354,2.9375752410480416e-05,0.0008385985043229383
P92935,6,618,M,test,6,0.0002523507598392376,0.0004032553737021826,8.858344604530783e-05,0.05364776082800513,0.012792333154677654,0.022363715093133854,0.8933154432175013,0.006063359383358391,0.006737794793171251,0.004335403950565702
P92990,2,626,S,test,2,0.004055197225105662,0.020593992728041244,0.8098705160168981,0.03362378373929224,0.042142795956462656,0.052537264538124163,0.009958604042303204,0.011826134851929748,0.013505869126813348,0.001885841775029675
P93009,6,182,S,test,6,0.0002158131946152619,0.0003969412012438977,8.38559633831904e-05,0.1916595076373923,4.559169915099098e-05,0.00015913067701998364,0.8069166435918947,0.00010436044840781146,8.127598888236436e-05,0.00033687959800940154
P93025,4,915,M,test,1,0.34988000569426914,0.4934098959410075,0.0007133934328472796,0.0220203117621024,0.0781450634765274,0.018542963789086174,0.004799576884326942,0.01160388891641044,0.01040165952041618,0.01048324058300655
P93030,5,193,M,test,0,0.8792036857044091,0.014893004971843935,0.0007650161225744664,0.009767071831657743,0.007726388708983211,0.0350696830738993,0.0005340672990442241,0.039622901176263194,0.00924727734418145,0.0031709037671433645
P93032,3,367,U,test,3,0.005627020224748234,0.14176100715151366,0.0034129604905432025,0.7723633552464824,0.002874000905170956,0.008060335392325932,0.052972218873600464,0.001161201287549619,0.004927183526559156,0.0068407169015064625
P93050,4,617,M,test,4,0.008244801322579235,0.020889997010305857,0.01118160938677087,0.010180970447402024,0.8344480058795207,0.02480748577332283,0.013593379751587687,0.03154388462634184,0.038837551455473365,0.006272314346695578
P97361,2,278,S,test,2,0.000156626076407267,0.0021120698684202245,0.9285330188362185,0.00022788959934046853,0.006764788189338586,0.022354852437082264,1.9912769883663675e-05,0.001945729952028003,0.03572295610756377,0.002162156163717178
P97363,5,560,M,test,1,0.12805221205636144,0.34740279018182313,0.006642269037266864,0.1263134105622629,0.14947081204422993,0.09313766098825342,0.017775633235901273,0.047943157057898464,0.038223621933326485,0.045038432902676125
P97368,0,378,U,test,0,0.9290632596357086,0.04885537290677289,0.0008340614817126582,0.001271791940955048,0.011867757283457361,0.0019241598042263367,6.740250538998281e-05,0.0030271281299421825,0.0018943283818654187,0.001194737929969504
P97430,2,131,S,test,2,0.00028059045040521355,2.451771915616757e-05,0.9932832004344143,0.0004972841946638604,0.005591951114380967,6.664606510673853e-05,3.9403559719435516e-06,0.00019284679202926806,4.725914414249144e-05,1.1763729729089655e-05
P97468,4,371,M,test,4,8.262787386593316e-06,3.589191253201742e-05,9.023226259031603e-05,4.067086325615949e-05,0.9838827642020354,0.010760496144744088,9.270590713779681e-07,0.002742018493108093,0.0024198225657358742,1.8913709540095383e-05
P97484,4,841,M,test,4,0.0010044308427138117,0.0018875515615892858,0.08232469341727565,5.407118229533132e-05,0.9131691114968882,0.0012598386153585767,2.244564348268998e-07,0.00024614638056185507,4.277382805794922e-05,1.1158218824522207e-05
P97586,2,281,S,test,2,0.028082635039975684,0.019818992586382575,0.8183939341436879,0.002159429142388858,0.05746027047070358,0.04270085198078023,3.6218109324433824e-06,0.02321604961876017,0.007305253726039597,0.0008589614803490005
P97852,9,735,U,test,9,0.02405078525100908,0.3022993209793226,0.002554815730596721,0.10488074282638798,0.0076870923002130285,0.018804080801833496,0.058147337341818345,0.0060336678345069925,0.003659604586343844,0.47188255234796794
P98088,2,5654,S,test,2,0.0004845637063209343,0.001564190739143751,0.8625288694699373,0.0005577293398603396,0.11673058689892386,0.010239726969471178,7.399844511348725e-07,0.003986507229667863,0.003818840060676365,8.82456015472405e-05
P98137,2,590,S,test,2,0.0031300382941888715,0.004772738592199205,0.8216854996405475,0.005757021298645178,0.11384014132338224,0.013177953767109172,0.0004913899505221752,0.016051639001302992,0.020570496263640176,0.0005230818684625195
Q00805,2,444,S,test,2,0.02124862002451254,0.005521423672857243,0.48931710289499886,0.04650199080482893,0.14865147895157585,0.08209314180001703,0.0006492163513761773,0.14520796930602153,0.05947695082189725,0.0013321053719145993
Q00870,2,350,S,test,2,0.0003826940237761211,0.008710076453484544,0.6500053072670526,0.0025347765629220352,0.020711547601649397,0.1556006881956988,0.05335568479973595,0.008246534837604368,0.09586280227083757,0.004589887987238596
Q00IB6,0,440,U,test,0,0.8220825671251675,0.12124076308499605,0.0003889093002294985,0.014708174177692754,0.004247012951760538,0.018996651938175804,0.0015143190754988412,0.01084512642572362,0.002964892846986878,0.0030115830737685698
Q01081,0,240,U,test,0,0.7750318287333162,0.18123222047807372,0.0027092021100383204,0.0064484618410365875,0.016022562238273703,0.0059174408257075765,0.0019513651755820797,0.003217256944572057,0.004717795891025713,0.002751865762374064
Q01117,2,624,S,test,2,0.0007687960407333139,0.004877957666462813,0.7211306914465381,1.808034959646064e-05,0.04646191144806129,0.007329836249074656,0.0015651910119126962,0.007014699497469755,0.20986098700898506,0.0009718492811658331
Q01163,3,450,U,test,3,0.025175242703032986,0.03051577996079725,0.0019854033183388732,0.8935452440647245,0.000789738872073986,0.02221164936159905,0.002470874087950588,0.005835424397452444,0.0015462336015165418,0.01592440963251385
Q01329,0,785,U,test,0,0.5120145079493438,0.26771301015529725,0.00097309646605683,0.03484302384613371,0.021299114438414625,0.053965929864227116,0.0021589088706771677,0.06872081752591719,0.03235065190101121,0.005960938982921106
Q01846,1,1127,S,test,5,0.12029434768511912,0.10942234057014948,0.0015807674350896412,0.0757946346232945,0.03125831313135438,0.4022094269771599,0.010148089099878584,0.16314334725671537,0.06941736190561017,0.01673137131562887
Q01989,1,1253,S,test,1,0.42961866653195707,0.43638418083068636,0.001116024627795233,0.050367356738284234,0.04082858000768176,0.008574866292439776,0.0015254249322322287,0.011812378105087382,0.017053158163656837,0.002719363770179127
Q02040,0,695,U,test,0,0.8951276619595012,0.10043053417445598,6.294249816122388e-05,0.0004104366562157052,0.002436874455814807,0.0003050105905947226,2.7071230090002964e-05,0.000822652662433546,6.700194412482853e-05,0.00030981382860794575
Q02127,3,395,M,test,3,0.019608839360274643,0.10559111560543398,0.009707079702932225,0.6544485384724381,0.009631538262883049,0.06511635624392433,0.007984825766898353,0.01198664361178772,0.013582646522640282,0.10234241645078733
Q02204,3,264,U,test,3,0.002935999525095068,0.0020982640964807772,0.00017979806467139964,0.9858006378804169,0.000346569865038377,0.0038800831521050216,0.002164870196513717,0.0021564303178818597,0.00017979806467139964,0.0002575488371254401
Q02353,7,882,M,test,5,0.0035417476965060183,0.012955174378697813,0.06673005015857944,0.036905857518563984,0.22784891016366204,0.32637851415864855,0.0018957609419980818,0.25617741742178674,0.06407972971102131,0.003486837850536021
Q02455,0,1875,U,test,0,0.6671608694267431,0.2572134369964999,0.00036899626568129713,0.006002005732916232,0.0058173435417684495,0.006049079902372279,0.0004965387501356749,0.052665927557712267,0.003419839853761425,0.0008059619724093277
Q02457,0,562,U,test,0,0.8124683729343511,0.11796517883747301,0.00044239680035883076,0.014707509696971828,0.00909649819131652,0.015473664041107057,0.0002768448487460897,0.013235326260087166,0.010552122713570542,0.005782085676017781
Q02614,0,308,U,test,0,0.9184994452112594,0.07307536433911709,0.0001032080220570008,0.0011009559222701847,0.0050412963206082385,0.0005241335220460639,0.0001455466318550871,0.0011182934239809933,0.0001928179627540742,0.000198938644051902
Q02648,1,567,S,test,0,0.5773835356952296,0.177473148114865,0.0011321651160673856,0.15723248302010417,0.007498903427007013,0.02668997539898772,0.004995346686196297,0.0344047370535824,0.005572711751901668,0.007616993736058749
Q02775,0,382,U,test,0,0.8853293745878559,0.04994686779186723,0.00015896992952646466,0.02576071062545177,0.003912140856701839,0.006706969893730211,0.00016401616964053112,0.02626879362690993,0.0012700861988870088,0.0004820703194291129
Q02792,0,1006,U,test,0,0.5244670637288538,0.3307772358881385,0.00439792463029366,0.059073881745264796,0.011143096992485712,0.01808703175770382,0.0017769220715388413,0.022864148574385665,0.013652807432201685,0.013759887179133545
Q02866,1,612,S,test,1,0.20528799334858217,0.5893978487845818,0.00039940726205127077,0.03267215943651863,0.03673429421686054,0.0528544225813935,0.00038711880990158074,0.043410569512782896,0.03260840481822829,0.006247781229099305
Q02873,3,248,U,test,0,0.3970645056795021,0.1449351265654012,0.0024550847607120187,0.30682768637848257,0.020879884816474403,0.016777458872519743,0.04267571427489631,0.05598671018236939,0.002379549837881082,0.010018278631761163
Q02953,0,609,U,test,0,0.8875797136777474,0.05674107218792223,0.00044004568429665126,0.0036273355595994104,0.014744086758984452,0.006027370457805949,0.00014286193441011042,0.02605417657418592,0.0035710988079182943,0.0010722383571296077
Q02981,3,657,U,test,3,0.007836664144785593,0.012870102270388222,0.0009506952542971754,0.7869684745669712,0.008880103994105664,0.1264773466193323,0.0082127536231988,0.017868368067416814,0.02185006453421706,0.008085426925287239
Q03178,2,341,S,test,2,0.0001549105790272929,0.0009433983880969396,0.9929872091411419,8.965536778019103e-05,0.005129933789951253,0.00020362611263589534,0.00019128904264027077,2.489639684807266e-05,0.00020845497649851582,6.662620537962151e-05
Q03180,2,325,S,test,2,0.00028321838174676263,0.0016234555180891456,0.987042477557375,0.00037520342912506974,0.008212443861278682,0.000712010987671596,0.0005995733388088421,0.0001144305846869352,0.0008131421470694654,0.00022404419414855315
Q03218,3,510,M,test,3,0.004431861194761485,0.008215372835598835,0.0007234815032222896,0.5804592642973706,0.02598123001603469,0.19749132724132612,0.0017355419344449914,0.0852723981163162,0.07673685612233642,0.018952666738588406
Q03266,1,374,S,test,1,0.29535878844459523,0.416522667985091,0.0008626497334298196,0.20944074604539287,0.007110897260399354,0.01666300435594585,0.012382893369641289,0.008577379729063412,0.013599946688439501,0.019481026388001657
Q03370,9,554,M,test,5,0.13993436094840656,0.08404966441820151,0.0028760212001213755,0.09426914898346431,0.07259698955514539,0.30504837625076797,0.018177013840019466,0.18144257362432717,0.028153110288979228,0.07345274089056703
Q03406,0,294,U,test,0,0.6724180721992087,0.1713473383325491,0.00036046162611952967,0.03830750773427461,0.005054380404007824,0.026379812593349313,0.0006734310428243394,0.03793523204926176,0.04152153897553554,0.006002225042869302
Q03431,4,593,M,test,4,0.000643006122226127,0.0011197287736848256,0.0008128359532840615,0.001249147583014016,0.9638146494622527,0.009194037831546648,1.7135534849607475e-05,0.01879139425611604,0.004192926859277837,0.00016513762374811413
Q03445,4,991,M,test,4,0.0014783472316485184,0.003203878670405474,0.045990031196222886,0.002635438906226808,0.7539300930552502,0.040113217638390083,0.00024899426178200807,0.11032434697579492,0.04154853112794749,0.0005271209363316917
Q03482,4,75,M,test,0,0.5139545542818268,0.028434507997993505,0.18614200322392452,0.06304237678191917,0.1655581362204016,0.011354734556694555,0.0008620084999038804,0.025191579624451173,0.0035175327791382447,0.0019425660337466168
Q03496,1,1420,S,test,1,0.30296817993194947,0.5529072441119179,0.0014818855547197357,0.03972137776090519,0.0026417465642661667,0.055174603396531414,0.0004963695142627254,0.023545632129341045,0.018337356331244302,0.0027256047048619934
Q03529,5,384,M,test,5,0.0015446931840076147,0.006229876266092974,0.0004495312843765608,0.03367839232700976,0.011593564833960927,0.9067123132768773,0.002282908551385523,0.020426978388380805,0.013137230070722105,0.003944511817186405
Q03560,0,1150,U,test,0,0.8413935730251123,0.12312307960126725,0.0009254820721926265,0.0010324498962002912,0.016974959722936382,0.002636453224399263,0.0025955788686154806,0.005537936671358287,0.00508189635648157,0.0006985905614365528
Q03562,1,455,S,test,5,0.005150551712247559,0.01346429665696799,0.0006548191637882209,0.11676899645632449,0.030880332683796474,0.5860932246937427,0.025751138991342005,0.17190059367106372,0.014000651826591638,0.03533539414413524
Q03652,3,475,U,test,0,0.4821416326491112,0.28343644084869707,0.003198279226983515,0.128254827880946,0.002957924433789561,0.04773848766318749,0.003198279226983515,0.011883048998093733,0.016497978560323857,0.020693100511884097
Q03673,3,198,M,test,3,0.014131036079856303,0.0015731201746466156,0.00028425700418709414,0.9753033215465708,0.000302590031410974,0.0016615462289619478,0.0035381637178574263,0.002793456744424541,8.017837048636123e-05,0.0003323301015979208
Q03774,0,444,U,test,0,0.5260360792355054,0.4226818644903902,0.000212857949022201,0.015947084738623375,0.0027603839755567044,0.02039663103800215,0.00030017783610668735,0.007925277508614282,0.0017822378862322557,0.0019574053419467627
Q03776,0,544,U,test,0,0.5215187486359673,0.26429285714979156,0.00047556358319447505,0.13289479475172458,0.0016860191417625804,0.03897791664974132,0.0012335179886238336,0.02195020566619672,0.011612217862953364,0.005358158570044386
Q03833,0,894,U,test,0,0.6830824911775922,0.24547084747482648,0.001043145473950956,0.020789085863612965,0.01593954558220338,0.012908237618462777,0.0005943663677768069,0.011391479087970762,0.0054656916821415515,0.003315109671462109
Q03834,0,1242,U,test,0,0.8221598197685477,0.09591834910655866,0.0009330325913485862,0.018522126442739362,0.030064381403534225,0.012981137150476801,0.0026579622419048983,0.007338869323053227,0.007812186077901909,0.0016121358939346485
Q03860,7,143,M,test,5,0.0004902572198575628,0.0001748065968073499,0.003050482797004523,0.0007712829304185524,0.09639216849224985,0.41221701627360635,0.00034225469762150614,0.1540342551733058,0.33122568943736563,0.0013017863817628807
Q03921,7,1698,M,test,0,0.6149655318138111,0.2334145953009779,0.00032966320626186615,0.022225799953360614,0.005489384986942215,0.048409500887840747,0.0012836289277242028,0.03788127216004228,0.02629089057030955,0.009709732192729501
Q03937,0,162,U,test,0,0.6309863211088924,0.3172798397193169,0.001358877854029355,0.01846790267417727,0.01610799069589725,0.002460609609477322,0.0009052077761490669,0.009808229094505908,0.0015159377347300138,0.0011090837328244828
Q04031,0,235,U,test,0,0.9102598818159321,0.06697739202228742,6.203727654631938e-05,0.012245229969281006,0.00048039584962482037,0.0028746117670577745,0.00013133290319992718,0.006217712336803005,0.0005978623195218856,0.0001535437397457804
Q04213,0,475,U,test,0,0.9560242346068919,0.040081237997012506,9.781114748103997e-05,0.0006896357250109659,0.001102034844306462,0.0005717281180524006,0.0003413944366914496,0.000658055038061338,0.00027006524633562236,0.0001638028401563435
Q04217,0,1267,U,test,0,0.9100260560686447,0.06801465469224377,0.000249162065946856,0.012892391199434396,0.0012653493909446677,0.0024200441507142498,0.0003919869377518532,0.0036046446110646795,0.0007674732252301276,0.000368237658024615
Q04231,0,177,U,test,0,0.4442456776565568,0.21315140138823785,0.00099482872125704,0.21149266379752799,0.0020734008007996384,0.03333253275295933,0.06763012426948126,0.00807332307168946,0.0073508449577609075,0.011655202583729742
Q04235,1,462,S,test,0,0.4765264296604741,0.3326690518457492,0.0006836208649110988,0.1176937274349792,0.003312732052439006,0.026261018284240042,0.006486014393323077,0.016823441264240555,0.007235671262013386,0.012308292937630357
Q04341,3,121,S,test,3,0.1379575967677431,0.15598333891559585,0.08139863392077858,0.38455730185539694,0.01562649299021928,0.06302296033138013,0.005234220403971447,0.11071679712721835,0.03867594775555504,0.006826709932141323
Q04712,0,507,U,test,0,0.8200626538777425,0.11273114536402903,0.0005823874656743431,0.016240459945466437,0.00423657732192702,0.011835452479102058,0.0006808799450429092,0.023931630561923913,0.006876644317367279,0.0028221687217245234
Q04806,1,366,S,test,1,0.04648722722295997,0.5299440042323601,0.004657115801363835,0.29495826452841456,0.0032511905399769257,0.0638203548336552,0.014457436322222154,0.003983442217992793,0.004957473851844473,0.03348349044921002
Q04924,5,702,U,test,7,0.018707494979620817,0.021701073336440356,0.18820241273034347,0.010742809645135533,0.10434202285351016,0.18099247034595609,0.0032255766515025645,0.23513837754440536,0.23513837754440536,0.0018093843686802882
Q04949,1,312,S,test,1,0.26325481967622116,0.5840563142026094,0.0019788134255356725,0.05858612396928196,0.01147659581524092,0.024678561684214072,0.0009950100150034377,0.030236806533933763,0.021525023372282015,0.003211931305677588
Q04952,3,1785,M,test,5,0.01995058644314452,0.021911430343256554,0.007169393251787159,0.08220976259496732,0.06722884218241784,0.6158146571870814,0.006037234632308288,0.10785185343027123,0.0660654712166036,0.005760768718162096
Q04969,5,178,M,test,5,0.035744483659939576,0.026928706395068138,0.004244129048712673,0.20771390378039722,0.008053942299124341,0.6498792693504011,0.0021009961433810344,0.04351793951673646,0.012971104233300071,0.008845525572939385
Q05021,0,590,U,test,0,0.9665803053446903,0.028070013083944887,0.00013729674287908512,0.0006348537501998055,0.0009023091138365262,0.001633870705056585,0.00011032104177462243,0.0011585879076971381,0.0006550061744316519,0.00011743613548942204
Q05031,4,458,M,test,2,0.0006764126751970814,0.0020193951681061147,0.486468952455509,0.00020629421247008158,0.11286987630701245,0.1119915124385477,0.001727280364162998,0.09430629982620038,0.1875504895609177,0.002183486991876502
Q05123,0,467,U,test,1,0.3408645418447895,0.5037651101890983,0.0005045239853565151,0.08517997034269362,0.0035020904892755387,0.026594484435443877,0.002814008876605961,0.010133634401611883,0.01342488463419631,0.013216750800928457
Q05201,0,766,U,test,0,0.6044453030002339,0.323536289853975,0.00021924537733270625,0.025815908905995482,0.01776033338942744,0.0038259668886036135,0.0006753232718615639,0.006113878231980617,0.005353490106409504,0.012254260974180196
Q05394,4,352,M,test,4,5.6565937723500635e-06,4.312366686562096e-05,0.00013598021816200057,5.712957520318562e-05,0.9800137884673078,0.010552013590217405,2.1470010398489286e-06,0.0032181819364221456,0.005919142736237731,5.283621477196131e-05
Q05471,0,1514,U,test,0,0.8821788797620095,0.0922573917784125,0.00022338576148220527,0.0027002176463141645,0.00787461954368571,0.005540487121570538,0.00043058734783467644,0.004665557955054492,0.003748881088239398,0.0003799919953968069
Q05635,0,350,U,test,0,0.9022083116525672,0.0633449584641215,0.0004268150281604326,0.01766773397509673,0.0007728621499248606,0.006296548826903657,0.0006610640290549164,0.003924918082455866,0.001825256360164201,0.00287153143155064
Q05812,4,728,M,test,1,0.17108496551053737,0.5311118813689921,0.007695207159769733,0.014264661424759436,0.2162716477980781,0.024840434327093763,0.0004078310627073609,0.0247435879578795,0.008064507284049834,0.0015152761061327466
Q05924,1,578,S,test,5,0.0032259470227482294,0.01771393541217613,0.025176579016870947,0.048719063056232595,0.015390133621697272,0.5017497887651988,0.004918982150465409,0.27279664978697005,0.09764934263646233,0.012659578531178274
Q05926,1,109,S,test,1,0.015441475558329879,0.3597807018627748,0.2341137546952506,0.20822510288088897,0.0067987903559484685,0.06681321614227476,0.02884847507366169,0.018919292987151063,0.028623977902628307,0.032435212541091545
Q05949,0,395,U,test,0,0.7491671747299353,0.21463999806471643,0.0004480220494019595,0.015948308010735896,0.0016646038791153118,0.010770109062711536,0.0003381847796120205,0.003523966625942053,0.0018862433928357885,0.001613389404993649
Q05JG2,5,471,M,test,5,0.004633681206050394,0.04942909066882663,0.0020885639026471227,0.14081039487083796,0.039717393342020804,0.6460337392172,0.017082237917583665,0.033445401702764006,0.007639649032405009,0.059119848139664366
Q06139,3,101,U,test,0,0.4869440947048023,0.3792324483386196,0.010591208336365671,0.030408187793825137,0.05352460388695391,0.004887039926776288,0.016532643286489613,0.009130193207547087,0.005284150297138908,0.0034654302214815
Q06188,0,304,U,test,0,0.9512580866567216,0.042786512529372454,0.00014609990285579432,0.002113637698711203,0.0005600582132446116,0.0009233798123443824,0.0007775637882756159,0.0006547743676260581,0.00042941154349004457,0.0003504754873581859
Q06224,0,779,U,test,0,0.5034051692961041,0.312571416016385,0.0004626464649006928,0.0764494561914143,0.009738458621213928,0.03439123289686098,0.009587478188690565,0.01819383781704999,0.02336134833709775,0.01183895617028269
Q06244,3,254,U,test,3,0.34693983439546894,0.23475124105870193,0.005392930042414903,0.3751314010596699,0.004910318680878161,0.013347629550944288,0.004541302597205871,0.0041349027594661065,0.006016248413475103,0.004834191441774775
Q06328,8,317,M,test,4,0.0025560087893327105,0.0029419479385020147,0.0030353353796971016,0.009349491582174897,0.3975504992176152,0.12219699648586423,0.06002114799835514,0.05978715133545999,0.3295809376132717,0.012980483659727031
Q06349,1,442,S,test,0,0.7841013503379076,0.1568301286756179,0.0009772999703002575,0.03516482114587214,0.0009038546512656061,0.008917144310267312,0.007392572547641526,0.0023080736373989564,0.0013358107251364903,0.002068943998592175
Q06385,7,345,M,test,1,0.3564333723912648,0.4910077002944857,0.004053516434237851,0.017884955343155724,0.012882048648060819,0.027918019232690907,0.014038062141479913,0.024637565751003197,0.034474150373761364,0.016670609389859717
Q06488,0,889,U,test,0,0.7936665733602482,0.15874329845044932,0.0009292880212509864,0.015293756181031015,0.013287446993738619,0.005648279323127131,0.0004528988101283543,0.004831229530035397,0.0030470182011106822,0.004100211128880343
Q06551,5,359,M,test,5,0.004238748006671878,0.005033638346186603,0.0011408436152613407,0.03642104951558192,0.18595747715696961,0.46749705242210304,0.0006011824028492048,0.23877413655661642,0.051638525162704174,0.008697346815055827
Q06632,0,1357,U,test,0,0.5489735278675155,0.34894878588780026,0.001802726309305876,0.026182245777386606,0.009594357936417936,0.02292593805510824,0.002502837768820861,0.012513402109405925,0.018349689277629117,0.008206489010609637
Q06678,3,367,U,test,3,0.017421400205934384,0.034782193663893735,0.008967767485766718,0.8935472981363981,0.0004942070818110614,0.022522961761465517,0.0057900259375741475,0.004302782014325857,0.0032733839529959312,0.008897979759834553
Q06679,0,776,U,test,0,0.7374901885303494,0.2096501770171626,0.0005752231898038966,0.013402486426735931,0.009429827477952017,0.008192776828718247,0.005126908500599136,0.009139702796355195,0.0035236692599586884,0.003469039972364879
Q06685,1,1146,S,test,1,0.18734522657273703,0.5506382291622377,0.00646087958563329,0.03896409065851599,0.08895049515990816,0.06082208503553494,0.001105326285453733,0.035063887012168254,0.02476708272954486,0.005882697798265972
Q06688,1,274,S,test,0,0.6512094697435755,0.28449234197508666,0.0007051860406104838,0.01811608288857152,0.0030631886147634802,0.015255271366562363,0.0016396067706379172,0.019284469892328144,0.0025394721737232663,0.003694910534140603
Q06707,0,132,U,test,0,0.29484925711539756,0.2835537581587762,0.011612582671517508,0.29484925711539756,0.008170473571347458,0.04053189785249839,0.0006011876049090749,0.029308293283143695,0.028966840578439516,0.007556452048573075
Q06709,1,432,S,test,0,0.9143299397472799,0.07623468038878208,3.663289530637635e-05,0.0036075731980184196,0.0008737740499927048,0.0010705702631022345,7.755184649039963e-05,0.0031465808367293034,0.00045330796007025736,0.0001693888142282759
Q07084,1,712,S,test,1,0.2826950501514189,0.5322861545105587,0.0005086762115332029,0.03122577160470361,0.062008963781734296,0.033110070170070185,0.0005086762115332029,0.04565561593125538,0.006700494452260295,0.005300526974932226
Q07230,0,614,U,test,0,0.933747345979042,0.04612677146185267,0.002225860009635238,0.001403832334671985,0.013234913275580957,0.0021913512488085517,5.794307766868943e-05,0.00020866104634902847,0.00031817008680749896,0.0004851514795834684
Q07376,8,486,M,test,5,0.0002691303394872528,0.0009844378856072456,0.0001509684524785827,0.006419342047084171,0.14160841782544786,0.42942220212568827,0.00021289962870292157,0.20928366599204204,0.2028446953902656,0.008804240313196035
Q07500,3,545,S,test,3,0.0059497193800442764,0.016686400501567316,0.001814561790806681,0.7915309716424836,0.007820758085523287,0.1312486984483177,0.019508378700579525,0.008793115670098356,0.005089064160096505,0.011558331620482679
Q07508,0,261,U,test,0,0.6945536311006035,0.23630997594030895,0.00042854665970812984,0.04261702040387595,0.003069130750308781,0.004362114440318816,0.000633350942482646,0.008607590048474003,0.0032670728741471533,0.006151566839772031
Q07549,8,140,M,test,4,0.010305205823432858,0.010145438359896137,0.023820339841838723,0.005222424168274893,0.5410905723688465,0.20377657733726118,0.00012871387876986243,0.144499219000901,0.057365669654390064,0.0036458395663888114
Q07844,0,837,U,test,0,0.6672704021732844,0.23607105806026144,0.0002420333840746301,0.020870813480338847,0.019993012177499696,0.016317821554718014,0.009897258770209623,0.014066841967049439,0.011303024030957473,0.003967734401606457
Q07845,0,632,U,test,0,0.3818531445756337,0.30443988138136807,0.002324427312969817,0.21927983208205526,0.005576010956055338,0.04696172985293825,0.000896146488898049,0.015157170104429954,0.010748042107138846,0.012763615138512756
Q07913,0,336,U,test,0,0.7183915333174682,0.2090638565282197,0.0007423122834181135,0.005072784113722763,0.004205485314749503,0.016247715702643478,0.0012627157771888632,0.01709410351597548,0.023779207696612133,0.004140285750001802
Q08179,3,573,M,test,3,0.007206374635778575,0.009003578738118573,0.0011357687258262692,0.8832070600860088,0.006743368964179356,0.06549653381822226,0.01185811906293661,0.012258455565978049,0.0010341291747809499,0.002056611228170565
Q08217,1,1101,S,test,1,0.21916802563012988,0.6910942302642962,0.0004468761103651729,0.006464987626549075,0.02497720756620434,0.02212857861420001,0.0010390181719128612,0.013579870782065323,0.017850404878534405,0.0032508003557427142
Q08230,3,162,S,test,3,0.002500820483015347,0.0012974086211497743,0.0003306090714913661,0.9855318241697928,0.00022023312724922997,0.0033982461912280076,0.004144665857569543,0.0020331526530472377,0.00036882109187651266,0.00017421873358015289
Q08235,0,291,U,test,0,0.533020099799113,0.27869604118235664,0.0012805749925821406,0.12222981181723616,0.001165976793071054,0.04242753029432702,0.0026689475505565683,0.0074852484386167175,0.003883295377383167,0.007142473754757522
Q08278,0,222,U,test,0,0.543397430669666,0.373471262864248,0.0010490039209134995,0.01499920629007963,0.013133744807429973,0.013764045304192686,7.718624022780172e-05,0.027186589518880748,0.010930870741408836,0.001990659642952946
Q08281,8,1341,M,test,1,0.4315662498677055,0.4452656318291608,0.0005907697235663713,0.05253417939239002,0.02425238200787927,0.012435385428960938,0.000735224833670414,0.02140265053464479,0.0074837465384547264,0.0037337798435672135
Q08287,0,484,U,test,0,0.8382207681803128,0.14566091618061436,0.0007293558904876319,0.003942861003762387,0.002354389902959537,0.004263248562411813,0.00020572429476468506,0.003452484247163731,0.0009512593985213145,0.00021899233900170553
Q08288,0,388,U,test,0,0.9269435784883997,0.07037004663795617,6.72487278915243e-05,0.001137425863577992,0.000533100787183487,0.0005086882619369589,3.1452647536580003e-06,0.00033622245914550217,1.2834643411952056e-05,8.770886574301774e-05
Q08412,1,411,S,test,1,0.3638887678001395,0.45286687892256156,0.0037386447395758374,0.012354690495263618,0.03880568939164032,0.05888519394990154,0.0010381841493897316,0.05657233630838569,0.010083603602250081,0.0017660106408921258
Q08465,0,219,U,test,0,0.9581018115779063,0.029387781509215682,0.0003019342659461106,0.0014746070659880626,0.002864672631807619,0.001374484889319979,0.00017203695164098162,0.0044716901277111025,0.0013531755315897421,0.0004978054488744253
Q08553,0,188,U,test,1,0.3168921088507165,0.4946615862680085,0.006732852950798059,0.07091564496877055,0.029939732650963235,0.011816523655531068,0.04784355185596158,0.010928497359657497,0.0047743072397375885,0.005495194199855407
Q08605,0,581,U,test,0,0.9716921586349445,0.018362104416539213,0.00011622689785249992,0.002977110204628561,0.005914912074382301,0.00029679579223737773,3.854704409620863e-06,0.0004455432399381605,0.00011265098269385324,7.864305237394202e-05
Q08742,3,149,U,test,3,0.00029891072419530474,0.0008093559143140622,0.001394393212546541,0.9940273807281959,5.1942900527842825e-05,0.0003494620758283057,0.0020466780044280605,8.563936328181287e-05,2.2692172120939716e-05,0.0009135449045612797
Q08748,1,1289,S,test,1,0.3668611105813454,0.3726383206669636,0.0007306895097817376,0.030827919493181564,0.04246725207013586,0.02616331580100535,0.0005690615594889497,0.13132032953070283,0.023270137964284877,0.0051518628231098365
Q08881,1,620,S,test,1,0.15812272328592517,0.6205206707725371,0.0008494289625082621,0.01248226540136726,0.16701087878620327,0.01719504834914906,0.0022379470292953484,0.012004077810456154,0.007570876977006661,0.002006082625551641
Q08909,1,290,S,test,1,0.33729638165211323,0.3852045408872573,0.012976621853198499,0.08696391074141138,0.05907302984348782,0.03472723965894877,0.0014333645284771786,0.03527411602430956,0.041889050970753704,0.005161743840042548
Q08925,1,612,S,test,0,0.5380495715886818,0.3584182811317423,0.0004329862365350774,0.007323407471698587,0.02896463646634902,0.009185611149532015,0.0005736136151456346,0.02807348929668028,0.02606535296125979,0.0029130500823754514
Q08960,5,810,U,test,1,0.3121787518978772,0.4008454651207416,0.026854971361866164,0.09209980688168304,0.04604013200373343,0.05467401439000762,0.022614154618437524,0.023514998790882445,0.011824084307378224,0.009353620627392721
Q08968,3,688,U,test,1,0.15531846425260265,0.417280572332127,0.011837338681448093,0.27365928085495966,0.0061411301666446025,0.06838579275258587,0.018768807322515704,0.011120150470840987,0.016053812107355257,0.021434651058920187
Q09146,0,399,U,test,0,0.7995736988286604,0.17840901885875177,0.00031852752822732303,0.0038804602370367497,0.0033978444315898738,0.00724965369237676,0.0035609101747803716,0.0021429936048000904,0.00018725268639605913,0.0012796399573806454
Q09175,7,709,M,test,5,0.006139456054669352,0.023351789379860908,0.18950656753546505,0.009965321415690887,0.23400937881634615,0.2757304114209034,0.020288388059838982,0.09253868056021433,0.14082932990301264,0.007640676853998318
Q09377,0,322,U,test,0,0.879389472123777,0.10668204812966584,0.00044982482003252516,0.0008403834723480077,0.004578701723959276,0.0021127236715987536,0.0003043666681752113,0.003855652906204499,0.001671301913291965,0.00011552457094684296
Q09428,4,1581,M,test,5,0.008025448920685184,0.019555228199803616,0.01071537958177406,0.036820512959375405,0.2918872590276571,0.3180806994821263,0.002486168220960448,0.15381378225491296,0.13521097855458253,0.023404542798122385
Q09685,0,411,U,test,0,0.8177906340888452,0.14434861815470085,0.0005717699413264629,0.005257897970367693,0.005685143633049144,0.011665157055612272,0.0009136857273369589,0.009014135025130923,0.004094855260100662,0.0006581031435298194
Q09706,1,1369,S,test,1,0.24088464723955685,0.591555573531945,0.0013561240331218542,0.044126148356721885,0.04335727074181013,0.03552567440411886,0.0037443784591648026,0.02188673568818848,0.009636598322640159,0.007926849222731937
Q09712,5,464,M,test,5,0.0012533714321526035,0.0013135218354299234,0.0006708813985759828,0.019759799563426127,0.01874477710777538,0.5553436003916927,0.0002977018183632872,0.36420323567520885,0.03578037230147336,0.002632738475901806
Q09774,3,118,M,test,3,7.275429712792659e-06,3.5810922659191106e-05,0.00012209696498876978,0.9971214588273154,4.319621205004388e-05,0.0016336390095714197,8.794312703444887e-05,0.000652360112426508,2.2409902761915924e-05,0.0002738094914794792
Q09778,1,899,S,test,1,0.23399712190317534,0.5928825369891494,0.0005240051799937212,0.022632144856458432,0.009733964087922597,0.02168026805140751,0.003994811079552481,0.07596773185058477,0.03179201287384345,0.006795403127912274
Q09781,1,252,S,test,0,0.4257594372278232,0.2296799881981778,0.006881760474174491,0.2949149626121697,0.00315069944605763,0.0037415481860305832,0.02648373336422611,0.002415725044347576,0.0014424953928179184,0.0055296500541749585
Q09800,1,419,S,test,0,0.8411913341627517,0.09076345423879031,0.000656107415417961,0.044407701493046584,0.0015987053852807823,0.007164900551878322,0.0012845958764184867,0.009418084760350368,0.0015254952781573762,0.001989620837908123
Q09808,0,152,U,test,0,0.8025771153416179,0.10364306450852351,0.0006560311023830805,0.010423657033565476,0.005282452107855472,0.017320495897312226,0.0011335202084009073,0.04838714971688009,0.005040551768156991,0.0055359623153043306
Q09842,0,407,U,test,0,0.9245731948901278,0.06803057297726624,0.000380015655058306,0.0020543453226021663,0.0016898583055188772,0.0010012079730129214,0.0001739838424172915,0.0015266598757549587,0.00035699170476945007,0.00021316945347199496
Q09868,1,576,S,test,1,0.4256575119962727,0.46024552121597084,0.0012144121609581988,0.03446565205948908,0.013261765280219742,0.030955210418193633,0.0010885919941606465,0.008299000585390607,0.00918615705213206,0.015626177237212477
Q09GJ9,2,239,S,test,2,0.0002605551561202085,0.0020334762509103778,0.9223588103580473,0.0002126589241581287,0.01715962587775772,0.00261103524672585,0.0003242661476086828,0.003696561323162885,0.05122918260058531,0.00011382811492352574
Q09LL3,0,331,U,test,6,0.00894730585731086,0.0016342062441204038,0.0005826941070020207,0.03837503324465246,0.002812646711871441,0.000564766495732857,0.9443833138308458,0.0010801442542143543,0.0010551227585169371,0.000564766495732857
Q0DFC9,6,154,M,test,6,3.8414262388357e-06,7.639587816584191e-06,0.00036523137404041516,0.00044749090253751037,4.809544198619314e-05,1.9356554800737272e-05,0.9990834756576525,2.681747557413735e-06,1.790188720992905e-05,4.2854201598623884e-06
Q0E7J7,0,325,U,test,0,0.7441865983310961,0.20344928403182713,0.0019032095324623395,0.02305038329552106,0.004637459871772193,0.006001318951285947,0.0008445442278091814,0.007295748862491383,0.005862299030198675,0.0027691538655359453
Q0HA38,1,1315,S,test,1,0.3254029518229174,0.5240707618906806,0.0015426499364912672,0.05554768791116304,0.01418594542073895,0.01645598442945927,0.0004704816629090648,0.042517167270935526,0.008671693815335165,0.011134675839369772
Q0J7U6,0,1133,U,test,0,0.4923061903853057,0.46976186654890895,0.0005947291935710182,0.005469027770407039,0.01639140542739062,0.0038179966135589317,0.00038398603417759164,0.005731492160523855,0.002749999916588424,0.0027933059495678786
Q0KL02,1,3102,S,test,1,0.1542169788156675,0.5446151034612712,0.002663835251012438,0.028416056893886554,0.17750265146437652,0.03620299787114392,0.011215165536855979,0.016317967731976545,0.019837605329841322,0.009011637643968042
Q0MW30,1,546,S,test,1,0.42205250633542707,0.5171095409102128,0.0028885503375947206,0.020366261385113063,0.025346221697563755,0.003377057170279958,7.578383051377913e-05,0.001113635302573774,0.0012619140708920336,0.006408528959829072
Q0V8E7,4,668,M,test,4,0.008977803572376519,0.0024163432413145717,0.01569510839923989,0.013636146000060924,0.6493716959464225,0.2665016105786728,8.714693815104995e-06,0.014290558446010697,0.022482201884559218,0.006619817237527748
Q0VAK6,1,560,S,test,0,0.7196208767418778,0.26473375907576596,0.00015586336521571093,0.0026987455533148802,0.008771413855265598,0.000985086886322449,8.342765717591747e-05,0.0025751609114631237,0.0002198025883828339,0.00015586336521571093
Q0VD83,4,1088,M,test,0,0.5505037041300601,0.3783553171196101,0.0037383569780136136,0.0003450153369276901,0.05623749235221712,0.003247940641648191,0.00010522373388729544,0.005439277132680665,0.0004570711153882309,0.0015706014595669652
Q0WMY5,6,952,U,test,6,0.026548873874335206,0.005719212000206858,0.00020191289008029853,0.012190623395668133,0.004039718057106122,0.0022049526268647433,0.9469119328104806,0.0006416778386756503,0.0006219354893217205,0.0009191610172606483
Q0WMZ5,6,178,M,test,3,0.00019381473384423193,0.0013453410878779602,0.0034087135461153494,0.8147631956510879,0.012702066562852408,0.051680729310940296,0.054585729550638444,0.020557174284237804,0.012664908651719665,0.028098326620685968
Q0WNX9,0,196,S,test,0,0.86184753972256,0.10957160831688091,9.684227833364242e-05,0.00032761321870880924,0.019492230410245677,0.0025171841264895385,0.0021363065058235715,0.0016000195599617727,0.00227408636115646,0.000136569499839602
Q0WP36,8,464,M,test,4,0.0008231215338699035,0.0013360581839378406,0.00030757802473788446,0.006324373792453233,0.5919804269313611,0.14967609173970559,0.01827562692866398,0.050528426855988316,0.1696052315233385,0.011143064485943682
Q0WQE7,1,617,S,test,0,0.4507597262208076,0.4301179528523919,0.000656839500181449,0.03743676365222417,0.0016772985227454455,0.006952209205931322,0.00711707564882172,0.018174090851523612,0.01846028999608023,0.028647753549292512
Q0WRY5,4,378,M,test,4,0.03710004127766962,0.052447331288166525,0.0016055740770868055,0.004364402744711099,0.871622458867202,0.007139686600830837,0.00902540843142175,0.003733071310396786,0.010551773411114946,0.002410251991399667
Q0WTP1,1,329,S,test,0,0.47453847176864655,0.42537354799893323,0.0006598239198881418,0.018909917329568492,0.004302592255179062,0.0125476110229109,0.0023030118430305314,0.0403906241089498,0.01617451101763491,0.004799888735258374
Q0WUA3,6,382,M,test,6,0.0006128503043655068,0.0001989633758174757,0.000263583615020985,0.2715416267668095,0.0027040224672270786,0.0498392547450022,0.6313532029823629,0.013154601751185012,0.004475628050643925,0.025856265941565468
Q0WV90,0,1120,U,test,1,0.45175882009952906,0.48846776772842265,0.0007817451707069768,0.011221550306936069,0.02231671456415543,0.009449491341807975,0.0003415191582034928,0.007533791715206128,0.0040960517679703426,0.004032548147061847
Q0WX00,0,460,U,test,0,0.9504966661726819,0.04445532208413581,7.813905241866762e-05,0.00039067066207929376,0.0023014681746221346,0.0004426878829033045,0.0002858207601609267,0.0008942541808132686,0.00043582464633195635,0.0002191463838527689
Q10109,0,688,M,test,0,0.3206710421092425,0.23278222278950114,0.002318054600844848,0.13657858557565195,0.028461172321929774,0.11489845467221442,0.007366763206591724,0.13032421078257653,0.012728624594865233,0.013870869346581832
Q10146,0,777,U,test,0,0.7484966339139073,0.1998873911851425,0.0006512847976924788,0.026334996877001367,0.0023090051381705525,0.01214567360421598,0.0013787699470411707,0.004556269639787213,0.0012751537855611409,0.002964821111480303
Q10154,0,240,U,test,0,0.9070114652085073,0.08305724855565265,0.0001119341051468038,0.006063835801495043,0.0003188705942512299,0.0014290788926659642,0.00010515236683489232,0.0010374000011866666,0.00024069614722156427,0.0006243183270379491
Q10197,1,1105,S,test,0,0.425209930272651,0.32348265543489557,0.003349573744574944,0.06860492229921329,0.008688132090494901,0.03700957367152666,0.0026497307125420877,0.05788408467005476,0.050586095847071404,0.02253530125697539
Q10215,3,142,U,test,3,0.0004770078350523128,0.001954585249341559,0.00049989989142752,0.9926742574372247,2.6493724826086364e-05,0.0013170607824092523,0.0022316614225692715,0.0002893198647172724,8.160641275884062e-05,0.00044810737967321853
Q10253,1,286,S,test,1,0.11977523556926155,0.6680525536639249,0.002998514331645439,0.09382920705678695,0.014991627995629123,0.035683177386631834,0.00596325704411376,0.017942629742010524,0.02600459380121581,0.014759203408780133
Q10269,5,537,M,test,5,0.003187148931963627,0.0043224144222973725,0.0006475085596120114,0.02513014417899993,0.0784335533595946,0.7558754920128713,0.002482153786134618,0.0802935461605966,0.043484648193797916,0.006143390394132049
Q10297,0,993,U,test,0,0.48474533103501843,0.298642930994505,0.0005948170960760649,0.012618779707853611,0.004326996392962155,0.06729017218143513,0.0017482646952826791,0.05346534942717048,0.06848346449185089,0.008083893977845568
Q10308,3,269,U,test,0,0.5578208705005907,0.29395095247920594,0.003422214269412793,0.06113596785739822,0.004394210984762555,0.025987914481014906,0.0003441811508763182,0.032153528986607206,0.014295936919105993,0.006494222371025325
Q10425,1,725,S,test,0,0.6401882795077216,0.3269762106376178,0.0005484069210437032,0.003777074524910671,0.005895929818670912,0.007750054598635568,0.0016630234582248496,0.009495564824305944,0.0022378426851385777,0.0014676130237303746
Q10430,0,238,U,test,0,0.5711349634827757,0.3630354568921956,0.0006481556099819516,0.028435134214174186,0.0009729969539368714,0.011178942917316923,0.00039312626185967835,0.01343180748582222,0.005384708090968459,0.005384708090968459
Q10451,3,1261,U,test,3,0.04712858516586656,0.09641868066310025,0.00026248797593774647,0.7583917529028145,0.0030040159482952094,0.039895110619513,0.009109566167936598,0.021097802042038812,0.01920976527687805,0.005482233237619341
Q10916,2,564,S,test,2,0.0019207550133361012,0.005870300786523652,0.4699932615406857,0.004130272177673799,0.049633774701273184,0.1884166888556452,0.001668780918787033,0.11517680388773133,0.16242533855069202,0.0007640235676519996
Q10925,1,1237,S,test,1,0.278509348947027,0.5626043683715855,0.003505915407345476,0.019707793392258578,0.08901694427103679,0.0076576238585009514,0.0003063434563794696,0.029933640767337406,0.0055155796061475875,0.003242441922381265
Q10R09,4,310,M,test,0,0.45106624480006374,0.31985384708550735,0.001786689001789872,0.009144720680149066,0.19860177402147672,0.002682137826269979,0.006334363237367688,0.0042860442756234175,0.0042195948683916625,0.002024584203360522
Q12008,1,311,S,test,1,0.09225597854128136,0.6504679831206079,0.0006934626633594504,0.18782385932284595,0.0053699416320837,0.02066565649856924,0.004182114675531258,0.00972370790338302,0.010932659583951364,0.017884636058386746
Q12010,8,308,M,test,8,0.0013357199227423773,0.0014901030509450034,0.0005655793243131562,0.001974065981278384,0.24288677681493934,0.1862277351175104,0.0031792898023934694,0.09968053349353233,0.4609180894321331,0.001742107060212471
Q12032,3,185,U,test,3,0.015291773342064044,0.02065786855324468,0.0002746613687597883,0.9572204118525766,0.0002969797570178321,0.0018334898185916977,0.0011745777160992448,0.0015081875823425123,0.00034720449794948334,0.0013948455113541904
Q12035,0,217,U,test,0,0.8950893720148455,0.05333597473580255,0.00011396926685985568,0.026819012506623767,0.001081310381850329,0.005845508358082902,0.0009845442153908505,0.015323039892820014,0.0011875870984910564,0.00021968152923321603
Q12046,0,339,U,test,0,0.8194277225954388,0.13909660176925429,0.00026229937599785505,0.013826332884145419,0.00494922600753188,0.005227424631367733,0.002488627312934511,0.007429668159249247,0.0016838892937024392,0.005608207970377849
Q12050,0,791,U,test,0,0.5665687673920273,0.3955287464468408,0.000684441910827215,0.008772569329574296,0.005641914660401763,0.00460479668007845,0.00010829442440485584,0.01286412254285609,0.004640912436639358,0.0005854341763499346
Q12052,0,315,U,test,0,0.7924832642177154,0.16872940830850894,0.0005124363776934163,0.023410828608321207,0.0015061343906976204,0.006593662264606541,0.0009279024601157629,0.0033415052788882643,0.0011019115253499134,0.0013929465681029188
Q12072,0,812,U,test,0,0.8055644307653154,0.16366033809292954,0.0004386375224414946,0.009089938672200188,0.004464827628861452,0.005098993596693066,0.00013802342175954849,0.00750644483832688,0.0028827093584773513,0.0011556561029951137
Q12102,0,859,U,test,0,0.466604051401837,0.38083112577729034,0.0028182214964576984,0.0715123886916107,0.0115001035325623,0.01726370185041261,0.00868073324978852,0.013763821660164079,0.011059540487885693,0.015966311851991124
Q12118,1,346,S,test,1,0.2782990370112355,0.43782583409150677,0.0010852618274357205,0.21673949325234948,0.003729209349006155,0.028877744800793644,0.006443495474537314,0.012227606176360399,0.004714162611667173,0.010058155405107905
Q12129,1,218,S,test,0,0.650048003804557,0.27958216674109315,0.0004838023931290683,0.024814325793251282,0.0044489637011123784,0.008119216949029562,0.002168251621484111,0.021559061028274002,0.005201365223451621,0.0035748427446178933
Q12134,1,243,S,test,1,0.4459276416260225,0.46732812555975894,0.003980496892286946,0.02784682945608096,0.010405600341235426,0.011251136097175048,9.964978803721741e-05,0.01763151417129674,0.013677903167859776,0.0018511029002464356
Q12146,0,194,U,test,0,0.35282652650108304,0.23503314835864292,0.00395029027889657,0.09860028069391115,0.012751692573495775,0.11864463675576278,0.017703972295195585,0.02851275652800018,0.11980894640586293,0.012167749609149072
Q12168,1,779,S,test,2,0.03893703098980798,0.1832357885036461,0.24996494455374021,0.022889898365124554,0.028045288330372606,0.18758111598178936,0.022185649020306702,0.0482689946506677,0.1793410870268969,0.03955020257764786
Q12176,0,1025,U,test,0,0.971558685675506,0.012206255220596018,0.00013586435715188147,0.0018755494285727112,0.0010939982642894498,0.009150994530277002,0.0006687477378212486,0.0023341590002366997,0.0008193668792901395,0.00015637890625890037
Q12188,0,680,U,test,0,0.8609982452815147,0.06985164954744635,0.0002799463019327719,0.01100904738612094,0.006421521100084174,0.013754605805804732,0.0009771085729364524,0.011138819732150897,0.023034629604541643,0.0025344266674673945
Q12204,3,715,U,test,3,0.020020987738284462,0.0626401302062993,0.000947432005691857,0.7253286802222564,0.005202424686436511,0.13312818043347077,0.008919032245930473,0.029301551955290286,0.005452094572312191,0.009059485934027715
Q12251,3,326,M,test,3,0.00020251365825935683,0.000996807214198243,3.7461263580044116e-05,0.8513319264453446,0.004020206522616064,0.031009764511800868,0.0059997866186807,0.018444584188854606,0.0062570961379980385,0.08169985343866748
Q12270,7,262,M,test,5,0.0011134552600204582,0.0013222608048754005,0.0010961927307009288,0.007148074808900272,0.07052064579877254,0.5090101879991323,0.000801991717347419,0.3390738912568029,0.06174994166260965,0.008163357960838101
Q12288,1,251,S,test,1,0.060529686656189054,0.7484665070403151,0.007111949891216291,0.036973965961628746,0.00913192370917913,0.06665762119669566,0.00363242884105143,0.023137715208116066,0.010428985895364914,0.03392921560024359
Q12346,5,211,M,test,5,0.01113980230791143,0.00361656433537437,0.006548752816127879,0.10324316913992182,0.1378477175326989,0.5625047518695707,0.02276828073225837,0.1274882964641961,0.017186397182409177,0.007656267619531201
Q12359,4,275,M,test,4,0.0041077402912892,0.01643793677132431,0.003799038751900777,0.006987501950901084,0.5638273425952317,0.12385643422105498,0.0013545890268314013,0.03190228753792304,0.21737480424223524,0.03035232461130822
Q12361,4,961,M,test,4,0.007445245086942118,0.017790583232247536,0.00312798211982353,0.004411161709399171,0.6054748705559672,0.1330051809948642,0.0012249353703184186,0.11026516556201922,0.11376535915582305,0.0034895162125955573
Q12373,0,385,U,test,0,0.766639933343708,0.1619568138384539,0.0015032693924111186,0.006182388750867759,0.012010331037723929,0.014487225287428856,0.0012462540526013575,0.0168712508457231,0.01454392606734066,0.004558607383741415
Q12427,1,513,S,test,0,0.6676470072753382,0.3009320809724449,0.0001143929917752878,0.0035309682301017703,0.016441032367975197,0.004751436900397902,6.938285547192275e-05,0.0028818920390583373,0.002124974048470781,0.001506832318965661
Q12429,1,685,S,test,1,0.10636607477048006,0.6193096590862693,0.0007840600969544721,0.15176837031439133,0.003249838923658299,0.05545209678770203,0.007210083251277053,0.019145026658146325,0.022035790440588447,0.01467899967053265
Q12451,4,1283,M,test,1,0.3238352667416104,0.5297590815761603,0.0058392935201426015,0.04165633924572368,0.027318893447878353,0.03439968646179646,0.0013442817611846393,0.011612823562730745,0.007857628690935117,0.016376704991837764
Q12454,1,224,S,test,1,0.3125813657257289,0.5529000854386497,0.005680574667724437,0.019519761541034644,0.05549812412514844,0.013626990143302193,0.001552982748234813,0.02336209493894014,0.011122023878393174,0.00415599679284351
Q12462,9,236,M,test,9,0.007703255663575859,0.0029931628252335965,0.00144739896423706,0.2322682818882107,0.0027466803810688146,0.09607033764814965,0.008264387313135366,0.032686286808517,0.013362127819787023,0.6024580806880849
Q12487,3,163,U,test,3,0.1366904541588763,0.1648801433817685,0.027988154740877243,0.6174088186586288,0.0031896345658980287,0.009901823582007523,0.019386828153346223,0.005177288371640086,0.0025629434077756937,0.012813910979181506
Q12488,0,208,U,test,0,0.6536483986083982,0.2138729316924027,0.0007896382279909128,0.025245889013930423,0.0023574243166961796,0.018183932324350383,0.0004864820094739861,0.035689437108303676,0.04518181238648335,0.004544054311970226
Q12497,3,93,U,test,3,1.543617414049629e-05,8.151413429562983e-05,9.164880048101639e-05,0.9993285518016081,2.46669390721347e-05,9.236760684141515e-05,9.129149277648099e-05,5.5587807073492484e-05,5.011392805512839e-06,0.00021392385090580223
Q12507,0,346,U,test,0,0.8791918325363971,0.11532486448971938,0.00010850088643907155,0.0011130767154311184,0.0016709261425259712,0.0005510129371908387,0.00047130639162181663,0.0010621053135398736,0.00031890185223671166,0.00018747273489810244
Q12515,1,295,S,test,1,0.30615802726141217,0.4317520435690821,0.0023013050011569023,0.03079112158810897,0.1311635784647571,0.022178014107792004,0.0017371162043892,0.01572656772879312,0.05619281742637508,0.0019994086481333806
Q12524,9,340,U,test,3,0.2750826259080098,0.14160040428108767,0.000803429307235293,0.35321305217729226,0.004551737234494544,0.13940509064507872,0.012086286557059825,0.0325982617274591,0.017723368990429693,0.02293574317185308
Q12532,1,1038,S,test,0,0.8820474064109307,0.10210440210980494,4.9836671205506575e-05,0.009329426945146605,0.0004655065378245452,0.0019294709016974226,0.000282343998200838,0.0023273862677530874,0.0005528026324401825,0.0009114175249961521
Q12692,0,134,U,test,0,0.7246235901414775,0.08130050854894995,0.0040477144698173265,0.12790364981101432,0.005619694243291168,0.005708192235912522,0.024032386875285385,0.003152362870186261,0.004376622199129314,0.019235278604936287
Q12697,8,1472,M,test,5,0.03207541111832108,0.0352279457072966,0.0013059330865112463,0.01019202244955181,0.21121050423495377,0.3482272573626002,0.0009704871441402271,0.16839170158681813,0.18494209467168718,0.007456642638119758
Q12706,1,436,S,test,0,0.4542428098381952,0.4542428098381952,0.0009481494493541471,0.004384198828097099,0.05076593691101259,0.012686100251781789,0.0004478741169085677,0.00663308121411723,0.013610197654613913,0.0020388418977242543
Q12769,0,1436,U,test,1,0.3854210422505795,0.4506028348069509,0.0026173147218029598,0.06678020288371256,0.022259611900718932,0.01859860144288481,0.018167764164171176,0.014149069954082967,0.013085749155695832,0.008317808719400374
Q12800,0,502,U,test,0,0.6852511643900089,0.2856551905373091,0.00023717319902841213,0.008360643521022346,0.014138846709753931,0.003051773624306742,3.416804121267742e-05,0.0017253165168552125,0.0005779086315424358,0.0009678148289603034
Q12933,1,501,S,test,0,0.4972433740072379,0.4026799495300744,0.0027132360233072706,0.021175177743221658,0.034775853116559036,0.01561359686821979,0.0042685195753950165,0.013147966920924412,0.0037669555705891044,0.004615370644471409
Q13136,1,1202,S,test,1,0.29142393945636236,0.5617343645314491,0.0004887784478262358,0.016830900270326084,0.05886046443752531,0.00936780753804157,0.00023821160135646067,0.05312409866416998,0.006143557688098096,0.0017878773648448277
Q13148,0,414,U,test,0,0.6892346573476816,0.2828613153399192,0.00025793615455538174,0.00895159483710094,0.003910662512005679,0.004572027252573444,0.0005812680907002869,0.0051807857731220016,0.0005997195113110509,0.0038500331810303757
Q13191,1,982,S,test,1,0.3082632122480412,0.6227088560691609,0.0022812055066690484,0.006447977224632287,0.04049461313425159,0.005181095990032352,0.00022236812966038003,0.005602099853258671,0.004536718619972273,0.004261853224321203
Q13255,4,1194,M,test,4,0.02414510527930615,0.022070411227754487,0.07117462184880893,0.008508902115605524,0.6602875519928862,0.09041354637726388,0.002101550597925162,0.06282672396968472,0.05698136410177188,0.0014902224889929757
Q13324,4,411,M,test,4,3.4786214549782924e-05,0.0001233278433713809,0.00015348396598818456,0.00019101389317836937,0.9685895286915229,0.010029475974386389,5.418647473574382e-06,0.011817610632226975,0.008990364935693537,6.498920160882452e-05
Q13495,0,774,U,test,0,0.9560683840737131,0.03707079078695619,0.00019759306639731565,0.0007633923781882339,0.003805556275979347,0.00026589052115665084,1.168241417920837e-05,0.0015181871367979543,1.9872456496194218e-05,0.00027865089013577886
Q13536,0,156,U,test,3,0.1778218877016838,0.14850321014575063,0.056036163519003354,0.3053045497453394,0.04793027023458048,0.11747571200186503,0.08679050845694744,0.010125528834682682,0.026469610716308697,0.023542558643838515
Q13873,4,1038,M,test,4,0.01830994158993102,0.022742627281229007,0.00659267886434027,0.0034470618842923043,0.883947137619619,0.011752720970118561,0.00018556451034903968,0.03735006988365814,0.014914978356336272,0.0007572190401263845
Q14149,0,939,S,test,0,0.5927761949440241,0.34307254265364384,0.0004921690108576185,0.01004115239185293,0.02052278312021056,0.0033633649304744503,0.0007388332355005815,0.023900023360428783,0.004318645803510825,0.000774290549496283
Q14197,3,206,U,test,3,0.011669851957736201,0.007623439266257828,0.0008453612767097576,0.971541295354731,0.0007230758274564982,0.001980939667246043,0.0008066493401046019,0.003165532401227546,0.0001717455469702676,0.0014721093615602603
Q14203,1,1278,S,test,1,0.38068729860642514,0.4926459817951893,0.005387953979591571,0.04618260663807512,0.03888965420709954,0.009909964224265214,0.0004634952665277248,0.01596028367034325,0.0015926761645397413,0.008280085447943335
Q14258,1,630,S,test,1,0.34398199138476654,0.5496816080792845,0.010306520651995221,0.01499589985996586,0.07098469216668965,0.0066543904403145275,7.10916293146665e-05,0.002013680758756188,0.0005091382199223012,0.0008009868089905333
Q14318-3,3,253,M,test,0,0.46525448024503496,0.33773853985637947,0.0017584970716746512,0.07828515677826589,0.05755498193926839,0.03279384560340658,0.0022229486820204277,0.013301770049511078,0.004855366367767417,0.00623441340667115
Q14508,2,124,S,test,2,0.0003527336357794996,0.00011274044344625092,0.9724638218243847,0.00012382114521738302,0.025117955149014458,0.0004254779641489535,4.371420958784682e-06,0.00040599390937886843,0.0009815673466527532,1.151716101836375e-05
Q14669,0,1992,S,test,0,0.6343165804796548,0.2859088854550128,0.0010311483912655859,0.00926260861061817,0.048722547843714964,0.007046621014614694,0.0005519339612355584,0.006619687833892958,0.004142494516745209,0.0023974918932452446
Q14680,4,651,M,test,0,0.43359504086777473,0.41373930138788395,0.0011088915472500772,0.012109448364578645,0.10460967770511168,0.011025779013988156,0.000994004049728059,0.017210997333253493,0.003469415089612141,0.0021374446408191044
Q14690,0,1871,U,test,0,0.6529647733404208,0.23282176346978278,0.0007888123540237096,0.04430482181303803,0.006921608493648689,0.02132005439072636,0.0015687407055581936,0.028801554926304623,0.0030238269946186577,0.00748404351187817
Q14832,4,879,M,test,4,0.00018725053823272016,0.0009003287300606428,0.0023813341301501655,0.0006139708092149373,0.9495063286605131,0.012188263227181022,0.00017590558951076273,0.009604120816391115,0.024334125203460708,0.00010837229528481088
Q14833,4,912,M,test,4,6.39059340367203e-05,0.0002732910140961272,0.0014207990566798671,0.0002607761040754576,0.9826784315061708,0.004695158823134089,2.8804659909704447e-05,0.0035371764566597126,0.006993417715555192,4.8238729682307105e-05
Q149M9,1,1564,S,test,1,0.38241249031586855,0.5226958761583442,0.00537025267766237,0.022259076759740985,0.038086476619848035,0.00913510628948037,0.0020067167016743783,0.007752864235398592,0.005898068142406778,0.00438307209957572
Q14BA6,1,303,S,test,0,0.43648252351031036,0.39432910788021547,0.006474108061385621,0.07503886087573192,0.018733451923845318,0.03262237271053055,0.013493199984935672,0.006274920525918647,0.009871836181679887,0.006679618345446571
Q14CX7,1,972,S,test,0,0.654044517543363,0.2443985897481959,0.00021940748883083396,0.05626374416953853,0.0016212143136877233,0.017159471813058918,0.00019362644470747196,0.014225702554957908,0.0015469733583641464,0.010326752565295607
Q15042,1,981,S,test,0,0.6646447324071348,0.21078005884582302,0.007156368963975912,0.06991634667671842,0.010412454828141687,0.019914340654415857,0.00447834106441759,0.008236929950722855,0.001987251728500044,0.002473174880149795
Q15070,3,435,M,test,3,0.00010003003764782578,0.00011513387757649225,2.4133370426925723e-05,0.9931088462115477,0.0004277742313180969,0.0033647049391242246,0.000662549674942096,0.0013073833830232575,8.5560231927324e-05,0.0008038840424659885
Q15582,2,683,S,test,2,0.002766401901609309,0.010001186956038964,0.8828651678432048,0.03497581839186978,0.020065316415345032,0.02737252343962418,0.0008306245222742777,0.004088477126612654,0.015220232848536533,0.0018142505548845223
Q15648,0,1581,U,test,0,0.8438994575394473,0.1254344536614587,0.00016130363792761263,0.0035862097134451345,0.016103697350874337,0.002904201052881049,6.122396510762745e-05,0.006621865778765115,0.0005046744878889049,0.0007229128122042814
Q16719,1,465,S,test,1,0.16781479507071542,0.5545591243778712,0.004267319669589551,0.0864469428915175,0.009176179046845465,0.09478127429805373,0.0032718673636938605,0.013775076103334439,0.009033915795003452,0.05687350538337534
Q16740,3,277,S,test,3,0.015790564909967473,0.0133751295257823,0.0012176376744776262,0.9468707424646788,0.005086551410916166,0.004119215059803398,0.007488127783894301,0.0014459803906344243,0.0012961685400527557,0.0033098822397927153
Q16853,4,763,M,test,2,0.006295109195543238,0.025488069393735685,0.4018275457515203,0.044732958276273264,0.12065050059285935,0.22717270355585062,0.000684561443749505,0.09160698245757555,0.07370717856111852,0.007834390771773975
Q16891,3,758,M,test,3,0.010489765593743941,0.05216459576846881,0.005442018640942941,0.7353893545843264,0.014908963869918003,0.06603889936968274,0.0063623646511225575,0.08283133090597142,0.00810586291591027,0.01826684369991289
Q17025,2,258,S,test,2,0.00010042474718034089,0.0010383064044012528,0.9663522352130837,0.0015225756386089732,0.013570569608175211,0.008393307310817616,8.456612071789755e-05,0.0007716037885411632,0.007672103208121549,0.0004943079603523497
Q17353,1,1379,S,test,0,0.5302328097005741,0.40654361388574256,0.0006017376015611737,0.005533475973633399,0.033962917935830686,0.0022357262972002175,0.0015853673742128973,0.0098644869962367,0.005576875602579051,0.003862988632429254
Q18409,0,179,U,test,0,0.9487150952914442,0.04437199816233163,0.0015183261623137934,0.00021534442510672967,0.0034754833196731566,0.00025176314970093194,0.00010495049541759633,0.0005006908299585043,0.0005945850143525876,0.00025176314970093194
Q18685,4,720,M,test,1,0.2210874903133588,0.600978029796497,0.0012942526069745343,0.035118029277868966,0.06063315775444896,0.018290298453497843,0.002271484166875548,0.044654228754927444,0.011809104376552196,0.0038639244989987966
Q1A3R1,2,62,S,test,2,0.00012635536848407318,1.4176679223931945e-05,0.9923670665097822,0.00233803730795582,0.003523546890392121,0.0006028077196934415,0.00030311077036084677,0.00016351599693973778,0.0005510108770931678,1.037188007458818e-05
Q1ECF5,1,205,S,test,0,0.492572503388464,0.48493589643182455,0.0006236079713264319,0.01050640865142033,0.0032420445886039767,0.005180772572616566,0.00022235429099207497,0.0010607929800473992,0.0010122156585414066,0.0006434034661632354
Q1EHB4,4,618,M,test,4,3.0325755112176182e-05,0.000326032598829301,0.0005049691311913564,0.0016047885849309288,0.8849154146843358,0.053980182962871624,0.0002539144077836859,0.020170922891648416,0.03768424584746334,0.0005292031358333631
Q1EJP5,2,73,S,test,2,0.0002404432163524029,1.4105242382077674e-05,0.987366438656433,0.0014571560324911682,0.004380104135299104,0.0043972474556042635,0.0006310138274085243,0.0003753265776241694,0.00113372644495017,4.4384114550479746e-06
Q1G3I2,0,117,U,test,0,0.8382520260921317,0.1445327776686253,0.002774252419004068,0.003590149394491048,0.002045605463280538,0.001749699033840782,0.0015441039977310924,0.0019826687822777044,0.0010612460958038467,0.0024674710528139027
Q1G7G9,1,1523,S,test,1,0.3745946536172996,0.5365821051560125,0.003504225704649829,0.004464499592843438,0.06716112702920257,0.0029973231321921536,9.485503561249585e-05,0.00610224708226874,0.0019352172708949856,0.0025637463790237442
Q1HG44,5,320,M,test,4,8.389137118725023e-05,0.0005470404883435821,0.008828786236268942,0.0009600859952835376,0.794741955912798,0.0824665368409797,6.740861145581929e-05,0.042450130904309616,0.06836715343452053,0.0014870102048531292
Q1K8F6,3,712,U,test,3,0.018487224881551984,0.02104103438841795,0.0008612880146346195,0.7708923440057759,0.0012929465524066975,0.00570474720965264,0.11822016873686007,0.01625131303135376,0.0007720536306462149,0.04647687954870018
Q1MTQ5,5,396,M,test,4,0.0009980012171021916,0.01973461586897746,0.03233099795818767,0.0028430407990307155,0.45623094788858537,0.27242795197434905,0.004687382005429128,0.06370411200208263,0.14582017366262048,0.0012227766236353479
Q1MX22,2,177,S,test,2,0.00012007727711799753,5.70452913516964e-06,0.9883186998543303,0.007785440099809976,0.0015390441104089696,0.0009034329725450066,2.942620321278985e-05,0.00074350666455073,0.0005466236134723398,8.044675416681876e-06
Q1PFN9,1,564,S,test,0,0.6842227498509136,0.2478090644836302,0.002506553166236808,0.010803239294290085,0.013550297199395751,0.006707884293190619,0.007903818880396209,0.009459632338727448,0.004984875617259233,0.012051884875960126
Q1T7F1,1,81,S,test,1,0.24925699481847238,0.3354119611613644,0.12171565571265776,0.15659154732816555,0.013210136258833069,0.00471021973467125,0.053486111758005175,0.009971534694011304,0.011477165695133167,0.044168672838685946
Q20374,1,833,S,test,0,0.5861904483617545,0.2924612691939173,0.0005345364790748455,0.01702328731420073,0.010007474336714242,0.01928991220345286,0.01325774906768505,0.04873814692013704,0.007264647462425467,0.005232528660637964
Q20748,3,595,M,test,1,0.11561810224637988,0.6837799704151573,0.0029746792688998026,0.13464426125947843,0.008149436149421657,0.01006320985324934,0.006199763687948104,0.014527941117007358,0.003069105825819468,0.02097353017663866
Q22866,1,284,S,test,1,0.04742685193759777,0.6114475547703002,0.016167720305469643,0.019501994723162767,0.02563488594489274,0.011736506251897712,0.017345431683230123,0.1909032408022768,0.05565103352721077,0.00418478005396149
Q23255,0,728,U,test,0,0.7877880213265159,0.18135911064298077,0.0008013992771628622,0.010680802124816964,0.005784410922054487,0.005519523248189718,0.0007296823813840208,0.001983482442787498,0.0037346965490840317,0.0016188710850236676
Q23498,2,618,S,test,2,0.0009341691769093848,0.005089678882474681,0.7494969487081204,0.0018290144216339648,0.04019011248438041,0.06971407047425986,0.001042141013575281,0.025546392831844584,0.10547401923653713,0.0006834527702642725
Q23917,1,793,S,test,1,0.2930632444303261,0.5348310311188986,0.0008970226941586228,0.02768839626942884,0.04974703342476387,0.044549426598864,0.00014643492904871914,0.016404831293081304,0.030888636607270342,0.001783942634159546
Q24142,0,601,U,test,0,0.8508177474664343,0.11160300025412898,0.00024797508595326365,0.0045349905667274185,0.013725355388561225,0.0036156096348867787,0.0003184063271758239,0.007361016301158464,0.005914742644881102,0.0018611563300926462
Q24JJ9,0,361,U,test,0,0.5203155072595541,0.1899237774919007,0.00040583257341645013,0.03696250447152303,0.005515489674459661,0.008344668588324207,0.16760717096871358,0.007137573392766027,0.0036741081115849684,0.06011336746775723
Q27249,1,256,S,test,1,0.03878841089930212,0.5210144403350105,0.021337482601311446,0.028825098004376187,0.03436462876875783,0.012446043734713412,0.17796004910856375,0.11006711177377898,0.04922505730632565,0.00597167746786004
Q27289,2,259,S,test,2,5.678983945554572e-05,0.0007480594414333904,0.974185894004289,0.0009833054582073242,0.009402514887958402,0.006023476990599882,6.958036474760882e-05,0.0005871585736994012,0.007555132347136979,0.0003880880924724157
Q27511,0,140,U,test,0,0.6788156690046466,0.12955423954282042,0.005781855528534367,0.1285460417799543,0.008478530572510492,0.003912199201871377,0.02106669562955978,0.002127025715271639,0.0029072994853920737,0.01881044353943889
Q27908,2,447,S,test,2,0.016316362173368914,0.0695041958701683,0.7679547878379626,0.003727008690953741,0.06015086711711318,0.025148181935286548,8.903113729323022e-05,0.001845003039947489,0.05476798640079782,0.0004965757971082134
Q28298,5,1534,M,test,1,0.28290971475057386,0.5368682590445192,0.01088423371998246,0.019863379900677026,0.06484392822068569,0.014876984359875308,0.000859205449337032,0.06421376551221908,0.0018189379821141373,0.002861591060016216
Q28388,2,180,S,test,2,9.329031361554327e-05,0.00036897036040668365,0.9859306021675474,0.00045384127648026145,0.011842692322382511,0.0010330358560047517,1.8292873108686719e-07,0.00011978712908609064,0.00014791736092524573,9.680284820514523e-06
Q2HJF1,3,112,U,test,1,0.20340857785907268,0.5194220170595388,0.00852788742111511,0.16863163541929158,0.00723752457158222,0.004156160347370819,0.05640184377188354,0.003236821060723601,0.0028121987172068943,0.02616533377221477
Q2KIX7,2,212,S,test,2,0.0015525799719603856,0.0021555438365829763,0.7097537138627339,0.0020408279421147094,0.24914700555046573,0.021770220915880736,5.834789586750942e-05,0.00478228289362675,0.00850870672565985,0.0002307704051074264
Q2L4Q9,2,553,S,test,2,0.00010932943303357538,0.0005639640884947822,0.9430415510809549,0.0007241442832165987,0.04695127175621072,0.005226792371036283,4.7562081505806714e-07,0.0001949007853357212,0.003063684096918974,0.00012388648398343262
Q2M2Z5,1,673,S,test,0,0.6938852766560711,0.2803549806440012,0.0007513991547583773,0.0027700604799482846,0.009782429923757685,0.0012781729637943958,0.00013057358050283746,0.010413342303716473,0.00024394356643572693,0.0003898207270139344
Q2PFD7,4,1037,M,test,1,0.183928174285197,0.7105986359959086,0.001654680231613063,0.014350203835359154,0.06766339103527269,0.007021102131627655,6.122086465210107e-05,0.012516469608929912,0.0007228762748993628,0.0014832457365405328
Q2QX40,0,465,U,test,0,0.9927432902444252,0.004137134331734412,1.7106822899445154e-05,8.687561377474466e-05,0.002187580882057453,0.00021840526536651622,0.00015978870802974584,0.000273941589589704,0.00010156788276621768,7.430865935655148e-05
Q2TAA5,5,492,M,test,5,0.008292840537894197,0.030811642277393816,0.0013121180995703562,0.13436351302006155,0.024854750537021447,0.5813730179723527,0.01235215048383457,0.1711835510372602,0.016621635713994797,0.01883478032061635
Q2TBR2,3,149,U,test,3,0.28062589459635273,0.128479904766413,0.005601083224510283,0.5283901970704493,0.0005903498115971236,0.006396638101906714,0.008023181422907436,0.0025246060856351587,0.006756195689937198,0.03261194923029106
Q2U1F3,2,377,S,test,2,0.0024815323339716635,0.028399631962917653,0.5275539863912274,0.008460757495962703,0.01669527997010961,0.24533539023006204,0.06532559677694284,0.030113390332548496,0.05880820871682893,0.016826225789428658
Q2ULM2,2,496,S,test,2,0.0007828884542476014,0.01628739107244224,0.7695915854257694,0.001532821246172761,0.01981977632370196,0.0693807860213161,0.009136398730903378,0.005308436857099769,0.10415289699528071,0.004007018873066026
Q2VWH6,0,458,U,test,0,0.937129111526477,0.04522142709995582,0.0008413025924050364,0.012266641891510903,0.003113631728493829,0.0005347644506356177,4.773483556084439e-06,0.00012310977445945345,1.1098681540428004e-05,0.0007541387709657373
Q2WFL8,5,288,M,test,4,0.014055488322920359,0.011427031405218457,0.018575091738443253,0.004042725723646638,0.8798326047895539,0.0117438003039204,3.416620317275138e-05,0.05304486167153185,0.006876908547572412,0.00036732129401999297
Q2YDF6,3,325,U,test,3,0.054314941695809554,0.02912953151766163,0.0005366612510768713,0.897386678835818,0.0010344416469307473,0.008460636332917857,0.0019325915679069463,0.005814904403586932,0.00025350082679271224,0.0011361119214987087
Q32MW3,3,439,U,test,3,0.05162098198338543,0.17807581812415507,0.0005579892829901163,0.6933843412337445,0.00819959202501236,0.04708183129181573,0.001144919647478449,0.006537285091239359,0.0022769444355702825,0.011120296884608707
Q32NK7,0,271,U,test,0,0.9445986139083554,0.027646802328867574,0.0013445677450601348,0.021280502872068813,0.0021318925981817136,0.0011411198632457272,2.4434972114367573e-05,0.00040057071547558936,4.4246018601413056e-05,0.0013872489780292366
Q38819,0,450,U,test,0,0.8325037948726788,0.1296790837071588,0.0003877334234997474,0.01579342967337008,0.00560936657205776,0.005878565827668774,0.0011396119360774764,0.00552240106710249,0.0018789025472289074,0.0016071103731571806
Q38898,5,802,M,test,4,0.0473590194958453,0.08303654190011484,0.004336780400789911,0.036596212519055135,0.485841423046849,0.12477439636142254,0.019897015756044065,0.06691748645765824,0.12248058611411575,0.008760537948105234
Q38998,4,857,M,test,4,0.0221046558811794,0.0443051411280776,0.004855748634414192,0.023165478838553844,0.5974455952224506,0.10102009570977459,0.04113592870121592,0.06433781852641786,0.09297323040764364,0.008656306950272434
Q39002,6,624,M,test,6,0.00012350901674736594,0.00016108612186489164,3.483731781106651e-05,0.01762813889125095,0.008070750164912184,0.010608800690716711,0.9549737576109415,0.002967613517444238,0.0037131449221036797,0.0017183617462073664
Q39044,8,486,U,test,2,0.011081734267220318,0.04006304782183416,0.6542066050363117,0.010909927595785174,0.07475632039138334,0.09648240070846159,0.00461955437026664,0.02942547155609266,0.07330145289970012,0.005153485352944353
Q39119,8,494,U,test,2,0.003988640447893373,0.019253043771654616,0.7483160617719694,0.008510178093731512,0.05274567466513189,0.05102388271402376,0.013493396561718024,0.02349735834747904,0.07380446166878388,0.005367301957614519
Q39238,0,688,U,test,0,0.5491835442841434,0.3279324750790132,0.000303744831441066,0.009902702586537832,0.06820344885028627,0.012715321891132635,0.0030677143770558007,0.02231608504413356,0.004394297927988988,0.0019806651282673208
Q39250,1,139,S,test,1,0.201227362801319,0.6150004141684536,0.0052793891018754245,0.14607540963808166,0.003656925791453228,0.0017274096254231298,0.0216275225618803,0.0017546121602864306,0.0010980083382165213,0.0025529458130106254
Q3C1E9,0,204,U,test,1,0.08329739324635135,0.7949479725799992,0.012165318101582605,0.009111403381552042,0.02005721977845277,0.025453936012299543,0.012165318101582605,0.006985954393330561,0.03230272568409883,0.0035127587207504697
Q3E705,0,233,U,test,0,0.847496003104055,0.1129179184919351,0.0002470069362161499,0.014433215799302691,0.0003825718170475021,0.004177805355998707,0.00013641018700551855,0.01581192520149587,0.0017415683806538337,0.0026555747262895614
Q3E754,1,87,S,test,3,0.07795683240082465,0.23047438102908632,0.0697479615704066,0.4407937793937015,0.006436691574496043,0.015083133137669881,0.12145145152612973,0.0037839356545549653,0.006745594972193276,0.02752623874093705
Q3E769,1,90,S,test,1,0.3010142759181484,0.5579923420248855,0.007714450399309052,0.08794301048776414,0.0008655373866805357,0.019854044644570093,0.003266503818491406,0.004129247761302572,0.00887927790115679,0.008341309657691545
Q3E785,3,79,S,test,3,0.060809950520025365,0.03673930273066944,0.005927653341397012,0.8797417116644383,0.00023345950151982961,0.0071501153287796045,0.00040338187469387155,0.0024710135809832947,0.0015706717570890675,0.004952739700404264
Q3E792,1,108,S,test,0,0.8958306228478504,0.06643266168468011,0.0003100571309916726,0.029135871405121912,0.0012851512171775897,0.0010992480571583292,0.00047278069098038327,0.002785183463180971,0.00017122980919603685,0.002477193693662558
Q3E7B6,8,73,M,test,5,0.0022266086135420047,0.0010517755548569944,0.023914933007088208,0.04402927675032234,0.07230899605100775,0.5534131050196363,0.02721187982978403,0.1853701610614174,0.07489631424852734,0.015576949863817672
Q3E7X9,1,67,S,test,1,0.2379973901383714,0.4883389323885553,0.10478884301319216,0.08963064377699381,0.005597162696818894,0.004497446256961082,0.05568691140389661,0.001817132634586742,0.0021244432493816284,0.00952109444124237
Q3E823,3,68,M,test,3,0.0038331933970003483,0.006780227815107715,0.055455075012158114,0.8811238618448176,0.001957803646086928,0.016384487254479062,0.022581607977547147,0.006675110372034658,0.0026551753982964497,0.0025534572824719433
Q3EBR6,6,529,U,test,6,0.001843384922640504,0.002172038180045109,0.0003032844962721724,0.013700918219524533,0.006916217933750916,0.004474176069455422,0.9623863644394839,0.004652406994874691,0.002294129446635013,0.0012570792973178057
Q3EDG5,7,500,M,test,7,0.00399189464239311,0.0034682185103776576,0.05833734583162377,0.12418421333818679,0.05191956883980769,0.2489068055969639,0.023516528714588696,0.4334454864038854,0.04829993172367526,0.003930006398497684
Q3KQU3,1,841,S,test,1,0.29391800383838235,0.6520855275970141,0.0035860482723472304,0.010498890438768924,0.030113706558673747,0.0030197554467113886,8.838312954603526e-05,0.005136777066243783,0.00017036292118926687,0.0013825447311231966
Q3KRE0,3,591,M,test,1,0.11507399822507011,0.6832257925522247,0.0031639632402155906,0.1324493552169816,0.015573571957691193,0.0082710625290335,0.002243585592712003,0.015695718635428648,0.003264397995342274,0.0210385540553004
Q3MIR4,4,351,M,test,4,0.0006681642267515543,0.012509224014873298,0.10392335810482999,0.003967073749142902,0.5706515316679024,0.0828549266512588,0.0002657773731967897,0.0395219773364688,0.1838217081083912,0.0018162587671843062
Q3SY69,3,923,U,test,3,0.009714094371778552,0.20288521392461184,0.0029626314713014044,0.7026281554917109,0.0013146597613135848,0.01380651086605299,0.030646044887916554,0.0007850191460559361,0.0019429409940213904,0.033314729085236826
Q3SYS1,3,178,U,test,3,0.009456514631323177,0.014449306215068462,0.004736496261036128,0.9533528938060374,0.0011162613814172176,0.006945612092982832,0.0038658151029926885,0.0028282907609171407,0.0007915478991434382,0.0024572618490815014
Q3SZX9,1,391,S,test,1,0.1239053287038568,0.5796859757844046,0.005422795561111424,0.029201067467387504,0.05818679453288289,0.009667178444865728,0.0005453849347659259,0.1660828113969663,0.026073619261943952,0.0012290439118148439
Q3T0L3,3,172,U,test,3,0.23110909620094194,0.28095722028406156,0.0873771304563141,0.3336449543305745,0.0024690348505520014,0.007487256500248641,0.010979335688645316,0.0016192328086821238,0.028256608002197044,0.01610013087778273
Q3TA38,0,339,M,test,5,0.0017953576748474577,0.0029600444242486156,0.00123393000073008,0.01231706235253092,0.06632582096604836,0.8207382557745942,0.0002014335622745512,0.06182245908638314,0.030724117524771864,0.0018815186335707284
Q3TRM4,5,1355,M,test,4,0.0810525050271588,0.15768896149773615,0.0027026108182910164,0.0635877777459206,0.5568763651301653,0.05020392347497721,0.007699021190235302,0.05099452321390649,0.025442108683712116,0.0037522032178970736
Q3TTA7,1,982,S,test,1,0.228957800276633,0.6835416947111254,0.002075937229893182,0.00680673580507465,0.04855787287263816,0.007593463144484236,0.00028986575695295105,0.009376674496530091,0.008405196962116543,0.004394758744551799
Q3TYA6,0,858,U,test,0,0.761610116379257,0.198677873693683,0.00238645694753935,0.002704209993161211,0.025782414493772114,0.002580375062734395,0.0016922513432646794,0.003016763930742095,0.000774769077923084,0.000774769077923084
Q3TZW7,1,114,S,test,0,0.6099047372930981,0.21493464304153284,0.020546236182221504,0.00856494574309169,0.06194168642194615,0.024020984119864544,0.02874935377356824,0.020546236182221504,0.00699050573560869,0.0038006715068467233
Q3U1F9,4,429,M,test,4,0.12701403165292716,0.3046907917062619,0.000430330187453082,0.0003148363169036759,0.5604121336379689,0.002237222256182551,3.0865461665754017e-06,0.004278799242172287,0.0005439882756077267,7.478017835613753e-05
Q3UH93,4,1925,M,test,4,0.027018243537979936,0.10316772827538394,0.10833023523248209,0.056310858610424785,0.4902668869887916,0.1573119954431917,0.0003145499006879712,0.026392368731845438,0.026807988167321387,0.004079145111891152
Q3UMU9,0,669,U,test,0,0.9615978724871561,0.03290406861707455,0.00017814568010490623,0.0001926214171444263,0.00424086939734651,0.00030303603219031353,8.284543477418097e-05,0.0003126554018516208,6.351979140729473e-05,0.00012436574095010225
Q3UNX5,3,580,S,test,3,0.022067286248709773,0.08459255135174529,0.001394279080636719,0.7451812120769989,0.009678214750581456,0.040786616544214414,0.01646319742492814,0.011139556862608133,0.0026875431802149095,0.06600954247936225
Q3UPP8,1,700,S,test,1,0.16986875432551693,0.6410779431121332,0.0009789996660882715,0.011291933376590707,0.0333024714269481,0.007177589544243291,0.00010813780079435021,0.13024288566583847,0.004526848957158581,0.0014244361246881704
Q3YEE8,2,61,S,test,2,3.92198008751601e-05,4.757901834614184e-06,0.9943123848641597,0.001017436014704765,0.002108130327263323,0.0010809417355910778,0.0004266228845373461,0.0003133455982786857,0.000687088395585045,1.0072477170246403e-05
Q3YEE9,2,62,S,test,2,0.00041543276267559843,3.60176186845322e-05,0.9873286318615219,0.002651382105516047,0.00719314109233942,0.0008863689089057286,9.197421793848327e-05,0.0005812949166432772,0.0007976457193489652,1.811079642610464e-05
Q3YEH7,2,61,S,test,2,1.4016914589529964e-05,9.688840478885316e-07,0.9966349277404446,0.00033262403869736135,0.002146330231028487,0.00023800602487701052,0.0001530691519814845,0.00017345008235496339,0.00030500951200294803,1.5974199757683655e-06
Q3ZBF7,1,160,S,test,0,0.5360190938500624,0.43748602843406753,0.00022730666684727028,0.0035005487028246466,0.00577142981912061,0.011081350180933569,0.0005043019257335608,0.0039977524952552555,0.0011014965274115875,0.00031069139774352614
Q3ZBI7,3,58,M,test,3,0.0002545120683178172,0.0006811096743664239,0.0055166176086685,0.8869983037866616,0.006436994823029626,0.07996532393122471,0.00687896373368796,0.007279838501031916,0.0015469427592922076,0.004441393113719295
Q3ZCI1,3,114,M,test,3,0.0009405725697503658,0.001065808394948376,0.006133303779998744,0.35093765004736927,0.023730495119327785,0.23377488085330322,0.006788948381930836,0.12223201034335884,0.12223201034335884,0.13216432016665375
Q40161,2,630,S,test,2,0.013287453126170135,0.09760813460862983,0.620527675362218,0.044427182399821345,0.08483447821866684,0.05682323215866573,0.009276137507542933,0.017466028704815076,0.05143587335471155,0.004313804558758621
Q40424,6,503,M,test,6,0.0061989226900794345,0.007162841097266719,0.00016519568592263825,0.07914253390952257,0.0006137764482318971,0.0061267028147610975,0.8916962221889424,0.0007638571615428852,0.001146685458136648,0.006983262545593738
Q40983,6,1257,S,test,6,0.00047863950382002964,0.00026432985383570477,0.00013500647959867532,0.030078707455680854,0.00031145670018450857,0.002041392167831911,0.9654240671899085,0.00025222527888326893,0.00046755184587707435,0.0005466235243794518
Q41738,6,354,U,test,6,0.002253116592016415,0.0072731494484066525,0.0003706959479272681,0.024992215856779264,0.0013349273831149342,0.0006979828965853685,0.9600658692915481,0.00021121616904953838,0.0005652438309954805,0.002235582583576915
Q41739,6,354,U,test,6,0.0010839019879352247,0.0029406023417507345,0.00015799155581608756,0.011976078961200058,0.0005180343995259163,0.0002905909531161978,0.9815778464388335,8.32556979210918e-05,0.00019972004217551622,0.001171977621725722
Q42191,3,429,M,test,3,0.00017202179806794036,0.00012390264549008953,4.0225295210330785e-05,0.9884280520940318,0.000304275511186171,0.004300003387623642,0.004834623987064982,0.0013275337349818205,0.00011639576356463543,0.0003529657827785939
Q42290,3,531,U,test,3,0.0009769688875773,0.012762659921451909,0.0008356456953870416,0.9021893570604168,0.0007147656154030394,0.01825490559695291,0.04781428262380656,0.0016618799106727046,0.003253802828972431,0.011535731859359327
Q42342,5,134,M,test,5,0.04596626017798321,0.0777344331869245,0.08035878099534548,0.0645700991755073,0.09505637743981218,0.4002022746952272,0.010176642807365063,0.11977991472909219,0.09797805556839151,0.008177161224351415
Q42512,6,139,S,test,6,2.4109506505902958e-06,1.6735314087288728e-05,0.00017269127405132888,0.013218809656452217,2.4349737687493058e-05,6.365377525213359e-05,0.9864777678838215,1.205399337019284e-05,4.101164555415643e-06,7.426250071922377e-06
Q42599,3,222,U,test,3,0.0005527395347195691,0.001715911016321463,6.1054195937187e-05,0.9242722075310816,0.0009550482822735535,0.03263080056583931,0.03500774089232986,0.002964828444166102,0.000869581441791321,0.0009700880955400255
Q43386,0,204,U,test,0,0.9458684723898191,0.04746136641874688,0.0005656546802262714,0.003204652010496277,0.001410989266688272,0.0006613173451551948,0.0002510077425838088,0.00010628336615409019,7.536618385781405e-05,0.00039489059627231636
Q43725,3,430,U,test,6,0.000496056971466049,0.0013171866114125705,0.0002218504200723493,0.07655413338857864,0.0009865271717178648,0.0007989140461937034,0.9181612598153127,0.00022889271748256415,0.00032279043344032605,0.0009123884243231824
Q49B93,4,619,M,test,4,3.702257020680095e-05,0.0003351750110799357,0.0004953565372005922,0.0017425245482543985,0.8956255851937235,0.04897316465370096,0.0002610345410639761,0.017876017044296373,0.03418877552607165,0.0004653443744018539
Q4JL84,0,235,U,test,0,0.968527227074248,0.020739220122481843,9.604163795881999e-05,0.0030348184973987865,0.003973640865993296,0.0003624573915258249,0.0003624573915258249,0.0020058925240903558,0.00029124266927608067,0.0006070018255011529
Q4R1C4,2,892,S,test,2,0.000822510765391723,0.009580065056850943,0.9306248595628195,0.01243389992754015,0.003572823781555918,0.017932907786969366,0.005533697295436084,0.004209815331424209,0.009580065056850943,0.005709355435161148
Q4TTV7,2,274,S,test,2,8.660459865767062e-05,0.0013233415587014814,0.9743032564760785,0.00036461896886267757,0.004691653650567649,0.005048177418497026,0.0006654179555425094,0.00036461896886267757,0.012954070516988226,0.00019823988724154286
Q4W6B5,3,469,M,test,3,0.0009108222575785465,0.019936058381182092,0.0007550981840999528,0.8678053706386175,0.0005030038115843879,0.02130488288177999,0.07012942986885941,0.0024952902099824002,0.005756573740271501,0.010403470026044253
Q4WZ11,2,87,S,test,2,0.0005195201349491153,0.0032834687577253264,0.9104148701552515,0.03938068430471486,0.008409230929219271,0.025031883148613484,0.00035706063327169786,0.00589932451899839,0.0062309289050074814,0.0004730285122489227
Q4ZJN1,2,333,S,test,2,0.01336988714582102,0.01390248444960582,0.6268211011758762,0.0023691619298265303,0.31029894970978,0.011391285815327598,2.3226444699417994e-05,0.009667659185533443,0.010827264756529432,0.001328979387000608
Q500W4,1,213,S,test,0,0.6526723719472785,0.3230962561906535,0.001221189432103094,0.008248089153591227,0.002667322842891564,0.008988257794195214,0.0007179001932410413,0.0005951601975513524,0.0012599541057363372,0.0005334981427582358
Q501B2,0,409,U,test,0,0.9067474249534513,0.06568456184641483,0.00023322280866105993,0.0030482005068827402,0.020189778090799273,0.0013526308520504528,3.2060323631712623e-05,0.0023189484167454384,0.00017062943577290937,0.00022254276559034557
Q53EK2,0,232,U,test,0,0.762034385037524,0.1957066132161339,0.0009953773486361447,0.005728001454442328,0.0034471718949789054,0.006049974116004648,0.0001960014269970075,0.010618037009193575,0.013633830050396123,0.00159060844569337
Q53HC0,1,331,S,test,1,0.2834300391702397,0.6094703614192772,0.0012721587931145502,0.011790306900648494,0.029238341953607264,0.0060691300764671345,0.00012019261500616176,0.05430528309403399,0.003051750266191457,0.001252435711414064
Q53R12,4,229,M,test,4,0.00011141639957361591,0.00014306148786557717,0.004955217499834833,0.0002510807138679462,0.8614734049510806,0.03668596441483023,0.00010798847053082526,0.03262917187892198,0.06338765951069812,0.0002550346727962817
Q53R41,3,847,U,test,3,0.1487489867302992,0.11999097347212445,0.001924380294760034,0.6537525994797662,0.00468904502930727,0.030816232530129162,0.0060208531442729534,0.022990309901030133,0.0052310082064349755,0.0058356112118756655
Q53WJ1,0,1238,U,test,0,0.8772766467310312,0.09614763835754447,0.0008515665414266019,0.00850031907901099,0.007589930196602004,0.0012009014907926158,0.000935262998009608,0.002522524055219568,0.000684253023519753,0.004290957526843125
Q54ER9,0,602,U,test,0,0.8256803006708415,0.11619503493755265,0.00048612359370901536,0.007032784465051615,0.021795121850884138,0.004540707041052377,6.57896757542891e-05,0.014346030178909366,0.008616747489192606,0.001241360097052455
Q54J33,8,407,M,test,8,0.0011659695002584148,0.005104463882397155,0.018535099448901384,0.0006240985662092357,0.24787584802453796,0.07213599050069253,0.0005255436273734553,0.07739060918964283,0.5763285608505501,0.00031381640943703123
Q54JH4,8,388,M,test,4,0.0008319069811610822,0.0045680669486664015,0.03468939316053453,0.0009725977508432554,0.48831722514795806,0.05970421851764147,0.00014456374739798912,0.0999857567467915,0.3103933060130988,0.0003929649859069111
Q54NL4,5,403,M,test,5,0.0017381106550994883,0.0037375252761431546,0.0009449943799447518,0.020070897201485107,0.08845431263400595,0.6587200690674495,0.0006006749399283718,0.15892362425319018,0.06321544877902913,0.0035943428137243764
Q54QR9,1,584,S,test,1,0.3280325240428272,0.5041129003011062,0.0007819616018437486,0.019699884617572886,0.011490841418894043,0.031727232101764875,0.003909561790812592,0.04277712115170563,0.03666074581249066,0.02080722716098219
Q54RP0,1,648,S,test,1,0.13483660433230646,0.46696351745202475,0.005697349767624246,0.03330228976244621,0.05137850538571531,0.09826396032420302,0.0003475406105805536,0.06456906592763802,0.12841092535918006,0.01623024107828135
Q54RR8,1,254,S,test,1,0.1956483157057833,0.6722927285312682,0.0003896793116268976,0.0019180686223923178,0.07874089005989142,0.011037723428920825,0.0030175459619422337,0.021610813778593984,0.014452249805374651,0.0008919847942062017
Q553Y0,8,368,M,test,8,0.0014955037703084741,0.005732851822552052,0.02059445062607858,0.0011646994905509236,0.21178848489484733,0.12450403526585845,0.0008389015355149789,0.11696070950752473,0.5160548319526557,0.0008655311341088494
Q553Y1,8,369,M,test,8,0.0015291151004411952,0.004859517777485434,0.02242633850331726,0.0011908760043767056,0.26532066215459904,0.12147265212197836,0.0005988100880657323,0.15117517103477926,0.4306579698883091,0.0007688873266479412
Q55D99,1,1197,S,test,1,0.17339587318704983,0.605211015659526,0.0003144523360312929,0.00993637459610547,0.15302131989483247,0.012858624823203647,0.002217104862710021,0.01953062036233062,0.019683800588223062,0.003830813689987563
Q55P57,2,624,S,test,2,0.001048360595302211,0.005801782153523778,0.7901538245319725,0.0017556737384701487,0.053144196022375516,0.03232815454981883,0.033979017118357165,0.011858072441584329,0.06460690429452888,0.005324014554066709
Q569K4,0,471,U,test,0,0.9431751554854965,0.029156840065214993,0.00016935672453966398,0.024171869146914885,0.0016321156160146821,0.0002880855046680309,6.038600359022677e-05,0.00027489311724753293,9.260493748693269e-06,0.0010620378425647815
Q569Z6,0,951,S,test,0,0.971744219526305,0.02267539035270407,0.00018286037833139613,0.00034162816826646805,0.0036944324732522986,0.0005949102003715208,2.9098395143964674e-06,0.0006382454564505555,7.049896082647372e-05,5.4904643977863095e-05
Q56WN1,1,356,S,test,1,0.09471833719478641,0.535046083865653,0.023325340827907725,0.0852789053078609,0.010932367239318399,0.01859658360416646,0.1074347954610292,0.006327168591447639,0.020424350869370788,0.09791606703845948
Q56X52,6,351,M,test,6,0.0003375817036511019,0.0003375817036511019,7.651084898569725e-05,0.04089171072265453,0.001988717124622474,0.008774632599584645,0.9453472507528775,0.0005742458168529155,0.00098448642659199,0.0006872823005280086
Q582G4,1,390,S,test,1,0.3430741561205535,0.5030849928404953,0.004285058264785419,0.10669538607060902,0.008068332057862294,0.009432835047592016,0.0125944878394591,0.003665204448075377,0.0027666416541995797,0.006332905656368384
Q58A45,1,887,S,test,0,0.4639794090023909,0.4159084432599839,0.002359831401431448,0.012757127718434994,0.07384361848242804,0.007677375106592951,0.002323245792178914,0.0070451551778544265,0.0067225343375630995,0.007383259721141363
Q58FA4,0,860,U,test,0,0.8818534932414976,0.1103769208182128,0.0001464459300725417,0.002237733383403393,0.003011199551356365,0.0007437137886704908,2.9291025376535577e-05,0.0010570303671442324,9.308669249853631e-05,0.00045108520176747056
Q58WW2,0,860,U,test,0,0.8747263970890798,0.083944952289866,0.00021135547588210804,0.02263764619004757,0.010425176261813706,0.002534917737600971,0.0003172821534319674,0.0017975257580957172,0.0020689393443277487,0.001335807699854395
Q59E36,0,590,U,test,0,0.7512688003453853,0.2086198021550175,0.0001601953109693335,0.0046451608419884015,0.022908981775807292,0.004537555832251287,0.00019936628715391412,0.0043979496476866066,0.0012798765610723363,0.001982311242667956
Q59L72,4,384,M,test,2,0.002215161440264951,0.012549745772832943,0.6851928787870306,0.002215161440264951,0.10756957464604784,0.060577232016879916,0.005150405192634618,0.03581423290328189,0.08745344674272548,0.0012621610580367808
Q59NP1,4,251,M,test,4,0.010644559012868723,0.011068589294664791,0.01072804463994184,0.009616557595583044,0.706526890698146,0.14694359964286022,0.0009085651634191181,0.033004387982363215,0.06444615062952204,0.00611265534063103
Q59SF7,2,346,S,test,2,0.00023116750621945766,0.0018182733404289867,0.9870910685397016,0.00015399075409820026,0.007655216412646537,0.00139411853737877,0.00012181671677763888,0.0002499516714467791,0.0011785603177166255,0.00010583620358535555
Q59WG7,5,322,M,test,5,0.022503889888867357,0.010839744370691516,0.12405430410728822,0.026412684225965245,0.03724785859682542,0.3452113536833433,0.0003197492885612803,0.26885089029399145,0.16179731338484138,0.0027622121596248043
Q59YT1,4,504,M,test,4,0.0020991776906372907,0.006723495595353237,0.0003591269989578697,0.0017132990603320884,0.40633206966986324,0.10517317674660136,0.0029603149153081413,0.0972692800099809,0.3530274240987599,0.024342635214205963
Q5A6P6,4,509,M,test,4,0.002312467780082677,0.006536342059448887,0.0006032432144123896,0.0022065719743581324,0.4204981831904131,0.1312859420976963,0.0060451280505008295,0.09530336878561337,0.2981778529915194,0.037030899855954945
Q5A960,0,833,U,test,0,0.5191432614288055,0.4237123846766078,0.0017316156732178655,0.005375584825950524,0.017217562737644736,0.008725436035621297,0.0011535047764514765,0.0039022563238955282,0.016557968453208154,0.0024804250685970418
Q5A961,1,690,S,test,1,0.1897900768261094,0.6078821637481332,0.0008720626667116535,0.019925738464196693,0.10079674037192032,0.018500419993426904,0.0002421630429095475,0.04481572817666674,0.012814867767290574,0.004360038942634935
Q5AB48,2,358,S,test,2,0.0003388814413290079,0.0023800317619520365,0.9639313172827784,0.00015037772518372214,0.021296016219744914,0.0032341123534198103,0.0019731154855542857,0.0008586297532573781,0.005687140251596718,0.00015037772518372214
Q5ABZ2,0,534,U,test,0,0.9372356575942826,0.038084589115329595,0.0004165223236207474,0.011983848230520865,0.001686444164349546,0.0038004606200941144,6.799540309160637e-05,0.003905813227189902,0.001686444164349546,0.0011322251571714767
Q5BD29,2,555,S,test,2,0.0009804376654546942,0.016550489591036152,0.9341329799566204,0.00022570957327034462,0.022754774626388488,0.007817897402146078,0.004480680673072354,0.002027505643662396,0.010488075724480588,0.0005414491438685237
Q5CPU3,1,152,S,test,1,0.11925148813995058,0.7596038484436908,0.003686480177782958,0.05055285181620764,0.006833654276789787,0.01153397545618129,0.014694666305204858,0.010258531068926519,0.008774585911578583,0.01480991840368705
Q5D869,0,1976,U,test,0,0.7029453227654381,0.2246748158333044,0.0029180165260534515,0.020255048714566314,0.009273437257717877,0.011451165693071473,0.017944979335567008,0.0034115071504757146,0.0041150624802410015,0.003010644243564717
Q5DTL9,4,1118,M,test,4,0.08237792466166019,0.05762149333857083,0.001684837258659476,0.028496863025214893,0.47823705773764547,0.20568720783268085,0.0011400178655211826,0.07344754709200564,0.06464338980693583,0.006663661381105675
Q5DW34,0,1296,U,test,0,0.7959677323556914,0.1642572231440009,0.0017141780735830227,0.0053214517590143545,0.026761935171644952,0.0030320718850281076,4.0948451502402185e-05,0.0022010481215483223,0.00040084064127383266,0.0003025703967126949
Q5E930,4,385,M,test,4,0.0012324710670222694,0.002249220101551118,0.0007957430265676582,0.0006806351559538406,0.7122265673830024,0.1564554102007435,0.0004605407382436004,0.02534188534178698,0.09790729774428722,0.0026502292408414094
Q5EA95,1,429,S,test,0,0.5475975463297684,0.388304813144643,0.00012047242176218565,0.01453608790094597,0.0037477876882497864,0.006733554646896997,0.0007733996874180849,0.03156424794827087,0.003155953592154261,0.003466136639890433
Q5EU90,3,539,U,test,6,0.0009835626116643842,0.005113394163491805,0.01916627845292641,0.13291049709245306,0.025242852419832932,0.016457949724958683,0.7891259323704467,0.0050341181279744615,0.003006009440397985,0.0029594055958536178
Q5EXX3,0,1203,U,test,0,0.9144037244416238,0.06781000111855347,0.00027496738064275124,0.0029103467285451954,0.012543588823736315,0.000860296937183721,6.844479693844088e-05,0.000860296937183721,9.355293871363069e-05,0.0001747798968790362
Q5FW60,2,181,S,test,2,0.0007358751789806228,0.01240997517614983,0.9288341769897217,0.0009902283644570623,0.024946731307525633,0.02052061845015874,4.7783747001425356e-05,0.002843022408406285,0.008537575556311969,0.00013401282128675437
Q5FW85,2,670,S,test,2,0.010470509345512783,0.011589796079123272,0.5991054668277198,0.0024104478811992204,0.23097572815712553,0.03998107765543393,6.225991710346424e-05,0.06695570679320915,0.03822480075089137,0.00022420659268145474
Q5FWF5,0,840,U,test,0,0.925503981625019,0.07136720514799309,3.7080590616533596e-05,0.0014582154304096928,0.0007506250504654709,0.00039247339536526126,2.320444249810827e-05,0.00033049571073335903,3.2723510670008415e-05,0.00010399509622948933
Q5FWP4,0,625,U,test,0,0.7611396752227935,0.18652531121032523,0.0016649863340274615,0.004817797237647,0.034571166370621347,0.00516874239394783,4.168211585918834e-05,0.004318645600821388,0.0014241382885278517,0.0003278552254292096
Q5FWY4,0,821,U,test,0,0.7925033913102387,0.1824446423261137,0.0003360725463113391,0.004531868248356872,0.00753038947887333,0.0032135756971683757,0.000689576073309267,0.004126313166443147,0.0033155855433222715,0.001308585609862992
Q5HYJ3,0,339,U,test,0,0.9112175793050691,0.07363767249599289,2.5888193960004887e-05,0.006198474732914688,0.0017317920162961502,0.0011995772483964255,2.192487976399588e-06,0.005650668460808683,0.00010899335864784722,0.00022716169993780208
Q5HZG4,0,932,U,test,0,0.9206547323663445,0.06669201089087982,0.00017597471363597341,0.0007180867975499502,0.008545438928505828,0.0007069538836875257,2.784324406743488e-05,0.002045638899842017,0.00017324649141102144,0.00026007378407591107
Q5HZV9,0,360,U,test,0,0.5915433237275961,0.3644392830836503,0.0006306432260973755,0.003202670291097256,0.026371913337753076,0.0030560093356297507,0.0009175804550477822,0.007273935797553694,0.0018827528911963209,0.0006818878543782962
Q5JNS0,0,379,U,test,0,0.9490412660670973,0.009916232162891224,0.0005087504496455674,0.000308572728213148,0.024512969440410388,0.0003780711924178234,0.012325894330413735,0.0007174530906403595,0.0016168057072959334,0.0006739848309745934
Q5JRA6,5,1907,M,test,0,0.5281225840501064,0.36868895695144766,0.005866912438819884,0.0062452948168305565,0.07638105463097042,0.00937529804349441,6.620186947208673e-05,0.003503293133027868,0.0006480440253908502,0.0011023600404399094
Q5JTZ9,3,985,U,test,3,0.06429371999279385,0.20532514207497624,0.0029060139860879056,0.6474440114390767,0.007596744243885434,0.013648877886621667,0.02056958345376547,0.0025645480556902543,0.006756684760172742,0.02889467410692978
Q5JVL4,1,640,S,test,1,0.09097524503852368,0.8204116615229501,0.0010550163886952463,0.04486044011094608,0.003919861180974398,0.020943693290627348,0.00022816328573666643,0.008106115070533201,0.006720206065815354,0.0027795980451979815
Q5K4E3,2,855,S,test,2,4.211144523730513e-05,0.0002969145988490007,0.9131857097757862,0.0001639718091930781,0.07979327388711994,0.0034113069775852825,7.593401343057574e-07,0.0001800878078218193,0.002844692422325589,8.117193594754132e-05
Q5MPP0,5,372,M,test,5,0.0009465368106588575,0.005446943650383687,0.0004685697081484878,0.03636083137657224,0.0179999160536069,0.8605352949706612,0.00026284380364449873,0.05720361900468337,0.0149772032895074,0.005798241332133367
Q5N712,0,1286,U,test,0,0.963528999949901,0.02864496241927777,0.0012884179351809293,0.0010112907761199966,0.0036417981882132097,0.0003084262936841993,0.0008650029230193736,0.00018416973622243648,3.40679786632042e-05,0.0004928637997178753
Q5NCS9,3,454,M,test,1,0.19695746793178334,0.2588956938230896,0.12157919937830382,0.0454308313678696,0.13300806212723595,0.14816400329401436,0.0028816943368224963,0.027989122866711152,0.04798451785378998,0.017109407020379705
Q5QHG5,2,373,S,test,2,0.001004646433014775,0.008746890500862256,0.9133650816819475,0.00292984098553269,0.007251425770339508,0.01817675338499047,0.005964860422168216,0.010885681211971112,0.016293537150503832,0.015381282458669567
Q5QHG6,2,495,S,test,2,0.0006328169190882815,0.010745178796779258,0.9338360332055707,0.0014260748719190407,0.010537347647149123,0.01505724790737789,0.00321370918699306,0.0017747789204638307,0.020350977567579014,0.0024258349770797283
Q5QNQ9,2,1845,S,test,2,0.0002522531869800133,0.0011940674856462889,0.8791258849490677,0.0022134516751947373,0.08841601531459974,0.01720731247313727,5.932426467232131e-06,0.005831668028955195,0.0054890553884658,0.00026435907148596014
Q5RJM1,5,330,M,test,5,0.0005095212989192193,0.0004786509814454827,0.00031885028373735525,0.05279103451959042,0.007095817223147609,0.8928926854247018,0.00090831998193616,0.03355602647921755,0.0050071791381161935,0.0064419146691882135
Q5RLM2,4,535,M,test,4,0.00012127235595466471,0.0006555921552102658,0.0012538527888543574,0.002770948803725396,0.8672120928838948,0.06899497197542584,0.0001175411938045074,0.011307201814637862,0.04668433039226125,0.0008821956362310961
Q5S003,1,2320,S,test,0,0.4580582450620282,0.437082239120021,0.0013274321604038668,0.018468358567218634,0.04765902967769586,0.009506695431266102,0.0013068521444189985,0.021931716082053868,0.0023297158774467325,0.0023297158774467325
Q5SML5,0,696,U,test,0,0.9554907801636859,0.03193771507418298,9.775656633181302e-05,0.0005042667681518101,0.004565258568739184,0.0005367891931571782,0.0004115705430938242,0.005306145709747157,0.0003927233388066975,0.0007569940741034341
Q5SNT2-2,0,392,M,test,5,0.06131170237421035,0.023867550513036212,0.0018332923938377036,0.26166133340440895,0.135748109735351,0.3205941472369496,3.745887985527921e-05,0.17026626385701354,0.011954568896633275,0.012725572708704051
Q5SUE7,0,619,U,test,0,0.5303623894250397,0.2816733237624498,0.002916649569475243,0.14053205233158247,0.017182185089368297,0.010668660021158516,0.001513137777119134,0.007565213212571137,0.0012158403905564521,0.0063705484206792425
Q5SWZ9,3,221,M,test,5,0.025127299058295458,0.03861505899740512,0.09899295093196825,0.15168505863795476,0.21706673441010818,0.28644558705646583,0.0002857586942844689,0.06937869618416553,0.06830307821819728,0.04409977781115512
Q5T2S8,1,1044,S,test,1,0.26304822964185304,0.5482396442574289,0.011739537963721618,0.034504420798238955,0.06296946806483367,0.008588829945111051,0.024276891542398246,0.007232519744094314,0.016948003195613598,0.022452454846706577
Q5T7N3,1,995,S,test,1,0.21146409527800342,0.6668017135820355,0.0017871420302398506,0.009147039105991258,0.08248767543117175,0.020214474567280594,1.3644998185335185e-05,0.004563627045158143,0.0017053026456228522,0.0018152853163112658
Q5T8A7,0,1209,U,test,0,0.6435038419556647,0.33910271378763873,0.00228485603760218,0.0025094232879111604,0.007404473112546052,0.0024322166468093583,2.618818132350624e-05,0.0011853676936559733,0.00012109293259011265,0.0014298263642582292
Q5T9A4,3,648,M,test,1,0.19959551560682048,0.5383346206120826,0.0031514268636570046,0.18315914699712646,0.026802102727864468,0.012660418000547635,0.0018526283524145455,0.0156335294161348,0.0030544677994788576,0.01575614362387321
Q5TB30,0,811,U,test,0,0.46890296147168736,0.4138054094434053,0.0006418798802873812,0.06008187885849377,0.028159811188199654,0.00973176989286553,0.0004275841492881844,0.01192361529505306,0.0035801179528107715,0.0027449718679089597
Q5TCY1,1,1321,S,test,0,0.6595681761392838,0.23153021424919362,0.0013136840137917788,0.01587940158958925,0.07172471127889052,0.00269550451697376,0.004730757222349947,0.004514120420364821,0.0011062328461590484,0.006937197723403437
Q5TEU4,3,345,M,test,3,0.025011663913737117,0.05573519657991973,0.0021359106892423446,0.8890407029631602,0.0076318518239802974,0.0147683554921627,0.0017162522878362441,0.001975394439785264,0.0008765759944883954,0.001108095815687675
Q5TGU0,5,170,M,test,5,0.0012503035667719897,0.0013948144440522846,0.015715325044487635,0.025303806776724502,0.044420401912705805,0.7691310542971118,0.003398677522310689,0.02524210293167764,0.09477554137007843,0.01936797213407922
Q5TGZ0,3,78,M,test,3,1.7870350228813852e-05,4.1549806788170754e-05,0.0006153586978047504,0.9151953993820077,0.004338701692356441,0.03718898420575419,0.001866052264014649,0.032819166560726,0.004140017992225392,0.003776899048093883
Q5TZA2,1,2017,S,test,1,0.1622512525969618,0.6725127230280025,0.0013819851651978787,0.034142819657760164,0.01497427177073693,0.008802919969004501,0.00015028391911322235,0.08450429300135913,0.013009872315974192,0.00826957857588975
Q5U3Z0,1,290,S,test,0,0.4750755926392988,0.4063536993096736,0.0022698732578608177,0.07186591181342121,0.010093699632414136,0.010333064445283171,0.007860981257394102,0.0075010003871703685,0.003201034287034108,0.0054451429704496955
Q5U4F6,1,535,S,test,0,0.5935710167003488,0.354437422262708,0.0005761753506701475,0.011173004652993196,0.02994434511332754,0.003367874464667292,8.171904705963857e-05,0.0018892064560097207,0.0008649416692027615,0.004094294283012796
Q5U5X0,3,104,S,test,3,0.0575407335606274,0.04242787524418729,0.001213026120679701,0.8861339122041962,0.00015911438148403863,0.004103614496822919,0.001104472790832125,0.0026912160773888303,0.0007710462694829284,0.0038549888542984616
Q5VT66,3,337,M,test,3,0.011910777802468252,0.09368550984657449,0.004280227331123687,0.79057152827836,0.019182648934040137,0.035007719724842665,0.029885264774574934,0.0027206778196767886,0.003333444547997143,0.009422200940341942
Q5VTD9,0,330,U,test,0,0.9511401107459899,0.03331803548045281,0.00043611967933582013,0.007491652427678712,0.005996974682432154,0.0008948595543139706,1.0582130072570422e-05,0.00024084815358776135,3.4697466800406614e-05,0.00043611967933582013
Q5VWG9,0,929,U,test,0,0.9176820020862012,0.06858685687658546,0.00019876160003069748,0.0005319136602280216,0.009958369766263426,0.0009556757390666666,2.0304778667253632e-05,0.001600455743061937,0.00021829692070598775,0.00024736282918938853
Q5VWK5,4,629,M,test,4,0.004284736391008979,0.011377315452015752,0.26302430993239895,0.0003329947479479282,0.6716561562475105,0.01611721760718304,1.418062726662658e-05,0.029858372332163555,0.0032852214096936233,4.949525281095119e-05
Q5VYS4,1,303,S,test,1,0.38378500116331965,0.45220922455115975,0.004263466132749132,0.07306804351455998,0.01559511166188161,0.0337977737399295,0.01559511166188161,0.006400220890338457,0.00888582579384186,0.006400220890338457
Q5W7F2,7,827,U,test,1,0.279661096747903,0.5475498002515508,0.0016371442333132132,0.039049432302037924,0.035416302249145874,0.014937741425531288,0.002964485200966779,0.04092345433883377,0.016794952159869446,0.021065591090847886
Q5XEN5,0,204,U,test,0,0.9635202640124764,0.028421788477490866,0.0004558203666301275,0.0013397305891543411,0.001693578137859019,0.0008924529834067982,0.0011281662100248978,0.0020750153056426413,0.00022920086556317182,0.0002439830517518198
Q5XF06,3,469,M,test,3,0.0038307880152145027,0.01803190846578828,0.0021321545670255587,0.9014530911208762,0.004340851743622703,0.034953129063249495,0.010618542478018777,0.01898398092144234,0.0016094347467178261,0.004046118878044316
Q5XF36,5,416,M,test,5,0.0003698491701383531,0.0007588812580965848,0.0006390420384347385,0.012066489770709348,0.10916275405838774,0.5631043634673293,0.0004748957559501758,0.24218818430407985,0.06672985485609233,0.004505685320781546
Q5XIX0,5,703,M,test,0,0.53104274024184,0.36497997247344527,0.005371420964147337,0.008787058055408565,0.06871177814736278,0.013190936870603737,5.103939336312834e-05,0.005125445640349158,0.0013163233750050868,0.0014232848384750166
Q5XM24,2,494,S,test,2,0.0015962526149463122,0.031166334965999867,0.5594945776304656,0.0006758959189608963,0.04747659905093235,0.051234280900553875,0.012555501000377885,0.023640736031247743,0.26844842327826507,0.003711398608250429
Q5YGP7,0,568,U,test,0,0.950179591246876,0.03952619120664132,8.315083812973603e-05,0.0007527862440113866,0.002111241253364064,0.002111241253364064,0.00010676778927132716,0.0017778433662616324,0.002229915034229586,0.001121271767850878
Q5ZIH3,7,460,M,test,4,0.005235202419696875,0.012172210669339054,0.002050134693809173,0.011890241569199012,0.5424145148867912,0.15180441044082274,0.0003095240261865938,0.1329243997983756,0.12389916087017878,0.01730020062560105
Q5ZLF4,7,770,M,test,5,0.002586980051304113,0.0078449200694541,0.000908115331600613,0.004265209085159039,0.27654295452284694,0.3550881950614705,0.0003089707091105737,0.10578711060263245,0.24026470761767477,0.0064028369487468826
Q60547,0,234,U,test,1,0.3079232344312199,0.5489325646072454,0.004977115541185041,0.027011342950418807,0.021789171288665487,0.022393186145868587,0.0009800521875929576,0.05135872702357308,0.013742258148094821,0.0008923476761359202
Q60848,0,821,U,test,0,0.8806447681103751,0.07694988209919945,0.0001848712479790157,0.01542103342103821,0.008977458181052082,0.004014967609289751,0.0020506447866549,0.009083282506097747,0.001673687538196977,0.000999404500116829
Q60954,0,390,U,test,0,0.9168588914344926,0.058612825927960466,0.0003378016334552164,0.0020531827599910312,0.011617880991472181,0.0014904507807932035,2.6048466109162232e-05,0.005803455471553018,0.0024382147869689906,0.0007612477472040648
Q61043,1,2035,S,test,1,0.20915708462529056,0.6699131177894326,0.004046179276752563,0.015033380639544269,0.07694458954697113,0.007559258284774398,8.139210748280836e-05,0.014344951582947954,0.0020030040353130186,0.0009170421114906954
Q61048,0,376,U,test,0,0.8509417806005353,0.1433219766334428,3.517547170597423e-05,0.001804157516616133,0.001146792322283934,0.001044166278505498,0.0003963208016342591,0.0010606095935327315,4.65999293764883e-05,0.00020242085236690875
Q61074,0,542,M,test,1,0.3782217078487828,0.46340691169728515,0.0008145295803055401,0.005742993466863286,0.12668839672950782,0.009321797131579577,0.0011486709640077329,0.0072033273536827565,0.006209655947153299,0.0012420092808320914
Q61112,7,361,S,test,2,0.032071407979566244,0.021280873630040123,0.22175177997614612,0.016063645529749683,0.15122157380172868,0.14714261933138323,0.00017296063066582382,0.21661490266254171,0.19041670915386943,0.0032635273043089483
Q61477,2,178,S,test,2,0.00234817071266676,0.0034975896379014597,0.882999007727945,0.004251987804807724,0.059157245718277525,0.03760263479326453,1.7613480367518512e-06,0.006162486904529298,0.003901843529531285,7.727182303962147e-05
Q61595,5,1327,M,test,0,0.4363089050952426,0.21598855379488427,0.0014105439655323208,0.009945304463835288,0.037581322102209415,0.009945304463835288,0.0004799134199432167,0.2861383652505509,0.0014105439655323208,0.0007912434784343727
Q61606,4,485,M,test,4,7.798417586892232e-05,0.00024399091849381266,0.0005125090599000313,0.0009801993870620959,0.9486128261968712,0.016449799022644797,3.023774843982332e-06,0.022660554300628123,0.01029402064509535,0.00016509251859171326
Q62018,0,1173,U,test,0,0.7895394267710281,0.19048526169077326,0.0009538010569377872,0.0008417264592093509,0.01278822727992558,0.0014772759196717705,0.0002819430268386315,0.0010978182133406559,0.0022525765554362847,0.0002819430268386315
Q62233,0,333,U,test,0,0.809358222048508,0.14510994421107595,0.0007153320850924355,0.015565698852028935,0.021153104670432517,0.002135587036937483,4.502067767867017e-05,0.0017704638650411005,0.0008902451257875015,0.003256381427417418
Q62315,0,1234,U,test,0,0.9054467822311997,0.0816284973421117,0.0003496066900144602,0.005321258413509421,0.0027714370298307393,0.0020118475819090186,0.0002328882721693097,0.0010601691372675126,0.0003388504386833206,0.0008386628633048537
Q62414,0,383,U,test,0,0.9864577858872,0.011849024582720514,5.933063709972471e-05,0.00017167890107636015,0.0009669448685609412,0.00012758092175831848,4.390577807240304e-07,0.00011084422528066562,1.987327455972415e-05,0.00023649764396296757
Q62504,0,3644,U,test,0,0.7506778209136347,0.21507281193562933,0.0019807521347604056,0.008274380740405428,0.007773060936630226,0.002750001821885372,0.00016259001627499768,0.00680631962608146,0.0014045635364076969,0.005097698338290441
Q63089,4,556,M,test,4,6.246915921340315e-05,0.0004202807547865109,0.0007434008760326522,0.0009771819307406214,0.8883960705016651,0.03666848632329575,0.00017519909034144614,0.010881607251626606,0.06140815743734256,0.0002671466749552543
Q63262,0,497,U,test,0,0.9359260577996563,0.03462796204535038,0.00010516617957189712,0.003593176053384713,0.021500991153110535,0.000853454092059091,4.620679538535602e-06,0.0022310534900205525,0.00035577260753206407,0.0008017458997759409
Q63520,0,257,U,test,1,0.4293379469613062,0.4789611083307821,0.0032272145497530156,0.021627442830698777,0.016135057374331886,0.011176427784649924,0.0006556484125344142,0.03128390375046468,0.006939601592944556,0.0006556484125344142
Q63707,3,395,M,test,3,0.013996814930897548,0.10712390103694691,0.013148790801581989,0.6335442491129197,0.012449024840237834,0.08245620653850028,0.00822830364236533,0.013779813982905256,0.022020082326063527,0.09325281278758163
Q640Q5,1,837,S,test,0,0.4878984377886818,0.40448201097773573,0.0014587899436154777,0.01682590585697648,0.061366565328761426,0.006046516434343355,0.0037251501291632396,0.005680176532080291,0.00533603144233566,0.007180415566306544
Q642G2,2,206,S,test,2,0.0014290858433660108,0.0002685172568338233,0.8929538800610645,0.010725884571612332,0.029384650631660392,0.029964212713319525,5.370683032173416e-05,0.03177238121551091,0.003195432254469099,0.00025224862184174195
Q64368,1,298,S,test,0,0.8446572157425993,0.1315722275137989,0.0008328147552777041,0.004363637280364661,0.012725635031620412,0.0011383228344588644,0.00012186770962878383,0.003022602897103446,0.00021388449441150513,0.0013517917407364285
Q65YR7,1,95,S,test,2,0.006160946684636416,0.037155264777137265,0.9360491706948288,0.001953832696091526,0.0056979448147857865,0.0053527231134205665,0.0011666869326231088,0.0013015332370897303,0.004507445012996918,0.0006544520363898771
Q65YR8,1,94,S,test,2,0.004991825618864893,0.08848222254467714,0.846080234919784,0.006261151685498032,0.014671791194575184,0.030237147274791615,0.0011402405681622716,0.002130249726183017,0.005355447010221037,0.0006496894572427645
Q66K79,2,652,S,test,2,0.002987806176477116,0.010759503425311016,0.7085987227193264,0.0161519271783951,0.11749718168638058,0.07439458262816441,0.0018697213111625237,0.02482191251149434,0.03889810982819581,0.004020532535092668
Q66S17,2,364,S,test,2,0.0011444270428978439,0.01115901798204487,0.9039546335905381,0.004932478722512645,0.030274169669341475,0.008724665706955416,0.028719039871653848,0.0030866664019273743,0.005996368951835284,0.00200853206029318
Q66S21,2,376,S,test,2,0.0017407418510799462,0.010355466490281646,0.9017265826390485,0.001795998968035404,0.06953368634659916,0.0038319501809298082,0.0029380581206809083,0.0034618786626301272,0.004308377577666115,0.00030725916304842464
Q66S25,2,355,S,test,2,0.002620034750174789,0.017904686982923725,0.8900811329231534,0.00581280119670122,0.053245128874650965,0.007700710260666081,0.010902246971539718,0.005950647642642216,0.004707350214229323,0.0010752601833186205
Q67FY2,0,1494,U,test,0,0.9194592458271605,0.0766623485616662,0.000150323703536833,0.0005006543480877744,0.0027924259863815163,0.00010997916515757925,3.3927001046138623e-07,0.00016509827797490592,1.1591718526746366e-05,0.00014799314149746776
Q67Y93,0,191,S,test,0,0.9558458400993167,0.04070482806547989,5.931438544970913e-05,0.00016897096194402276,0.0016670142194466961,0.00030596691300191297,0.000733976432586055,0.00023095593672463953,0.0002169630041094446,6.616998194086629e-05
Q67ZM4,1,137,S,test,1,0.3577626162804001,0.43833990292954883,0.0032437973285923795,0.03433343504307493,0.01596653139485239,0.015842278058303013,0.11235534010462608,0.011865318197217601,0.009097454426170746,0.0011933262372138837
Q680Q4,0,884,U,test,0,0.8891260134498564,0.06749908707016217,0.0010910210097645368,0.0018851154244233493,0.01488561387327712,0.0043489155881035035,0.0010410595111582813,0.015845652859669906,0.00291972354761459,0.0013577976659700692
Q681K7,4,593,M,test,7,0.003518920726991528,0.002475870146725566,0.019060297492273597,0.016985720517615197,0.03526327116547733,0.28617168305292134,0.00018217579584116778,0.534639076049549,0.09812864946665897,0.003574335585946346
Q681Y3,6,432,U,test,6,0.013604679777644292,0.026052209828963717,0.0007024517143877991,0.15650238824574092,0.0015829994380949387,0.0017116304584541787,0.7947847616761587,0.0006598923080166542,0.001685094050270863,0.0027138925022678513
Q684R7,2,2191,S,test,2,0.0002777816278181814,0.0007492126358285867,0.9237625056353825,0.001335615882002336,0.0628628287379321,0.00654850205473332,7.063638845442427e-06,0.0028720253779158027,0.0015253212856912075,5.9143123850448566e-05
Q68CQ4,0,756,U,test,0,0.8719110392827767,0.09261952238558216,0.0003113577515507242,0.008514589536256847,0.004365847863584457,0.01067968818699797,1.9292043149376868e-05,0.01067968818699797,0.0005726746103961157,0.0003263001527076994
Q68CZ6,1,603,S,test,1,0.37040879076791,0.5648059655029416,0.0006930571747702905,0.025404333213963924,0.0014444550712049288,0.014876214287084714,0.00013435525309621896,0.01354494552211881,0.0073930818895254595,0.0012948013173840322
Q68E01,0,1043,U,test,0,0.8611202545044325,0.11837518708832752,0.00021805326931674876,0.00540822940661132,0.003630913242667115,0.0033580454786381604,0.00012818690333794833,0.005366141538076391,0.0012162035672477192,0.001178785001344556
Q68KK0,2,346,S,test,2,8.61968355890913e-05,0.0025387978846750764,0.9253094099438731,0.003932166803436208,0.02708223992542958,0.007896789266935376,0.0004960285098511302,0.005621578951181057,0.026662369910866617,0.00037442196816269124
Q69IL4,0,380,U,test,0,0.9401700996220309,0.043630142276294935,0.0001741759641783031,0.004457099966212408,0.006422020021880375,0.0007928952689160964,0.00020363232716355065,0.00308734272216492,0.00035184514445368956,0.00071074668670481
Q69YI7,0,327,U,test,0,0.889712854451864,0.07303207984096553,0.0011804535544267286,0.00611307554356827,0.025938868065822823,0.0009338156504942105,2.8642858019665887e-05,0.0011990431019346301,0.0007863516664411566,0.0010748152664630444
Q69YN4,0,1812,S,test,0,0.8480749324468783,0.1362980390580718,0.0011429287883019986,0.00325590100545067,0.0053680727508843866,0.0020858083329019146,0.0010086310316677171,0.0011609272946955858,0.0006117656304281424,0.0009929936607195506
Q6AT90,0,505,U,test,0,0.9674460303149269,0.01651628977926556,0.00016065993539940917,0.0010154020911496572,0.012812752149682095,0.00046488497181437224,0.0006158724231772596,0.00040389902631316214,0.00029091754193386114,0.0002732917663376528
Q6AX31,0,660,M,test,5,0.037884169147170084,0.025935875813485228,0.004988771505643555,0.14983481493188017,0.15338804159897562,0.31106508451724724,0.00036707637695085793,0.27883691199399363,0.024555592398082395,0.013143661716571203
Q6B4T4,2,105,S,test,2,0.000495634991150581,0.0001282879431087446,0.9919245009293447,0.0020463409183984057,0.0022408911845425124,0.001300733467571493,0.0002511755829675228,0.00048795088113743587,0.0010996143502380745,2.486975154049082e-05
Q6C7L6,3,237,U,test,3,0.017065367277563418,0.03535948793776554,0.0005648742809488003,0.8873353512706232,0.0017673354398021403,0.024612685631308952,0.007440760158260443,0.015030747983796153,0.000888672064954775,0.009934717954976567
Q6DJT9,0,500,U,test,0,0.9730021065988963,0.020672903111821073,0.00010111581239406768,0.0027011226310996142,0.002030965470006314,0.0007830069179749308,3.5144795410176142e-06,0.0004461438942156431,5.1644905194779805e-05,0.00020747617885631174
Q6DRC5,0,1014,U,test,0,0.8369693112191607,0.1477338663235509,0.0008648384196584593,0.0010932582600849782,0.010936884146966688,0.0009351132849769853,0.0001502863734049236,0.0010110986128367694,0.0001502863734049236,0.00015505698595461733
Q6DT37,1,1551,S,test,1,0.3213548014101638,0.4257259302484716,0.005660336376344195,0.024206189061092523,0.15600524599376334,0.03535764236725819,0.0005604491947334968,0.014119345474523457,0.011523873365461007,0.005486186508188375
Q6E434,0,485,U,test,0,0.9080034168827054,0.07001770781755284,0.0005430103434194828,0.002801060808970741,0.0032747717331361847,0.0033004557461780064,0.00039111571148228377,0.004237869136819652,0.001546892747697075,0.005883699072038369
Q6EVK6,0,2193,U,test,0,0.9323720574753653,0.05301338569993908,0.000584342415509202,0.004234226063304782,0.005228572193333633,0.0008240549570522377,0.00038925597160546034,0.0020879223546179616,0.00031770146683490866,0.0009484814024374248
Q6IWZ0,2,535,S,test,2,0.004995559337553047,0.024207783840403164,0.5216447110086263,0.05606535071873539,0.03360918161123136,0.1541978864425813,0.025971161177408733,0.04383463408440851,0.09509137263978704,0.04038235913926516
Q6J1Y9,5,1357,M,test,0,0.5400168923303998,0.2591029418828131,0.01230924303411367,0.019979875636824528,0.13547511467989193,0.019824387606907985,0.00020850870457341889,0.007013595233173283,0.002073214865634486,0.0039962260256677885
Q6J5K9,1,1188,S,test,0,0.5687803102964017,0.36723216970993505,0.0014775261321051925,0.019086152422467664,0.008370756333123718,0.007741684313405933,0.005935755478073048,0.008240979338254118,0.011352429053697391,0.001782236922536142
Q6J9Q2,0,348,U,test,0,0.9580738628114969,0.03832777995553141,4.928797759308926e-05,0.0005298956576434633,0.0018786434248204177,0.00036992680138728,0.00015420842235507813,0.00027490622836839955,0.00020751010924149982,0.00013397861156244715
Q6K1L7,0,188,U,test,0,0.9487789841090964,0.04723692223012989,0.0001651214359896139,0.0009803710859271986,0.000567395274026129,0.000942813580005263,5.7064440402490105e-05,0.00044188787894926463,0.00024403366847617827,0.0005854062969975312
Q6K8X6,0,688,U,test,0,0.94149685776045,0.0454321934600583,0.00010579214935832022,0.0005543111987779539,0.005753536498988609,0.0004968813735781419,0.00117347690007206,0.0035033547863995815,0.00043169799781643016,0.0010518978745005987
Q6KCM7,3,469,M,test,3,0.002137614137716303,0.008130544630945043,0.0013801475007173358,0.6509548889103921,0.050392716096396874,0.09600284500041768,0.011200297395692668,0.09827948906471597,0.03263144128600808,0.04889001597699793
Q6L6S1,2,517,S,test,2,0.0009465193882210893,0.0381051196518796,0.6007393698214274,0.003984995718098,0.06648586055662427,0.11783141838281615,0.005197413817587247,0.05517257096503062,0.10812818438376606,0.0034085473145495627
Q6L9W6,7,998,M,test,5,0.0025279775883148906,0.008823509382380064,0.17722492029084447,0.05137431280645737,0.06513376574077968,0.41854927201415326,0.00016936393617129862,0.2460524156934141,0.02288644216141205,0.007258020386072787
Q6NLW5,0,300,U,test,0,0.9171782275703387,0.07647216436549724,0.0003597131926889373,0.0006826157436400344,0.0026372569083644775,0.0005659082757848368,0.00029358937619527683,0.0014564316010347667,0.00020178080319986476,0.000152312163255859
Q6NNI3,0,190,U,test,0,0.9159093361895057,0.05047508581971117,0.0008352012209763431,0.01813860142185973,0.003007674973231293,0.0014207250917408348,0.0004470510108330866,0.0010394247303731378,0.0005830643641370632,0.00814383517763171
Q6NPM8,6,346,U,test,6,0.0007174373190366035,0.0008420520659376609,3.6566155305940046e-05,0.023944600114930745,0.0003109860772483456,0.0006481505849445594,0.9715257514640174,0.0002876150896635997,0.00023474458980401382,0.0014520965391111593
Q6NPP4,0,1050,U,test,0,0.5682948362690371,0.29482746803851784,0.002433949904740099,0.027964104611530517,0.038073380424004204,0.013365013832956638,0.0101675672937625,0.030236403223454004,0.009403461807161272,0.005233814594835891
Q6NQ88,0,557,U,test,0,0.9099349052953407,0.07016664951208997,0.00023041414488241986,0.008714040999374607,0.0067600437579194705,0.001285146959930339,0.00048022436352412596,0.001389575231991848,0.0005357289496199288,0.0005032707853265463
Q6NQ99,1,344,S,test,0,0.5812654579147832,0.2461232876543989,0.006357164679594387,0.011421756983769344,0.10081169899793466,0.007911620775824526,0.008554500651168414,0.0338337053772271,0.0021629166170258145,0.001557890348273609
Q6NSW7,0,305,U,test,0,0.9583591326405081,0.03601633647775488,0.0003817831444824656,0.001005864659186983,0.0034194525965121946,0.00024649776222524726,3.3550877736408027e-06,0.0004326170335189162,2.557788143644325e-05,0.00010938271660108106
Q6NUK1,3,477,M,test,3,0.00319348290420751,0.016217845310280633,0.0017636087374008108,0.5628353617440023,0.06330273592974829,0.1143469416298596,0.018666625885601442,0.11524377550834078,0.054132486401428134,0.05029713594913052
Q6NVG5,4,214,M,test,0,0.2631232890427522,0.21813687451601607,0.028059897701920623,0.21101297166459657,0.07717381118310271,0.060103032483149334,0.013151409863855141,0.08848021690340102,0.021015893018790862,0.0197426036224155
Q6NWY9,0,871,U,test,0,0.940963820198553,0.046121521425051715,0.00017706820884758176,0.00041817918582826924,0.010869571672163464,0.0006376471016757543,5.264099274366584e-06,0.0005897271262425287,8.765511790919436e-05,0.00012954586445413608
Q6P050,1,247,S,test,3,0.218706909457266,0.2743199214983532,0.024634274129996418,0.3793706360588118,0.03018254464095474,0.039365459884271876,0.00357673788767969,0.010678167631418886,0.0024969655036191805,0.01666838330762815
Q6PAL8,7,1287,M,test,0,0.3798658872131053,0.36531344290033907,0.0016269275324280624,0.16147486968910296,0.03093863670965948,0.02372147716869149,0.002480768148838804,0.01749112095707232,0.011835083441218546,0.005251786239543958
Q6PEH4,0,753,U,test,0,0.9134209879287501,0.06514215560078508,0.0003638810645240909,0.004131991008097472,0.004538104466962482,0.004926065517272869,4.146924823997063e-05,0.006785942336051766,0.00043211950707392486,0.00021728332224214884
Q6PGG6,0,577,U,test,0,0.6673040573107107,0.2654352260939503,7.043928246731619e-05,0.05477565304724694,0.002643214611216989,0.0021913017281869457,0.0007572936800407076,0.0046389863236517516,0.0005806372078192574,0.0016031907147089964
Q6PHR2,1,472,S,test,1,0.2274532377295893,0.5899688158950338,0.001709703051266101,0.02582036212212999,0.08820635309840086,0.0198746403262464,0.00041248504912834715,0.02561942368349307,0.011324229944842563,0.009610749099869564
Q6PIW4,0,674,U,test,1,0.2692805499956978,0.5835856733147416,0.00038933747731796707,0.0826085424564451,0.0143832777026028,0.008723898697849744,0.00935937733664375,0.015310918749199591,0.003159586772194343,0.013198837497307263
Q6PIZ9,4,186,M,test,4,0.06734338145933363,0.04664740161031154,0.0018371991345395512,0.0006058439381349341,0.8530918034428948,0.0061909330510517765,1.9474821950480613e-05,0.0217779605726265,0.0023590101892174997,0.00012699177993930305
Q6PQK2,2,205,S,test,2,9.543476807242076e-05,0.00029167220728698205,0.9929573269986446,0.0004210779330610586,0.0030274448571170356,0.0020807303396656912,0.0001549059192607141,0.00021845234147552573,0.0007419072591374579,1.104737627855494e-05
Q6Q4D0,0,1311,S,test,1,0.3665691518774017,0.5677534194089369,0.0008018667950274855,0.013145273209320315,0.024272487798600806,0.005479764982041964,0.0014748586889320383,0.010317842207611802,0.006113119729994533,0.004072215302132522
Q6QZN6,1,821,S,test,0,0.6125746708681247,0.2593804489149524,0.0023517761325184947,0.006147885903106196,0.09248493969270746,0.003530434184829203,0.00012270721558311516,0.01645259676466989,0.005958735693112848,0.0009958046303957624
Q6R567,5,252,M,test,0,0.8780705611691233,0.057689236446976475,0.0009073082180206815,0.008812439907888712,0.015345955755040943,0.012379083244356133,0.0001504464501111157,0.019743120924965957,0.004396689729735571,0.002505158153781089
Q6RI88,4,1112,M,test,4,0.01654139911608008,0.022172106502852635,0.001791780936836476,0.016999945100425795,0.7342393422432083,0.12859238726468,0.00015413676788499157,0.05910430868036309,0.01795551931802689,0.002449074069641803
Q6S4P4,0,329,U,test,0,0.8939569846667574,0.06375404628598198,0.0006653332573487013,0.008832782758098002,0.013814735619147445,0.0023588110432191285,0.0003850653120377337,0.012529420091341116,0.0013440099228492965,0.0023588110432191285
Q6SJQ0,4,318,M,test,4,0.001501495859806409,0.002084620495092565,0.03553522343429769,0.0003221942476294235,0.9455571477301251,0.009508298682403713,9.192285993453895e-07,0.0050844578248453445,0.00035386116813284425,5.1781329067523004e-05
Q6STE5,0,483,U,test,0,0.8815389866830265,0.09813624778164097,0.0003567104965898189,0.00985056400669037,0.003987768123539331,0.0013674110413129526,0.00021635586718038772,0.0025746965544833967,0.000645919266005123,0.0013253401795311384
Q6T264,0,1020,U,test,0,0.9347182934843387,0.059754538172068536,0.00013698554285338267,0.0008657753772530718,0.003033680086528813,0.00019622275066979753,2.8878159274132652e-06,0.0008932581238432778,3.744976423672897e-05,0.00036090888228031164
Q6T6C1,2,107,S,test,2,0.037760811746815164,0.0289805020587517,0.7525438458604087,0.048391232793828114,0.016821840313626584,0.08883142971152524,0.00020928868038724429,0.006068713795505026,0.01959004944128794,0.0008022855978643089
Q6U6J0,5,461,M,test,5,0.003012846769640346,0.026853210074190503,0.0232395163386373,0.10579245073263054,0.018312298247497995,0.7034595795428362,0.021077326127052116,0.02542411044667209,0.027814063050505516,0.045014598670337407
Q6UN27,3,169,M,test,5,0.00046948359630446574,0.001379889047222369,0.028989247145847254,0.13965716557280494,0.06806346578783772,0.6210291803484209,0.036861195102533724,0.02384590475377446,0.0424269723638137,0.0372774962814405
Q6UPR8,5,898,M,test,5,0.004512842441979185,0.017848637620823542,0.07069621506135214,0.08269261759345563,0.045400396670374495,0.6491586726723011,0.007797492145170053,0.07085172356914347,0.03577465324124784,0.01526674898415252
Q6UVM4,4,1142,M,test,4,0.0036247361645061786,0.005976179257707904,0.0003118155348022908,0.004618033385086771,0.8202887922723456,0.042632859975726384,0.0003588974715766648,0.03205550520316147,0.08920227153434591,0.0009309092007408107
Q6UW78,3,93,M,test,3,0.009682568222995172,0.01114456777920877,0.004945371521057405,0.8060954573495146,0.012335912875946441,0.03863336691111476,0.00730878566468294,0.077661405995253,0.0070287909706886545,0.02516377270953831
Q6UWY5,2,402,S,test,2,0.0007831322181463243,0.002112207635252326,0.8194809606531658,0.0005553238299173019,0.1515887350238246,0.00951259285760143,3.921312636684664e-06,0.007082978822344592,0.008765550090560844,0.00011459755655006114
Q6UXZ4,4,953,M,test,4,0.008895830116647073,0.025841686483540193,0.2241118367371919,0.023899651702149454,0.6384351752935242,0.04785615878397358,0.0007359413318717418,0.02012552476763746,0.008826602116755877,0.0012715926667085096
Q6V9X0,2,132,S,test,2,0.00019534558691019352,3.290156145181829e-05,0.9905545495601746,0.00028870206386418716,0.008437111366218815,0.00019842184735560826,1.8561792815674604e-06,0.00016194717939766636,0.00011848308076816423,1.0681574577304094e-05
Q6X4U4,2,206,S,test,2,0.0015091401531652248,0.00025818342183444443,0.8997932317390701,0.01025660524556275,0.031030715535687217,0.025425656269757766,3.8375539520435886e-05,0.02869872270747743,0.0027975037502233078,0.0001918656377013121
Q6XE24,1,437,S,test,0,0.8592095207559852,0.09791871648654925,0.00016423001307555197,0.015208174301748185,0.015767737146873247,0.0014410727444814522,7.924966152682049e-06,0.008406958030752847,0.0002427162519875849,0.0016329493023940266
Q6ZP29,8,291,M,test,4,0.000235106564434079,0.00030663676605039667,0.0009898355981323474,0.0026078692309099813,0.5127475288698713,0.20079481707489646,0.0064798011785851565,0.06831699645744452,0.2039568732992104,0.003564534960465413
Q6ZPV2,0,1559,U,test,0,0.9240514227978404,0.05013429102964785,0.0003458129719866925,0.0012649313105557516,0.015082474173473004,0.0037178393278378555,4.328356678176244e-05,0.0033851315490379627,0.0015021430168416692,0.0004726702559971166
Q6ZWS8,0,374,U,test,0,0.504971303915825,0.37526279540708324,0.0006393051490408123,0.008226116808903956,0.09160358405263679,0.008688511051528553,0.007373843898756636,0.0011576320685823909,0.001396370807842639,0.0006805368397999719
Q704V3,0,163,U,test,0,0.918323086082788,0.07421188692184608,4.4380695982029216e-05,0.0009790225741561102,0.0030274041482298824,0.0008374022895023544,4.4380695982029216e-05,0.0013277514176392533,0.0007275477293785359,0.00047713744449572314
Q70VB1,4,928,M,test,4,0.0006198427932353819,0.0026096359611979185,0.012794998597491853,0.0008211583560155948,0.9290946811398547,0.016493406305411795,0.00012592871037834087,0.010033107459194201,0.027193028741379268,0.00021421193584092674
Q715S9,1,587,S,test,1,0.4134344578905281,0.5308603202825273,0.0019753566586690912,0.005805895832771663,0.007572315853680363,0.015000638057263512,0.00161223921494789,0.004181830334181151,0.017813699838405587,0.001743246037025413
Q715T0,1,586,S,test,1,0.3179855143818932,0.6323897435155721,0.001592222732429153,0.009379892942940195,0.004716506858281121,0.01711800585260298,0.0014497351606312593,0.0034238165388522364,0.010301796993545168,0.0016427650232525505
Q71PD7,0,128,U,test,0,0.7118142544689259,0.08874665571610087,0.006978381716790497,0.14348844293415908,0.006255380139416255,0.0036773485271455863,0.019043450108333325,0.001820419409024828,0.0024496420379054606,0.015726024942198182
Q75J96,1,1055,S,test,1,0.18370472210763344,0.48779350381826125,0.0017319833917009083,0.07068628366026448,0.06718635874738556,0.03941976027080692,0.0033384852771614192,0.04810980399927562,0.09014465083724199,0.007884447890268419
Q769J6,2,1426,S,test,2,0.0003775742250089071,0.0014933350704642177,0.8629759939767901,0.0016790016846781105,0.07365922962438474,0.024480746301760604,6.87613677781559e-05,0.011901869044690096,0.022997531215679764,0.0003659574887652138
Q76CY5,1,286,S,test,0,0.8480371199897246,0.14061833370334373,0.0005837248490815433,0.002419472088578586,0.006424455903744727,0.00034315410568565513,0.00015227372181115796,0.0006614469662985308,0.00013864680104913,0.0006213718706823062
Q76DI2,2,481,S,test,2,0.004782107054958754,0.02312821083052593,0.8832702977756232,0.005678892437326102,0.020976377045486414,0.031550831181857954,0.0021554645459918296,0.01624097814460255,0.009812246724795878,0.002404594258831421
Q76EJ3,7,337,M,test,4,0.00041804798845201957,0.0008850075816576234,8.762760690215048e-05,0.0035553941217875504,0.3354057256844453,0.32508637388759803,0.0029475250204107567,0.23783826014148263,0.08681491465329204,0.00696112331397189
Q76LX8,2,1427,S,test,2,0.00017627338223756523,0.0006704664329295523,0.9222173378541191,0.00047916076269899675,0.06474981237757821,0.005222377190492562,4.277146527572996e-06,0.0021224309902982694,0.00425094863907685,0.00010691522404131918
Q76MX4,0,189,U,test,0,0.7131695650250576,0.18315709918574072,0.0022346714212207425,0.06870867792628951,0.013582493197432429,0.0027810933151356017,6.643503466892331e-05,0.012367000737203577,0.0006815363780549689,0.003251427779195933
Q76PC7,3,233,U,test,3,0.033237125207033764,0.013640488285522988,0.00024983426166985505,0.9414464684763847,0.00013165341601606407,0.0037291019108650065,0.00444575019709078,0.0015545211257509421,0.0004453777149821085,0.0011196794046837463
Q7K1V5,5,197,M,test,5,0.0011878183840806455,0.00021972430600842297,0.0017831266554897323,0.002740268190666524,0.20290610644488788,0.4944115986869683,0.0028272537210659635,0.20934704410689653,0.08327249622366154,0.0013045632802744368
Q7K556,1,475,S,test,0,0.41963371439348973,0.37615722551683467,0.0017693853995180094,0.11206395076103881,0.027248739996962132,0.024235529853834956,0.003154270577910836,0.02009196054891516,0.009565207383434195,0.006080015568061485
Q7KRI2,0,127,U,test,0,0.49746485072998253,0.13258967205644698,0.001894987711408676,0.10067209161644335,0.19254042792096518,0.04083440204120261,0.00022632402355752515,0.029411914719013006,0.0028895112630815344,0.0014758179178985963
Q7KRW1,5,809,M,test,5,0.08510715303385821,0.0249131390235272,0.0038205540257298842,0.022158206822385774,0.23270473797268826,0.3548323424091459,0.001383712830169728,0.18265205168806867,0.08695541106612624,0.005472691128300129
Q7KTX8,0,2618,U,test,0,0.548509695440505,0.3541444785741751,0.0011096890854386957,0.04176295093385488,0.009737212886495851,0.016563556374967984,0.0018012031299896847,0.0057242125519121395,0.012699719468251896,0.007947281554408814
Q7L0Y3,3,403,S,test,3,0.3283069790765833,0.07797974492862929,0.0008137916016624962,0.5584690078482738,0.002467792759837227,0.015536124175182986,0.0016184180576980208,0.011322157667703479,0.0005092577870500527,0.0029767260973793236
Q7L266,1,308,S,test,1,0.04420031228201955,0.756403985687233,0.0023333981703283265,0.1573170404800999,0.005299635670461084,0.00209164450506273,0.00982397317301446,0.00032581537168212667,0.006195901940621463,0.016008292719477353
Q7L513,1,359,S,test,2,0.0003922886741253832,0.0014575292813712897,0.588009247302902,0.00011065010210086496,0.40413246181409,0.005197756072497405,6.278198253637838e-07,0.0004658543110890155,0.00020036143850510194,3.3223183493489815e-05
Q7L5A8,5,372,M,test,5,0.0009120664496976233,0.0036072924967998693,0.00036279494634033286,0.06753492795650073,0.018070587072915943,0.8422547198740084,0.00020035438324995713,0.05342452732046572,0.006430693611887096,0.007202035888134367
Q7M6Y5,1,601,S,test,1,0.29764451740696796,0.6012584398205394,0.0024572060684672366,0.023588131450741002,0.02873193764458644,0.004662957377156887,0.00016207029238582378,0.0391857054255028,0.0012355607121625192,0.0010734738014899713
Q7PLI2,0,2077,U,test,0,0.7372847768719929,0.24695947170257956,0.00044785945501900077,0.005288179982775403,0.0035781622170000383,0.0025372966377616543,0.00010472673445563569,0.0020871232828976547,0.0013581170950220296,0.00035428602049606924
Q7RTR2,1,1065,S,test,1,0.2772357387023389,0.4642824998009909,0.016779882368444,0.019926601468756428,0.18905835819944167,0.004080086367779812,0.000356513996975225,0.0019884753887009408,0.0054903559728170835,0.02080148773375502
Q7SIB8,6,102,M,test,6,0.0017284634740508552,0.02178915656965713,0.32938681228825645,0.0012256640968058541,0.06335762541161818,0.016431265541944833,0.5516191418821916,0.0005354529419063347,0.013648628440955692,0.00027778935261304837
Q7T0L4,0,329,U,test,0,0.858719861431894,0.1189710539225693,0.0005055758379214654,0.004506148272415626,0.011044439552074512,0.002063065011335036,0.00011458570633378924,0.0025876631705208666,0.0004977376527288308,0.000989869442206544
Q7T0P4,1,441,S,test,0,0.6325175568543893,0.19594479853797617,0.0008794865548423726,0.10778912097527117,0.033002490414756,0.009236338204664508,0.0005011163039435702,0.012236160073320087,0.0025054238933620693,0.005387508187474826
Q7T3L1,2,294,S,test,2,0.1781971562245939,0.02679885861622492,0.6467456071374765,0.02931804141856855,0.002643101554445601,0.10353625325305824,0.0005627488004662579,0.0016283677745541358,0.008941497446057767,0.0016283677745541358
Q7TMA4,4,361,M,test,4,6.286343889242083e-05,0.00015080156013556027,0.00028617107565397294,0.0006550520966745148,0.9080817965370751,0.04592269421001288,1.0754666024058903e-05,0.02742169505197906,0.016894015046989157,0.0005141563165633064
Q7TN78,3,580,S,test,3,0.014310368699139112,0.055071955219950446,0.00040122440119528527,0.7967297714106719,0.0038969848152692063,0.016927729619105852,0.018737289309643173,0.004812133307179492,0.0011078160747048458,0.0880047271431407
Q7TSP2,1,1385,S,test,1,0.22302165854175945,0.6303853877869362,0.00030768813489223586,0.0371253556279863,0.037343527271110497,0.008580193584045978,0.0019752727013720517,0.052534394284985984,0.0058970744604524795,0.0028294476064588212
Q7X8R0,0,464,U,test,0,0.9654509124511249,0.01853146718847944,0.0006856384939271611,0.0003557045600434102,0.007271214627538585,0.000550926005540799,0.003322508781127271,0.001385027848824981,0.001792359226446588,0.0006542408169469076
Q7XA78,6,264,U,test,3,0.004243114120764721,0.01684752328234657,0.001023698852428444,0.7362335478563372,0.007505302940373604,0.060907715345196047,0.14725597511349195,0.011624440794391481,0.002271175199282767,0.012087506495387196
Q7Y1W1,6,527,M,test,1,0.24375610825392202,0.3464472701579399,0.031111403422232453,0.1345163477338439,0.034707279112234236,0.060439134067791105,0.06260174711091389,0.02745571633194979,0.013698166670033398,0.04526682713913929
Q7YR83,2,223,S,test,2,0.0023065208554911886,0.001293841004164649,0.9751734381050539,0.0019728719940597184,0.008297994432879312,0.006829077596701449,5.176015287601098e-05,0.0008618840054094421,0.0031159111569184126,9.670069644593306e-05
Q7YRU6,4,1106,M,test,4,0.04718973710718466,0.07784072808308085,0.004279284136839527,0.05203063248745957,0.5966232826139856,0.08078361791871208,0.002555277583301591,0.05517039645854991,0.07710307592385954,0.006423967687026689
Q7Z2G1,0,175,M,test,0,0.7659572575518837,0.06666766518411506,0.003717314265849402,0.12900825689156184,0.011539938281968531,0.0032296584233696196,0.00871080209668203,0.003717314265849402,0.002085223922430737,0.005366569116289644
Q7Z410,4,1059,M,test,2,0.00042467504029277255,0.0012097865338992436,0.8302226819602484,0.008139217426285587,0.10230350687805667,0.033083599686271434,3.653239105864063e-05,0.010011407735980487,0.013280781237045522,0.0012878111108612005
Q7Z443,4,1732,M,test,4,0.0007708951100986523,0.0021119452512242485,0.07329442241263469,0.0032203321337948743,0.858702018660351,0.0365679444724872,3.231970829361272e-05,0.012332745032323168,0.012597497711455356,0.00036987950733718695
Q7Z589,0,1322,U,test,0,0.9078651068613112,0.0857744142225912,0.00017626279437326677,0.0016854511337401088,0.003699383231935051,9.144393696083484e-05,0.00016819113803615812,0.00034510582910768296,4.387528314461627e-05,0.00015076556879995792
Q7Z7A1,1,2325,S,test,1,0.45796280768787434,0.4799408892321659,0.001033589769352008,0.020043035266151248,0.02047830566038819,0.004930981254519159,0.0002825677092694854,0.012300015207508994,0.0019614087621239195,0.0010663994506467747
Q7Z7J5,0,298,U,test,0,0.9543127142031698,0.03586426870278566,0.0005196323792815606,0.004023859412512211,0.002638911218536772,0.0005036450625981205,0.00033029845162424064,0.001246533398472807,0.0001293467401196871,0.000430790430899132
Q7Z7L1,0,901,U,test,0,0.6591921175512958,0.24440521479022498,0.0023042726306802294,0.046486390690650435,0.019520864944273148,0.006166552869219703,0.003352696635578759,0.009625853571714383,0.002779483447142864,0.006166552869219703
Q7ZVT3,1,627,S,test,1,0.27047457138615505,0.5379029283215674,0.0014643741846130053,0.0828129390359931,0.011883822694714285,0.013051826882063336,0.0003318915700688592,0.07779556181361251,0.0017120271657358457,0.002570056945476583
Q7ZZH7,0,661,U,test,0,0.921096185044508,0.07560818216940635,9.722907681790047e-05,0.0008598494241285164,0.001290786833120157,0.00017605910414497626,4.4514714381006276e-05,0.0006855317914082822,8.765466561652726e-06,0.0001328963755231812
Q804Q5,0,430,U,test,0,0.9375058283800736,0.046312435825422854,0.0005606535628741141,0.01227157266721338,0.0020507855524857753,0.00027324072641391926,3.3147861813147104e-05,0.0002373956635122572,1.2194417482409605e-05,0.0007427453427085723
Q80TD3,1,1108,S,test,1,0.2577466374376307,0.5414032948071443,0.0010129982860813578,0.026745121985226557,0.12859456269574546,0.015600290183956445,0.001078331146911752,0.014093687789023396,0.010555684589845828,0.0031693910784342362
Q80TT8,1,1865,S,test,0,0.5275890736278166,0.32758750947157955,0.004355513881354587,0.020941968646434675,0.06672018651447868,0.018481220731602438,0.0004963707093309069,0.011565253870601583,0.016309620531529206,0.005953282015271748
Q80US8,0,206,U,test,0,0.9715884582717716,0.014752790771326026,0.00035796584600732433,0.004752257846069783,0.00489354412362234,0.0007460649220477702,1.606708410310294e-06,0.0020439206047812913,0.00019462266514620426,0.0006687682408173043
Q80WM7,2,277,S,test,2,0.00010466881131512176,0.0005484253591186914,0.9170581627216086,0.0033464152106102937,0.05771666347872021,0.010307684460718405,2.6615968884276413e-06,0.0013680118029893722,0.008885779349060907,0.0006615272089699898
Q80WW9,5,315,U,test,0,0.6366318228412329,0.2695668835903447,0.0002965072816746027,0.021699416578533207,0.007767446517014194,0.013632293285513606,0.0003156303311175023,0.039292561297205084,0.004748144942440893,0.006049293334923265
Q80Z64,0,305,U,test,0,0.9308130109622839,0.05767411344139841,0.0012841806698111154,0.0010984180220478944,0.006854638431192326,0.0010079650635626842,2.967036823588872e-06,0.0008356323201049141,6.967306372484385e-05,0.00035940098905030786
Q80Z96,4,526,M,test,5,0.08020333368757275,0.06701239338869122,0.004317558461003998,0.05426829421989305,0.21463525745020554,0.22758728742665982,0.004385550132649837,0.18502717107824176,0.14409929815887865,0.018463855996203385
Q80ZA5,4,1117,M,test,4,0.08856630880662696,0.056904173168543744,0.0016622391638983966,0.02889401031233162,0.475523163623146,0.2045199678242586,0.001294553019316197,0.07214467072922044,0.06391662967383631,0.006574283678821731
Q810U5,1,305,S,test,1,0.3689421581601483,0.5042841850443308,0.0011381338875365245,0.023402138708787264,0.03834882241633007,0.007538437574122133,0.00010586293851101581,0.052531929673374465,0.002605214389140076,0.0011031172077193387
Q84JH7,6,225,U,test,6,9.46658651921072e-05,0.0001072704716874036,7.13074692927042e-06,0.006900961680281092,4.168081616885778e-05,3.565149228726113e-05,0.992682354755616,4.436899862956391e-05,1.8787016518524397e-05,6.712815669002619e-05
Q84K00,0,567,M,test,0,0.9562493465486588,0.0367892693133888,0.0004667407727494351,0.00016642154035635592,0.003227192208900355,0.0010767596924500425,0.0008719865531858958,0.00039303509463060123,0.0004384623580784032,0.0003207859176013816
Q84L08,7,341,M,test,7,0.0001388719840190296,0.00040816747469220104,5.438305216077827e-05,0.009039270746815558,0.04295582652999228,0.27576452801206763,0.006632675239594024,0.6023250830529194,0.0382057018802221,0.024475492027516945
Q84LG2,0,389,U,test,0,0.9238099377123477,0.0576891372653046,0.00016330777586529873,0.0028721727186107144,0.010609072542696784,0.0011335805660388516,6.495934884829769e-05,0.002917402864722835,0.00018796609787308043,0.0005524631076919155
Q84LH8,0,444,U,test,0,0.976607772194183,0.014599104003262232,0.000566068671631611,0.0008699214424516846,0.004981668060903925,0.0002511914574545987,7.31008892673772e-05,0.0015752241738672644,0.00010471218118016433,0.0003712369257980866
Q84LM2,8,497,U,test,2,0.005620042868209468,0.03323764301071562,0.7594460383176835,0.005889754377414603,0.07834364482106765,0.05013926436833949,0.006368343399401248,0.01651822375646476,0.042057369223258805,0.0023796758574447896
Q84M97,4,742,M,test,4,0.034999450223963786,0.05013439634893671,0.005941102987563219,0.011632114188742793,0.4831524687047418,0.290766310550584,0.011815294170719847,0.04802581117406747,0.056477817200855394,0.007055234449824969
Q84MM9,0,441,U,test,0,0.45024823830976457,0.15140454854326596,0.005712242379401785,0.015772004390040093,0.22029231368289642,0.006472818080227618,0.026413138887443205,0.006783455580006109,0.04690293624822004,0.06999830389873417
Q84N48,6,611,S,test,0,0.7206859851016828,0.07625704536323796,0.0003629295811413585,0.025542908346809515,0.007176619750038701,0.00576657636597482,0.15344289503866637,0.0031846059714427124,0.0023299072320431572,0.005250527248962596
Q84N49,6,674,S,test,6,0.4413126934715734,0.025437846374117657,0.0006232882051972575,0.0316946464192394,0.008537269992566902,0.0021417617921925423,0.4846871715967843,0.0025834575814737836,0.00047789164056638784,0.0025039729262883435
Q84P17,9,727,U,test,9,0.05723788605944356,0.2712063918793326,0.0012461609829391858,0.21287231314068017,0.0065294164830459744,0.04062739507120231,0.06039624285749233,0.00885520168479093,0.006133819083280466,0.3348951727577925
Q84TH4,0,382,U,test,0,0.9526368416395601,0.03363219499493679,0.0021002287043346813,0.0008823723187108398,0.009635785303377843,0.00021288220846085303,1.5910655895046265e-05,0.0002266119413909013,0.0004233668432094064,0.00023380539012361014
Q84VQ4,6,218,M,test,6,3.1892785321184465e-05,9.80303784042457e-06,5.853661201015335e-06,0.0013247012507939654,7.048137983400507e-05,5.865980761604582e-05,0.9984329429058758,3.670836699577884e-05,2.1079842736201104e-05,7.876961785575817e-06
Q84WL6,1,338,S,test,0,0.4923767108649538,0.4625451210382305,0.00036077316756092,0.006649599757977749,0.024839316861080405,0.0015918058010659709,0.007078461718799046,0.0034229205381166644,0.0005765138495143724,0.0005587764027005656
Q84ZT9,1,202,S,test,0,0.526691965621648,0.4366429683246455,0.00026112416150116883,0.010512377915332704,0.014999577559507716,0.002119098526630732,0.002763825661732882,0.004628536690401214,0.0010655496581618476,0.0003149758804381982
Q868T3,4,495,M,test,4,2.4219551283311715e-05,9.579018744329785e-05,6.381001543786544e-05,0.00010357389114290466,0.9659914000447744,0.009470247534359454,1.0096210590054307e-05,0.01610943252693617,0.008100331515713764,3.109852231877374e-05
Q86B79,1,599,S,test,0,0.6594599450000324,0.2792329222814787,0.0013341524059255195,0.03786394755087131,0.006515823612075192,0.00602615241001938,0.0005224616115767654,0.004842149561426135,0.0020028001573748036,0.0021996454092198577
Q86DA5,1,1000,S,test,1,0.1822127621578391,0.46167559428626037,0.0019773101981697297,0.007346599047200865,0.30995433191150096,0.006794493353556836,0.001041969356070425,0.022018737145127493,0.005903157617633096,0.0010750449266410925
Q86IV5,2,258,S,test,2,0.0001142829541292252,0.0009202220600972383,0.7798076080972371,5.837002975362782e-05,0.02448620214676308,0.011298524870347076,0.002233519164144971,0.0014820439610772735,0.1795218989976985,7.73277187518948e-05
Q86JM7,8,378,M,test,8,0.0009399184619507822,0.0032806375976459357,0.03513267311622886,0.0009253464066732593,0.3399038957162709,0.08460875715818543,0.0006769978300678482,0.10366483173901045,0.42967877377201996,0.0011881682019466162
Q86LE4,2,74,S,test,2,6.936757052059561e-06,2.115591325061658e-06,0.9963305641911175,0.0007075684296572613,0.0011175182936213584,0.0008049181818803827,3.929940813953422e-05,0.00036351432389046626,0.0006159479411109226,1.161688220536006e-05
Q86LE5,2,110,S,test,2,0.0011317403647416815,0.003100517664610258,0.981794071199722,0.0014084736911394217,0.0028010841637097165,0.0020018447251966514,3.47137854812109e-05,0.00019976403564387357,0.007466865781794528,6.0924587960747155e-05
Q86QI5,2,74,S,test,2,9.172617757065406e-06,3.1699721229304844e-06,0.9944775583265909,0.0007711349662703996,0.0026240462593414924,0.0008653186276000874,4.95867055696159e-05,0.0004103473281048563,0.0007696303564611949,2.003484018147278e-05
Q86QW7,1,781,S,test,0,0.7332334223705574,0.19428753161145126,0.016648295088304225,0.03533921908526033,0.005341941244633084,0.0019047277365309293,0.0011552757825483977,0.0016548562077996602,0.00442862482314284,0.006006106049771821
Q86T26,4,416,M,test,2,0.0003363924063686646,0.003505289273104589,0.5121656244971964,0.000563351217586697,0.44497718813935916,0.010495564057495063,8.24364985612073e-05,0.01202147823146475,0.015617835943892312,0.00023483973497112926
Q86UN3,4,420,M,test,4,0.0005928897776078007,0.0006213432533658597,0.3218637349894366,0.00028895140929342887,0.6604214789876341,0.007097020619744431,2.289237203720618e-07,0.0032113980865176714,0.005724936156784445,0.00017801779589522726
Q86UU0,0,1499,U,test,0,0.909058361396941,0.08723968718350689,0.00013745402512016486,0.0004873168781468349,0.002658964045099815,0.0001037557487084223,8.302026519434659e-07,0.0001557558227666434,1.3824114364529596e-05,0.00014405058269374856
Q86V15,0,1759,U,test,0,0.923831397556502,0.06588459079352531,0.0003247838575380229,0.00036232256475007417,0.008182249105983943,0.0008229104416131204,4.7526379076429025e-05,0.0002451596966421624,0.0001738442729089601,0.00012521533145999495
Q86VD7,3,318,M,test,3,0.00022762434669851983,0.0009434767997244745,0.00020087779554582585,0.6576622127433907,0.02461941167318126,0.05882865189564305,0.009399388915285915,0.04406062140355546,0.02143153175368575,0.1826262026732891
Q86VD9,5,579,M,test,5,0.0005637138516336992,0.0007467995151895718,0.0024678663246735814,0.05886395551585854,0.019988375054434557,0.8318619661254907,8.780968374273174e-05,0.06670160060082031,0.011687615886310456,0.007030297441845923
Q86VV8,1,2226,S,test,1,0.29315365752361294,0.5434210558398551,0.0033338721095801274,0.051947219900493384,0.038303481370471945,0.020422444716940148,0.00048028985572026446,0.031630897533322974,0.005851128416345177,0.011455952733657872
Q86VW1,4,577,M,test,4,9.785464805869432e-05,0.0005901390289532642,0.001137522899810928,0.002059787809219894,0.8180945772062946,0.09323311144288342,0.0001664563658202971,0.01800360028253279,0.06611217765611409,0.0005047726603120145
Q86WI3,1,1866,S,test,1,0.2534878177893532,0.6080856736870393,0.006445877991963389,0.053367948421247625,0.06103745664835563,0.007959596573946934,3.7734359243922785e-05,0.003044817039671902,0.0023713057615030726,0.0041617717276750425
Q86WV5,0,123,U,test,1,0.30368420244813416,0.5085753162770362,0.006205049295008846,0.13266980544560625,0.007843917174550885,0.010473004460603546,0.0005421912022485851,0.01055514431707623,0.004331822473295952,0.015119546906439397
Q86X83,1,199,S,test,3,0.24222900356901164,0.1800093083271368,0.00809661498073717,0.33893931448642944,0.010559977199434873,0.10443286018013825,0.01661317449288812,0.032782130462393366,0.033298373749547035,0.033039242552283334
Q86Y13,1,1208,S,test,0,0.7050219681860139,0.2593631114351377,0.0023516188067495714,0.004127219265260487,0.01697372250368299,0.005136407378808728,6.67102931755272e-05,0.004978377306789789,0.0010599576496389364,0.0009209071747423599
Q86Y34,4,549,M,test,4,3.518361639143261e-05,0.00013072298192794263,0.012140843482827577,0.00011902462592862315,0.9796547303020224,0.004608144427308664,1.0791843412743116e-06,0.001389031014345747,0.0018746296474586382,4.6610717447686285e-05
Q86YI8,0,300,S,test,0,0.9828648444090371,0.011177570419079075,5.5532970905187475e-05,0.00033490664953903036,0.004467892870223459,0.0002820196933644409,0.00011574064265552794,0.0005652619804233946,6.492461316689352e-05,7.13057516058845e-05
Q86Z20,1,511,S,test,1,0.2594216410682816,0.41132854539049746,0.003847860183548367,0.027557292366052918,0.12471522125149082,0.009825855284215474,0.001846223681017415,0.15191156838557018,0.006859552900388583,0.0026862394889372136
Q8AY79,2,258,S,test,2,0.000187273982462497,0.002061130957626588,0.9349026142854249,0.0003553835581097676,0.040439918892086785,0.005141358854979748,0.00013917019620218626,0.0010776872581720611,0.01553019332240472,0.0001652686925308276
Q8AY80,2,258,S,test,2,6.47029202151107e-05,0.0006284421413536463,0.9643228153041986,0.00013697608197169806,0.02376707255779635,0.00154632201387624,2.1336761793368804e-05,0.0004597780684311987,0.00895076216450434,0.00010179198585939166
Q8BG17,0,217,U,test,0,0.9312192924232042,0.05462858550511396,0.00013435693886306233,0.009255025069228805,0.0010242849304830431,0.0010988973691254806,6.970347397891331e-05,0.0020691125076200073,0.00015224636405098823,0.00034849541833155125
Q8BG60,1,397,S,test,1,0.21959280696734348,0.530907266741133,0.004053526973622635,0.009278615822138582,0.19228186966130997,0.024255657269258556,0.0014453294974280373,0.006180891225210569,0.009800171358648435,0.002203864483906697
Q8BGC9,2,288,S,test,3,0.0059849299924734835,0.017049476893350655,0.10733592010078025,0.4943812900337778,0.08641543436532667,0.16952398806189906,0.040108499101044824,0.046891586062352976,0.015523726474802288,0.01678514891419201
Q8BGV8,3,463,M,test,0,0.3562883049065394,0.1823300226378156,0.11365438711953493,0.04859655973305263,0.10697713970357293,0.069611353911919,0.004115674541217077,0.06616465580980693,0.03697031643409417,0.015291585202447324
Q8BH00,1,487,S,test,1,0.015473397643203725,0.6302732904522581,0.001378717151109764,0.2111150946934277,0.005942268371787502,0.00831472884141732,0.0124818851877986,0.0009930527428222932,0.007872227678331616,0.10615533723784336
Q8BHD1,1,476,S,test,0,0.6835244041757125,0.19279690854244347,0.0008789848323174385,0.07729079284616334,0.02723781103610816,0.006545808386552345,0.000477895763017885,0.006197446259253461,0.0015187495750098765,0.003531198583421537
Q8BHP7,2,681,S,test,2,0.0020241525827848963,0.004780408921924782,0.6359698147098528,0.002223096802169092,0.2692865762572998,0.04430460494235426,5.742078955529323e-05,0.026172817905175463,0.01484018418304732,0.0003409229058362533
Q8BJ05,0,735,U,test,0,0.8234636970534247,0.14087802491514184,0.0004146873055566131,0.009183659426729846,0.009328280787334633,0.0034721343169298712,0.00018401636461298808,0.011252054268744609,0.0004848185745696097,0.0013386269869553231
Q8BJM5,7,460,M,test,4,0.006365444919697313,0.012269714770805584,0.002082765396988137,0.015940337063988227,0.5176615289866215,0.17750680478859568,0.00036762995187159035,0.13191187788454933,0.11550589447265858,0.020388001764224
Q8BL65,1,612,S,test,0,0.6414494839696325,0.3175405126878545,0.0006324561284219856,0.011123310407221932,0.0144509727011726,0.00384411351688108,5.111028335640738e-05,0.006488169872411612,0.001257789152186187,0.0031620812808611913
Q8BMB0,0,1264,U,test,0,0.9014553034909845,0.09208946001489098,0.0003169172549832156,0.0021742127900946373,0.0031022741881742287,0.0001260609827021993,0.00015205856363945122,0.00035354675716733295,4.092601010593951e-05,0.00018923994725753886
Q8BND3,1,1181,S,test,0,0.5734913674473355,0.35888172482064234,0.0007491004881728152,0.011181301840811748,0.01601647510022383,0.008506285556440847,0.0013147122770180194,0.018362979469100458,0.0068349928162538464,0.004661060184000537
Q8BPC6,3,396,U,test,3,0.010931706053453566,0.1184487044535464,0.003990254363978688,0.8351446388207505,0.004382437094025678,0.00599008053401716,0.0056271604249190635,0.0022036277218247698,0.0030120019793948155,0.01026938855408938
Q8BPQ7,7,1093,U,test,1,0.17762097617358433,0.505995049507218,0.0014101759200310109,0.08358529952409413,0.05721633369443561,0.08578186459800194,0.0007548127230171141,0.04893971914307049,0.03247378103480433,0.006221987681743045
Q8BSF4,3,406,U,test,3,0.002193400014638038,0.0033707672195114695,0.0011740424999338612,0.9273470576609191,0.00591588071377446,0.04876512687240116,0.002524587844670381,0.00443079011663646,0.0006901840188421268,0.003588163038672924
Q8BT20,2,105,S,test,2,0.0003107305928858984,7.097756169250465e-05,0.9937477925768132,0.0008817380434334743,0.0025069368728233904,0.00142562238069213,2.002013916623918e-05,0.0005163262089802681,0.0004888478252038635,3.100779830901984e-05
Q8BTE6,2,63,S,test,2,1.9789655567742747e-05,3.958180133202546e-06,0.9977762289446045,7.410417449305796e-05,0.0014202622962034837,0.0003210697383053493,8.781606248108485e-06,3.697194257191181e-05,0.0003360266918215495,2.8067700510673013e-06
Q8BZQ2,2,495,S,test,2,0.0008924172883210165,0.0025028459468841822,0.9485442783357182,0.005135506147302889,0.01572605892735358,0.010893122706348004,5.1944907030615197e-05,0.006403735999957873,0.009674362378197602,0.00017572736288599814
Q8C0D7,0,249,U,test,0,0.9228615095729646,0.06329407495601984,0.0004365855969895347,0.0016221122229214862,0.003570807139689061,0.002034584510754555,0.00033474177803062376,0.0037130517607364367,0.0016221122229214862,0.0005104202389723504
Q8C0V1,0,768,M,test,0,0.6177405820523191,0.3155110234279701,0.00043190207371740014,0.03451185732435145,0.013176202067826834,0.0030452060102117225,0.00044561210267636645,0.011857299336704737,0.0010523952257864874,0.002227920378435789
Q8C1E7,0,343,M,test,5,0.0010589741712254581,0.0015169103638336037,0.004389325557542187,0.010245431063020359,0.2049826949316061,0.7381710896974122,0.00011881359939035575,0.02477027811722673,0.013546507605205624,0.001199974893537372
Q8C1Q4,2,291,S,test,2,0.002767797480566575,0.003087700981968453,0.7674335071986342,0.007582661651734818,0.08677897339777639,0.045908285994891204,0.00020049855471159357,0.03610427133323422,0.048869113361126544,0.0012671900453560107
Q8CCG4,0,296,U,test,0,0.9329130395661063,0.0569080545017281,0.0009055723535459943,0.0017455365217638379,0.006134311893547413,0.0005159796171995932,0.0001958437714140057,0.00045535042805709117,4.7993582425345467e-05,0.00017831776421233875
Q8CCH7,0,1151,U,test,0,0.84824225295755,0.1321306665762576,0.001826755312732149,0.001612105809367196,0.011477996872236957,0.001716077741220425,0.00011318759525392173,0.002458167986822319,0.00015962009135941555,0.00026316905720008863
Q8CCK0,0,372,U,test,0,0.5728327045240041,0.34205403979736804,0.00791962446073009,0.01170444490432998,0.03756167745751602,0.006167809488990965,0.013057252413453712,0.0018519121252380743,0.0028682977473545083,0.003982237081014472
Q8CD91,2,447,S,test,2,0.0021845352294257033,0.0009469259318969012,0.9164116145345244,0.004570782363555772,0.0399509758497603,0.013752860555571844,1.1553297097040135e-05,0.01939464436409312,0.0026557197437099816,0.00012038813036494342
Q8CFH6,1,931,S,test,0,0.6909576614919442,0.21912471424602964,0.0009758743374768282,0.003101322514653153,0.07003646444790514,0.005659813937735687,0.00011296564896393295,0.006313979044925341,0.0023410008463911605,0.0013762034839749362
Q8CFI0,1,1004,S,test,1,0.24790835080406762,0.4968914627473904,0.003853556886225716,0.013036413891731408,0.08638895198418164,0.05257695104600828,0.003348028246756301,0.03315986652758134,0.05992760064168013,0.002908817224377185
Q8CFP6,0,273,U,test,1,0.19674877003386962,0.6921066877882996,0.0006614077363387294,0.05593079891844235,0.0176682869411083,0.005625107983145471,0.0064744588333434,0.014820185064141898,0.0036890356662784996,0.006275261035032045
Q8CFZ5,4,553,M,test,4,5.358180567715734e-05,0.00034398038034529066,0.001874124801728893,0.0017468764642696068,0.9483316828045704,0.023556265595241474,2.3776783114786167e-05,0.0034135444092673346,0.020306769683720503,0.00034939727206458537
Q8CG85,2,686,S,test,2,0.0002805985057840013,0.0011184928295916844,0.9478246423634616,0.0005242270007097793,0.029995411148770478,0.011746373970592803,7.959966128333794e-06,0.0012674182825327391,0.007194451890156034,4.0424042272478295e-05
Q8CIG3,0,826,U,test,1,0.2718124967974727,0.41935014451346264,0.10337008468472343,0.05457870254102078,0.059013641985975675,0.021373325819509775,0.023291330632717055,0.0059351585418487805,0.007386424530572284,0.03388868995269683
Q8CIV2,5,574,M,test,5,0.024402596265739873,0.016837286553427023,0.007830065144563803,0.01184651082210833,0.214964062312026,0.46587079587196895,0.002813792829677995,0.05620007581212044,0.19269254988209997,0.006542264506267623
Q8CJ40,1,2009,S,test,1,0.13559260165620435,0.7216424516898543,0.0022261637348555473,0.02537776939082607,0.016257607351655913,0.008533756677253689,5.074357678789697e-05,0.07173193568612903,0.011940873455901732,0.006646096780531497
Q8CJ78,0,1038,U,test,0,0.9766789215098433,0.01693649137777118,0.0008301453972694309,0.002497793989047436,0.002439933015685516,0.0002891406630058901,8.4626577173211e-06,3.047520151358162e-05,3.347046210183544e-05,0.0002551657260445965
Q8GS71,1,1035,S,test,1,0.2577887346126685,0.5457387327571828,0.0021616899425710725,0.05934633702885376,0.08987586043195724,0.0075450400170302585,0.008821044694332768,0.02019157579025086,0.004795919020579486,0.0037350657045732865
Q8GSA7,0,1032,U,test,0,0.6239166535772765,0.27044786219138045,0.0029348075756834447,0.026055674289953454,0.02918097319649181,0.013050537202414607,0.004270119781448217,0.01574195246001961,0.011075847340843405,0.0033255723844884785
Q8GSI0,0,179,U,test,0,0.8696144096178361,0.09456618088950698,0.0018437469474859235,0.01259972329724669,0.008230885737702467,0.00080547341200181,0.008263100182879797,0.0007685880934628605,0.0002917231225451408,0.003016168699332223
Q8GSP8,5,371,S,test,1,0.15514050221818776,0.3600086224823066,0.12962473759916954,0.05651835651019868,0.10214183346369707,0.062316219441194955,0.0815937806458092,0.013796421519341039,0.023468505285159615,0.015391020834935558
Q8GUK1,3,602,M,test,0,0.28209611773490906,0.1661599725484848,0.006208017468452454,0.07160421460866928,0.039235878735780716,0.10438721626996994,0.01741081476211548,0.14268039166927338,0.054473619908094406,0.11574375629425049
Q8GUK7,5,243,M,test,0,0.6311376319648833,0.09399363733386307,0.0015163013553233136,0.055364037042180465,0.01818594401293654,0.09773792674623029,0.0005406538449972958,0.0738485332808517,0.016558489420788566,0.011116844997945541
Q8GVZ6,0,276,U,test,0,0.9170112071113063,0.04859981456985663,0.0004546372821462072,0.0057367964067712215,0.01262859191929535,0.0017157833995439865,0.0005837658396289814,0.0013155367460083727,0.0021187094677951926,0.0098351572576477
Q8GW20,6,523,M,test,6,0.0056455430121977995,0.001461267038031258,0.00044566122580358696,0.0480139376922877,0.013427723358234467,0.009326124027475567,0.8989063580450903,0.016004317451020142,0.003344873472539767,0.003424194677319358
Q8GWD5,4,178,M,test,4,0.00011046447068389032,0.00023385329699609803,0.00782588364838356,0.0005971652857794306,0.7192353845371303,0.059038434973320356,0.002848916080041034,0.021975043070635046,0.18185118428500516,0.006283670352025134
Q8GWE6,0,413,U,test,0,0.6030848154405806,0.18537305689307196,0.0007877557822230074,0.08807860501976049,0.004127545369937671,0.02798714548205655,0.0018604303872595245,0.026810044992346457,0.010790006486835911,0.05110059414592786
Q8GXA4,0,489,M,test,0,0.32347487475418096,0.2640125024931987,0.0016071041901446626,0.0056093450469306035,0.13197823706177753,0.029162144276007152,0.05856498702404996,0.12111003720259414,0.06161579508108649,0.002864972870029767
Q8GXN9,0,930,S,test,0,0.9498666181357354,0.04108719866358685,1.4000272565072332e-05,0.0007643889811015964,0.004390171760428456,0.0019067192193917596,0.00030884108710819725,0.0013311045324636062,0.0002641657804536678,6.679156716540925e-05
Q8GXX0,3,191,U,test,3,0.10507215462978436,0.19745421318238385,0.0504141670320012,0.3653080766866965,0.022546611783086683,0.1408151722419031,0.015496045041214792,0.03659676467317924,0.013463197129000954,0.05283359760074933
Q8GYB1,3,285,U,test,6,0.019302698973907975,0.007573823619462976,0.0003697850774116082,0.3750434075865704,0.0021279662961958806,0.008515478716234315,0.5808785930805938,0.0022652083138292142,0.0010370879501593589,0.002885950385634538
Q8GYD2,0,230,U,test,0,0.8479790578840954,0.12408675221449239,5.779262542255348e-05,0.015097598481576872,0.0003485341640254562,0.003058290051965043,0.00036526066021914683,0.006449158674067292,0.0011790758676429012,0.0013784793764929008
Q8GYJ3,0,289,S,test,0,0.9590257509087966,0.026993753678025628,3.087427500219697e-05,0.00033715684910544364,0.004856283828544564,0.00013203252597752683,0.00797933814291569,0.00019210619417691873,0.0002544993212732661,0.00019820427618217292
Q8GYX9,1,286,S,test,0,0.5200595412537262,0.4244602447347962,0.0008066973769677672,0.01208813617148604,0.02408713173144506,0.002604051103992726,0.006345166079950802,0.008021041986685374,0.000928502964606392,0.0005994865963433829
Q8H191,9,497,U,test,1,0.08524123324044479,0.7186117521067329,0.0332183500886782,0.04693696842150947,0.012957777238749031,0.017032677171642592,0.01305940594013301,0.012957777238749031,0.019758251971062506,0.040225806582298476
Q8I948,2,156,S,test,2,0.006297652474077049,0.00033116595576341315,0.9718868645821311,0.004923812837445673,0.00010584701349222927,0.0010690168106598393,5.787756284511654e-06,7.505676724176424e-05,0.009907597263904552,0.005397198538999827
Q8IN43,2,129,S,test,2,0.006691744398374355,0.006092903065238031,0.40441318423662054,0.08345537442280289,0.07096613781650515,0.1719095220679573,0.02720003699287688,0.07176760420360946,0.15111818564832624,0.00638530714768914
Q8IN44,2,129,S,test,2,0.004560463611531705,0.005415684561833605,0.7093147659406681,0.04642029867346732,0.03382941346860642,0.08438529102680896,0.008722116268815167,0.0236167368345062,0.08210914609734496,0.001626083516417586
Q8INM3,0,1420,U,test,0,0.919007503049414,0.07198223184187023,0.0010844867941908467,0.001679685947463758,0.005118516069393259,0.0005582459048023692,0.00013259502354959996,0.0002053671841920165,4.727821390052503e-05,0.00018408997122330907
Q8IRB5,0,1465,U,test,0,0.9661469400698487,0.026772586676718366,0.00026869347127541276,0.0008879218347146539,0.003789751067922618,0.000783588276681924,9.884680242352762e-05,0.0011050365116205638,0.0001102715830544907,3.636370573975522e-05
Q8IS21,1,1529,S,test,1,0.3228270234294338,0.5281097490558498,0.0006087662996396382,0.012323298952768163,0.02787967316844907,0.01821265437819161,0.0008584980708555237,0.021628062118941683,0.06494891141553817,0.0026033631103324286
Q8ISB6,2,482,S,test,2,0.005642831572529938,0.017862968928701747,0.8374704489122248,0.009017220161677662,0.02465538602210874,0.0471086373684052,0.006149209373642542,0.028994459065366143,0.01704496406122419,0.006053874534119016
Q8IUH2,2,290,S,test,3,0.011038759630779887,0.019678719176809793,0.19874800575083862,0.4207495415706692,0.12633190943208786,0.11752452602822265,0.029083259159932536,0.045221332081601034,0.013845707173821177,0.01777823999523729
Q8IV08,5,490,M,test,4,0.0015843531428840452,0.01820292678702025,0.12488130358930519,0.009935495347279246,0.2749051723043624,0.2503040110630154,9.514779138530134e-05,0.17749211019984082,0.13715527818692508,0.005444201587982238
Q8IVM8,4,553,M,test,4,8.918476578147101e-05,0.0004389828200729218,0.0017092932073689618,0.0007014925287079841,0.9135424997367665,0.0322519984523374,4.147476605217683e-05,0.009496503412466441,0.04141238289444952,0.00031618741599667255
Q8IVP5,3,155,M,test,3,0.0013740582395878997,0.0024880982143996953,0.0013111355284889205,0.7117797968778257,0.08770848367532227,0.10415639202065369,0.013293828143561094,0.03735635240880575,0.029071858546558464,0.011459996344796566
Q8IW35,1,865,S,test,0,0.4758505384359007,0.468473182822384,0.0003541548178420235,0.004701662842667561,0.03380377652839486,0.003521382718224725,3.1928019577260775e-05,0.011456317147852607,0.001057310980532566,0.0007497456866237111
Q8IWC1,1,876,S,test,0,0.5519082567115569,0.32955944662805203,0.0013053964407212782,0.02913603011366457,0.03190606099517865,0.003548435414596944,0.0008042313887432125,0.05014628190893612,0.0008297604540091956,0.0008560999445411432
Q8IWF2,5,684,S,test,5,0.002798937138426137,0.01598142948734944,0.1916751926571934,0.14188558731461834,0.12375481629351988,0.43194673552318175,0.0005686385889895692,0.026555576129097678,0.044472219335870984,0.02036086753175284
Q8IWT3,1,2517,S,test,0,0.5467700860863758,0.28812759601470056,0.01041337363500542,0.024023402054377307,0.07074674837940227,0.02498038254887814,0.0007197983667569758,0.013061295962149944,0.015754930394410116,0.00540238655794352
Q8IWX5,5,399,M,test,5,0.0005687335986526908,0.0019240012281418093,0.001751822737405916,0.02081667780930176,0.14135604844217264,0.6849918243072176,0.0006054137958061163,0.09055608349149595,0.04734834944038051,0.010081045149424995
Q8IY17,5,1366,M,test,4,0.07048020301818243,0.12601317089756814,0.0036239276025763867,0.05032076536653145,0.638699095287946,0.03603293639323305,0.00911055291859648,0.04262334353854228,0.01974441983567417,0.003351585141149606
Q8IY21,1,1712,S,test,0,0.5863013835579207,0.22080312563887236,0.0018660689149390876,0.055136959736629465,0.002250908630400983,0.09422720923748384,0.0009988347253584973,0.01716004862641427,0.01841004556570995,0.002845415366270809
Q8IY49,7,270,M,test,5,5.6976059849183136e-05,0.0005405738510781453,0.00026760343594240207,0.00971143231861316,0.2147019963127092,0.6717430982348874,0.0023665623856106636,0.056447640339840295,0.04227732887858313,0.001886788182886393
Q8IYW5,0,571,U,test,0,0.9450908261847438,0.05008797698126375,8.016092725827971e-05,0.0015483943211982807,0.00169394863027133,0.0002469130257035186,2.4447704965687952e-05,0.001080953511329395,2.0267858328542804e-05,0.00012611085493735837
Q8IYX3,1,515,S,test,0,0.6845821319349374,0.28095194890350905,0.0019531308085312016,0.013557414192849978,0.01248967602352234,0.0031455733175151882,2.2738599749364102e-05,0.00109560718561341,0.00036698243418263393,0.0018347965995893728
Q8IYY4,1,767,S,test,0,0.5097259057253998,0.378796128129958,0.005574753912888806,0.03176873408039195,0.04231855580623642,0.01217638230848956,1.6930698031609977e-05,0.01751012668536872,0.000635319843002356,0.0014771628102327452
Q8IZJ1,4,945,M,test,4,0.006457739695829254,0.027401338076865366,0.1872541823410729,0.01598305931062178,0.6484950500216761,0.07991026741142362,0.00021754585545595367,0.020283560322083817,0.012643641245053891,0.0013536157199173881
Q8IZS7,4,167,M,test,4,0.009030695963488686,0.009317360746376369,0.29672831081858747,0.0039145169289633444,0.5901147087737795,0.03523639955165917,0.00012583193993259402,0.05227345782879874,0.002819520816200325,0.00043919663221378755
Q8IZT9,0,166,U,test,0,0.9350527170490317,0.0561542822060548,0.0033657465351212257,0.00015287310730617681,0.004111735518553816,0.0003667235179098494,3.519338812694328e-05,0.0002946706345245537,0.00029010217674468,0.00017595586662623558
Q8IZU0,0,186,U,test,0,0.9751275454604654,0.021882633884624095,0.00064046760295132,0.00018638668662544986,0.001677549039289627,0.00018638668662544986,1.0849007234918445e-05,0.0002079293994231384,5.3400681330336344e-05,2.685155143028356e-05
Q8J025,4,514,M,test,2,0.0018698274016168948,0.003412374990027636,0.7782875821916664,0.007424254934434663,0.11658943482094963,0.047661661575973305,2.013282163352739e-05,0.017245062853233403,0.027103807733994515,0.00038586067647008944
Q8JZL0,0,594,U,test,0,0.9536499769229861,0.03815079903855857,0.0004878104835236937,0.0017362072531547583,0.005107982584873937,0.00030526399833014263,3.903220784390549e-06,5.7357405861329794e-05,2.045141273299942e-05,0.0004802476791940743
Q8K0T0,5,780,M,test,4,0.05780608847578078,0.1071555526050279,0.026208359448144588,0.017322667376310195,0.5182478000246316,0.19290006059105808,0.00012042428449980936,0.07075636995106475,0.006176588081516926,0.0033060891619653763
Q8K0T4,1,488,S,test,1,0.2967128364102797,0.5289478138821234,0.001374052911516742,0.039533159407287924,0.038466817443991705,0.014772462202852768,0.012342854953504102,0.0292640114488356,0.011415274461609342,0.027170716877998786
Q8K1M4,0,789,U,test,0,0.9410843193174587,0.05564029811617693,0.0001798796363737519,0.0002038303309391884,0.002364826440316921,0.0001798796363737519,1.4475509467234744e-07,7.982110633575404e-05,1.726252438252278e-05,0.00024973813654777596
Q8K1S2,4,956,M,test,4,0.008776965727845098,0.026408691491082267,0.21939652109933064,0.019548762983402235,0.6498997938391594,0.04598800558083749,0.0007261077553984525,0.020090673523452892,0.007929327126100378,0.001235150873391086
Q8K1S3,4,945,M,test,4,0.013977615561955575,0.056704165118017465,0.17568754481037296,0.041404707643746,0.5411557349192532,0.11432206195507731,0.0007236260878125053,0.03199507919345157,0.02098288493447432,0.003046579775839161
Q8K1T0,5,453,M,test,2,0.0006205213765365086,0.0028247782227342117,0.6392558857932649,0.003830967497874027,0.1860340697700801,0.07694703394501223,0.00027108573894166807,0.03060741557787368,0.05899734091416348,0.0006109011635192198
Q8K203,0,606,U,test,0,0.8700694616477824,0.09314877833823071,0.0006375153007444035,0.020949874921335376,0.002482331004849437,0.0012288429412061041,0.005173621914323103,0.0014143896302690163,0.0002575794808621211,0.004637604820397263
Q8K3P6,3,469,M,test,3,0.0024327293042056973,0.009109576931597106,0.0014755248525611681,0.6640707763869597,0.0552606215254345,0.09128749325853518,0.01235441865184832,0.09164477842789015,0.02795007853059817,0.04441400213037005
Q8K3Q3,0,521,U,test,0,0.9731967504946029,0.0239857823820089,0.00016937100415139397,0.00030669126734654046,0.0017105864808111954,0.00017474739876749927,5.920534077623161e-07,0.00022438011412618814,2.679838505486696e-05,0.00020430041972283316
Q8K3W2,0,274,U,test,0,0.4879863844020688,0.4045549321321452,0.002947367719178531,0.02169336185996257,0.05995580909088077,0.007826183899811632,0.0013706533896892408,0.006437642946729777,0.004859387860460591,0.0023682766990728073
Q8K4G5,1,861,S,test,0,0.5086997942182521,0.42172695820865375,0.0016445767298410847,0.022791539260135902,0.025129579969738913,0.006658674938356471,8.060924610010881e-05,0.008222366066664764,0.0012221456740439355,0.0038237556882130042
Q8K4I4,2,270,S,test,2,0.00012919684704925389,0.0018329478667598925,0.9238796988738069,0.00024137145890254508,0.005640366109708993,0.019783176234930512,2.882771203885705e-05,0.0016885908768432202,0.04458207256151364,0.0021937514584460982
Q8K4S7,1,938,S,test,1,0.2126599716990919,0.6653541382001702,0.001783262254638383,0.009792036458541943,0.07823322778607893,0.00762604649018212,0.00016329767958915285,0.014585195230863128,0.006522902807593685,0.0032799213932506238
Q8K4Z6,4,928,M,test,4,0.0005741470007672653,0.002133215174707423,0.01061345475447204,0.0007606212258987097,0.9305309054769663,0.015158595473607537,0.00017239019853929237,0.01087576080941853,0.028991576282092615,0.00018933360353032874
Q8K596,4,921,M,test,4,0.00011124502715571017,0.00024680787644180144,0.0009170025653802627,0.0012731319386012324,0.7020326903878062,0.10935559948379232,0.004374774204732779,0.02170228228862312,0.1591114562405816,0.0008750099868849064
Q8L5W8,0,416,U,test,0,0.983887253455813,0.011102122235080863,0.0001608571325850218,0.00045113498265418286,0.0035346175947259706,0.00013128777186039017,0.00023773143724502098,0.00035134426372532485,4.60863410904426e-05,9.756478521987839e-05
Q8L607,3,386,U,test,3,0.2145811040937687,0.16452503354698594,0.0006316389829832665,0.5067727612077331,0.01119606859037785,0.03656737912336123,0.006379327795093091,0.03031541807341393,0.011825406100635228,0.01720586248564769
Q8L735,6,882,U,test,6,0.009297798144794025,0.0367017490023645,0.005864047413870478,0.06790154184975901,0.018346981572532128,0.04588843476784468,0.7801334839506187,0.009744008793168422,0.013009958001125288,0.01311199650392283
Q8L748,0,1101,U,test,0,0.6409545956886398,0.17116808309047407,0.0014693697998131867,0.020443114770944303,0.020603451245977858,0.035460780738013335,0.02210427553061785,0.025243875308238167,0.04465186427837018,0.017900589548911303
Q8L7F7,0,739,U,test,0,0.5085389477349239,0.2830445392309585,0.001709548594091818,0.09592561910874,0.017953620740761237,0.03188101489044325,0.014313874381302742,0.010804679885520477,0.013658394669754294,0.022169760763503757
Q8L7M0,5,465,M,test,5,0.046715341715047015,0.1656202830250341,0.0013046667503166637,0.19287481989353467,0.04011414217813143,0.3645851628219518,0.025798661748453643,0.11556514403683546,0.010754482868205564,0.036667294962489654
Q8L7W8,2,843,S,test,6,0.018401952220474062,0.10486680132510585,0.2286032557483338,0.08103479339323276,0.055368959181787976,0.08056136860711578,0.3261823909668685,0.02635958011352073,0.04397188442237081,0.0346490140211897
Q8L856,8,239,M,test,4,5.345215361808063e-05,0.0004139155238145214,0.001574352628036612,0.000531478090399875,0.6921354583205618,0.14283020899561358,0.0014789673841494003,0.031375635646342874,0.12803217862942667,0.001574352628036612
Q8L9A0,3,270,U,test,3,0.004527485470418596,0.0012908279751253067,0.0003447179856935661,0.935631180319725,0.00017064776054899342,0.0021116538160729087,0.055317888016001585,0.0003188119994423585,0.0001816536057510432,0.00010513305122059002
Q8LB10,6,305,U,test,6,0.0006794158702489756,0.00031105925757644545,0.00020721013340936162,0.025494890111993487,0.0006283569216241172,0.00033371784255115035,0.9717543768209439,6.622833172402663e-05,0.00011265819211713284,0.00041208651781145364
Q8LBP4,6,462,M,test,6,0.00012291343795187265,0.00012484904643611248,0.000323833757553407,0.05888581000926281,0.00739927043353047,0.017136747301288682,0.9068482072324443,0.0040544653982794495,0.004166859271090446,0.0009370441121624928
Q8LCT3,6,236,U,test,6,0.00023477367655189103,6.506708857194734e-05,2.972731716674333e-06,0.0066890778445176284,4.1683540747585605e-05,0.00013667507354144447,0.9927471982406894,1.9084115560661157e-05,6.493042881429591e-06,5.697464522142367e-05
Q8LD38,3,108,M,test,3,0.0005800775311033643,0.004670863552759998,0.026090173315005967,0.7554256992556662,0.021682385574836233,0.14759452790495986,0.022590192263637055,0.0017867643799922082,0.007464018260288237,0.012115297961750874
Q8LDF9,0,241,U,test,0,0.9830895583929641,0.015162499500625499,6.294148574693731e-05,0.0003766317647191008,0.000625831070023164,0.00033761054241086277,0.00019387343336393814,8.603081300484872e-05,4.394023891547464e-05,2.1082758226101343e-05
Q8LDL0,6,231,M,test,6,0.00016448892583750525,0.00011129877555321303,0.000565221811634334,0.06635957001848924,0.0004266518279711845,0.0012900208698665048,0.9304915821621661,0.0004167684864924347,7.769906996686392e-05,9.669805202260751e-05
Q8LDV3,6,185,S,test,6,2.4050440358963875e-06,9.87028131106105e-07,1.391932843523045e-06,0.0004173053625139642,7.013808150351837e-06,6.8513332648242676e-06,0.9995578186202451,2.4050440358963875e-06,1.7322883201878644e-06,2.0895384591915352e-06
Q8LE52,6,258,S,test,6,0.006486543695494848,0.023154535260735316,0.001402813411340919,0.3597303762722126,0.0010588990219773536,0.013948259462657023,0.5838999965409806,0.00234927012941239,0.0005324479041291756,0.007436858301059835
Q8LFC0,3,367,U,test,3,0.006266816117010661,0.13932803414314274,0.005236121413244699,0.7771092731981197,0.003380693995174996,0.006415429590053667,0.04758950371065722,0.0011323905897464115,0.004207341508711538,0.00933439573413837
Q8LFH6,1,137,S,test,1,0.3754163580232449,0.40276297047243115,0.0060208186853358955,0.11928927030432888,0.00992665119086622,0.014443193384277476,0.05293429173931511,0.008229482416856117,0.007149898819992629,0.003827064963351598
Q8LFP1,5,241,M,test,5,0.010892040501983483,0.006062334163573912,0.002230207984529733,0.12176522321124461,0.09227294073525595,0.52892400804624,0.05842358836619513,0.10253659272702756,0.04138808851644726,0.035504975747502436
Q8LFP9,6,220,M,test,6,2.852576443356655e-06,4.04581352809321e-07,8.786553647270995e-06,0.0013454349111139366,7.759051290637047e-05,0.00015273300079413389,0.9983383317152313,3.728290866045553e-05,1.9646713357062146e-05,1.693652649329442e-05
Q8LG50,5,389,M,test,5,0.00378862767353106,0.008083431027596543,0.0011736620184769984,0.1958436066400904,0.01724683861086097,0.6471828204192701,0.017587004180288864,0.06382995826053445,0.013696772008118857,0.03156727916123175
Q8LG77,3,374,U,test,3,0.0071932069551686306,0.10086289252505443,0.0019209591362447118,0.7749701895337567,0.002883701177984942,0.006652628672024863,0.09183670021355919,0.0013202546664658366,0.0056020749004978025,0.006757392219242902
Q8LGU6,0,744,U,test,1,0.38898379336848354,0.5073305074447114,0.00028501533765038655,0.02774103383905026,0.01174629225317424,0.015561308741378432,0.0003033972285902162,0.031251059896869694,0.008136419107915994,0.008661172782175854
Q8LK61,1,496,S,test,1,0.015987797505545586,0.5505337393410086,0.013254348849046662,0.23493897595371604,0.012647390064443804,0.007791830615012848,0.02656616030381022,0.0013646367685944468,0.009181019376203917,0.12773410122261794
Q8LPK4,4,1013,M,test,0,0.5693730849807153,0.31199071566738057,0.0024385678706716415,0.05759987002014799,0.00683913303335892,0.01219207264203009,0.0032305776458187202,0.010107582679760781,0.005326321943182844,0.020902073516933167
Q8LPQ9,0,901,U,test,0,0.74695581967309,0.2207997166017041,0.001464671703244495,0.004012616858249133,0.01107918948173852,0.0027794584452619396,0.00014502211856125591,0.009625767456819352,0.0010066531935111628,0.0021310844678200055
Q8LPW2,3,148,U,test,1,0.2362765912833486,0.3179449066998226,0.008148351494494093,0.27623533559415175,0.0013724062272252927,0.0103004823834523,0.07003104523683328,0.007775211525726795,0.01752170879576102,0.054393960759184304
Q8MIR0,3,373,U,test,3,0.009200134315188424,0.06336461856683559,0.000495267690812747,0.7779934811316972,0.0006664555311261378,0.008055906859158647,0.05253111412171994,0.003775728018825449,0.0006260770554583332,0.08329121670917755
Q8MLZ3,1,867,S,test,1,0.22155643928647017,0.626243887326947,0.0005364616500734473,0.021512756055267434,0.07626934325119865,0.020367870042086993,0.004089774550815485,0.007522246776281182,0.020850880004768355,0.0010503410560912011
Q8MMH0,2,109,S,test,2,0.00021208691578589672,0.00010057486964955215,0.9985179904796327,0.00038705189359464947,0.0004594110926868551,0.00017929408553771098,5.036002069178945e-07,1.1825727397940163e-05,0.00011943560810983293,1.1825727397940163e-05
Q8MQ70,0,846,U,test,0,0.8453912481009286,0.14017960008058022,0.0010373553648006034,0.0020310433436957977,0.006924819924515166,0.0012127912704628023,9.207052513259116e-05,0.001834894591765771,0.0003367799407674147,0.0009593968573510238
Q8MU95,2,488,S,test,2,0.004829086491492544,0.022504604087566226,0.851102315128237,0.005690054653367547,0.032747999702876424,0.050124057967714644,0.0018910975697415701,0.01583396499163285,0.013385721837629632,0.0018910975697415701
Q8MUG0,2,274,S,test,2,8.812501384170864e-05,0.0012165283227124036,0.9760375954778155,0.0003710201609689257,0.004704597280668936,0.00435741932622052,0.0005791542780787766,0.0003540298981740085,0.012096016345314245,0.00019551389620491743
Q8MVA6,2,69,S,test,2,6.681163739770625e-05,1.2553535529181506e-05,0.9957508524324491,0.00036259392374648157,0.0027108088592235056,0.0003101430614257067,7.001800623280638e-05,0.00025611520813343427,0.0004373718175478399,2.2731518314279415e-05
Q8N0S6,0,344,U,test,0,0.49943447907136707,0.3149893742012786,0.005212066932611963,0.08336206160670435,0.010528664575100658,0.04246298410393274,0.007236237786614172,0.01240579822745871,0.010528664575100658,0.013839668919831105
Q8N1Q8,3,247,S,test,3,0.0045610512561666625,0.008036225094889767,0.000544739886579303,0.9546102275938975,0.0012469220661326733,0.008947563348797349,0.01552051211102815,0.0021210859974346553,0.0005708825186765169,0.003840790126397424
Q8N2A8,3,252,M,test,5,0.026922788508594208,0.0554581918597103,0.09396976990714172,0.18077805663567698,0.23809282514931562,0.23996022377157616,0.00039933109711762205,0.06308832028380826,0.05481208496002306,0.0465184078270361
Q8N2F6,5,343,M,test,1,0.2033585559118607,0.3143533392676659,0.017943651915369077,0.046542289479288415,0.23636125950042622,0.07794366589568474,0.0009074302288489018,0.06070258322461934,0.031003850698203876,0.010883373878032818
Q8N2Z9,0,138,U,test,0,0.8469103221319491,0.05371983508759117,6.643507297981227e-05,0.08651733510124127,0.0030783916146677067,0.002492957762509142,0.0019114170719286365,0.0027810950257895696,0.0008615431414044153,0.0016606679899391844
Q8N3G9,7,435,M,test,4,0.00023699051026183758,0.001261295972461205,0.10833895111051085,0.0010621178568877212,0.8521518632237218,0.02533380851193039,1.7712491015579564e-05,0.008746583869029177,0.00275492363046108,9.575282372035977e-05
Q8N427,1,588,S,test,1,0.3844779362443276,0.5682215588080765,0.0008814044836189487,0.014734146850673393,0.004338424574530706,0.012652109148786762,0.002757670773724214,0.0027149170147240933,0.0074961258608499184,0.0017257062406879306
Q8N4C6,1,2090,S,test,1,0.17672938360005047,0.6464492821643981,0.004091839950614649,0.026064056939147148,0.09312985184786715,0.018338354881888997,0.00012550868844191654,0.02941930274124953,0.0048591798491279745,0.0007932393372140265
Q8N4T0,2,437,S,test,2,0.0015486245055930843,0.0028932113658493323,0.7775259737092457,0.009486474246969504,0.03893822865742248,0.0628337348514921,0.00014631287426438076,0.04072728445042282,0.06457554651217935,0.0013246088265612256
Q8N4X5,1,818,S,test,1,0.268784206116861,0.6863644998286149,0.000645751159825515,0.003924921314612658,0.033120711749832686,0.001410450028811579,6.393801855602595e-05,0.0048466312807625865,0.00028655030183884217,0.0005523402002842466
Q8N556,1,730,S,test,1,0.2863545752353524,0.6157590229416479,0.0008696675760831344,0.007571705247979633,0.07587640084302408,0.001599563422537425,4.196605058393072e-05,0.010349293371492681,0.00035137744719625365,0.0012264278641025484
Q8N573,3,874,U,test,1,0.2975506175400666,0.6105342484618193,0.0030570775156577024,0.01872687034783188,0.025797352098683446,0.024424444793073666,0.0021341841122724707,0.007745770708673556,0.007685491786578701,0.0023439426353426924
Q8N5M9,5,183,M,test,5,0.004189304796985087,0.0003412029680952492,0.0035833022411636654,0.037485005754748044,0.10804359527931214,0.5529941061225447,7.49523506056072e-05,0.2612159113261413,0.029193354686189308,0.0028792644742148855
Q8N5Z5,1,321,S,test,0,0.5917150116788185,0.3267760163558938,0.005985112267926834,0.011902816335413725,0.04705357445127724,0.010023176305549905,0.0003429742549312935,0.003687320718438835,0.0013354591383481487,0.0011785384934017288
Q8N695,4,610,M,test,4,1.9295236140858052e-05,0.00023876579999365478,0.0002463450480882752,0.0007017717083325298,0.8720553495809674,0.0389188202475881,0.0004495718721897325,0.015480836688374593,0.07158266246019085,0.00030658135813404076
Q8N6S4,5,541,M,test,1,0.22489475575569767,0.3736968830126277,0.008926907304853928,0.10176474316702942,0.12135123867491525,0.11297379118463607,0.0085181144480189,0.026650821045483806,0.012012467383990044,0.00921027802274717
Q8N7H5,0,531,U,test,0,0.8341148713501471,0.13405446100348925,0.0009319241667417271,0.004959828461071804,0.010960961195023919,0.00738764194800908,0.000681810282919893,0.0028930423866445187,0.003278246466433979,0.0007372127395188014
Q8N7J2,4,671,M,test,1,0.41748312067675336,0.4514068955954114,0.0017330262324407658,0.002090428720619182,0.1224474085949864,0.0016536652091506468,0.0002964858427960661,0.0019637760683670303,0.0001798277223976563,0.0007453653370774721
Q8N8N0,8,203,M,test,0,0.5103588338876018,0.06606773590791992,0.014253309651827563,0.02139675343056578,0.27531794979292656,0.05112803217381931,3.166998576566988e-05,0.05664886422117596,0.002806643153117146,0.001990207795280206
Q8N8Q8,3,333,M,test,3,3.87368770593669e-05,9.587470131688464e-05,0.00010205808640240718,0.9668436958868276,0.0019455423473524079,0.024204460193924145,0.0012678444246415985,0.003859738473238645,0.0006812842712174593,0.0009607647380194727
Q8N983,3,215,U,test,1,0.26953639432429966,0.5155018322464393,0.029310722034129044,0.09620005546380211,0.03898237538124751,0.013845405551339132,0.003874884716110848,0.010867383138573699,0.006192048035580205,0.015688899108478458
Q8N9N8,0,165,U,test,0,0.9059489782253816,0.08167377901913585,9.56301582446619e-05,0.005870386453194271,0.00030869792936375184,0.0033710793952107265,2.494661897867295e-05,0.001861686774588232,0.00024041419352538367,0.000604401232376919
Q8N9W6,1,283,S,test,0,0.8229458897901252,0.1475460779788441,0.0010582753020622593,0.0075495215667104555,0.016361347593299685,0.0009339246376882353,2.196380379288127e-05,0.002008253613734244,0.00017275869055134263,0.0014019870231915946
Q8NAP3,0,1195,U,test,0,0.9047901736720533,0.08285383977497222,0.00022911138054052484,0.0030416208676776854,0.007260928947117647,0.0006629558125181476,5.6146157226438257e-05,0.0008512521844733585,6.987502356676969e-05,0.00018409617985391618
Q8NAT1,5,580,M,test,2,0.0012573454387334354,0.0075237537348123345,0.37111154467585655,0.031924624227372446,0.09059023177708056,0.302892418910639,0.00034915222457315844,0.16212663171957048,0.02822846194696866,0.003995835344393359
Q8NBI6,5,393,M,test,7,0.0016271366483160865,0.008659844834717689,0.01226013565180863,0.013570733698984667,0.03850870409014929,0.38589750012178853,0.00019739407288619593,0.5192818411792489,0.016497816160170525,0.0034988935419295137
Q8NCE2,1,650,S,test,1,0.3513251651020073,0.4475999016042769,0.0020406628654728405,0.08169330162543706,0.035195947775120175,0.017355330821802763,0.03972674655819557,0.006796444975102957,0.007234778477575341,0.011031720195009156
Q8NDT2,0,890,S,test,0,0.8382560919455053,0.14118536336577941,0.0003137053106016668,0.004100099356955,0.01043424607493961,0.0022820486596154916,1.4000302659822641e-05,0.0017091757083133555,0.00029933965935921466,0.0014059296162710637
Q8NDV7,1,1962,S,test,0,0.7599130314775836,0.22114730003253247,0.00017520545321753696,0.00462576423528902,0.006104250006516097,0.0017420786994661879,0.00017520545321753696,0.003956625725543725,0.00018650524828532782,0.0019740336683485476
Q8NDX1,4,1056,M,test,1,0.3257825709823686,0.5717662638143827,0.004832156523355382,0.008681811491434438,0.07558763858553649,0.00834921756979027,1.6759839318549913e-05,0.002373475375676762,0.0008462886422642511,0.00176381717587261
Q8NDX5,0,983,U,test,0,0.9549596769027465,0.0376109079470492,0.00013778222307895752,0.0020727094535122337,0.00412207437716035,0.00018832598299201598,1.2421444764256407e-05,0.0006079236743181601,5.743617944467965e-05,0.00023074181493366042
Q8NEC7,1,633,S,test,0,0.5702073436325854,0.2935175824788285,0.0007928470540191322,0.10303435970800584,0.00669049269190556,0.008932979561668674,0.002223594293301481,0.010281796318773094,0.0010836933244873811,0.003235310936424995
Q8NEW0,7,376,M,test,4,0.0015599447369105052,0.002360120926648953,0.00046838032165824037,0.0014427128757661307,0.4192218860982927,0.1860285884085418,0.0001644169564950566,0.05498994247364657,0.33163181583837087,0.002132191363669123
Q8NF64,0,920,U,test,0,0.9335219757340418,0.0615724508789609,6.362266154895897e-05,0.00045922133260375877,0.0036977128715415335,0.00015262283303159067,1.3623618313418009e-06,0.0002941882464674291,2.8232386850841532e-05,0.0002086106931218631
Q8NFA0,7,1604,M,test,1,0.34963844779262643,0.4930692832108973,0.0009370905879768612,0.02360803738777366,0.06672966776617899,0.02360803738777366,0.003374593016622499,0.015973997080475078,0.02003588057631725,0.0030249651933582757
Q8NFJ6,4,384,M,test,4,3.80235198687677e-05,6.269017928661517e-05,9.121367815281097e-05,8.30509999308095e-05,0.9639838524595633,0.010877533353894221,2.0673026515193117e-05,0.016329112700617522,0.008471431782226181,4.24182999445198e-05
Q8NFW8,0,434,U,test,1,0.21015271944459174,0.5493698820730177,0.0005676625986598473,0.18691370246936456,0.001694727604869749,0.006861729677986913,0.011491233701679938,0.0029282265434466583,0.0014955917425138467,0.028524524143869023
Q8NHJ6,4,448,M,test,4,0.0012198487193029492,0.002103596867706657,0.1076834172107712,5.015287613681093e-05,0.8876437896007973,0.0011325911306338,5.872298041267338e-08,0.00010784562321439568,3.905910017721362e-05,1.9640148279270296e-05
Q8NHS3,8,518,M,test,4,8.277253068356511e-05,0.0008102527931272909,0.0001620607507868782,0.0014902829416734847,0.460973709553379,0.1473360507822735,0.00021807658764412825,0.18336267758663588,0.201384514453015,0.004179602020781254
Q8NKC1,8,281,U,test,3,0.031713082053474756,0.150410752914167,0.014519306063711448,0.3955063224174195,0.013428163796366441,0.24750155587459544,0.018211293476740616,0.08082418008405584,0.01923495862449673,0.028650384694972223
Q8QFR2,0,1013,U,test,0,0.6258711571936507,0.2956406342884109,0.00018528587997357473,0.013827294891357048,0.024125882854220224,0.008256655652236862,0.00011962954105989383,0.024362641829851234,0.002680543495698179,0.0049302743735413785
Q8R0W1,0,432,U,test,0,0.9163717476756893,0.06956747059805317,0.0006507836990088644,0.0035318731680567127,0.007440555718312996,0.0009177522000735395,9.577602965456356e-06,0.0009322046381716228,5.511530162308572e-05,0.0005229193980452584
Q8R2Y0,3,336,M,test,3,0.020554150614502453,0.07423549539542128,0.0068847773526164785,0.36433099654211365,0.021206605442591488,0.35312171664828235,0.01135107935127944,0.0654486601525672,0.016387197127631155,0.06647932137299452
Q8R2Z5,2,415,S,test,2,0.00089617784642118,0.009122063843660402,0.4715422136802491,0.004143884181323091,0.41613454355712504,0.04185174924228518,9.013097100160835e-05,0.023875535105510763,0.028961561916154368,0.003382139656269222
Q8R366,4,611,M,test,4,0.0009950607108624087,0.004060468370965853,0.15236795699725256,0.006853338203180414,0.761791862849501,0.04869972409480383,3.7984520585189744e-05,0.012556075737474684,0.009932673094581889,0.0027048554207922126
Q8R3H7,7,356,M,test,7,0.0011698609080807872,0.002118344606562145,0.0749664878880432,0.022073655288436838,0.07409310114268697,0.28625553072583215,0.001455915318791684,0.45034316236717015,0.08696263633163066,0.0005613054227653706
Q8R400,0,80,M,test,5,0.00965607344011525,0.004490491428729456,0.008195002490791936,0.02032248099049221,0.061028263922996345,0.7914265920235285,0.0021884906843391604,0.05281555605889505,0.04706697124323228,0.0028100777168797906
Q8R4E4,1,245,S,test,1,0.3664978317470221,0.5501783746758031,0.022356509342309774,0.010643294577444588,0.029444531979422955,0.012346438708005726,5.541624599711525e-05,0.005227810481356947,0.0007414612682797888,0.0025083309743578674
Q8R4V5,0,546,U,test,2,0.0009365289639905631,0.001618176940404545,0.9206225922612797,0.0004783321954975022,0.055287681823699676,0.008445585192940903,5.3667383621496805e-05,0.0017772197122525603,0.010697093851022552,8.312167529043556e-05
Q8R507,7,461,M,test,7,0.025436359062384714,0.026243795203368617,0.12655434842496782,0.0791183817846427,0.038483979036004444,0.2865905612250125,0.009883503845449336,0.3484055218187075,0.04193746079830657,0.017346088801155825
Q8R5K4,0,1152,U,test,0,0.6043899551743802,0.29919468873276855,0.010645711493465425,0.04425470391221214,0.012063171249428309,0.015610903557029992,0.0001817441305935127,0.0023940093372316292,0.002015958073942653,0.009249154338947515
Q8RVC7,6,411,M,test,6,0.00011433359999809257,0.0002070314119797024,0.00038678560753622446,0.1768169887291231,0.014289003166015167,0.014457437513789004,0.7680580181454401,0.014344929087796809,0.007984155025582062,0.0033413177127397517
Q8RWV0,6,741,M,test,6,0.000893729792260747,0.0037650402897183815,0.0004493955614863786,0.02531502568429002,0.0006337493507343642,0.0006337493507343642,0.9648987598638292,0.00019028605208169886,0.0003965901829719726,0.0028236738718928726
Q8RWV3,0,416,U,test,0,0.87193567820221,0.11437306718332643,2.988094499830292e-05,0.003480855891469176,0.0026897970044222857,0.0021953482963604273,6.526598830219375e-05,0.0034268901712729252,0.0006096261874354997,0.0011935901302027546
Q8RX88,5,424,M,test,5,0.0013022384907104946,0.0023214908802375186,0.001167319064365736,0.008198313751002592,0.039265041917247556,0.8136942720064408,0.0012820490462800097,0.034923051983690154,0.09200999517779777,0.005836227682227285
Q8RXL8,7,357,M,test,7,0.00029109498145045524,0.0009694943245785586,5.555644971580845e-05,0.006079709402236558,0.14615157835283854,0.25650403936747435,0.0009694943245785586,0.5022104584803826,0.08071256754064797,0.0060560067760965725
Q8RXN0,4,703,M,test,4,0.006232104333848927,0.019271364650927835,0.00800217976423554,0.009958873614209223,0.6161336967662018,0.06792375521276618,0.012787446522572412,0.07416382514868482,0.1724360604483939,0.013090693538159432
Q8S1D9,6,435,U,test,6,0.006924064141809742,0.015787550672264304,0.0026486906303280714,0.033162149466486504,0.03938102968163274,0.008483540925493313,0.8586105428430589,0.014947353381958146,0.010516776365387455,0.009538301891580768
Q8S4F6,6,510,M,test,6,0.0004904328389129179,0.0010141952681131017,9.14324775218506e-05,0.026156440427097458,0.0008950242207683648,0.0022325799843015263,0.9662962574305829,0.0007536860080833556,0.0002334810128462561,0.001836470331772254
Q8S8P5,0,519,U,test,0,0.9661895622245826,0.026773767727688625,0.00010688359236379885,0.0005099131056374588,0.004294539997839521,0.0006445905487524051,0.00014839316077751435,0.0006055367613984622,0.00056884917351977,0.0001579637074398425
Q8SPJ0,2,213,S,test,2,0.014725703644783442,0.00421898522957054,0.7435749969610356,0.010200197379384058,0.15955794709809437,0.03600427028171344,0.00034094626426271117,0.01913106372614567,0.012018770239199086,0.00022711917581113455
Q8SRA2,4,559,M,test,5,0.0040978631753666,0.005962355637002019,0.0009582376981204513,0.02556008333490848,0.0925411151872197,0.5894651520701625,0.01589388243101299,0.07151023429202694,0.1826077733036853,0.011403302870495076
Q8SUF9,4,553,M,test,5,0.003743047023945497,0.0075023204826782834,0.0006206579873998169,0.024889128827823567,0.1361353976103146,0.47515921421084867,0.007740469932594629,0.12492485807889107,0.19653439932969466,0.022750506515809208
Q8SUG7,4,536,M,test,5,0.0062400358729064465,0.007705416064709425,0.000722336582839489,0.02920800819993019,0.06604662537574768,0.5530015826225281,0.010781815275549889,0.15236796438694,0.15000571310520172,0.02392050251364708
Q8T0W3,2,63,S,test,2,3.4681283556660806e-05,4.207316858575803e-06,0.9963213868135696,0.0002552628745170981,0.002798462007096627,0.0001889557150398753,3.522743516140793e-05,5.5420532638624675e-05,0.0002932324909564558,1.316353060505195e-05
Q8T0W5,2,85,S,test,2,2.0091128350705316e-05,1.3383576053056112e-05,0.9972714437188028,2.4234524134347756e-05,0.002322218533462736,6.796740255406519e-05,2.1386894502497445e-05,6.321953842261576e-06,0.00025166788549465174,1.2843828028112128e-06
Q8T0W8,2,65,S,test,2,0.00010453738220263061,3.556705486551197e-05,0.9903312513902791,0.0002265537530066316,0.0067251349825230965,0.00017921877578307892,0.0009427144735459604,0.00018204106141779422,0.0012379654872116898,3.5015639164459786e-05
Q8T6B9,0,637,U,test,0,0.7412496019731872,0.2369176237839951,0.0003561912362715257,0.005153043529590003,0.005442698347071152,0.001063390607780982,0.0008281693815040427,0.00282363469947737,0.0011319733168384824,0.005033673124284105
Q8TAD4,7,765,M,test,4,0.002512575094131638,0.00588773043531534,0.0008157137091998419,0.0022173397882655965,0.4428287686268274,0.21581749334147005,0.000304809942091405,0.08857132377934647,0.2370291619114234,0.004015083371928844
Q8TAT5,0,605,U,test,0,0.8632666355560654,0.10637532035270432,0.0008781819954985433,0.016946468280339883,0.00238714620138589,0.0016927402244842058,0.0035279734995103187,0.0012192349954084566,0.0003660807221680785,0.003340218172434887
Q8TBE7,4,412,M,test,4,0.0006660233425828287,0.0023246498404393095,0.0009103460176381069,0.0022009343585148167,0.5961214922491446,0.09213519699990978,0.0009392434409488104,0.15309666114226095,0.15072311500871385,0.000882337599846997
Q8TBK2,0,473,U,test,0,0.5778027671333149,0.30448069633257285,0.005844392711005255,0.029680273905196067,0.02723615009888789,0.030622425882147357,0.0016484864464819601,0.006940387533046478,0.008911633707390086,0.006832786249957196
Q8TCB6,4,317,M,test,4,4.541218861271448e-06,3.103359959396305e-05,0.0001009633913017045,8.840650014064889e-05,0.979155231117019,0.012717006580953176,1.7783670294941507e-06,0.0015670427638451278,0.0062953745218090745,3.862193944659932e-05
Q8TD26,0,2715,S,test,0,0.9736157388291011,0.022897248458768126,0.0001404739266559929,0.00025238596606670183,0.002766921807449378,0.00018609771575916597,3.201988332237626e-06,9.212505867051474e-05,3.628328059151207e-06,4.217792113759578e-05
Q8TDI0,0,1954,U,test,0,0.9349605078253705,0.05527823536134157,0.0002259095254255016,0.0011653300477000687,0.004449750691437373,0.0011472632030573619,0.00040906930361637794,0.0013102157970681623,0.0005679364470644599,0.0004857817979186083
Q8TDR4,0,215,U,test,0,0.6170609299098324,0.2960690702739537,0.006644024372904735,0.004190333392494582,0.06478417981572036,0.0020906348803775986,3.486463708632237e-05,0.008140428389828733,0.0002742316125885603,0.0007113027152129911
Q8TDS7,4,321,M,test,4,8.231390059407267e-06,2.615930158210316e-05,0.0003628856244745703,1.2165204791728153e-05,0.9955790730311639,0.0026475563888392136,6.187307434354333e-08,0.000623955979151547,0.0007098020352386043,3.010917162454182e-05
Q8TDY4,1,903,S,test,1,0.24906148276745987,0.6212678244902484,0.0030625938322606594,0.006090695669012303,0.09416451585240802,0.012018530967443363,4.797919372787293e-05,0.007759747643565589,0.003694193255282571,0.002832436328591363
Q8TEP8,1,1941,S,test,1,0.38490660342760163,0.4293943495510967,0.002235719779356841,0.04301696048410238,0.05480503109766977,0.03086315948271051,0.008051135858444119,0.0365080212885987,0.00830670661432808,0.0019123124160912964
Q8TG42,2,273,S,test,2,0.0011029124879287408,0.0037898613393049603,0.8988169204247048,0.0024278762388580248,0.05882205647731218,0.0048853238293959465,0.005302968880460073,0.0005721834080400478,0.023306579987718904,0.0009733169262762623
Q8TGH6,7,599,M,test,5,0.009223782370434332,0.015446930978074506,0.26955845697850045,0.019679900073205133,0.11868498362443833,0.2738033805300861,0.0037854329791595144,0.17956463823272664,0.10869895564338479,0.0015535385899901593
Q8VBV9,4,320,M,test,4,4.965845679826024e-06,2.9947881923646816e-05,0.00010954480373729667,9.369863369895394e-05,0.9748935818574652,0.015036090460845189,2.5762467745231835e-06,0.0021159751599275126,0.007679683715802595,3.3935394145264216e-05
Q8VC69,4,545,M,test,4,6.301754769623486e-05,0.0002959789401530487,0.0010411704229220415,0.0014625613308475963,0.9246432449325841,0.02623011229573033,2.8851539310531965e-05,0.010597923825153368,0.035296469485188275,0.0003406696804144488
Q8VDW4,0,151,U,test,0,0.5974526744751382,0.20647413711521995,0.008390080660390594,0.10361912690174463,0.013407311232617111,0.04456603407722719,0.0016264911733716368,0.013096730968822343,0.007404220245459522,0.003963193150008826
Q8VE43,2,311,S,test,2,0.006794071450211847,0.006636687721079431,0.6561326088938723,0.0138320441645336,0.16983043382358995,0.059966423641074684,0.0004112158018233586,0.06370937537221141,0.02100912200630058,0.0016780171253028527
Q8VEN2,4,237,M,test,4,0.0005227478248886166,0.0008551583977756769,0.47525138974256326,0.00014291130749896744,0.5059024831176206,0.010960661177282872,0.00016708023492269353,0.0011153368121433263,0.005067402171098288,1.4829214205659381e-05
Q8VYE2,3,376,M,test,3,0.015727442633094914,0.01031430774953206,0.002648933472366794,0.8453764789842485,0.008418293206946011,0.06805055222103418,0.010476736003519014,0.029012065132587115,0.00212847802525066,0.007846712571420777
Q8VYF7,3,238,U,test,3,0.010795967109327596,0.0037529118308292186,0.0004922749534810684,0.9327684975472853,0.0003436632810499576,0.005282127022225804,0.04362616471973155,0.0012669273873758503,0.00014326016175817202,0.001528205986935467
Q8VYI3,9,309,U,test,1,0.0551363264854221,0.3849710509068647,0.0007316471863875421,0.229876711068108,0.0044818827707619555,0.061389002709587616,0.08725136484451118,0.005665630545723412,0.004922384842659825,0.1655739986399737
Q8VYN6,6,537,U,test,6,0.00908463837736544,0.03938487245486812,0.001747432197396312,0.28931683840820266,0.0038466782559953305,0.004787268206240017,0.6319260714934407,0.0021747143878548293,0.0052168686914605775,0.012514617527176022
Q8VZ20,0,314,U,test,0,0.9803162794961551,0.013034017871185192,8.31486925302558e-05,0.00017329675398336517,0.003535572683552513,0.00026424600018300004,0.0012123526944139928,0.0005862554167918886,0.00032376094322368414,0.0004710694479810621
Q8VZJ2,2,344,S,test,2,0.001084668745660818,0.007647659173683496,0.8175194175629142,0.0007572208303441205,0.02617666660555871,0.01439976967981516,0.009819789468749377,0.007017886702384742,0.11063922139365974,0.004937699837229647
Q8VZL6,0,441,U,test,0,0.9151943722601403,0.05805111555493527,0.0003881014295004724,0.006825727706411521,0.00163396804223822,0.003378980240997089,0.00039421314684975005,0.0097583257165431,0.0010225110897596173,0.0033526848126245803
Q8W2F3,0,430,U,test,0,0.9843362187108099,0.008516177203955937,0.0002199659562364971,0.0005114361794195485,0.004996633428530835,0.00013134767722035532,0.0005114361794195485,0.0005444209461776093,5.56161045301658e-05,0.00017674761369962017
Q8W487,3,250,S,test,3,0.062330723589679615,0.0190097964141848,0.00285886085770938,0.7803934780676325,0.001437525485258471,0.01175743426445018,0.1081193540177912,0.005096470374254056,0.004095129033442951,0.004901227895596824
Q8W4D0,0,631,U,test,0,0.4386112093925476,0.4386112093925476,0.0055213007144629955,0.020196080207824707,0.0489233136177063,0.020675014704465866,0.006159455981105566,0.007546722888946533,0.011417827568948269,0.0023378655314445496
Q8W4D8,0,314,U,test,0,0.9421459141031081,0.046541655058766625,0.00015403278430740314,0.00041870451122258954,0.0074762723000525895,0.0007011981439096784,0.00020089663216736974,0.0018330341557134511,0.0002579563670689577,0.00027033594368326485
Q8W4F1,6,284,S,test,6,5.8812422878291336e-05,0.00022195575885196328,0.0004662237097396653,0.01936510595542036,0.00026772974434759064,0.0006574808031994657,0.9778417186911265,0.00022900138949415936,0.0003956789276637951,0.0004962925972782288
Q8W4P8,5,611,M,test,4,0.0614423102509373,0.05288259174608386,0.005060142239850031,0.004753563429136038,0.6524728962506716,0.1378384196576888,0.003423863466951831,0.025299120034672915,0.05135577410649352,0.005471318817514063
Q8WN93,4,462,M,test,4,5.8140254728681286e-05,0.0002160172515341909,0.000573593443619957,0.00023357036889220614,0.936924786586902,0.015143978910757763,5.939401231596528e-06,0.02965046936073455,0.0171603771019004,3.312731969861976e-05
Q8WNR4,1,122,S,test,0,0.711466632599137,0.09895570055488769,0.01047067475356802,0.1363172310386565,0.007903680720778218,0.004869316448349152,0.0073097097566364325,0.007196383172091423,0.011410295362880744,0.004100375593014787
Q8WQL7,0,882,U,test,0,0.9049990941774668,0.08417802651475921,0.00026376648957128723,0.0018890213958854237,0.003393956765407761,0.0006631089177621455,1.3762384956181029e-05,0.003860909309408885,0.00037782803372238147,0.00036052601105992073
Q8WSR7,2,254,S,test,2,0.00013035652302510213,0.0009707663031127007,0.9034926943177551,2.4878982146207252e-05,0.026237916351930155,0.006040310987477244,0.00109146198418523,0.0014235347125418267,0.06053023447561443,5.7845362211996175e-05
Q8WTC1,3,280,U,test,3,0.017369982168078973,0.01086985711964201,0.0001990883792528099,0.9633035237285332,0.0002119284656126902,0.0025617254893792584,0.001903712667361779,0.0026430436886161345,0.00033341028629746774,0.0006037280072256584
Q8WUQ7,0,758,U,test,0,0.8907220958689162,0.08220531595586517,0.00048500669402224203,0.007382140988067975,0.008430669647426175,0.004898394319585762,0.00017025335956180314,0.0037851857687606805,0.0012580117585535041,0.0006629256392405894
Q8WUU5,0,269,U,test,0,0.8801133559401956,0.10030100411135683,0.0029356407222922063,0.003224170739933824,0.006462319234612418,0.0018085957121436258,0.0006972757924982324,0.0016990185108175706,0.001282486355433034,0.0014761328807166426
Q8WV22,0,266,U,test,0,0.8950692669224383,0.07580400473405911,0.00031467219543426155,0.003955180403319563,0.00178273946914621,0.005322276299971254,0.00032977362051400357,0.011377831312518844,0.0038938607262829963,0.0021503943163154898
Q8WVX9,9,515,M,test,5,0.012008572746603167,0.07227965150283337,0.015908773118525555,0.18064942593081998,0.07256254261516999,0.48723462284050856,0.013188836987737639,0.07270440912916828,0.061824057383660085,0.011639107744973357
Q8WW12,0,178,U,test,0,0.8494958653730581,0.1262662764083908,0.0006625847017136772,0.003016261283220414,0.01397005343553364,0.001691969302112114,0.0036668408871753187,0.0009199077433708912,0.00010816396862620182,0.00020207689679887752
Q8WW38,0,1151,U,test,0,0.8622976180109287,0.12040372607694977,0.0017998897807450025,0.001144079601709483,0.010582585907202428,0.001237045044970556,8.550764419575869e-05,0.002071660677238741,0.0001454533916388966,0.00023243386442063177
Q8WWF5,5,429,M,test,4,0.017671986153472208,0.02018204027591818,0.15029585873260382,0.01881173317116126,0.603792568739658,0.1130069607233787,0.0002683349394341896,0.037411594174673234,0.036544957511289985,0.002013965578410417
Q8WWL7,0,1395,U,test,0,0.8560262674468092,0.12924063147002665,0.00034101663325385883,0.005210827216209231,0.0028330775321599956,0.0037240101423731712,0.00034101663325385883,0.0016268995296898695,0.00045888809098101424,0.00019736530524310856
Q8WWQ2,2,592,S,test,2,0.00042885987927800454,0.0008938206743323558,0.9208065426677754,0.0028405564850575316,0.03327936362723678,0.020663626840529373,0.0001963463615912105,0.007812450306004465,0.012111982534956591,0.0009664506232382886
Q8WWZ8,0,545,U,test,2,0.000848982078638364,0.001701644744104369,0.9165877135583581,0.0003594816092757755,0.061407547657004735,0.0071084397160096815,3.5593500920806424e-05,0.0019132106165608627,0.00994649532905536,9.08911900719224e-05
Q8WXF8,0,326,U,test,0,0.7528246601628674,0.19638605377463905,0.0013867423264986576,0.01467774544381168,0.02327244155784142,0.0025110658717489368,0.0003911486417496795,0.0014994260799297552,0.002017698167036094,0.005033017973877305
Q8WYH8,0,240,U,test,0,0.9332297717443009,0.058734452208081836,0.00024381424722829908,0.0010590808543174586,0.0024053946375679315,0.000891835571288267,7.915489781852374e-05,0.0023132453883872436,0.0007994362037813147,0.00024381424722829908
Q8WYQ3,3,142,S,test,3,0.003257049070739491,0.004966406813260543,0.008957940598614596,0.9613336994705989,0.004399992286623874,0.008029845107122936,0.0010740607393615257,0.003549330907901415,0.0007981741949510456,0.0036335008108257165
Q8WZK2,5,935,M,test,5,0.00044578071629999464,0.0015804297065359263,0.0029991284982076333,0.005964479789760805,0.03829030637972027,0.7690814027781049,0.0003417919166538038,0.048026810646606105,0.1315743159365545,0.0016955536315560666
Q8X150,2,618,S,test,2,0.008834480752294847,0.012854094332196838,0.7354902994972432,0.023734831513539795,0.03321099820862888,0.04546059896691921,0.005528477298596663,0.03676122611864117,0.020301477141938886,0.07782351617000054
Q8X151,2,618,S,test,2,0.011002381895790812,0.018425523315932398,0.7245942129312845,0.030736643532771054,0.02787692615131935,0.04355778023198052,0.007741142460855502,0.034829182471712156,0.01946123044040769,0.0817749765679461
Q8X168,2,350,S,test,2,0.0006204842777327963,0.02018958463799869,0.5299300413301578,0.00020783619588132384,0.033092531444436114,0.1119505808382602,0.0380149473773087,0.014012259065989114,0.2503212327090248,0.001660502123210473
Q8X1T0,1,201,S,test,1,0.09904656448535736,0.4546444663258888,0.012897271518812274,0.16053309857249523,0.06524239407581396,0.10758458702730476,0.0023487675672534754,0.02709104462983782,0.052423737357291535,0.018188068439944815
Q90738,1,729,S,test,1,0.30746567395604907,0.6308786303022834,0.00047692953603045257,0.007402375375685759,0.042931828852142036,0.001025559618361265,0.00023609724415588133,0.008290268520226787,0.0004016149051506083,0.0008910216899146922
Q90812,4,420,M,test,4,1.618748964729804e-05,4.684005159267106e-05,0.00016095318184743178,9.610954530873763e-05,0.9844748471445,0.00448834174690617,2.6841486027391592e-06,0.006737799505514901,0.0039301233223139505,4.611386376611019e-05
Q90941,0,1633,U,test,0,0.6282350026199311,0.3109988672819875,0.0019995343080665166,0.015544323205243744,0.019573258868806707,0.005564191494687418,0.0004392393763317432,0.007785704894650935,0.004872169039473725,0.004987708910820553
Q90WV8,2,265,S,test,2,0.011265587386441548,0.004048373201233908,0.6598847102635276,0.03453142668026542,0.07147936729042699,0.08227224885197783,3.342136647866693e-05,0.12692897387719174,0.008981709627478445,0.0005741814549779084
Q90WZ1,2,208,S,test,2,0.15827647405164108,0.02028041771758321,0.6875216554113569,0.017897405534009873,0.001704195762733289,0.1062617984125904,0.00033037342155441975,0.0006673726207585849,0.006089285587091069,0.0009710214806811805
Q90X64,4,521,M,test,5,0.07702551934569356,0.06366959340216485,0.00651697454833026,0.05718463399929318,0.23888272519806206,0.2881475446029895,0.0033285448520738426,0.12987828511736688,0.12260656301434102,0.01275961591968484
Q90YK5,2,523,S,test,2,0.0012427283657935242,0.00749461099952014,0.5506278471312096,0.013051089361255425,0.06349130199539427,0.17737156780447771,0.000605657368912343,0.10106326252259684,0.07082966220707368,0.014222272243766435
Q90ZD5,2,456,S,test,2,0.011102054269252612,0.01541367545880924,0.778314113696225,0.017195198686682362,0.06192228943740274,0.06192228943740274,0.0002130997745770102,0.041516870264467695,0.01154431048898274,0.0008560984861977731
Q91620,2,405,S,test,2,0.008350144375666852,0.0042316467762061535,0.7458065362280679,0.006554102709760523,0.13582146550398258,0.04166663182938063,0.0008076239837618782,0.03310618642853772,0.023055487030584815,0.0006001751340509372
Q91821,4,651,M,test,1,0.38859858661060453,0.43351307011700774,0.0011438754022536257,0.008256364518615873,0.11577045039026129,0.015185778785567719,0.002310691607562072,0.02686090550161553,0.0059005584819061575,0.0024597185846054765
Q91826,2,64,S,test,2,1.1265615325035528e-05,1.2060857194627506e-06,0.996874493902283,0.0007745048481143214,0.001322633601151102,0.0004688443661606272,0.00012447426473620032,3.8111084691673015e-05,0.00038191294842220713,2.553283396366254e-06
Q91876,0,720,U,test,0,0.6679266039954046,0.2535163441207655,0.00373100765690888,0.02122032624824867,0.025596601676969005,0.006599479300370087,0.0014161307946144036,0.005514071743062337,0.009379751902776493,0.005099682560880033
Q91V79,5,292,M,test,5,0.0002368626390478608,0.00035006031145242203,0.0031691872693926496,0.01641189640551161,0.06723289777209202,0.8254883689460762,0.00022601591818046345,0.0507500532145301,0.015629782901783244,0.020504874621933407
Q91V88,2,561,S,test,2,0.0002780125341509823,0.00017127855857978192,0.9841574961041079,0.00046558337325631365,0.01172939959561091,0.0008904515357124112,1.84419194421085e-06,0.0014215486495250684,0.0008430625838022195,4.1322873310258583e-05
Q91VN0,5,1614,M,test,4,0.02464196495608595,0.020210629633776442,0.011560740123632812,0.0020247118387138685,0.8832006587617198,0.01592559205162853,0.001066948303274089,0.014500417033886073,0.026231233426014047,0.000637103871268331
Q91WC0,0,594,U,test,0,0.45858124508474574,0.3861641590128882,0.0010031424083995248,0.03414039581075965,0.012707597639628152,0.06355725726371812,0.0008580332013111711,0.02732562673935713,0.00614499255694769,0.009517550282244637
Q91WW2,4,313,M,test,4,4.334850617164803e-06,1.215738888623322e-05,0.0003170842933970848,2.548327159299552e-06,0.994939479482567,0.00202864764474382,1.4833043375332176e-07,0.0009360672285505088,0.0017488035954015303,1.072885824365523e-05
Q91WW5,4,304,M,test,4,5.559667754873277e-06,2.0981965936438004e-05,0.0004284888976768163,2.8843177544159765e-06,0.9937970762350415,0.0023875864916374227,1.7871522073393938e-07,0.0007631184760865237,0.0025815963299023847,1.2528902988879566e-05
Q91XJ0,0,401,U,test,0,0.8148307137408135,0.1629763977272122,0.0014100221335711562,0.004960060544604143,0.00846210115167224,0.000666047266343339,5.8531831629899366e-06,0.0051576462151235215,0.0009247150661940348,0.000606442971302832
Q91XT6,0,489,U,test,1,0.22909541212060391,0.6526320515126925,0.0011651950079970066,0.013866155277569944,0.07764190362196018,0.006918081948491204,0.0008524749347648503,0.013026047375156795,0.0026258073965215126,0.002176870804242029
Q91YJ3,0,226,U,test,0,0.8976483419749253,0.08414915274091349,0.0010347432775870133,0.005550238350038654,0.002368551000178721,0.005421666939236362,0.0009421444925669733,0.0017060032256389073,0.000589578999457287,0.000589578999457287
Q91YR1,1,350,S,test,0,0.46518428864776284,0.4302251476673268,0.008129982169843801,0.0514929458497631,0.003962236857873628,0.021503482329196952,0.001871627945024091,0.0029908531114973833,0.0066354975305594095,0.008003937891151985
Q91ZD4,4,521,M,test,5,0.051697561231530395,0.0525116750223165,0.004734072047323789,0.06522431423524049,0.18472128179820438,0.3731472308007738,0.0026144025247745984,0.14555687156225325,0.10722215055630117,0.012570440221281644
Q91ZU1,1,418,S,test,1,0.22542024628408033,0.5323714246870067,0.011135674560748944,0.08156211279998542,0.07866764406996016,0.03622833050163091,0.0005810194083823207,0.012040535505974883,0.011853864926379534,0.01013914725585083
Q920N1,1,254,S,test,3,0.017345691551582245,0.2903872505964417,0.0003793068852822664,0.6751704987917793,0.011084971306876084,0.0026535616016171884,0.0003347371326407224,0.0007086385342476275,0.0005694070862844628,0.0013659365132483996
Q920S2,4,322,M,test,2,9.20459953457286e-05,0.0002208068636003917,0.7006672217347479,0.00214463762697908,0.26594330329310406,0.019876400727011696,4.441705385769599e-06,0.005074858838930514,0.005889814007908667,8.646920698619752e-05
Q922B9,1,1252,S,test,1,0.36498454702837263,0.5147107312595951,0.001125925119240171,0.003691766227767344,0.09671127925929322,0.00627990587658239,0.00026743064876894723,0.008126801920194868,0.0027434877488048473,0.001358124911380454
Q923Z3,3,669,U,test,3,0.04767495311056636,0.0922555534930344,0.0032443212713808905,0.80636076720574,0.006452103499164407,0.006605110947955221,0.006502707841700936,0.002264901490710871,0.0017916845079789646,0.026847896631767905
Q92484,2,453,S,test,2,0.0010722089528921077,0.007559809182847404,0.600550040787111,0.001398424001600564,0.1980403911220489,0.05435313151202465,0.00030719301841872156,0.0425790165361386,0.09354765483972367,0.0005921300471942668
Q924M5,1,281,S,test,0,0.8260817633402794,0.14355147522821518,0.001113289202595443,0.006793134908170862,0.01669862767268003,0.0012813879114752904,2.204749813324416e-05,0.002356832939913226,0.00023703291710982136,0.0018644083814275357
Q924N4,4,1150,M,test,4,0.08896204806431604,0.1244802844316505,0.002882109016249143,0.015459286940737591,0.5407177196005604,0.08758281893948767,0.0012990683283913528,0.05771936088918872,0.07843210528074923,0.0024651985086693467
Q924W5,0,1097,U,test,0,0.7293917688651805,0.20897424221115107,0.0006248216650673957,0.007095057902456502,0.03186000429227654,0.005790816725493584,0.0006970389683413394,0.007792396290962881,0.006021497378086871,0.0017523557009832312
Q92506,3,261,S,test,1,0.05050527218332138,0.41469632793879885,0.0018613398480409429,0.2515260348806266,0.035673976430471335,0.009676826239106656,0.10005014971374572,0.001259445447664772,0.004260649052063671,0.13048997826616013
Q92521,5,554,M,test,5,0.0014151144084026568,0.0015063815775577312,0.0013503117019815136,0.03565084622818827,0.0703484279055621,0.6994787574510843,0.0002577114836252313,0.1714146464644939,0.01638603052273893,0.002191772256365333
Q92585,0,1016,U,test,0,0.9367876241377103,0.05538626126646519,0.00020609492326931182,0.0009381988391026345,0.004217051985787889,0.00033979310639416975,1.206485900816562e-06,0.0017734475325056611,3.1115677018978025e-05,0.0003192060458450145
Q925D4,0,263,M,test,4,0.00042322957796577627,0.00047214671603319807,0.0015848217918773843,0.0005105122890598616,0.9375634559948844,0.013063826177618016,1.181996095335235e-05,0.03750725982191585,0.008567465804175254,0.00029546186551682044
Q925J9,0,1575,U,test,0,0.7672101766540879,0.1850980791654099,0.0002697218038609699,0.004387230902438419,0.02687504692760141,0.00431921315068764,0.00014895452007257466,0.009695550136625822,0.0009124570663873588,0.001083569672828025
Q92643,5,395,M,test,2,0.01209427721064653,0.023495167986155748,0.3320323298412631,0.058607188350205994,0.13679911482891075,0.23822154603897108,0.005987100894292602,0.1190855006495712,0.06349337234031491,0.010184401859668122
Q92754,0,450,U,test,0,0.8344066014555751,0.12305831108630506,0.0022363517289578365,0.017149264953878186,0.010381257743220023,0.0045529862623139615,3.55868452903239e-05,0.004884640959928673,0.0007608803415490544,0.0025341186229817293
Q92791,0,437,U,test,2,0.008421827096883196,0.00687369563667911,0.5546441667129884,0.005188536823602171,0.14356161635611464,0.17727494217105857,0.0005057700321120826,0.03890412668372209,0.06382963053158881,0.0007956879552508975
Q92833,0,1246,U,test,0,0.9082279510373799,0.07631984365214439,0.00022290614316842526,0.0067737709932199595,0.004076527370398451,0.001955939185217625,0.0004230014875651125,0.0011679446319328636,0.00034524375738506115,0.0004868717415882789
Q93373,4,773,M,test,4,0.002316548835535689,0.011313718367453233,0.16240260801891554,0.002210466066807444,0.5668407956747565,0.041871680138738966,0.0001704528487573699,0.16367635934026742,0.04876210407275088,0.0004352666360168819
Q93833,1,412,S,test,0,0.578147113508301,0.36179521691460825,0.000314806617198712,0.00811897032222794,0.002850026591662035,0.00733487913619854,0.0008968006589527011,0.03067061119763462,0.007508819925208722,0.0023627551280075657
Q93V61,5,447,M,test,5,0.0073993405466038584,0.08320543825918572,0.07458487818229376,0.013609470653805031,0.12000383308153219,0.27549743357280226,0.09688593343441539,0.12761872870138347,0.18860824204143622,0.012586701526542132
Q93VJ2,5,881,M,test,5,0.15289705678472737,0.20475267944432893,0.02483931877979542,0.08771970688380902,0.08435922688254809,0.2755248490147789,0.017751860999929772,0.06595616652533816,0.07215625644900124,0.014042878235743081
Q93VQ0,8,858,M,test,1,0.4166600279371475,0.5267076112711554,0.0014116658710779217,0.008922003576237156,0.01470989701251891,0.005943335836985795,0.0051636595538318885,0.009423514284018955,0.007339040119047412,0.003719244537979053
Q93VY3,0,297,U,test,0,0.9439704285058592,0.049252981872742366,0.0004828592300653051,0.0004066082382672141,0.0016081669225171576,0.0007248575339729707,0.0005824393878402878,0.00031666680395089686,0.0004396483343096754,0.002215343170474902
Q93WX6,6,463,S,test,6,0.02527924307173383,0.05467835866899976,0.0010681424568091927,0.18389383611588275,0.008533896729775501,0.014860901032364994,0.6674210776706795,0.0070748492504515295,0.01757895537787996,0.019610739625422986
Q93YP7,3,407,M,test,3,0.0001361424021498041,5.0872698748539854e-05,3.496426381282013e-05,0.7701390910255377,0.00018319963212129773,0.018981146987869495,0.20728012841325982,0.0007475688398634757,0.00029504825042669285,0.0021518374862104137
Q93ZM9,0,197,U,test,0,0.8999886215573356,0.06622162681186095,0.0018494384744614741,0.008096603014221881,0.01085269487180412,0.0011217411747175118,0.009502936470172441,0.0006910847380212417,0.0002792234683465788,0.0013960294190581645
Q93ZS9,0,580,U,test,1,0.3434219282891137,0.5933798417719844,0.0004850320583238544,0.012706132319079114,0.014009574112208214,0.0032632047505762986,0.017640718792345227,0.007353745700699716,0.0030654970796382915,0.004674325126031123
Q941D3,6,239,U,test,6,1.18143792196135e-05,1.718982087428007e-05,5.6363251433487876e-05,0.0021821532764864635,3.996752683534651e-05,6.436885380892222e-05,0.9975597685333267,1.297555668983175e-05,1.6660944194206683e-05,3.873785713113074e-05
Q941F1,6,515,U,test,6,0.004789662552427846,0.0067019434715990785,0.0014722215725632842,0.06586147851691969,0.03305260840541142,0.012867969474267648,0.8507748255106823,0.01364447922944095,0.0060075828868509555,0.004827228379836895
Q944H2,6,391,M,test,6,3.351616802604113e-05,2.8223441759102132e-05,3.248497928223282e-05,0.024484070325634898,0.001608603304910212,0.006437144788786524,0.962849986732782,0.0016101751446052732,0.001730843003239705,0.0011849521109740346
Q944N1,0,399,U,test,0,0.9509255898531891,0.039867475681066175,0.0006344072179795571,0.00047887570753080675,0.0038110490472608133,0.0005776343176255918,0.00247022882427439,0.0006443976898735242,0.00028594973301712125,0.0003043919281829625
Q945K7,3,374,U,test,3,0.005340264978026237,0.0917461342764956,0.001182301289956199,0.811360756352758,0.001860020985447981,0.005257471800174942,0.07257716178164737,0.0008924478094972252,0.0033418523717970087,0.006441588354199481
Q94637,2,1648,S,test,2,0.08424321048644828,0.13998291533428056,0.4982249433150564,0.006888144229778147,0.0650345643463551,0.14218733338230882,0.0014896656177192983,0.048376806857383534,0.012868748193514804,0.000703668237155033
Q946J8,0,445,U,test,0,0.9492859684685501,0.0370964974590004,0.0003234648064201541,0.0006234947447511018,0.005535482456265956,0.001129003152250732,0.0012594940074753484,0.0021092557074943096,0.0014724977079701416,0.0011648414898217396
Q948R1,6,447,U,test,3,0.024784560484913648,0.07143690962584874,0.010659706451212695,0.3557696233127289,0.1052680430246094,0.062308380327954375,0.17440719366498533,0.10557690683376238,0.03283420849262841,0.05695446778135613
Q948T9,4,867,M,test,1,0.19442427118746275,0.45381924417546987,0.0007319899144571015,0.07293538734359092,0.09103587251236572,0.06022983032115479,0.033392254195133635,0.04270934304834652,0.039965294220089834,0.010756513081928834
Q948U0,4,963,M,test,1,0.17297554918228877,0.512390894161288,0.0006745396883965482,0.04917266052700383,0.13082406970199334,0.059197814985438954,0.019867549906330582,0.020023373206282852,0.02511493590036858,0.009758612740608524
Q94981,1,503,S,test,0,0.8523263278174256,0.09341313627417487,0.000685895148264364,0.0016712880348671388,0.01731347467336748,0.00910575774922256,0.00027283024791538023,0.01585673716480816,0.008487500193525191,0.0008670526964292477
Q949Q5,6,140,M,test,6,8.226536385396826e-08,4.136562269847356e-08,3.917587840729859e-06,0.0007793381017721251,2.4230022773547984e-06,2.409206107121312e-05,0.999184641090088,8.707241128420405e-07,7.21855636651115e-07,3.8719462145955805e-06
Q949S9,0,253,U,test,0,0.47459119055562204,0.4599895428564576,0.0024904259216705386,0.031888916750683984,0.004370833700785196,0.007319769278855645,0.000691566259724492,0.012354449238132816,0.0032992784050020463,0.003004027033065625
Q949W6,0,485,M,test,0,0.30975432992425606,0.2659838949246346,0.012935795636865617,0.0572987939720277,0.060519583292504925,0.03685065199131186,0.1503736612602761,0.07215007066103106,0.01560354695415116,0.018529671382940958
Q94A68,6,377,S,test,6,0.0007195373500492649,0.005453424303827486,0.0008679276599796152,0.02764073509064961,0.0013442726934821839,0.003379501319049217,0.9517982427127814,0.0018809755233547998,0.0007659434679730933,0.0061494398788534054
Q94AI7,0,1131,U,test,1,0.4446530237398049,0.5038579246027551,0.000769448920778085,0.009300858802619839,0.01953669087966607,0.007771158818392833,0.0002920498690550683,0.006647024167307559,0.0035578959193030574,0.003613924280317373
Q94AP3,8,389,M,test,4,0.0001319229155330165,0.0006196116359899452,0.0007711190881280256,0.0010057289259054298,0.7347002020859161,0.06520835086586722,0.007216828986660043,0.057098333632971385,0.1296822830424083,0.0035656188206205177
Q94AV5,0,459,M,test,0,0.4341320661652926,0.1047392405338385,0.0017466920998364685,0.002208025644171795,0.05318302994704213,0.013846553760541966,0.32261955501453116,0.05360015069870168,0.007828131260679537,0.006096554875364183
Q94BP7,1,741,S,test,0,0.6849706443446612,0.21219401543165944,0.0003671907005010169,0.02271728482163377,0.006259269714897165,0.01325087372566699,0.010239482370639607,0.029513411683862758,0.008422768274485699,0.012065058931992353
Q94CC0,5,480,M,test,5,0.12035182639301147,0.06352168203291145,0.030957996268607745,0.08598007846660766,0.13187442474301114,0.40779160693676014,0.03763535176151708,0.08204277452001768,0.037342469443707366,0.0025017894338483096
Q94CG5,1,974,S,test,1,0.3482928299173586,0.5228494440441042,0.001743977551745102,0.02562756294626406,0.02235275894334857,0.012686564671240536,0.0050463667474271385,0.04709029601469483,0.012105604714017766,0.0022045944497992615
Q94F00,6,371,S,test,6,0.007818012417772075,0.01759237219149655,0.000432531170281697,0.341645654496313,0.0021625198201063317,0.004300684158153535,0.6090491947367724,0.002031499266183506,0.0013532703602960768,0.013614261382624724
Q94FB9,9,1337,M,test,3,0.023686490544862975,0.023686490544862975,0.004591836049268984,0.3000554688730965,0.05943164126995452,0.2318649103031486,0.13366994031435447,0.08824265596225007,0.05337833148660219,0.08139223465159875
Q94ID1,3,329,U,test,3,0.04222918913538619,0.048227248524101596,0.0004238181356213915,0.841595191275532,0.0008833128482884587,0.011544817606963064,0.03524936685902084,0.007168340569336148,0.0019597150366116815,0.010719000009138719
Q94ID2,6,330,U,test,3,0.1068587701441447,0.2893398175823202,0.001164133339302568,0.38934929117040046,0.006392349177414584,0.030496193830938094,0.11690385176324021,0.024890266958657332,0.01194248097856687,0.022662845055014934
Q94ID3,6,357,U,test,6,0.007044482706326011,0.0035874444168873757,0.00010337057999275083,0.0353925931903462,0.0007175339943189188,0.001361640298069455,0.9491483268266832,0.0007519691840873734,0.00034969815542611974,0.0015429406478626264
Q94JX5,1,190,S,test,0,0.6783549558375219,0.27408017790101336,0.000590252786659957,0.03464180860107527,0.0017899195064034618,0.005556581821419948,0.00022056136356357806,0.0016044733974049776,0.00047428147675533606,0.0026869873081822185
Q94KI8,8,733,M,test,4,0.0002491692193472236,0.0003859208747826893,0.0005884590337396046,0.0011166989813260193,0.4576030175035544,0.16834275790467043,0.0052448787004082805,0.07470163865370338,0.29087016618810635,0.0008972929403615949
Q95218,2,1594,S,test,2,0.0002335769041682649,0.00045376249596608436,0.9666930811540329,0.00011207142704311241,0.021025921667444592,0.0031282777646582756,1.1096573616961868e-05,0.0007194675107407792,0.007555823599944253,6.692090238477755e-05
Q95J56,5,699,M,test,0,0.512510650314871,0.3634244451984395,0.006975796444118939,0.012053094639765873,0.0798337597678755,0.016219209658249474,4.62738383298731e-05,0.005783138252087757,0.0014172189209879238,0.0017364129652741342
Q95M12,8,433,U,test,2,0.006292820492283417,0.02875870861527419,0.7388052402807814,0.013426384063553311,0.05529868646528463,0.06318392654607387,0.0012985968599450526,0.023289511164613856,0.06582933716433995,0.0038167883478502753
Q95T19,3,464,U,test,3,0.05546239717838338,0.10161325189304873,0.0014048408147879715,0.7992501729890239,0.0005676069747832407,0.026793684526847536,0.0002598694271360172,0.003504284864063865,0.004065041669868788,0.007078849662056617
Q95XZ6,8,311,M,test,4,0.00033140936332552425,0.00035278344927469656,0.0041655530282377045,0.005265752326909208,0.3749711220952611,0.2743347291170135,0.0043997005623528105,0.08046212804105327,0.2537181679126198,0.001998654103952364
Q960V3,3,1122,U,test,0,0.38614659968782544,0.36846368996624984,0.0006476480540881988,0.016834065085878046,0.133970988928857,0.015089959629327033,0.007297027755447455,0.04093872699290058,0.027217860889467815,0.003393433009958615
Q96285,4,661,M,test,4,0.019713944145472742,0.07881224283875363,0.044949737178739534,0.0068663913944380815,0.6132827501114906,0.06204193186548893,0.01823241665872493,0.031257633629262996,0.11545770803513926,0.009385244142489296
Q96288,0,248,U,test,0,0.861410631754948,0.130053552107558,0.0001646507470712383,0.0008900935789118225,0.0020857612008298846,0.001574415156925901,0.0001986067250349453,0.0028732573146726483,0.00039497664604014505,0.0003540547680074065
Q969D9,2,159,S,test,2,0.009674018933036464,0.0061013277923640035,0.8845410717003088,0.024945902932013188,0.04780356463826233,0.007417328931844828,0.0012889383031379016,0.01251911246823785,0.005018815269969642,0.0006899190308249989
Q969J2,0,545,U,test,0,0.9204512271602078,0.06412289644503444,0.001438968494071673,0.00204518657707866,0.010069218779686083,0.000996744315646476,2.87207331608857e-05,0.00029463706249483596,0.00011009781937569827,0.0004423026132434811
Q969V3,5,563,M,test,5,0.004771270058331089,0.010836554215131503,0.12401778771948525,0.030690116234507375,0.06599410900562351,0.47170909240702386,0.00011397655659020994,0.22632848677182252,0.06139325608444532,0.004145350947039379
Q969X6,0,686,U,test,1,0.40849750210725727,0.5245211971737994,0.0018917188023266252,0.01994452162263573,0.017532358785924226,0.012529812422117429,0.0008010041003130827,0.006106543181562158,0.00326859687280697,0.004906744931257043
Q96AG3,3,418,M,test,3,0.0013128047941439256,0.005315374265235668,0.002164448904490947,0.35280514745046737,0.03809510649935464,0.26423884173309004,0.004107402751882241,0.19483748620447694,0.10029375087122974,0.03682963652562852
Q96AY2,0,570,U,test,0,0.8564282564527566,0.12532312780309807,0.00033067991309492113,0.009495494395740304,0.005420947100799934,0.0009420193135160244,7.732565723967429e-05,0.0011541863803772553,0.00010569164313627917,0.0007222713402410156
Q96B02,0,151,U,test,0,0.5896472080192628,0.20698564350701942,0.008953319475790308,0.10886094249000194,0.013975933521861288,0.045735908559520956,0.0016561977548467267,0.013129176004914998,0.007082658979614908,0.003973011687166601
Q96BF6,0,587,U,test,0,0.8571712014015365,0.11783232863453456,0.0002310520276077321,0.0044630180407215815,0.017075112558388172,0.0005288833199011108,6.416083664329925e-05,0.0012296906544423294,0.0003361787040829835,0.0010683738221417501
Q96BH3,2,223,S,test,2,0.0012573459110684806,0.0010103058429615538,0.9777490619388555,0.0015285440214029419,0.008344321616446009,0.00646059781973426,2.6923739252793254e-05,0.0007992176788615332,0.0027570445436670005,6.663688774993315e-05
Q96BN2,0,335,U,test,0,0.6955484313380337,0.2137940426650354,0.0004291604372693118,0.06727328307705699,0.005609087776277798,0.005147188090121376,0.0005685452620294853,0.003946486486508983,0.003482762106555868,0.004201012761111143
Q96BP3,0,646,U,test,0,0.4657131767834982,0.4340924058440364,0.0051736063727447325,0.0411732460789624,0.026687490030664698,0.01103842546459922,0.006961847709776345,0.0036686363450482763,0.0037850912489929603,0.0017060741216767307
Q96BY9,5,339,M,test,5,0.0058999487980402774,0.010600288036991331,0.19385901922352,0.0903290702884065,0.14863685756565545,0.44722805881898137,0.001744021485676256,0.05789523746779834,0.040794099220927915,0.0030133990940025617
Q96BY9-2,5,167,M,test,3,0.02612628031623753,0.060745425870335344,0.24213713541056378,0.27012349986368045,0.10328101314253448,0.209552242502348,0.0056062344495662305,0.029374567898892694,0.04207712694029616,0.01097647360554533
Q96C03,3,454,M,test,0,0.26723701377782605,0.1911722912746614,0.12623383395773116,0.031360772229897894,0.13306935438277806,0.12747262712097496,0.0030809727741908993,0.03609602981561491,0.065106646727202,0.01917045793912265
Q96C10,1,678,S,test,0,0.683926859419704,0.26574536344373706,0.001405440693531313,0.01140555983878879,0.010384880619679624,0.007421739637861317,0.0014728892842109918,0.007657331645735746,0.005825390395233678,0.0047545450215175115
Q96CJ1,0,260,U,test,0,0.8747705080021465,0.11121458393500239,9.829438715321874e-05,0.005324927901218032,0.004295445736348852,0.0009181326499812279,0.0007611586875282311,0.0014220316236843065,0.0005927909823125603,0.0006021260946246562
Q96CN5,1,670,S,test,1,0.11911366780649507,0.7828106602140577,0.0006499504265259343,0.046736782285966054,0.01538208120365481,0.003300720745537303,7.762551282746593e-05,0.021777114579738806,0.002233379315594148,0.007918017909602724
Q96DI7,0,357,U,test,0,0.8391718014516202,0.06078940073521278,0.00012491964648204238,0.07684500282978463,0.011923475761593638,0.0023570609497207667,0.00036146697309610555,0.0037372607072791286,0.0009230382577662162,0.0037665726874445008
Q96DZ1,5,483,S,test,2,0.032861177958140086,0.02788891791305659,0.29983413785983504,0.019167755118745536,0.09781835930871365,0.26667801379134803,0.00021969379718435686,0.19895389564607538,0.05417892273227625,0.0023991258746251065
Q96E29,3,417,U,test,3,0.033869215975729595,0.026216866681374747,0.0007926477790724121,0.8829324292617481,0.001002000698928212,0.024755059133842405,0.014496012620992173,0.005632543586220328,0.0028993848771472082,0.00740383938494485
Q96EG1,8,525,U,test,2,0.000941997712177067,0.012603791015353886,0.6464511539151803,0.018195695575631474,0.11321743204717835,0.05754414011200522,0.0076445850819095995,0.05259959971466024,0.06463546092949861,0.02616614389640527
Q96EP1,0,664,U,test,0,0.5707618446941093,0.37431474554585764,0.0010190257772577668,0.01285847708941935,0.03194959751803755,0.0049380574964259846,2.4725924321249597e-05,0.002483011159326304,0.0008317045652904154,0.0008188102299544919
Q96EX3,1,536,S,test,0,0.5668943758258492,0.37177840480424934,0.0008522911849787008,0.014989658232594962,0.029535209735919915,0.0037604852039871905,0.00017588022787656227,0.0021094410729645997,0.0014958176970446993,0.008408436014534759
Q96G97,5,398,M,test,4,0.005492414669803279,0.012185455912456332,0.020169050836427616,0.00994547896146127,0.5558817241204616,0.34786190672648454,4.941163440773721e-05,0.01678617440953756,0.029460652891970113,0.0021677298369899463
Q96GG9,0,259,U,test,0,0.5613684957141869,0.32489519084209123,0.00026557118667897825,0.04175188990216713,0.004219651915576386,0.02317044636461673,0.0005281513725405281,0.03136247193167286,0.007581341489445392,0.00485678928102388
Q96GM5,0,515,U,test,0,0.911313218307795,0.07598315033837824,0.0003009718726959693,0.005893623343494134,0.0020407638121738977,0.0006677353393935525,7.974961619838003e-05,0.002312488343985247,0.0004518123082440434,0.0009564867176415789
Q96GX9,1,242,S,test,1,0.14922183772529538,0.46505372116395177,0.0013268104378970304,0.3246597923964513,0.016547175357245102,0.01747730202206905,0.0036634415039709404,0.006231723205182022,0.0038997131284376017,0.011918483059499801
Q96HY6,5,314,U,test,0,0.6145198826409829,0.3138660729891266,0.00031433888356534404,0.02300438986949104,0.005442718873550606,0.013262014588276699,0.00020295241468424647,0.020500529174421106,0.0034867368452691865,0.005400363720632347
Q96HY7,3,919,U,test,3,0.016025142147200473,0.05316379468277862,0.006202423714011024,0.8580202140651564,0.0036178418484389095,0.03968198077075255,0.003732684394989744,0.005222964837291656,0.0019979618211104786,0.012334991718270193
Q96I25,0,401,U,test,0,0.77291271112684,0.2016263377987013,0.00011686814385228763,0.005415301562719933,0.005289856607671785,0.002239866096484943,0.0030140691680280445,0.005289856607671785,0.0010095868106114604,0.0030855460774184586
Q96JC9,0,268,U,test,0,0.7998573999812764,0.170299460202301,0.0007180675945086349,0.00851189554771494,0.011589023603011105,0.0023915302665439833,0.0009220170576120756,0.0035621736711674585,0.0009077224780598777,0.0012407095978045214
Q96JK9,0,1138,U,test,0,0.9441727960093521,0.05162774658670972,3.9029369195776986e-05,0.0009987475409496706,0.0017666042384762268,9.21750510423204e-05,4.517977784753891e-06,0.0009455951506693853,2.599916797492457e-05,0.0003267889078451151
Q96JW4,4,573,M,test,4,0.00019487901651908906,0.001806129609138225,0.00012387263504711125,0.0010954730366574124,0.7007307359425939,0.035160954052198524,0.0006801945803017649,0.013608810619426518,0.24597962624470618,0.0006193242634112079
Q96M02,1,699,S,test,0,0.49537894203852306,0.45104765692796966,0.005503163546627969,0.022021997215156474,0.013834951367151937,0.00623590071949746,0.00011784006345680025,0.0046341277722211,0.00034098154639270524,0.0008844388030028089
Q96M11,1,299,S,test,0,0.5657674418618945,0.3652869002498225,0.0014696996005455442,0.04466188872921729,0.010122348104284962,0.003417154156445422,0.0008374095987656076,0.005997292430726147,0.0007744773412297545,0.0016653879270681427
Q96M32,1,723,S,test,1,0.21304399288034379,0.5974966013555344,0.0034435354922021525,0.030572239769918092,0.015553895601975398,0.053760853924116066,0.03081201806898053,0.017487715127626462,0.03410579852786793,0.0037233492514351842
Q96MT8,1,703,S,test,1,0.22494690094566216,0.6509053966011868,0.0005752873431271809,0.015070501831743598,0.02758387838507895,0.004120045882701148,6.255959400241984e-05,0.07417960694212718,0.0017445372613466071,0.0008112852130239529
Q96MU7,0,727,U,test,0,0.9790105035767445,0.017110072568890643,0.0003415042901298043,0.0001347838880367722,0.002284711276705191,0.0002479055057608816,4.986815893924597e-06,0.0007229645274022874,8.978542618485028e-05,5.278212425121621e-05
Q96MW5,7,612,M,test,1,0.37216607895149223,0.4385187762444574,0.0006855493624909379,0.024261030192699467,0.02217637630321326,0.025926812427982494,0.00024444011102753337,0.058227615381577884,0.023978383095727474,0.03381493792933131
Q96N77,0,438,U,test,0,0.9646646185043596,0.025507386257204088,0.0008199335841170014,0.0005859800612148898,0.00749591815935812,0.00048579455067894716,3.3771622609430136e-06,0.0002404857611005013,3.6307915426232244e-05,0.00016019804427970456
Q96NL6,1,688,S,test,1,0.07844943512112082,0.5509659619078193,0.0006451148040324721,0.02383245142730182,0.020226335047024178,0.004141458754152334,0.000518364363428392,0.31393092706253617,0.005616650887212101,0.0016733006253723838
Q96NY9,0,551,U,test,0,0.7138973019535008,0.21102763857640758,0.0006309612252037232,0.05635531632567133,0.005579932237199489,0.0027839313815314747,2.298276230208274e-05,0.001586236424235941,0.0005481886560913376,0.007567510457856231
Q96PN7,0,1200,U,test,0,0.956819795517064,0.03652474971252427,0.00042522582977165606,0.0009582612208193995,0.003299243566657763,0.0004186332877365076,6.065520732903822e-06,0.0011649493665655023,0.0001042060774737124,0.00027886990065434554
Q96PU5,1,975,S,test,1,0.272189473849035,0.4558316266687695,0.004399533475739419,0.010229221759510682,0.10391860673033507,0.04711503634237527,0.0040058205743608655,0.03006535458981104,0.06936004158165393,0.002885284428409207
Q96Q11,3,434,U,test,3,0.1674659314552669,0.31286753389490896,0.011132207182504504,0.421009288020778,0.0031399830482893827,0.04742080894935164,0.0033951309843037645,0.018789156108690655,0.008535358441448154,0.006244601914458048
Q96QG7,1,549,S,test,1,0.163199258892992,0.7006462729226426,0.0012906270414074,0.04257307151071107,0.019567658892378537,0.022346969428543133,0.0036766542616511306,0.01713401431361336,0.021659424271287715,0.007906048464773113
Q96RT7,1,1819,S,test,0,0.5950530794111015,0.24612467101260552,0.00037880853221101317,0.04597527554375679,0.012063846977480933,0.02772250038889659,0.0006859336311938759,0.03552693889567013,0.02036159680969099,0.016107348797392673
Q96S37,4,553,M,test,4,5.3489247398326735e-05,0.0004918779719154936,0.00172354227064915,0.0019530291227714363,0.9466934441603297,0.02191892321262601,1.791665317269959e-05,0.0034394088132763978,0.02315099781717174,0.0005573707306889575
Q96S94,0,520,S,test,0,0.8849752636597983,0.09254983162931685,0.0003417023434608725,0.004396779042364767,0.011835537041558972,0.0022632675478747853,2.9394716269251606e-05,0.002371884208412375,0.0005129559484110984,0.0007233838625327548
Q96SB8,0,1091,U,test,0,0.7495515063807033,0.1940105484263718,0.0005938372700005682,0.006139771315585134,0.026256470881973328,0.006044582701469213,0.0007745097681249999,0.00794545531106094,0.0067961069054507375,0.0018872110392599859
Q96T37,0,977,M,test,0,0.7819596468898027,0.14129722673714876,0.0007831376830385659,0.01388144694054258,0.03609374315507822,0.005436052889531917,0.007258082859384133,0.008224485701316498,0.0019688078258433997,0.003097369318313285
Q96T58,0,3664,U,test,0,0.7161135214406119,0.2436453597641958,0.0023515827937805414,0.009373637095515138,0.010705029796611185,0.0030670422715788816,0.0001960694536339035,0.007473315720852943,0.0017750680320378072,0.0052993736311819075
Q96TA2,3,773,M,test,3,0.07820837741712246,0.23167007560114994,0.0017010602891286317,0.644678516340988,0.0012445223660291537,0.012968219480021748,0.009562166159464622,0.005118258164570251,0.0027610933622666846,0.012087710819258411
Q96VH5,3,97,M,test,3,0.0002801014260055484,0.00033786681739303285,0.00046180918812268695,0.917035814778896,0.0034796362750054645,0.0290210487659894,0.007910704114531325,0.020740411267056242,0.0014004189745370674,0.01933218839246323
Q96WW4,5,371,M,test,4,0.001009361034781909,0.013988335118733479,0.04559802032647112,0.0036348487444768855,0.650712212208827,0.13015062019928184,0.0016903615847272079,0.07272325681340722,0.07955947764716356,0.0009335063221297089
Q98SJ2,1,360,S,test,0,0.7254138075619183,0.2506963043203854,0.0006932374751122287,0.006082965130467268,0.008954990757348609,0.0024577400461838726,0.00023586214498086953,0.0035205502464685035,0.00020174357862803977,0.0017427987385068876
Q99109,2,652,S,test,2,0.0007422999291392864,0.0014704843833413827,0.9896096517192791,0.0005430782036836125,0.0017876543356440567,0.003740373964881089,7.068199568604657e-05,7.885145588144031e-05,0.0018992350515022647,5.76889609617905e-05
Q99134,2,64,S,test,2,1.2966208445316892e-05,1.5485928720239787e-06,0.9968410698053342,0.0007535886227874405,0.0013645727841659885,0.0004818250002089884,0.00014666159356907253,3.993873165897943e-05,0.00035527546309270427,2.55319786529195e-06
Q99158,5,426,S,test,1,0.07756999880075455,0.2533506453037262,0.1093912273645401,0.08824234455823898,0.03992961347103119,0.21168239414691925,0.03721848875284195,0.07940952479839325,0.0623292438685894,0.040876518934965134
Q99177,0,341,U,test,0,0.6723893930158266,0.28919106933975564,0.002387418429181837,0.008732813474508846,0.004785187111872573,0.007353765943935986,0.00017566746229620767,0.010130241587549124,0.0037267071002608336,0.001127736534812418
Q99332,5,602,M,test,1,0.36199437589213884,0.4232143099191113,0.0017705958847960516,0.05772504901532936,0.04478104287132322,0.03314870406320385,0.0023825970861770934,0.04460645713185201,0.018740578657369396,0.011636289478698887
Q99549,0,860,U,test,0,0.7893641420954699,0.1761309599546599,0.0036554815823114143,0.0015969614894352445,0.021777901110944475,0.0033807674850087764,0.0007905533265347437,0.0018380913943931649,0.0006868446150739304,0.0007782969461684854
Q99590,0,1463,U,test,0,0.892445206299787,0.09857720964599284,0.00054211078528339,0.0020944218607058967,0.0025066950537307366,0.0015203874933925011,9.719511656072198e-05,0.0015203874933925011,0.000137067070569878,0.0005593191805846096
Q99638,0,391,U,test,0,0.7082753465337889,0.22637840107718393,0.0008966926439336698,0.0064218604900785434,0.04195766338555735,0.005801667669267031,1.9810521771416565e-05,0.004625492525382135,0.003602337166222006,0.002020727986815038
Q99678,4,358,M,test,4,6.452918874726062e-05,0.0001754085275869906,0.00041103576282124906,0.00022173714084450957,0.976878602136561,0.013090181415094899,4.926864770575546e-07,0.005086296801059097,0.0038393378061587088,0.00023237853464923454
Q99714,3,261,U,test,9,0.018417344187663963,0.21242845854744824,0.010911913997684175,0.12294415845396219,0.015753187829689878,0.01134659578716427,0.10977676922317126,0.002824391111435129,0.005529889112876762,0.4900672917489042
Q99732,8,161,M,test,4,0.03208821972911025,0.03165249860523198,0.0038700007828400607,0.0070076658469274316,0.9035935888037167,0.006845333995840349,4.871611540545313e-05,0.01141908378418369,0.0029905049232174918,0.00048438741352659596
Q99788,4,373,M,test,4,6.881599807928953e-06,2.597088690674538e-05,6.896082327767024e-05,2.086819268109806e-05,0.9884083222432518,0.006354866134907897,4.399259407389896e-07,0.0024500194270409073,0.0026491024200661615,1.4568346118995317e-05
Q99871,1,368,S,test,0,0.5677329002929381,0.35527817524567307,0.00029497961706894776,0.04201956989670283,0.008688180249972558,0.007035903262208769,0.0008018377862601613,0.012062344065029745,0.0035378742497410125,0.0025482353344048105
Q99J87,1,678,S,test,0,0.7164123653258134,0.22897916613739416,0.0012204944070109637,0.01312155074032136,0.010878147581970124,0.007303242428563351,0.0025437285865995024,0.00802104387629458,0.005512776790751589,0.006007484125280912
Q99JS0,4,100,M,test,4,0.0020919995201434567,0.00205956621681664,0.009647365004136819,0.0006135815211062676,0.9054507912165014,0.018072119735718338,0.00018713180739776453,0.04651072601461455,0.015011605200399033,0.00035511376316578025
Q99JX3,7,451,M,test,1,0.24864608364906432,0.6811912146222129,0.00133571682330141,0.006523464423494603,0.027091870428181005,0.02122316163886858,0.0016365543914009385,0.0041142972708282065,0.0039258902459314605,0.004311746506716633
Q99K48,0,473,U,test,0,0.8279530469690429,0.155567770134422,0.0003403030932003571,0.0041946095511392585,0.002871670575572695,0.0011512305778638647,9.017135164435433e-05,0.006599046796940263,0.0002777472949350133,0.0009544036552392565
Q99KK2,0,432,U,test,1,0.2065485655271636,0.5399481495764417,0.0009791926426397932,0.19102620518084107,0.002620455499231491,0.008008757371198518,0.01804801209968293,0.002620455499231491,0.0016398390972475227,0.028560367506321915
Q99LQ4,2,66,S,test,0,0.6044723499916332,0.35535094255369587,0.007491214993478266,0.017181084036537068,0.008195414478026537,0.0013857353524870007,0.0020479839971227444,0.0024703403804514227,0.0005512074122686479,0.0008537268042992014
Q99MG7,2,172,S,test,2,0.00020606678422700018,0.003417942805571045,0.9514100272614432,0.0010064030935168842,0.02828467554358712,0.00932729589409912,2.968673747349404e-05,0.002339956980499762,0.003911044799588211,6.690009999420634e-05
Q99ML4,5,431,M,test,7,0.0023940741061000154,0.0038257192317071014,0.25393009160848623,0.022803243227256187,0.12375564861062585,0.2480478135295092,8.58521597431533e-05,0.29456403822575417,0.04711016262910655,0.003483356671711567
Q99ML8,2,113,S,test,2,0.0026462784957635827,0.0021938414996523267,0.8578285428256314,0.012823497616985572,0.046906406654497024,0.026622266971974184,0.006972015269264447,0.007479879931307627,0.03293838524518923,0.003588885489734643
Q99MQ1,1,977,S,test,1,0.4276434716158981,0.4922146128611742,8.701191708533492e-05,0.013639600746535932,0.044985342108009224,0.004063480008127612,0.00024403094361941723,0.012274310743265383,0.0008787892163705825,0.003969349839914259
Q99MS4,2,279,S,test,2,4.259744166477593e-05,0.0005354160620420174,0.9382711127936126,0.0018042277259372752,0.03812666528498296,0.012281589610503485,5.947935934642614e-06,0.0022453979709771716,0.006434132510332714,0.00025291266401232217
Q99MU0,0,676,U,test,0,0.9350187371192161,0.05884704487732604,5.450660412889691e-05,0.0017631978578010639,0.0012502943749379185,0.0004493027313085354,1.825742554951038e-05,0.0023726420140213907,1.3781427034573734e-05,0.00021223556867589301
Q99MV1,1,1172,S,test,0,0.6754789705871066,0.2997419726487251,0.0005696671810301108,0.009375297127724723,0.007562747884878455,0.00162283080855346,0.001548515926380972,0.003252697060413537,0.0002776335941569456,0.0005696671810301108
Q99MV2,1,351,S,test,0,0.42435134242968464,0.2158924828214103,0.12568326527153775,0.046507996436869516,0.04742528585991642,0.10450079485566328,5.842197532681113e-05,0.011133256574497048,0.015217359459552826,0.009229794315541414
Q99N93,3,251,U,test,3,0.004185459893017099,0.01225379202035697,0.0008050741770881785,0.9696441429881228,0.00043771125309791635,0.0029219218876432008,0.004614820121476155,0.001886534530821277,0.0002826076156405786,0.0029679355127357546
Q99NB1,3,682,S,test,3,0.032064920817590124,0.12706715829087856,0.00411660253608789,0.6815728857178366,0.011819086476318427,0.008852086592343753,0.02305043206409846,0.002657878334689834,0.001378889138153485,0.10742006003200293
Q99P30,9,236,U,test,3,0.11181685617465317,0.2500222091918032,0.006457871458684963,0.5050587784642178,0.0032472217829063576,0.058564798557360805,0.003978579873596869,0.008622390440917886,0.006162143937311596,0.04606915011854741
Q99PQ1,1,284,S,test,0,0.5582573218960997,0.28291105236416314,0.017393038932264602,0.006105530328245844,0.12026093480372245,0.00660165236568189,6.175656529152184e-05,0.0069184733933446456,0.0008262936901551648,0.0006639456610310933
Q9ASQ7,4,519,M,test,4,0.002485889774894896,0.009986713794870006,0.0007581535230410701,0.001531512168086633,0.6577044304709783,0.18551405268752924,0.0008591005109173731,0.03236368384809275,0.1057027234004256,0.003093739821164219
Q9BMK9,4,1001,M,test,4,0.007175630681829988,0.023390528999240868,0.0007622376794697271,0.011288850241000332,0.5745017362000733,0.15462505369195267,0.0009486201177110884,0.0811640000657835,0.14189192241394324,0.004251419908995326
Q9BQ83,0,275,U,test,0,0.9114157326699777,0.06250906986169835,0.00046620685729334486,0.016498679956382906,0.0018438838462760921,0.0033650290172560185,6.211604589869371e-05,0.0008182184865781704,0.00048100586463537405,0.002540057394003351
Q9BQA5,0,517,U,test,0,0.9395936874515892,0.04902461992903453,4.0072999299168864e-05,0.006853731921993169,0.001992116480565888,0.001446121394905944,1.1845556585972572e-05,0.0007214967739950825,0.00011595507566611855,0.00020035241636493257
Q9BQB4,2,213,S,test,2,0.003742269898705027,0.0006205292039674947,0.9301235558771771,0.010098310707514198,0.029435231934931447,0.01431759613726132,7.889143713978113e-05,0.009966053581881913,0.0014654940050442132,0.00015206721637755805
Q9BQQ3,7,440,M,test,1,0.3389763758563399,0.5168772227702705,0.0018067966056222768,0.0010294816233425656,0.12181370441134563,0.013936678576656246,2.239159354390767e-05,0.0022137332227452704,0.0023565068329820063,0.0009671085071517719
Q9BR76,1,489,S,test,0,0.561809369483406,0.41102848078982235,0.0001357470048413508,0.008767102046371818,0.004898725617308441,0.007353857736569073,0.00020378038188110218,0.003212662462336724,0.000745397654466994,0.0018448768229961845
Q9BSH3,0,213,U,test,1,0.2852324695974569,0.4666091260529994,0.01431226563236607,0.14230773607447803,0.02148525864590718,0.026530750587157294,0.001138676830384355,0.020026459254819443,0.0067606355294443,0.015596621794986996
Q9BTP7,0,215,U,test,0,0.3760929038051083,0.3588703804346278,0.004049471038874949,0.22633671341609007,0.0035182409268570704,0.005755458851913228,0.0007374634596918838,0.013381841344792306,0.00392488196677805,0.007332644755266314
Q9BUL9,0,199,U,test,0,0.8259460975894466,0.15278466525589593,0.00027277839778047305,0.01113476251190982,0.0026911458083499437,0.0012035547192564347,6.378606791439545e-05,0.0004713188079490163,0.0001628834326369723,0.005269007408860428
Q9BV35,3,468,M,test,3,0.003639273458165901,0.01544208499924217,0.0012001051007802547,0.6025430150651887,0.07015930333435241,0.07842137907399875,0.002704478651214312,0.08347912391245446,0.0448142527510169,0.09759698365358609
Q9BVJ6,0,771,U,test,0,0.9272915052296182,0.046894147625003074,0.00025788743894745943,0.018399916445208435,0.0016555660274651814,0.002564190866839858,0.00031107163278856694,0.0017761631031233155,0.0004743276185008543,0.0003752240125050518
Q9BVK8,5,224,M,test,5,0.0005585621475337167,0.0003720826207837465,0.001059964839940865,0.012243717431364891,0.024890487042917735,0.7743203338005915,0.007986614169143636,0.10982197839878934,0.06257468217954522,0.006171577369389308
Q9BVV6,1,1533,S,test,0,0.8579674349674394,0.12360193674623642,0.0007465379237478568,0.0026674651955117513,0.007279301556511795,0.0009437123721523364,4.698467046898758e-05,0.006177863059964926,0.0003581927983238296,0.00021057070964271513
Q9BW62,1,490,S,test,1,0.279206295276011,0.5596230416327459,0.0013444881847913847,0.03295794005826387,0.0448725318479171,0.012558383396384369,0.010090943978949921,0.028522717628591335,0.011524220496555907,0.019299437499789185
Q9BWV1,4,1114,M,test,4,0.00802354868240263,0.01297273083785517,0.035401555807502864,0.0032291679348602463,0.9165916227103372,0.005450252780913133,2.3476556536809e-06,0.01591393500357626,0.0018835569055666997,0.000531281681332047
Q9BWW7,0,348,U,test,0,0.9659430776602151,0.020846111259511267,0.00027716421169450344,0.0008146309820186819,0.010814820187780903,0.0002859623576633516,2.347321920271235e-05,0.0002728671767375049,9.729379029510279e-05,0.0006245991548808539
Q9BX84,4,2022,M,test,0,0.4184646214771136,0.40243350673041545,0.026751547410590094,0.03699604820636768,0.03201741053001046,0.026751547410590094,0.000782972594081661,0.02035150672744361,0.018969688651660727,0.016481150261726602
Q9BX95,5,441,M,test,5,0.0028643667207923426,0.006207665159423477,0.004949182428673099,0.022094220622632187,0.35797829569434936,0.4455111763881333,0.0010703357741156745,0.08305763716246901,0.05912720599242021,0.0171399140569913
Q9BXB5,1,764,S,test,1,0.1272848856234348,0.7676261734034013,0.0003988391290777702,0.04420379217389268,0.02982228463002952,0.012504834796753938,0.0004380390786804593,0.0047093634926760235,0.0024816603628046775,0.01053012730924879
Q9BXL5,0,484,U,test,0,0.9284583196321038,0.06318238286496346,0.004201040077002941,9.954957788271598e-05,0.003502396583362967,0.00041911936692247507,6.669405496992651e-06,6.133071204018919e-05,1.9911167041234797e-05,4.9280613183283604e-05
Q9BXS1,9,227,U,test,1,0.08497037748948076,0.784431279664455,0.002829101172940056,0.05760623894222843,0.002873652850996395,0.031167412214826076,0.0009476302086783244,0.006131236914589301,0.00512283994511117,0.023920230596694445
Q9BY07,4,1137,M,test,4,0.05201342804986338,0.05839644814999548,0.006387442485148564,0.033862313364081846,0.6828047875491751,0.12194288635340235,0.00027201008970796945,0.025460964612414913,0.014735676516152912,0.004124042830057552
Q9BYC9,3,149,U,test,3,0.22767528079972507,0.10182267730899684,0.004799660903950361,0.6188855355645876,0.0005822649864782389,0.0064083879860755205,0.009925506373509954,0.003098894235831327,0.005789496177121883,0.02101229566372322
Q9BYD1,3,178,U,test,3,0.26725892806413637,0.29124228613899167,0.028168883555064052,0.34585876433083773,0.00826190741099625,0.006334623919887234,0.021937948428565557,0.005950828235389855,0.005011100058325424,0.019974729857805896
Q9BYG8,1,508,S,test,0,0.4051048722664055,0.38056081043034506,0.004162105538312266,0.08479029494944794,0.025495985328306416,0.04337013051542609,0.0037896395812017664,0.019245378069568247,0.011672911997905063,0.021807871323081627
Q9BYK8,0,2649,U,test,0,0.4566748959450932,0.3263708511100004,0.012854054261381571,0.10068621974036417,0.05897400441267363,0.01812712190915862,0.003301194097532046,0.0066685959200998655,0.008043862337508092,0.008299200266188396
Q9C0E8,5,428,M,test,0,0.3054871749407191,0.22437396552880196,0.001200628658097276,0.06816340662392584,0.0731286601074777,0.16706653979846728,0.005551650534632271,0.13555912027649225,0.011391248332140717,0.008077605199245594
Q9C0U6,1,555,S,test,1,0.07810325110058369,0.47750687198940495,0.0038207762088747826,0.31315666174664164,0.003533640148301831,0.03161825958214296,0.01365207031102047,0.009456511507640961,0.004905973985648001,0.06424598341974071
Q9C0Z8,3,319,U,test,0,0.7109144525506307,0.16112445877117126,0.0038489564481546494,0.09472017946599903,0.004227251507575888,0.015163569788079735,0.0020282574717797553,0.005099038306165656,0.001192351153923902,0.001681484536519447
Q9C1W6,1,395,S,test,1,0.3483176863130014,0.5833224020984882,0.0005842011283148928,0.010274628230372796,0.005630031767477764,0.009502476991682612,0.0058543059064650165,0.03321552594848651,0.002136918920870436,0.0011618226948403843
Q9C4Z7,6,229,U,test,6,3.4681725818986635e-05,3.5782643828478483e-05,9.48145617693947e-06,0.003271774801484764,7.06084918340635e-05,0.0001409713473080926,0.996334082375731,3.157807111977592e-05,4.183414585089941e-05,2.920494084705674e-05
Q9C5P4,0,669,U,test,0,0.7689873097560934,0.16501097422020353,0.0011031827748795822,0.019554384004422935,0.00930928245879455,0.009680122103898008,0.010065733457728005,0.0059637498055943984,0.002486060604149278,0.00783920081423631
Q9C5S1,1,784,S,test,1,0.38438948532516015,0.5213094099911986,0.0007248567893192206,0.022815441348113693,0.03540633106245318,0.005791224919521582,0.016497661511493043,0.005791224919521582,0.002001393717805163,0.005272970415413765
Q9C5S2,5,841,M,test,4,0.23212271820696667,0.24136944002765492,0.024753948558336365,0.047343164461929516,0.31235527846796773,0.06496370553521577,0.013885706598471353,0.025941913826661587,0.02380563680173067,0.013458487515065412
Q9C5Y2,5,489,M,test,5,0.014602842312590373,0.06293822296775342,0.009282131067885876,0.1314309731712062,0.07293835533663551,0.5609622790996025,0.01995971867675855,0.040477549189393704,0.01382569364416475,0.07358223453400906
Q9C658,1,611,S,test,0,0.739069688453741,0.23255857454373913,0.00037804850705519256,0.006859981811160977,0.004605573528566913,0.005598953835775997,0.0001527453981193109,0.005555381909817536,0.0010602632368383856,0.004160788775185582
Q9C8J6,6,527,U,test,6,0.014167388746080159,0.020775101851571866,0.002386177631060046,0.1059176016184205,0.029758959682967722,0.04338367980927393,0.7497146643613024,0.015559831463891994,0.013947742838518714,0.004388851996912611
Q9C8L2,6,287,S,test,6,0.0005232281159002378,0.0011251171298008993,0.0003004646139121088,0.011274852268849925,0.000548338259373525,0.0007732809396702176,0.9837036274221795,0.0005701816726520047,0.0005398370890976717,0.0006410724885638596
Q9C8M5,1,476,S,test,1,0.3920529264771671,0.48035327556314994,0.0010344778626337316,0.013520530694165587,0.06381365783886699,0.017360706227910794,0.0047092182567897625,0.003965559028800413,0.018625317512188256,0.004564330538327401
Q9C8N5,0,499,U,test,0,0.9904476038192241,0.007802209994221092,2.2610452180140172e-05,0.00011847028798597621,0.0009502199476560814,0.00018637993382743232,2.9953979522333442e-05,0.00022835746378572025,4.712422931819907e-05,0.00016706989227891451
Q9C932,0,317,U,test,0,0.9687478616357355,0.02726740056865406,0.0002530936481022832,0.00015592648447788419,0.0009932149597752869,0.0004441932302892742,0.0007674970716173752,0.00024150368853169263,0.0003249787084729737,0.0008043300043437338
Q9C952,0,693,U,test,0,0.47126618395266523,0.36416629240838133,0.0008479874880070753,0.05360246118988899,0.010012763630465507,0.0405403602305106,0.014342620149366039,0.017849682038175954,0.013685824456269648,0.013685824456269648
Q9C9N6,1,607,S,test,0,0.46187445220246803,0.46187445220246803,0.0010103462198074687,0.007762897243406362,0.010124727086282252,0.0031120856089660903,0.023864749663459837,0.020937526462075595,0.005504718480135287,0.003934044830931059
Q9C9X7,0,419,U,test,0,0.9572164138851202,0.029822989439417625,5.408380327339502e-05,0.002281805292161866,0.008081807017428047,0.0004973454179874808,0.00031123080477513755,0.0011034089996322606,0.00039962823930445756,0.00023128710089947838
Q9CA19,3,154,U,test,3,0.12382302756338187,0.17258408664316036,0.015080229748791345,0.6118637255149685,0.001917236067898563,0.005461697006495376,0.028173579470792597,0.0027895618773840078,0.003312686743994811,0.03499416936313262
Q9CAC5,6,191,M,test,6,9.186489851854556e-06,2.0497830897587787e-06,0.0003354222417243427,0.061712017928601266,0.0002551757601434031,0.0015815670546389805,0.9356379889280098,0.0003225724343941025,8.124111957914265e-05,6.27782599673722e-05
Q9CAE4,0,261,U,test,0,0.9349669554651775,0.05442159844413999,7.930224599506788e-05,0.0029757951026136106,0.0011653380610761861,0.0019363868677073368,0.001320501054314147,0.001484679249824209,0.0003185856824341624,0.0013308578267177526
Q9CAL8,4,710,M,test,4,0.017330396095275414,0.048038033343903296,0.011321240497009437,0.0006263470561038766,0.868288833283571,0.017915478985822887,0.014968942138098957,0.004737866351172871,0.015903265389563104,0.0008695968594791932
Q9CQ45,2,171,S,test,2,0.02259400791047555,0.03472195746789651,0.2203084345322776,0.18371542756265397,0.10185438180700446,0.21689287959225592,0.13129950254482417,0.02259400791047555,0.04528597233445798,0.0207334283376783
Q9CQL4,3,149,U,test,3,0.31142342032599557,0.14147047672146842,0.00698858777622024,0.4899378409796621,0.0005647644855738348,0.005703919556543381,0.009702692721592835,0.0020983547398851165,0.005528428115829028,0.02658151457722948
Q9CQN4,2,206,S,test,2,0.0015369646037893792,0.00028653977104312636,0.8951550922725136,0.011016719487903084,0.029113902355565675,0.028550789361571387,5.057727097970273e-05,0.030870762221225357,0.0031536466911539474,0.0002650059642547879
Q9CRZ8,5,162,M,test,5,0.0021818127752369185,0.0022865204355661905,0.014061454888050681,0.032709831543829615,0.0482241188395409,0.741207859351266,0.008696916994937794,0.02247014153088177,0.10931335569648888,0.01884798794420126
Q9CUU3,0,1500,U,test,0,0.6028904464093878,0.32270402493883543,0.0011280444722512278,0.010292577805296006,0.012127619528958718,0.008015867515849482,0.0005761487548312629,0.030818114799837322,0.00997590856452159,0.001471247210231164
Q9CWH0,0,301,U,test,0,0.9146155644049563,0.07333707752566752,0.0005643271098846694,0.006637414865868892,0.002032220115024053,0.0005555780328559472,0.0003266074611153195,0.000771343760263317,0.00016944172835337752,0.0009904249960106023
Q9CXD9,2,443,S,test,2,0.0016484532474680214,0.003923660491752196,0.6755062734380247,0.001972940225364872,0.2772272145737399,0.014338142738240526,1.5910317846072285e-05,0.01779190769874536,0.007474940976480369,0.0001005562923379209
Q9CY02,1,102,S,test,1,0.1774390343363005,0.5863632571380789,0.0182687063131677,0.0693674684943686,0.009186082537770668,0.06909703476990685,0.0011497730179161464,0.017568841611346035,0.04382434496015938,0.007735456820985158
Q9CZ16,5,297,M,test,4,0.0003948590408121329,0.0005149932821609562,0.001399896840624936,0.0017975032539960995,0.9311297169449871,0.020094803098627656,9.731848207456887e-06,0.033390574980590164,0.010506809948183793,0.0007611107618097185
Q9D023,3,127,M,test,3,8.347133423536051e-05,0.00024919936901858383,0.0013262734085312856,0.9538420055562842,0.004165782631177041,0.031144043958611582,0.002487502736776779,0.0016897160687811721,0.0010909626770190999,0.003921042259564956
Q9D198,0,242,U,test,0,0.5281810774947814,0.3463896224438395,0.0009729371549170491,0.08656066679793592,0.005426608040873577,0.012133883345539944,0.005097826491086618,0.010708113230257372,0.0023707095598466317,0.002158555440922041
Q9D1F4,1,257,S,test,0,0.8014725871258233,0.15296372443970124,0.00162145794625174,0.0008153202769051633,0.04084924148535787,0.0009682168394844944,2.5008257045242996e-05,0.0005023042214659571,0.00048684997140878075,0.00029528943655625036
Q9D1T0,4,614,M,test,4,0.0003616073762584955,0.0007775780877661537,0.12094111585022783,0.0009984299412091834,0.8394977342386333,0.011118218159713289,9.942405867499977e-06,0.02069058428912564,0.005471761733690868,0.00013302791750773954
Q9D219,0,1425,U,test,0,0.8569984660941669,0.13142497268381956,0.00039914167154554036,0.0008254088686016245,0.009746162730081635,0.00012364830228061747,3.974668571336401e-06,0.00026588565682637236,1.7813229671261386e-05,0.00019452609443519416
Q9D495,0,329,U,test,1,0.30497249637263024,0.6112671429616375,0.0031579057350914408,0.02083486855271872,0.019572546497900047,0.007575422445015621,4.647499323048558e-05,0.028256267009333785,0.003060747371170873,0.0012561280612712815
Q9D563,4,222,M,test,4,5.2921749927260316e-05,7.944495801913624e-05,0.001595694671894507,0.0003731346767571191,0.8662592084382567,0.025353939945522028,1.237513775904377e-05,0.07000447738387253,0.035754788302753124,0.0005140147352385929
Q9D6I7,5,428,M,test,7,0.0056577978838172555,0.004337984294042006,0.13182460248138977,0.020058636347321628,0.07237514370033542,0.22249614506553078,0.0008813149497900498,0.501402813438975,0.03825092081410239,0.0027146410246957136
Q9D6Z6,2,183,S,test,1,0.3104824288472464,0.4277075938737217,0.15490543167191545,0.029796092403713604,0.059721362968186704,0.00730184713219886,0.00023841372292300947,0.0037294182232347145,0.0024458122305047055,0.0036715989263547996
Q9D7G9,1,263,S,test,0,0.6756897241921442,0.2524868350510252,0.010380746279081704,0.003104713636308709,0.05010754069691029,0.004049310156392106,2.011798722513934e-05,0.0017828871042356526,0.0002608940225685114,0.0021172308741084526
Q9D7K2,0,161,U,test,0,0.5238071814528065,0.41436560025527314,0.003367762400604739,0.0243081344943428,0.008078842631236743,0.009012599707031417,0.0002764427988971161,0.007648894759661203,0.0039993167018808114,0.005135224798265503
Q9DDT5,0,1084,U,test,0,0.8461416810579254,0.13598734326388218,0.0003216429718932482,0.0007715813486035626,0.008969337853636412,0.0019246599448069135,0.000432817929918643,0.002163953181715383,0.00305166342655996,0.00023531902105827042
Q9EPK6,5,465,S,test,1,0.3864313087543006,0.41458025805745624,0.0028596639326897463,0.047804050413963725,0.034297727239551455,0.05545367331416865,0.00010746975081799485,0.04137095459511439,0.011134842472742379,0.005960051469194873
Q9EQ14,2,196,S,test,2,0.009988305689199712,0.004644993040476162,0.7872944754163638,0.026365517511356178,0.10166950115644631,0.038514091018220765,2.357513854735947e-06,0.022707697954998336,0.007718363932567723,0.0010946967665163506
Q9EQJ4,0,579,U,test,0,0.9440542253165598,0.04213204781296886,0.0002466422258249537,0.005083818198504112,0.007568627908349318,0.00030219241827263784,1.5282201905992356e-05,0.00016429916236806002,5.678026953069678e-05,0.0003760844857156142
Q9EQR5,4,269,M,test,4,0.09074604337554201,0.2625823864741005,0.004049890597127347,0.0032037270107788188,0.62990241037049,0.0030570180967143925,5.575629309214563e-07,0.004962030237551935,0.00027993856393382024,0.001215997710830354
Q9ERP3,1,366,S,test,0,0.5220675891277773,0.3216364873030224,0.002455725020277124,0.009053121020535532,0.059120299195721135,0.01772514858147277,0.00017513415660787903,0.055227393314730484,0.009712580269192651,0.0028265220106627356
Q9ERU2,0,237,U,test,0,0.9334468918095419,0.041658651425308925,0.004710629621032273,0.01365064095723408,0.0020579216239222852,0.0010929538492328646,0.0022601848653519725,0.00023636785238622228,9.853278687694147e-05,0.0007872252091125324
Q9ERZ0,0,503,U,test,0,0.9346305782866545,0.05355859982814413,0.002998055250957853,0.00016522060239550695,0.008245624124430384,0.00025589867410365187,2.248822153741839e-06,8.17901334750965e-05,9.17659910175226e-06,5.2807678583349096e-05
Q9ESC8,0,1160,U,test,1,0.4185300676518255,0.4893112126741487,0.0001919056762216966,0.01293822721344879,0.024313836630394214,0.009766285791013745,4.702850725053862e-05,0.03773163073224486,0.0027332700744615896,0.004436535048990432
Q9ESP5,0,455,U,test,0,0.9362177146163542,0.04624880425123135,0.0007302255170157664,0.012399166681245728,0.00294506034254286,0.0005867525984775579,7.620585988288679e-06,0.00012299003579770647,1.1439854330795264e-05,0.0007302255170157664
Q9EST4,0,264,U,test,1,0.14929676332257052,0.507041165677312,0.001492521869636953,0.24518911994354217,0.0035803742438181656,0.025943886968898357,0.00734645048716171,0.016816193549169085,0.005545391338145968,0.03774813259974507
Q9FE22,0,292,U,test,0,0.9828421354651536,0.006926609119458412,0.00156070255184104,0.0005521550125727544,0.005269486393387441,0.0007786633701897625,0.00023747891540777376,0.0006979892993690867,0.00043679057325101214,0.0006979892993690867
Q9FEE2,1,480,S,test,0,0.3807726697158031,0.37195207659797347,0.001749605009372117,0.06060103162657,0.03982082646360475,0.04076514655045709,0.008478343256812779,0.03125572492338439,0.055719348021944975,0.00888522783407731
Q9FEN9,0,228,U,test,0,0.9733328380557558,0.019887692903032272,0.0007244092390920958,0.0011396555646472253,0.0015456022261213836,0.0011396555646472253,0.0004901597655721677,0.0010215806168531315,0.0005641704629062252,0.0001542356013724808
Q9FFA2,0,426,U,test,0,0.880971403546687,0.10687395610333113,0.00028199955804836686,0.001700674945514445,0.003202198452655939,0.0011153298017193669,0.003462402270662558,0.001409909081775442,0.0004299979926927153,0.0005521282469129913
Q9FFD9,5,368,M,test,5,0.006996135611597732,0.005199086791846356,0.02843730118547914,0.09508135804113282,0.1630073617793694,0.4904669764164489,0.02441891254369504,0.1361977591156289,0.02539165474716976,0.024803453767631975
Q9FFH3,0,466,U,test,0,0.9769992834599284,0.016420793800536015,6.062704788682941e-05,0.0009861451715923247,0.0030613650592379816,0.0006219540174752577,0.00022525682222104243,0.0008702701261308076,0.0001700327807382763,0.0005842717142531336
Q9FFK6,0,810,U,test,0,0.5594930269326353,0.27481372228073453,0.0008026440356484547,0.03282182045668076,0.014451251924624814,0.016375413798357486,0.011167061947408144,0.06665896882350872,0.013789481085841831,0.009626608714559977
Q9FG00,4,491,M,test,4,0.0002077366524477032,0.0017667487405315747,0.0003022550595801069,0.0018806942033122447,0.49758476716281486,0.18593385699726145,0.00546326854597924,0.06476099522727738,0.22781092122097715,0.014288756189818272
Q9FG36,6,210,S,test,6,0.008872968716829216,0.0035225363419202605,0.00034337102326014156,0.36496673536985386,0.001295868720552145,0.004987015187014531,0.611204301409156,0.0033875898017973693,0.00023971159437674716,0.0011799018352396248
Q9FH18,0,509,M,test,0,0.48779409016484304,0.2935596637842089,0.0011358636872035662,0.003842577949480305,0.07041079391142065,0.018189252872613224,0.06601574867113133,0.03371754957189293,0.02281443536644628,0.002520024020759775
Q9FHM5,0,419,U,test,0,0.9284265864372234,0.053203081150148886,0.000352921846103108,0.0024497630673519155,0.00924530927342304,0.0012709204185397001,0.0016836958650471795,0.0007355523009861335,0.0007829913711673798,0.0018491782700092807
Q9FHW2,0,171,U,test,0,0.9904971193931416,0.00688577018955159,6.243257735608967e-05,0.0010315055411866387,0.0007314469899686395,0.00016707824345732318,0.00017238187881362649,0.0002587758101878075,9.372240050914085e-05,9.976697582762658e-05
Q9FI76,9,157,U,test,1,0.027310943326368964,0.4578874425190295,0.0004805848019218007,0.28209626773173085,0.004853734763526829,0.007635996237988571,0.02849612208722202,0.0022222017946962797,0.0011000696142439367,0.18791663712327125
Q9FJV0,1,356,S,test,1,0.19284418963890146,0.5493619823946008,0.0004352357476373242,0.012719452816779163,0.16302666922877804,0.030872049469684883,0.008341620351146276,0.020325630111153625,0.01386087426916607,0.008212295972152372
Q9FJX3,3,276,M,test,3,0.04769459920854516,0.16712204442708947,0.04863529085058951,0.5415880463195164,0.010234410464689462,0.05798187992235568,0.02133034270517087,0.008891809375632737,0.004834392845743436,0.0916871838806673
Q9FK07,3,579,U,test,6,0.019618870615760446,0.009496334933761261,0.0001306508364127283,0.018215505470137283,0.011686397493702047,0.001694305749005306,0.9342771442024285,0.0011464246813609805,0.00209218848325558,0.0016421775341759093
Q9FKB5,0,222,S,test,0,0.8710488539559813,0.12162566738111438,8.114221290454254e-05,0.001340624505917261,0.003730614843576742,0.0002538715158105528,0.0009142264463083326,0.0005048838131544981,0.0002578694216258098,0.00024224590360658938
Q9FKM2,3,274,M,test,3,0.028292103383215347,0.1055293335758786,0.026268330202521502,0.6643656802113049,0.003174285966147924,0.05896579965281465,0.016502636705295233,0.0062149495003359255,0.003711116340347444,0.08697576446213842
Q9FKW0,0,522,U,test,0,0.9256347943142414,0.06398219645273327,0.000142164531040467,0.0005801200288915314,0.004253181678471992,0.0013488195142260877,0.00034103500131628807,0.0021386337729072864,0.00131757410372381,0.00026148060244778775
Q9FL03,0,584,U,test,0,0.6767030655002262,0.13377226297354095,0.004023823243443292,0.00751749253172344,0.03489657709599714,0.013401378284613165,0.07780040456399394,0.004631392918535356,0.024457090383663966,0.02279651250426253
Q9FLV9,4,635,M,test,4,0.0156911779131136,0.05370828879671416,0.0011060055107959756,0.0024537802663878268,0.7590023872143928,0.07875800874600501,0.00021108484352720005,0.01352663989559011,0.07456658032478497,0.0009760464886883084
Q9FM85,4,408,M,test,4,0.18677055448699292,0.1661171729712681,0.0028806209432950093,0.005055647704295663,0.6029027575491124,0.011304415528175193,0.008142265322464143,0.005728798799714285,0.008078901861090617,0.0030188648335917456
Q9FN48,6,387,M,test,6,6.258816456116925e-05,0.00018110485346116884,0.000612669845610855,0.11859281136410077,0.0005666268882087286,0.002805425499498029,0.8762889338405775,0.00039249104868179207,0.00014552184163084257,0.0003518266536691473
Q9FNC9,3,99,M,test,3,0.00016002156712650962,0.0003232524719500369,0.0016937217995888082,0.850375739711219,0.0061351696171854705,0.03824893882712228,0.044369546284055116,0.04911261212410939,0.0035996428936021104,0.005981354704041189
Q9FNF2,6,652,U,test,6,0.006407252918643131,0.01312117734201258,0.001070759326975452,0.04194405940565843,0.008005164139299805,0.008163051265373348,0.9003135536064596,0.009506367749006494,0.003679375862886718,0.007789238383684503
Q9FNJ8,6,425,S,test,6,0.014795536391184111,0.036192680721209076,0.0014764465139379466,0.17065399718186378,0.0055286883937784555,0.003432840607859176,0.7529607402942904,0.0036829007385312455,0.002845925033952351,0.008430244123393505
Q9FNJ9,6,482,S,test,6,0.004746505019171754,0.01784328356200498,0.00012999649224325604,0.06840030046091743,0.0011586461816743623,0.0015111594565971806,0.9009972734568958,0.0005559244844627083,0.00046813537087310903,0.00418877551515938
Q9FNZ4,0,112,U,test,0,0.9705907102405409,0.020461189833068258,0.000488778865267176,0.00024577343601657275,0.003784939180291877,0.0004180747267605937,0.0027908395330563567,0.0008058601113672724,0.00032054899617550584,9.32850774554437e-05
Q9FQ24,1,257,S,test,1,0.36982446173944705,0.42566534480830626,0.0006551382646028191,0.051137234394912114,0.04889088420856233,0.01826918794859451,0.002472466007968297,0.06071214001409023,0.019296108985194103,0.0030770336283223046
Q9FQ25,1,260,S,test,1,0.39625164767018917,0.41852515998400774,0.0008873525138655264,0.05592668463082688,0.0325263128979926,0.01768425235569193,0.00526845446905934,0.04622921683710836,0.019271207511759026,0.007429711129499437
Q9FRK5,8,617,M,test,5,0.03592410466161854,0.04102661584808488,0.012610547412479686,0.0605150983357044,0.1497763006617692,0.40475562744856275,0.0353671514439724,0.2011527893366932,0.05477771948971621,0.004094045361398767
Q9FVC1,0,240,U,test,0,0.7975864455838731,0.14299937095509063,0.0017721885755998285,0.004669094601556065,0.0198893402942481,0.005374095031661173,0.013301013050659009,0.007638129809707056,0.004970225628076145,0.0018000964695288326
Q9FX32,2,942,S,test,3,0.11753431270485207,0.22271446133669295,0.006911828418748948,0.24748728170187545,0.04779054861387308,0.1674582789787146,0.03455696652442926,0.12157279520308424,0.016323555481672296,0.017649971036057106
Q9FX53,0,406,U,test,0,0.9267817730762242,0.04300883506006548,0.00022046155962195612,0.0017071804088890218,0.017668037460989217,0.001995896092649302,0.0009137878649658708,0.004825458083327377,0.0018749707326806734,0.0010035996605869137
Q9FX83,3,222,U,test,3,0.0005151148087896803,0.0018262406872507069,5.779428485185024e-05,0.9026948839967739,0.0008361139362844161,0.031374946342077055,0.05861611311469929,0.0024193758226301845,0.0008167453370503525,0.000842671669592632
Q9FXH7,0,345,U,test,0,0.9916321163380486,0.004377599597286452,4.502002925123822e-05,0.0005484561873388632,0.001899403080299845,0.00021816078932336268,0.0005884075955823524,0.00019252623854029225,0.000251101550804712,0.00024720859352423427
Q9FY74,0,1007,U,test,0,0.5862537644291437,0.29942911974873065,0.0028899889547004884,0.033858504272470266,0.032688848796072784,0.0065126912910964015,0.007979515969676956,0.020697288292263777,0.005072088465363117,0.004618189780481867
Q9FYS5,0,193,U,test,0,0.9449853989561126,0.046318637405245916,0.0010153485910379821,0.003642155597852292,0.0015603646682945537,0.0006711044499172315,0.0008890690062334716,7.529582796119084e-05,4.566923067331659e-05,0.0007969562666714659
Q9FZ33,5,473,M,test,5,0.006532037776679645,0.02543418166266788,0.019654013655796953,0.04542997208453652,0.022977868608635706,0.40412286827242827,0.3147312175049905,0.06840690378264122,0.035450071888791145,0.05726086476283218
Q9GKK3,2,241,S,test,2,0.0024938332407206864,0.0005096303166430234,0.9808606102181174,0.006184363393623425,0.0011218653746711807,0.00772668902120141,3.691749661630511e-05,0.0005820160846095493,0.0004094994591030084,7.457539469398555e-05
Q9GL25,2,245,S,test,2,0.0018971984401832426,0.0013141510612384355,0.975125164229808,0.002166668819206518,0.008156982936185142,0.007487552946324419,0.00012033999884379405,0.0008618412861894388,0.0027820576541494183,8.804262787155722e-05
Q9GL77,4,1079,M,test,4,0.07603719626305705,0.06350043867700361,0.0011807898666549718,0.034914503494831925,0.5314231296884283,0.1822257022536248,0.0015161641554879374,0.05927569095714101,0.04518272676582519,0.00474365787794522
Q9GMC9,3,169,M,test,5,0.0008843039475499915,0.00205606839126752,0.03605528343737234,0.20012067612739867,0.08607083815621054,0.48006454365892975,0.08342270079667603,0.031540243027747085,0.037601561945541595,0.04218378051130648
Q9GPZ7,3,366,U,test,3,0.013952364773129633,0.12100178425789244,0.0012826526894085732,0.8268971222732867,0.001262766973910197,0.0068264536602355205,0.011387588152690128,0.0035972882965836883,0.008043528320038693,0.005748450602824429
Q9GU58,2,88,S,test,2,4.642232960877297e-05,6.900062890139595e-06,0.9910601816899104,0.00022495614765905388,0.0054501890274781,0.0007419374770570189,0.00014187807167628653,0.0008053654328293871,0.0015075623285177569,1.4607432373085742e-05
Q9GV77,4,3103,M,test,2,0.003295256458967565,0.00676142643951815,0.571768332266123,0.0033471488204876655,0.2256638363572391,0.021072158177834636,0.00582871388420184,0.02799797934670228,0.13370139635379488,0.0005637518951308077
Q9GYZ0,1,1463,S,test,1,0.1694809510411168,0.6446309738988987,0.0010316692145132128,0.03708487779752192,0.05957698498735739,0.015042290215846455,0.003833115831035099,0.05260539098351528,0.014693835871673928,0.002019910158521219
Q9GZN4,2,317,S,test,2,0.00010686270845337394,0.0013858167990785898,0.839276062331546,0.0037670407671996377,0.11182271564644104,0.022985956975812932,1.856995653090719e-05,0.00687472886370843,0.0128813672508329,0.0008808787003962907
Q9GZN7,0,287,U,test,0,0.36313193207911,0.3204628156019943,0.02032707585206874,0.14643229210042286,0.04074227344413688,0.045629183651958595,0.0005128695512513592,0.031483191278448154,0.010141554057162185,0.021136812383446932
Q9GZP0,2,370,S,test,2,0.009486765901691247,0.010500893329909704,0.4570979919004257,0.022668844808039747,0.21591780274612843,0.07668771838040594,0.000535206711600049,0.16815697190151258,0.038037386998206836,0.0009104173220797349
Q9GZP8,0,106,U,test,0,0.7826960350457303,0.15173253928094405,0.00702766026758367,0.0003118039563083417,0.054101908539133235,0.002377071963596123,1.8253097710838947e-06,0.0012332086168240248,0.00021097712289109495,0.00030696989721814443
Q9GZV9,2,251,S,test,2,0.0024566115492246627,0.004211612150703628,0.8678079463702184,0.011997766160394168,0.0914662801167744,0.012659796829055079,9.070030726873085e-06,0.005160174461132682,0.003925654203655742,0.0003050881281143978
Q9H069,1,523,S,test,1,0.34243664016905456,0.5916774250704798,0.00025486064164209464,0.00528150748341244,0.010101148820742726,0.008572732997537748,0.000737463761611934,0.013123019549155446,0.02716439207130442,0.0006508094350587805
Q9H0E3,0,1048,U,test,0,0.9117308857127474,0.07483942574949136,0.00025755291702631966,0.00574849796887207,0.004850184377519636,0.0003520330769597686,2.8448634036321556e-05,0.0015411553056999035,0.0001315451346469623,0.0005202711230002483
Q9H0I3,1,377,S,test,1,0.13315564873376678,0.5084477846088676,0.002930322767491722,0.021993293287398522,0.03936073698246711,0.008282749280501182,0.0004493795438868254,0.24974114601878092,0.03439816211322691,0.0012407766636123628
Q9H160,0,280,U,test,0,0.9546345275399654,0.037305509368579494,0.00019122655138771927,0.001380252011083416,0.0026398011189907064,0.000744590159435866,0.00020040370255824873,0.0022934990496901848,0.0004960039139407926,0.00011418658436826163
Q9H161,0,411,U,test,0,0.962477906554262,0.031920905629459706,0.00019583380748936532,0.0012090364271531288,0.0031207263885955202,0.00034911150002214856,5.384456837681011e-06,0.00044826804502488794,2.9108095506467535e-05,0.00024371909564909361
Q9H173,5,461,S,test,1,0.41288348536721786,0.47522594954263464,0.0008096044087444369,0.03389153961382515,0.014238903128031305,0.03632482470176211,7.769536657580935e-05,0.017041737009139135,0.00519743555504997,0.004308825307019566
Q9H1Z4,0,485,U,test,0,0.6620916474237049,0.2654274542789123,0.0014942942269772883,0.021034945902029367,0.020387769811100867,0.0069637390699608765,0.0014483196020936013,0.006696962170179004,0.003584625386807229,0.010870242128234673
Q9H255,4,320,M,test,4,4.982196507695883e-06,3.100027157579809e-05,0.00013153964845676134,0.00010820156847943901,0.9781036063471755,0.012903397199288366,2.5052056548080573e-06,0.0022775847182403687,0.006387644555514716,4.953828910652028e-05
Q9H2W2,0,232,U,test,0,0.9831144476770849,0.010585399338295866,0.0007668037521208182,0.0008356153414669604,0.0033899108582072356,0.0006258469039813696,1.641968226768003e-05,0.00031469561348589444,5.057618624019909e-05,0.0003002846468490594
Q9H3J6,3,166,U,test,3,0.054979522133231366,0.08854609039496106,0.000924061407663787,0.8401019627002078,0.0006552577293523559,0.006881494119121015,0.00263240609140861,0.002434577808471138,0.00041004980711181873,0.002434577808471138
Q9H400,4,295,M,test,4,0.17306095836085597,0.3606900063055154,0.004038330396173061,0.0035360807340160394,0.44888595092192624,0.003914084055769815,3.9117475672013266e-07,0.00258705167748233,0.0003556329548244873,0.002931513418679973
Q9H425,1,327,S,test,1,0.29727603088219157,0.595840833440677,0.004340972909555365,0.022923466653451914,0.052267765668198775,0.008367445624783924,0.0011324105265602114,0.015270320323716181,0.0010805536688088088,0.0015002003020563506
Q9H4F8,2,434,S,test,2,0.0020776873730268333,0.0010948643711902906,0.878424914237726,0.0028398617718570097,0.07735792078478648,0.011147186557904618,9.4724322222544e-06,0.02260054914843108,0.004263138085008246,0.0001844052378472744
Q9H6A0,1,471,S,test,1,0.20708219548837667,0.5899222872606553,0.004985597770957133,0.02378495749332814,0.104025825098421,0.0330221413453963,0.0005506963706877716,0.015968465342020743,0.017537926520419352,0.003119907309737614
Q9H6H4,5,257,M,test,4,0.04305595151510844,0.024246728002565488,0.013923725087337708,0.08226628586227766,0.4331543735542253,0.14339821013920342,0.0030586365553389554,0.1907152828002064,0.04322446502144548,0.02295634146229114
Q9H6R4,0,1146,U,test,0,0.5407658278513685,0.34914467120771286,0.012040775401032633,0.05474593550270865,0.011135896789698663,0.014868372282668366,0.00020879786690080067,0.0024271952253948374,0.0020439031291900776,0.012618624743324557
Q9H867,1,229,S,test,0,0.41360475943760694,0.3375743870946067,0.001856440531783128,0.028146158448383675,0.03642383531400548,0.08979839686281314,0.020916448567599714,0.05663513673093589,0.007228531292084854,0.007815905720180495
Q9H8L6,2,949,S,test,2,0.0008376174008076437,0.00248120318516603,0.785685147336109,0.0023127355535026164,0.1753100527326242,0.02535465621587419,1.7759072441561275e-06,0.005504789522009649,0.0023308746896662973,0.00018114745699631025
Q9H9P8,3,463,U,test,3,0.00889902379886014,0.07027020338935293,0.0018947114094257317,0.8010645547001212,0.01304955507337951,0.0512603747311136,0.01574076719644613,0.008359859737422579,0.004405336475537484,0.025055613488340768
Q9H9S0,0,305,U,test,0,0.962757578618841,0.032433006615546545,0.00032296919084637206,0.0009200536794548858,0.0028729764481619157,0.0001958907214686078,3.819261075073262e-06,0.0003775892220793929,2.064673007423154e-05,9.546951245193113e-05
Q9H9Y2,0,349,U,test,0,0.8138290763540866,0.11013978136851015,0.0014758738906469717,0.05713976631269097,0.001924902461876646,0.007672847827269609,0.0016209305269932039,0.0027572955410925075,0.0009679017381788662,0.002471623978654439
Q9HAC7,3,445,U,test,3,0.021208923820147267,0.15428430077936653,0.002379575311994631,0.7246378874845116,0.012763756823955372,0.010255965620277328,0.03288111831047045,0.0016612113216454257,0.002613452322726101,0.037313808204905326
Q9HAF1,0,191,U,test,0,0.9296505845740464,0.052039149409439336,0.0014196832144845045,0.003326751239177801,0.005815867766978795,0.0025507090753278264,8.135433047392209e-05,0.0033528436358510275,0.0008746415674038964,0.0008884151868165393
Q9HAJ7,0,183,U,test,0,0.9223099927249386,0.05495797848347567,0.0004572643069269741,0.007322440831989537,0.005906775665057842,0.002491335451046368,0.00012500912164189722,0.0058151991880712175,0.0003046036960219243,0.00030940053082988546
Q9HAU0,1,1116,S,test,1,0.3481078941860877,0.5650348500856655,0.0005072569910794872,0.004148824021131786,0.0674837957289422,0.004148824021131786,0.00013232588736753745,0.009533921913840027,0.000574797433571079,0.00032750973118295617
Q9HAZ2,0,1276,U,test,0,0.7989885945684927,0.17279340827707684,0.0012012307310121585,0.0014489607754481885,0.01604092960616956,0.005217908582893835,0.0002943742560736672,0.0019804948272755915,0.001667743686107807,0.0003663546894496634
Q9HBU9,4,364,M,test,4,0.011064015704345159,0.054246676223022955,0.00362013215637844,0.02972472682268389,0.5809330648382979,0.26805655801631995,6.84097796884487e-05,0.028922953121124074,0.02091395936141715,0.002449503976722008
Q9HCC0,3,563,S,test,3,0.02107851563606232,0.140160115012888,0.0011041055071531977,0.7007565421373412,0.005105331981100737,0.041634048993223066,0.042663015053026915,0.003048533048126874,0.025031353736893875,0.01941843889418383
Q9HCE9,4,1232,M,test,1,0.26123875034383987,0.4046144730034584,0.012218298229065625,0.022298002320944418,0.23786055727429067,0.04382824094797189,0.0005368345229734296,0.005093344419950783,0.00653998358847013,0.005771515349034803
Q9HCY8,1,104,S,test,1,0.22454236908004463,0.5892839161472089,0.008210966918254159,0.025689841001085314,0.06761765169895315,0.01954380146923268,0.0059141369617811915,0.016586608423953444,0.04025822693228938,0.0023524813671971603
Q9HDW0,1,430,S,test,0,0.450111380330977,0.4362628952063091,0.0010001200680989245,0.01171719694439832,0.014133637502730678,0.02911384732128564,0.0027186082017528067,0.03015558202992647,0.02249743484426457,0.0022892975502565183
Q9HDX9,3,526,U,test,3,0.15986427309293344,0.1284545482445021,0.001707896668672531,0.6176287990567391,0.0011923040463903368,0.04684227228317479,0.00137233358550401,0.011312266560196538,0.009905352036943399,0.021719954424943858
Q9HDY4,0,1183,U,test,0,0.8918250577756256,0.08558585455313299,0.0001601362890695093,0.013574749849687952,0.0011290707754667265,0.002708500235736676,0.0012208166344509811,0.002263036581936941,0.000879321283153771,0.0006534560217388283
Q9HDZ5,3,388,U,test,3,0.05240213960472113,0.19815025153317062,0.00284862968584474,0.6248196621988523,0.010258308989012687,0.049035337898834054,0.013484294729224319,0.02470472321577934,0.014353957183165926,0.009942694961394829
Q9HE09,0,783,U,test,0,0.8764340008876261,0.08883661359562614,0.000774615472829098,0.010283585085987168,0.007642111091705647,0.004527800883552162,0.002105623095701742,0.00478231086349028,0.0032106916208040487,0.001402647402677595
Q9HEM6,7,522,M,test,5,0.0009608348287099883,0.004879522038218962,0.1371376039541196,0.012956659046358312,0.07844447185185734,0.4062311268775571,0.0025314627632335466,0.2225962981065905,0.13188393146105273,0.0023780890723019204
Q9HFP8,2,284,S,test,2,0.0011244672800899418,0.004017849613695902,0.8744187109172387,0.0022893018074705987,0.0581265115173906,0.009305360168340139,0.007162591729305167,0.0008356331716591738,0.041541142190125876,0.0011784316046839199
Q9HG09,9,425,M,test,7,0.12841584659598762,0.20361099155911355,0.002996548633024663,0.11189695653443457,0.0327232650542362,0.13275122002710063,0.02000332899841268,0.32536943178822464,0.019387892444316823,0.022844518365148617
Q9HGM2,5,171,M,test,5,0.006824553012450659,0.006262561305992855,0.00075382267819055,0.16534377633562872,0.003858251962586175,0.6961233019423599,0.0003850149223356848,0.10186533629301323,0.009291690773721105,0.009291690773721105
Q9HGM4,5,250,M,test,5,0.0001383031891246545,0.00027938011874899005,0.00015189633656245463,0.007219395438893241,0.008845387760280347,0.819908779414547,0.0023392210191662383,0.13595419818265292,0.019894495161745806,0.0052689433782783885
Q9I7I0,0,575,U,test,0,0.8208756333835722,0.1494925597592379,0.0006014701711102566,0.01770242838034032,0.00414253998433061,0.0026956020948995197,0.0003427073486934947,0.0020993370273794743,0.0013554339343355897,0.0006922879161006951
Q9I9E1,0,472,U,test,0,0.9376003785857824,0.050473519421143836,0.0007088040748237036,0.0029379111380713916,0.005237393238277642,0.0009688202419418528,2.140402886056746e-05,0.0008549809068557232,9.897122216775117e-05,0.0010978171420751145
Q9JHH6,2,422,S,test,2,0.003405052768279997,0.014790875189995207,0.5550235020437834,0.010008006548895627,0.04442773844704228,0.11863383878657867,0.0009604393456215612,0.08314391385283622,0.16664827190071402,0.002958361116253024
Q9JHW9,1,512,S,test,1,0.012251518612546182,0.6138265105749705,0.006765930883457724,0.18430413224227296,0.009393565315176327,0.01187457884065411,0.0321526078947588,0.0009978397239560832,0.007090635100677129,0.12134268081153023
Q9JI66,4,1079,M,test,4,0.08200750871339357,0.06754817374472502,0.0011584063119511184,0.04131657817309593,0.5053090085933456,0.19634194071137054,0.001534639112299147,0.05619799600227508,0.04355386096779861,0.005031887669745402
Q9JIE6,2,140,S,test,2,0.0016307703581898902,0.0023727567208832036,0.927787291438692,0.0024672766537812353,0.035694265688260014,0.0064498221983358885,0.00038133671232011877,0.007964467102952625,0.015113902114499337,0.0001381110120856819
Q9JIH7,1,2126,S,test,1,0.26269588523511794,0.5828162575725874,0.0006022227029108639,0.005895103473592981,0.1331277969591756,0.004519932083710514,0.0003888241868149412,0.00617801506436473,0.001467407251645018,0.0023085554700799866
Q9JJK1,4,265,M,test,4,0.00011094315311537221,0.0003581288934001529,0.0049728696238817705,0.00034711038774051686,0.7001276684451081,0.09475196934051017,0.0004186950950980801,0.09624409700500623,0.10245130189571364,0.00021721616042595274
Q9JJN5,2,457,S,test,2,0.0021487589597352624,0.012658487263421022,0.6857515767593962,0.004918557769095777,0.13609156704948935,0.04405321295131082,0.0007310784575415305,0.021617089062439705,0.09030309535241587,0.0017265763751544052
Q9JJW5,1,264,S,test,0,0.6296581284351778,0.3068708610951643,0.0031528347789751125,0.01879250715052379,0.012865534285626028,0.009864347451740653,0.0036288907645429607,0.0038629337446616117,0.0032529165600590506,0.008051045733528758
Q9JJZ5,2,550,S,test,2,0.0012174161028124892,0.000507494545978003,0.9616067997115105,0.0008976663855505082,0.02836534585572791,0.0029033674959026397,4.747466253602906e-06,0.003361393743560365,0.001066005189994395,6.9763502709515e-05
Q9JKA9,4,863,M,test,4,0.12314903393193427,0.3108083707259209,0.005063151174715477,0.013132815678109741,0.5164554287756034,0.019258000585468157,0.0005092145459301165,0.004468215309704467,0.004132423684832738,0.00302334558778075
Q9JKN1,7,378,M,test,4,0.0016097725213944315,0.0024546100166504886,0.00047584784933127176,0.0013985945506127234,0.40640204165535715,0.18899450740755266,0.0001750546465352746,0.04891848446264324,0.34761410113934904,0.0019569857505736814
Q9JL61,0,658,U,test,0,0.9006874970982685,0.09058452210144081,0.0008085872810656169,0.0011402907312519123,0.005090505245046524,0.0006396451949031983,5.198725722694864e-06,0.00041948956500708224,5.0889854576034374e-05,0.0005733742027176748
Q9JLM4,0,1370,U,test,0,0.959310268101835,0.03778225691928425,8.264835493621685e-05,0.00019216318432926192,0.0014707106694640208,0.0007659810055850105,3.057873865096364e-06,0.000132071688516346,0.00012025263709462012,0.00014058956509018902
Q9JM73,0,504,U,test,0,0.9462424109550861,0.03556097369858843,0.0007496669572507826,0.0032059190037910723,0.012483075510343472,0.000583841186031788,3.7911479769020664e-05,0.0003769561665421331,0.00023589320078674748,0.0005233518418104902
Q9JM80,4,424,M,test,4,0.1133202465515172,0.2634774749455444,0.0005674190480666486,0.0003839349090342236,0.612603427129313,0.0028815919121790694,4.400521455936974e-06,0.005935783509129114,0.0007400540066802036,8.566746708017928e-05
Q9JMB1,0,375,U,test,1,0.09307759907042218,0.8360981857515355,0.0056777698350734766,0.03556191885630542,0.01649347489950726,0.004597998178164958,0.0017181463600415053,0.002539255863710306,0.0027888267953136117,0.0014468243899258206
Q9LD83,4,556,M,test,4,0.005897415337594555,0.023416021844236187,0.0019447612580714658,0.0031566589612412868,0.6206480862155203,0.1820354909128592,0.006180438214489361,0.02846664377219664,0.12413742396145533,0.0041170595223356645
Q9LES2,0,478,U,test,0,0.901788172088954,0.08387936069233824,0.0010395154100760187,0.0020352723991917464,0.006595653489429119,0.0014432242767788376,2.1239973992383516e-05,0.0017545142855299903,0.0006207230186251364,0.0008223243650844689
Q9LFH9,4,715,M,test,4,0.024137859950485015,0.07574225895148566,0.020010988982297112,0.00534397126103963,0.45544799759354815,0.052311647220551365,0.20053103388748614,0.017250550758205137,0.129979311269891,0.019244380125010747
Q9LFS2,4,641,M,test,5,0.010842304911353589,0.0152901010075426,0.0403628099849132,0.007393809957268753,0.24484936809669583,0.24870516251711527,0.009201745842657552,0.246769725319826,0.17498594888110602,0.0015990234815211777
Q9LFU9,5,149,M,test,1,0.29174483464329665,0.5893407593697081,0.001629673329648592,0.04294258450578764,0.006445482515054312,0.014525120466161492,0.014639041708640159,0.02490184883429313,0.0034500184296692585,0.010380636197740706
Q9LG05,0,485,U,test,0,0.9776766562957575,0.016561056001027467,0.00023995090222392643,2.9567749946842935e-05,0.003270633373765319,0.0005079760003451982,2.5290638175045713e-05,0.000557902516889971,0.0010261397386079163,0.00010482678326082481
Q9LIB2,6,962,S,test,6,0.005943357103458617,0.013791755051331598,0.0007323652500721702,0.07412193828179885,0.003156492767380819,0.015385815176163902,0.8683970702492886,0.00598997073034886,0.003867416002868883,0.008613819387287766
Q9LIG6,3,283,U,test,6,0.005113053258341648,0.0052138991974488265,0.00026678070484468716,0.48235080804266667,0.0015232697262166045,0.004028989098847262,0.49766225817646376,0.0010551380945395482,0.0014309796149772063,0.001354824085653814
Q9LIQ6,0,234,U,test,0,0.9117377196470994,0.06302159217571633,0.00047371582372922354,0.007526855334581611,0.0025211808210261334,0.002123047129315892,0.0006785666490608768,0.008043656066135014,0.0018159384711923447,0.0020577278821431867
Q9LJL4,6,330,U,test,6,0.01741751950222704,0.01459557963161854,0.00018436028667026834,0.10245760815033811,0.0017220435356146715,0.0033980415538862247,0.851191124826044,0.0037907888806924853,0.0013622486119091413,0.003880685020999595
Q9LJR2,2,271,S,test,2,0.006825450941300457,0.06680963319074576,0.6339108471871613,0.04116273379364741,0.022732221034706238,0.11726171752670414,0.010737940879069974,0.02953281497600406,0.06441118694155935,0.006615453529101353
Q9LK31,7,426,M,test,2,0.04244694113731384,0.12451507151126862,0.2138858288526535,0.1034284308552742,0.13972289860248566,0.1156083345413208,0.07992330193519592,0.06809549778699875,0.04211661219596863,0.07025708258152008
Q9LK72,2,276,S,test,2,0.005955121773659461,0.05912547015315893,0.6365905816347264,0.026898329300947293,0.03270005340343187,0.12782446671039008,0.008267868071511471,0.021953777707585033,0.07632747072153577,0.004356860523053747
Q9LKA4,0,404,U,test,0,0.8122505710524542,0.1676173691209647,0.00042202484603045436,0.0027735315360710453,0.008900763647663323,0.0009074959855370552,1.3996597147021055e-05,0.0033455175095532352,0.0008392966289971979,0.0029294330755817413
Q9LKX9,0,867,U,test,0,0.803000360806948,0.18486119004572216,6.010605144119763e-05,0.0033074173910120318,0.002657584712085496,0.002851172223616743,5.304339917558875e-05,0.001490769846892671,0.0012455848509165205,0.0004727706721895491
Q9LKZ3,0,1013,U,test,0,0.8753044777784469,0.10955721354872025,9.532834058384859e-05,0.0028297739131230883,0.0030837127378131137,0.002516853268483288,0.00023965540754064234,0.0028743362991784207,0.0019601272867668996,0.0015385214193435427
Q9LLC6,6,198,M,test,6,7.255272369865389e-06,3.270207480684017e-06,0.0005046756916160149,0.004901778623403421,0.00011641007345001356,7.800152851253982e-05,0.994358879156211,2.066834799700041e-05,5.739392930718816e-06,3.321706028708172e-06
Q9LM71,6,232,U,test,6,7.4733917770850536e-06,8.874872207732938e-06,9.3751319563975e-05,0.007010042336373848,6.739478833270417e-05,3.5100802725804765e-05,0.9927398753113025,5.73004774288427e-06,1.1757295622648895e-05,1.999983435087097e-05
Q9LMR3,6,358,U,test,6,0.01171069270099569,0.013121759152287877,0.00013647058809210325,0.08866953486279547,0.0011606485849484723,0.008509356894678325,0.8612233770929383,0.005580572651550077,0.0014444504089077216,0.008443137062806
Q9LNI5,0,83,U,test,0,0.9481111144279746,0.046110204406264045,0.0006733242595351343,0.0009060568955157601,0.0015778041930063769,0.00030349103700514935,0.0006325295925480542,0.000662885355205379,0.0005669958532743742,0.00045559397967110657
Q9LP21,1,528,S,test,0,0.59963980561979,0.3337498188708462,0.002649720667881303,0.006456447646822642,0.014549827985700748,0.005971237406915948,0.0209232375103207,0.003916032822943195,0.005787521911998643,0.006356349556780595
Q9LPP4,0,128,U,test,0,0.9482904685732151,0.010250404491289932,0.0005163532339655439,0.0002556134135270735,0.010534556597133383,7.323446344463844e-05,0.02977661606315492,6.668074647800925e-05,0.00011342775557969634,0.0001226446622116963
Q9LQ02,0,1453,U,test,0,0.55367040788849,0.2595000870325605,0.003909637231127277,0.13944403866150615,0.005343840472429545,0.009378731276966812,0.012328110669724952,0.004430199054340457,0.004097264271501259,0.007897683441353078
Q9LQU4,4,152,M,test,4,0.0019402359052120585,0.011792892249692549,0.09348579971300458,0.047088010739788105,0.6096039834453506,0.06773099107699401,0.0006398218499175484,0.10429094430709325,0.05506490757035824,0.008362413142589101
Q9LRH6,0,309,U,test,0,0.9119158306672351,0.06977216670762458,0.000386711126941959,0.0035561290263536305,0.0074406185979673705,0.0014145304803191204,0.0005805220925364575,0.0025216730983397425,0.001733119008413468,0.0006786991942684796
Q9LRY0,0,189,S,test,0,0.9326551010724679,0.04828389078905735,0.0005078395764207995,0.0016139111468342798,0.006509038238737386,0.00037154337777832604,0.008522612475237876,0.0006727781917155679,0.0004080605919993875,0.00045522453975117095
Q9LS90,0,460,U,test,0,0.535419831400513,0.314757054763304,0.0006076240788891134,0.02427145882533818,0.03490333694615602,0.012109481016752492,0.0033365127766923374,0.03177984861259774,0.0202795643293453,0.022535287250411873
Q9LSP8,0,838,U,test,0,0.43169578025368305,0.39614631914047616,0.006763030636322988,0.03239089184198564,0.03772115630110219,0.016223668719715707,0.017135608590223464,0.025925347050318834,0.0255234105870919,0.010474786879080059
Q9LSR8,4,766,M,test,4,0.020132659947033657,0.058483787937363974,0.03451540908659338,0.00599787822561708,0.6411611741251335,0.08641232900861266,0.023354294575415147,0.040195284439652285,0.08461692543120185,0.0051302572233764415
Q9LSZ9,5,489,M,test,1,0.09754328977170722,0.3613570557352938,0.002323306817065996,0.2445064286533605,0.03605981098087422,0.07486210611811764,0.014456102331708907,0.03662767559601744,0.0313293107958394,0.10093491320001487
Q9LTT3,0,319,U,test,0,0.8448396919192527,0.13791629212920106,9.20104591401238e-05,0.0050236002892529675,0.0031436889180174532,0.0033464392108392953,0.0001718981559743284,0.0030469678226847465,0.0005999835291391351,0.0018194275664981943
Q9LU10,6,448,U,test,6,0.001798352826486806,0.005517720765085689,0.014346861422467421,0.11301224045525776,0.0034126737492714623,0.003689980170881412,0.8482039654740757,0.0007266001847760072,0.0035764517150817434,0.00571515323661594
Q9LU21,6,204,M,test,6,7.813170206384277e-05,5.497251736638091e-05,3.63346165218802e-05,0.0035365108670149946,0.00019951629606033787,3.5216716528203805e-05,0.9960182647367564,1.612338801531479e-05,1.4680511001744488e-05,1.0248648670898135e-05
Q9LUT2,1,393,S,test,1,0.071724659483871,0.7343653316512968,0.028585880512260752,0.05087282050208201,0.008417026929037074,0.003563993317450044,0.07531376055901692,0.001193788231688168,0.008959877153488087,0.01700286165980914
Q9LVA0,5,446,U,test,0,0.7012874720889973,0.23490187812633506,0.0017656923997094091,0.012256333907974544,0.011513759723625346,0.006408372565675069,0.02210683076095237,0.004799649339187226,0.001909168455745778,0.0030508426317979163
Q9LVI9,6,426,U,test,6,0.005012420698466446,0.03896641545501222,0.0003505550972707206,0.08313889405161874,0.00251057708774678,0.0023401152623960283,0.8528959940582386,0.0009679136685607202,0.0007777405182732336,0.013039374102416484
Q9LVV5,6,223,U,test,6,8.052090520920848e-07,1.4810062217890795e-06,0.0001004357870487423,0.0006360147133829999,2.3166835498418332e-05,6.091738886871639e-05,0.999086579565016,2.729720366246706e-05,4.661584717405497e-05,1.6686444074743712e-05
Q9LW68,0,195,U,test,0,0.7596343060630557,0.13942469474678326,0.003008937656762891,0.03558064578275286,0.033213428719911724,0.005198978285504788,0.0005833092069566912,0.003744683412438661,0.00612589289828902,0.013485123227544384
Q9LX82,0,256,U,test,0,0.9426204558666502,0.04239799930187794,0.0001640496380123518,0.005851116590562297,0.004181604100772653,0.0006288665063217123,0.0001590023501921784,0.0027316716159091936,0.00032119354867700894,0.0009440404810244081
Q9LXU0,2,80,S,test,2,0.00063405141733317,4.5218444803854936e-05,0.9068705777337199,0.0019683335709552888,0.05707549143822282,0.006212735314351391,0.021833320030162324,0.0006963692981277886,0.004621423953045954,4.247879927751618e-05
Q9LXW7,0,1580,U,test,0,0.7130286520087407,0.22436439445100742,0.0010888765999610525,0.0045843416640852334,0.02095081978725254,0.007212182797102001,0.014010877938909283,0.006364728169256334,0.005194739777862488,0.0032003868058229747
Q9LY61,1,428,S,test,0,0.5310932219779528,0.15760531493109525,0.0021201781217694165,0.057080859267235794,0.03091333144076175,0.02706861964010605,0.1180409227968443,0.02706861964010605,0.021081063189619897,0.027927868994508605
Q9LY62,7,334,M,test,7,0.0007747449358599577,0.0012188447550790923,0.008073027032830214,0.006046417941163101,0.021731502734801574,0.11679304828243034,0.0015896732965413247,0.8364389318212148,0.0059526770668708075,0.0013811321332088638
Q9LYG9,4,734,M,test,4,0.04100661105948834,0.04116710773177589,0.004355963523537249,0.017775052090649623,0.44086265895921595,0.32254199236262726,0.023183037065615978,0.05183721767412448,0.044861373590716534,0.012408985942248634
Q9LYR5,6,256,U,test,6,6.41061517417129e-06,6.9315277673845175e-06,0.0001140756192139849,0.004068705852827005,8.543868929266443e-05,7.13866917059783e-05,0.9955794595410801,1.2356783274336872e-05,4.773991142378562e-05,7.494768240566464e-06
Q9LYT1,9,488,U,test,1,0.13644847486549583,0.560067008295077,0.040255395131393285,0.08147711578564114,0.02460762792958146,0.03285549246020242,0.033634640748651565,0.015887878955319318,0.029682464876631547,0.045083900952006435
Q9LZ78,0,127,U,test,0,0.8701919143508717,0.022652638312815526,0.0007338789647835998,0.0009133270802841553,0.041664576317290807,9.477153531134639e-05,0.06303649701624407,7.615106375253232e-05,0.00032060795738983927,0.00031563740125640084
Q9LZS3,6,805,S,test,1,0.061126481513952904,0.43777066306110224,0.024505134580637758,0.12481246842141275,0.03196072193994849,0.03402200701079515,0.21252059857353345,0.026704180886208337,0.028649404538238776,0.017928339474170135
Q9M021,4,682,M,test,4,0.021532955279842104,0.03945075463754942,0.03720560779047818,0.005487084084044349,0.7531556708034162,0.028304534863301412,0.028084265892072,0.01676988092088257,0.06307292169592998,0.006936324032483815
Q9M047,1,199,S,test,0,0.5089920949111654,0.44222001891251606,0.00034492010140638944,0.034434986654251494,0.0030742393556625713,0.005610388447312813,0.00024458499140915106,0.0012421049641089795,0.0006148866025115313,0.0032217750596556472
Q9M069,2,504,S,test,2,0.00167499243882948,0.011581422351887253,0.7777721607063605,0.0006559364615151757,0.08863781079398753,0.01728420457270042,0.010101496816402733,0.010752987667972716,0.07945442664036312,0.0020845615499810745
Q9M0S5,6,764,U,test,6,0.012113910405330471,0.05282637580237714,0.004421777644061791,0.03546595270259772,0.01129140633821444,0.025896816089593933,0.829577760231805,0.007821328159652549,0.014726768535805996,0.0058579040905609595
Q9M0X8,0,298,U,test,0,0.9054343096984038,0.008404163636869152,0.0004930176069667653,0.0006232327427292908,0.01374493817610031,0.0005166780315785731,0.06873714918257202,0.0009503164320890542,0.0006330472528432344,0.00046314723984780364
Q9M1S3,0,261,U,test,0,0.8489762968999797,0.1167058034463034,0.000978637768444907,0.011898984796033078,0.01370902986804893,0.0016135008415203685,7.785993900977906e-05,0.0018283361318802724,0.00018677627146209842,0.00402477403731753
Q9M297,0,1256,S,test,0,0.6797190346553122,0.23860383167082722,0.0012918231149678478,0.02594695999816224,0.01090113638472447,0.011695210887278677,0.007433928125168726,0.01124717487719194,0.0070935045765349895,0.006067395709831616
Q9M2Q6,0,354,U,test,0,0.9637120047547088,0.03049819259247013,0.00019304491262282856,0.0012200812694825554,0.0028927245544615827,0.0002187485142035966,5.7962590140137406e-05,0.0007755308984572441,0.00010332949320528474,0.0003283804202478897
Q9M365,0,359,U,test,0,0.8274749322130311,0.08209129075403057,0.0037140722322573476,0.0222244124446711,0.01613319370795607,0.005076533894967067,0.01744414205392393,0.013374887123232829,0.00448002594798929,0.0079865096279406
Q9M3D8,4,664,M,test,4,0.007096032585842691,0.03851092845292459,0.01928901419296809,0.003378217783431972,0.7409797173693322,0.042503005663351974,0.01783942169167245,0.014002323086517384,0.11274861497598039,0.003652724197978302
Q9M424,6,498,U,test,6,0.008750865633868017,0.0062784383134584605,0.00017397978144707764,0.08335084847162072,0.00061681188421116,0.005649983208512968,0.8822132154151957,0.0005034271390935436,0.0010825385599009024,0.011379891592691437
Q9M427,0,406,U,test,0,0.7154299699476018,0.20820197703596743,0.00032804112212710097,0.026625465909319173,0.014790387063746564,0.0034182670455499323,0.0009793499597814496,0.010205060361518086,0.0014701782662788398,0.0185513032881097
Q9M4A1,0,383,U,test,0,0.460123917582754,0.26422695087878595,0.0011141128135757359,0.1541222055533307,0.004915695690524695,0.017840939007779,0.0084935605847443,0.02457693199161813,0.022203408180659485,0.04238227771622801
Q9M5P3,6,354,M,test,6,4.329616784720677e-06,4.60885348595654e-06,6.879314603610163e-05,0.013316099528073071,0.0032632504580358363,0.012706310484585611,0.9631640312252671,0.0026220951687363865,0.004190096630426678,0.0006603848885685482
Q9M670,4,366,M,test,1,0.23940832678807208,0.3415995802853298,0.028481771890950757,0.08257586428239329,0.0926613798616971,0.11308848002233632,0.01443385877501637,0.06912960044493824,0.007725888321994033,0.010895249327272066
Q9M7X9,6,183,U,test,6,2.226330678457384e-05,9.353516912746847e-06,3.232489023779067e-06,0.0015486323038449634,1.1107576342310057e-05,2.2791266568409022e-05,0.9983681875400345,3.6628898252877036e-06,5.006576660829263e-06,5.762534002572492e-06
Q9M815,4,190,M,test,4,0.006152421472396129,0.01955235824597513,0.06117391076257808,0.07124071841936525,0.6576815500197596,0.05697860787656864,0.0016559020786601686,0.08559769720854704,0.03371752555561059,0.006249308360539349
Q9M8S2,4,558,M,test,4,0.10334466856139697,0.1326971857992033,0.0009153097459037105,0.0009297237678226963,0.7117716985737227,0.014095875128466686,0.001937710649597896,0.008616636889397476,0.025424820567348114,0.0002663703171404883
Q9M9E0,4,656,M,test,4,0.010756189824717037,0.021307842587692413,0.014249637576987955,0.00484819472457269,0.7308669611443425,0.03280942480926991,0.07422655744804803,0.016921862786504916,0.08901123611338102,0.005002092984483556
Q9M9F0,0,311,U,test,0,0.8196184939712461,0.1639340163578929,0.0003265128063795084,0.0015946454965551152,0.009980527329136256,0.000873793758574874,0.00015666256683640947,0.0016581690280499592,0.0003938496671243253,0.0014633290182045876
Q9M9V6,6,562,U,test,6,0.007056467312015204,0.013762029946062338,0.0006034815333084614,0.09097503825195748,0.0012382636566033057,0.002641963975622459,0.8767396885769633,0.0005758461053886395,0.0019480622474447725,0.004459158394634039
Q9MAQ0,6,610,U,test,6,0.0041220794337364815,0.023953714982238934,0.005050477103774928,0.07962238050771238,0.009003449328389757,0.013568677613433989,0.849359672040411,0.005050477103774928,0.003525801141916575,0.0067432707446111
Q9MBA2,6,326,M,test,6,0.0020721948881034964,0.0019695934051903253,0.00015731319340481204,0.029978589150916096,0.0012967465846578595,0.00035451077206656773,0.9622106253760254,0.00029389974406266784,0.0007682968517969,0.000898230033775865
Q9NH52,0,898,U,test,0,0.922281081570869,0.06893058530257151,0.0005429978222578228,0.001223664454156877,0.00373982008387955,0.0014875976785904397,0.0005181321483242632,0.0008813725376128744,0.00024860251889623864,0.00014614588284141662
Q9NHB0,4,494,M,test,2,0.009121967471091107,0.036933649296934115,0.5643561477173529,0.045429166364083846,0.03496807437858724,0.15671603367038442,0.011804702680739852,0.07408165924802268,0.05664804200022664,0.00994055717257731
Q9NJ98,2,487,S,test,2,0.006114163935666797,0.03549518726272758,0.8392285198367225,0.005395730932685909,0.028493345249715304,0.04697758343283361,0.00376682759312831,0.01642639324200899,0.015431167887602916,0.002671080626908061
Q9NP55,2,256,S,test,2,6.400578500651836e-05,0.0011125860173179082,0.939143490341573,8.218506364186887e-05,0.004814012034923673,0.01200824245576832,1.5202707985892966e-05,0.001188976937526568,0.04062336360363749,0.0009479350526187479
Q9NP59,4,571,M,test,5,0.0005611254033102606,0.0012256106160305712,0.00035114330329526596,0.0058929207885689405,0.2906701870256504,0.2952475555352222,0.000457977236955834,0.28172719550761377,0.11562060594368416,0.008245678639668614
Q9NP95,2,211,S,test,2,0.1067579016627706,0.14876245421626322,0.2616605577374673,0.12287758929522646,0.19674173124459676,0.1275854618366243,5.2006347721686714e-05,0.014877657306551615,0.01354626192919183,0.007138378423586193
Q9NPF7,2,189,S,test,2,0.005596730683127928,0.005819679521634228,0.7387762434799473,0.02770996193390297,0.10643081779360113,0.07007221658521896,1.750016794948025e-06,0.027872801818338795,0.014403844733272171,0.003315953434161623
Q9NPI8,0,374,U,test,0,0.5199713403247739,0.11377723595503157,0.03524654152745472,0.23073588454028007,0.005776360293583854,0.026919104449141227,0.0002421733956422539,0.0037882290896093535,0.00252350474868802,0.061019625675795
Q9NQ11,8,1180,M,test,5,0.0048160040521230355,0.003109445547744717,0.02603507215769054,0.034829336983617065,0.21798899665736257,0.5068395709641718,0.0010745957209660642,0.1311880790886107,0.06468962102054217,0.009429277807171411
Q9NQ79,2,661,S,test,2,0.018464937061277133,0.022447654473686164,0.5744273414255838,0.017211212887176162,0.19016743857495813,0.03409514037536841,0.02043882136095631,0.04193774119573941,0.07235584846057944,0.008453864184674966
Q9NQ92,0,184,U,test,0,0.7117748772750802,0.18567758580010316,0.004612173365148945,0.0005727887551855223,0.08434783568027489,0.0076638291619014086,5.163847466209662e-05,0.0029088612303418814,0.0021281684498289793,0.00026224180747298493
Q9NQG5,0,326,U,test,0,0.6860737765106135,0.26040425761932107,0.0001037376854673676,0.014491516090467718,0.001168809010188683,0.006885533651107003,0.00047967821344317626,0.023248011126056838,0.0017822206626649211,0.005362459430669634
Q9NQG6,3,463,M,test,0,0.3523641024179542,0.18990064171344814,0.11328415873329949,0.043931597147183976,0.11087628003207406,0.06777731509101902,0.004315966389146672,0.06317540425853713,0.040000171530996345,0.01437436268634101
Q9NRN5,2,406,S,test,2,0.01017189828307446,0.022567344036030362,0.505667311056572,0.005444625666798447,0.32904397284480746,0.048302835017971675,0.0005475804017193986,0.03884085503756788,0.03801528230767985,0.001398295347778453
Q9NRR1,2,136,S,test,2,0.0003301976162676119,0.00017952534368506265,0.9540213694209351,0.0013901838903754421,0.028808948765366858,0.0035929013039782656,2.025752739451026e-06,0.007663488188591644,0.003912216416244752,9.914330181585922e-05
Q9NRX1,0,252,U,test,0,0.6624971122250304,0.3033132917511371,0.0013614035103143307,0.013536519268532676,0.00795770934547096,0.0019501205208619285,0.0010602622414552572,0.0031653582029423,0.0008653607722748227,0.004292862161980293
Q9NSA0,4,550,M,test,4,6.597162180754139e-05,0.00045083419907912016,0.0011971057099991681,0.0022805989051887616,0.9382057872951409,0.026407731756790308,5.137874551343003e-05,0.0068086101973571156,0.024044513590178253,0.0004874679789453575
Q9NSV4,1,1193,S,test,0,0.5929346186063938,0.3768921857004929,0.00023992814068559518,0.0069571622906605315,0.013410281619442558,0.0019168997278651526,0.00028050441076445256,0.006484788022151198,0.00030807382954364327,0.0005755576520002184
Q9NSY1,0,1161,U,test,1,0.30003255146389357,0.5693617375950482,0.0024385191126883423,0.007223420200184947,0.0955222979465986,0.007167206501764285,0.0005441072197223432,0.010592444637684795,0.00383632903633671,0.003281386286078219
Q9NT62,1,314,S,test,0,0.6810852700503464,0.27951683835971364,0.0001751806655878789,0.026667702219731335,0.0014898679979216257,0.007333387421830643,0.0004268542864060671,0.0011071759208603775,0.001124611443137463,0.001073111634464584
Q9NUB1,3,689,S,test,3,0.0201216757088976,0.09267895144387493,0.0032592108957496826,0.7375693499973621,0.01173686914796494,0.011199398263950418,0.03483510565363553,0.0024601813410818425,0.001423843822909042,0.0847154137245739
Q9NUX5,0,634,U,test,0,0.69661302201619,0.25626963681302767,0.00031941311696778723,0.024378240397966062,0.0034880924918439045,0.007157101380874442,0.00014173871190954797,0.0046937415002334905,0.0037130550922280666,0.0032259584787590156
Q9NV88,0,658,U,test,0,0.4655708127143291,0.36829683600515045,0.0012478089333788336,0.10388288764243947,0.009814778453674343,0.027959699126902365,0.001458836503036686,0.011838882363910274,0.004423867029733386,0.005505591227445094
Q9NVH0,0,621,U,test,0,0.46542004065056825,0.23678653102060998,0.003525872272963239,0.1583511989079846,0.017766511187709128,0.043460242743684686,0.0019778350967348595,0.0488636608740888,0.009003629968758968,0.014844477276897486
Q9NVH2,0,962,U,test,0,0.4341962795799498,0.3684975984022492,0.0018742040834947708,0.06954359042567336,0.01112766342327368,0.029317487963822733,0.0008992530935157012,0.049627812867567525,0.021282212133588874,0.013633898026864369
Q9NVH6,3,421,S,test,3,0.03327171502948193,0.14200744026247067,0.004156317559929417,0.7440657612196795,0.0021228392132917238,0.05348049101723335,0.0012095572886944017,0.005336816885817415,0.0026009571726429478,0.011748104350758667
Q9NVN8,0,582,U,test,0,0.6296088950642438,0.2837869937968918,8.804554447361179e-05,0.07009043828535978,0.003177314659802253,0.002870464580960232,0.0017140325620526517,0.005936005393287735,0.0009032317686803997,0.0018245783442476882
Q9NVR2,0,710,U,test,0,0.6024419654641254,0.2652516062318945,0.0014933043831525264,0.06294128287585282,0.011384369785244153,0.014732468847107357,0.0003179428453034921,0.028176587024972197,0.004599700673699212,0.008660771868648384
Q9NVS2,3,196,U,test,3,0.010594484994632673,0.002482240708762847,0.0006312969291547263,0.9839583326086866,0.0002233441266818048,0.00041079272505580467,0.0011520967456709922,0.00017394057976099185,1.0947256325113458e-05,0.0003625233252684156
Q9NWQ8,4,432,M,test,4,0.11289162978881664,0.25841151065676826,0.0005478813206055704,0.0002179321173953595,0.6198970291091248,0.0024363252686258894,5.125272446616055e-06,0.004940774451054331,0.0005832166282180333,6.857538694451782e-05
Q9NWS8,3,449,U,test,3,0.03788672509607162,0.009864057693306267,0.0021001788330146137,0.8212048464403077,0.018213788705711255,0.046735339501677915,0.0140196532053916,0.037923735852739546,0.007742387196319652,0.004309287475459826
Q9NX18,3,166,S,test,3,0.0019739802697721276,0.0013753714254368127,8.455621421309183e-05,0.9814551127252461,6.0903553861204346e-05,0.001391583771829823,0.01264768049312384,0.00046430494515630545,0.00015552267175907646,0.000390983929601576
Q9NX20,3,251,U,test,3,0.002689511987612653,0.004386876720771197,0.0004840901832140743,0.976418199606009,0.000243415867473075,0.0014228201506984838,0.010974887786042645,0.0006988658005219528,0.00011498150008023817,0.002566350397576686
Q9NX58,0,379,U,test,0,0.9594107215404402,0.03898567069331135,2.5605946657356637e-05,0.0005389913783756275,0.0002930444990315042,0.0003320629250360346,5.8948231165117784e-06,0.0002930444990315042,1.2095391046176241e-05,0.00010286830395375055
Q9NXG0,1,1405,S,test,1,0.36111192777103596,0.4636768853131156,0.003739213920823426,0.05071883864104619,0.031185998546951962,0.00855914663095807,0.040357677878911806,0.034519753281230296,0.002778748197114675,0.003351809818812016
Q9NZC9,0,954,U,test,0,0.6650538863461608,0.29976328409150577,0.0007666254328371063,0.009339409631631575,0.009052066822692252,0.004732982595140374,0.00039772004343354377,0.008705287008623778,0.0007786979924273717,0.001410040035547379
Q9NZD4,1,102,S,test,1,0.09269720228069883,0.6548566686464138,0.02756226444447169,0.1060704962114026,0.007274800961645528,0.061666787317380484,0.0010480344805695347,0.010179276368485217,0.030271224961054513,0.008373244327877857
Q9NZH8,2,169,S,test,2,0.06844269117763756,0.2198595584911065,0.5151980839447213,0.0222852832810918,0.1511071094417397,0.010363617356952282,0.0005756107549205251,0.004598827786340753,0.006188399292684198,0.0013808184728053752
Q9NZI6,0,479,U,test,0,0.5634016677486449,0.38121669418313686,0.00039391026598006856,0.02447769541255793,0.01905394441187486,0.005270460885140458,4.1517834953947896e-05,0.003196696212826662,0.000680615926805987,0.0022667971180783462
Q9NZI7,0,540,U,test,0,0.6678671111231405,0.282792741534163,0.0003209288635425269,0.009638909063490056,0.030752285718328713,0.0033181311384556707,3.600721832471574e-05,0.0034234599943108617,0.0005811271144952083,0.0012692982317488077
Q9NZP6,0,1156,M,test,0,0.39454168761057895,0.39147133309600846,0.031389546190115254,0.008061501336412294,0.15033725163083445,0.009498769581063871,0.0009187187692115989,0.008061501336412294,0.0013367280128686392,0.004382962436494236
Q9NZP8,2,487,S,test,2,7.437342315955956e-05,0.0008781774191365188,0.8498785034460362,0.0013080414373115713,0.13658791039098914,0.007154558396924064,1.8619023320596467e-06,0.0015055464229134763,0.002521315685525638,8.97114756717885e-05
Q9NZS9,5,450,M,test,5,0.04192821421235442,0.0233365657468571,0.006135453634331275,0.09211781122571516,0.06798977586879028,0.5698276314721856,0.0030850994761070327,0.16262186009006432,0.023889976261962965,0.009067612011631806
Q9P013,0,229,U,test,0,0.9327754600791228,0.03673718584777449,6.558977631359658e-05,0.021014143282695744,0.000575531928091322,0.00264052307943082,0.0006728650347624467,0.00421954375511024,0.00018979030299038724,0.0011093669137081069
Q9P0G3,2,267,S,test,2,5.969603062636763e-05,0.00019573576864251254,0.9771451920042087,0.0012863680387486557,0.01707747409184312,0.0019884784742411855,6.003787607411379e-06,0.0005619725647945321,0.0014980532613510125,0.0001810259779364836
Q9P0M6,0,372,U,test,0,0.563337694367399,0.34706229630056235,0.008688534774844438,0.011783399842760313,0.03871181308175734,0.006356667382192889,0.015012440556547118,0.0019086177124530877,0.0030979924491807784,0.004040543532302672
Q9P0W5,1,487,S,test,0,0.6803835899720924,0.25424079113195985,0.00042641452688036243,0.0019717210287210937,0.05807406685142577,0.0008887242644753132,7.76558621324358e-05,0.0031262812045095034,0.0006301998759466174,0.00018055528185665558
Q9P1Q0,7,977,U,test,1,0.4342471719417938,0.4622536942557686,0.00020224789097761367,0.023104331122280594,0.00659369454934389,0.01907949045131503,0.00018414878733235112,0.035445580180651186,0.006856357768985992,0.01203328305155091
Q9P278,1,1114,S,test,1,0.21573570535177,0.5956653998019271,0.000665513803669153,0.024204874595792417,0.12983204523380834,0.010909992353362555,0.0009683168683462724,0.007919805184792173,0.00947876561210248,0.004619581194429492
Q9P2E8,7,410,M,test,4,0.11073379175534116,0.04378952814008113,0.011855051806679975,0.011312168047563131,0.6944127651878078,0.09037828410302902,2.82599811536937e-05,0.025097144670084892,0.0103806294097314,0.002012376898527783
Q9P2M4,7,693,U,test,1,0.21637502246136966,0.6612953978748093,6.064765365158679e-05,0.015674152511445022,0.036765216474664845,0.0285490174003243,0.0007988761588337196,0.026198051730868484,0.01211204738882362,0.00217157034520951
Q9P2N6,0,904,U,test,0,0.7818463833360474,0.15156783916981278,0.000989835292876194,0.0467704706791545,0.008651667704603416,0.002527632876217742,0.000419122653427228,0.0024498660403877498,0.0006098199240389638,0.004167362323434058
Q9P3A9,1,773,S,test,0,0.5430811875312653,0.36177010887637095,0.0005524644747467514,0.022154486752070882,0.006033087872332743,0.02693300995404694,0.007746637198042885,0.014700535380717625,0.011448788013772667,0.0055796939466332355
Q9P3B1,7,374,U,test,1,0.10993703735210647,0.5816817037818885,0.0028010263321021855,0.09495693043929458,0.03230746698942844,0.0990292835110298,0.001595976811444901,0.02290942423090793,0.050234636031653165,0.0045465145201440006
Q9P3B2,3,242,M,test,3,0.00011868059516822962,0.0001673664746664265,4.1660807473076675e-05,0.96167884997732,0.0004693909079185892,0.006581782685095874,0.001635138491006204,0.004134894550809179,0.00033284795234968603,0.024839387558192722
Q9P3U8,0,468,U,test,0,0.9676761221498047,0.010217645406544065,0.00024889415852438366,0.00011942071667620554,0.002882019440523724,0.005501251775950617,4.676582922134126e-05,0.004650649240451677,0.008130322370418627,0.0005269089118846623
Q9P4E5,2,465,S,test,2,8.424584481994815e-05,0.0013178267667240664,0.8765414326201214,0.0014138216831376493,0.008831525790791191,0.04364042637938239,0.0072504393773771365,0.011142311404698405,0.04164198681936252,0.008135983313585254
Q9P4E6,2,453,S,test,2,0.00013052041279646402,0.0024820550742918083,0.8498198484591633,0.001470569085167406,0.01634386271653983,0.04503880175423778,0.004637089284320288,0.013529705016656169,0.06013468670649811,0.006412861490328893
Q9P4E7,2,426,S,test,2,0.00034381553635661876,0.006287728769396626,0.704402558543604,0.004423970401346473,0.02611286503487046,0.11145267320276504,0.003934760669283202,0.018937403397099938,0.11771747840049103,0.006386746044786623
Q9P4E8,2,463,S,test,2,0.000179631287659988,0.00274481486743467,0.8164993586335865,0.0037811424403654246,0.010962487281365514,0.08809921212103786,0.01091974981941559,0.016203483689253503,0.030209342246363784,0.020400777613517194
Q9P546,1,287,S,test,1,0.2033847444611258,0.5615632598094176,0.018051423338362887,0.10206873086312968,0.012024839545883504,0.008264543582909423,0.03958224922873318,0.003843369704746901,0.021104252206652508,0.030112587259038533
Q9P6I3,5,442,M,test,8,0.0005708415531989664,0.002104428641589082,0.2777875124932861,5.831513168669275e-05,0.10380160284455334,0.15582466457173763,0.0010176351277702749,0.05385156462975103,0.40417841937177557,0.0008050156346513049
Q9P6I8,7,423,U,test,1,0.02446510585237153,0.4526940524365883,0.0037081350660972587,0.12768822090177281,0.020361666707726354,0.011876854739191284,0.23302694891209025,0.005395304695549156,0.009846258495295052,0.11093745219331798
Q9P6L5,1,1102,S,test,1,0.2609118573457049,0.4798903561361531,0.001527385816759239,0.04751557951940685,0.025235333053916377,0.028819654713964627,0.0036072028591808505,0.03908525113047371,0.04587413089936023,0.06753324852508012
Q9P6M1,1,242,S,test,3,0.019118786541168012,0.19460735014384897,0.001148172350538505,0.46320578578171945,0.00400751525024149,0.16387580814140634,0.07591222503298437,0.01768198500254051,0.005309095744297288,0.05513327601125507
Q9P6R1,1,309,S,test,1,0.12866625453032254,0.8260017206391556,0.0023937158310664303,0.0034021558936136887,0.027501844432373666,0.001724128646661482,0.006661097655385723,0.0009085519890857409,0.00030911926928997406,0.002431411113045237
Q9P6R6,3,167,M,test,3,0.002932532748588869,0.00515681707311874,0.0015213779664406118,0.9506219655181292,0.00021243195995780925,0.004159836316388539,0.033299883706353665,0.0004862615898199882,0.0007075065092571946,0.0009013866119453918
Q9P792,7,397,U,test,1,0.4056649073446237,0.5048580969079516,0.002162256598023323,0.041279708766702006,0.00924679953597866,0.018679049618420093,0.0014630561352494897,0.005970181672098448,0.007430011705819523,0.0032459317151331776
Q9P7C1,5,303,M,test,3,0.05536307518250663,0.06890046005473568,0.0178338852040593,0.3087904224274402,0.05536307518250663,0.25104484523187975,0.008490202206899274,0.18295228890222956,0.04179024044700504,0.009471505160737899
Q9P7C8,0,214,U,test,0,0.5529237583314593,0.2098661734687302,0.0011362348848495982,0.026370641768160646,0.00664154789400123,0.04356283847154285,0.0008443780539275374,0.058107244024318695,0.09132630698024509,0.009220876122764744
Q9P7D0,5,381,M,test,5,0.00443046224374469,0.03979798871553477,0.18838803908759819,0.0550386173426783,0.056233880488059496,0.3280583100406991,0.0034504473081428395,0.21181035534968495,0.10182640193557371,0.01096549748828396
Q9P7D1,3,314,U,test,3,0.05263234857215123,0.02925143305937542,0.0032995947382447118,0.8200986669374808,0.0023034886323483506,0.013570009269411414,0.06057945848703255,0.016114784962747774,0.0007960642381605122,0.0013541511030471828
Q9P7F4,3,348,U,test,9,0.0084359032152675,0.19887031846295947,0.14157210455243596,0.0481674863045044,0.016646238237692023,0.04569321923997741,0.08894030853337967,0.005619522715214671,0.013375627963985642,0.43267927077458324
Q9P7J2,0,203,U,test,0,0.5316902556281217,0.29825119066003275,0.0031125306606505517,0.07350117185494137,0.006798391897090657,0.013840839676043633,0.03989365442341522,0.006798391897090657,0.006287484615694393,0.019826088686919135
Q9P7M0,3,692,M,test,3,0.003986415540502188,0.004049192271340656,0.0020520305710124954,0.8812399103391337,0.004177727362305478,0.06586320097351933,0.009828007063789447,0.01745200940419195,0.006834305972425445,0.004517200501779292
Q9P7M3,0,271,U,test,0,0.8612856630390148,0.09220839892710414,0.00020488144425690797,0.02652154793383236,0.0010568589349887892,0.00722232065363905,0.0012550509954275483,0.006324074552545178,0.0020371487262282667,0.0018840547929629813
Q9P7M4,3,689,U,test,3,0.07180513670605229,0.10165780361907535,0.005871145707635899,0.7337547178669824,0.001876530763014386,0.05047191095413915,0.0015556987405593338,0.010466448365222529,0.017596606726463678,0.004944000550854969
Q9P7N6,3,356,U,test,3,0.0023338969363838856,0.010378401740982758,0.005097699358730157,0.8984439981613923,0.004128242848620158,0.024872189422425146,0.002158501886984103,0.03901497652616581,0.006494637587798719,0.007077455530516974
Q9P7R5,1,577,S,test,0,0.484041800709243,0.3149719863470824,0.00020849738922340278,0.030523579012912624,0.005130977902807648,0.034251615237561484,0.0014472587838904758,0.08444305641394075,0.03888804124410437,0.006093186959233841
Q9P7T4,0,1019,U,test,0,0.956549376920531,0.02376039029357248,5.7531795405542404e-05,0.0061982681155431565,0.0010855453201879587,0.0034230087111619917,0.0017483018429989142,0.0052398938492324324,0.0013094176955440007,0.0006282654558225499
Q9P7W9,0,217,U,test,0,0.5537826062331719,0.32050479844533053,0.0007233567615886029,0.11076348753979379,0.000425239519446213,0.00783781275522749,0.0009582920297986698,0.0014842316218875403,0.0008325784943652002,0.0026875965993900476
Q9P7X0,3,159,M,test,3,7.3899281390943415e-06,7.62450954322814e-06,2.3854980208148528e-05,0.9971116066242091,2.3121041683308095e-05,0.0010882275330022502,0.0014082710412995716,0.00010201480468544903,2.461221816658826e-05,0.0002032773190632812
Q9P7X3,0,245,U,test,0,0.3951460606866005,0.36545034204960297,0.02354569293731485,0.09496175973086277,0.041974740773225584,0.041974740773225584,0.007237352690902299,0.018626177154389766,0.006693456597486114,0.0043896766063895665
Q9P8V9,2,460,S,test,2,0.00021063226237970386,0.003047231786976959,0.8062215366357256,0.001763602584561895,0.01597415267259727,0.07268308029999013,0.00812302335379341,0.019109222845807773,0.06216913026642769,0.010698387291739555
Q9P8W0,2,463,S,test,2,0.00012966341823266296,0.002125616472768485,0.8442399985891081,0.0011027552193965191,0.014582803181246058,0.047628763794134055,0.008341551058804053,0.015357453019460055,0.057901846977062174,0.008589548269787823
Q9P8W1,2,459,S,test,2,8.549577250883e-05,0.0013906540707914563,0.9177835974135138,0.0008369103080870596,0.009738267813661165,0.02523448798125938,0.002557804451174762,0.006135853268470485,0.032149569567835226,0.004087359352697896
Q9P8W2,2,471,S,test,2,0.00018381902184100017,0.0037796592790684254,0.7373563644373117,0.00272238626969186,0.01146167516258043,0.1385451554707729,0.00988058186679299,0.015288406045688506,0.07131693509399255,0.009465017352259667
Q9P8W5,2,466,S,test,2,7.512033194354813e-05,0.0020462800365710263,0.7815944406155839,0.0011389262295464996,0.0162214745525734,0.08173836614710252,0.008415590814220926,0.010161058787094638,0.08977203648178199,0.008836706003581583
Q9PT51,2,233,S,test,2,7.344350174832954e-05,0.0008020263646477618,0.950997235238292,5.373241594022369e-05,0.015859380395227742,0.001218176332806274,2.4600492954547602e-05,0.0006597289479115543,0.03009581385439074,0.00021586245608076044
Q9PT61,0,290,U,test,0,0.9609296436678892,0.03137546442682981,0.0002181169573899278,0.0019823983548506218,0.0045733452389676065,0.00015227018047911343,3.0630356288732704e-06,0.00037102945941489565,3.505458558766197e-05,0.0003596140929622929
Q9PTT2,2,225,S,test,2,0.0013749088566503127,0.008099682976523335,0.7348287171867347,0.0037083050356749568,0.14024451854098377,0.048467207931294276,0.0002665382443166096,0.026983471504701914,0.035528690786899325,0.0004979589362208416
Q9QY02,0,738,U,test,0,0.9740202981600014,0.020694534541506642,0.00033711946626581625,0.00014053229169758171,0.0031183109997569795,0.0003478207707111974,6.781426168001772e-06,0.0010384012139366052,0.00021096397286747982,8.523715708831078e-05
Q9QY93,1,170,S,test,1,0.15674178951886447,0.43109073041336377,0.005913607555586412,0.18111481523104875,0.05406281948629345,0.012229103170516986,0.024131211520953953,0.009159175127356586,0.009303411854432736,0.11625333612158285
Q9QYJ6,1,794,S,test,1,0.21549779236921424,0.4670275164778182,0.005698130481964342,0.09350264843600611,0.09675378379436336,0.04260011401753905,0.01825064984592791,0.015012575355393557,0.02782891698506358,0.017827872236709685
Q9QZQ8,0,372,U,test,1,0.43898305910150137,0.4897209772335502,0.008492201685330854,0.01525772384262258,0.022286745099631303,0.004953457577435173,0.009928389591095824,0.0020974257788261273,0.0032485567952770292,0.005031463294729544
Q9R064,7,454,M,test,1,0.2671157829962668,0.6821040201745405,0.0010096029569938159,0.0058554315606377545,0.021086220584358745,0.011736248181758634,0.0010916411869789553,0.003751130466600659,0.002498791425263475,0.003751130466600659
Q9R0E0,7,394,M,test,5,0.018250824794343833,0.11267671679001975,0.001062325429565079,0.2724173651726999,0.015980956997815498,0.31355047072643416,0.04865132248455711,0.059376455553130814,0.009922800537110582,0.1481107615143233
Q9R0J8,8,435,U,test,2,0.005582170611644316,0.02551097818532217,0.7426335283002601,0.00906075731696783,0.07126838033540799,0.07057578180740948,0.0005357046660251175,0.016795991141126412,0.0558845890172522,0.002152118618584384
Q9R0U0,0,262,U,test,0,0.9342839024114483,0.046880081540187,0.0021586172076803055,0.0009504263165612373,0.012866461625463314,0.0008257447594432004,2.7386102159734104e-05,0.0013092676136749605,0.0005500645666784553,0.00014804785670347045
Q9R1S3,5,931,M,test,5,0.00029719407155850096,0.0018205343317222072,0.002046882050976285,0.003648961157022888,0.07159355663674132,0.7818243323468743,0.0008335014433728252,0.035165572547198584,0.10096309871181568,0.0018063667027174476
Q9R1S7,4,1498,M,test,5,0.014940412637312838,0.032252674902323655,0.009798161313921173,0.2607194036184865,0.28190492213992874,0.2863442465340997,0.00022334109055863695,0.06502507253445852,0.021738172819373233,0.027053592409536996
Q9R1X4,0,1197,U,test,0,0.7903899939964587,0.18482353896740825,0.0002490819062506949,0.0013050958353165473,0.011329492334988416,0.0049253799607922285,1.2794709229214902e-05,0.004180116154485342,0.0017838544962083367,0.0010006516388623348
Q9R2C1,5,66,M,test,7,0.03402679572006668,0.020397850330818926,0.07231666484459605,0.262464803758301,0.07715002061566434,0.16296812160723478,0.05138044298535413,0.28379215131477226,0.024413029868762468,0.011090118954429354
Q9S757,3,368,U,test,3,0.001905912506181843,0.0169872612260374,0.002861113654236273,0.9130913446497545,0.002861113654236273,0.007656737589045487,0.04027545268073818,0.001555560578747577,0.0017084489444732288,0.011097054516549212
Q9S775,0,1384,U,test,0,0.8821386591795083,0.10132029473708727,0.0006071977889462069,0.001729745514490391,0.004314738566879476,0.0035770437350707354,0.0010010998789835653,0.0023276269339561613,0.00227370754482453,0.0007098861202533982
Q9S7B2,0,370,U,test,0,0.7885491800525953,0.15527452751441814,0.0009089817598932174,0.031917789208892475,0.010901983868995367,0.0014078584514897346,0.0025493023233650104,0.00413792639729958,0.00037304535956298964,0.0039794050634881775
Q9S7H8,6,569,U,test,6,0.0036088510673688476,0.007191088196368122,0.0003796278737642219,0.029690033366751856,0.0009106801184833003,0.001215917353444684,0.9529489450918492,0.00024130617766534874,0.001585855194600891,0.0022276955597034928
Q9S7I0,6,1307,U,test,6,0.006804354423462104,0.0014179375391106077,7.633134094895571e-05,0.028928533035557407,0.0006292059922061922,0.001261139711978573,0.9579814043920462,0.0020311017318560155,0.0002880714770367041,0.0005819203557972365
Q9S834,6,298,S,test,6,0.003320030525842607,0.002419516364493974,0.000836162625738184,0.09664725193856606,0.003058555202375734,0.0015992026947701393,0.8887515371296689,0.0008493302459408926,0.001073654007184775,0.0014447592654187613
Q9S841,6,331,M,test,6,3.8013035007269846e-05,5.115213326044607e-05,0.0005351036414247668,0.004750733036181268,9.047890055967625e-05,0.00016512111260612986,0.9943098545534171,1.253536842310665e-05,2.9604582269248398e-05,1.740363685095073e-05
Q9S850,9,393,U,test,1,0.044661924723880246,0.4270639705369345,0.11000090038397328,0.10946508446868827,0.018045047849869603,0.07567629413423041,0.05060858656887919,0.013515115665105151,0.023352028968317194,0.12761104670012216
Q9SA49,1,147,S,test,0,0.3898739603878698,0.36912522544991727,0.002626949979967251,0.06908617323084562,0.06229237978813901,0.041414705099494124,0.032506775837543064,0.009608984208307808,0.013550839689765268,0.009914006328150772
Q9SA96,6,392,S,test,6,0.026574216906522313,0.020655637288107438,0.0008159052259068884,0.12591479169639017,0.00495913056467681,0.003544131093115099,0.8020476106221981,0.003685313086720533,0.0030314559054321947,0.008771807610930465
Q9SAA2,6,271,S,test,6,0.0035897245655713123,0.0017701144830709545,0.00044755505556152053,0.05681465054227278,0.0027739242479417744,0.0005232448567413354,0.9313817973144456,0.00033783228585005395,0.0004915430466115571,0.0018696136019331255
Q9SAK4,3,528,S,test,3,0.002042519092996896,0.07033337416872246,0.0013820377180787196,0.836987348150886,0.0021073559058226526,0.0043921064044201465,0.038090510879402614,0.0009954443333335258,0.003906420301058208,0.03976288304527868
Q9SAK5,0,358,U,test,0,0.9598445018841494,0.02722869345028666,0.00026694072015949905,0.001263592434148513,0.006219620091534357,0.0007370469637856022,0.0001474186623274286,0.002633552852889029,0.0007969377594099937,0.000861695181309576
Q9SB31,0,404,U,test,0,0.9342136167174434,0.03886203005512793,0.0005674827712768072,0.0011463466533983813,0.0171776894235784,0.0010437605428525168,0.004064151923319539,0.0005086882620846596,0.0009211155489504528,0.0014951181019678544
Q9SB60,1,318,S,test,1,0.19238073702813377,0.4989976773723537,0.0022222916109265268,0.17312392213529704,0.009503535718346863,0.03317059876442974,0.037004477465892936,0.03140529176404294,0.00878933425382771,0.013402133886748789
Q9SCR0,0,542,U,test,0,0.6509688490527041,0.13381129490787974,0.006282932584841799,0.01530932074849557,0.03924673046986877,0.022449634948326615,0.09134052685337092,0.006282932584841799,0.018757371214444405,0.015550406635226303
Q9SCR2,0,209,S,test,0,0.8724265123651525,0.01882792212004437,0.00011460985203635502,9.209159835239035e-05,0.004894797573037753,0.00013399247335558432,0.10258106872610921,0.00029727530570263384,0.0005553833720800052,7.634661412922738e-05
Q9SCY2,6,208,U,test,6,1.1059673726100657e-05,5.828038344486466e-06,0.00014147649765179935,0.005640231939872401,4.0771893953675855e-05,5.5294887084824626e-05,0.9940625911781215,8.218851596115662e-06,2.1994788516235873e-05,1.2532251132854898e-05
Q9SCY3,6,217,U,test,6,4.618392612392315e-06,3.1249611127198972e-06,0.00010368681437933481,0.003883226998203629,6.227807136875113e-05,8.545719584479723e-05,0.9957951281525614,4.840034170370714e-06,4.0209745377938205e-05,1.742963436865433e-05
Q9SDW0,0,323,U,test,0,0.9595517859262372,0.018274903223456918,0.00016185834958246063,0.0020028901849791785,0.01212033096120789,0.0016604543658936173,0.0006502432570201366,0.004077682205046447,0.0011235196078893625,0.0003763319186867518
Q9SEL7,6,323,U,test,6,0.00011178582587026299,6.173399385014132e-05,0.000253889026432466,0.003587944415256179,0.000382624269340174,0.00020884341007280384,0.9948375225138765,5.709461380467613e-05,0.0003594422229812075,0.00013911970851564808
Q9SEX2,1,523,S,test,1,0.3367947233365657,0.4358447354112556,0.0005873767473075451,0.05979714353279874,0.034540406265879224,0.01226774657414911,0.07700633013787193,0.01841606886485001,0.00836587670777011,0.016379592421552035
Q9SFE9,7,341,M,test,7,0.00021997742708499614,0.0009705858916478716,0.00012533935397202717,0.00763424935574653,0.28647308940987976,0.19383740018646212,0.002786627679371588,0.41035377118795024,0.08601482032176345,0.011584139186121398
Q9SGD6,6,413,S,test,1,0.08797487898675663,0.4835490925977717,0.006086984794666394,0.2047475766686368,0.011917737616829412,0.009427707146233456,0.13692510897641194,0.007575374629340445,0.010035740614850684,0.04175979796850254
Q9SGS2,0,338,U,test,0,0.8794802104677287,0.11007986559977337,7.00764161551817e-05,0.003272588000863969,0.0018214696886071759,0.001793230241037038,0.00016810458850749206,0.0009087648641663855,0.0003091916829083934,0.0020964984502522413
Q9SGU2,1,110,S,test,0,0.3324596900444088,0.21381527304918657,0.0033891564424475083,0.29569575355777006,0.044295966872736625,0.05960673872161697,0.009961284752718833,0.02158813004338069,0.010118152071450755,0.009069854444283178
Q9SHJ5,3,585,M,test,5,0.002751824779684754,0.008542697258388387,0.0004562972338892932,0.263687352067278,0.013334959302700409,0.6733492859565522,0.010548822036972471,0.011768061167560198,0.007962668606342043,0.007598031590632215
Q9SHJ6,3,323,M,test,1,0.1754044107720685,0.48053819788481195,0.0031876427920645204,0.0033406211234014824,0.030008158247515484,0.011389810311341819,0.056282037468419616,0.208297886142476,0.025868647773290978,0.005682587484609689
Q9SIC4,6,379,S,test,0,0.6482815440944655,0.11532596592845393,0.0004900857548114367,0.1557954465782534,0.009691024599062398,0.015977798362006673,0.009767032638785722,0.023613655458217656,0.0022310002977704107,0.018826446288172927
Q9SID1,0,238,U,test,0,0.8952292299801783,0.10044193299104993,0.00012519032556081096,0.0004438381926949159,0.001294361294640112,0.0009770351053087793,0.00011048006252989366,0.000855520608370683,0.0002489706577385026,0.0002734407819280854
Q9SIM9,0,693,U,test,0,0.6831437262254749,0.1867610951335054,0.0025820412734181637,0.01670599667027568,0.01953129057074268,0.01417819516198301,0.048719543868269315,0.006193994540273737,0.010702263429929571,0.011481853126127506
Q9SIW2,0,888,U,test,0,0.8751584848497181,0.08801700735037433,0.0003379119367750072,0.005715346793279268,0.005244697312305013,0.004701316190236787,0.008446735867561403,0.0067871422170277225,0.003928096749317704,0.00166326073340464
Q9SJI7,1,412,S,test,1,0.08101609583152362,0.3956718857081872,0.010626999036815922,0.03324893958002061,0.06408900952596151,0.0886318783718983,0.12572549646486564,0.05396835661774413,0.06211719468760587,0.08490414417537719
Q9SJU5,0,172,U,test,0,0.8343071678715361,0.1617378128739538,0.0003272115383288467,7.771955937987837e-05,0.001377612094795687,0.0005067951341538292,1.1918679462900306e-05,0.00057427416259086,0.0005228825076210024,0.0005566055781769947
Q9SJW3,1,119,S,test,1,0.19908128173559445,0.6948619308555614,0.03597325367827792,0.01732770868374029,0.033010910358701545,0.003646300547419405,0.008815625458745478,0.0022464205406466874,0.0020136786113747,0.0030228895299381207
Q9SKX1,0,156,U,test,6,0.46094748916440786,0.004963117854411408,0.020411460510546514,0.012575136762847283,0.024429321857711597,0.002036859406301399,0.46820632123459643,0.002740893833443209,0.0019741918777281763,0.0017152074980061255
Q9SKX5,9,490,U,test,1,0.10428840125916193,0.6016052482963635,0.058414862702332544,0.06964086877411067,0.017066227605930323,0.020266645053028637,0.03420644320392544,0.011638156365976933,0.02502596986065187,0.05784717687851816
Q9SKZ5,6,560,M,test,6,0.0006175372376417377,0.0007806401669564325,0.00018833819121794718,0.03081927622846084,0.041797131138183806,0.11953497631771746,0.6263185119227168,0.11953497631771746,0.04501728323558058,0.015391329243806925
Q9SLK0,9,416,U,test,1,0.031542014036867634,0.6903909380511294,0.023995900303163564,0.1204415027011046,0.009107815948242172,0.010648116370214929,0.03505047750612276,0.0043022278295622406,0.007550644617987381,0.06697036263560538
Q9SMR2,1,345,S,test,0,0.4363194493398705,0.37613088645675596,0.0003403178484335856,0.053660200120596496,0.00622376253252001,0.029345991677547638,0.03637929333574586,0.028332220957747428,0.006127272855244918,0.02714060487553757
Q9SMX3,3,274,M,test,3,0.031195707804009203,0.1355079786613716,0.036757526804928504,0.5955583132864045,0.002801414195651496,0.04965625436264212,0.02907759726119112,0.0038893781838830652,0.003653732630421352,0.11190209680949702
Q9SMZ4,1,1064,S,test,1,0.16725792438598847,0.6512620027398528,0.0024233770739958537,0.09718031696410301,0.002312402535678421,0.017086470957133955,0.021768728853995868,0.002789289765238837,0.003872545306883452,0.03404694141712931
Q9SNC3,4,420,M,test,2,0.0006002062865113571,0.003194379849625963,0.4453644992519035,0.0029543184527576986,0.1613003374682302,0.036952568379269794,0.20711374221439638,0.0065034352936684595,0.13062497545226867,0.005391537351367952
Q9SPG2,0,366,U,test,0,0.9470465924938833,0.04394925825826618,3.914816321586581e-05,0.0018282300142452306,0.0027877178937476257,0.0011002482084249976,0.00025527811186861285,0.0022399940406774652,0.0004550824593884811,0.00029845035628222705
Q9SPG9,0,214,U,test,0,0.9558768735023768,0.028864981140960578,0.00010090045304361112,0.0018025308089999038,0.0037275608104741158,0.000769225684901881,2.7156991059320827e-05,0.0076924663966082395,0.000769225684901881,0.00036907852667367907
Q9SPM5,7,472,M,test,5,0.004992602735474731,0.015620469661483125,0.23498455600152654,0.02730789899485249,0.14031567823294042,0.28344547049020885,0.004763974224920089,0.17394488620614681,0.10758376601061802,0.007040697441828919
Q9SPU7,0,1123,U,test,0,0.8221909154940352,0.0726890988998155,0.008381568573041839,0.05711006572835414,0.006376361281395199,0.010595297120188217,0.0016633732672225393,0.009799048007960375,0.005990037047605772,0.005204234580381192
Q9SQG2,7,471,M,test,5,0.005255193292235189,0.016061167243731706,0.2512388972826773,0.031201519040107446,0.1559977771973796,0.2846909630443255,0.005255193292235189,0.1392903409668165,0.10111395117843423,0.00989499746205736
Q9SQK3,6,315,U,test,6,0.11679407886232902,0.054793767312112225,0.006214086395839192,0.14478591000203794,0.029300363563813946,0.008232326198879593,0.6143523418906125,0.017024120216815965,0.005657989498821614,0.002845016058738017
Q9SR70,6,230,U,test,6,5.142922742603363e-05,3.218358549440998e-05,0.00020340654587866388,0.014944245394601735,0.0002726463308842126,0.00011145758864345783,0.9841972761287123,3.2690403214115255e-05,3.320520265897923e-05,0.0001214595924860088
Q9SRH5,3,276,M,test,3,0.0323283935587008,0.09899669216640546,0.01771449683806356,0.6293552566246883,0.0037422830060812036,0.04316406730199564,0.03207680980175145,0.006883111369596486,0.0033025532283317894,0.13243633610438535
Q9SSA5,6,437,U,test,6,8.384901850748544e-05,0.00023151456652445706,0.002738993936562926,0.005653077003376259,0.0005176661096275421,0.0007650608629634541,0.9885730712235772,0.00025032693549493514,0.0009049901753790722,0.0002814501679866641
Q9SSD1,4,496,M,test,4,0.0015771945842780067,0.0015527423602619192,0.2867964573425108,0.00152866965020389,0.6071480655041913,0.017874624999442246,0.005814386668102689,0.03186496421936787,0.045024656815508886,0.0008182378561323192
Q9SSE7,6,381,S,test,6,0.011799941287920907,0.01218640757478565,0.0004884707345028518,0.08150886309014678,0.0019932655443904456,0.001786751624123939,0.883175764274421,0.0017049302762210993,0.0013915235705595052,0.003964082022927792
Q9SSS9,6,234,M,test,6,0.0007746833644372777,0.0009128001784448592,0.0003204229304390993,0.025059716492229326,0.00047355446750092095,0.0006033240417139996,0.9702090982078407,0.0003010095130340488,0.0010797508533081633,0.00026563995105160934
Q9ST69,6,308,U,test,6,0.0013162538249337882,0.0007875076912865084,4.076955253973211e-05,0.05564155439267596,0.0002420600054786786,0.0004487083350121043,0.941105542798112,6.120235376469866e-05,0.00011434104071785443,0.0002420600054786786
Q9STX1,2,362,S,test,0,0.5826195208492492,0.2211374239981297,0.0015373103539634589,0.0005744509132775171,0.026205566428856058,0.01092410502631755,0.13308286050253332,0.013917670871686072,0.006943784332412043,0.003057306723575099
Q9SU50,4,626,M,test,6,0.028964151022064864,0.07758782392134335,0.028293196472607366,0.038072658544274475,0.02988357124536898,0.25217454286855745,0.48229641142217866,0.015144257933625298,0.03733626927419813,0.010247117295781443
Q9SU91,3,336,U,test,3,0.030964638586579007,0.06304088156401187,0.00018848879509546657,0.8702524628498125,0.0008060644301711603,0.0046749613534232655,0.020287283047326472,0.0005715852625600894,0.0015059266434700547,0.007707707467550099
Q9SUC5,5,237,M,test,5,7.111236244099579e-05,0.0006239911681697168,0.00017327608076998696,0.04109477114196458,0.007169150041698163,0.9208120395439896,0.00045652165062742925,0.01767464109200938,0.00583417321582215,0.006090323702508035
Q9SV55,0,425,U,test,0,0.8522655966378124,0.11715797338319185,0.0011666638314394118,0.0021796147345389517,0.01446491759691414,0.0047980551621870995,0.0010295772229523797,0.0047980551621870995,0.0014748012185663688,0.0006647450502102569
Q9SV72,2,102,S,test,2,0.009218226002650053,0.0003254431330772467,0.8169334000777178,0.007523696082345319,0.1386731975402077,0.016822969041635435,0.001705200200322141,0.0038728670561685666,0.004708208990923826,0.0002167918749519442
Q9SW18,6,312,M,test,6,0.00017238914967847136,0.0003482356310271824,6.594471697567095e-05,0.014692124487726924,0.00023379433804615214,0.0007710870878145281,0.9828303823361026,0.0003824620009327062,7.356666167321818e-05,0.00043001359002244884
Q9SWH5,7,558,M,test,7,0.0009616761386657923,0.002533679169375297,0.03661913482281184,0.020967081518675667,0.04473544355007877,0.19815458668755243,0.0016358660325456777,0.6396508317385873,0.05250573613311564,0.0022359642085916327
Q9SWR3,1,1088,S,test,1,0.1791973301410103,0.4986603068832188,0.00913328231318434,0.16063146637242634,0.014594942643943877,0.03951849873077634,0.026428027644608762,0.00913328231318434,0.010349364241618083,0.052353498716028846
Q9SX65,9,156,U,test,3,0.020232364015240163,0.27712564519159705,0.0002977602614233444,0.47510385685707424,0.010333679370837897,0.01533196223192132,0.03795623658633032,0.0027381525794913726,0.0017404756499537174,0.1591398672561306
Q9SX73,1,297,S,test,0,0.6101957144734569,0.30682567656200904,0.0017409042901489762,0.02598526897195295,0.023202231439051316,0.0068318280403283915,0.002035323392060951,0.017582512196597278,0.00411146618413084,0.0014890744502633485
Q9SXJ6,6,309,S,test,6,0.0021883565693357992,0.0006142476855704442,0.0001267571919714879,0.014537121941722892,0.0014506589928431654,0.00032878308779740327,0.98008864046938,0.00011362440876354331,0.00023314212485144183,0.00031866752776376505
Q9SY59,0,1188,U,test,0,0.8289515485764039,0.14517999333670403,0.002679919201103123,0.0034680732353696473,0.0038689151464573533,0.0033092587641595844,0.0014570468647461827,0.00421610496415327,0.001703460368031633,0.005165679542871368
Q9T041,1,864,S,test,0,0.504641221671119,0.3606508279852251,0.00033666992959722797,0.02208594733804736,0.020426162915446317,0.007543775521281228,0.028469911962909076,0.031024749510361296,0.011684028126068259,0.013136705039945145
Q9TU31,4,595,M,test,4,0.0008109837849724465,0.0011892290762256826,0.0007326628085651124,0.0012858632322505714,0.969160530528917,0.007516158999850542,1.6186629824747224e-05,0.015543115884574398,0.0035712463946525963,0.00017402266016687776
Q9TUQ3,2,843,S,test,2,0.004379453356864,0.013622047544788601,0.8884016967833659,0.0018543773451941024,0.061890177673113986,0.014359675471494183,0.00015221656084297855,0.009091980243967502,0.005847337792511672,0.00040103722785703015
Q9TWL9,2,77,S,test,2,0.0004660846442820146,0.0025593081051727908,0.9852170000500159,0.002939997835645121,0.0028218514221518168,0.0020484443962417186,0.0004961445054046573,0.0006223046001237721,0.0026405492331347796,0.0001883152078274815
Q9TXD8,2,243,S,test,2,4.8923747250170424e-05,0.0004292922491572027,0.9811816527090046,0.00013508280766382286,0.012159766822829227,0.0013830682843664446,3.692958103423173e-05,0.000573180319676816,0.003978660232552625,7.34432464648905e-05
Q9TYU9,1,843,S,test,1,0.442624768821779,0.5339073792916467,0.0009532265702437742,0.008106954781656519,0.00788828395601852,0.0014763861666034668,0.0024724818080356344,0.0018373921922482238,0.00022290096573282875,0.000510225446035437
Q9U3C8,0,295,U,test,1,0.45529592685052916,0.46974859404644376,0.0014266408952576682,0.018285419386388918,0.005468873742903126,0.01062420840285144,0.0006634496331833389,0.014982534835062117,0.017110591255151634,0.00639376095222884
Q9U6M1,0,827,U,test,1,0.3133002345592342,0.47772582276104714,0.004100973880189834,0.08035418709279313,0.0065533377030089985,0.04223527181427838,0.015236966915029189,0.02359947655627295,0.010974776434179394,0.025918952283966793
Q9U7C9,0,756,U,test,0,0.8422978340888922,0.12134451905572426,0.00010893638450161474,0.002239933655358868,0.010623694171104578,0.007818137128929639,0.00010558475107785681,0.0061846551098653085,0.008859109876005584,0.00041759577853999483
Q9U7D3,2,176,S,test,2,0.0012350809612682932,0.004310855915469172,0.9455450181060046,0.004482581098913995,0.02113605424751872,0.011148799918137485,0.0018540761678562862,0.003630104705040234,0.006446131448394344,0.0002112974313969142
Q9U969,5,1425,M,test,4,0.15833841478070898,0.20251791452663928,0.0019699652013969566,0.04536471949684288,0.38132074990230697,0.06116424211010477,0.004170415979317419,0.09783568365370614,0.04518785388695438,0.002130040462022262
Q9UBC1,0,381,U,test,0,0.5206269898832001,0.38689710768079133,0.0028631111267537093,0.04006810699486231,0.024541029149579154,0.008819003127315598,0.0012314086270930411,0.004504306015845836,0.001967785518998045,0.008481151875560918
Q9UBR5-2,2,99,S,test,4,0.0016471963166396527,0.0018665180195455563,0.02332359095809552,0.0031503454300116987,0.8270164494572497,0.06579702635883869,3.313465785749294e-05,0.05412315441943662,0.0219104839778287,0.001132100404496354
Q9UBU7,0,674,U,test,0,0.9423427655979334,0.05316334332168418,2.289971145098765e-05,0.0013102842104609218,0.0005998918074993636,0.0003365088087843774,1.3889376703754487e-05,0.002053329710337438,1.8984528218200523e-05,0.00013810292692737196
Q9UDW3,0,170,U,test,0,0.7729298845523295,0.09981448660499427,0.00032269045711185774,0.11048455962765151,0.0019159016112488898,0.0031835624495605477,0.0011440370833227425,0.00357937569650934,0.00034350222732142116,0.006281999689949976
Q9UFE4,1,941,S,test,1,0.13855186676567383,0.8098668194256942,0.00028471824491077774,0.006040171038038171,0.006738297453700384,0.0022394823368983912,0.0004015170436280072,0.026859506210509566,0.008385946388917277,0.0006316750920294808
Q9UGK3,1,403,S,test,1,0.2121857893658102,0.7291192640412167,0.0018940402868687126,0.00835689860125563,0.04049636964247245,0.004268285602963462,7.343991085179251e-05,0.002047946107583978,0.0005598772849489707,0.0009980891560281127
Q9UHA3,0,163,U,test,0,0.6947223143997231,0.11978516320441335,0.00034985456554594783,0.15622930669302,0.0008134361935144893,0.0057352838792573335,0.0006849820103888507,0.019478152124046157,0.0008392575200775328,0.0013622494100133096
Q9UHB7,0,1163,U,test,1,0.36739821162702824,0.5429793136302924,0.00017111341432173618,0.013487438077990958,0.01868891576577131,0.010180852631077483,5.0581028875795556e-05,0.039564435430509165,0.002594311786641679,0.0048848266074913065
Q9UHR5,0,308,U,test,0,0.9367019367621368,0.056253320760488744,9.887637882637693e-05,0.001195186924998007,0.003873211002729745,0.0004643995689014191,0.00013727624364790505,0.0009528861046795529,0.00014386427306606187,0.00017904198052548718
Q9UIH9,0,416,U,test,0,0.9561832312346387,0.034828971832907195,0.00039300792128411005,0.001155114615492572,0.006342827046119368,0.00023467577723904607,6.25389719824987e-06,9.93679668116143e-05,2.8028022902759943e-05,0.000728521685406391
Q9UII2,3,106,U,test,3,0.00013839243087918803,0.0005336299898684592,0.0002646824407639699,0.997398660424917,3.471878312031712e-05,0.0004449945903074953,0.0005294772223186323,0.0004131634966529056,3.9341537535713134e-05,0.0002029390836363325
Q9UJA3,0,840,U,test,0,0.5944748266173135,0.30126516720447905,0.0011656786747079166,0.04988154555247063,0.009026622944302247,0.009459821102068042,0.0022822878277066723,0.008886678694945555,0.012146649361824738,0.011410722020181629
Q9UK96,1,956,S,test,1,0.20029493310491342,0.6242243249189361,0.013683590539956538,0.04794734868240529,0.05840310639301838,0.010740371761073023,0.0054005982201735855,0.01275450683539103,0.01152273769655552,0.015028481847577154
Q9UK97,1,447,S,test,0,0.5207781863832618,0.34153464909673475,0.0015329579103763671,0.027925575538904346,0.05278682781868061,0.023792885573505586,0.000901179517065217,0.020997150160682022,0.006555629519294006,0.0031949584814952754
Q9UKF6,0,684,U,test,0,0.4614817528193146,0.41366955580858283,0.001900762337465158,0.03832725333802434,0.018606390256211032,0.033169473071334665,0.0060406098685518595,0.01278797254924422,0.010116118721254643,0.00390011123001663
Q9UKV5,5,643,M,test,5,0.0712128919150295,0.04947245264309037,0.009914459201279707,0.02359846497511153,0.32832176952249553,0.33874381999251896,0.00028568062538969225,0.1290758788385196,0.04223346514523505,0.007141117141330077
Q9UL51,4,889,M,test,1,0.3220022283027095,0.35921942766913506,0.004813543464480572,0.007936190720812978,0.28864094276860186,0.008853460558354917,0.00022164203723627957,0.002919561661106896,0.0021359966817620832,0.0032570061357998937
Q9UL62,4,973,M,test,1,0.33753361533965903,0.37361564705139316,0.0046665271082801385,0.010598661142592888,0.21122313932630357,0.018747120463915162,0.0008768144173691202,0.026231935107476474,0.013397962734621365,0.003108577308389079
Q9ULC6,1,663,S,test,1,0.13756490692934858,0.5451434632379851,0.011764795048268337,0.15436659135132708,0.01850861795631184,0.041223881977957746,0.025696673332753633,0.011764795048268337,0.011764795048268337,0.04220148006951097
Q9ULE3,1,1009,S,test,1,0.2844885164935273,0.6165443984551782,0.0007805592271059147,0.014728072384959056,0.06021722514655995,0.009288878704139037,0.00014438894235290525,0.008326497495178236,0.002442153762120735,0.003039309388878767
Q9ULG1,0,1556,U,test,0,0.9327261298349534,0.04791179222530909,0.00027612866973127125,0.0011808525115898831,0.012304765906325862,0.0021382476791611165,2.489375543620835e-05,0.002385387391719287,0.000662398222922929,0.0003894038028509485
Q9ULL4,4,1909,M,test,4,0.015997062059716127,0.13658352669055182,0.23877701989914246,0.03763271625980607,0.361258072246462,0.12315217086840151,0.0001416838107552872,0.017985979717758102,0.06289997169571918,0.005571796751687426
Q9UM63,0,463,U,test,0,0.937952307423175,0.0520952657170451,0.00028649019913678755,0.005546038200916267,0.0024748978461781087,0.0011967822560201313,2.638483769879547e-06,0.00018788487616809213,2.7493630916428025e-05,0.00023020136667418933
Q9UNL4,0,249,U,test,0,0.9252188431497171,0.0615034232529709,0.00042423417601858686,0.0016390106466791037,0.0034427836801442257,0.0020239080237506217,0.00031526404090068106,0.003469785750779152,0.001504040806040067,0.00045870647299953724
Q9UNS1,0,1208,U,test,0,0.762070177900203,0.21833677558796316,0.0002721338237950826,0.0013187228450395924,0.008599152776272356,0.005175061050882372,1.0886722505303072e-05,0.002260816745965313,0.0014711415839848926,0.00048513096338891493
Q9UPP2,1,1182,S,test,0,0.608898669600235,0.3751315956873078,0.0004324242394103582,0.0022306140677029163,0.010909993737611295,0.0007589282258822022,6.5660154675804876e-06,0.0009012495144766138,0.00017471519226079348,0.0005552437196454941
Q9UPQ9,1,1833,S,test,0,0.6117858361982573,0.354074482276536,0.0003279586710078714,0.003364425890248169,0.02237151589243999,0.0013175280918271165,0.0001598342806104812,0.0035535418842684457,0.0002117460123497375,0.002833130802454802
Q9UPW6,0,733,S,test,0,0.7944852551380638,0.16915566882026517,0.00044633723720497777,0.010399491318860919,0.0135106143642109,0.0040724998459434605,0.0001591464356456619,0.005879339644820789,0.0010707074330003642,0.0008209397619839369
Q9UQ49,4,428,M,test,1,0.1982472425095387,0.49839352230984146,0.0042450981433024065,0.1805061716637487,0.02041107046977084,0.01718784469597741,0.006080822187067953,0.0029176103798967184,0.003464748240642843,0.06854586940021298
Q9UQ84,0,846,U,test,0,0.8839214287813739,0.09463175963865209,0.00012753277907881285,0.014626071529666806,0.0024063668253811355,0.001349849602545987,6.412751713728362e-05,0.0017605358423325914,0.00014006736207736135,0.0009722601217540479
Q9UQY9,0,429,U,test,1,0.42100269796146506,0.43098650534001864,0.0007877215059562018,0.031960933044347904,0.013323299021420244,0.02112488545244318,0.009747533645367248,0.01792845985212787,0.01241868029737275,0.04071928387948091
Q9UR19,2,361,S,test,2,0.00019507773982566375,0.0018079711864632834,0.9292639635117896,0.0011949960789581515,0.0023951728726469518,0.004483520121441616,0.012163690476138331,0.0007836975392737111,0.04554805228766296,0.0021638581857997335
Q9URT4,0,697,U,test,0,0.6819029948550892,0.29328285810013693,0.0002512360116991444,0.005247227765228067,0.008158874362671476,0.0025773518273244,0.001236626852301805,0.005542177646155059,0.0013163825294503519,0.00048427004994352536
Q9US47,1,547,S,test,6,0.005601135842934414,0.07320633170768408,0.0018908604810327452,0.31799380664401694,0.0034239058787475176,0.00747849831593703,0.5409257100543963,0.0008931792578330525,0.004097878682920845,0.04448869313449707
Q9USH8,5,506,U,test,2,0.025904530240137863,0.05131646162679091,0.29878681414628316,0.022506245979065052,0.06214173782643611,0.24291197562534775,0.0017766513341392232,0.1826447218903787,0.10874309959876224,0.0032677617326589675
Q9USK1,3,116,U,test,3,0.0028495644339472884,0.0018254994724614495,0.0008100605371134233,0.9833018225204073,0.0005880408595917375,0.002289689155644881,0.00602737537334817,0.0013251706315248082,0.0002734643942575301,0.0007093126217034392
Q9USN8,1,1021,S,test,0,0.7430040534459503,0.20312599012500485,0.00023414880482969656,0.03270914272690532,0.0022215418546323073,0.0039913876223151715,0.003232324364585662,0.004852293327747568,0.0009117188958695747,0.00571739883215956
Q9USP8,3,379,U,test,3,0.0052925874425055015,0.08882070360112301,0.006334398027019962,0.8626915966661907,0.002105245782600087,0.0030156255528182127,0.019801651918309973,0.0007990612179155846,0.002241022614068805,0.008898107177448234
Q9USP9,0,589,U,test,0,0.6630119346955418,0.29420976346982874,0.0005171321420875028,0.012726266226538592,0.0053050967051609015,0.007901918675807973,0.00032361301241846084,0.012977269754931084,0.0019823698258421237,0.0010446354918428316
Q9UST7,0,1339,U,test,1,0.2603218416651474,0.4533235785059865,0.006466313386153019,0.19650122965714392,0.0036843945636119797,0.013372075962320576,0.028088383741620957,0.010999570014210992,0.005706501820406663,0.02153611068339801
Q9USU8,0,551,U,test,0,0.805642280203722,0.18259395056075775,0.0001237353531068145,0.0015921372161747517,0.002076538676750115,0.002564182886007897,0.0005632762145531345,0.0032668534053301793,0.0012893521499712365,0.00028769333362614017
Q9USY1,1,747,S,test,3,0.02897930013612149,0.07516658930910573,0.0012584276146392008,0.7741286205975146,0.002622788524333272,0.016771930732666345,0.05662800469812883,0.004900013969583667,0.005298178617714385,0.03424614580019238
Q9USY4,0,527,U,test,0,0.8824260822308035,0.1005645684793548,0.00040461268292133206,0.0037499312479621653,0.00470346755927842,0.0024785533800514782,0.0001398303959245686,0.0028751720260175645,0.0008302113826825672,0.0018275706150035775
Q9UT35,7,556,M,test,5,0.003959626608981171,0.015417832666043569,0.08803304693722,0.012485741286283682,0.11571725995410079,0.42994176358296116,0.00360528140311447,0.14628032529329063,0.18347662049429161,0.001082501773712948
Q9UT52,1,677,S,test,0,0.5778582747981693,0.3068982094377921,0.000868774784275832,0.022847919014326444,0.0119930655923002,0.020560898085422177,0.0007202396588143767,0.03524958003844544,0.02137995345687216,0.0016230851335818956
Q9UT77,3,526,U,test,1,0.2528448148422214,0.4950460578858406,0.001625638715992045,0.18070002211532593,0.0032329687940049197,0.01471733234102898,0.009803855960603184,0.00541420336827893,0.014949096624328091,0.021666009352375913
Q9UT79,0,1588,U,test,0,0.7648962966421207,0.18167879308753598,0.000479380897373694,0.024159124828483848,0.008974863718447128,0.0060726960079791155,0.0006866814473114902,0.009116197500322233,0.002591508782414925,0.0013444570880108806
Q9UT83,1,609,S,test,0,0.7835653876867544,0.20440524442322497,0.00013636836707080647,0.00629424478512141,0.001674336467020981,0.0015728936708372168,0.00016971316343552956,0.001512636984947351,0.00015452560627610056,0.0005146488453111925
Q9UT87,3,182,U,test,3,0.015078037812968544,0.0039103615224394,0.00019891338445306161,0.9776133200173523,1.908913788408428e-05,0.0011446674471045466,0.000448258238133142,0.0004809108749216018,8.036827466228697e-05,0.0010260732900809995
Q9UTA2,3,121,U,test,3,0.045329495800077495,0.330394026232572,0.03428338805482046,0.5037907310373168,0.008271252651713995,0.04891723344280425,0.006750799646360058,0.011394132743277158,0.004427282559964705,0.006441657831093076
Q9UTJ8,0,1285,U,test,0,0.5152933510282097,0.42057018759742354,0.0005580042976432451,0.010948187486156672,0.018843020924639475,0.005548271256583572,0.0014701453952693665,0.01129572074353609,0.008935649727920882,0.006537461542617453
Q9UTK1,3,113,M,test,3,0.0008946109992220377,0.0012420445287397073,0.0004940511666393847,0.9216207224593138,0.0008807414533616482,0.03545702003623942,0.003781194537176104,0.025339989101985292,0.0028319838826779244,0.007457641834644688
Q9UTK4,0,1778,U,test,1,0.37060443303614093,0.4758655140816621,0.004117043439664111,0.12078853710437668,0.005627330517604496,0.00806077893455454,0.0017162390411314204,0.0022036946441604272,0.006277741484294463,0.004738687716410774
Q9UTL6,3,225,S,test,3,0.003946259358701031,0.003772909039640718,0.00013716005750951911,0.9808241677022503,0.0001904278635744337,0.003992777055603655,0.004213096297324366,0.0014978312136632386,0.0006543540082574286,0.0007710174034752632
Q9UTM3,0,443,U,test,0,0.46530036860675517,0.46530036860675517,0.0005709567551459475,0.012303339772911514,0.004089031519870276,0.011028641311813605,0.0006077803197868798,0.022717871612902167,0.010199826588335547,0.00788181490572369
Q9UTM8,1,493,S,test,1,0.007808664690687622,0.46824141411658066,0.003358464602630254,0.2862302488541235,0.005624369964979994,0.02250703150466444,0.07083208424780701,0.0012948035132303978,0.009058209533680346,0.1250447089716158
Q9UTQ5,0,282,U,test,0,0.4698665223198389,0.3010077933606703,0.0003608018575401585,0.10987283527332135,0.008084499835327247,0.032225599887612,0.028217677587141613,0.0379710366186318,0.007714283762183796,0.00467894949773286
Q9UTQ9,5,167,M,test,5,0.009474278228697454,0.01913856676640086,0.00487693995683083,0.07166611212146218,0.01854973429779331,0.7585380663710269,0.019439955813359777,0.07658675905009825,0.01735792629486684,0.004371661099463581
Q9UTS5,0,897,U,test,0,0.6645198961791039,0.14259412884135642,0.0030773376622878455,0.02648049874935673,0.029311238517811034,0.043915524213092784,0.001986878483530963,0.058634919503918186,0.007267698817142106,0.022211879032400045
Q9UTS8,5,311,M,test,4,0.0010374581235429836,0.0012129113690021074,0.0011217595748954541,0.013773012946150825,0.48932337573918083,0.10256774804698444,0.003001984247343703,0.10500007933238008,0.24992193154099002,0.03303973907952954
Q9UTT1,0,1129,U,test,1,0.3683506812984555,0.5529598394846801,0.0025607123481993935,0.014061075713914321,0.020619203886255714,0.023918695603245308,0.0015531504711012636,0.006239564606199432,0.007949411508718843,0.0017876650792301345
Q9UU83,4,425,M,test,1,0.16018525198602332,0.5130603452015202,0.006067176978986834,0.042196889616278745,0.23125441996974702,0.01598488396365348,0.002865931562252357,0.017419336834140837,0.004302273154972048,0.006663490732425108
Q9UU96,0,736,U,test,0,0.741596400530348,0.1860457658767103,0.003030735077935473,0.021875508019042842,0.00993739800026289,0.013268167284375416,0.0035990872974707815,0.006316594354088525,0.006027336715116126,0.00830300684464964
Q9UUC8,3,145,U,test,0,0.38670953883163606,0.32819613172393675,0.08363180458343872,0.09551051939516769,0.037402457428433,0.02452912915170042,0.013440854873718133,0.018086647040796,0.0033983800187484094,0.009094536952424867
Q9UUH8,8,166,M,test,4,0.061780913532388945,0.027415116746624234,0.004371722148731378,0.005151147394131191,0.5295523308056526,0.10106683337299702,6.139247740366949e-05,0.21229345707575759,0.05736163525990125,0.0009454511864122026
Q9UUJ5,3,145,U,test,3,0.08116631722939527,0.31236010010117393,0.0765471291786838,0.4725857106207841,0.003665057733926259,0.025046123902116423,0.0037813992344347285,0.01035952815882022,0.0019926575407842296,0.012495976299881063
Q9UUK3,1,324,S,test,0,0.535862257566404,0.4108598755852702,0.00022724017216511,0.03326747880317003,0.0041234478558527365,0.0047091254133926124,0.00034112788251590984,0.008264772448209926,0.0011906533990539623,0.0011540208739654438
Q9UUK4,0,202,U,test,0,0.9541506538130212,0.041272511430180917,8.092937370901738e-05,0.001468525906683931,0.000693682491445448,0.001246321761477233,0.000340725395659201,0.0003006891172054892,8.888353091424113e-05,0.0003570771797032859
Q9V3J8,0,361,U,test,0,0.8771684517211513,0.08753262212149678,2.571191107450925e-05,0.0059566701005480775,0.00944465651417487,0.011754064487576982,5.1134242682159974e-05,0.003394008285100348,0.0006735615707025084,0.0039991190454924915
Q9V3R8,3,359,M,test,5,0.0038924908024225656,0.0065698217338775065,0.0017544829433668242,0.11068689622134485,0.12396344317375949,0.5599229830144922,0.008435818213505246,0.07063224038357968,0.06381090614543047,0.0503309173682212
Q9V3V7,0,222,U,test,0,0.5574475154003531,0.3599151815067537,0.003936308593732556,0.036126987592746004,0.010868496696786358,0.008333165532281733,0.0018886614881571792,0.013526062091459214,0.005817487137533675,0.002140133960196525
Q9V461,0,817,U,test,0,0.7589618735502106,0.19340067049679702,0.000748320907068953,0.009553919762633438,0.008365691828905496,0.004995382504025695,0.002131767852072237,0.006989796804207782,0.00985719379005304,0.004995382504025695
Q9V464,0,218,U,test,1,0.27779740150116333,0.66640132797519,0.005168161830848403,0.001786068900297765,0.022847579837358658,0.009655397404467426,0.0008980919391926801,0.002329473155504214,0.011830040277111192,0.0012864571788662313
Q9V5M6,0,963,U,test,0,0.9456576569896551,0.03210680683574953,6.444975089948965e-05,0.004670815646880604,0.015405014828912043,0.00041374956784054735,1.0855109464708999e-05,0.0011246878715542455,0.00018649153948602107,0.000359471859557758
Q9V637,1,270,S,test,0,0.5099570896045224,0.33970467221084283,0.022405950988998176,0.027884657355474355,0.017724566665104854,0.03483883762972853,0.0031778394215964735,0.011443839733523422,0.025588399526147346,0.007274146864061691
Q9V727,0,1669,U,test,0,0.9446370423733491,0.043496299696555385,0.0001952305159761306,0.001186625236279432,0.009224790323947253,0.00026271137933998276,2.7689576659719747e-05,0.00042642268234456993,0.0004068953524842302,0.00013629286306415556
Q9V7P1,0,506,U,test,0,0.9133112870560061,0.05838603790607029,0.000311206593161942,0.013963024844753707,0.0033984751901593537,0.006706077984567742,0.0001540584508356293,0.0023357351715396313,0.00038129830270529645,0.0010527985002003449
Q9VAC8,1,472,S,test,1,0.19523297600283734,0.6708654881586885,0.0006512046209868872,0.056594536723051994,0.01163341032708357,0.0033070899673378856,0.00023585069416102568,0.056594536723051994,0.0018263483980272028,0.003058558384773553
Q9VAW5,1,1673,S,test,0,0.570259784377408,0.4043747431217552,0.00044478784327712893,0.005418624590963064,0.015176516944100214,0.001705046031364637,0.00025343244565396517,0.0008845662185377616,0.00039870524279859076,0.0010837931841414608
Q9VBW9,0,419,U,test,0,0.9430460681996634,0.05156613378288851,0.0003641243579084458,0.0013423577995180127,0.0018782963249734496,0.0010292214303767656,3.334375199880521e-05,0.0003937122715994659,9.648334272390585e-05,0.0002502587383492232
Q9VDH4,2,138,S,test,2,0.006946370529363544,0.006275523085745094,0.601337755206713,0.13261339780442039,0.08363821611813492,0.07323606627632662,0.01084313012369238,0.04334858178071617,0.03419123389381195,0.007569725181076036
Q9VDQ7,8,948,U,test,0,0.6498946368483223,0.23908289608394376,0.0002284781304113989,0.06044961345569582,0.0018254203684697748,0.016333473396381814,0.0001724643323326748,0.02080938348965482,0.0013355059414154275,0.009868127953372224
Q9VDY1,0,1638,U,test,0,0.9601075308176039,0.02810072252053074,0.00012035257085132079,0.0006818437748957204,0.00908740241788107,0.0005741700318868172,1.6544449158072636e-05,0.0006557227403644315,0.00042007175481367017,0.0002356389220142145
Q9VE04,3,107,U,test,3,0.0021021540339495265,0.0009058928946894063,0.00042875007345952545,0.99537435350263,2.8724464657701345e-05,0.00014138675600295522,0.0008644090476563237,8.182838086283716e-05,1.0733548225247592e-05,6.176729786644595e-05
Q9VFM9,1,343,S,test,0,0.5107064049149359,0.416826410824061,0.010682504210007156,0.028254804037412425,0.002989690402107441,0.011732437193055919,0.004418475847766681,0.0011892165760499054,0.0027650116336591455,0.01043504436094433
Q9VFP2,0,829,U,test,0,0.581893483140305,0.352936225601044,0.0004005316154378141,0.010329845928360788,0.04443474702260825,0.004477656754114432,0.00037626460962833643,0.0019714857221860235,0.0020025318247770024,0.0011772277815383838
Q9VH19,1,683,S,test,2,0.00316772995163909,0.012725911612821928,0.7751179051865543,0.014196780147460798,0.09854517526686428,0.0256068251105896,0.0006435633661907397,0.04300918229799237,0.025707048462147903,0.0012798785977389474
Q9VH70,0,814,U,test,0,0.9308129206950867,0.056779952406394454,0.0003538289553169931,0.003971036631929654,0.0057440685744241425,0.0006820231396529327,0.00021460810097618653,0.0010563381071643954,0.00026294336556775393,0.000122280023486747
Q9VIP8,1,367,S,test,0,0.4513201582617837,0.2511974964152095,0.0021903296812117146,0.24924264280814218,0.010127981568302276,0.010127981568302276,0.00568128258532936,0.005013714264421856,0.0022954455029628785,0.012802967344334304
Q9VK33,0,1220,U,test,0,0.9552324097658181,0.03452356633214097,0.00023813435805989663,0.0006176734058208992,0.007963313954085567,0.00035193973901231733,2.3212941183980972e-05,0.00041793875920431505,0.0005120692808042991,0.0001197414638696536
Q9VKJ3,0,1411,U,test,0,0.479369715805814,0.3479851084998486,0.003896085199199,0.043216491722953165,0.02662490789589624,0.032749197424005325,0.00477358265856797,0.029471087343086042,0.022420420590193807,0.009493402860435807
Q9VKQ9,0,134,U,test,0,0.5267511570956335,0.38537937144756856,0.0029424079496892567,0.031173854857625364,0.036722812555781366,0.0035492214136663555,0.0006463612037285034,0.008992724060420688,0.0015505399684007223,0.0022915494474857008
Q9VLJ6,2,630,S,test,2,0.010130670115052478,0.032574710126762794,0.35991931648770903,0.07508945608449527,0.058812623103762764,0.24736869807453668,0.0023322124479434967,0.0733186840107972,0.13292515531644755,0.007528474232492709
Q9VM91,1,992,S,test,0,0.5651498006236287,0.4070621418681631,0.0004917502726996292,0.009170548291496213,0.015009341548954811,0.0004339681432947521,0.00032249771627654934,0.0010090060927299069,0.00018958662996206577,0.0011613588127942624
Q9VMD6,3,659,U,test,1,0.198164615928814,0.49046215665981746,0.0022712905093006715,0.09838642377537785,0.027240997527121006,0.10210606632676211,0.013380329311383258,0.02579125804730908,0.029918382142089927,0.012278479772024634
Q9VQ79,3,739,S,test,3,0.07971145092015054,0.19422907833361763,0.002880894302563246,0.38627063643476195,0.04039579941292131,0.02374746428253474,0.2306527311465639,0.004257685906079229,0.007242567727629351,0.030611691533178102
Q9VQI9,0,1673,U,test,0,0.5540155666729255,0.38676518672932897,0.00013597188566656545,0.007366040447528962,0.013869509407250721,0.0020295576606550454,3.437907377987104e-05,0.02611488150640772,0.005023202841454413,0.0046457037750022865
Q9VR35,1,653,S,test,1,0.43790003603813815,0.44479596560467527,0.0006381006088689835,0.02154776078808919,0.037158545061228246,0.012134507283636797,0.005687328514210304,0.013858041709113233,0.01909025756171349,0.007189456830326317
Q9VS24,4,994,M,test,1,0.2624775990791928,0.5020015693166778,0.0027823354258563085,0.11715819353859415,0.032724845224891067,0.02538677046606643,0.005798885899720695,0.03594120862315701,0.008842245424456443,0.006886347001387194
Q9VSK8,0,597,U,test,0,0.9065998322620494,0.07678053370263227,0.0006143601936565954,0.013368541665435723,0.0006240350042546799,0.0005771379704862533,0.0002642330344649804,0.00040925216588854615,4.38141344922614e-05,0.0007182598666392963
Q9VTY6,1,178,S,test,0,0.5460727595988902,0.24613427147346273,0.008895669713763477,0.06067225843351062,0.0211735378069971,0.06370828795090767,0.0027130261393027806,0.02325458360602506,0.02253911369268079,0.004836491584459535
Q9VW27,0,717,U,test,0,0.897737943476005,0.09170969948720316,4.33858568295554e-05,0.0006276661624797017,0.007631618685675404,0.0007112389723996562,5.871636620343108e-06,0.0006839918510159036,0.000374796581386542,0.0004737872903847421
Q9VW47,0,2531,U,test,0,0.9285073334565629,0.059357483371753596,0.00039374697218599235,0.00405513663305259,0.004167550069649247,0.0003114794890144972,5.084762953217329e-05,0.002567552908396323,0.000188921867945955,0.00039994760190671983
Q9W0K7,0,977,U,test,0,0.8850306976780856,0.09929768786246422,2.3620799826587137e-05,0.003142433025411426,0.008864963201303868,0.00128965183179215,7.668549797890378e-06,0.0014164055427758311,0.00033642581314377503,0.0005904456953985993
Q9W1X4,0,1711,U,test,1,0.45675568058014054,0.5175720000618761,0.0007781380188182053,0.011751635325710429,0.0074697939886025815,0.0015235202576264065,0.0007541972072211717,0.0005432278999695834,0.0006350977522266638,0.002216708907808261
Q9W266,4,677,M,test,4,0.01395462254381234,0.019223304290193522,0.047392643556150624,0.0064138974409797085,0.7648785044569991,0.043831031369996165,2.009753898035566e-05,0.09425152752320282,0.009818302377972007,0.00021606890171329494
Q9W539,0,1518,U,test,0,0.7074520682787564,0.22260965705405103,9.739746877678798e-05,0.0025514706845741635,0.05852665830654319,0.0028242206114012414,4.89745222895002e-05,0.0017812137032362579,0.0019259508957440812,0.002182388474627383
Q9W701,4,689,M,test,4,0.0007260526586620829,0.0030094044482142745,0.0034638034734019397,0.007163006638052362,0.5916955923120981,0.19512050869173994,0.0009770106752175801,0.03305677989161725,0.1592526993151039,0.005535141895892488
Q9WTN6,9,564,M,test,4,8.945203262217044e-05,0.0005147608357850525,0.0009176604612042917,0.0013247976042517018,0.8213482331791961,0.09360390710869294,0.00021458424015992299,0.015340224527225447,0.06637512012202688,0.0002712598888354282
Q9WUB6,4,687,M,test,4,0.0005276103688749314,0.0034674352949662338,0.004452275169933635,0.013660507453574269,0.6870985120115464,0.16320021661883502,0.00029137407923296167,0.020865412699207334,0.09821561851148582,0.008221037792343466
Q9WUI0,0,231,U,test,0,0.9679706265934096,0.017868050855515502,0.0013045091049257666,0.0013045091049257666,0.009425000101462725,0.000766881278348295,3.961834267480407e-06,0.0008826749515119653,8.210155568792797e-05,0.0003916846199449673
Q9WUP1,4,147,M,test,4,1.2222179283623941e-05,4.1347100182914525e-05,0.018320067679708736,0.00012152588936660155,0.9694676446358528,0.005631127075897741,1.6377730599200146e-07,0.002248674270966733,0.004152132428779384,5.0949626555054975e-06
Q9WVL3,4,1083,M,test,4,0.03903262038257902,0.06737648857286627,0.0026406848970778624,0.021263158458775216,0.6563297667545187,0.058666476524119986,0.0024806939194704112,0.04572296997286983,0.10384645562064483,0.0026406848970778624
Q9XEE9,5,463,M,test,5,0.008607475271422351,0.02980924275295118,0.001543235066807276,0.17154033849521333,0.026720831743049556,0.4312523695815397,0.11652428161358319,0.16561441478238584,0.014872382713542135,0.03351542797950548
Q9XF04,2,96,S,test,2,0.0006871627448372023,8.079750158211482e-05,0.923287635119528,0.0010477979724662762,0.047798935584790904,0.010665384179439848,0.005787353528579953,0.0009540309017431223,0.009635371208616768,5.553125841578326e-05
Q9XGM8,7,444,M,test,7,0.008207550307698474,0.01222511106779905,0.04310961086245435,0.0189346224885179,0.019920978780961156,0.11067711609590954,0.0018747813381914643,0.7682514223765236,0.014071015701702282,0.0027277909802422237
Q9XI36,0,384,U,test,0,0.9381957520677442,0.059976845151778826,0.0002933602623193334,3.7589088087308134e-05,0.0012399268863928317,0.00014866773357752707,3.5867760248599616e-05,4.3946103081005295e-05,5.9474581664585035e-06,2.2097488603881508e-05
Q9XI84,6,482,S,test,6,0.05998587718295285,0.03051834233630254,0.003424063175049639,0.020489045453271702,0.004828703378374634,0.014192346793561895,0.8378405800289407,0.009235135806676575,0.012622935144903183,0.006862970699966305
Q9XI90,0,514,U,test,0,0.9719712800699417,0.022329058650861516,0.0002745701077081023,0.000965860096824388,0.003248373534395586,0.0004744146168082788,0.00010421505501990143,0.00027889391830947924,0.00012570736084428004,0.0002276265892867304
Q9XIA7,3,54,M,test,5,0.004369131850706971,0.005437472954188114,0.09196787528809632,0.2088783280073113,0.022982214149164067,0.5050029865164032,0.0503450494102283,0.0783576088411769,0.021929780501266795,0.010729552481458042
Q9XIP8,1,259,S,test,1,0.06930352941878962,0.804054998068285,0.0016783188800880279,0.04730707539722849,0.005589655757312085,0.021764770760819053,0.009002301163221078,0.03148254840486848,0.0018722999900607738,0.007944502159327387
Q9XTF3,1,817,S,test,0,0.5852667104519089,0.32830485764623507,0.0006852768723977576,0.02332233455786697,0.02925276016847586,0.007030041901859884,0.00026835827208449036,0.011410885512395717,0.0074834404656985735,0.006975334151076737
Q9XVW1,5,502,M,test,5,0.00036427987953984884,0.0006912817675397556,0.0037958832599048805,0.00797334987850984,0.23854123730048135,0.49716262434216063,0.003272255975094174,0.18289593378989816,0.06126245656882661,0.0040406972380447265
Q9XXV8,1,858,S,test,1,0.3347097225025762,0.4005950853029051,0.020738953029175933,0.0274746464667029,0.14172501386878966,0.01010735764739581,0.0031804208508737844,0.012096923370389975,0.046191456110316866,0.0031804208508737844
Q9XZS8,0,613,U,test,0,0.9318147440308998,0.06242769304410414,8.86746797283056e-06,0.0006168196651653894,0.004037912063771896,0.00019258051465870116,5.212915844163476e-06,0.00023967032386339906,0.00040137224147278886,0.0002551277322468259
Q9Y0V2,3,111,M,test,3,0.0645377358493751,0.10237841197432719,0.07973238159345347,0.6834225679401537,0.015578058177483527,0.031468545250313416,0.0023154714537658144,0.005300167039325469,0.008670496029614453,0.006596164692187886
Q9Y117,7,667,M,test,7,0.01837359955829046,0.014309374835439663,0.22209439022890984,0.06338302143460126,0.22914439791895688,0.11783829512478027,0.0030705365824176497,0.30120462642039764,0.026114153145703978,0.004467604750502369
Q9Y216,1,660,S,test,1,0.33007320897611087,0.5399636648480332,0.0015894322488720256,0.021855894566182078,0.06640674946237574,0.01269872957482207,0.00017016306880623084,0.021349605260794317,0.0037537370963008666,0.002138814897702608
Q9Y241,3,93,M,test,3,2.3709061550306626e-05,1.817836812239525e-05,2.6449370785713836e-05,0.9910123510224613,0.0003003413890257065,0.0028944337869778406,0.003834501905055783,0.0008572657449947621,9.674777114998581e-05,0.0009360215798761354
Q9Y294,0,204,U,test,1,0.08329739324635135,0.7949479725799992,0.012165318101582605,0.009111403381552042,0.02005721977845277,0.025453936012299543,0.012165318101582605,0.006985954393330561,0.03230272568409883,0.0035127587207504697
Q9Y2F5,0,2266,U,test,1,0.36382178049723096,0.45278353217853634,0.011072633963780299,0.05514385638761374,0.04162477022928396,0.021012166848584805,0.00024272264657790085,0.04828557448752052,0.0026095144399293385,0.003403448320942147
Q9Y2J8,1,665,S,test,1,0.1210177549351578,0.6619275447700532,0.015206434866807946,0.062538419236897,0.022827560701023507,0.029541056856371626,0.028409354703549994,0.006489309594384756,0.013211578342246512,0.038830985993507615
Q9Y2K1,0,713,S,test,0,0.8981490052002427,0.08354086542150067,0.00026176998856799577,0.006857451929853739,0.006884291247440537,0.0012488349094900329,0.00012173435777871845,0.002296958643458579,0.00043838229207507145,0.00020070600959197135
Q9Y2M2,1,353,S,test,1,0.3301121441491329,0.45474866932301933,0.10971322898784432,0.03131081393161441,0.04520244317076167,0.014732522215940846,0.00018985300853240392,0.005212163314179031,0.0043890809494875355,0.0043890809494875355
Q9Y2R0,3,106,M,test,3,0.0002153020848745616,0.0007456300972562641,6.56634247116469e-05,0.9634656709098388,0.0007753326529432777,0.007953895585331874,0.013113758138522908,0.0074719934093488444,0.0011369501478585898,0.005055803549313232
Q9Y2W1,0,955,S,test,0,0.9725338253873955,0.0225172099496516,0.00017192099826098437,0.00032624876005450405,0.003288566611783981,0.0005132613604755693,2.268026727081527e-06,0.000542111987706049,5.7586327072071216e-05,4.700059087265615e-05
Q9Y2X7,1,761,S,test,1,0.3130484251062945,0.5894385032352673,0.001036055162402358,0.026101241119170365,0.042774424335320506,0.0064465515885895495,0.00015160837344851302,0.01079594260320203,0.003910031204247192,0.0062972172720577235
Q9Y2Y4,0,487,U,test,0,0.8252561448150666,0.13263074135356565,0.004945640199755011,0.00825009809983461,0.023502341553493004,0.0029763385073971927,2.4328759221317735e-06,0.0007643869359822147,5.366838972251746e-05,0.0016182072692611093
Q9Y2Z4,3,477,S,test,3,0.02478822593382488,0.04713174510891738,0.002592327667290185,0.8670149096302736,0.004730914994504234,0.033061286965477596,0.0019567915381572825,0.006466394495524874,0.0051554588387034885,0.0071019448273264675
Q9Y3P8,4,196,M,test,4,0.009756045561530301,0.010446286916099853,0.011585590602428522,0.0006523389699390638,0.9626443529677378,0.0028447218197998705,5.009191074494878e-07,0.0014932188428167278,0.0003331821403341824,0.00024376126020622977
Q9Y471,1,501,S,test,1,0.15016741064007094,0.5261871991145789,0.011808056780220982,0.12844500376285997,0.0045881161141881534,0.032603086134149785,0.056443220034200624,0.008308004866436286,0.00553432498056041,0.0759155775727339
Q9Y4A5,0,3859,U,test,1,0.23662122444993303,0.5765635811534302,0.007971205533328503,0.03227436082814218,0.028150198220875347,0.04016609381435744,0.0008943443876356005,0.029732533858862258,0.04048111552935806,0.007145342224077392
Q9Y4X5,1,557,S,test,0,0.8792582150947316,0.0727399736367626,0.0006646987746748758,0.0009228427658091254,0.016167206683598525,0.009104475375545497,0.0001308869395375505,0.009104475375545497,0.011242526579119939,0.0006646987746748758
Q9Y5J1,0,556,U,test,0,0.8983000589179564,0.08161937511082963,0.00020073977227743446,0.0093929302703224,0.004863479679472283,0.002297344868863463,0.0005046597838965952,0.0017341270716711337,0.00024213838527652155,0.0008451461394341578
Q9Y5J6,3,103,M,test,3,0.024811019270711374,0.025900355665720378,0.0065294781570069136,0.8353823168204983,0.004703006433370029,0.03620573653491571,0.0003487637292409417,0.016415104939776274,0.03047549476400727,0.019228723684752785
Q9Y5U4,5,225,M,test,5,0.0019112927894785908,0.0018524884998696173,0.0028691901908872827,0.05206367016089984,0.1578811262672567,0.3877186190445169,0.04731201021731834,0.21579791668278026,0.11283254656251679,0.01976113958447572
Q9Y679,5,476,M,test,3,0.01540700755262554,0.06165419292805106,0.005201177492256096,0.42963990820720394,0.0781287142350179,0.3646306624719038,0.00291759586237069,0.013075756868358006,0.006574904099808877,0.022770080282404053
Q9Y694,4,548,M,test,4,0.0001126667199546018,0.0006090705315115057,0.001495732817307044,0.004518070282033302,0.831248466585058,0.09927847288764964,9.053025180498977e-05,0.013124638306292492,0.04838445808184575,0.0011378935365426355
Q9Y6H1,0,151,U,test,3,0.0034305564716725825,0.003403859877507088,0.016559190882841288,0.9586586260463836,0.00456253667464043,0.002980519056369142,0.0014870362207860038,0.004818999626064997,0.0004752853081147518,0.003623389835620104
Q9Y6J9,0,622,U,test,0,0.6116365209985528,0.3223098226695806,0.0014694500752175112,0.034738618969480696,0.012694111126390104,0.006284041346312607,0.00040172529509732924,0.002538982086798363,0.0012374010434400783,0.0066893263891298765
Q9Y6R1,4,1079,M,test,4,0.07642428142392009,0.06272309528318702,0.0011961092727075023,0.033616309488668575,0.5299718595296353,0.18603763740127155,0.0012149451561290607,0.0585679249419139,0.04559047705389984,0.004657360448667174
Q9Y6X4,0,670,M,test,0,0.8329625111033059,0.13386926024954496,0.000573348601926472,0.0006808682795256942,0.014758002911218027,0.008692744168530296,0.0003166331727878204,0.00574555246734504,0.0021302483462487254,0.0002708306995670438
Q9Y7I8,1,442,S,test,0,0.5158610331321739,0.3517866424066574,0.0015913575150283859,0.039469368659325786,0.0065959929327345625,0.02702111557970715,0.02887640700135327,0.018354959741065494,0.003530581007462204,0.006912542024491893
Q9Y7K5,1,426,S,test,0,0.5942521010011468,0.2988087194007618,0.00033384738593051554,0.06865544518667929,0.004329398212302671,0.010884106934365563,0.003941961973224905,0.008151818881194145,0.006105430802272825,0.004537170222121497
Q9Y7L8,1,292,S,test,1,0.25201830502616523,0.4819975838251187,0.016493050535144754,0.1447219117053031,0.009179764512737882,0.010483620785955534,0.02860897247315359,0.004268987144054725,0.012352724674648836,0.03987507931771762
Q9Y7Q6,1,147,S,test,1,0.15524643702967028,0.7464482209080315,0.0034567411154231274,0.036946348949185616,0.00457943744374282,0.027888568196134368,0.00932327288013866,0.005029528415844389,0.005972712783066685,0.005108732278762569
Q9Y7V0,5,186,M,test,2,0.002623238165171474,0.0033420920754757603,0.8503596880070556,0.0023884855018657704,0.054788042487317425,0.009084747276933865,0.0008516407203604648,0.029555933888485306,0.04686269217754217,0.0001434396997921728
Q9Y7X4,3,277,M,test,3,0.0001697930664538017,0.00020163424498817722,6.054158064215591e-05,0.8883138816766041,0.00029799611647647465,0.006573688622024344,0.006272658140007584,0.002531599866638473,0.00047619643602818287,0.09510201025013669
Q9Y7X6,0,684,M,test,5,0.0021929359630302276,0.022940354441659924,0.16365185555538858,0.23625905404114778,0.01671809010027417,0.4311652135215703,0.02206152314058843,0.06888971669437544,0.027242345409791646,0.008878911132173534
Q9Y7Y7,4,456,M,test,2,0.0005022853041985823,0.003249823047666793,0.7297215904866012,0.000281756534157766,0.07571968277572387,0.07281889613864463,0.000268853962375583,0.04927173526155386,0.06787467605696972,0.00029070043210800765
Q9Y7Y9,5,457,M,test,8,0.00047589865849611537,0.0009173187088164629,0.006543965768335721,0.0017960226896408475,0.15187754665721195,0.29736180994515604,0.0004833929527693821,0.17480998585208196,0.36433531487401777,0.0013987438934737367
Q9Y7Z9,3,479,M,test,3,0.003809925559013227,0.013194461091996824,0.0010746388949117842,0.9178047594583117,0.001886049946696906,0.031528468551132866,0.013827677542494473,0.0034419809718224262,0.0028092630117229752,0.010622774971896813
Q9Y807,3,263,U,test,0,0.46106088040700766,0.43994736556210373,0.0008626727481128023,0.03452670937673527,0.0304102617450721,0.007629082518204306,0.00536773026446184,0.009950200069709739,0.005202582092366868,0.005042515216225689
Q9Y809,1,811,S,test,0,0.49416994858677404,0.2927860308366433,0.0005106246079259305,0.11783504440815229,0.001454634237102823,0.0402875950874888,0.006726161085306281,0.023476606144717894,0.005843789294263692,0.01690956571162496
Q9YGJ8,2,258,S,test,2,0.0001616216067602039,0.0017718669220860904,0.9581482951878713,0.00035857322402761276,0.027608606952190685,0.003103655785042651,8.787214886898607e-05,0.0006543846240138249,0.007940956783474033,0.00016416676566464284
Q9YGW7,1,229,S,test,0,0.8105747926327483,0.14419709549114662,0.0016919277150037398,0.019025695110734674,0.011427524819042812,0.0017185718068704074,0.00019585485826591586,0.005211504321942627,0.0003659050664704938,0.005591128177774332
Q9Z0E8,4,557,M,test,4,7.587585566151727e-05,0.000534976842619,0.0008959176070730555,0.001535960036314273,0.7894553094401898,0.0942869874666867,0.00020949994025380034,0.019763626529527272,0.09282520587785024,0.00041664040382431646
Q9Z0G8,1,485,S,test,1,0.29778609614910084,0.5739977540024433,0.002536411942471415,0.0013158731575772147,0.1175293363285645,0.0014452040649303,0.0011795410325495985,0.0012753879819107136,0.0003174691618929275,0.0026169261785591764
Q9Z0W3,0,1402,U,test,0,0.416895819411017,0.3916373985540542,0.0025179908970174407,0.061966032961386294,0.019498477817692195,0.02665125655073849,0.009067633746897064,0.0310370033854736,0.022974819860760328,0.017753566814963397
Q9Z258,4,1237,M,test,4,0.003399241011272761,0.009608179314135103,0.0012702036161262287,0.004468217950002967,0.9135171755180475,0.03487175324461982,2.6777377523881305e-05,0.01683819663579838,0.015241782154487916,0.0007584731779855395
Q9Z2E9,5,383,M,test,4,0.0036842283221525836,0.009706648479397216,0.018637114140124974,0.014916958421761467,0.4825387339293909,0.41273725808042716,3.966885712529923e-05,0.02360557824923338,0.03164093772412463,0.0024928737962623864
Q9Z2Y1,0,1205,U,test,0,0.8161188551455937,0.1632340438898817,0.00031511585253337255,0.0012463071902589062,0.010253374700285317,0.004282598482077351,8.800559246285886e-06,0.0029433842958709617,0.0009407620743833678,0.0006567578098691151
Q9Z325,5,84,M,test,5,0.00016359759527394643,8.487331904943364e-05,0.007412228361587781,0.010300913956192323,0.023903606762469883,0.7553297973047629,0.0002739744121009675,0.12330419726492191,0.07478778159042351,0.004439029433217287
Q9ZNV4,5,132,M,test,5,0.12222432848320623,0.18428854279580384,0.06160847720766427,0.09523489137763023,0.07344823185282301,0.3092285929516818,0.003847262978782562,0.07230952238982791,0.07146708525840606,0.006343064704174059
Q9ZQX4,8,128,M,test,1,0.21839350985452297,0.43602723923204156,0.02257328874874449,0.11508529204264648,0.01744328600064415,0.012272883406854661,0.06805273027831717,0.027228583298278736,0.06912441443960837,0.013798772698341401
Q9ZQZ9,6,284,M,test,6,2.818095932507325e-05,4.1887252048975286e-06,0.00014765766028102225,0.005370339924068017,0.0008316504077531208,0.0011705266252632213,0.9919187573761032,0.0002684199465689197,0.00016344212296346238,9.683625246905676e-05
Q9ZSK3,1,139,S,test,1,0.19656951171310272,0.5822812596048502,0.004308989942350528,0.16813483144705488,0.003985164876786577,0.0031036491586585186,0.0352429727109121,0.0023796505962122576,0.0014209541935904725,0.002573015756481728
Q9ZTZ7,6,1193,M,test,6,0.0006007339325396555,0.0006754233863959905,5.5010668984511284e-05,0.020525066928640243,0.000894790547852647,0.0008672607097532449,0.973620748173685,0.0013327865647680768,0.000808375858770706,0.0006198032286098623
Q9ZUX7,1,466,S,test,0,0.38020528601839776,0.36850757515987453,0.0003308256931323083,0.18821526172293795,0.003289420057046189,0.016705054780944886,0.012808208843859038,0.013009909121517078,0.0051749847984237434,0.011753473803866528
Q9ZUY3,6,424,S,test,6,0.030270587603586235,0.0668964086872817,0.001477934184869393,0.23716835638969705,0.012968460076772789,0.010667565261322782,0.6056306352281444,0.010339358804660031,0.013913128502342874,0.010667565261322782
Q9ZV65,0,725,U,test,0,0.5161654468513752,0.34653709113308245,0.0022106848685596483,0.015832303445763217,0.06691736877524931,0.011403579519769091,0.0027512417324164896,0.01608162595514117,0.01711880267677015,0.004981855041873195
Q9ZVH8,0,378,U,test,0,0.8924307066750491,0.10170473720637746,0.00024434452204491415,0.0019069619832575255,0.0016567972190948122,0.0003288014791022604,0.00046368440129080794,0.0007765252818497724,0.0001482024500287658,0.0003392387819045704
Q9ZVL6,6,285,M,test,6,5.149737900092122e-06,3.377280683632696e-06,0.00015497173267543495,0.004067650674990957,8.343784726012307e-05,0.0002762669853755665,0.9953212495579435,3.8051702619040056e-05,2.8499410394210002e-05,2.134507015738907e-05
Q9ZVT1,0,670,U,test,0,0.7913111067599018,0.18217015880138868,0.0001853176710914672,0.0013908863096982512,0.0029676005679228185,0.0009265300022800774,0.01901399997790164,0.0008569003136230103,0.0007329455922718898,0.0004445540039204128
Q9ZWA6,0,506,U,test,0,0.9748959454215057,0.010662209147316805,8.01448761309591e-05,0.0007603935014502842,0.010334168468468423,0.0005391996771349134,0.0006303882635684801,0.0011962667233527788,0.0004612019360767155,0.00044008198499489895
Q9ZWT2,5,140,M,test,5,0.03136386830402829,0.16401427059297266,0.06045543983285434,0.04286932347916529,0.07123391575706646,0.3732390234338528,0.06021974443283914,0.07207358876869342,0.11195729313643635,0.01257353226209124
W3VKA4,2,462,S,test,2,7.707948787041578e-05,0.0013556343225831391,0.9376080166327018,0.0016224818762253228,0.00569629723663482,0.013745008227309705,0.012761809108993707,0.0028698777712687063,0.01724010357352467,0.0070236917628877845
