id,label,length,membrane,split,prediction,p0,p1,p2,p3,p4,p5,p6,p7,p8,p9
A0A068FIK2,1,1033,S,test,1,0.00408427741220433,0.9808376382936724,0.001984331281351149,0.0023842286200577256,0.004029063022318857,0.0017787429881751797,0.000944683265389288,0.001533372436514086,0.0013531963273986658,0.0010704663529183226
A0A0A7EQR3,2,474,S,test,2,0.0007650724847049732,0.0011965962079292275,0.992457405197997,0.0005707788602348404,0.0006171591326224343,0.0011240979830623875,0.0006938906261100728,0.0005446409425275919,0.0013116394605543521,0.0007187191042571376
A0AQW4,0,356,U,test,0,0.9949543154926086,0.0011652561924183936,0.0003580829016296187,0.0008196600291528072,0.0004633937597843116,0.0004652074234542905,0.000514937698860722,0.00036089142168278175,0.00039327717945975574,0.0005049779009486679
A0AVI4,5,362,M,test,5,0.06971195666401259,0.008590199455299902,0.005089524440233226,0.017420594464414633,0.028262612801227993,0.7494742028984043,0.0035254107109754236,0.057343493105387805,0.05001588027300125,0.010566125187042906
A0AVK6,0,867,U,test,0,0.9941742019745801,0.0014472799660393868,0.00037497343883972044,0.0011986660774069102,0.00048147541603182274,0.0004890575751954143,0.0005308669746989056,0.00038991068907721276,0.0003929688032264504,0.0005205990849040967
A0PJY2,0,475,U,test,0,0.9946999346060692,0.0012334488312379696,0.0003781142508904324,0.0009731215341867192,0.0005088083458190937,0.0004912313206055304,0.000506824686983467,0.000338939389952769,0.0003840686907530658,0.0004855083435017769
A1XGB4,4,166,M,test,4,0.001807758568062149,0.0005996387084630047,0.0010280198752641947,0.001901929604642279,0.9871500083714118,0.0025887043713988065,0.0009072243620732287,0.0014272643808784136,0.0015614318825420258,0.0010280198752641947
A1Z9P3,1,1576,S,test,1,0.0026562863356046277,0.9862611838172012,0.0018671066402434606,0.00225216055971719,0.001816744557377707,0.0010514511904545008,0.0007632716984549506,0.0012682921885194783,0.0010680091744218472,0.0009954938380050912
A2A8L1,0,1946,U,test,0,0.9951414141814977,0.0008864304060220646,0.00038124895532361605,0.00075230371167456,0.0005439848322072578,0.0004953038432021366,0.0005050728934078782,0.0003724173686263358,0.00041872007985302933,0.0005031037281853613
A2A935,0,1275,U,test,0,0.9949505389941511,0.0011208852588718845,0.00033902478960794413,0.0008539745519908219,0.0004913550831605845,0.0004894394690282144,0.0005030072092087798,0.00039021516806519313,0.0003871784743767779,0.0004743810015387138
A2A9C3,9,3431,U,test,0,0.9240426308751973,0.04746574105692912,0.0007095553942317447,0.014819527795929386,0.0016627048405640926,0.0030942309737034216,0.001826124010743811,0.003192452442179052,0.0020531664818343827,0.0011338661286876292
A2AMM0,1,362,S,test,1,0.002452144441994815,0.9883001276515558,0.0013581761270126677,0.0021283806514109586,0.0008941997546310261,0.0010212081624049883,0.0009668605467387098,0.0009225847182747183,0.0008734856869860707,0.0010828322589902341
A2APC3,1,461,S,test,1,0.00318994935481129,0.987195766263348,0.00083255449132774,0.002975538608146908,0.0008260755119877887,0.001405201724081711,0.0009287817234620578,0.0009072664223747487,0.000893200597110438,0.0008456653033492417
A2AR95,4,345,M,test,4,0.0028221058772678565,0.001452695632115613,0.004607649224953779,0.0026100211346040854,0.9438651553528755,0.030104386803367526,0.0028442396903955633,0.004580730276260552,0.004680208569428223,0.0024328074387312826
A2AVQ5,3,414,U,test,1,0.10486470748467035,0.824824855087685,0.0035882731796262977,0.05070926147432707,0.0022808451305750283,0.0037899718306806515,0.0030216289793112768,0.0021934675042144464,0.002729814380348855,0.001997174948561086
A2RV66,5,269,M,test,4,0.007230904642201432,0.006739943993615002,0.03320758305911627,0.008790543939490261,0.5271192016300826,0.31475721734458595,0.013093476676042042,0.02635286660054401,0.053638676245703974,0.009069585868618366
A2XFC1,0,442,U,test,0,0.9949389734875315,0.0008260759265901167,0.0003902106093531225,0.0008759250198255364,0.0005396417647893206,0.0004952030730086309,0.0005481398494669405,0.00039946420027799003,0.00042522746098457785,0.00056113860817233
A4D1B5,7,854,U,test,0,0.9929246963440415,0.002040418110279373,0.00031536244398860366,0.0015696077703960252,0.0005000259874361068,0.0005845896120692023,0.0005448974003949363,0.0005281327208339937,0.000496134805280146,0.000496134805280146
A4Q9F4,1,727,S,test,1,0.00263865974745647,0.9886066597224468,0.0011942836328189498,0.0019196748578083924,0.0007893732622984916,0.0010215249201551261,0.0009978612934332684,0.0009228709065655282,0.0008468738763814736,0.0010622177806355665
A5D6W6,5,292,M,test,5,0.0011349953799480131,0.0011619110709861497,0.0011848275460322054,0.0009263562828052971,0.002664840375803024,0.9846178187776464,0.0013690657561964282,0.0016258058069813885,0.003977027694953402,0.0013373513086476644
A6NNB3,4,132,M,test,4,0.006430221937962115,0.001878625388014218,0.009640541718490731,0.004283450998983381,0.9358711394298661,0.019806479695813253,0.004631515543081641,0.008370227181170257,0.005351705347318364,0.0037360927592999553
A6XGK3,2,422,S,test,2,0.0006709032292824252,0.0011007444427280494,0.993914162308942,0.0006037475391525977,0.0005123939354508291,0.0009629032917904667,0.0006108642986377125,0.0004521860279706745,0.0006180650517754424,0.0005540298742698083
A6YSL1,6,525,S,test,6,0.0027614948053642833,0.003594639906668692,0.0019832108895636896,0.0015536029662156171,0.0010719537856751253,0.0025840704061577255,0.9822004931727606,0.001080361183715036,0.0009534153988522046,0.0022167574850270274
A7MAS3,1,351,S,test,1,0.022608286256494903,0.9538476888894125,0.000897406879316647,0.012982847171906214,0.0012170640405270619,0.0023459523349657714,0.001245925955810597,0.0018703565814679286,0.0019754901958116463,0.001008981694286692
A7WNV3,2,70,S,test,2,0.000731608261261654,0.0008520020788424084,0.9945931014579431,0.0004524949261428822,0.0005269576888645032,0.0006331541920359523,0.0006481690330572534,0.0004184893697512318,0.0005697771076352942,0.0005742458844656793
A7WNV4,2,70,S,test,2,0.0008112567427050999,0.0008485308933963214,0.9944178375639549,0.00047412700470704744,0.0005543105937581555,0.0006455282313043489,0.0006556938505579272,0.00042169729546320556,0.0005923700240430077,0.000578647800110012
A7WNV7,2,62,S,test,2,0.0006684159195400989,0.0009763458874267901,0.9941050191005941,0.0004814419267727251,0.0005584824372256551,0.0007283983853230413,0.0007283983853230413,0.0004852179738418126,0.0006428093238664827,0.0006254706600862462
A8B5P0,2,69,S,test,5,0.08155846421062511,0.01777659504780389,0.008869073163728525,0.05583573013150898,0.05390685681266924,0.7156528677232414,0.013107639456656103,0.01618577505250198,0.026738002323569682,0.010368996077695014
A8E0R9,1,1083,S,test,4,0.0020087906581567035,0.0007881916410136725,0.001294442014029108,0.0020484105182972385,0.9871267883778067,0.0018326003722362648,0.001230349790081165,0.0011115283938859211,0.0012644562204641228,0.001294442014029108
A8IVX2,1,524,S,test,1,0.0022713427909441574,0.9888504152709883,0.0007895678867996967,0.0021652150910514718,0.0010059355996230978,0.0010876756865641265,0.0008210207456367315,0.0009942160691686409,0.001180660911522919,0.0008339499477009259
A8MQ27,1,555,S,test,4,0.02120054274628462,0.1497706137887004,0.02677383766555535,0.01253639596308163,0.7034380858381193,0.04929273826418672,0.007170980153576495,0.015121781825342013,0.00504541477774876,0.00964960897740476
A8MUP2,3,240,U,test,1,0.002653803285315341,0.988290576109683,0.000701858623593447,0.002677638857468239,0.0007708409901426755,0.0012174493509826737,0.0009593269475360235,0.0008466030941874077,0.0009593269475360235,0.0009225757935552455
B0BMY1,8,293,M,test,4,0.008593937083963159,0.0018119729892388044,0.0034117618323414325,0.01137400379061546,0.8680864867416941,0.028678136814142954,0.0029641901045887905,0.030290149964105256,0.03844020009795441,0.006349160581355698
B0FHH8,2,151,S,test,2,0.0007269727393497253,0.0012909165364031357,0.992159331841399,0.0007529849271932078,0.0009298122860638544,0.0014713962512451374,0.0007101323905226484,0.0006802652258472711,0.0006465829565863277,0.0006316048453896006
B2D6M2,0,612,U,test,0,0.994786416363641,0.0011311459241816028,0.0003722845279355528,0.000978925300354867,0.0004743027535862299,0.0004743027535862299,0.0005128435652368558,0.00036366053776850743,0.0003811129725431772,0.0005250053011660397
B2RNN3,2,333,S,test,2,0.0015207304501053058,0.0012755910962115185,0.9919370487597683,0.0008767000465614638,0.0009742166221934052,0.0009442430526413649,0.0006935268227134205,0.0004272694673465679,0.0007528162152442208,0.0005978574672144921
B2RXS4,4,1842,M,test,1,0.002661524574254739,0.9890508981998315,0.0008948790293865659,0.001738453248837933,0.0011490474152306572,0.001079430127521808,0.0007476993999847908,0.000986679138321274,0.0009378251617352788,0.0007535637048955037
B2RYG6,1,271,S,test,1,0.004315478912047959,0.9813861804321786,0.000670255351034838,0.005778825000119026,0.0008539275176188114,0.0020807244392199256,0.0011855609874789844,0.0012719211272192292,0.0013860612205685789,0.0010710650125139694
B3A0P0,2,47,S,test,1,0.06894264286485707,0.664410237627341,0.1425706135898579,0.05123381808128512,0.019219608958456407,0.016895120721494253,0.010327779747323426,0.008234024837710484,0.008234024837710484,0.009932128733963947
B3A0P8,2,318,S,test,2,0.03268288929037989,0.06480754381107894,0.5798840714487103,0.047553321056201026,0.011941452905462661,0.19729562756046168,0.015696742159532706,0.006646419629406088,0.03261911604365205,0.01087281609511466
B3A0Q1,2,203,S,test,2,0.000820965623575431,0.000847025951946193,0.9945947053376665,0.0004742113284175832,0.0005087544926559316,0.000618488223211383,0.0005653439846788457,0.0003962183831674446,0.0006635409560088891,0.0005107457186717841
B3A0Q2,2,296,S,test,2,0.0008878763667565408,0.001289331721172714,0.9928786590674754,0.0006834228465624012,0.0005199206827851188,0.001133395388581852,0.0006675912953283083,0.0005158746103770617,0.0008439146267629849,0.000580013394197588
B3A0Q4,2,185,S,test,2,0.0007287347695633666,0.0009430528743044586,0.9945640572648531,0.0005008516022651907,0.0004950165170841646,0.0006257594801361202,0.0005248879901991062,0.000408783147934111,0.0006819140404828772,0.0005269423131775189
B3A0Q9,2,121,S,test,2,0.0009393292441996381,0.0008321996256136849,0.9945143751130292,0.0005228154585459333,0.0005565341639240217,0.0005832427467112534,0.0005719618120112873,0.00037510174532676637,0.0005565341639240217,0.0005479059267142213
B3A0R3,2,264,S,test,1,0.011612089299450233,0.9517446714259803,0.0025112905894139497,0.014910218239926233,0.00201787868553314,0.006995106550653692,0.002377642308088205,0.0015471612500501648,0.0022865561667260326,0.003997385484178009
B3A0R5,2,214,S,test,2,0.001344635877682034,0.0024852697321188183,0.9861214961309016,0.0016474823110331608,0.0011278825347268828,0.003494539137700103,0.0010513022061357964,0.0008513704700795867,0.0010762330134829363,0.0007997885861390233
B3A0R6,2,513,S,test,4,0.0012034618057643277,0.0005553063970033165,0.0013637008481153733,0.0011573578494491845,0.9884516423591503,0.003176898215460072,0.0008873770603430964,0.0011130201462593433,0.0010537864053090787,0.0010374489131459736
B3A0R9,2,119,S,test,2,0.000692307270841714,0.0011259224812933235,0.9940682104838069,0.0005455249621526017,0.000530810357318379,0.0007783819611157165,0.0006230090170538176,0.00045580318377244416,0.0006038410607424822,0.0005761892219026251
B3A0S3,2,489,S,test,4,0.0011670967608196049,0.0005385266135751862,0.0012088571521406337,0.0011762502655093198,0.9890122048220088,0.0027969866069308927,0.0008538661772706448,0.0011049848740663309,0.0011311888010466424,0.0010100379266318902
B3A0S4,2,195,S,test,2,0.000633146533224607,0.0009560510474724924,0.994581099962556,0.0004632199386843812,0.00047051458137022074,0.0006481612584139607,0.0005500872814102211,0.00045961513804016325,0.0007090904801665689,0.0005290137786614293
B3EWF4,2,109,S,test,2,0.0007256301608552431,0.001723780097023551,0.9903269600360595,0.0008483475702788389,0.0008319391213904548,0.002048914592954203,0.0007199832027309142,0.0007033048449136898,0.0014600985731133569,0.0006110418006803255
B3EWF5,2,111,S,test,2,0.000675132900561137,0.001411226223536597,0.9923968500639858,0.000710302437716117,0.0006965639734670436,0.0012836819361442269,0.0006467377461397654,0.0006171215113115849,0.0009595573820570215,0.0006028258250807028
B3EWF6,2,108,S,test,2,0.0005923711806105662,0.0010056911655852464,0.9944197917831056,0.0004910929899410647,0.0005674568455902189,0.0007517581978193653,0.0005248118160896821,0.0004524160641490488,0.0006531388749949534,0.000541471082114245
B3EWT2,2,40,S,test,2,0.0011583095477324895,0.0019228291649853082,0.9892644734855022,0.0008342991305352086,0.0009565286318027377,0.0018204981257287389,0.0012671945362847678,0.000702550290909571,0.0012091654608356412,0.000864151625683313
B3EWT3,2,51,S,test,2,0.0011028611997794182,0.0008664914828591217,0.9938823725835356,0.0005583573694317852,0.0005475577533465537,0.0006502408937747371,0.000670881795059403,0.0004181903306173997,0.000655340757754275,0.0006477058338416567
B3FIV1,2,99,S,test,2,0.0008738752907866084,0.0007987866606172523,0.9945513591726175,0.0004560247208948993,0.00055222369550994,0.000604134561784075,0.0005742217648845307,0.00040244038457250216,0.000628200574477087,0.0005587331738555842
B3VZU0,2,67,S,test,2,0.0006980755372076023,0.0008687690287744502,0.9945503579864553,0.0004560242590047122,0.0005248807461590814,0.0006609246158732705,0.0006481411664279086,0.00042839515010080655,0.0005924489523216856,0.0005719825576751463
B5A9S9,2,59,S,test,2,0.0006805943868821307,0.0012444911594133615,0.9926394171695397,0.0005238722003751481,0.0007988097075933992,0.001295330538988231,0.0006886170313646385,0.0006196882264450868,0.0008338816815416129,0.0006752978978567016
B5BUZ8,1,675,S,test,0,0.9948359251284293,0.0010249544375379627,0.000387133866396548,0.0008243786474652806,0.0005545436604653117,0.0005209456181189602,0.0005270862932205189,0.0003901702106749823,0.00040571284865135825,0.0005291492890397864
B5X0I6,0,1091,U,test,0,0.9898842830722148,0.004077159440057019,0.00032948499704244275,0.0016586209380419204,0.0006155590686920858,0.0007751058639534936,0.0007660756436197444,0.0007965925822544892,0.0005827995634469789,0.0005143188306771054
B6GX22,2,445,S,test,2,0.0026117267808839404,0.0052054641331365,0.9668797019226182,0.0028796475901851025,0.0013549460740415568,0.007030416510050887,0.0044081234078510775,0.0008027789511673744,0.007440116992697521,0.001387077637367881
B6RGY0,6,260,S,test,6,0.0020490003477641526,0.002007407716855268,0.0012163657679156714,0.0011075138395255511,0.0007582147509652025,0.0018047081643627876,0.987411023798764,0.0009547365501447826,0.0009622246160355491,0.001728804447666993
B6TVL4,6,395,M,test,6,0.0025183481012805977,0.0026495355929099904,0.002279585869999972,0.0030406754650103176,0.0008874832784273627,0.0018352797038007553,0.980876838965973,0.0012369710881749152,0.0011574964453870196,0.003517785489036021
B8B0E2,6,1246,S,test,6,0.010521289993376167,0.020399496211803234,0.01453798894575372,0.018161414620298997,0.0044289674839424024,0.01135403014509561,0.8914541494560063,0.004160629722649819,0.0024459083031018,0.02253612511797193
B8YG19,2,671,S,test,2,0.000679285294646005,0.0009051952317315669,0.9946077296641828,0.00048736336519864855,0.0004596274426873672,0.0006406270824455516,0.0005587648723629368,0.00040561978233406436,0.000679285294646005,0.0005765019697650541
B9DFZ0,6,386,S,test,0,0.9946034693598981,0.0011101471353321857,0.0003962218711203683,0.0010317438502796762,0.0004892687504327471,0.00048546127040600924,0.0005522526494166004,0.00039007904121665454,0.00041849375498985165,0.0005228623169078784
B9V5F5,1,649,S,test,1,0.001802601734373124,0.9881866570261012,0.0008940971452825074,0.0018096569685342489,0.0011480434327365188,0.0010997581989680004,0.0007354642727209575,0.001740330131015373,0.0017100056859216397,0.0008733854043464119
C0HJQ5,2,57,S,test,2,0.0006631250099979661,0.0009629585483473916,0.9939711623992357,0.0004889577361905725,0.0006402170941591758,0.0009117108942047319,0.0006302914074707532,0.0005084355910098147,0.0006402170941591758,0.0005829242252248012
C0HJZ6,2,66,S,test,2,0.0006403246352028397,0.000944491865254447,0.9941381639052996,0.0004558352714646365,0.0005739832075534926,0.0008000157881069195,0.0006923559998460252,0.0004558352714646365,0.0006710544397670773,0.0006279396160403185
C0HJZ7,2,66,S,test,2,0.0006403246352028397,0.000944491865254447,0.9941381639052996,0.0004558352714646365,0.0005739832075534926,0.0008000157881069195,0.0006923559998460252,0.0004558352714646365,0.0006710544397670773,0.0006279396160403185
C0HJZ8,2,66,S,test,2,0.0006791441318688728,0.0008720383720860616,0.9944011008727676,0.00043507607647021987,0.0005877502513500953,0.0007061981780221781,0.0006159570419551795,0.00043848844219134117,0.0006764963819384285,0.0005877502513500953
C0HJZ9,2,66,S,test,2,0.0006556624042345985,0.0008892101357140006,0.9943701610055815,0.00043847478180295473,0.0005652163614082429,0.000720104287884438,0.0006608048770621605,0.00044537978281164995,0.0006556624042345985,0.0005993239592658899
C0HK00,2,66,S,test,2,0.0006230393262686154,0.0009426284638002136,0.99411652970051,0.0004666349757565345,0.0005650721733349171,0.0008189698841047518,0.000708759254550156,0.0004594004321348899,0.0006710398714178759,0.0006279259181220908
C0HK01,2,73,S,test,2,0.0007202605217040856,0.0008387870405770641,0.9945859152027007,0.00043177053591210614,0.0005373470720262455,0.0006456373658262007,0.0006041555580463552,0.0004184863538535134,0.0006456373658262007,0.0005720029835275049
C0HK02,2,73,S,test,2,0.0007174554048523688,0.0008371536969694514,0.9945899248702097,0.00043177226328010277,0.0005352543085193758,0.0006356302183491428,0.0006136720767601901,0.0004217702662817767,0.0006431228248776823,0.0005742440699002615
C0HK03,2,73,S,test,2,0.0006981031034616273,0.0008453689511654112,0.9945896859305959,0.0004284120803100932,0.0005394523029497581,0.0006406154713404293,0.0006088963706936238,0.0004250781783251659,0.0006456397820051574,0.0005787478291528542
C0IW58,2,330,S,test,2,0.015044168821345119,0.0505470530221676,0.47538051806096854,0.042726264120147336,0.02240822501792391,0.2666643008589348,0.024040515006267717,0.013380562179582304,0.07790747415491803,0.011900918757744634
C4LY96,1,1151,S,test,1,0.005018983929608466,0.9829626289063847,0.0009104613232405786,0.005384582951489079,0.0007258830445689168,0.0012542133823582047,0.0009033760546345544,0.0009767823105228189,0.0010077888298879877,0.0008552992673045993
C4M1E4,1,1153,S,test,1,0.004820270088132142,0.9835704990545696,0.000829497112968434,0.0051111467855618365,0.0007263319582818953,0.0012599008805696341,0.0008625404935480491,0.000962233561531714,0.0010084120236416522,0.0008491680411950215
C5J888,2,75,S,test,2,0.0007373191358107659,0.0008553050777472769,0.9945563313542183,0.0004454631813163587,0.0004930826952148146,0.0006481450553864146,0.000676601966573915,0.0004317576633606437,0.0005994361850881558,0.0005565576852834188
C5J8E3,2,62,S,test,2,0.0006328635382441194,0.0009500407729342368,0.9941365256732811,0.000459409672740457,0.0006279385876925969,0.0008616495229636129,0.0006254904897101371,0.000485233357881771,0.0006378271968929917,0.0005830211876589589
C5P3X6,2,276,S,test,2,0.0007784162221224084,0.00094816345114843,0.9941119003891713,0.0005370909696241605,0.0005606721751571439,0.0007906744652669887,0.000608603858719603,0.00038685212672919986,0.0006923377380542266,0.0005852886040065706
C6Y4C9,1,138,S,test,1,0.002596703469604476,0.9884492293502971,0.0008533800903002945,0.002099796333115277,0.0008600732142932994,0.001029372865709183,0.0008533800903002945,0.0011755807242114248,0.0012224106478753187,0.0008600732142932994
C7AU21,6,278,U,test,1,0.016863730626905195,0.8515347313003838,0.02228633921922187,0.04223013408691959,0.005024006745926619,0.026375377786002328,0.013576881122339169,0.0037044703537401176,0.00334671002652539,0.015057618732035868
C9JLW8,0,97,U,test,1,0.003931272378829745,0.9847625693874429,0.0018642695372079866,0.003400986438669059,0.0007048381830056376,0.0010498535227207206,0.0012565099066694587,0.0010335769161394772,0.0009785709149491592,0.0010175528143658349
D0VWU3,2,499,S,test,2,0.0008408527618470796,0.0010733685093232716,0.9931482983124813,0.0005939292790682534,0.0005450201158339508,0.0010024453826663765,0.0007305455156778301,0.00042446215101146225,0.0010063690447958756,0.000634708927294629
D0VWV4,3,169,M,test,3,0.0017190200068929427,0.0018227530394964388,0.0015713114374379744,0.9856652827378866,0.0021645726253769026,0.0013026629529956165,0.0018732815945568429,0.0008918157778568555,0.0015530050123824986,0.001436294815117353
D2CZZ9,8,281,U,test,2,0.0009464367016094573,0.0020880037565011826,0.9903651904200512,0.000984138326813452,0.0005434927787773545,0.0016194038051619132,0.0008550342609631497,0.0006607192805811466,0.0012611929346453897,0.0006763877348957565
D2Y171,2,76,S,test,1,0.004924942278123073,0.9816495521171755,0.0030579660678669083,0.0031797816752713376,0.0011858792244946775,0.0011315737999848226,0.0013973070478290061,0.0012922977399644612,0.0011584083491348249,0.0010222917001553803
D3Z3K2,0,276,U,test,0,0.9929505151144316,0.002223579547042027,0.00030806510083427864,0.0012339877735992445,0.0005240363839730587,0.0006078928294692766,0.0006078928294692766,0.0005961351167226392,0.0004517476032417471,0.0004961477012168659
D3ZAW2,3,406,U,test,3,0.0016299652704397118,0.0018148096356480333,0.0013672171685131075,0.9871368450722731,0.0016849937455664353,0.0010441950334509854,0.0015074714384712795,0.0007580042616517933,0.001519294695022272,0.0015372036789633027
D3ZD32,0,1948,U,test,0,0.9951463186183952,0.0008812560562150756,0.0003812508597989883,0.0007067274308206796,0.000548254107869799,0.0005011447859836407,0.0005110289705212183,0.00039029193548524143,0.0004286518602694254,0.0005050753746407143
D4AK17,2,305,S,test,2,0.0006281798260281248,0.000928389599412078,0.9945185075731551,0.0004723263802555525,0.00045600966811228013,0.0006926208825743568,0.0005994133692126618,0.00044544622986980337,0.0006430766787993572,0.0006160297925807377
D4AL26,2,365,S,test,2,0.0016414921679771273,0.0025189151692442354,0.9883098851962999,0.0014887686496440782,0.0008400313302742782,0.0019974967503753483,0.0009371225842455869,0.0005215872792974627,0.0009975616373669909,0.0007471392352750076
D4ALW9,2,271,S,test,2,0.0007875977663392773,0.0009298312560216264,0.9941193025435917,0.0005226078249938404,0.0005413074415746481,0.000757425362775793,0.0006230410589374528,0.00039913509903374074,0.000708761260374699,0.0006109903863572193
D4AMW3,2,190,S,test,0,0.9901510669350894,0.0032387946138382343,0.00045400707112421424,0.0027273387270436867,0.0005104538999794906,0.0006352701181265773,0.0006895792121282585,0.0004908986843155371,0.0005104538999794906,0.000592136838375165
D4AR77,2,930,S,test,2,0.0007746137611338947,0.001389691626966494,0.9931276353380605,0.0006970769129725574,0.0005119884383649138,0.0011537836769262616,0.0005801588014147883,0.0005450087690143634,0.0007080542367813114,0.0005119884383649138
D4AS12,2,422,S,test,2,0.0006428327420862741,0.0010608876291036571,0.9941413181197424,0.000578486906281339,0.0005006386970730706,0.0008803660498255059,0.0005968500852154353,0.00044527730138023923,0.0005991860169435936,0.0005541564523484734
D4AS41,2,588,S,test,2,0.0007017338640269196,0.0012756491763567912,0.9919821608439295,0.0006073000251696212,0.0006314920603396697,0.0010091214196184634,0.0006314920603396697,0.0005034694325836964,0.001801150848854856,0.0008564302687807588
D4ATH2,2,417,S,test,2,0.0008546917239082352,0.0020149423728957156,0.9899684275240122,0.0007367904106009213,0.0005306901658620386,0.002480388556685001,0.0008580369184108917,0.000596670998764949,0.0013900139393288678,0.0005693473895312792
D4AUH1,2,882,S,test,2,0.0008742326796890437,0.002036128668756853,0.989145283767034,0.0008473353269030438,0.0005179657626145708,0.0027379044465478493,0.0010795332544181026,0.0006055632868588038,0.0015164505531651577,0.0006396022540125175
D4AUX6,2,442,S,test,2,0.0008347833252026673,0.0009874647696339015,0.9937126957827909,0.0005850535775473676,0.0005285519197515296,0.0008579243650117448,0.0007224447411599894,0.000445085327717553,0.0006707672765383555,0.0006552289146460277
D4AWC9,2,495,S,test,2,0.000755425472986039,0.0014030753971852623,0.9914944450408392,0.0007041339346531302,0.000557015831480032,0.001277514615660438,0.0007613503720368236,0.0005702250111693171,0.0016307779249315234,0.0008460363990583213
D4AZ24,2,909,S,test,2,0.0012341543978703353,0.002305704056664966,0.9863189974400716,0.0011414061897075012,0.0006631807537945172,0.002544715435078511,0.001243834099555564,0.0009574131609264889,0.0026480244925435395,0.0009425699737870505
D4B1Z7,2,565,S,test,2,0.0006745724776454165,0.0013285102232222156,0.9915730885687487,0.0006023254204499492,0.0006693229615740253,0.0011746983429510318,0.0006070495541775135,0.0005315503767812978,0.001989467055957785,0.0008494150184920548
D4B528,2,373,S,test,2,0.0005924599405376731,0.0009941235453455235,0.9945688516586805,0.0005543947486158204,0.0004873442944588271,0.0006792586829697048,0.0005543947486158204,0.0004317631072221535,0.0005764794342554347,0.0005609298392985896
D4B5D3,2,197,S,test,3,0.0038868507992122735,0.005419587272565784,0.001974379186066343,0.9797381201992935,0.0016114414967124736,0.0013307235257129606,0.001959014691829915,0.0009004126222646138,0.0014165479281068435,0.001762922278235296
D4N4Z9,2,424,S,test,2,0.0011344408195537255,0.0016194666533176625,0.9918554275473722,0.0009044550649789025,0.0007888797909140167,0.0011958703936780694,0.0006934698051803373,0.0005317017442433541,0.0006643032837604661,0.0006119848970011998
D6PVB4,4,321,M,test,4,0.0015876090215651488,0.0005795035986568774,0.0009045923632166092,0.0018308993250226978,0.9842861514577177,0.004702840467174522,0.0009629336631566737,0.0017233332080943246,0.0023809573589542044,0.0010411795364412436
D6PVB5,4,320,M,test,4,0.0015267814690016453,0.0005573005588482483,0.0008905637144399345,0.0018927024425805289,0.9842814327762505,0.004567039066073826,0.00097048138350203,0.0016703039925516521,0.0026022200039225413,0.001041174592829159
D8QLP9,2,393,S,test,8,0.014650572272221116,0.04968338950296266,0.23460819115540896,0.02106811370817362,0.044994921912699284,0.1575084844017712,0.04365318417462974,0.01823293138033596,0.38680351779405636,0.028796693697741113
E7EKD0,2,62,S,test,2,0.000867080899976453,0.001360119127206246,0.9926178148196141,0.0006221000402612856,0.0007132413073338483,0.0012852221635758808,0.0006859174081449574,0.000532110411793413,0.0006967190623026999,0.0006196747597910802
E7EKD4,2,59,S,test,2,0.0009137906371241977,0.0016872964897166544,0.9904183567353693,0.0007033697467546086,0.0009880433637863186,0.00200763132489656,0.0008418234345018527,0.0006607547496834074,0.0010154328650181653,0.0007635006531489576
E9QAM5,0,2947,U,test,1,0.40838625802980527,0.5082448918189554,0.002228382101523511,0.05792148329328283,0.0033714347201926863,0.006033755831100113,0.003972521205726162,0.003702796705103831,0.0035332333783852756,0.0026052429159249034
F1LW30,4,956,M,test,4,0.0012614513084425942,0.0006052510150238965,0.001104563745462349,0.0019159845345711143,0.9886352313836697,0.001990364024634234,0.0010705799035432583,0.0011575727599999655,0.0011758018847043685,0.0010831994399484646
F1NZP5,4,252,M,test,5,0.001397419434111689,0.0014875451535006682,0.0016084200024643542,0.0017255825994796723,0.0050421387348535095,0.9740885931591061,0.001312754175637104,0.0017734176573567535,0.00876323172881745,0.002800897354672731
F2Z699,3,582,M,test,3,0.0022000824619918943,0.0023998565140612126,0.0015120931559008154,0.9863030546957591,0.0013714090778620843,0.0010680544907554325,0.001414942239239556,0.0007875338964485114,0.0014484966282407481,0.0014944768397407095
F4HQA1,0,589,U,test,0,0.9946498630865049,0.0013850421442068717,0.00032340197933908884,0.0009248922910080733,0.0004489991858214198,0.0004742376501471826,0.0005067991623469561,0.0003962403421574162,0.0004088183778468113,0.0004817057806212138
F4I2J8,0,716,U,test,0,0.9948411822837901,0.0010942651540296825,0.00037522499812648474,0.0008639460765957342,0.0005128717839143381,0.0004893856934778828,0.0005353895317966136,0.00037230501109652406,0.0004025576832582041,0.0005128717839143381
F4I443,0,714,U,test,0,0.9941687931711463,0.0014363599977952172,0.00028750054030608296,0.0010292806324198411,0.0004666595068098025,0.0005371216872480077,0.0005520112656382129,0.000562898776162309,0.0004703195173445874,0.0004890549051297129
F4I5N6,1,220,S,test,0,0.9937200840102627,0.0018702367640845638,0.00034126125237443,0.0011477271667125984,0.0004965322006166888,0.0005368793076331895,0.0005560896989478245,0.0004181220261616393,0.00042803749776463076,0.0004850300754417711
F4I6M4,1,821,S,test,1,0.10096542375008244,0.8322667941855246,0.0011216245877109243,0.028701966167326162,0.004102731988977522,0.009391247143969859,0.003824166659296607,0.009938525807634397,0.00757561425615163,0.002111905453325837
F4I8Q7,5,416,M,test,5,0.0020366196452826935,0.001346123485956599,0.0011787051026233648,0.002254332589541465,0.004728351595825619,0.968117986593099,0.0014107252567292677,0.006703954945738676,0.010302485628279477,0.0019207151569238736
F4IPE3,0,445,U,test,0,0.9950921790059081,0.0009621635209111769,0.00039333167211555816,0.0007234476109707743,0.000539724845276742,0.0004952793369113508,0.0005130011835987691,0.0003695008730513296,0.00041220806778673115,0.0004991638834694474
F4IUY8,0,1006,U,test,0,0.9771851014108096,0.011737643681445722,0.0004622849065327242,0.003920117063982699,0.0009559866461698408,0.001469138304065912,0.0010917708790618547,0.0012615389032988556,0.0011176615341979073,0.0007987566704348925
F4IVV0,1,224,S,test,0,0.9914744700179211,0.0029184953335809134,0.00035962919346324996,0.0019130616362383257,0.0005191854270868353,0.0006411083094179698,0.0006436175254670607,0.0004915547720910349,0.0005032117302443051,0.000535666054489158
F4IW47,6,741,M,test,6,0.0021735299793606295,0.00267479340995966,0.0015158875901957,0.0015701284000534865,0.0008113961821735108,0.0017584603382725613,0.9849231431176182,0.00107913233537433,0.0009635568314724742,0.0025299718155194282
F4J8D3,1,1176,S,test,1,0.02361636271501128,0.9360110899211629,0.0009228878326399302,0.021502945892556694,0.0019845206120538803,0.004560391952252268,0.0027768433042145266,0.0029675036645308685,0.003946690413306511,0.0017107636922711685
F4J8K6,0,1920,U,test,0,0.9947358691421802,0.0011923364034639988,0.00032091302843107985,0.000734577168001003,0.00046329201899932134,0.0005332458384359181,0.0005654242548619457,0.0004893338638390268,0.00044207631671194835,0.0005229319650755641
F4JCC1,0,992,U,test,0,0.9948252197650835,0.0010899815119721264,0.00038411707677506624,0.0009506988897976046,0.0004932160261883108,0.00047991240208131793,0.0005189090065849992,0.00034164078886577244,0.00039941853351459217,0.0005168859991367164
F4JI44,0,913,U,test,0,0.9950609722401128,0.001071242956128065,0.0003286305846504421,0.0007405805457784453,0.00047443367272013,0.0004914096167455636,0.0005011018324932255,0.0004154279852546633,0.00042861510535051306,0.0004875854607660922
F4JL28,0,234,U,test,0,0.9950717332510883,0.0010024272148153816,0.0003723912904338665,0.0007914379430724182,0.0004991536382380823,0.0004933382853183853,0.0004991536382380823,0.00039640841219259305,0.00039951751626791004,0.00047443881033492187
F4JYE9,3,530,S,test,3,0.002382998885309992,0.003587800641491235,0.0015506468902867488,0.9841686159250624,0.001336741181183308,0.0011796700158206261,0.001770894324219468,0.0009779806980918491,0.0014510188879839167,0.001593632550550394
F4K1J4,0,1423,U,test,0,0.9950568135211586,0.000991701679023014,0.00036948773285193343,0.0007945235058107461,0.0004914075574248446,0.00048758340116401285,0.0005109829696943256,0.0003842065013037186,0.0004121934158908841,0.0005010997156779416
F4K2R6,0,563,U,test,0,0.9939743235113252,0.0009667305816185632,0.0005286910113614293,0.001419001749427789,0.0006841769931831981,0.0004776325350711317,0.0005897974098456075,0.0003257170691470749,0.00040854071541297115,0.0006253884236070404
F4K5W8,2,836,S,test,1,0.0025708763526623474,0.9867751171912085,0.0012444092227843063,0.002184006089302718,0.0010519990116773803,0.0014720113227487946,0.0012014205335577467,0.0009653686014258039,0.0011024854302879585,0.0014323062443444637
F4K6F1,7,517,M,test,7,0.00221995592528909,0.002677778042345828,0.0028616362544503053,0.0020134125576797297,0.004946879161908916,0.004722650676918363,0.002918077197017939,0.9645928839319587,0.010185089997980734,0.0028616362544503053
F4KFS7,5,550,M,test,4,0.01820735721549259,0.005520488868528438,0.003914612534977358,0.026459229528792143,0.5947575261140162,0.17308429721778582,0.005434901251098947,0.05663297227110207,0.10416397956807813,0.011824635430128353
F7BJB9,0,942,S,test,1,0.0023227330746457514,0.9858712151707312,0.0014592180364467295,0.0030472174906113966,0.0009720488636867228,0.0016278755419689257,0.001333833268435141,0.001010770868245141,0.0011453533776283312,0.0012097343076006655
G3HIK4,2,492,S,test,8,0.02603423803514628,0.1100372308775178,0.2047751414058509,0.06421549672068978,0.013401277475628534,0.24128407442155916,0.06885953305264543,0.010436925193231857,0.24894325643823417,0.01201282637949608
G5EBZ4,0,1829,U,test,0,0.9946926793427966,0.0013559922404320988,0.0003184018020088397,0.000731681514545545,0.00046327188878199046,0.000514802260760752,0.0005311438296470987,0.00047425806152595813,0.00042845645875142315,0.0004893126007497414
G5EFF5,0,753,U,test,0,0.9950307901876304,0.0009361531396609379,0.0004121826326817261,0.0008197230296453519,0.000567805504452274,0.0004762761086428225,0.0005089775809646008,0.0003443914567441016,0.000372375983812788,0.0005313243757649781
G5EGM3,0,1744,U,test,0,0.9949485638056053,0.0009695699532640512,0.0003902144024086119,0.0008589913400425231,0.0005333598545457338,0.000516950066248797,0.0004990918384340535,0.0003665725155523941,0.00040575878825694777,0.0005109274356416436
G9M8X1,2,687,S,test,4,0.013974817821868329,0.005607871106313295,0.005607871106313295,0.015998755849949423,0.8929080593079248,0.033687936608574186,0.002841930718658569,0.012539185995241835,0.0072006482440709636,0.009632923241085294
H2A0K6,2,238,S,test,2,0.0011499807056620794,0.0020425682977793735,0.9898542805591671,0.0009533675080430654,0.0006707778113765592,0.0019052781947423438,0.0008680510256655909,0.0006301374551776358,0.0011772516934126108,0.0007483067489736314
H2A0K9,2,223,S,test,2,0.0011564987815190244,0.0013895651635948737,0.9915836938666139,0.000641178972838309,0.0005233150382714528,0.0007014520155103652,0.0008901888987214614,0.0005929936239347575,0.0016309247402743466,0.0008901888987214614
H2A0L9,2,332,S,test,2,0.0008017656671938934,0.0008944343025106891,0.9943686328795215,0.00047782201238693374,0.00047410356141341546,0.0005652154910152535,0.0005630119235514805,0.00041190832522337693,0.0008822888663618,0.0005608169708216969
H2A0M3,2,781,S,test,8,0.04991051315293515,0.09037626101227715,0.1989481353705479,0.07333201563302538,0.0077140565055665465,0.1675311246627449,0.057604645409957286,0.01087856333679891,0.33058263265992927,0.013122052256217515
H2A0N4,2,1014,S,test,4,0.012112446856920442,0.03403660859480617,0.03123374657200338,0.010100581358640918,0.8778156569405551,0.016676436248822268,0.0029509411569085945,0.005385373111215015,0.0031412601960928016,0.006546948964035332
H2A0N6,2,100,S,test,2,0.0006183249392115362,0.0010134896107722564,0.9943321283665462,0.0005066372376229997,0.0004631039585252084,0.0007257244239832781,0.0006305203179408967,0.00045237616962905017,0.0006790970582962789,0.0005785979174723664
I0IUP3,0,830,U,test,0,0.9930617943778726,0.001579242335805611,0.0004311088796099392,0.0018364311273681084,0.000536523676220435,0.0005079704333554027,0.0005915622184773423,0.0003956077087267328,0.0004517982387472355,0.0006079610038166364
I0IUP4,0,1169,U,test,0,0.9944160800154984,0.0013556151603216036,0.0003335894308402247,0.0011230216634852352,0.0004454003478323036,0.00048726943688416104,0.0005330744114026366,0.000383959108162357,0.00039306441579896475,0.0005289260097740701
I2C092,2,855,S,test,8,0.013437304513369795,0.05780175615740076,0.03495597562635511,0.056794586752038564,0.03592499061150085,0.024522650908282654,0.042565744725905075,0.012045121729527278,0.7000556033991964,0.021896265576423542
J3KML8,7,504,M,test,4,0.002122049527713334,0.0006079773517000869,0.001034204302574625,0.002661645972147765,0.9776921617716517,0.005612737697486986,0.0012281480446391427,0.003925982535762677,0.0037556569021942408,0.0013594358941294246
J9VQZ4,2,594,S,test,2,0.0007516815640629288,0.000917388982177174,0.9943184631423984,0.0004948942398890697,0.0005007278693940169,0.0007458319856602021,0.0006454637092890475,0.0003839214016859758,0.0006764401358591002,0.0005651869695840868
J9VY90,2,624,S,test,2,0.0007170970730441505,0.000966846199185846,0.994093193295871,0.0005165056589396937,0.0005045408405272851,0.0008649841820707655,0.0006815911539721309,0.0003929367811107675,0.0006950343306652752,0.0005672704846130895
K0P7H2,2,125,S,test,2,0.0008178891790956216,0.0008147004469918876,0.9947457387072912,0.0004798740591472018,0.0005249838034315584,0.000569864529672358,0.0005501782911522689,0.00038709878858420683,0.0005743340049486385,0.0005353381896850159
K4C9E2,6,498,U,test,6,0.0018521946252479356,0.0018961182444728413,0.0012557077527428403,0.0011388775216970089,0.0007071451121688558,0.0014340632511829386,0.9879855937409088,0.0010288900671463913,0.0008974139148715218,0.0018039957695608541
K7WDL7,1,388,S,test,1,0.004547806387088232,0.9782241027587364,0.0010187244007910637,0.008430301150885123,0.0007933834215962981,0.0022077830238187877,0.0013601756217962184,0.0009421660270856399,0.0011364691717351866,0.0013390880364670878
K7ZGS2,2,63,S,test,2,0.0007255395706956048,0.0009687223482276519,0.9940788281414499,0.0004776827467539146,0.0005650507350540312,0.0007398495177249871,0.0007227108527911418,0.0004558080442470158,0.0006427923687914971,0.0006230156742642989
M9MSG8,4,2551,M,test,5,0.005301853182995737,0.0017776334448198286,0.0016699320425243643,0.002458377744425339,0.023784473568856393,0.9500674021489385,0.0014283686196096305,0.004674301954384116,0.006051950164438627,0.0027857071290075287
M9P2C1,2,91,S,test,2,0.0007683127963584795,0.0008226709531998803,0.994716013793607,0.0004650959862677966,0.0004817378188783234,0.0005971950746305089,0.0006234150653980816,0.00041205221665072535,0.0005676258731769306,0.0005458804218322646
O00267,0,1087,U,test,0,0.9939179891978368,0.0017572746980108133,0.000333422345094104,0.0010210130615233004,0.0004927662900651645,0.0005454425376686075,0.0005454425376686075,0.0005005262447479699,0.00040851759450404436,0.00047760549288059564
O00463,1,557,S,test,1,0.0025089541241728403,0.9868079022221893,0.0008193248403743348,0.0036827326754045988,0.0008129488902578467,0.0015010939324623812,0.0009960456675540583,0.0008519630367017936,0.001068601160300883,0.0009504334505820353
O00623,9,359,M,test,9,0.00935874875002192,0.04697392859042655,0.012111119869579003,0.010119219263460398,0.009769646405383728,0.013912613438849275,0.009469064839794,0.010440437074562362,0.008655426983463452,0.8691897947844593
O00841,0,802,S,test,0,0.9919723176763265,0.003048162412336627,0.00040139679526728756,0.0013368555681518282,0.0006072940246372507,0.0006072940246372507,0.0005840288884555467,0.0004995464066349127,0.0004513025589583806,0.0004918016445943403
O01583,1,1592,S,test,1,0.003960325800593276,0.9862447262187105,0.0007752784783671002,0.0035534817297261487,0.0007692452543861135,0.001168385948877788,0.0008923400784426837,0.000871669083109853,0.0009063923389404538,0.0008581550688460645
O04147,1,181,S,test,1,0.004032347982201876,0.9766173231141774,0.0008366033975702973,0.00822148783344866,0.0011083194160223441,0.0030901988528520725,0.0014568584817008315,0.0014342719318887643,0.002111452474336887,0.0010911365158009145
O04193,1,200,S,test,1,0.0030863217337289846,0.9873716020269011,0.0007822518176540433,0.002777728256805883,0.0008197929036845577,0.001202146773213224,0.001044443257053532,0.0009145450725672361,0.000988859019982624,0.0010123091384088507
O04196,6,783,U,test,1,0.007736347325716187,0.8976999780792518,0.010995567364085851,0.02931094246006996,0.008630519409311557,0.015873954967663913,0.010615719084364648,0.0037264680489987705,0.008171211621825334,0.007239291638711944
O04202,1,293,S,test,0,0.7044659368469575,0.2251608556394787,0.002073659594405641,0.037923277024827624,0.004709715563864601,0.007070120070308486,0.006047394688060237,0.0036679304319944396,0.005213179708108358,0.0036679304319944396
O04203,1,435,S,test,1,0.0022077132874620147,0.9887578425033151,0.0011487069240468134,0.001977049846799053,0.0009302513170866582,0.001058238371588249,0.0009825410598407632,0.0009375472976503598,0.0008603417673013766,0.0011397676249096308
O04348,6,340,M,test,6,0.0017828991012318436,0.0019353188748329998,0.001060467120863019,0.0012349780968371681,0.0007461318677261198,0.0017450032397313127,0.9869773122785269,0.001206369965316927,0.0010522146722494047,0.002259304782684318
O04479,0,199,U,test,0,0.9948304967258228,0.000766901875008257,0.0004706325443655806,0.0009323156020537775,0.0006283768876989598,0.0005168887204252484,0.0005270834436766334,0.0003497444212962599,0.00042518108927237704,0.0005523786903800955
O08722,4,945,M,test,4,0.0016973960893048462,0.0005597418985345507,0.0007357668053494591,0.00177538503840743,0.9885931789340308,0.0018605876626221788,0.000880597529507137,0.0015008753928335188,0.001390796678040736,0.0010056739713694375
O08750,0,462,U,test,0,0.995232667139264,0.0009308726482785425,0.00037537267415933123,0.0007349440033521489,0.0005051191699040685,0.0004563371266397767,0.0004992343745303942,0.00036099238212907093,0.000393387191130769,0.0005110732906119669
O08858,4,362,M,test,4,0.0013077379054200538,0.0007193858140587087,0.0009987682357885858,0.0014934834585481967,0.9895052065147045,0.001820941280032381,0.0009605060665233141,0.0010673444338789083,0.0010467002700603942,0.001079926020984935
O11780,2,683,S,test,2,0.0008498700450562693,0.0014108101597423383,0.9921042540736318,0.0008141257070879872,0.0008531963803196384,0.0012102705487790054,0.0006723025550177728,0.000661879482946137,0.00072693242832598,0.000696358619093039
O13134,4,1035,M,test,4,0.004949236032272452,0.0018065532432035318,0.0017647043818964797,0.008328981266077996,0.8929635419779485,0.02027501805890549,0.002909505821912306,0.009816334074331835,0.053209302053072095,0.003976823090379327
O13472,0,328,U,test,0,0.9951667690676324,0.0008392768556712175,0.0003902999590633043,0.0006409871400118365,0.000546127792585527,0.0005190871878964322,0.0005050857409737301,0.0004220148722697147,0.0004492325155789955,0.0005211188683169392
O13660,3,277,M,test,3,0.004667334911129811,0.00613509562221273,0.004367461602949397,0.8825148697459506,0.006738083706924318,0.007908451687603651,0.05425597572047911,0.002310498244456411,0.003606636687261404,0.02749559207103258
O13674,1,654,S,test,1,0.002314174291657275,0.9889759917805876,0.0009675217345717095,0.002016488209550009,0.0008740830147163732,0.0010543453866614873,0.0009089024878782145,0.0009232156351373819,0.0009232156351373819,0.0010420618241026127
O13684,0,261,U,test,1,0.002529246372562915,0.9884944688848211,0.0006243748028900982,0.002315307345875282,0.0008401881747176296,0.001130596653048514,0.0007770469404309357,0.001208224379091282,0.0012662081811002344,0.0008143382654620609
O13699,3,430,U,test,1,0.003231502217232639,0.987921608196807,0.0009441015560103713,0.0025426353050085576,0.0007705532113589594,0.0009008679343382186,0.0007586069044318376,0.00092946460008548,0.001147735460096745,0.0008529246146302082
O13701,0,393,U,test,0,0.9950315395415047,0.0010639133966206147,0.00032862084824772635,0.0007347954840803369,0.0004952491449551859,0.0004952491449551859,0.0004991334583658713,0.00043196397511443576,0.00043196397511443576,0.00048757103104146975
O13713,0,307,U,test,0,0.9949772521742942,0.00109227941331166,0.00035809117077242213,0.000862378227259046,0.0004781144745232415,0.0004597981811533224,0.0005089501889738398,0.0003608997488336446,0.00039328623190472927,0.0005089501889738398
O13716,2,424,S,test,2,0.01348010817250937,0.038363768408337516,0.7133449777751005,0.02707147959756463,0.010916524341980406,0.019690205686231418,0.052693720592384766,0.00427497252552825,0.10854366379211157,0.01162057910825149
O13737,5,222,M,test,5,0.0011564272068292807,0.001275057680200942,0.0012072003528030614,0.0010406718426801925,0.0027700639516887848,0.9838062591223004,0.0012119251850866318,0.0017024255472631988,0.0045648338581389235,0.0012651352530086697
O13744,3,259,U,test,0,0.9760153028867713,0.010346035192414862,0.000656252767319454,0.007481134759366466,0.0007264056860873796,0.0010819779415497486,0.001197640402353111,0.0008295813233949653,0.0008360877173477273,0.0008295813233949653
O13746,0,107,M,test,1,0.002744707071798495,0.9858097526428389,0.0016534075994392987,0.0025064163144871724,0.0005988245303981675,0.0012927149776443322,0.0014365053637463928,0.0011187516024871152,0.0012977745039936676,0.001541145393166482
O13769,0,638,U,test,0,0.992868654578117,0.0017122451419465856,0.0004310250160096702,0.0017485756882501882,0.0005322448840412323,0.0005448666921062603,0.0006675846295061108,0.0004080862778540515,0.0004447072804009128,0.0006420098117680103
O13816,0,962,U,test,0,0.9945720130206075,0.0013313087792860623,0.0003183632018402123,0.0007174424455704699,0.00047051026121319896,0.0005290089330452615,0.0005310793796047537,0.0005479377156842138,0.0004911681315741922,0.0004911681315741922
O13846,5,347,M,test,5,0.0012097346757884732,0.0012978557170907927,0.0014649296276708133,0.00229567260296721,0.004888499498377101,0.9781992785526621,0.0015114314939746163,0.0014938227456685023,0.0048315463304037685,0.0028072287553966265
O13881,0,537,U,test,1,0.03902921211398895,0.9236866855759504,0.0011512784272804714,0.02330540721322449,0.0015133267961105034,0.00386441544910555,0.0018833656793052166,0.002020556354553441,0.002020556354553441,0.0015251960359275933
O13894,0,124,U,test,0,0.9944846752919709,0.001460512215622658,0.000363550218916364,0.0009374685022991325,0.00044196469468843784,0.0004892102791968848,0.0005289625008342064,0.0003869971949391645,0.00042503330929526535,0.0004816257922369355
O13904,5,195,M,test,5,0.010136570869973258,0.00251335513178511,0.0017409501749290227,0.002003821329014213,0.01286397885587048,0.9599978411570003,0.0019882277293499884,0.0029041762717316416,0.004463071973846574,0.0013880065064994255
O13905,1,347,S,test,7,0.1173265490726939,0.2435761821711609,0.006541995685022091,0.10074748643055019,0.0353656989067891,0.17272138038448995,0.024882874864346108,0.24548658564521184,0.030606457754200837,0.022744789085535115
O13919,0,1075,U,test,0,0.9942244199609024,0.0011021638615368752,0.0004316135819623734,0.0013024768055829065,0.000547746165967592,0.0004852762459147633,0.0005520421825992387,0.0003441123291788329,0.0004316135819623734,0.000578535284392623
O13936,0,990,U,test,0,0.9941756774211384,0.001490310253340887,0.00034141771799013344,0.0009612773464445065,0.0005125287628684852,0.0005541756509587683,0.0005392277471473151,0.0004852524749366527,0.00043159242635301535,0.0005085401988218338
O13968,8,596,M,test,5,0.0016448611083709694,0.001569537371901954,0.0019080720640754808,0.001657761788066299,0.008017609449204544,0.9655094287554595,0.002063117824080084,0.00672518197404003,0.008857367142658484,0.0020470625221426226
O13970,3,263,U,test,3,0.009412246834052439,0.014129456249437225,0.002183816879411577,0.9638329227958035,0.0018752282640362632,0.0012107385655355685,0.0020838126246760015,0.001415496703761195,0.002108376024953869,0.0017479050583323998
O13995,5,166,M,test,5,0.028441464510425944,0.005789531012012901,0.005271428381771394,0.014540672272082668,0.021785544653633915,0.8796189441783866,0.005396436077405735,0.013540167397491741,0.019826280504776243,0.005789531012012901
O14013,0,556,U,test,0,0.9951628803114146,0.0008659150063159576,0.0003695271284927118,0.0007853507694895029,0.0005190851702062019,0.0004895439663269971,0.00048195426914857543,0.0003933596158233031,0.0004253231898058685,0.0005070605729762338
O14023,1,544,S,test,1,0.00478216283159733,0.9724652277548784,0.0012120757573024876,0.011726668445418576,0.0012120757573024876,0.0029999162888312953,0.001656711134532517,0.0009513691869253324,0.0014735092831201892,0.0015202835600913224
O14036,0,115,U,test,0,0.9904582468328295,0.0034219100422274206,0.0004266325185532115,0.00210406423042163,0.0005969661987093273,0.000731418285962054,0.0006790989058992708,0.0005106122714555758,0.0005146170172030944,0.0005564336967389447
O14038,5,134,M,test,5,0.0034996163850065593,0.0021143496402378963,0.0031864374968284463,0.0012824177597456333,0.006808561224969077,0.9441732747456194,0.0016857064199130149,0.024771272793233018,0.010612456779084718,0.0018659067553622717
O14090,5,101,M,test,5,0.00698006288005881,0.006615047273241716,0.002861815675973573,0.007688591716803627,0.008815551704167571,0.9496977897529332,0.004229489501327928,0.003118629986766704,0.004279345530036791,0.0057136759786900896
O14097,0,331,U,test,0,0.9945019830602652,0.0013512711046547064,0.0003810039912590229,0.000921149537446277,0.00047788610603268725,0.0004969228930949044,0.0005415158418844656,0.0003930983794656628,0.00041845104720335236,0.0005167180386937959
O14104,1,362,S,test,1,0.0024847274012730703,0.9878338508663742,0.0011840633735205424,0.0018267632571570263,0.0007526364592308045,0.001231231136316037,0.0012360499156998826,0.0010697120961217091,0.0010127830250722572,0.0013681824692345012
O14119,5,249,M,test,5,0.004133115681345595,0.004117002403201861,0.0025663099771926984,0.005903094768060985,0.006521381222649454,0.9500660665242237,0.0036474619065018405,0.002030118213726558,0.004281005055263134,0.016734444247834223
O14121,3,551,U,test,3,0.0018602619092722363,0.0020956373936971305,0.0015543068414715303,0.986491509025792,0.0013609966369330388,0.0010114067778648173,0.0019343664322051396,0.0007694377623908606,0.0014096951454935565,0.0015123820748796685
O14154,5,513,U,test,2,0.0008691996610186643,0.001597142498394611,0.9911641059759037,0.000788329903346469,0.0005611975219131889,0.0015195455243298447,0.0007522296321594667,0.0004952550591462263,0.0014584813869169006,0.0007945128368709656
O14158,3,578,U,test,3,0.0454558705149407,0.25180528247948103,0.01956942730351667,0.5586543830120723,0.008889813216221131,0.013822702132964843,0.03256525187230883,0.013985639815762224,0.009840127346444589,0.0454115023062877
O14223,7,132,M,test,5,0.0016410115483232175,0.0019949626935815137,0.0022429969606524566,0.0019036069283262886,0.016966662479265492,0.9557538618895092,0.0020263789999184355,0.008631938666691034,0.005796624703195553,0.003041955130536849
O14228,1,1323,S,test,1,0.0033138226459238076,0.9867250842379196,0.0011110760883379148,0.002535838381165968,0.0008321575522708525,0.0008518915789811016,0.0011418762062087532,0.0010938504625475057,0.0013827565018268435,0.0010116463448176737
O14246,0,508,U,test,0,0.9936700093991646,0.001959892382647884,0.0003035087316651872,0.00117948390816452,0.0004313728844612146,0.0005347592324575078,0.0005389534435164083,0.0004700835386670463,0.0004381660383794797,0.00047377044087610986
O14254,3,439,U,test,3,0.005770020527622683,0.005929971916720413,0.0017528963128525398,0.9779789832066639,0.0014588897731907784,0.000964267274905728,0.0015051999036260902,0.0009871340375851223,0.0018156175108504414,0.0018370195359823254
O14267,5,759,M,test,0,0.37150690720710156,0.013853043601631148,0.008669013335107167,0.044915121968959165,0.03425314720121141,0.15853968587505918,0.00605194655539731,0.20677473074667535,0.14211406104872873,0.013322342460128976
O14275,3,931,U,test,3,0.006518577893024976,0.011780588321112619,0.0020391778720567602,0.969334036326368,0.0011710015022529288,0.0011710015022529288,0.002257164171944101,0.0011987709811508052,0.002031228102313666,0.002498453327523147
O14279,0,154,U,test,0,0.9945291689810738,0.0013885983237695613,0.00035514446122620366,0.0009033576182680839,0.0004668286622743089,0.0005167321554091476,0.0005352216439277055,0.00038101438997152447,0.0004250523263302223,0.0004988814377494445
O14311,0,307,U,test,0,0.995176270331628,0.0008039856929278272,0.00038126233200238077,0.0007095148268413759,0.000544003891825035,0.0005170684111434483,0.0005011599069831672,0.00040269325929993133,0.0004388302659127504,0.0005252110814360204
O14336,0,461,U,test,1,0.0027334939764826053,0.9865880452448522,0.0005718535412815276,0.0031194627301017034,0.0009354899339158927,0.0016611894241525863,0.0007877614361421223,0.0012296782933606091,0.0014153510886997312,0.0009576743310110465
O14341,3,308,U,test,1,0.002579156978449185,0.9885044281501032,0.0010415650561522141,0.0020552796070058754,0.0007242947456787446,0.0011529073562816174,0.0010254170855879873,0.0009013993678030175,0.0008805184737489635,0.0011350331791891925
O14514,4,1584,M,test,4,0.010862585774864854,0.0014903281850738696,0.0017288107857172058,0.007226994052495048,0.9533039652254219,0.0062561606113417274,0.0020853441072202594,0.009191987770654613,0.005091191588130836,0.0027626318990796907
O14843,4,346,M,test,4,0.0012434780850085405,0.0006604062149149232,0.0009836720464119933,0.0014537731555966183,0.9898958857798518,0.0016913542299013197,0.0008852090785322876,0.0009952672446635158,0.001119009041598155,0.001071945123520882
O14925,3,209,M,test,3,0.004563359295299038,0.006317062138542349,0.0033061796976518233,0.9347925035201635,0.003673930594538992,0.0022811953598876602,0.035683898091632214,0.0017627712479994445,0.002646233081155146,0.004972866973129869
O14974,1,1030,S,test,0,0.9932314060333862,0.002159991486883896,0.000308152248199359,0.0011870503281754075,0.000500180460780252,0.0005689969828315503,0.0005893566229924752,0.0005324393168941794,0.00044140769841969203,0.00048101882143691344
O15031,4,1838,M,test,1,0.0027114701718212266,0.9889668920637869,0.0008809304171144152,0.0016749804384038531,0.0012569549500351768,0.001096335584120964,0.0007133991832694477,0.0010218971908555446,0.0009637408173231202,0.0007133991832694477
O15091,3,583,U,test,3,0.010881082557908792,0.017387920146486407,0.0026047538167119095,0.956794155879975,0.0018615337582002886,0.0014957845416220192,0.002816410598526334,0.0014611345705002178,0.002353199177737807,0.0023440249523312777
O15226,0,690,U,test,0,0.9692776416114346,0.016291014206269834,0.0006122366516089133,0.007487761492131391,0.0009048271100981156,0.001332034420661432,0.0013165156767986398,0.0010414495652573967,0.0009190760538882669,0.0008174432118514121
O15245,4,554,M,test,8,0.0517688003948029,0.005986824433754881,0.007054203422345015,0.09041452108908864,0.2094004979043103,0.08394703736517595,0.011450102174208847,0.21104282933099155,0.3143473759672308,0.014587807918091136
O15344,1,667,S,test,1,0.0025324251361385415,0.9873234756064581,0.0011336770985164307,0.002559775519368158,0.0010362648305004849,0.0011248547960694445,0.0011696638689216955,0.0009965660410959116,0.0011030981691252438,0.001020198933806024
O15503,5,277,M,test,5,0.0015878826909454238,0.0010913347287722058,0.0010913347287722058,0.001025214093093142,0.0031540294796146124,0.9844558315962175,0.0011215876914438764,0.001533028612421262,0.003865341218074667,0.001074415160645038
O15525,0,162,U,test,0,0.9944343745867046,0.0012352286468995945,0.00041842258865858916,0.0010376304338795246,0.0005351706356872824,0.0005248195108143706,0.0005393680476441996,0.00037801329448836866,0.0003721527444091259,0.0005248195108143706
O16011,0,297,U,test,0,0.9941306626337495,0.0014750399735127112,0.0004383691957008831,0.001031253361752505,0.0005606827278796702,0.0004703014816510424,0.0005807447547437629,0.0003838489032549498,0.000389893623270643,0.0005392033444842972
O16259,1,320,S,test,1,0.0021560171945280656,0.9875388508160258,0.0006958670820512419,0.0029444092569128983,0.0009005188807046165,0.0016053484876741944,0.0009736931309104179,0.0009218741081249063,0.0012023505265058008,0.00106107051656206
O17087,1,1113,S,test,0,0.9948362002890426,0.0010678679565146385,0.00039323046372016296,0.0008896268457352032,0.0005108697167423704,0.000493221445185351,0.0005250315822795701,0.0003552540981347325,0.0004057129509469441,0.0005229846516983463
O20250,6,741,M,test,6,0.0015427351026264953,0.0017498559986602125,0.0009825392347704266,0.0010500012133648508,0.0006913027413733982,0.0014952703653720284,0.988755972967241,0.0009941211619800302,0.0009485970680854067,0.0017896041465261241
O22049,3,353,M,test,3,0.011333752563383636,0.01590530035155381,0.01072010690536482,0.8384006722912275,0.003218760055162544,0.003882565816346553,0.10013268266502585,0.0027965070093550885,0.0037338266144257065,0.009875825728154453
O22131,0,262,U,test,0,0.9949689858531848,0.0008212745415678955,0.0004387388569896391,0.0008053897266486268,0.0005950181270848145,0.0005230544713371572,0.0005189840089781729,0.00037235283479875237,0.0004186475192828986,0.0005375540601271667
O22160,6,224,U,test,6,0.0018584109592949334,0.0018656845888694103,0.0012163974325132081,0.0010445121825930358,0.0007641813998014132,0.001906201196887225,0.9874366883936521,0.0010818862752982154,0.0010283184614871064,0.0017977191096033808
O22241,6,424,S,test,1,0.3514338801316637,0.5528830995306054,0.0022950889996910854,0.06707233323276703,0.0033655258095985495,0.007408638165736162,0.004221314647889636,0.004254422700411158,0.003904078233020066,0.003161618548617134
O22315,0,303,S,test,0,0.9946029821307888,0.000873920674109384,0.00048168309290771706,0.0008306499085375707,0.0006112876755594766,0.0005228620786141959,0.0005994643011806088,0.0004351644267664031,0.000463230127064678,0.000578755584471146
O22609,6,439,M,test,6,0.001873282240600808,0.001871453705263698,0.0013572037239667786,0.0011033987816584882,0.0008072638341934383,0.0016499400427547044,0.9875925712006965,0.0010007393339850712,0.0010284807540670276,0.0017156663828134184
O23179,1,414,S,test,1,0.0028304303616036477,0.9874887117515643,0.0012453092467454028,0.002177064797195226,0.0008525508804250481,0.0011032828005381788,0.001052759836268543,0.001044567225194273,0.0011607558752711245,0.001044567225194273
O23181,1,428,S,test,1,0.0023436034282428714,0.9889181334003776,0.001075077577560178,0.0020045903668866783,0.0008146873506474537,0.0010218467876518447,0.0009304022023922472,0.0009750531248068537,0.0010218467876518447,0.0008947589737824433
O23342,6,177,M,test,6,0.0031526282416897556,0.0028607063621956677,0.0019224640002498514,0.0027618820998675945,0.0010616854365773896,0.002305386450834051,0.9804215444024409,0.0010051834963205309,0.0010534233252635088,0.003455096184560779
O23463,0,923,U,test,1,0.01722408679844848,0.9627042608326177,0.0009492067230907936,0.010204933791044278,0.0013490947004660295,0.0022948871367212626,0.0013810874941991372,0.0014361038630129914,0.0014138390830153273,0.0010424995773839969
O23647,6,858,S,test,1,0.0026394925944369495,0.9886773276253665,0.0010057595233381245,0.002043629417453262,0.0010336401764618297,0.0012131775056385572,0.0008602716948465139,0.0008670188936946793,0.0008945410458547053,0.0007651415229088236
O23722,9,412,U,test,1,0.002692154947084502,0.9874512086499959,0.001111893745671392,0.0025253434403229697,0.0007123058557980487,0.0012698225309667238,0.0011882371638873256,0.0008727354167110078,0.0008864789432950259,0.0012898193062671182
O24174,9,505,U,test,1,0.02247736238866062,0.395320267957897,0.09463322942939859,0.06542262459331238,0.0663232135263205,0.13555583408309457,0.12056586191268959,0.02078816302414299,0.031328868237617866,0.04758457484686589
O35254,7,451,M,test,4,0.004493087270696265,0.0035953438161766935,0.001993308660029306,0.0027245300180084434,0.9776076109971181,0.0029002468289664914,0.0014469868366483749,0.002113593620208274,0.001359318420963602,0.0017659735311843837
O35586,9,227,U,test,1,0.003228651453267575,0.9860866355634728,0.000757197813194042,0.003975188940509926,0.0007169004155448875,0.0014709842352051141,0.0009571876421500606,0.0008852539142160938,0.0009722612730801405,0.0009497387493593791
O35615,0,995,U,test,0,0.9949315880633921,0.0011669377209030652,0.0003363801166976976,0.0008180420249180225,0.0004932687494424375,0.00047809252689396336,0.0005029976367702,0.00039326818478152136,0.00039946124750176717,0.00047996372869917915
O35621,1,262,S,test,0,0.9758657489679498,0.007509264373479347,0.0007094696828015991,0.008442892928874854,0.0012451580607842111,0.001574027279597538,0.00147289705387029,0.0008491240679041688,0.0010162684186250462,0.001315149166113208
O36025,1,992,S,test,1,0.0017962848104078092,0.9885778997754602,0.0008874904039263704,0.0019346750289289613,0.000702062693993345,0.0011484979628365371,0.0012130554934206923,0.0013374953155583388,0.001203615491982507,0.0011989230234852955
O42248,1,317,S,test,1,0.007811156339771459,0.9724044500349516,0.0005725082184650415,0.007381024064243341,0.0018698637711238475,0.0032881289792118817,0.0010864297259418048,0.0021105725961935266,0.002596048717406202,0.0008798175526913487
O42250,0,344,U,test,0,0.9951959910999193,0.0010035319219468973,0.0003666636718493301,0.0006717684890493269,0.0005191024154319571,0.0004857504712591347,0.0004895602211257193,0.00038727398730875715,0.0004058596946684686,0.0004744980274411068
O42602,4,415,M,test,4,0.0014225084131429418,0.0006654152653026767,0.0010800756480535481,0.001520178890897468,0.9896423403241568,0.001672853863000327,0.0009719628903614494,0.0009420587040153686,0.001075864789370048,0.0010067412116993779
O42637,3,797,U,test,3,0.001833486972242514,0.0020494011913537408,0.0016339251479002633,0.9856772527211147,0.001122979226311565,0.001026486173901968,0.0027189955869024386,0.0008509869311749715,0.0014589309148447022,0.0016275551342530546
O42648,0,341,U,test,0,0.9943480282013505,0.0015605776470431544,0.0003133568426016296,0.0009246116220567272,0.0004419039693235929,0.0005309597624526365,0.0005393212340577064,0.00043505286998152764,0.00041513031011788454,0.0004910575410146209
O42657,1,750,S,test,1,0.008351774394395998,0.7286721255350626,0.004332842533295605,0.013036934413562337,0.02107853180816122,0.01224706665795228,0.010192912608291546,0.0970861664836932,0.10016800990280933,0.0048336356627758734
O42699,1,193,S,test,1,0.0035437536814700364,0.9873942139722274,0.0009074488260369037,0.002573745713739197,0.0007464470374165731,0.0009888816830937166,0.0009362543387623605,0.0009003869570500325,0.0011293382653616794,0.0008795295248421266
O42721,2,462,S,test,2,0.0005653086033833497,0.0009825056038969232,0.9945324510571757,0.0004854265935279758,0.0004892338110522199,0.0007344269433089227,0.0005609093266449812,0.00047977119548588544,0.0006112442842516011,0.0005587225812724964
O42866,3,236,U,test,1,0.003267235014599894,0.9814413461450787,0.0014640547549594717,0.004594060906126013,0.0015768488580564647,0.0016851165007598365,0.001691711894184563,0.000990628814168905,0.0018363359242771517,0.0014526611877889633
O42893,1,735,S,test,1,0.002755618648417162,0.9873154142671641,0.0014499833311303867,0.001958802338310233,0.0008794593722757104,0.0011973918856176251,0.0011927238640527906,0.0009435222580815431,0.0009288942654710151,0.0013781897694795141
O42927,0,207,U,test,0,0.9945987190030692,0.001395833640235036,0.00035240538033196137,0.0009230401812113446,0.00044897610719244494,0.00047980314550064604,0.0005331723222397996,0.00038704158607345845,0.00039932759314059745,0.00048168104100549763
O42928,0,350,U,test,0,0.9931735972464951,0.002232784069199658,0.0003057363678623393,0.0009509760390296359,0.00045184910124328626,0.0006322505435695445,0.0005824564479068999,0.000673027224295751,0.000520075177672256,0.00047724778272545756
O42955,3,687,U,test,3,0.0019429858904453376,0.002245115910521124,0.001879531970346401,0.9850984039994148,0.0011534316491722944,0.001042038712406902,0.0027804820587680064,0.0008571576110725598,0.0014242979839915889,0.001576554213860901
O42956,1,483,S,test,1,0.0018002811751594348,0.9888440077587962,0.0008274547044901152,0.001793262379199118,0.0011047969710581437,0.001475097567842769,0.0008339445092437232,0.001203939515817607,0.0012567987060342833,0.0008604167123585877
O42973,1,446,S,test,8,0.014767847790183338,0.18345761094103444,0.007935597472612589,0.08204731998539731,0.028801317936167293,0.009205453926263893,0.024635070659573332,0.05875120991373945,0.5739880736099027,0.016410497765125733
O43002,5,102,M,test,5,0.10538352819806515,0.008925000962405446,0.012439634407654105,0.012684983884557466,0.28870885999604495,0.5227842824734096,0.008583089168886773,0.020710760322468387,0.009426679277829579,0.01035318130867853
O43013,0,533,U,test,0,0.9921432186802877,0.0029433692857399104,0.00030541916734689846,0.0012450845325005918,0.0004443823416133683,0.0006516435956705663,0.0006073986109560325,0.0006749603637883094,0.0005114809360576297,0.00047304248603904724
O43031,0,381,U,test,0,0.9947391769223979,0.001211116951701424,0.0003840838395066504,0.0008808954807947354,0.0004874277519842452,0.0004931734007569162,0.0005249803931470948,0.0003751865371160777,0.0004088550977061072,0.0004951036248888441
O43050,5,340,M,test,1,0.002978954516952979,0.9856784692623443,0.0008056992273187863,0.004381164862761421,0.0007393511604582519,0.0015652064803228173,0.0010264874255881172,0.0008576623753510609,0.0009642957935689,0.0010027088953334343
O43060,1,302,S,test,0,0.8825706962728276,0.0747454897875249,0.0015634601114343477,0.022796088824661238,0.0031830470808936464,0.003839487522798738,0.004023748312218094,0.0019457575820887353,0.0028532647990255336,0.002478959706527157
O43071,0,558,U,test,0,0.9943156993357852,0.0015696974696534532,0.00031090815568183227,0.0009727456640009635,0.00044188958174396945,0.0005026862548656197,0.0005351067544594813,0.0004559166661345711,0.00042496110769394405,0.0004703890099808861
O43082,0,233,U,test,0,0.9947826299443867,0.0009377493397494314,0.00044209710528826543,0.0009142390297801343,0.0005437886662930726,0.0005108421948355439,0.0005523521202137394,0.00034430554535650495,0.0004153117699781261,0.0005566842841184666
O43090,3,551,U,test,3,0.002106856382620399,0.00238039723936798,0.0016090851740735328,0.985978452957895,0.0013030768980401954,0.0009349119187554693,0.0019523330828177788,0.0007690376008787199,0.001381710211510453,0.0015841385340404565
O43156,1,1089,S,test,0,0.9869928435532818,0.004624560976408525,0.00034428874177823134,0.0018074707033626269,0.0008131012499171085,0.001142186005029214,0.0008723302811099817,0.0018942129244730458,0.0009000209461870111,0.0006089846184524636
O43257,0,154,U,test,0,0.9947648264378821,0.0010782699334781318,0.00040886563670977964,0.0009213930079526962,0.0005374437431145061,0.00048554002895872286,0.0005353485001067742,0.00036937933402243604,0.000384093765359545,0.0005148396124152453
O43405,2,550,S,test,2,0.0006792581075552375,0.0009541730165942292,0.9945680269483455,0.0005587425754454482,0.0005394405651293856,0.0006872650372701911,0.000516752382222578,0.00041847881307459253,0.0005631247975664444,0.0005147377567964722
O43809,0,227,U,test,3,0.02296330416351002,0.05256352594438473,0.004521742481009481,0.89601749536402,0.0036333219757691197,0.00296543120648999,0.006156393816847981,0.0029194564674121233,0.004451639502234261,0.0038076890783223126
O46028,2,62,S,test,2,0.0007313439997960953,0.0009083963991324879,0.9942338064469121,0.00046669002950314664,0.0005740384333943293,0.0007486872637417536,0.0006206836090381845,0.0004558791204308803,0.0006658962359113641,0.0005945784621396908
O48538,4,944,M,test,1,0.014649003651652694,0.8332951479778117,0.012652918362725673,0.011079265212206786,0.08579410904253428,0.017532561230333355,0.003541146134458213,0.011253739204418531,0.004802506531705356,0.005399602652153414
O48723,1,407,S,test,1,0.0030334438139694247,0.9864595674785671,0.0012010364760954928,0.0025178847856586702,0.0009879456641209616,0.0012199501256025317,0.001102132921650944,0.001102132921650944,0.0013242431277744858,0.0010516626849094296
O48814,4,395,M,test,1,0.006551854406999185,0.9535738367404737,0.004645960472535703,0.003747745005497753,0.017127504819516394,0.005571357054967465,0.001855268286314475,0.0032944791494537396,0.0015622925937320434,0.0020697014705095187
O48845,5,134,M,test,5,0.0021020200511465267,0.0013518750763753665,0.0016498944709324658,0.001456026863283663,0.005999804723766899,0.9798799564383394,0.0015866881663035223,0.001519954011615317,0.002704323847480539,0.0017494563507563338
O48916,5,237,M,test,5,0.0011875224186120223,0.0013668298709277823,0.0016231504967770419,0.0017896594790549117,0.004392833802537032,0.9753599197751134,0.0018755469942263194,0.001616822507948342,0.007683357725471616,0.0031043569293315292
O49397,0,552,U,test,0,0.9951020214206554,0.0009546853580530412,0.00036950452084139,0.0006384466371912663,0.0005190534146114406,0.0004991688050580137,0.0005170298253336721,0.00043879753789224934,0.00044223906575211017,0.0005190534146114406
O49432,2,481,S,test,2,0.0006553312705374416,0.0012006395796830766,0.9938679778902598,0.0006060823485279009,0.0004665182994185867,0.0008092261046077775,0.0006253214947134431,0.0005245206062803756,0.0006476964623546461,0.0005966859436169834
O49523,1,419,S,test,1,0.0026969390396235815,0.986793847934259,0.0015366695392135083,0.002067814863685844,0.0007174145959324902,0.0012789297647976682,0.0014267493871689182,0.0008858887974966282,0.0009211786439925946,0.0016745674338298228
O49597,0,125,U,test,0,0.9950794735397174,0.0008726332532086048,0.0004058121719959042,0.0007731102527004547,0.0005700557226040123,0.0005129946900800912,0.0005070180434200437,0.00036949614766631486,0.0003964114885270568,0.0005129946900800912
O49606,1,141,S,test,1,0.0024099137168005413,0.9885038588380576,0.00126128370575471,0.0017239705189999958,0.0008207329719220622,0.001316660837042158,0.0009746446003512216,0.0010375036851527073,0.0010214186987270919,0.0009300124271918972
O49782,0,352,U,test,0,0.9951339332185026,0.0008743872022836915,0.00036664081471864785,0.000723477944797273,0.0005461098098811897,0.0005011385658162499,0.0004991848254499028,0.0004154584505690306,0.00042864653273596225,0.0005110226352453662
O54751,0,299,U,test,0,0.9950217752109535,0.001026147464595781,0.0003994974360445768,0.0007149686830966241,0.0005354867657451832,0.0004744149705258667,0.0005190115537276463,0.00039024308776463895,0.0004154116135476917,0.0005030432139984932
O54769,2,207,S,test,1,0.0074625317260901824,0.9735883397403475,0.0022232217036927517,0.007521061627735177,0.0015101946997071118,0.001738223339909023,0.0018074663621163454,0.0011048820458860109,0.0015220393772579304,0.0015220393772579304
O54858,2,652,S,test,2,0.0008085432586845789,0.0012377065782588168,0.993029254491778,0.0006915837001638613,0.0006008583333097461,0.0011402286573624135,0.0007163295802113749,0.0005159528591864613,0.0006703058906148787,0.0005892366504298656
O54874,1,1732,S,test,1,0.003624823468824967,0.9875502784733244,0.0010405596949889732,0.0024695021224238403,0.0008592910708126297,0.0009661269918542531,0.0009511484714741345,0.0008660305289583159,0.0008393856789934803,0.000832853498344981
O57437,1,286,S,test,1,0.003940612437862337,0.9842146967573348,0.000732508119140185,0.004566729412140817,0.0007676619365156809,0.0014854983494541818,0.0011257016729899468,0.001009072499339623,0.0011082493869008776,0.0010492694283216297
O59676,0,359,U,test,0,0.9947518955767105,0.0009469225454615717,0.00041206709744611087,0.0010139174031409475,0.0005743375551525073,0.000504875158545517,0.0005128257421962737,0.000338957089009803,0.0004088603212949469,0.0005353415110418585
O59697,1,423,S,test,1,0.0029511979919054393,0.9860772148772714,0.0011958903058923065,0.0023323110000593424,0.001774328671821175,0.001609246366150959,0.0009205096470939642,0.0010109820023455334,0.0011636332452969961,0.0009646858921628707
O59711,1,450,S,test,1,0.004053238248936856,0.977372339627879,0.0018003708655460677,0.007404257971515651,0.0010666844669085297,0.002121355339837796,0.0023117218401311726,0.0010099165217082283,0.0014579848341207307,0.0014021302834159649
O59714,5,511,M,test,4,0.0031664718585077962,0.0010900370604733213,0.0016882823641688508,0.005318400945430999,0.953032677730728,0.011537317251063793,0.0016363393606786021,0.004269283754393181,0.016143608928529223,0.0021175807460262295
O59746,0,819,U,test,0,0.9933200514624786,0.002286069897582132,0.0003057814438274754,0.0009437145831769115,0.00043801172146257293,0.0005757555739477234,0.0005602255380608588,0.0006152874210438536,0.0004924697873091215,0.00046263257111075535
O59755,1,548,S,test,1,0.1274031551721824,0.8178929339009456,0.0015912883010498822,0.03483008564023594,0.0021413126818322498,0.0048067093869381345,0.002949782539713837,0.0035304271734024712,0.002949782539713837,0.0019045226639856166
O59779,1,658,S,test,1,0.010436809689791564,0.9487113418439211,0.004787661632069975,0.01539450893901434,0.002643998031046229,0.003628060710985609,0.0034484230206710854,0.002091574263424631,0.0033685406889578185,0.005489081180117622
O59782,5,667,M,test,4,0.0016082670516485164,0.0005756896062916417,0.0007686465881976256,0.001840289403235131,0.9854771816771893,0.00430394531407597,0.0009716603396222499,0.0015648867484453835,0.0017355582308465477,0.0011538750404475467
O59792,0,320,U,test,0,0.9934318105120842,0.0021145067855708314,0.0003034359954729941,0.0010905827483112286,0.0004147478088739581,0.0005602885771497528,0.0005691118103120174,0.0005494515918633459,0.0004773718270315798,0.000488692343330105
O59800,0,354,U,test,0,0.9948198926957816,0.0011802723778773538,0.00034701901148601625,0.0008656165042062968,0.0004561478350177312,0.0004706275138629562,0.0005168831898749155,0.000418584803369303,0.00041209526066083934,0.0005128608078629263
O59811,1,463,S,test,1,0.004818811658130846,0.9784834857096939,0.0029774941641632106,0.004510582092836513,0.0019412799474214056,0.0016411199423964364,0.001414733834784503,0.001686613417004738,0.0011546721530900335,0.0013712070804784452
O59812,1,475,S,test,1,0.004220842948228753,0.9811892739053634,0.001374998860570459,0.00375409572787737,0.001131043213808407,0.002088448780097324,0.0017313850517394482,0.0013326945793665492,0.0012229493872510302,0.0019542675456972534
O59893,2,234,S,test,2,0.0008997064386727106,0.00177189147871948,0.9866479030659425,0.0008002154539933201,0.0006738489429319434,0.0019498465113978007,0.0012154257415898922,0.0007695597472635343,0.004032204633400854,0.0012393979860879562
O60053,0,440,U,test,1,0.00984613605817908,0.9696379982945966,0.000837139384999143,0.011113637222076339,0.0009941276015094922,0.002146076895033085,0.0013694686466660287,0.0013910347016343207,0.0015639822365428198,0.0011003989587630289
O60065,9,286,M,test,3,0.0048799064168029895,0.010555112894087693,0.004748278881665419,0.951998521823544,0.0017536310361139138,0.001956316732269839,0.011960510221403044,0.0018522033743579268,0.0022341837870111436,0.008061334832743943
O60104,0,376,U,test,0,0.9942788996444907,0.0014253400615264966,0.0003108966604526515,0.0009977234213042457,0.0004453389228688251,0.0005520724180639853,0.0005371812105019367,0.00047777889604168393,0.0004740607653159219,0.0005007079994335379
O60113,7,542,M,test,5,0.009835897329578602,0.004538520850780391,0.013184044933737768,0.011499327976933508,0.3837921742730122,0.4629416912528578,0.007140095575091706,0.05214390698723941,0.04512678976810933,0.009797551052659295
O60118,3,157,U,test,3,0.001956771723976255,0.002252230768513664,0.0015723104930071199,0.986291952973903,0.001196150721787737,0.0010976496276686076,0.001760904235820466,0.0008581961870939487,0.0014598408415682545,0.0015539924266608903
O60142,3,432,U,test,3,0.002067882090307274,0.00224028456622574,0.0018500204792099547,0.984900349778162,0.0011264858703787246,0.0011003909104772658,0.0025510010165484217,0.0009338895853965491,0.0015517998166309796,0.0016778958866631203
O60155,1,716,S,test,1,0.0028902471083678697,0.9872863735876642,0.0010443531047903277,0.0025898520433751027,0.0007234022374948838,0.0013253529118057413,0.0010902056068883574,0.0008590614173729941,0.000865799070434729,0.0013253529118057413
O60161,0,710,U,test,0,0.9948493145093488,0.0011147676827602763,0.00034164906795664413,0.0008100251840565293,0.0004932279945884317,0.0004970964759267293,0.0005229916103741429,0.00045261147256968445,0.00044212675891421987,0.00047618924350460484
O60167,1,649,S,test,4,0.08850539085057732,0.02595854282026863,0.005747059590298275,0.08249608757657163,0.33401582982640776,0.03255931045864741,0.007152331348089732,0.2541058463291744,0.1403305735757711,0.029129027624193754
O60171,0,215,U,test,0,0.9949926022582141,0.0008725570354274439,0.00036373587801940616,0.0006768987841104385,0.0005169729369859874,0.00058124828399369,0.0005189962935847535,0.0004837577814189111,0.00047625781125936096,0.0005169729369859874
O60237,1,982,S,test,1,0.0025473878039241854,0.9888020743964857,0.0010459564014101894,0.002092356810910912,0.000952354105895812,0.0009449429309992573,0.0008671283012419899,0.001025725744364357,0.0008946538924716353,0.0008274196122959189
O60242,4,1522,M,test,1,0.02553497642416665,0.5438333981148855,0.011025441071175266,0.11761221991099433,0.028822112758465,0.013508652362392312,0.0329158880096451,0.02352392515752221,0.10834944266717893,0.09487394352357469
O60292,4,1781,M,test,1,0.005602214621058884,0.9513934083730824,0.015021614480056865,0.0063979301949604,0.008546791025453868,0.003286945986394328,0.0014873414034173795,0.003312726162180016,0.002215388235937333,0.002735639517458579
O60306,0,1485,U,test,1,0.004250135959642105,0.9817471535663244,0.0010223934071764416,0.006117838548704488,0.0007717429682098997,0.0016401743271567256,0.0013974460668002306,0.000967982635113478,0.00104663875919772,0.0010384937616745105
O60462-6,2,555,S,test,2,0.0006608125429071953,0.0008857537210388248,0.994381729492477,0.0005166555657671972,0.0006633988839141983,0.0008144023043640044,0.0005166555657671972,0.0004523987316615832,0.0005854474169591345,0.0005227457751436002
O60477,1,761,S,test,5,0.005685503453237085,0.013039690254890386,0.013519468557152385,0.010601194248835695,0.0035578971429925414,0.8570915353455176,0.009785370528096282,0.007187150363077372,0.07489181737147627,0.004640372734724386
O60478,8,399,M,test,4,0.003469573455436808,0.0010581601316232933,0.0012371144690983295,0.007370235191010962,0.9251622881826302,0.012157399633361177,0.0016517645559717355,0.003870588862924749,0.04128891746839091,0.0027339580495517437
O60508,0,579,U,test,0,0.9950530220257525,0.001011257321898804,0.0003609272057085702,0.0007730896691473012,0.0004914056768022254,0.0004837871668836122,0.000519027832047886,0.0004121918292045097,0.00040580138455130433,0.0004894898880032697
O60635,8,241,M,test,4,0.006034889190999167,0.006129924139418556,0.05527945173591988,0.00871238009580545,0.7721045526999472,0.059306192480331,0.01699150893474174,0.009059441174647498,0.0583867312403016,0.007994928307887969
O60667-3,2,306,S,test,4,0.005620204794040211,0.0037002463770747064,0.1610696435021578,0.006245348133617245,0.78052121219359,0.021969374033217536,0.004677549816542501,0.006912970030290184,0.0042258140965851215,0.005057637022884696
O60858,5,407,M,test,5,0.004674639249168255,0.001993917264905079,0.002033243987878069,0.0017054879628515007,0.006293487326269279,0.9702960814552831,0.0015896895333371637,0.002189889873615635,0.007718475499783022,0.0015050878469088326
O60896,4,148,M,test,4,0.0015505307195145138,0.0006773767254347509,0.0013056777590228588,0.0015626918127886757,0.9840948781351526,0.0054543295540849185,0.0010866814553747205,0.001736512221298969,0.0012854352308483107,0.0012458863864796364
O61577,1,516,S,test,0,0.994126187019645,0.001387188774104198,0.0003749553528329437,0.0012121449523799699,0.0005065323133288402,0.0005145090910708447,0.0005584943497201505,0.0003960317353797442,0.00038685768427685756,0.0005370987272614556
O61661,0,512,U,test,0,0.9930393450356998,0.0019020984853631078,0.00041458396307688517,0.0016671603668441974,0.0005281937378662115,0.0005323363772396704,0.0005985218660791586,0.00040498016434840797,0.00038044362624286784,0.0005323363772396704
O64425,5,249,M,test,0,0.9936742897982488,0.0016928432938713952,0.0003412455301777508,0.0010802480517601062,0.0005203373208529837,0.0005782151196241563,0.0005873206605419093,0.0005122702046179856,0.0004888116438825337,0.0005244183764223397
O64538,1,134,S,test,4,0.012992086916739124,0.02311253212879904,0.005753164275578843,0.007301145695355672,0.9124709377433222,0.021712217947334946,0.003558293920455239,0.006493773359739816,0.002728238759330963,0.0038776092533440902
O64654,6,275,U,test,0,0.9929888062485004,0.0020445395174087484,0.00037452635388626065,0.0015660726413554826,0.0004734456501848582,0.0005892126598655235,0.0005846273511876996,0.00042772251201497405,0.0004145628652845249,0.0005364842003115651
O65009,8,282,U,test,2,0.0014346984424382652,0.004079100272004169,0.9807311517521919,0.001677332279904384,0.0007299154390589007,0.003919003608972699,0.001342519984835148,0.0010213352659896896,0.0041636177872823405,0.0009013251673224086
O65272,6,1174,M,test,6,0.0015545699341287112,0.0016070529882143952,0.000959615110492673,0.0010175225365203534,0.0006751735954261271,0.001539462484924789,0.9885873833685148,0.0011351284383091106,0.001058056023434492,0.0018660355200345172
O65312,0,689,U,test,0,0.9951263361472839,0.0008591448159475011,0.0003872469123632254,0.0007522923757959047,0.0005678600108545293,0.0005070419710418165,0.0005150267230984722,0.00038124319977744466,0.0004026730770823756,0.0005011347667548755
O65375,2,744,S,test,2,0.0007007146846438948,0.0009067921905603148,0.994418387651241,0.0004872705635274282,0.00047784592940064506,0.0006135662429403632,0.0005719066173553143,0.0004419352118893193,0.0008096742910864194,0.0005719066173553143
O70237,0,330,U,test,0,0.9947696021699874,0.0011027683321551982,0.0004088676141902697,0.0009982158387295858,0.0005416615649866502,0.0004724456359751988,0.0005068601909584053,0.00031842643436005055,0.0003840955956532977,0.0004970566230039173
O70491,4,670,M,test,8,0.009875305999684045,0.004100591052877471,0.004907764998380069,0.017716741509255646,0.19300065744150294,0.025021234211059847,0.004433795889318068,0.018254600738356663,0.7170844645729312,0.0056048435866340295
O70608,0,1505,U,test,0,0.9938842456375474,0.0017623705438611374,0.0002807602521486111,0.001007114749842251,0.00043484995556537266,0.0005369679895437408,0.0005454239908992892,0.0005627376846703533,0.0004966142488502622,0.0004889149470715253
O73753,2,175,S,test,2,0.0008420378266063013,0.0008755808054403653,0.9945480027459367,0.0005457882543228426,0.0006017772709069513,0.0006331254717227508,0.0005653174480355124,0.0003780565090350269,0.000524879480866607,0.00048543418712695643
O74172,1,88,S,test,0,0.9929819426959292,0.0017607705285189016,0.00044824627249014884,0.0017815259815937195,0.00048466980041896875,0.0005323056362540691,0.0006272092609166415,0.0003687172978886867,0.00044129686046409406,0.0005733156655255391
O74308,0,547,U,test,0,0.9948021079960431,0.0011500995498068469,0.00037229037493671666,0.0006982522252500212,0.0004990183468563795,0.0005250135969376602,0.0005148588631331393,0.000479901234066111,0.0004633228483827179,0.0004951349645873825
O74317,3,113,U,test,0,0.9898856659371458,0.003023979784193324,0.0006707991201535166,0.002942413148105599,0.0006060165483249556,0.0005873713521327715,0.000760115001108162,0.00039127365225350943,0.0004719661256036946,0.0006603993309786584
O74356,3,585,U,test,3,0.0017872539263028534,0.0022570951709326324,0.001325582591652859,0.987457465758324,0.001235578889362557,0.0009585182534469822,0.0013359794100810869,0.0007701911705913917,0.0014501920251519381,0.0014221428041536436
O74362,0,334,U,test,0,0.9949471876517697,0.0008967042645971038,0.00041538046320229794,0.0008949546588431963,0.000501044468272684,0.00048184976578339824,0.0005333590893367965,0.00036371927587180384,0.00042192175238373064,0.0005438786099392716
O74434,1,626,S,test,0,0.9937641066773135,0.001819870915349666,0.0002896375210648445,0.0009534017932087756,0.00045211776550261066,0.0005896727342268194,0.0005805306395132743,0.0005873738227871692,0.0004628394123184997,0.0005004487187147811
O74443,0,272,U,test,0,0.9925912216802131,0.0021376217781382176,0.00041117206064692185,0.0018864445555942257,0.0004921084419904847,0.0005238467498952864,0.0005912818939403772,0.00039234310546455497,0.0004376903639399884,0.0005362693701768674
O74454,1,1066,S,test,1,0.0019859662568482784,0.9893449092828801,0.0009381040135937512,0.0019898487078877035,0.000827873894419083,0.0009986064542114976,0.0009163728815674095,0.001054738779999589,0.001034338158705769,0.0009092415698868218
O74462,0,452,U,test,0,0.9947977062276224,0.0011450514425847891,0.0003209329732876466,0.0007974255710617135,0.0004633208152947723,0.0005332789731056945,0.0005048984310542094,0.00047989914292007773,0.0004525879920144902,0.0005048984310542094
O74509,8,341,U,test,1,0.09594745492768797,0.43000663688427365,0.010598109439328053,0.09594745492768797,0.12710972532791148,0.02522569602138704,0.014599512793480823,0.04523392909947186,0.1342546237303477,0.021076856848423493
O74531,1,361,S,test,1,0.0022407187640896757,0.9889467329168129,0.0007303020946157023,0.0023118468871259194,0.0007534843404489936,0.0010920390302020346,0.0008878215516476582,0.0009982044506940382,0.0011579375447971123,0.0008809124195659443
O74551,5,238,M,test,3,0.0030893707884604034,0.005255197047076521,0.0036118403655144905,0.9262021330166528,0.013472138314045248,0.01612403993025437,0.003935960608315445,0.0027910139519624023,0.005839739732380544,0.0196785662453378
O74561,1,967,S,test,0,0.9930034758121693,0.002072714601827979,0.0003518401523555935,0.0015558063336316113,0.0004734526674601996,0.0005622389997153527,0.000603194319360383,0.00046976823876223163,0.0003955844631037991,0.0005119244116135786
O74563,0,680,U,test,1,0.00457072676079769,0.9831542350957251,0.0006559084853550581,0.005128979205916332,0.0007549460844201995,0.0014723499738640792,0.0010563593800097205,0.0011244887694058373,0.001178454139457244,0.0009035521050487307
O74628,1,292,S,test,1,0.002589333201334186,0.98708853857005,0.0009963289277877476,0.0024974433247319182,0.0012351173673457129,0.0013671502752217392,0.0011378435147371441,0.000806851808518769,0.0011028356799175874,0.001178557330355283
O74648,1,246,S,test,0,0.9928758472931757,0.0017830760342580456,0.0004049134865748531,0.0018325047009728687,0.0005364231360701701,0.0005754981147573957,0.0005891455998020988,0.000411289961415945,0.000411289961415945,0.0005800117115569684
O74734,3,244,U,test,3,0.015392289106788965,0.050769058909762625,0.013518307833295428,0.8790568422380796,0.004470943630466352,0.009899868977926721,0.007257058074654958,0.002909298855649337,0.005309377052289419,0.011416955321086629
O74761,0,459,U,test,1,0.009852103645838101,0.9589221240846102,0.0017254664136796632,0.01202398881443245,0.0021473776484788325,0.0030401401868427966,0.004699473618961824,0.0020490420942198342,0.0035542837863894922,0.0019859997065467833
O74765,3,425,U,test,1,0.003341566142232027,0.986760976140381,0.0010602347226989148,0.0028869464364420917,0.000638060487124067,0.0011599004290347701,0.001168997470449665,0.0008452928321283835,0.0008789654943130031,0.0012590598451960304
O74830,1,220,S,test,1,0.002632182104451168,0.9859389667441912,0.0009721157278917692,0.0035402590327296185,0.0006947397586404699,0.001760274026257455,0.001191060973847895,0.0008578890515517791,0.0009645506514501895,0.0014479619289884033
O74879,0,634,U,test,0,0.9925277511252264,0.00235215785673856,0.0003832299782504662,0.0017634060472652567,0.000476937406084327,0.0005575963364612891,0.0005958813159561109,0.00041114575867351433,0.00042419693368256855,0.0005076972416615442
O74886,1,236,S,test,1,0.002476505315144477,0.988418577087793,0.0009226952686319924,0.0020391080654293334,0.0007530819388018714,0.001180145350288619,0.0009519847214934628,0.0010133825076433908,0.0011573191010690784,0.0010872006437047449
O74890,3,445,S,test,1,0.006281310207390376,0.9807914465210664,0.0008336408620128079,0.005641537701070687,0.0008271533853933722,0.001613173978083172,0.0010294089993369605,0.0009746247639614674,0.0010704159470780262,0.0009372876346066917
O74942,0,610,U,test,0,0.9945549657794525,0.0012323661559627947,0.0003751170763862547,0.0010706982244734298,0.00047419239117536555,0.00048165985176336536,0.0005248831422970102,0.0003751170763862547,0.0004217554393840686,0.00048924486271895
O74964,0,803,U,test,0,0.9947883470612886,0.00121829444659652,0.00034700801756282624,0.0008792201336786945,0.0004743036683075551,0.0004931977306223432,0.0004990114539256302,0.00039321157346720523,0.0004218544300230692,0.00048555148452752105
O74974,0,652,U,test,0,0.994345325350377,0.0014603075370050293,0.0003578637325726229,0.0011022979360315167,0.0004453686495841044,0.0004559302261212317,0.0005186586734665818,0.00039611900127452156,0.00040551275748960133,0.0005126161360777692
O74994,1,746,S,test,1,0.0024147922685597966,0.9856802054137981,0.0005987458758506533,0.0025755583327545096,0.0014251392320327291,0.0016212148776323283,0.000733598821178751,0.0017190460050318093,0.0024384897710598335,0.0007932094021015567
O75001,0,760,U,test,0,0.9948522155179316,0.0010554438711870978,0.0003311385816153534,0.0009619315092520382,0.00047433412611522734,0.000495159926852689,0.0004970978928902145,0.0004025621237685215,0.00042519038309666066,0.000504926067290668
O75064,7,1496,U,test,0,0.986913271831168,0.005385147170635231,0.00037223483811249996,0.0031595879117077698,0.0006532924859227413,0.0008067085749271497,0.0007063775884817796,0.0007758040282878747,0.0006687848643259188,0.0005587907064311099
O75072,7,461,M,test,5,0.0026247688245790955,0.002068268232462577,0.0016684047948438792,0.0016107690861840971,0.003734193963190634,0.9755112485479525,0.002142273913358779,0.001314671391136945,0.0024370158356567945,0.006888385410634686
O75151,0,1096,U,test,0,0.994796042285674,0.001190081897645771,0.0003363342765366375,0.0008455443276155658,0.0005009683987343424,0.0005048975907226225,0.0005168708491377633,0.00039940682140540825,0.0004185747509006992,0.0004912788016272355
O75170,1,966,S,test,1,0.002557642832776435,0.9886708549050055,0.0009301695080867074,0.0022887415922734082,0.0007894245440303666,0.0009901603042410357,0.0009374648490655713,0.0009672232837482187,0.0009086220791235627,0.0009596961016491485
O75324,3,88,M,test,2,0.024717107990689297,0.018877378173111428,0.3094632697632366,0.01447378970854426,0.25856623655572153,0.23177727106440046,0.04051353876743323,0.04262399772703642,0.04245782369882389,0.016529586551002846
O75363,1,584,S,test,1,0.002091589992423925,0.9884396366851607,0.0010872239478414835,0.0021664301399825234,0.000908409613743058,0.0010455731086180921,0.0011709861652816303,0.0010914791605021094,0.0008943260379593927,0.0011043451484870912
O75367,0,372,U,test,0,0.9950766221719648,0.0009325462445970409,0.00039641034429727893,0.0007746194457804736,0.0005251584312510968,0.0004634506912944682,0.0005210716717634911,0.00036949509532350583,0.0003902646054142157,0.0005503612983136588
O75462,2,422,S,test,4,0.0019379301123490262,0.0009225929948245342,0.005796901036094026,0.0025874761099986443,0.9729866939839548,0.008821971136288513,0.0018063493751717384,0.001900447058729863,0.001509261451462028,0.0017303767411268659
O75475,0,530,U,test,0,0.9949242958951419,0.0009983710368867433,0.00038415533648818753,0.0008810594347910512,0.0005189606979056813,0.0004932651591095056,0.0005169374578423071,0.0003552855884582608,0.0004025913032068026,0.000525078090169566
O75554,0,376,U,test,0,0.995041728517967,0.0009435057312455262,0.00039950546298086846,0.0008358997960437705,0.0005354974682864753,0.0004875760061217405,0.0005190219072589036,0.00033905585028659,0.00038121076713865695,0.0005169984926704223
O75607,0,178,U,test,0,0.9924667105259294,0.002239927601677905,0.0003802242595433621,0.0017753928270704592,0.0005197049897083419,0.0005797727395953563,0.0005912077519416227,0.0004586380179277241,0.00044801369284579005,0.0005404075937600792
O75879,3,557,U,test,1,0.011354577557677015,0.9090803279111009,0.0039548136151829555,0.04218736946349088,0.004979862234136165,0.009141496064316218,0.004242895455554568,0.0021670587882662495,0.00798894239142896,0.0049026565188460694
O75909,0,580,U,test,0,0.994592351400743,0.001332230304099491,0.00034693963891521814,0.0008620446035011317,0.000491178179244508,0.0004798000646643174,0.0005500934767341653,0.0004317733261725284,0.00040879477282848613,0.0005047942330971965
O75934,0,225,U,test,1,0.006753290901440658,0.9790594946964464,0.0007230007296886148,0.006418912131984886,0.000921126901515105,0.0016614424298096642,0.0008927866997439417,0.0012989969763583717,0.0014322530438556922,0.0008386954891567418
O76090,4,585,M,test,4,0.0019800742909421975,0.0007213496993669165,0.0010252446325894414,0.0018967950739087061,0.9844850675941416,0.003414586083365413,0.001152713477653562,0.0024981644022803147,0.0015941450279774554,0.0012318597177744608
O76200,2,83,S,test,2,0.0007260479955410438,0.0007989665925846848,0.9947753813460284,0.00043523985374735224,0.000541664700150012,0.0006308014061756895,0.0005566802388976155,0.0004088699797940424,0.0005972307791458439,0.0005291171079353089
O76927,1,83,S,test,4,0.005481864362716225,0.0036803493524738893,0.03602660471684568,0.005149734706930422,0.9147334756625981,0.02068834020755297,0.0031975431117994596,0.005030441597542448,0.002016664961931129,0.00399498131960967
O80678,0,451,U,test,0,0.9941000174762495,0.001526280812819033,0.00037202763829117955,0.0010433773188444054,0.0005498211815405172,0.0005165092248050252,0.0005628598735518408,0.0004022577901020074,0.0003960213042537053,0.0005308273795427449
O80839,1,226,S,test,1,0.0026160654908200277,0.9883111758973698,0.0009082915500050995,0.0022678884282878093,0.0008734954737200732,0.0010332574106858951,0.001057760392794709,0.0009298311216973355,0.0009444738418245054,0.001057760392794709
O80885,6,447,M,test,6,0.0018719475650880442,0.002329676344924635,0.0012180996993858037,0.0011714348471428607,0.0008911806559785479,0.0027824774966684345,0.9849633082994936,0.0013274097362355503,0.0013274097362355503,0.0021170556188469035
O80931,0,367,U,test,0,0.9950980382146,0.0009253090623336709,0.00036950305553392883,0.0007291259998892545,0.0005439611249274377,0.0005011204566831428,0.0005030817640206612,0.0003933339728708653,0.0004154434566657401,0.0005210828924752961
O80939,4,675,M,test,4,0.0011406089276515972,0.0006201382597362794,0.0009604889681172231,0.0017683357791880832,0.9894876382329101,0.0017996944614813825,0.0009832662686359783,0.0010926363801123295,0.0011406089276515972,0.0010065837945154176
O81027,3,468,S,test,6,0.004378719352690433,0.006296774046807997,0.00257663108549739,0.003440253978721857,0.0017030492105151525,0.005886459388341026,0.968908629503747,0.0016378063374223432,0.0011613787177278817,0.004010298378528909
O81242,0,355,U,test,0,0.9944354665052187,0.0014031204502632268,0.0003415069322343304,0.0010235418310042058,0.00044890241178883333,0.0005086731033018846,0.0005289363574007191,0.0004119360302107782,0.0004087302718864468,0.0004891861066908764
O81645,1,965,S,test,1,0.0026849093103073055,0.9872008288565793,0.0016047990203436736,0.002437486245748386,0.0008196510962353832,0.001060707348812331,0.0012400926445678285,0.000980993822045097,0.0008325587611006357,0.0011379728942600138
O81796,3,368,U,test,3,0.0026347562679909483,0.003568791319931202,0.0017346782848709304,0.9830555919265802,0.00168788817304462,0.0014324920489799087,0.0012840776475905712,0.0011069441683731079,0.0015671511651833372,0.0019276289974552215
O82261,6,607,M,test,1,0.00465836540144464,0.980707300926108,0.0009226771798532442,0.005797429666906377,0.0008206460236102655,0.0017577865259466791,0.0016970630163903526,0.0012033978139768691,0.0012033978139768691,0.001231935631786729
O82268,0,219,U,test,0,0.9948930618751962,0.0012410233719704253,0.00036655204419958683,0.0008357748799052023,0.0004875031529284954,0.00046155872131663147,0.0004913266681498763,0.00034434375812160927,0.00039325294247279525,0.000485602585739138
O82291,6,376,S,test,6,0.0016441603941095317,0.0016554383614371293,0.0010461131058805385,0.001042034611425146,0.0006860576805052774,0.001380471536540429,0.9889500908156728,0.0009562247016000758,0.0009413997921857365,0.0016980090006434286
O82359,3,364,U,test,1,0.004393041007049129,0.9804196670716538,0.0026123399557708405,0.0038834760241324485,0.001021010888133815,0.001618873863308607,0.001983485593005965,0.001045223528144947,0.001352619573537999,0.0016702624952624203
O82499,6,141,U,test,6,0.003941501019676859,0.0035301206564427143,0.0028755786926724747,0.0030790261328526784,0.0010173399956421945,0.0018493749498067278,0.9768947311473796,0.001457272384041478,0.0013477565198903659,0.00400729850159497
O82743,0,219,U,test,0,0.9936835039357667,0.0014768982765324828,0.0004052428602136498,0.00134637376083008,0.0005203421704282196,0.0005737206934628285,0.0005850363796899494,0.0003927748368694298,0.000414852887273101,0.0006012541989335808
O82804,0,695,U,test,1,0.0022575657287081667,0.9886282231708327,0.0013375633609814246,0.001927230535911376,0.001180395591821313,0.001045772578668529,0.0007955817594679992,0.000967181534546939,0.0009157089711123484,0.0009447767679492861
O88286,0,1684,U,test,0,0.9942504800017798,0.001296483023691743,0.0003606361075807877,0.0012271857595368854,0.0005288379318438074,0.0005046206940915312,0.0005350716809384574,0.000355044941922623,0.0004086542237102616,0.0005329856349040574
O88291,0,580,S,test,0,0.9949029428095785,0.001227017080635053,0.000341667482027578,0.000810068855901646,0.0004561859450365326,0.000465183392912669,0.0005209807246741663,0.00039634117326634564,0.0003901964824363645,0.0004894160535311768
O88343,4,1079,M,test,8,0.008379152855019207,0.006551231628708457,0.006011748133988961,0.026995462907078046,0.0385937610657855,0.030530176616071037,0.006349671540390785,0.011035721589761148,0.858042048942622,0.007511024720574838
O88703,4,863,M,test,4,0.00212312914219137,0.0008528100887941069,0.0010613393074669494,0.0018018763156771437,0.9877890111350992,0.0016894032917948573,0.0010613393074669494,0.0012852301668434805,0.001240831462319196,0.00109502978234679
O88705,4,779,M,test,4,0.001693979316648972,0.0007130854324432719,0.0012466249044744292,0.001533374711864894,0.9885319831560495,0.001864109721903962,0.001062137579131995,0.0010830864006427634,0.0012177466858591317,0.001053872090981105
O88728,4,134,M,test,4,0.007968047808156464,0.0019186297851501032,0.009252127462462519,0.004730141359528826,0.9336590375201659,0.017506091307283516,0.004842313112499526,0.010638738283897144,0.00542313384585422,0.004061739515001772
O88850,0,1191,U,test,0,0.9946190188263009,0.0014289639757175277,0.00030379861921862666,0.0008587068356017594,0.0004385845417057947,0.0004950438195027678,0.0005208320835663384,0.00045250670834798393,0.0004120120749250898,0.00047053251511323626
O88871,4,940,M,test,4,0.0013362994559116591,0.0005473460837141273,0.0008610962896020262,0.0016533353675341185,0.9896249437440036,0.001966262517174025,0.0008780798864771532,0.0011274768144504878,0.001088527627470694,0.0009166322136621228
O88958,1,289,S,test,1,0.0024487082064686516,0.9869151650084595,0.0013196895085529827,0.0024655048397991598,0.000746084864486639,0.001340471619920044,0.0012062940145765,0.0010277753321799813,0.0011200060576751585,0.0014103005478812967
O89017,8,435,U,test,1,0.004569806006025223,0.956442584355096,0.015888007071117847,0.005776775685067598,0.003330307096497057,0.002523686628262063,0.0018901538340888504,0.0024460406459053943,0.0039548374950511885,0.0031778011828888005
O94091,2,468,S,test,2,0.0006414213403898178,0.0013499558731848418,0.9919586221251282,0.0005886013867072547,0.0005153965886722092,0.0012387892654734097,0.0006439318365133399,0.0005572765883800998,0.0016661595247188577,0.000839845470831988
O94251,0,102,U,test,1,0.0031104941981234904,0.9862766612903654,0.0010111865419622865,0.0036485413222892196,0.000663152256971218,0.0012882850193211607,0.0011105711085977574,0.0008253063881507258,0.0009724485902439148,0.0010933532839748057
O94275,1,807,S,test,1,0.004304066963971878,0.985504970568519,0.0009344629208921518,0.0022242154086200856,0.0011360180155289262,0.0011629579192223467,0.001092497775277195,0.001458675900494794,0.0012476716065814583,0.0009344629208921518
O94278,0,857,U,test,0,0.9940490190760425,0.0015359211103342233,0.0003778668138632804,0.0008062181249199714,0.0005628309819259536,0.0005829698444092991,0.0005287307782146275,0.0005433876428290561,0.0005124634239310845,0.00050059220353
O94284,3,459,U,test,3,0.002147959746703395,0.0023962221689608552,0.0016533436477772626,0.9857716416341321,0.00145907057645808,0.0010758512496227245,0.0016598147097617916,0.0008184644856120818,0.001470514318841795,0.001547117462129886
O94330,3,500,U,test,0,0.9946111801338129,0.0012294304770146954,0.000331058353549414,0.0009980568791384248,0.000448981723731594,0.0004854650063466222,0.0005167747918720529,0.0004024646041644416,0.000445487750550899,0.0005311002798189569
O94358,3,845,U,test,1,0.002688568335320681,0.9885160985721889,0.00080173073146659,0.002505944824844365,0.0007299840845847657,0.0008943951745452984,0.0008402065776511163,0.001045653952400682,0.0011306214218049855,0.0008467963251926004
O94378,1,860,S,test,1,0.012780382089636581,0.9687788924634172,0.0008298887270288051,0.009098118022813401,0.0011887607203765656,0.0022647007930723354,0.0011980844233497256,0.0014451655789367876,0.0014227604028784603,0.0009932467784901906
O94432,0,474,U,test,0,0.99273763116713,0.0023071508384942805,0.00037736834263038126,0.0012494858158036343,0.0006246103108449269,0.0006197495635096609,0.0006270549744938884,0.0004807797279196327,0.00044813599725241693,0.0005280332619211967
O94433,5,172,M,test,5,0.0026583274432106516,0.0020302639642969618,0.002229808680999327,0.002282687316135351,0.022696900106244214,0.9501343131814521,0.0015445433673951835,0.002863131105859587,0.010763218101030526,0.0027968067333760415
O94438,1,252,S,test,0,0.9546776485817119,0.01965951312046584,0.001109113761523898,0.01694755747279642,0.001002000714908637,0.0014693370185642908,0.0018501745201594763,0.0010834211310297368,0.0010834211310297368,0.0011178125478100661
O94439,8,728,M,test,8,0.004294950238032915,0.0037607843890466552,0.007746830548655228,0.010967540778683314,0.013030637146558964,0.027572393501747165,0.004098270289781301,0.031365899208850676,0.8919209262677243,0.0052417676309194335
O94500,3,452,U,test,3,0.0019692633219046533,0.002750118121556913,0.0014922958030837187,0.9848636478057908,0.0017310933017703658,0.0014073689675357793,0.0011990933527705188,0.0010917868369061288,0.0018499515930099175,0.0016453808956711604
O94510,1,433,S,test,2,0.011727534677081576,0.03298718717305304,0.7723512923692164,0.024418423797260537,0.009497247240504424,0.01834221294073944,0.04548616517753723,0.003156423204345686,0.07297117704017071,0.00906233638009098
O94521,1,333,S,test,1,0.003697416648708595,0.9753825410169445,0.001846512149365302,0.008438712697211694,0.0014213110182464974,0.002573661904723818,0.0025337607870387826,0.0009922350032417289,0.0016359190495631346,0.0014779297249559013
O94527,1,809,S,test,0,0.9949262748813066,0.0011948962493132462,0.00033376059434459443,0.0008522875078937018,0.000459774629074028,0.0004561966330433482,0.0004990806641748056,0.00040574968006827346,0.00039945911956214275,0.0004725200412192349
O94532,4,1461,M,test,0,0.9909888742327712,0.003305468588313107,0.00034299247119018076,0.002026521061574116,0.0005069100696093852,0.000648347870199656,0.0006585578427992985,0.000531237203905685,0.0004761979334924014,0.0005148927261450087
O94566,1,551,S,test,1,0.0026256140154324826,0.9873280216511345,0.001362150574631249,0.0027502766679470855,0.0008590976608421671,0.0011788432363782555,0.0008658356052426274,0.0009216772427804897,0.001142573808976851,0.0009659095366342673
O94598,1,815,S,test,7,0.005133579434917696,0.019756044999287955,0.0063391252732269325,0.005771839003447155,0.01456719529539761,0.034808646547151,0.009295713065559989,0.8367733873556177,0.06253980784055965,0.00501466118483437
O94601,1,321,S,test,7,0.004941803399746909,0.013832587739103995,0.003253597996718997,0.006572449109582848,0.010021788061115573,0.009469923556686898,0.008758247823856133,0.8812347048326153,0.0576714053347208,0.004243492145852541
O94639,5,408,M,test,4,0.0013180878477813609,0.0005848979616172763,0.0009718971625919098,0.0020980868771756514,0.9857173634824439,0.0035969578148549466,0.001252824839753084,0.0014476364408477422,0.0017495966984638835,0.0012626508744702676
O94676,0,1097,U,test,0,0.9825444906761952,0.007985645977649882,0.0006015222225010783,0.0033159342429883395,0.0010598361355563647,0.0009100739926781705,0.0010765261347369568,0.0009244056502477779,0.0008031374382140022,0.0007784275292322676
O94682,1,253,S,test,1,0.00284137522975186,0.9884071692999479,0.0008335761745242917,0.002270324563203449,0.0008079296469520169,0.0009083797689709406,0.0008735803197850857,0.0011216993156385317,0.0011216993156385317,0.0008142663655874086
O94704,0,168,U,test,0,0.9947745009845735,0.001240790247597149,0.0003389648094427451,0.0008307930799126551,0.0004669437944410386,0.0005009575318196036,0.0005188825245884964,0.0004088695978679899,0.0004318523712163769,0.0004874450585404154
O94745,3,502,S,test,3,0.0021526347665361007,0.0028206188926607647,0.001482375302965401,0.9859895623532068,0.0011059194710540815,0.0010845289707549282,0.001584156403078318,0.0008646618735213235,0.0013980130780654795,0.001517528888156861
O94752,1,454,S,test,1,0.0022514559075991953,0.9878802546579925,0.0009971280423747867,0.0025474993263314132,0.0006539325257449429,0.0011703235134210544,0.0014116796791028732,0.0009294256747897709,0.0009221927337653163,0.001236107938878164
O94753,2,361,S,test,2,0.0005697447305284697,0.0010236458556003676,0.9945366320367502,0.000498885169297564,0.00048732850395679625,0.0007373045036068516,0.0005522154935540651,0.00046319918766420375,0.0005809818940204828,0.0005500626250209908
O94804,4,968,M,test,1,0.002795247039233879,0.9886384660187826,0.0010705834651823334,0.002000113020405199,0.0009901277977930857,0.001013607950594944,0.0008081186912919645,0.0008806378614447493,0.0009085922620029017,0.0008945058932683514
O94888,0,489,U,test,0,0.9938219421826069,0.0016108361880052856,0.0003690292225149821,0.0011136164713846078,0.0005004778321133602,0.0005432635463242902,0.0006060543015361673,0.0004701554544894152,0.00040847809537472655,0.0005561467056502426
O94901,0,812,M,test,0,0.9916245449237636,0.0018562954121226936,0.0005192639711954609,0.0025310679614374944,0.0006693577233917251,0.0006362155032677285,0.0006746074723866534,0.0003653478091768944,0.00041077161305667204,0.0007125276102010779
O94927,1,633,S,test,1,0.0033438008654243395,0.9879031338054923,0.0011612430164130833,0.002415515607836777,0.0008462712490843123,0.0008799828546874399,0.000758592704103513,0.0009367368931610261,0.0009150374273834404,0.0008396855764137708
O94966,5,1318,M,test,4,0.2386206039221087,0.012548013173148576,0.013462052300880012,0.027141031990019052,0.2811637636005931,0.12187547736104672,0.015135792704275697,0.25801039799345427,0.01804454698596156,0.013998319968512356
O95232,0,432,U,test,0,0.9947505191748796,0.0011472355809756627,0.000431841978600574,0.0008005085660172225,0.0005168471625986563,0.0004724365526557231,0.0005698672382159316,0.00039938853139896257,0.00040252097654457336,0.0005088342381131053
O95445,2,188,S,test,2,0.0006404316417265694,0.0010435917267013182,0.994304314410114,0.0005740791524621953,0.0005435272295231772,0.0007342584982510576,0.0006255960794526003,0.00044188453874265864,0.0005227050670823976,0.0005696116559439709
O95563,3,127,M,test,3,0.003313114700123636,0.0029409954447591697,0.003155227348056983,0.9721686438672485,0.005874626921773402,0.0032553848065349955,0.002850510469904146,0.0015437535785052011,0.0027628094511110367,0.0021349334119829056
O95684,1,399,S,test,1,0.0032537247776256674,0.9848082695099226,0.001199025912779714,0.0021167223761273087,0.0024554410765351997,0.0014072897432072843,0.0008370550604173018,0.0015699452018829608,0.0013428452593245695,0.0010096810821773373
O95747,1,527,S,test,1,0.0023043643825823522,0.9886381883803258,0.0007711121315710518,0.0024244051062530954,0.0009085920444775767,0.0012614550801380777,0.0009157182335363281,0.0009085920444775767,0.0009301387735804543,0.0009374338230577363
O95834,1,649,S,test,1,0.022256390139658463,0.9463657318677526,0.0006119400807387125,0.010249598430269095,0.0030003316771907416,0.005338233194097469,0.001514566296853834,0.005034433455373219,0.0046198561609215785,0.0010089186971442953
O95841,2,491,S,test,2,0.002401535680035987,0.001959119264035131,0.9874752361038703,0.001732297043442836,0.001284822032361638,0.0017942812186338972,0.0010946820475787357,0.0005461571381504122,0.0008659647601322453,0.0008459047117587945
O95926,0,243,U,test,0,0.9936504263400602,0.0018090316921601378,0.0003927617524120997,0.00134304598802125,0.0004700742972662852,0.0005043161446549466,0.0005692370651728681,0.0003520693615970932,0.0003927617524120997,0.0005162756062430581
O95931,0,251,U,test,0,0.9947633006825286,0.0011114103097051265,0.0003608221253671587,0.000999184893310167,0.00051685381184,0.0005009518865565285,0.0005209075679117764,0.000349720789538272,0.00039320164969241015,0.0004836462835499421
O96693,6,488,U,test,0,0.9878320110442619,0.003704599323748587,0.0005254239717477013,0.003990010379293919,0.0006047592770174777,0.0006960736621563743,0.0008528472265877609,0.0005506395335303283,0.0005421026223167424,0.0007015329593391827
O97859,4,428,M,test,0,0.9909299429992392,0.002871670301894003,0.0003826130404984001,0.0024087611091428707,0.0005068798966367624,0.0006741349405255148,0.0006874311408409494,0.000535371845924725,0.00045082833919630913,0.0005523663861012171
P00287,6,99,M,test,2,0.0008278862403997971,0.0011539048180508236,0.9932319840181376,0.0005493410786603877,0.000488594044739816,0.0010163304167407653,0.000837645163103928,0.0004483591304789277,0.0008087082695548963,0.0006372468201330541
P00288,6,99,M,test,2,0.0008244356573086869,0.0011925388609829908,0.9929634748662285,0.0005666257827249395,0.0005039674487788079,0.0011312804212564457,0.0008844903626293673,0.00045529661922337857,0.0008180199508314711,0.0006598700300354095
P00289,6,168,M,test,6,0.001958446171948248,0.001960359807067475,0.001438437889002501,0.0011558173348069649,0.0007232920256993252,0.0017148730641279092,0.9871359772038453,0.0010160286060124147,0.0010280051818608042,0.001868762715629083
P00290,6,99,M,test,2,0.008249855855766411,0.02513982805972852,0.7662018178740614,0.008850802941517157,0.0059421474091488884,0.0758642577775629,0.08267218130533587,0.003034951957792186,0.01859133561901926,0.005452821200067462
P00291,6,99,M,test,2,0.000778258443906999,0.001039111269591598,0.9939104061433589,0.0005123919590856767,0.0004889278084800659,0.0007874322631681883,0.0007426193449688646,0.00041820211777315836,0.0007141701151907273,0.000608480534475794
P00292,6,99,M,test,2,0.00150459809473033,0.002813706207475926,0.9814142319859994,0.0011672138873480807,0.0008949339653177784,0.005525131766177298,0.002960279630761002,0.0007654776122869321,0.0018579308534635798,0.001096495996439655
P00293,6,99,M,test,2,0.0007603743193294849,0.0009975429350826052,0.994099089709669,0.000506518499362042,0.00048143906054233315,0.0007784061786503189,0.0007227256061615929,0.0004054123504599807,0.000663210313166527,0.0005852810275761262
P00294,6,99,M,test,6,0.011864579315850268,0.03920757781492801,0.16061756059699941,0.013081692195725698,0.010676966078608203,0.1202970001482321,0.6014471666927836,0.005942625941548383,0.02558770782944106,0.011277123385883282
P00295,6,99,M,test,2,0.0008979152437406128,0.00126873918277219,0.9924066293376941,0.0005981405042978672,0.0005196734953013248,0.00125151111276696,0.0009939015938667541,0.0004806193868073112,0.000894414576935924,0.0006884555658169944
P00296,6,99,M,test,2,0.007720897648329059,0.020075438434325486,0.8157327887368845,0.007630945849605998,0.006277045317434705,0.053803411353444505,0.06592131981637676,0.0025164191479927814,0.015765087192856637,0.004556646502749631
P00297,6,99,M,test,2,0.001071135087476689,0.001818506929358142,0.9891479381533624,0.0007477727762646674,0.0006396039043779067,0.0023247702907860457,0.0014669303161189706,0.0005778339905374694,0.001327851952782008,0.0008776565989356952
P00298,6,99,M,test,2,0.0009571525711075371,0.0016684108373939033,0.9899097657421196,0.0007310132478613206,0.0006155748836906528,0.0022472855581355568,0.0013980994666157012,0.0005693136467981467,0.0010973807630948367,0.0008060032831827334
P00299,6,168,M,test,6,0.001822567387830739,0.0019081700167834575,0.0012599922202890144,0.0012022930627876053,0.0007067915709513954,0.001732325841237279,0.9874917048606251,0.0010486586018444363,0.001008485188576752,0.0018190112490741705
P00732,2,417,S,test,2,0.00241615194500123,0.004452942729442209,0.9747452599765585,0.003283194051708719,0.0018238071195354878,0.007185175501479776,0.0017539381453552517,0.0008156570309392928,0.0021999314689287236,0.0013239420310507822
P00927,3,576,U,test,3,0.014719487425782886,0.024173718702482125,0.0029440825855098136,0.9432472751131072,0.0019842995354172636,0.0017511381665015011,0.003509868474283918,0.0014631307480146196,0.002909783140809185,0.0032972161080914164
P01040,1,98,S,test,2,0.0008988051302182017,0.0010948053491865823,0.9933901192788416,0.000655016187079022,0.0006601535954172453,0.0009661623975816771,0.0007222101819477237,0.0004810957063013647,0.0005580808121668097,0.0005735513612598266
P01096,3,109,U,test,3,0.011241910085782339,0.018176280023426764,0.0023108548562758126,0.9543733629021826,0.0020876834239511306,0.0015273818332112944,0.0036927354646717815,0.0017172814171995457,0.0027016629556133676,0.002170847037685402
P01142,2,190,S,test,0,0.9936591191859101,0.001666572710718504,0.00042801125073024316,0.001340437152515699,0.0004926378804750491,0.0005162800870626373,0.0005714699740238969,0.00035761676542502984,0.00042468046271916835,0.0005431745304197269
P01143,2,187,S,test,1,0.07890740475138092,0.8752635607380325,0.0025966250382585153,0.029256082833180146,0.001990901416826525,0.003763338061411895,0.0023827970885432104,0.0019296478620313608,0.002152677744956138,0.0017569644653787895
P01405,2,60,S,test,2,0.0009689713073492534,0.0008501184282803938,0.9943342984813288,0.0005351167413901458,0.0005186529380204469,0.0005854195088080232,0.0006231757900640722,0.0003779752720284613,0.0006454739798735948,0.0005607975528567656
P01406,2,60,S,test,2,0.0008996896344628151,0.0008737138833233063,0.9943676736487232,0.0005309702906256442,0.0005309702906256442,0.000606387105799883,0.0006354882009225712,0.00038095252796830384,0.0006111430210121016,0.0005630113965364502
P02655,2,101,S,test,2,0.0005901384946245472,0.000946729573277682,0.994549109176994,0.00047790873864611176,0.00046683801973937644,0.0007035497788241277,0.0005543837981371796,0.000438553723659225,0.0007008068591815422,0.0005719818369161658
P02724,4,150,M,test,4,0.0024852596667316452,0.0009469901552537426,0.0033573715452593416,0.0019969621190129294,0.9679890862596316,0.012769963581141233,0.00168819236421708,0.0033377564948712042,0.003672975577932396,0.001755442235948772
P02730,4,911,M,test,4,0.002609840850761112,0.0008374201209888293,0.0011717614358520824,0.0028496037961762742,0.9699631421427621,0.011381003177691978,0.0015523317410938763,0.003644698798224156,0.0038684120287345884,0.002121785907715012
P02835,0,410,U,test,0,0.9949611368064564,0.0011775616954209627,0.00036945219986514607,0.0007010971854086603,0.0004952141288070591,0.0004725365988688355,0.0005089419398931058,0.0004121537762226523,0.000421927686444784,0.0004799779826124536
P02836,0,552,U,test,0,0.9950411944449029,0.001017187957788748,0.0003995052259284717,0.000698420046512724,0.0005439300454992648,0.0004837814208555024,0.0005109749632708997,0.0003902507025816833,0.0004252711381443614,0.0004894840545154562
P03872,0,296,U,test,0,0.9945738474445125,0.0012591529894815465,0.0003415544601964657,0.0009749003960326149,0.0004892541699802641,0.0005107349521712387,0.0005228467449657709,0.0003931267718224152,0.0004317652820040197,0.0005028167888331863
P03973,2,132,S,test,2,0.0009264597759299687,0.000760598017401798,0.9943914913675681,0.00048535779463521105,0.0006712254411134045,0.0006207820363203748,0.0005478382248900364,0.000415148463000729,0.0006480376601325889,0.0005330612190078216
P04201,4,325,M,test,4,0.0013026948177109002,0.0007138178511573004,0.0009023503740551684,0.0016694295168375231,0.9895472771923023,0.0015652238313798648,0.0009129869512359402,0.0010385988537712902,0.0012333666978761445,0.001114253913673582
P04814,2,256,S,test,2,0.0006184263399143121,0.000894548106580793,0.9944951774311174,0.0004778828417243234,0.0004524503730786394,0.0007547576990807438,0.0005764367318183306,0.00040875481491767506,0.0007606773597760722,0.0005608883019917233
P04913,0,126,U,test,0,0.9950304754483251,0.0007976121266732656,0.00041867341629193164,0.0007492871917484479,0.000537587252397654,0.000546053033423797,0.0005251341298938473,0.0004026342941616264,0.00044220727007462273,0.0005503358370097291
P04919,4,929,M,test,4,0.003356755332229622,0.0010317820390983966,0.0013562518056817238,0.0037593879777221163,0.9528070338446603,0.018288773025864225,0.001782759371652801,0.006150698913896358,0.00867281783434627,0.002793739854848274
P05166,3,539,S,test,3,0.0020712400467711237,0.0023933132886772017,0.0016448986038803408,0.9807364038549184,0.0026699337966464443,0.0019457496812358055,0.003013636307495602,0.0011129940723418833,0.0017104239010307554,0.0027014064470023426
P05186,4,524,M,test,2,0.0076498327746309875,0.019306946303095877,0.5533184935620058,0.015943620153480328,0.027360429643312655,0.24172694677178397,0.01871293573395849,0.01113043990893202,0.09540407239649913,0.009446282752300783
P05366,2,122,S,test,1,0.02850650764149139,0.6826031544971906,0.13867924301885057,0.045198770608319755,0.025206086538659956,0.029182521204160174,0.011472767785244335,0.011472767785244335,0.008009282336097177,0.01966889858474175
P05549,0,437,U,test,1,0.0021347788953141695,0.9874066099447713,0.001394564135110957,0.0017423559772736564,0.0017560213906304926,0.0012403510775181312,0.0008458458967012238,0.0013622589978182133,0.0009966499060167148,0.0011205637788452428
P05740,1,184,S,test,1,0.004118980309692811,0.985495611495669,0.0012973609642946337,0.0024909795803207957,0.0007930608574921865,0.0011360072352931633,0.0013126539792222948,0.0009716785709966478,0.0012476597717252748,0.0011360072352931633
P05747,1,59,S,test,1,0.004945734142982068,0.98099218364893,0.0017720875158642108,0.004107797674392467,0.0009597111352005787,0.0013747227040430356,0.001828339627961406,0.0010623033521881535,0.0015276349162282878,0.0014294852822097344
P05764,1,87,S,test,1,0.0035790677540520105,0.9808147562172107,0.0047045958353613485,0.0025578443151119887,0.0016972488845504886,0.0017172554409244506,0.0011848706788774664,0.0012612882620034092,0.00105384580810785,0.0014292268038003108
P05981,4,417,M,test,4,0.0010235407936327787,0.0004667841671194458,0.002075701364342589,0.001495071766649393,0.9866956999346908,0.0034897510894717778,0.000992049632489538,0.0011598236779762796,0.0015455461932601543,0.0010560313803672785
P06103,1,763,S,test,0,0.9923904040393691,0.0025678919096597283,0.0003151927596692518,0.0015145694965329332,0.00048061155118601657,0.0006342245476749904,0.0005957988740498111,0.0005618918614574951,0.00045503388083020254,0.00048438107957051005
P06296,2,191,S,test,2,0.0007603709039165785,0.0010639501343162171,0.9940945678915839,0.0006606217262052715,0.0005308244182351503,0.0007875781513681337,0.0005717204181078404,0.0004349419459380304,0.000541293996299537,0.0005541304140293084
P06400,0,928,U,test,0,0.9946874900293285,0.0010919613258900866,0.00032595077190397594,0.0009035014635584406,0.0005208679006628693,0.0005088019772395087,0.0005127925777868492,0.00047056490170707877,0.00046326947412312584,0.0005147995777995728
P07030,6,165,M,test,6,0.0018332078657043098,0.001909961300634567,0.0013359746374395564,0.0011427196194447474,0.000674399474507535,0.0017664255192885252,0.9874539162064085,0.0010445303989387595,0.0009585148447886454,0.001880350132844766
P07250,0,355,U,test,1,0.021756520554562925,0.9470491054014153,0.000993994036042303,0.01701031216779106,0.0016516726759285155,0.004217693489188021,0.001799890697714528,0.0020395435332336395,0.0020236714668533115,0.001457595977270434
P07251,3,545,M,test,3,0.0017542294932164123,0.0021746622807516038,0.0015122402136306039,0.9863989749924333,0.0011107088513381206,0.0010977687057199758,0.002062954324385002,0.0008189853726606171,0.001415079865710588,0.0016543959001537626
P07256,3,457,M,test,3,0.0017418772274565653,0.001997071844204516,0.0013887455407163472,0.9871352612585799,0.001206563007144702,0.0011334610513372362,0.001484097841240156,0.0008325034537839697,0.0015432176179826914,0.001537201157553948
P07266,3,363,S,test,1,0.0052357058343080925,0.9822802846944247,0.0005920372028414249,0.005104441974924744,0.0008957236738287307,0.0015118199648538242,0.0007966731553957417,0.0013393981681570956,0.0014595934919016513,0.0007843218393639672
P07313,1,608,S,test,1,0.0027288419394918832,0.9880399011888854,0.0010825472312987906,0.001944985221791283,0.0012508808746411752,0.0011125565398369833,0.0009590836614273156,0.0010289465908523369,0.0009442145727991689,0.0009080421789757067
P07664,0,433,U,test,0,0.9950723133114006,0.0009361922351565976,0.00039951774268018103,0.0008117907048232561,0.0005612138238834413,0.000489499365708902,0.000499153921257329,0.00034172565489085343,0.00039332380722424323,0.0004952694329746137
P07665,0,356,U,test,0,0.9948704038321752,0.0010140381959876331,0.00039632819501302194,0.0009143196392756765,0.0005744059811590691,0.0004874920603128206,0.0005049353222332703,0.00033899749876625904,0.00039018373698181927,0.0005088955380952923
P07766,4,207,M,test,4,0.0012398066439553378,0.0005632074887566116,0.0016847143381039495,0.0012446590673898424,0.9869732240596749,0.003781760802238619,0.0009769441074346517,0.001115705233588251,0.0013301183908156734,0.0010898598680421073
P08018,1,668,S,test,1,0.0020677320846671688,0.988683486182336,0.0010623003672516423,0.0019769011285548973,0.0009824671661967466,0.0011308128771580315,0.001005765829377151,0.0010540335991307648,0.0009824671661967466,0.0010540335991307648
P08985,0,141,U,test,0,0.995160868926443,0.0008086977883464562,0.0003872603203838413,0.0008182305139559135,0.0005011521217357592,0.000503113545033302,0.0005050827099487507,0.0003666507365348049,0.00041546967008731817,0.0005334736675309211
P08992,0,146,U,test,0,0.5036014881681554,0.43753656459715595,0.001994783045758045,0.03591518825720407,0.0028798053784681132,0.005486299248035909,0.0035009532938649196,0.0033146356947697233,0.0034198537245961128,0.0023504285919917745
P09031,2,97,S,test,5,0.0329930481529446,0.0685622611855526,0.18474069082861186,0.05311031222530379,0.024422764573427957,0.31180894113492175,0.02461431341103388,0.033643778131535275,0.25251057532374266,0.01359331503292561
P09932,0,586,U,test,0,0.9824524268658218,0.006098364884029617,0.000625425488178336,0.0062429829692217925,0.0006977125282805003,0.0008751276007641289,0.0009916493743309216,0.0006157291404461853,0.0006402570899353724,0.0007603240589913198
P0C0S6,0,128,U,test,0,0.9951663850542882,0.0007961645108462922,0.0003964461252493639,0.0007992806000265493,0.0005050855529590957,0.0005031163294178457,0.0005130394558659322,0.00037242670285840356,0.0004187305808500352,0.0005293250876382306
P0C0T4,1,108,S,test,1,0.08625231864002963,0.8711175348646876,0.0023530547830256645,0.026511784771035538,0.001592156605935654,0.0032925156584948066,0.0028830229281146444,0.0019970115830283018,0.002210490493767935,0.0017901096718803008
P0C0V8,1,87,S,test,2,0.009199218143394364,0.016528001694030934,0.7809606212318229,0.014331757892505497,0.10569152943559308,0.04423122525552063,0.006397051728735108,0.008023701014105015,0.005824582220004605,0.008812311384287891
P0C0X0,1,67,S,test,1,0.006690151201053842,0.979423901499748,0.0015859497118533789,0.004224063453161582,0.0009071835859758067,0.0014160935836673217,0.0017350340865527692,0.001060605188205495,0.0018541629356610238,0.0011028547541207922
P0C1Y9,2,61,S,test,2,0.0010807721600876161,0.0008063052224876379,0.9941563781890123,0.000541327647183378,0.0005628917814952819,0.0005968591536597089,0.0006206352955407238,0.00039296175931020954,0.000678977009727941,0.0005628917814952819
P0C1Z0,2,61,S,test,2,0.001025441542536734,0.0008239654271618649,0.9943372293726956,0.0005268221022395854,0.0005456725966843661,0.0005763451845205849,0.0005946403196235191,0.0003869398256865479,0.0006329912553122689,0.0005499523735388475
P0C2B6,3,128,U,test,3,0.001787211329417987,0.002317345066332891,0.0017733031905372107,0.985507276907996,0.0014304659955191863,0.0010925003161921718,0.0022636636316572104,0.0009271931157933519,0.0015467025066052786,0.0013543379399487462
P0C5W7,2,66,S,test,2,0.0007230569186793272,0.0008503069488792935,0.9945548192746979,0.0004385562241407265,0.0005310701944322596,0.0006661112613834275,0.000645617160078348,0.0004283970670510397,0.0005878411705479461,0.0005742237801097666
P0C606,0,293,U,test,0,0.9944153651939076,0.0012883357221493573,0.0003869702196201629,0.0011362585512330844,0.0005066796831207445,0.000504704348013917,0.0005268635380330231,0.00034687791933291,0.0003692495673063984,0.0005186952572827547
P0C607,2,75,S,test,2,0.000890952413994597,0.0008143963599771448,0.9943743893233509,0.0004872490219493679,0.0005718813597733644,0.0006330149448648261,0.0006135391272842277,0.0004119107303996486,0.0006330149448648261,0.0005696517735411555
P0C7L0,1,485,S,test,1,0.0033525425625838675,0.9779908429367737,0.004469679564477886,0.005315656184319961,0.0014703496948268802,0.0016275287692544803,0.0017735802854043365,0.0013598513007198622,0.001247869542616663,0.001392099159022347
P0C7P3,0,912,U,test,1,0.0029609212981034053,0.9878778567470535,0.0008528867714864536,0.002693975607081627,0.0007468126215181087,0.0011387532703521356,0.0009664474162617382,0.0008938177006039291,0.000886861943255099,0.000981666624284019
P0CB05,1,711,S,test,1,0.002209851251484318,0.9887493696861299,0.0007132422651457624,0.002422311073198791,0.0007833433799211254,0.0011133554918967507,0.0008145482736266717,0.0011759376903968193,0.0011577064692022683,0.0008603344189976176
P0CB20,2,123,S,test,2,0.0007432533505936233,0.0008067938876217017,0.9947588886771599,0.00044904843123032533,0.000524990781099533,0.0006258820720916485,0.0005545007294888817,0.0003993919070756981,0.0006019048788653632,0.0005353452847733345
P0CG03,2,260,S,test,2,0.0005520674184834107,0.0009173441438868764,0.9942698654232652,0.00048529843611021625,0.00048719781009928825,0.0008702220203969058,0.0005651593096145471,0.00044533486465046356,0.0008467493178721531,0.0005607612556209121
P0CG12,0,524,U,test,1,0.010079313058675222,0.9734024687621065,0.001251756329419984,0.0075786027492003045,0.0010960744833401624,0.0017243671015991385,0.0011759162945369276,0.0010875447335072768,0.001271468701191553,0.0013324877864229851
P0CI04,2,42,S,test,2,0.0011145655192208509,0.0008799735139871682,0.9936980510266451,0.0005244308799734186,0.0005626322182202896,0.0006450609591678951,0.0007002071294215293,0.00046280864184369467,0.0007309498544854708,0.000681320257034588
P0CT87,2,472,S,test,2,0.0009217932032206683,0.0018511946132139575,0.9874521869245427,0.0007946353693760477,0.0009660310245261112,0.002045087703427202,0.0010243254717590181,0.000826290091657115,0.00308205576243872,0.001036399835838381
P0CT88,2,407,S,test,2,0.0007708575204573057,0.0012439151159950048,0.9921799419379577,0.0005530631484877463,0.0005796052002992533,0.001143712378797496,0.0007471406355395688,0.0005933501820611243,0.0014054171528497933,0.0007829967275550421
P0CT92,2,617,S,test,5,0.0021695013457302317,0.004165519660052765,0.003936139583067223,0.004382513147688513,0.001944728404773995,0.9688015478094856,0.0048795073502213866,0.0014117212414444134,0.00590740241381781,0.0024014190437180935
P0CX31,1,135,S,test,0,0.9851281903462078,0.0058122002820192396,0.0005665636557779753,0.004057569731413051,0.0006370046352396982,0.0008179301990332285,0.000978934193968267,0.0006174060606415299,0.0006623800282494401,0.0007218208674498141
P0CX32,1,135,S,test,0,0.9857986751733787,0.005463773155388163,0.0005495060819553977,0.003874395578550221,0.0006178263315550992,0.0007995267761604158,0.0009494614388932417,0.0005988178057742982,0.0006424378101249655,0.0007055798482194618
P0CX82,1,189,S,test,1,0.007595123425313612,0.9793424813935728,0.0008791993885314242,0.005556711368469956,0.000845517819967978,0.0013095635069990427,0.0012206475886016627,0.00106883457361969,0.0013095635069990427,0.0008723574279247971
P0CX83,1,189,S,test,1,0.007595123425313612,0.9793424813935728,0.0008791993885314242,0.005556711368469956,0.000845517819967978,0.0013095635069990427,0.0012206475886016627,0.00106883457361969,0.0013095635069990427,0.0008723574279247971
P0CX84,1,120,S,test,1,0.003799678250668971,0.9858558682533654,0.0010759431207354008,0.0034970109529832267,0.0006227081289022574,0.0011724963696235812,0.0011543184643368477,0.0008058441771199654,0.000906034997767718,0.00111009728449668
P0CX85,1,120,S,test,1,0.003829292098906899,0.9858076178502755,0.001067517993792282,0.003524266003063764,0.0006226776671912891,0.0011770279168410828,0.0011497620492777211,0.0008058047458107118,0.0009059906739411543,0.0011100430008995938
P0DJ86,2,231,S,test,2,0.0005944718444056401,0.0009518205673270222,0.9940555602251344,0.00049669984931014,0.000488999208209501,0.0008994072435558216,0.000562834698518376,0.0004315402986140416,0.0009334106473951264,0.0005852554175299079
P0DJI8,2,122,S,test,5,0.01363747789181163,0.07180502709818425,0.0336214923179083,0.16228991066753307,0.023934519777956055,0.2870615898466003,0.08840799706209464,0.01497784007899202,0.11154011914571248,0.1927240261132073
P0DL36,2,112,S,test,2,0.000728872451152073,0.000843857032003514,0.9947520186477998,0.0004817552538398443,0.0005068511965311173,0.0006382220493114711,0.0005698680926294401,0.000405678624626314,0.0005437719676717274,0.0005291046844346903
P0DL48,2,48,S,test,2,0.0009687937705228374,0.0008222045934683012,0.9941520835310395,0.0005045707573987615,0.0005899028933828692,0.000637837132798049,0.0006403336010535495,0.00042822358464889064,0.000637837132798049,0.000618213002889228
P0DM40,4,2038,M,test,7,0.10788533704449009,0.006086474630306431,0.011550099313776993,0.022791359005750064,0.26911301949610394,0.0288955064142364,0.011460214573026718,0.5027693199635749,0.02562501240812778,0.013823657150606706
P0DMC2,2,58,S,test,2,0.0007693835954098065,0.0009101036004564882,0.9941587400360096,0.0004522972969814381,0.0005739951235635297,0.0007515608732478942,0.0006529673870677948,0.00046302319478874374,0.0006710683418808997,0.0005968605505938024
P0DMC3,2,54,S,test,5,0.02973758857208469,0.03062169497128008,0.01938844880812706,0.19202895820194776,0.06344822912380527,0.44998250249740673,0.1519074170274179,0.016910907196084173,0.01337762760701827,0.032596625994828085
P10506,1,340,S,test,1,0.002669651792055296,0.9873593038794877,0.0006849541148207484,0.003062265893638857,0.0009435641910182004,0.0015019327292166195,0.0008458053717068873,0.0009289355604675786,0.0010526219303857904,0.0009509645372023751
P10734,0,429,U,test,0,0.9942885324314866,0.0015681225563153951,0.00037795788807084505,0.0010114677446207208,0.0005330060265048032,0.00047778354059865223,0.0005026725565292647,0.0003750165964971652,0.0003839098547561484,0.00048153080462043244
P10911,1,925,S,test,1,0.0038625206160717357,0.9637686436037778,0.0016418954610536683,0.0050573937945976,0.003558320847564451,0.0026443196686757957,0.0023154435761513635,0.0034353969725441726,0.01113300167326916,0.002583063786294309
P10964,0,1664,U,test,0,0.9933363219319886,0.0019939783936253398,0.0003438049638124263,0.0014554904220696139,0.00045546758784721604,0.0005201603603569645,0.0005387724905687013,0.0004312280289538196,0.0004245425015369168,0.0005002333192403348
P11373,2,224,S,test,2,0.0005621955757346867,0.0011445733782565126,0.9929268223569276,0.0005199459505591676,0.0004412723560125755,0.0010022218802924266,0.0008148007122663878,0.0005000271134498503,0.001331623821673038,0.0007565168548276939
P11456,8,279,M,test,8,0.007623862133750308,0.004080759427895108,0.008308014036519682,0.014752894880413692,0.2316773273556989,0.10280619729227242,0.0060782731570022,0.04370125454363595,0.573406884478983,0.007564532693828756
P11490,6,171,M,test,6,0.0016968648074300518,0.001733715378322417,0.0011985662618241412,0.0010372727202566405,0.0007184977731736301,0.00155713068454002,0.9882837335487195,0.001009294044447222,0.0009744275980525696,0.0017904971832338763
P11597,2,493,S,test,8,0.008874123166530122,0.03957733965544167,0.026389951427075016,0.02474269321592455,0.012224620458615618,0.3177498942152575,0.022927986927717657,0.011756303961052268,0.5157589422042451,0.01999814476814045
P11672,2,200,S,test,2,0.00064306697060046,0.0009940582218564583,0.9945035077261744,0.0005106988326189808,0.0005027811927249967,0.0006557503051415655,0.0006088435973090729,0.00042837497042274826,0.0005809625897802602,0.0005719555933711324
P11717,8,2491,M,test,8,0.005875951900543134,0.003245008803890521,0.005563239841583848,0.014902546806107256,0.19611095860030578,0.05618672722754678,0.004134248214881081,0.02272367030787703,0.684494469573914,0.006763178723350607
P11831,0,508,U,test,0,0.9933984594544476,0.002228932025534457,0.00032299509679528643,0.0011439992967383625,0.0004449445594229679,0.0005451574207397756,0.0005494331805099422,0.0004886759712057276,0.0004147338838577677,0.0004626691107481578
P11911,4,220,M,test,4,0.0013061460176006666,0.0005552216159480406,0.0014829508698359362,0.0012610244831447021,0.9883007567617749,0.002929108208730892,0.000866688621445532,0.001070217777004953,0.0012610244831447021,0.0009668611613697388
P11970,6,168,M,test,6,0.0017337535155767165,0.0017405394803255599,0.0011892651477993495,0.0010536307195823911,0.0007018692920408626,0.0015972087196471445,0.9883055749214168,0.0009782628667710657,0.0009371184371120407,0.001762776899728119
P12080,4,1396,M,test,4,0.0011722605875615958,0.0005304472694754981,0.0011540864082013606,0.0013361514871772092,0.9895153804211735,0.002442008304416955,0.0008952993188931841,0.0009987784616760464,0.0010426302541247595,0.0009129574872998644
P12353,6,212,M,test,6,0.0018395506319655035,0.0017331681016330386,0.0011344215317863277,0.0011888636213468408,0.0007126813693720065,0.001363038866430428,0.9879718177332563,0.001032902600648265,0.0010615357632471848,0.0019620197803141524
P12359,6,332,M,test,6,0.001845441385002621,0.0020587385825735017,0.0014094325993244303,0.001590869834115295,0.0007814090246462817,0.0014372310644102137,0.9863077867839097,0.001177625132997002,0.0010597477527007728,0.0023317178403202007
P12843,2,304,S,test,2,0.0006981040596325067,0.0009034137791727097,0.9945910326342382,0.0005290190642270612,0.0005787485482447518,0.0006558080434205566,0.0005436839610404143,0.0003993245040178496,0.0005697758952074075,0.0005310895107984846
P12979,0,224,U,test,0,0.994039114839104,0.0016285889770687558,0.0003522070672954991,0.0010859341741247986,0.0005184989715462581,0.0005476440728810018,0.0005225656500057063,0.000415001349917078,0.0003898577053540446,0.0005005871927027981
P13002,0,1333,U,test,0,0.9946478611644796,0.0013870698508846899,0.0003442589164113331,0.000914115171703376,0.0004779562012526212,0.000472387794805285,0.0004931281144817485,0.0003840485942111413,0.00039934734192587974,0.00047982684984432727
P13010,0,732,U,test,0,0.995164211337512,0.00082787829401505,0.00040584673918722447,0.0007611890747035362,0.0005211175592958687,0.0004689550230000751,0.0005170621149190341,0.00040584673918722447,0.00040268839133030866,0.0005252047268496663
P13432,2,146,S,test,2,0.0006234282331044913,0.0009070827659719995,0.9947370413459412,0.0005028992652008224,0.0005068435907396118,0.000684701979640879,0.0005332464680582642,0.0004386365845225863,0.0005632205016193469,0.0005028992652008224
P13528,0,467,U,test,0,0.9950765251966648,0.0009801673473951945,0.0004089937624871886,0.000684935690584946,0.000543949336725654,0.00048569213830194376,0.0004991560365775028,0.000393325452675743,0.0004319834904467229,0.0004952715481403566
P13635,2,1059,S,test,2,0.002043119181863431,0.003941582080688701,0.9788248018701385,0.0020834161129951443,0.0010435233206248728,0.005116376599790417,0.00271198481558205,0.0007342103110655427,0.0024073827266799,0.0010936029805714029
P13726-2,2,238,S,test,2,0.0007563317843649893,0.0011487719984688309,0.9926839986909018,0.000688647979071938,0.0008877022751483798,0.0013509430235366256,0.0006245765409691636,0.0005890318024224131,0.0006622662316744977,0.0006077296734412831
P14020,5,267,M,test,5,0.01186749625976108,0.002345994644039697,0.0019755259592987022,0.003257091387710923,0.014203533436382337,0.953864863212661,0.002006635623505096,0.0032317445143496618,0.0051441789617074005,0.002102936000584122
P14404,0,1042,U,test,0,0.9949907937612789,0.0010628315217656131,0.0003841809919005379,0.0008708529882542297,0.0005271684059553129,0.0004799922887280298,0.0004932981238259906,0.0003364001261633507,0.0003782248346240134,0.0004762569575040225
P14448,2,741,S,test,2,0.000760430469402755,0.0009519324366106842,0.9941724364620451,0.000611023056945316,0.0006206453064177824,0.0007634067432899974,0.0005762496283866782,0.00045230352540873034,0.0005607063214818415,0.0005308660500110877
P14724,0,124,U,test,1,0.003949975866258051,0.985590349834887,0.0007747640685017897,0.002701552684720837,0.0009870751042571812,0.0014933968625310606,0.000884808323598523,0.0014418068331243253,0.0014194536954491414,0.0007568167266721061
P14772,8,1559,M,test,8,0.006863626327407082,0.0032675760429536215,0.004431490247129997,0.012804172203313894,0.01381759840312586,0.03681566146899745,0.0032421476747878167,0.05613718305996842,0.8577913804819631,0.0048291640903526814
P15381,4,2171,M,test,4,0.0013337773634630452,0.0006551293379488431,0.0009421024022561278,0.0014115037946460995,0.9896882774559423,0.001826621482425442,0.0009569384281870723,0.0009644437817425037,0.0012144180217254336,0.0010067879316630799
P15382,4,129,M,test,4,0.0053229730604682085,0.0019240914180955083,0.005846142101746744,0.003350606538381016,0.9436604055432277,0.023809361382437524,0.002945372034815359,0.0078337841761764,0.003337543808399587,0.001969719936251978
P15383,4,130,M,test,4,0.005396136468419316,0.0014680359630582483,0.0038376604621675244,0.002885524389766154,0.9613133163943859,0.013499807600034618,0.00215273249449415,0.005581037540309719,0.0021359796299938454,0.001729769057370513
P15398,0,1689,U,test,1,0.0023480302471459297,0.9888528704580702,0.0009449914910139772,0.002214403616868748,0.0007189115363181736,0.0010876783766521503,0.0009303407972085141,0.000887737270896417,0.0009231007536338791,0.0010919354521920113
P15424,3,664,S,test,3,0.009402326656104984,0.011430322414687619,0.0023312995626378493,0.9665854569536112,0.001583610213819863,0.0012237191372268948,0.002173010357863442,0.001242989946329775,0.0021393206971397237,0.001887944060578688
P15478,8,386,U,test,5,0.022757058306160562,0.026709824029352007,0.013695437997059358,0.07175896109591444,0.04118758693634048,0.6150787295145536,0.009864453872853824,0.013170773714507013,0.033863446628892006,0.15191372790436675
P15693,4,540,M,test,4,0.007277724108061945,0.00793081455076478,0.053357025509862606,0.015467243780463146,0.4945103987633429,0.32430783986386685,0.016529234672698966,0.018012541010459144,0.05111289938400307,0.011494278356476576
P15705,1,589,S,test,0,0.9046055324397353,0.0645134647550612,0.0007871188267929235,0.01450780071040572,0.0022422928892119804,0.00407615940140991,0.0021396106212143167,0.0031869405578289025,0.0024819920275753423,0.0014590877707644034
P15891,1,592,S,test,1,0.003372499884563733,0.9761566324277151,0.005977006975090457,0.004796801038895526,0.002290878864700072,0.0015992911910780142,0.00144483914499726,0.0015141785540107276,0.0011978137532686855,0.0016500581656803837
P15919,0,1040,U,test,0,0.9939652917819662,0.0017402798937642973,0.0003413454564203158,0.001194908356839119,0.00043829624934581116,0.00047391124567157595,0.0005454684526770932,0.0004117412460096422,0.0003959676107569906,0.000492789706548862
P16068,1,619,S,test,1,0.002030457164926771,0.9880774156305818,0.0007587265094218734,0.002327930912553785,0.0011936442624140998,0.0015326695493525677,0.0009080766591591536,0.0010289856140624975,0.0012756008829319738,0.0008664928145954508
P16104,0,143,U,test,0,0.9950107522537852,0.000821309004937153,0.0004154070125520845,0.000792936495000354,0.0005396806619698864,0.0005333931867354902,0.0005230764607218223,0.00038418870091605706,0.0004353428166464662,0.0005439134067355257
P16260,3,332,M,test,3,0.0029128280123403485,0.003040716752933035,0.002472084992410693,0.9666263324588371,0.002981903969633919,0.0023588801809084838,0.011979382508599897,0.0010884444102904165,0.0017393290609699651,0.0048000976530761024
P16410,4,223,M,test,4,0.0014340226034260145,0.0006240356858456792,0.0015935309110740319,0.0013159332353406908,0.9879576056050972,0.0030536661683356375,0.0009258745810047692,0.001008960948621824,0.0010248497765894076,0.0010615204846647925
P16521,1,1044,S,test,1,0.010865165814441045,0.970439764745899,0.0007510274211774807,0.00911371514886783,0.001050876243392564,0.00211455211744796,0.0015053107457854748,0.0013813506744202906,0.001719118757540713,0.0010591183310276083
P17341,6,97,M,test,2,0.0015344603152725226,0.00269306189701492,0.9815335677823006,0.001185739040467404,0.0009379968212936695,0.0052522019387257835,0.003250038886209189,0.0007655707154637342,0.0017592673777187104,0.0010880952255334707
P17427,4,938,M,test,8,0.028803432586594124,0.07529637534815921,0.007311150947604135,0.058870394163677425,0.04055988930710289,0.03808389015205456,0.01559910089564961,0.34680954631848043,0.36917684365083697,0.019489376629840606
P17558,3,318,U,test,1,0.004349501419125006,0.9862297957634882,0.0008124726161362901,0.0033381370054291317,0.0008061498670590871,0.0009954620804371853,0.0007632473859122495,0.0009498766335257328,0.0010270615067383474,0.0007282957221487844
P17568,3,137,M,test,3,0.0028248557743305552,0.003412420908299469,0.002042630482584983,0.9824207560072711,0.0019263841942084644,0.0014827907056279134,0.0016934001119599227,0.0010151330055419466,0.001584600329746357,0.0015970284804293607
P17629,0,752,U,test,0,0.9904679177510336,0.003700003314821355,0.000337497373104397,0.0018478037362407718,0.000475947605734894,0.0006979310664300117,0.0006952100330367494,0.0006817634819387639,0.0005608033699992347,0.0005351222676602494
P17936,2,291,S,test,2,0.0007938067431771047,0.0009937139697407337,0.9941591028160203,0.0005945337472870288,0.0006304105629735666,0.0007284380265473649,0.0005968607149482469,0.0004183067650719892,0.0005477101660543189,0.0005371164881793815
P18153,2,321,S,test,5,0.013758694539300068,0.031127054005037083,0.016531451536120182,0.017089561519227404,0.006473809352641295,0.841303332814003,0.032876716778703165,0.004082980778670799,0.007054758160436951,0.029701640515860047
P18583,0,2426,U,test,0,0.48823305659476823,0.444541245588935,0.001845348036544029,0.03720986965260181,0.0031884752862459615,0.007327058325167779,0.005466318787130032,0.004824008933701883,0.00446147907307198,0.002903139721833314
P18911,0,458,U,test,0,0.9945692142256931,0.0010686243644473705,0.0004250694246151327,0.0010286900612905372,0.0006088838323821499,0.0004950190365491823,0.0005352431556937164,0.00034693156515390455,0.00036358111238707336,0.0005587432217877979
P18965,2,260,S,test,2,0.0005565385890340369,0.0008876108129654657,0.9945222452988669,0.0004668253992912625,0.0004835291047490076,0.0007956492361031871,0.0005543688404574807,0.0004419813822776342,0.00075183563511175,0.0005394157011432499
P19136,2,382,S,test,2,0.000973443343769061,0.0016159456482040034,0.9911497418843171,0.0010321852321496443,0.0006211799660148288,0.0017704414631085443,0.0006929763770034705,0.000616345936392472,0.0008967780367706265,0.0006309621122701845
P19236,1,280,S,test,2,0.0005763267004689048,0.0009300053072207351,0.9943053448994894,0.0004815389558473816,0.0005125955961279131,0.0008668602376288375,0.000556417235068663,0.00043844622236407414,0.0007846740445503836,0.0005477908012336918
P19269,2,512,S,test,2,0.0010848890660759083,0.0024652139128003158,0.9863169913322473,0.0011149633350335108,0.0006278856387142615,0.0026595192364449703,0.001076446394000227,0.0006528977037538952,0.002928943642918709,0.0010722497380109238
P19427,2,201,S,test,2,0.0007036927775353475,0.0009450743766547412,0.9947513456606119,0.0005311751535638177,0.0005128254781880692,0.0006066210768550734,0.000516847627844572,0.0003781337852216804,0.0005374364356803257,0.000516847627844572
P19492,4,888,M,test,4,0.00125063761350199,0.0005770744334012564,0.001061402407142389,0.001596468777949666,0.9878477132415492,0.0032375777107852377,0.001024735770700439,0.0013417383097117518,0.0010655565716018018,0.000997095163656305
P20084,3,86,U,test,1,0.0053690301410786135,0.9801234463457877,0.0021524025928399263,0.004107166920664744,0.0007887376797784967,0.0014060769881014893,0.0021524025928399263,0.0011298145029584965,0.0015203316260330602,0.0012505906099175054
P20385,0,510,U,test,0,0.9949705111255505,0.0010901406756943257,0.0004026099966187169,0.000849002515676924,0.0005333715874084954,0.0004762472286604747,0.000491364922514834,0.0003311779618342841,0.0003811834653686824,0.00047439052067277116
P20422,6,97,M,test,2,0.0009888241577808803,0.0013863186786576287,0.9912010242625411,0.0006930122485724856,0.0005745273556170028,0.0016018881856104455,0.0013384277444760157,0.0005355183282451184,0.0009398640070962994,0.0007405950314030881
P20482,0,1383,U,test,0,0.9948872728390268,0.0011820826932301463,0.0003841410310186163,0.0008132265298372867,0.0004913238136544988,0.0004706594225720541,0.0005108959087666507,0.0003841410310186163,0.00037524238844589277,0.0005010143424294471
P20659,0,3726,U,test,0,0.9951009202105823,0.0008881272557931078,0.00037532297026855786,0.0007853018506888418,0.0005130057131361083,0.0005030832277555232,0.0005251712889484264,0.00038123343439375504,0.00040266275948493726,0.0005251712889484264
P21396,3,526,M,test,3,0.024701812546506934,0.05158365017805822,0.16683959263266923,0.5961368963150138,0.013910693777208574,0.059838078032938745,0.04367172552948632,0.010582697149103093,0.010418627905985363,0.022316225933029805
P21675,0,1872,U,test,1,0.002963579802286447,0.9877996284689482,0.0007825909650855921,0.0026954070687210006,0.000936638719941635,0.0011702280084462415,0.0009513886591735437,0.0010048666621870163,0.0009007566618301329,0.0007949149833801432
P21745,2,268,S,test,5,0.027830927935522047,0.014420881541719308,0.0038109050668641477,0.02133871566740437,0.01054281810702445,0.896774271738924,0.005332414406062058,0.007973694993777104,0.005416388035428329,0.006558982507274182
P21750,2,142,S,test,2,0.0009545537530294173,0.0017058355200107649,0.991085863982998,0.0007121405478223022,0.0005149431134916887,0.0008358352078797388,0.0008897419649284651,0.0006020294608483503,0.0018265236378555716,0.0008725328111356553
P21771,3,286,U,test,3,0.0024631990786695367,0.003005474659930573,0.0014367711731310027,0.9859922049615125,0.0010845318375795874,0.0009721681818605712,0.001219372089430904,0.0008380613465011607,0.0014766001124235048,0.0015116165589606266
P21926,4,228,M,test,4,0.007142574073993911,0.00736930270734224,0.06146186629799602,0.009686765910542705,0.7458396458071233,0.06568188660693898,0.01878145649308792,0.010806368457207949,0.06267409446885325,0.010556039176913742
P22139,0,70,U,test,1,0.015280106700133064,0.9677650125775752,0.0011420236186017482,0.008307649996224718,0.0010728318285671205,0.0016812215096002532,0.001160007921687136,0.0012156779567978177,0.0014212713562119937,0.0009541965346009202
P22185,3,349,M,test,3,0.0019113173538678016,0.002346373350754372,0.0012781950294502849,0.9862269782485599,0.0019566428391423066,0.0011324180345049176,0.0010932981836402845,0.0009351475220196674,0.0017267313369302426,0.0013928981011302366
P22509,0,327,U,test,0,0.9946204069589911,0.0009883668620092492,0.00041850087255457567,0.0010429045279593224,0.0005127580188093761,0.000474223588230971,0.0005631545008712823,0.00037808403539311665,0.0004250913183114092,0.000576509316869563
P22557,3,587,S,test,3,0.005449806890416364,0.005950473384237343,0.0020644771623115447,0.9775341544312982,0.0011093600143643344,0.0009125346308136117,0.002385498731096758,0.0008775759792534124,0.0016915720733160589,0.0020245467028923176
P23248,1,255,S,test,1,0.004616506697342555,0.9814324419885625,0.0017522281241681402,0.005847219757249697,0.000634614943270319,0.0014079549332306342,0.001271981130019934,0.0008085205278767034,0.0009161737410778716,0.001312358157201632
P23321,6,332,M,test,6,0.003531642789072476,0.003443101013108184,0.002804694002657564,0.011808201735949406,0.0010897866205888916,0.001687894484927354,0.967818282273162,0.0016487945331465496,0.0017346846006864607,0.004432917946701114
P23369,3,157,U,test,3,0.004593699907268795,0.007359553918427689,0.0027716333336503265,0.9733706545574582,0.0009229570684650972,0.0012132042855021803,0.0045184807048930025,0.001130830662792945,0.001677800393086794,0.0024411851684549572
P23385,4,1199,M,test,4,0.002178994885841334,0.0010202775927344479,0.0013516483267514644,0.001847484104195559,0.9873995541277333,0.001932368916121903,0.0009659795088918498,0.0012897518150376559,0.0008933849532307634,0.001120555769461687
P23432,2,351,S,test,2,0.0006986201336884152,0.0013948098648030676,0.9914458582089154,0.0006614402246406395,0.00048771545146505675,0.0013975366607740045,0.0008328790666509012,0.0004992813132125949,0.0018525658344288795,0.0007292932414210912
P23433,2,351,S,test,2,0.0007310075969951486,0.0016013519929602333,0.989902129951799,0.0007425193259921544,0.0005265250755455454,0.0017297842852464405,0.0009240801946457831,0.0005604830171683909,0.002472966887528835,0.0008091516721183985
P23501,5,404,M,test,5,0.0011635535594838554,0.001328819876536076,0.0012679686627639147,0.0014311955000031718,0.0035370573016936294,0.9783365910607527,0.00146513521943187,0.002309487661824494,0.007440570440969332,0.0017196207165410353
P23604,2,213,S,test,2,0.0006205706406630195,0.0009444108377407561,0.9940528670801603,0.000492833108776827,0.0004522491252555643,0.0008683344696247726,0.0005991327000842778,0.00043492370160384575,0.000918937010623646,0.0006157413254670345
P23605,2,214,S,test,2,0.0006352721619125727,0.0009462349967010117,0.9940296081711494,0.0004966868854179324,0.0004487192051153428,0.0008717125458132854,0.000592138714999946,0.0004248388145259742,0.0009462349967010117,0.0006085535076635715
P23685,4,970,M,test,8,0.014321070057741775,0.009391986694991687,0.010894895450063828,0.1704248177228509,0.10336788666719282,0.014833498635638515,0.014489881586358833,0.009614711555728975,0.6381713700430738,0.014489881586358833
P23757,0,370,U,test,0,0.9942463752765492,0.001577270795918323,0.00038090607086751685,0.000952003242675913,0.0006063131002226976,0.0005085763187413947,0.0005006915666367461,0.00038090607086751685,0.00038389355017413385,0.0004630640073465063
P25008,0,267,U,test,0,0.9936103199595789,0.0013808950281196195,0.0003575992004738908,0.0013775278313596232,0.0005965313160588783,0.000582712584562367,0.0005759238250872186,0.0004663973511028869,0.0004485299275541299,0.0006035629761024035
P25046,0,220,U,test,0,0.9729889405296075,0.01674119903009045,0.000486173481099353,0.0039377407187620094,0.000966871367663746,0.001275902817195443,0.0009298312145400178,0.0011215904699921027,0.0009225951875492768,0.0006291551835000912
P25107,4,585,M,test,4,0.00122336468057914,0.0005557384357082211,0.0013176154527606444,0.0014330542783459225,0.9892206400548171,0.0022942113257010802,0.0009602298001854997,0.0009753513349911985,0.001067037419525663,0.0009527572173854798
P25189,4,248,M,test,4,0.0014481670492122994,0.0006131925241084268,0.0018704106340664385,0.0013032092605712686,0.9860786186056507,0.004022015010042818,0.001043075631154566,0.0012780027838168342,0.001224251737576249,0.0011190567638004268
P25338,5,174,M,test,5,0.0012235023314597312,0.0012045336207253895,0.001349013752520057,0.0013280991598664535,0.0030579142623678836,0.9816329737666366,0.001349013752520057,0.001608263315405798,0.005928922346335654,0.0013177636921623563
P25371,5,1049,M,test,4,0.0017083946714624863,0.0008133178612895162,0.0019207997882630607,0.002827690774931593,0.9568811375361684,0.018656213453314804,0.001427417318963739,0.0034849186183089492,0.009908238753436577,0.0023718712238608194
P25625,5,357,M,test,5,0.002664124938241815,0.001889147526103934,0.0023327859636010275,0.0014371876046366423,0.008549657079271956,0.9411129155991221,0.0014484596350628869,0.03195250541516661,0.006796440861689811,0.0018167753771032075
P25626,3,169,U,test,1,0.006953535928334071,0.9808985516777823,0.0012963632202171247,0.005057594383995154,0.0006493109552743176,0.001232175878982547,0.001113177986093942,0.0008944636648148214,0.000930095081050308,0.000974731223455382
P25681,2,61,S,test,2,0.0010871287785374896,0.0008031657563062999,0.9941613057847509,0.0005455760462670293,0.0005607000281695251,0.0005899084030280656,0.0006206383263222297,0.0003991519804277201,0.0006606661096360111,0.0005717587865546545
P25684,2,60,S,test,2,0.0008822801997625487,0.0008702998986648892,0.9943588648656747,0.00048724141259972855,0.0005066509031826033,0.0006207616704270911,0.0006207616704270911,0.0004419087611685406,0.0006280790138887949,0.0005831516042039966
P25846,3,959,U,test,3,0.004036394133971246,0.007758538166953925,0.0017244149900475843,0.9772393026555207,0.001286491895389897,0.0012372071230623129,0.0018718346122487456,0.0010918315209402056,0.001737939655539336,0.0020160452463260244
P25931,4,464,M,test,4,0.0014623082498003955,0.0007140654626638911,0.0008283304699779871,0.0015146318114347072,0.9898905138716177,0.001683106657725415,0.000821884321178516,0.0009646409290006552,0.0011016544201081315,0.0010188638064925009
P25961,4,591,M,test,4,0.0012573956732776215,0.0005689708360991582,0.0012045113328979136,0.001441611288594512,0.9893137160674823,0.002206798064870328,0.0009417458718734344,0.0010143002117642666,0.001075507549617095,0.0009754431035233214
P25976,0,765,U,test,0,0.994978836277837,0.0008342160817438412,0.00041865167873685353,0.0007318920328856164,0.0005973529000331612,0.0005210204892805602,0.0005396633529339642,0.0003994802022788949,0.00042857972162369613,0.000550307262646421
P25997,1,1050,S,test,1,0.009630421953720155,0.9708852612533696,0.0007455249314068725,0.009153586665794933,0.0011457057952025734,0.0023972014512849043,0.0015782763696027685,0.0014370368796409374,0.0019337446119298827,0.0010932400880474002
P26016,7,1269,M,test,5,0.00249624793037467,0.0013180019078081024,0.0011142128271702237,0.0012333212924276196,0.00416819953911238,0.9818103794606803,0.0014306774956777922,0.0022288983005128403,0.003094519264438308,0.0011055419817977686
P27091,2,455,S,test,2,0.0006895381131689878,0.0009800312590468889,0.993967105076372,0.0005783855151308341,0.0006477610758963546,0.0009351523935795438,0.0005454694887217782,0.0004215061696910098,0.0007226296938919781,0.0005124212145006339
P27614,8,576,M,test,5,0.003692772081590352,0.0066606775821472,0.010316259156265477,0.005630805160810297,0.007201909222240443,0.682066676248766,0.009033218779110425,0.1594933851386029,0.11134433184314305,0.004559964787323818
P27661,0,143,U,test,0,0.9950139906041944,0.0008229174242581535,0.00041217568497706224,0.0007975989549468029,0.0005333949115735052,0.0005333949115735052,0.0005230781277659307,0.0003841899660766522,0.0004353442252746707,0.0005439151893592862
P27684,6,142,U,test,6,0.0036977689446516197,0.0037532501541356488,0.0017837640749923584,0.002709311208883269,0.001069302931396013,0.0021474317732704815,0.9797715925823894,0.0011652602315298253,0.0011206198487476548,0.002781698250003688
P27882,3,189,S,test,1,0.004705078103909956,0.9713826093655413,0.0058313110475101786,0.005315954423798188,0.0022443317164047593,0.0021415563193896716,0.0029157488888366403,0.001460414626562267,0.0015667962207484383,0.002436199287298581
P27929,3,486,U,test,3,0.002039378817254033,0.0021582246625697524,0.0015424135479246625,0.9866209395399153,0.0012153925358428185,0.0009652178044127373,0.001707296183207094,0.0008001936080937235,0.0014264993897670421,0.0015244439110128633
P28037,1,902,S,test,1,0.002501734328838962,0.9868552477783735,0.0012991508808794356,0.0021005087219812444,0.0010117797987495923,0.0015917529686545807,0.0013456364464247744,0.0009284613596980355,0.0008586863288397733,0.001507041387560087
P28241,3,369,S,test,3,0.0023772601479572514,0.003950179782613317,0.0015499368040785956,0.9837179155931909,0.0013102860713729042,0.0012405538716487028,0.0012551770338983983,0.0009929267098768204,0.001478960008076877,0.0021268039772863
P28263,1,218,S,test,0,0.9936154490197117,0.0014952259112053403,0.0003777020257437897,0.0013093285589538108,0.0005517040596909484,0.000610680705582952,0.0005872859393000472,0.00043473235285617685,0.0004213570464758277,0.0005965343804794687
P28272,1,314,S,test,1,0.0021613711499693018,0.9880593848694326,0.0008013602694622312,0.0025529427166939836,0.0008203639656312229,0.0014174618443266952,0.0010533682528688854,0.0008732729272646175,0.0011125784851084538,0.001147895519242037
P28288,9,659,M,test,4,0.004180969866566692,0.0016309081876249984,0.0015083434535030288,0.0100198364860837,0.9206450417428221,0.01152150386981271,0.001819409515385287,0.007731396601972267,0.036543821767806094,0.004398768508423086
P28290,1,1259,S,test,1,0.002130177284979416,0.9891343468112116,0.0009090479936948164,0.0020465717610325083,0.0008949545223524519,0.000881079562563751,0.000952674110601278,0.0011763955408260166,0.000986762436841729,0.0008879899758964463
P28715,0,1186,U,test,0,0.9944402082610272,0.0012894693588614953,0.00038396841689542014,0.0010768661207431285,0.00047044794188192914,0.00048160428355412745,0.0005674684953876175,0.000366385222181153,0.00036925878873887366,0.0005543231107290992
P29352,1,802,S,test,4,0.012650542279865408,0.02198662502383394,0.0054943242243445855,0.005917619627233389,0.9312502886867011,0.009493340278366865,0.002555098028047851,0.004886753154815022,0.0018693496499153023,0.003896059046876551
P29374,0,1257,U,test,0,0.9947805856965861,0.0011912261925588257,0.0003580204006398525,0.0009713015029289161,0.0004742999944556586,0.0004780199882490088,0.0005068657871848268,0.00035246980482168624,0.00039014852992048915,0.0004970621026546541
P29692-2,0,647,U,test,0,0.9946204537956643,0.0014088741898040879,0.00030143486565110906,0.0008339156143065411,0.00045250735066039183,0.0004931145287784493,0.0005167796102937766,0.00045605641730613505,0.0004351720613036826,0.0004816915662314998
P29786,2,254,S,test,2,0.0005809602252490604,0.0008670294487865069,0.9944994121682879,0.0004595773783308346,0.0004797552379441132,0.0007863615496623203,0.0005608907482968289,0.0004250396310360549,0.0007756837620734673,0.0005652898503329663
P30082,4,485,M,test,4,0.001312175060969255,0.0006150041015887643,0.0012088322581155356,0.0014439599869332871,0.9889918833894206,0.002296236827651731,0.0010339690104871836,0.0010420786174633436,0.0010299380139301931,0.001025922733440181
P30181,0,916,U,test,0,0.9948687383406402,0.0011671488208240869,0.00034975785047995195,0.0008555737737384456,0.00046698806249966906,0.0004913146763091443,0.0005049344554548916,0.0003811445013107758,0.00041534770472724335,0.0004990518140156317
P30288,2,48,S,test,2,0.0009242248599411873,0.0008801808104220107,0.9939320802659499,0.0005204723628247917,0.0006037584461955261,0.0007114012927369137,0.0006682996252592259,0.0004486751912875968,0.000665694192117837,0.0006452129532649338
P30292,2,499,S,test,2,0.006308559156421533,0.019916838962437535,0.8134482285682219,0.015477203553412274,0.005438317797999727,0.020781143604831007,0.014782879258640075,0.002865791919910904,0.09343067991690152,0.007550357261223591
P30307,0,473,U,test,1,0.0030009101297836685,0.9872626985457493,0.0008133235253774811,0.0023237408887655346,0.0008523557167056807,0.0011695919227540151,0.0012450241552155626,0.0010201361995163644,0.001052518864662356,0.0012597000514700497
P30409,4,228,M,test,4,0.006979592551648307,0.00720114860235682,0.059359691539558376,0.00953997197946557,0.7519560989294155,0.06570518706799794,0.0182813441711179,0.010642606675826515,0.06005940535987295,0.010274953122740073
P30429,3,571,U,test,1,0.002847329411295726,0.9868578670717201,0.001210944930430561,0.0020239944077312445,0.0019275404742388103,0.0013668307469147693,0.000751892843150347,0.001043899890713501,0.0011243243661029506,0.0008453758577020426
P30518,4,371,M,test,4,0.0013806975305094029,0.0007361529575517634,0.0011007880537564703,0.0015312806389514288,0.9891119998329445,0.001885347726437378,0.0010180625078220222,0.0011007880537564703,0.0010340946445141215,0.0011007880537564703
P30536,3,169,M,test,9,0.006627508414434238,0.009058729711701238,0.013026818584550848,0.02324550403935647,0.022224381483255395,0.09739052468020273,0.028763996330037726,0.010264886504915034,0.03523808332071422,0.7541595669308321
P30543,4,410,M,test,4,0.0014647023542361827,0.0007027719055004594,0.0010185406184536274,0.0014935910501417046,0.9895764919363038,0.001732595904775514,0.0009023769826780778,0.0010345803220299145,0.0010715992314523528,0.0010027496944283818
P30627,1,159,S,test,1,0.04571760767268828,0.4915106241608714,0.08351469691640105,0.048666145108646024,0.1153838994124841,0.08000218033788152,0.06466132330155384,0.025947553746988396,0.023168557995909177,0.021427411346576237
P30936,4,428,M,test,4,0.0014053142454453795,0.0007536810912916024,0.0010382394621782011,0.0015224776661996395,0.9892048831522507,0.001829298782036837,0.000998465114961933,0.0010587169197465412,0.00109659940134062,0.0010923241645484669
P30974,4,504,M,test,4,0.0013314674878238378,0.0006921067052060542,0.0008921607424656712,0.0014509510584730047,0.9899058292748308,0.0017725416506956114,0.0008579826572808403,0.0009386358369820175,0.0011234000014436083,0.0010349245847984818
P30975,4,519,M,test,4,0.0014959107737887833,0.0008149026355047682,0.0008949953855359831,0.0016080154664820203,0.9891794690807916,0.001827466259283737,0.0009379471085672878,0.0010261173355163367,0.0011313801834889855,0.0010837957710405628
P30989,4,418,M,test,4,0.0013470759927232015,0.0006655498100377121,0.0008218443600245944,0.001593455859368333,0.9898424460557099,0.0016408296762424853,0.0008782728439552877,0.001003019133670696,0.0011726480106523103,0.0010348582576154078
P31272,0,232,U,test,0,0.9950556963969113,0.0009936393653797672,0.0003902563963516014,0.0007685751593289703,0.0005251474276046642,0.0005010991677050574,0.0005010991677050574,0.0003666119811635093,0.00041219294072958193,0.00048568199712054397
P31361,0,497,U,test,0,0.9950024137797912,0.00101219393500229,0.0004089632859929434,0.0006983928371113202,0.0005655757070269778,0.0004991188587317666,0.0005089630544166829,0.0003871986856385594,0.000421945194633556,0.000495234661654778
P31374,1,1356,S,test,1,0.0028868990170390976,0.9884325754341616,0.0007709517292580583,0.0022681669550862153,0.0009155277994459205,0.0010537661031671882,0.0008467247733882667,0.0009372389074843566,0.001021345018467894,0.0008668042625013973
P31424,4,1203,M,test,4,0.0026826134239196584,0.001468516177997759,0.0020072236523949833,0.0020508139723799663,0.9844320947173251,0.0025225444529455815,0.0011616919578266748,0.0015270152260735785,0.0008565778787218804,0.001290908540414904
P31431-2,2,153,S,test,0,0.8384033521885894,0.13059804897108673,0.001078152999649759,0.014883442119954316,0.0021609800748479545,0.0034263630367896503,0.002506780640361712,0.002942194002557132,0.002627083545151271,0.0013736024210120642
P32259,0,974,U,test,0,0.9933157964055038,0.001893360598998611,0.00031059550092032046,0.001368405537641201,0.0004848327276126023,0.0005780065088182509,0.000532484570942753,0.0005493874340413194,0.0005081003359905846,0.00045903037953056195
P32288,1,370,S,test,1,0.01470200583215451,0.3561969823534464,0.03040315504681309,0.12118991893270697,0.02600519637409361,0.18697083658063018,0.061837336374277976,0.03313147766422122,0.11884589168815304,0.050717199153503
P32307,4,370,M,test,4,0.0014052116626175864,0.0007304394548112032,0.001075310889452194,0.0015493635201684428,0.9891327244594557,0.0018927663754917615,0.0009867608534938287,0.0011137870854985809,0.0010341162791650655,0.0010795194198456276
P32316,1,526,S,test,3,0.11828830772104687,0.2227249133062088,0.00850209309625201,0.5960427489352818,0.006123828667455379,0.006468051542706499,0.013271580376076062,0.006417717283120096,0.01162098434779243,0.010539774724060065
P32334,4,1306,M,test,4,0.0062246452161916375,0.003602548220066739,0.0050804069499149895,0.024957844644665522,0.7599129572429544,0.13000577509628125,0.00566760396249857,0.01979154134921242,0.038130577129846424,0.006626100188368021
P32335,3,436,M,test,3,0.0050573099937747425,0.008849889575694967,0.001624325217709308,0.9760658304661887,0.001444704766063179,0.0010085665402829703,0.0014002560011928081,0.0011699576339144573,0.0018769044288514064,0.0015022553763275426
P32340,3,513,M,test,3,0.0023544309637494546,0.002805528693850269,0.0015350525485063034,0.985755502202208,0.0014820235068214592,0.001018578884115219,0.001277583999226398,0.0008120819103318853,0.0015171687103696244,0.0014420485808214391
P32354,0,571,U,test,0,0.9945439600435774,0.0013119925938989967,0.00033363233019238883,0.0010306750709716732,0.0004489514038370697,0.000487332111285938,0.0005187622998032385,0.0003961981473441235,0.0004217507879012661,0.0005067452111879749
P32378,3,372,M,test,3,0.0022212552098668033,0.0019223364191352423,0.0022212552098668033,0.9765344328404119,0.0062662736838586235,0.0029312128473602717,0.0022562347525491616,0.0013578262141967408,0.0021613406707550456,0.0021278321519994895
P32389,0,672,U,test,0,0.9946457044253907,0.0014359967168231138,0.00034425814744026405,0.0008421204896691193,0.00046688335229766795,0.00047423564918274856,0.00047795514778030374,0.000412023098118014,0.0004284362031335557,0.0004723867701645336
P32418,4,973,M,test,8,0.01605121476538063,0.010818452639144913,0.011928249126459076,0.19478148152007962,0.08643375389901657,0.014000118520101353,0.016367795497523235,0.009253513258134815,0.6238692499205885,0.016496170853571322
P32447,0,279,U,test,0,0.9949978618390681,0.0008897714458638104,0.00040262108201442946,0.0006769023622134826,0.0005589840600377775,0.000535473869312451,0.0005230696421134293,0.000452679059362346,0.0004456609325621618,0.0005169757074520347
P32478,2,413,S,test,2,0.000655486893086534,0.0011537906325020028,0.9941039747689446,0.0005144975764508111,0.000415028424905657,0.0006869443505219607,0.0006109809660095094,0.000477694822166584,0.0007753752922162222,0.0006062262731961037
P32480,0,875,U,test,1,0.45457321525372385,0.46900293543985727,0.0012375196001853353,0.03880004731254354,0.0050894592245794654,0.00937924845804885,0.003608966728987029,0.009397585270673208,0.006902330081301889,0.0020086926300995787
P32497,1,812,S,test,0,0.9933628193492985,0.0017039208624853813,0.000333236094708264,0.0011495575498029736,0.0005537225045977574,0.0006705310674754573,0.0006225669694202909,0.0005668536861249117,0.00046993822996155353,0.0005668536861249117
P32527,1,433,S,test,1,0.0023482975390517764,0.9879999885633587,0.0010289050539998997,0.0020582466654623425,0.0008013121073305323,0.0014453319788301808,0.001099550528818469,0.0009368287405144445,0.0010208980080602431,0.0012606408145734774
P32569,0,687,U,test,0,0.9938300039945929,0.0017847895707163624,0.00028740258972783056,0.0010269221165003864,0.0004247534871292211,0.000567120254979843,0.0005453941877997148,0.0005518231656027963,0.00048130871865434774,0.0005004819142965936
P32621,7,518,M,test,7,0.004702361026874218,0.005497616861387106,0.011570460420889989,0.0061330344683354215,0.009499029634809725,0.06910069629662342,0.0060379506299533744,0.665933451037071,0.2161969267648571,0.0053284728591986436
P32634,1,1753,S,test,1,0.002794543169122175,0.9874247512584754,0.0011162156722815358,0.0022460267909620623,0.0010692691001618275,0.0008727120234806449,0.0009217675754859893,0.0012599067490038141,0.001422095637545927,0.0008727120234806449
P32793,1,468,S,test,3,0.165203594044442,0.07820830904172527,0.0703626840965045,0.26710649180514867,0.15763837913855402,0.052391333123667796,0.022977658494401452,0.0934889052989989,0.051177689475776895,0.0414449554807805
P32837,8,571,M,test,5,0.012108453712959382,0.005719628727933966,0.018680824219129935,0.013298534036454505,0.36795709033997526,0.45793000482021373,0.007940917383081562,0.05620805250016671,0.049217418500830015,0.010939075759254954
P32860,3,256,S,test,3,0.003898212447904685,0.004842011251241884,0.0020622848504284145,0.9803180680885193,0.0014173863435852532,0.0010533120934106707,0.0018414132038484144,0.0010867477379458755,0.0017096942732440854,0.0017708697098714257
P32902,3,394,U,test,3,0.0023392930153038026,0.002717605092544945,0.001409186748295608,0.9861357208622611,0.0013499183109903527,0.0011147584296594985,0.001136745092993342,0.0008852980096526568,0.001572061445946318,0.001339412992352359
P32905,1,252,S,test,1,0.004787455285319705,0.9826153460145626,0.0008031954011230063,0.004825003417344104,0.0008960292273720905,0.0018313648073640003,0.001064061064660663,0.001007432694329424,0.0010892945511825289,0.0010808175367419063
P32907,4,282,M,test,4,0.002537700141326143,0.0008873435178640774,0.001930580438935387,0.002659486878550318,0.9655176791973089,0.01273736022219554,0.0016193736137135458,0.004923895504695858,0.004848741490532996,0.0023378389948772544
P32916,5,621,M,test,0,0.9837600629399961,0.006525757354102992,0.0005151457444478657,0.004737192031748344,0.0007208184281367649,0.0007733252859834158,0.0009624189735887103,0.0006262578764307464,0.0006411092110283245,0.0007379121545367648
P33203,0,583,U,test,0,0.9947896628511398,0.000988534946613317,0.0003871158648805005,0.0010159381837698922,0.0005480575835887653,0.00047061324630582777,0.0005188904795727475,0.00033896997720868127,0.000396296028490377,0.0005459208384300923
P33313,1,385,S,test,1,0.0020189997704833517,0.9882756454376347,0.000795298021760598,0.0025028898336990563,0.0007129005376839186,0.001485812242342254,0.001066018126906097,0.0009297976486912271,0.0010372641245416643,0.001175374256257129
P33417,0,597,U,test,0,0.9947716398165789,0.0011854131030905964,0.0003901450063241387,0.0007037071750429487,0.0005566781595141576,0.0005188810693213204,0.0005188810693213204,0.0004218473172513322,0.00043185114879253246,0.0005009561347627027
P33442,1,255,S,test,1,0.011020701784646618,0.9652930853789744,0.002054614090626752,0.013345534473641504,0.0008077475656350265,0.002095137799986535,0.0016966942391595484,0.0010131423269235,0.0012220829244224873,0.0014512594159836422
P33891,5,701,M,test,1,0.0023726621802432415,0.9885499335915343,0.000664680761116196,0.0022029421373924874,0.0009595787710316497,0.0010958733541041117,0.0007415050399599703,0.001241787277453809,0.0014237161449119305,0.0007473207422522471
P33893,3,541,U,test,1,0.03336418781729913,0.7532720541242024,0.010999656246510524,0.08484556498289157,0.014743949238579886,0.024213891397464445,0.011663422881791386,0.006829841505825105,0.04283000887380444,0.017237422931631115
P34216,1,1381,S,test,1,0.00266398384379949,0.9871892219012893,0.000900200041584048,0.0017625060860197797,0.001192571321111486,0.0010361239340208877,0.0008589769159179105,0.0016492661234933244,0.0018398894356756537,0.0009072603970880805
P34250,4,1132,M,test,1,0.0025936448419709894,0.9882495202532107,0.0009225375064435886,0.002649970531647576,0.0007184728601279768,0.000974393837383049,0.0009444149135611483,0.0010659899346047031,0.0010211558339428513,0.0008598994871074729
P34343,0,1129,U,test,0,0.5781040963790197,0.13838871308200096,0.0038348447539677,0.02544978076118706,0.018510677438385,0.030340648846169365,0.012379030729118366,0.15804486318724292,0.029235360882842773,0.005711983940066074
P34611,1,851,S,test,1,0.0023181960472459075,0.9887617437607974,0.0007712085078025156,0.001996459248401535,0.0011944710527319448,0.0012965860349807756,0.0008603451604561565,0.0009597843364767242,0.0009673121587974239,0.0008738936923096031
P34982,4,312,M,test,4,0.0012332172592183015,0.0006057359618093742,0.0013974181694858194,0.0014817445439054713,0.9894273240240256,0.0017751485406911928,0.0009566861508789851,0.0008882530299175951,0.0011630346487023287,0.0010714376713653279
P35035,2,274,S,test,2,0.0006662293173905665,0.0008307569311354819,0.9947311460448823,0.0004578923206794245,0.0004724273550757011,0.0006533433641663731,0.0005544852814601542,0.0004025131469584748,0.0006767209567912988,0.0005544852814601542
P35036,2,277,S,test,2,0.000611364994572351,0.0008405475814296507,0.9947288282382316,0.0004561060762663766,0.00046148251398896216,0.0006688353370228456,0.0005676331730132077,0.00040885082870079634,0.0006820269969591568,0.0005743242598150965
P35037,2,275,S,test,2,0.0006161587318654646,0.0008487944250972556,0.9947266620321444,0.00045255566171125707,0.0004669213698317057,0.0006793664855362493,0.0005610188505859377,0.0004120566361499817,0.0006688338680886414,0.0005676319389890657
P35038,2,275,S,test,2,0.0006662293330963245,0.0008259033632116384,0.9947311694947761,0.00045255771586470554,0.0004779962385489018,0.0006714547511355818,0.0005437605914135797,0.000405670136190334,0.0006793695958901384,0.0005458887798726909
P35039,2,274,S,test,2,0.0005698468318731686,0.0008723134547799462,0.9947147992354723,0.00045967690072575213,0.0004687432387026819,0.0007288451908325836,0.0005480163396267895,0.0004218232363703882,0.0006636211200884068,0.0005523144515279344
P35040,2,273,S,test,2,0.0005765668647454429,0.0008706157073236222,0.9947196746535732,0.00046509768843758253,0.00046691807469857955,0.0007175490111091657,0.0005566490776788938,0.00041528549653969255,0.0006636243900456526,0.0005480190358481655
P35041,2,267,S,test,2,0.0006533341028316545,0.0008242802304455655,0.9947170987494228,0.0004561006960734229,0.0004650964866774763,0.0006767113480673519,0.0005544774092576103,0.00040566436718463597,0.0006927592007818263,0.0005544774092576103
P35064,0,138,U,test,0,0.9950287311018053,0.0008085904287162681,0.0004089740919271849,0.000792950844248032,0.0005334028112896743,0.0005354904873745382,0.0005210466047446804,0.0003902458050686856,0.00043876518192790886,0.0005418026428977306
P35476,6,99,M,test,2,0.00078073584947371,0.0011493542185414328,0.9931871262587053,0.0005324156092890316,0.000496265914050121,0.0010776117589948388,0.0008441767901573546,0.00043795312679164916,0.000834341790380611,0.0006600186836159681
P35477,6,99,M,test,2,0.0008025916294090757,0.0011013062265818184,0.9934507033040602,0.0005325568764299334,0.0004963976392804382,0.0009681102841120602,0.0008025916294090757,0.0004212871764797752,0.0007870680545961534,0.0006373871796415046
P35523,4,988,M,test,4,0.0016795029529538172,0.0009513611700508348,0.0008527946486940551,0.0019218023450436675,0.9877711201024213,0.001936875451158979,0.001073830608347096,0.0011297693327496402,0.0014225946026211098,0.0012603487859595161
P35525,4,907,M,test,4,0.0022690702411827055,0.0006513704749001953,0.0006988185102296996,0.0032116416089361228,0.9840097314166023,0.0024391164803048127,0.001008862329790773,0.0016248018579620384,0.0027290143946045505,0.0013575726854867403
P35590,4,1138,M,test,4,0.0023149227541906484,0.0010692050543394266,0.0012354639541816716,0.0018258973517780782,0.9873655360776299,0.0019704137100671165,0.0009289414643953322,0.001264762199764111,0.0009217123053609684,0.001103145128292783
P35723,5,206,M,test,5,0.0024462799617236126,0.004226793306736264,0.00492235619062869,0.003848538758964047,0.007804689972966892,0.8985825291669121,0.005665597199830564,0.005577760447272932,0.027134841704907996,0.03979061329005699
P35731,3,278,U,test,1,0.003473867225211016,0.9870122817931045,0.001128901463215565,0.0025316269179685978,0.0008521395561876966,0.0011027505054287848,0.001085653866393867,0.0007942813697158016,0.0009070978367746286,0.0011113994659995375
P35997,1,82,S,test,0,0.9594795754984503,0.021032705264525903,0.0009169210753595831,0.011798277956906132,0.0010719891759756787,0.0014999827216108854,0.0013445757360332513,0.0009169210753595831,0.0010149390393914388,0.0009241124563872727
P36008,1,412,S,test,1,0.003015671157085216,0.9861421746730147,0.0008992452748936929,0.003546179311871336,0.000652782028871139,0.0015476989817667436,0.0011866619790900622,0.0008715784730438367,0.0008992452748936929,0.0012387628454695778
P36029,7,618,M,test,4,0.0020776319142984416,0.000604625343672145,0.0008009984585784062,0.0023727303568351755,0.9799276633725571,0.005965043145714063,0.0008797247373431328,0.002901457150266284,0.003149502143602681,0.0013206233771325925
P36041,1,632,S,test,1,0.002661727362169519,0.9853903030527417,0.002433015726004979,0.002168199740511331,0.001786999167127013,0.0012573109675394155,0.000912709916054357,0.001190398234688495,0.0010182014641012844,0.0011811343690619816
P36046,3,403,M,test,3,0.0040141774782665885,0.007441109473405752,0.002807826430566892,0.9688992460336685,0.002203888153484657,0.0031201445425664146,0.004860973730271222,0.0016766297429076469,0.0018558598722958608,0.0031201445425664146
P36062,8,692,M,test,4,0.003876490353312524,0.0012634379311366576,0.0015121371516516168,0.006734047668300005,0.9301994009327504,0.018638749001060186,0.0022174024875986358,0.003876490353312524,0.028755715618999367,0.0029261285018780357
P36080,0,434,U,test,0,0.994915089823965,0.0010012910588011147,0.0004089273904642086,0.0008606417807698447,0.0005089184102990542,0.0004894220437216478,0.0005291914417594781,0.00035251746854967595,0.0004089273904642086,0.0005250731912057511
P36091,4,449,M,test,5,0.0018427080420630737,0.0031591366883457752,0.0030027168852821045,0.00296773408427005,0.005127784793112536,0.9545464239410424,0.002366084156397723,0.004687174726343695,0.004817108183467071,0.01748312849967556
P36103,1,277,S,test,1,0.0037157186514611383,0.9869341950173842,0.0007231441923854459,0.002858607239847053,0.0008130529213554703,0.0011737788235668893,0.0008722784673884903,0.0010358562186384012,0.0010729207664843883,0.0008004477014885564
P36156,1,370,S,test,3,0.057495925652059465,0.38531371518715635,0.01163546631682488,0.4947525888005586,0.005496205194136658,0.010845447676281244,0.013817458395883019,0.006425714545162145,0.006526904612230349,0.0076905736197072335
P36517,3,319,U,test,1,0.0033487227634994244,0.984883819038695,0.0012180013689898164,0.0030382258976485704,0.0007864006811440331,0.0013429482932555863,0.001651854693117581,0.001100372427634725,0.0012814502750196897,0.0013482045609955213
P36533,3,70,U,test,3,0.0029029741198122326,0.004409250192271094,0.0023647155002204786,0.9804400321788365,0.0011479771598635414,0.0011126576799781053,0.0031603942592728436,0.0011844179522102702,0.001689985982905055,0.001587594974629961
P36534,3,297,U,test,1,0.0037192212765624483,0.9859368667626471,0.0007224134508441925,0.0038223214843770906,0.0007996388387696878,0.001243352249855054,0.0010108381285527449,0.0008512110615891938,0.0010429256852133026,0.0008512110615891938
P36589,1,240,S,test,1,0.0027552354754487567,0.9838098142871256,0.0005747156131055006,0.0036518763913355023,0.0012358329410396079,0.0022378042394379126,0.0008627503166190773,0.001742803677194049,0.00228640228636969,0.0008427647723244019
P36618,1,299,S,test,1,0.0029073101458230604,0.9881569739705335,0.0007072677833352001,0.002663830061444141,0.0007952025623077517,0.0012510291994836777,0.0007828740633152632,0.0008733592109498477,0.0009819440307391536,0.0008802089720684305
P36626,0,561,U,test,0,0.9947281612717845,0.0009450523774657353,0.0003901279467119814,0.0010430175019062891,0.0005501685737552871,0.00048742234426686935,0.0004970359216717622,0.0003993795597726484,0.0004284717199820012,0.0005311627826829126
P37173,4,567,M,test,4,0.001118897521848004,0.0005142735646777502,0.0010429272148623965,0.0011499145201798614,0.9897971859091879,0.002463064733960978,0.0007660082397917894,0.0010511070206333927,0.0011544151363005876,0.0009422061385574063
P37254,1,787,S,test,1,0.002582272266388519,0.9877672136214083,0.0010448617332370045,0.0025113932637804244,0.0006960279965021832,0.0013734449084461186,0.00110791331889835,0.0008395700665146743,0.0008461548081160322,0.001231148016708423
P38064,3,232,U,test,3,0.0016088040646029644,0.0019443820487760823,0.0016663695772944406,0.9858062639562155,0.0012876706604035828,0.0011100413724246822,0.0027047849111918993,0.0008781150482557209,0.001476321568726247,0.0015172467921088539
P38070,1,525,S,test,1,0.0029324195224830064,0.9877285915941199,0.0006905844173323085,0.0027173468729219763,0.0009365713883055642,0.0012310999394022396,0.000866186917854621,0.0009365713883055642,0.0011078700143979721,0.0008527579448768769
P38126,0,564,U,test,0,0.9929428833161426,0.0020725879950335532,0.0003518186536344085,0.0016363530928546997,0.0004884518344835786,0.0005449073907610796,0.00056883167248418,0.00044822862069877895,0.0004177950048793089,0.0005281424190278931
P38166,7,215,M,test,7,0.045582813659162676,0.005359688004655633,0.005886465954883157,0.013633084896090681,0.08924681963447634,0.3164074516699111,0.006828420070860211,0.49006144695635606,0.01569158445110218,0.011302224702501952
P38172,3,270,U,test,3,0.0036420207528511397,0.006107292688631542,0.0018337419044728402,0.9800549134589491,0.0009220633663045088,0.0009587942024885798,0.0020139714378768457,0.0011035652608891021,0.0015441654451539978,0.0018194714823822748
P38175,3,177,U,test,3,0.0026562184541933757,0.002651035411056998,0.001646065326126906,0.9852733354381791,0.001446984408756299,0.0010022967233878483,0.0015343017238912881,0.0008440184463962728,0.001446984408756299,0.0014987596592556335
P38204,0,145,U,test,1,0.007585953518119955,0.9781600913788852,0.000885025197970307,0.0064886101126544315,0.0007995536500551167,0.001627810429266484,0.0011100702777988032,0.001136394809079826,0.0012191737869942257,0.0009873168391757057
P38211,5,433,M,test,5,0.0011359918740533289,0.001391846348621757,0.0016336019951010091,0.0011905092906813743,0.004644618795714296,0.97781321435664,0.0015466633740312814,0.0017663449272373461,0.006537181924946997,0.002340027112972616
P38212,5,213,M,test,4,0.0054286482592869915,0.0035187169397573343,0.01716817449774019,0.004847237577334429,0.8410565992896009,0.09510404100659267,0.0060324842562971565,0.012946568658447243,0.00916257823470963,0.004734951280233532
P38228,3,572,M,test,1,0.05879458291696613,0.8244155328565936,0.0061008289414406745,0.07432331933906153,0.004292469927427892,0.00505776477659604,0.005598435772789343,0.005383962871294252,0.010256953695130275,0.005776148902700259
P38247,8,162,M,test,1,0.003092784996230819,0.9875086705138331,0.0006485996131706223,0.0028997334765853916,0.0007523886992237874,0.0011836735706548256,0.0007884965395055845,0.0012070193818459094,0.0011836735706548256,0.0007349596382951524
P38257,0,691,U,test,0,0.9506361001459116,0.02675760773945416,0.0006543462181438081,0.012688868034317752,0.0013637745758416594,0.0020155281666924658,0.001569694992484075,0.0018280047460081904,0.0014404331300466948,0.0010456422510995945
P38287,8,376,M,test,5,0.01262823041255178,0.003795387220250352,0.0039158656621500545,0.00645617029541231,0.02288911349340498,0.8455914925381242,0.003707466649382004,0.08843111442143388,0.00933879276424235,0.0032463665430480923
P38291,0,140,U,test,0,0.9926416768432119,0.0020882099501841147,0.0003862799976458609,0.0017567327881386817,0.0004587188822596992,0.0005708848175523575,0.0006196896735413776,0.00046231663975089483,0.00044460559016269084,0.0005708848175523575
P38292,9,413,M,test,5,0.008785279344972977,0.011280521592863068,0.01597034722608029,0.010680183619071958,0.11304263612661554,0.6111026916964535,0.008923627311499408,0.014038837318697423,0.03245453491172006,0.17372134085202579
P38310,8,465,M,test,8,0.00632585122549042,0.003493466664422955,0.00445079200283313,0.028239969302210805,0.02115076045602699,0.03275893644614557,0.005410787675908427,0.03101554155613444,0.8615275663538088,0.005626328317018434
P38313,0,324,U,test,1,0.0043751434970563195,0.9843238119286031,0.0005795257820630238,0.003933359918049093,0.0009333429159985812,0.0014741015805008262,0.0008109024012428718,0.0013740137391381987,0.0014399540557985964,0.0007558441815494151
P38319,0,544,U,test,0,0.9943993905823512,0.0011395740309131871,0.0004119210936854212,0.0011965981053369634,0.000489168345919966,0.0004667677356209366,0.0005499867454661699,0.00035788318910533504,0.000405534810158748,0.0005831753614420751
P38324,0,304,U,test,0,0.9921943387129689,0.0023513676673822237,0.00038310125817485135,0.001962723526910592,0.0005236373001319407,0.0006098072745133947,0.0005910454916357172,0.0004444052418465001,0.0004240544481543411,0.0005155190782814801
P38325,3,134,M,test,3,0.01543326192623241,0.017091404451644324,0.012528785361463558,0.8774783511188722,0.005057146249385512,0.006171988252916507,0.04873645250031581,0.0023517913382412456,0.0036425254823444996,0.01150829331858401
P38345,3,138,S,test,3,0.002685462425551529,0.003398059658848513,0.0021243755333654225,0.9825947277914475,0.0012247011012610188,0.0012343065288756578,0.0023931694145779728,0.0010393902720233106,0.0015787020288435779,0.0017271052452055198
P38347,1,419,S,test,1,0.05869213716324045,0.8829276267996461,0.0013378391937901564,0.03701666746667672,0.0025190157119207705,0.005856887102001268,0.0026606107509431656,0.003636623869930541,0.003580242992510597,0.0017723489493402865
P38574,5,287,M,test,4,0.001351628553455764,0.0005813281683646114,0.0013890970571867585,0.0011697369493521878,0.987385142448191,0.0036884871819852865,0.0009435888388027087,0.0011031670602199208,0.00136756103780298,0.0010202627046387786
P38633,0,127,U,test,1,0.009996091519518246,0.9691436779265307,0.0007326500859620849,0.006992039623152599,0.0016382038254922088,0.0033417378374110537,0.001256054330602233,0.002841641105528758,0.0030486357072437254,0.0010092680385584314
P38702,3,357,M,test,3,0.002653280429925422,0.0028354566663594057,0.0024252945328338007,0.9670345506292652,0.003494489605114278,0.003114139572009638,0.009781416225453327,0.0011959272327136598,0.0019260750299069963,0.005539370076418268
P38711,1,82,S,test,0,0.905255734331814,0.05970808880363239,0.0014263125833513968,0.02320006268471888,0.0016036463084213822,0.002416780376038166,0.0020430985773139637,0.001415212963768195,0.001591166701523279,0.0013398966694183338
P38732,1,585,S,test,0,0.7570989247622302,0.16119565537063962,0.0014845608024525413,0.04205039994354966,0.004717924332796973,0.010446748964782085,0.0044668407139335535,0.008779879102363006,0.007193975159814993,0.002565090847437443
P38742,8,1146,M,test,1,0.003006461569831418,0.9745870163771334,0.0010803945324021397,0.0023876152235150195,0.003030041258828228,0.00201844293824309,0.001214720342328525,0.0035149096441761296,0.00804570821174595,0.0011146899017961368
P38745,7,532,M,test,8,0.008933805336948914,0.0032229955847624535,0.0038574204677842587,0.022724331462282914,0.10590036696672252,0.03631337525262999,0.003797616982910067,0.02600273794879593,0.782503759807613,0.006743590189549997
P38805,0,295,U,test,0,0.994715833933977,0.00092676197131484,0.0004525507522389752,0.0010389382580254954,0.0005788212086296756,0.0004525507522389752,0.0005208827602152519,0.0003363071471594576,0.0003962666236963449,0.000581086592503935
P38806,0,282,U,test,0,0.9950555279455333,0.0010291931391815863,0.00034710120701312317,0.0006984300945255946,0.0005231000101160343,0.0005149900533673569,0.0005109823396123332,0.00041868396773085686,0.0004219677237238967,0.0004800235191958774
P38813,5,335,M,test,9,0.006533390212247908,0.010238393681869365,0.00969351686521348,0.016651042573365017,0.014723223381489103,0.24902443245678155,0.015611687463501962,0.007519886709967993,0.01391246792736199,0.6560919587282017
P38843,5,316,M,test,4,0.0012767678970198358,0.0005665623258710978,0.000637003146286505,0.0024676527129943618,0.9851258451886146,0.0025010110600064248,0.0007989810492635874,0.0011625105584651164,0.004268929644326862,0.0011947364171516286
P38848,9,579,M,test,5,0.006099562220317687,0.011529808976746159,0.011849428642931394,0.00460419156434388,0.03014060884385965,0.6727286643010107,0.006342541488443209,0.007473340796744524,0.016743039876038132,0.2324888132895646
P38854,1,504,S,test,7,0.2479771024515169,0.034355904171070276,0.007847628388092432,0.10918283973708254,0.03743893945487625,0.014210220121932158,0.011153729393579274,0.48173727553341783,0.03922130828528657,0.016875052463145735
P38857,3,129,M,test,3,0.0032021828305822428,0.00308552978414593,0.0028760299270178618,0.9732389231315536,0.004897072169781317,0.003586274943574047,0.0029213210768997576,0.0014518189108296876,0.0023565346822987834,0.002384312543316753
P38877,0,133,U,test,1,0.002836276662959887,0.9863927181121174,0.001838404995029163,0.002600173341897586,0.0007005108347900264,0.0008994737667218805,0.0012198674304576523,0.001154947142955323,0.0011281928054039964,0.0012294349076670886
P38878,5,278,M,test,5,0.0019504871069183066,0.002092567356285077,0.00211723366849222,0.001789867600392836,0.007190543049195177,0.9641088037348152,0.002524118040257204,0.0018611677969155975,0.0055286807359506114,0.0108365309107777
P38880,3,579,M,test,3,0.0020314670644861923,0.002179445617117438,0.0014775699097538462,0.9866397468773612,0.001437714888732789,0.0010601045367415356,0.0015008381909864422,0.000838611740548314,0.0014891585901838193,0.0013453425840883875
P39001,0,836,U,test,0,0.993818359345878,0.0019525430725382412,0.0003282201706040307,0.0010615792303424571,0.00047015373335477633,0.0005369323861457248,0.0005163628461719781,0.000434821129615214,0.00041816340645490336,0.0004628646788946951
P39543,5,234,M,test,5,0.0014694696305081138,0.0015280067514708085,0.001691349335439543,0.0016651274805897505,0.0043306261044310825,0.9774054475658279,0.001939141230439903,0.0016013372342241947,0.0035981126683183847,0.004771381998750243
P39551,4,298,M,test,0,0.5530332424748984,0.013210911537527403,0.013737174925400246,0.03741451419040167,0.15001429882857173,0.108051242356164,0.011038130344566402,0.07031028097113161,0.029771250268121954,0.013418954103216647
P39723,1,622,S,test,1,0.0016240830572127362,0.9874240213464784,0.0008659198171559077,0.0018729625870429049,0.0014961753382586455,0.0012998995821046873,0.0007762055184728228,0.0018224425310975785,0.0019248831192328556,0.0008934071029433803
P39735,0,261,U,test,1,0.0067399888383532615,0.9771310643289625,0.0012274432922624655,0.008003934738914286,0.0006269166251141603,0.0016008876004757976,0.001369311784487319,0.0009940137949997672,0.0010498877975298703,0.0012565511989006315
P39923,8,615,M,test,8,0.011079871588484811,0.023732583030467127,0.004859382094327604,0.029478045876308392,0.034937737989375495,0.008011767323594437,0.006694082837087549,0.02441430181487666,0.8497768900212666,0.007015337424211353
P39936,1,914,S,test,0,0.9918350337228213,0.00263245320080939,0.00041732886208240195,0.001875825759282253,0.0005572071731741436,0.0006072099422072602,0.0006413414606002049,0.00044078713234893904,0.0004442442891814632,0.0005485684574926536
P39952,3,402,M,test,3,0.004103889707481919,0.003291133806150665,0.002837135003722304,0.9676069065156241,0.006987772448049291,0.0038627851929805036,0.0042924476051010955,0.0015009165576817171,0.0026239208064895254,0.002893092356718914
P39968,8,578,M,test,1,0.002191252873242396,0.9890829774361223,0.0007361313662793603,0.0018871343621199449,0.0010340642654106597,0.0011717483235485526,0.0008606246947396946,0.001030032802632522,0.0011180900545574453,0.000887943821347093
P39996,0,337,M,test,5,0.0023371576824828067,0.001612590246411619,0.0015508128272275364,0.001189049427463096,0.005050277708436512,0.9766141589224712,0.001074216541258052,0.0024019456018329085,0.005795828889458387,0.002373962152957927
P40006,5,225,M,test,5,0.002827227234118828,0.0014956752465156709,0.0018469122779658552,0.0017081147077168913,0.009342828225742346,0.9717904736572609,0.0013407145723068675,0.0027083180582842905,0.004838719235493211,0.002101016784595098
P40014,0,221,U,test,1,0.0158622927433592,0.9474635760081875,0.0008505802823183514,0.01675392054703962,0.0021720327497665864,0.005700234240641007,0.0017452774343723945,0.0035118120751063877,0.0045269050879591126,0.0014133688312497842
P40047,3,520,S,test,3,0.002175265571291696,0.0023797479087391965,0.001690793107883916,0.9847474155445484,0.001842521845131965,0.0012036443727890896,0.0018715373147718448,0.0009264782495511723,0.001451872326156591,0.0017107237591361432
P40053,3,627,U,test,3,0.0030401071134354327,0.003897860833882058,0.001669913261489609,0.9840512153349324,0.0008495830524832234,0.0009552118595433542,0.0017296652909387599,0.0007439197864861731,0.0013056198996344848,0.001756903567174406
P40072,0,274,U,test,0,0.9944017589701899,0.001333927583851887,0.00036069097664840493,0.0008551721302624151,0.00048536280815449014,0.0005674465146357159,0.0005564711703814465,0.0004930060843428715,0.0004453939402611082,0.0005007698212718017
P40094,7,801,M,test,7,0.004252450091832236,0.007066094344510604,0.003470748909516896,0.003311811726610362,0.009490784295216048,0.012055097195537913,0.005049909485003087,0.9327342547142139,0.019282810466319272,0.0032860387712397286
P40156,3,214,U,test,3,0.06812691615572243,0.09758730128197561,0.006070273397669062,0.7981606636393371,0.00425431965950441,0.006287477843178441,0.008232512423141028,0.0028339880215089187,0.004091339607676114,0.00435520797028682
P40166,3,100,U,test,1,0.006612740377986134,0.9775914844254936,0.0018220014880205326,0.00637184265499894,0.0007565621644039824,0.0015768108342815866,0.0016589511445055975,0.0010752914925897395,0.001247359947632075,0.0012869554700878152
P40215,3,560,S,test,3,0.0018797739090734183,0.0021509660775903988,0.0013996603602326064,0.9871513798717754,0.0013565974015617628,0.001004207176253656,0.0013460401617344973,0.0007699524250314402,0.0014161592052282987,0.0015252634115185037
P40239,4,226,M,test,4,0.006248509394964028,0.005962368921146375,0.05293483188497216,0.00808617085057924,0.7932138891292011,0.05951623135216103,0.01558650255973446,0.009198695249879821,0.04074539913338797,0.008507401523973765
P40344,1,310,S,test,1,0.002917886353701012,0.9868005473711002,0.00053314085054138,0.0030426526267848977,0.000838748451886387,0.0016615471879137978,0.0009069032279274527,0.0012299432690509276,0.001249311870480323,0.0008193187906135674
P40395,7,1056,M,test,0,0.9939197085475077,0.001601582783103767,0.0002988783528596595,0.0011191774327012675,0.0004889324088921135,0.0005540329691940338,0.0005266009182734676,0.0005245478756638472,0.00047760630291205774,0.0004889324088921135
P40453,1,1071,S,test,1,0.0019929049960978164,0.9889310942867953,0.0009450661942249905,0.0017587325554011548,0.0010542975237634953,0.0010060176463081902,0.0008740433036607618,0.0012867161676814451,0.001242266121386184,0.0009088612046807337
P40473,0,351,U,test,0,0.9946342913394582,0.0014331784076482494,0.0003336626356529418,0.0008242116075237191,0.0004525136452762978,0.00047238134406547486,0.0005249250160167939,0.00042509725762557163,0.0004217890837529546,0.00047794966297978964
P40474,4,542,M,test,5,0.007317978281669273,0.003766972731645513,0.0032473333949389234,0.008555583490498031,0.021010487865686767,0.8262494046756298,0.0035944703737411086,0.10023543044935429,0.017632234500843225,0.008390104235993082
P40475,4,563,M,test,5,0.0016822787717401704,0.0013838047956941536,0.001394658079443418,0.0013412296181612667,0.004192239958790253,0.9797885752781779,0.0013204358631768482,0.003136778166712937,0.003633399862790414,0.0021265996053126514
P40486,0,507,U,test,1,0.01810414364516059,0.9580412615241951,0.0007954405244856294,0.010518883473744115,0.0016578405817051576,0.0031955710507429198,0.001486078619974389,0.002431062310446641,0.002690940892908404,0.0010787773766370264
P40495,3,371,U,test,3,0.002506809787918632,0.004633297236694299,0.001959946715295967,0.9802042893261175,0.0014508302632355319,0.0013005158466430397,0.00194469409616562,0.001138769794633221,0.001676431283755159,0.003184415649541037
P40498,0,721,U,test,0,0.9950162650940605,0.001078542412806745,0.0003443863953779428,0.0008358783734775496,0.00045623787262280064,0.0004800045522110134,0.0005030404347126359,0.00038720406152608435,0.00040896897991892975,0.0004894718232858116
P40525,1,121,S,test,1,0.00992294302830862,0.9592373919152646,0.003053042556708582,0.01097297569831857,0.0015715714465387198,0.003005709484074555,0.004840781422314048,0.0016860501989139991,0.0024340976839109557,0.003275436565647394
P40531,7,326,M,test,1,0.002012464662183276,0.9889321222444037,0.0008210885484331452,0.001835952144224238,0.0010298758170429268,0.000982714340855949,0.0008210885484331452,0.001322386655917253,0.0013750647049012026,0.0008672423336050645
P40546,0,346,U,test,0,0.9946219188991884,0.0011353852985230984,0.00042178384814802947,0.0010157669199995474,0.0005107596752815043,0.0005087684493172293,0.0005269729543174624,0.00034424993055328783,0.0004056255753541784,0.0005087684493172293
P40564,1,432,S,test,1,0.0023858409545425767,0.9872686512163669,0.000886315089741564,0.0026113926330045105,0.000958335027273423,0.0015135734700523062,0.001094453013634729,0.0010774851297865524,0.001230526703962305,0.0009734267616351588
P40571,0,144,U,test,0,0.9880306700659401,0.004133610295819276,0.00048603542304856683,0.0033803504999622832,0.000690795637890221,0.0007646410822512142,0.0008300100354975468,0.000533805434510935,0.0005638109033843863,0.000586270621695441
P40847,0,254,U,test,0,0.994977884379489,0.001139680497636959,0.00033118042976106445,0.000712149771461131,0.0004781147838610921,0.0004932917619484014,0.0005030210559856746,0.00043874277305285106,0.00044218389352629686,0.000483750653277525
P40858,3,161,U,test,3,0.0018016493572999433,0.002233447526784382,0.0017530529449265478,0.9857374516916515,0.0012976792755797068,0.0011230479093910708,0.002122861817634839,0.0009494024645717101,0.0015837513050489477,0.00139765570711133
P40936,1,264,S,test,1,0.0037419636711233223,0.9852079514918277,0.0008053146016407707,0.00426928574998859,0.0006370562711953248,0.0014023721966017536,0.0011490626915508508,0.0008505817698732191,0.0009341813035698376,0.001002230252628639
P41000,1,583,S,test,1,0.003271525578521584,0.9860947880514856,0.0006476709676993978,0.003203552304979767,0.0008123613877713591,0.0015058799667723236,0.0011234549532859424,0.0012290635524511962,0.0012194988700402537,0.0008922043669925784
P41056,1,107,S,test,1,0.004820501299783124,0.9836177314585938,0.0015927405267586283,0.0027466390320189417,0.0008625818897044442,0.0010006124613415575,0.0014845973209702767,0.0011698344833527925,0.0015257518863141882,0.0011790096411622632
P41057,1,56,S,test,1,0.00718779314262679,0.9789167870453462,0.0011461936435845307,0.005268982910219662,0.0010274413833618122,0.0013825735918579966,0.0016612003173045343,0.0009803915421441036,0.0013089942083469106,0.0011196422152074752
P41058,1,56,S,test,1,0.0063038599333154035,0.9804750176190866,0.0012807069698414484,0.004616508769025176,0.0009896535285716273,0.0013421693708949665,0.0016573578040800785,0.0009369852574261395,0.0012316438484158724,0.0011660968993426942
P41180,4,1078,M,test,4,0.0016874972654406335,0.0008208157470125614,0.0012370129541275504,0.0016165232717436227,0.9886035328784943,0.0017207801711326199,0.0010255198546112881,0.0011219220962903887,0.001091660168019395,0.001074735593127627
P41183,0,707,U,test,0,0.9945875608889413,0.0013668166053473142,0.0003524014099582851,0.0010127604679708697,0.000479797755131103,0.00048167562162192,0.0005047917468867446,0.0003751293483245694,0.0003722100885511336,0.000466856067266759
P41546,0,238,U,test,0,0.9950701277194467,0.000888099744195353,0.00040580834002447756,0.0007262630591690345,0.000539712855817735,0.0004972067684520186,0.0005170132062014809,0.0004089911350124301,0.00041543178376918683,0.0005313453879115873
P41593,4,591,M,test,4,0.001257378804472532,0.0005689632160615734,0.001213942149657099,0.0014359716774752023,0.9893003736095625,0.0022208887635294995,0.0009454191915160392,0.001010332320892692,0.0010713003093843895,0.0009754299574485266
P41594,4,1212,M,test,4,0.0026825351956345036,0.0014232930182109045,0.0019876588956211196,0.002103490743207797,0.9844033663101306,0.002532343366002608,0.0011799513529243803,0.0015449700790738496,0.0008565528503252965,0.0012858381888689202
P41698,4,603,M,test,4,0.001490911188562842,0.0007125580805720954,0.0015808792747125865,0.0016310616109874855,0.9801137731339413,0.008028367278659897,0.0011036316512800688,0.0019369336625384916,0.002086159706748477,0.001315724411996707
P41903,9,349,U,test,1,0.0020793362701291666,0.9884235570101405,0.0008467170090965742,0.002374676828509978,0.0007649451382738016,0.0014802412357209727,0.0009745654254463698,0.0009155194559651072,0.001134940225517964,0.0010055014011995953
P42223,7,864,U,test,1,0.0023939302736127412,0.9891660804662654,0.0009677077175242193,0.001839976629360568,0.0009233931140064147,0.0008880184515783358,0.0007655197741988682,0.0011138246800230403,0.0011138246800230403,0.0008277242134073358
P42260,4,908,M,test,4,0.0013538425569637426,0.0006198341731888367,0.00105026294587324,0.001383243595767905,0.9890024672379976,0.0026429407326256002,0.0008878715462040673,0.001194761834427814,0.0009451344386332447,0.0009196409383179583
P42699,6,167,M,test,6,0.001954442100653503,0.0019563515447403243,0.001460953249692286,0.00121591320271144,0.0006901054797193109,0.0017519506891617589,0.9870435482903538,0.0010400257187520013,0.000992399396228704,0.0018943103279869058
P42775,0,360,U,test,0,0.9950502017310283,0.0009887938591783211,0.00039331505320397956,0.0007011599604566345,0.0005129795497836642,0.00048378578995051833,0.0005190263941276544,0.0003995088718844274,0.0004219654736534959,0.000529263316732995
P42776,0,382,U,test,0,0.9950641402303568,0.0010182052538151786,0.000393320568291626,0.0007262587173733686,0.0004991498147784969,0.0004762920432985349,0.0005089946516900332,0.00038722267515610865,0.0004154292944416045,0.0005109867507981933
P42826,1,600,S,test,1,0.003333141649874128,0.9866791628847724,0.0007517566754278545,0.0035273817836399372,0.0006430116070300737,0.0012107256654929474,0.0009959157587227918,0.0009282956844180902,0.000957762789667006,0.0009728455009547005
P42900,3,643,M,test,0,0.9910711558264266,0.003069278708661123,0.00040103214870377694,0.0021260272404778516,0.00046520545786747294,0.0005744520752977276,0.0006689841736442791,0.0005524450963540078,0.0005189741762131598,0.0005524450963540078
P43005,4,524,M,test,4,0.0012916971399537821,0.0006649086701661223,0.0008020330088547368,0.0018812445197406186,0.9888888843558052,0.002016310751779391,0.0010834773760945188,0.0009231342905285691,0.0013857887840951438,0.0010625211029818965
P43082,8,212,U,test,2,0.0009684297708315389,0.0009386342591399329,0.9937785134495966,0.0005327326290545246,0.0006155714426486975,0.0006734371327779222,0.0006552723264880321,0.00041814663002833266,0.0007690893732200434,0.000650172986214464
P43554,0,623,U,test,0,0.991623524103664,0.002657719823430344,0.00040125567099122715,0.002079965445741683,0.0004765029309149652,0.0005838235744615012,0.0006513022648443099,0.00046184245746969457,0.00048024015402081005,0.0005838235744615012
P43587,0,155,U,test,1,0.008143992575960707,0.9551495301459458,0.008455500399558955,0.004581489308495697,0.01088361559047623,0.004139031019987309,0.002122284243711098,0.00266194093785229,0.002089381084906467,0.0017732346931054052
P43596,0,787,U,test,0,0.9920367899542414,0.002700697642025409,0.00035149764421230594,0.001743701560704525,0.0005154372076929839,0.0006049657205477268,0.0006097104602484731,0.0004693109209809054,0.0004443346808125455,0.0005235542085336907
P43603,1,459,S,test,3,0.09204417792864028,0.0999130120470137,0.035244436319254877,0.23711795453958426,0.1443821987943012,0.043014039876436365,0.021883769735305803,0.18757574924070244,0.08744404774426838,0.051380613774492705
P43613,5,295,M,test,5,0.0017454230741004173,0.002138537127911683,0.0022764608793234293,0.006334421242590308,0.006000604497270485,0.9624643352696607,0.00285532140039463,0.0024422861238260368,0.007784340552383123,0.005958269832539195
P45815,0,411,U,test,0,0.994098857193247,0.0018455441213987667,0.0003387345780603573,0.0009763398119375543,0.0004739749207533495,0.000504543749353692,0.000498665590772143,0.0004282006510932405,0.0003898811235436899,0.0004452582598402596
P45846,2,183,S,test,2,0.0007403497846391311,0.0009213801566895462,0.9947509521912989,0.0005374362416932099,0.0005108259100721664,0.0006042557866131914,0.0005229398560599018,0.0003781336551819887,0.0005209011326641973,0.0005128252850876996
P45895,7,804,M,test,7,0.0014497279065000348,0.002418372255018599,0.0022986300075375572,0.0015922144498680835,0.003598638369790422,0.00661244803029904,0.0026457069476316076,0.971837232663731,0.004952494875846529,0.002594534493777115
P46014,4,581,M,test,5,0.02068934668625073,0.0038722575723776228,0.0024613566705171236,0.007434872728613933,0.024956117405743165,0.9183583610250547,0.0035257305899215434,0.011186982000867148,0.00472589274287373,0.002789082577780248
P46367,3,519,S,test,3,0.0043720888284488665,0.005161651091119608,0.004091184702498031,0.9683867371974471,0.003204942073440862,0.002202722306533745,0.00576034670294316,0.0013153055125072768,0.002053163072673114,0.0034518585123882485
P46654,1,252,S,test,0,0.9901011436786727,0.0033940567303445404,0.00040694880970901156,0.00242089002138177,0.0006302946415076933,0.0007283040650908166,0.0006949526454897307,0.0005349241205587863,0.0004870539634411003,0.0006014313238038027
P46676,0,1062,U,test,0,0.9937954986038854,0.0017536297399799357,0.00033078685585346087,0.0012147037588560135,0.00045567814248371043,0.0005475098647449257,0.0005432490640325269,0.0004348111038253773,0.0004314273761339406,0.0004927054902046761
P46784,1,105,S,test,1,0.008499843451553808,0.9748028484125647,0.0008958769035157975,0.007649031905741003,0.0009462345596153817,0.0021075295322142353,0.0011776080759713806,0.0013137167869369615,0.0014204662541232183,0.001186844117763494
P46943,3,645,M,test,3,0.001980021172936996,0.002120107690829309,0.0015420421591584802,0.9863833401446368,0.0012198557641442535,0.0011414806604355017,0.0015786105408383243,0.0008449693159571992,0.0015480774788179357,0.0016414950722452007
P46974,0,1380,U,test,0,0.9950888173946595,0.0009398718245126264,0.0003933303184073967,0.0007807044793371863,0.0005482224270406551,0.0004914233880217452,0.00048569814034920894,0.00036377106939044764,0.00040899880305661544,0.0004991621552246589
P46990,1,184,S,test,1,0.0040950433427021015,0.9855261539675697,0.0013075768699824433,0.0024620349847414833,0.0007747136366527539,0.00111842978201978,0.0013333664744494735,0.0009870108443056848,0.0012235658635136961,0.001172104234062921
P46992,4,396,M,test,5,0.016613386138179514,0.03705690704510231,0.36648543713466053,0.018246234850124853,0.02244325109905467,0.4284648783532748,0.02932874409369674,0.013453930265540212,0.0584412090141756,0.00946602200619074
P46998,3,180,M,test,3,0.002999329830259406,0.003420328629528677,0.0019960343729001667,0.9827759074865224,0.001382612563837884,0.0011240559860500297,0.0022442018141093944,0.0009765967663511697,0.00148332672252991,0.0015976058279108796
P47013,5,409,M,test,5,0.0011458043423548758,0.0015418483099761942,0.0016541618470057196,0.0018453507175334842,0.003680685527093561,0.9709688385850183,0.0023510380041222834,0.002287622624351187,0.011754450550535553,0.0027701994920088777
P47040,8,408,M,test,4,0.03527792521817003,0.005258980175309469,0.0043598473739447,0.06258337161802509,0.6222703419208925,0.0581066940187537,0.005866816231855838,0.03461248779205496,0.15981224082523998,0.011851294825753741
P47082,8,602,M,test,4,0.0016317125527335313,0.0007128423437503945,0.0007890445489013165,0.00180614111069779,0.9881949982960424,0.002370073540845127,0.0010250960983303433,0.0011752783731116933,0.0010869547725990323,0.0012078583629883408
P47095,1,244,S,test,1,0.002755360728473764,0.9828941768170459,0.0015791830493863705,0.0031869239394817506,0.0011154427619684151,0.0020839214343964852,0.001831884491197952,0.0010316159359694166,0.0016166324589579324,0.0019048583831219512
P47150,3,247,U,test,3,0.0020389894598388946,0.00254004263747972,0.0014946729723311677,0.9864324980154511,0.0010935260274333644,0.001051633857234283,0.0017440400645399748,0.0008126396030864471,0.0014096108573537901,0.0013823465052512404
P47154,5,453,M,test,5,0.0024758595771493656,0.003630607824988832,0.0036877814845479207,0.007761423878453244,0.009243961348305772,0.9165806695631884,0.004413696901295476,0.005407774311194173,0.017219470673547715,0.029578754437329154
P47155,5,203,M,test,5,0.0032279074563763936,0.0016518768340702027,0.0015158473935564765,0.0011531959719921115,0.004214097733451933,0.9620819659843053,0.0012566816257991548,0.012891905344755199,0.010604592009317735,0.001401929646375561
P47170,8,1584,M,test,1,0.0036934199715024756,0.9867764107866625,0.0014379139745903154,0.002698208436190808,0.0008519358810110037,0.0008192987291461972,0.0008257245638678771,0.0009578571764023425,0.0010602512621679771,0.0008789792184585979
P47821,0,323,U,test,0,0.9935880194880709,0.0014070681753893424,0.0003359258572562538,0.0013016430368463672,0.0006082831831173228,0.000596517900870216,0.0005849801523807848,0.000508239575920508,0.0004774469068790636,0.0005918757232692578
P47866,4,411,M,test,4,0.001470041870346716,0.0006863086297950785,0.0011538489958353136,0.0014614534460448171,0.989311794955804,0.0018492553669860064,0.0010103439391957604,0.0009678503077318522,0.0010588312719554559,0.0010302712163049483
P47896,2,493,S,test,2,0.02634273033322442,0.08773468098299024,0.31594474594782784,0.04714479144405534,0.011598546598038943,0.24798784814718403,0.04184963003963372,0.0092471674665421,0.2039892619470722,0.008160597093431143
P48003,0,139,U,test,1,0.0032891099914264736,0.9870479102055717,0.0007120148938069659,0.0031785887707238927,0.0007232275526156388,0.0012545160303647279,0.0009359259835367462,0.000879221066408702,0.00110710651725604,0.0008723789882891566
P48044,4,370,M,test,4,0.0014407864975676797,0.0007651959792332999,0.0011177111418601818,0.0016073136200121054,0.9887476586674154,0.0019712458667962666,0.0010541020388606583,0.0011442168168244707,0.0010296836907474588,0.0011220856806824562
P48048,4,391,M,test,4,0.0020831018731054503,0.0007875738452419723,0.0013930760976757306,0.002397635598323346,0.9786771994453823,0.005629376772072184,0.0012684101833187857,0.0014094974109114507,0.005085718590649978,0.0012684101833187857
P48234,0,707,U,test,0,0.9947515687930361,0.0011670112798697879,0.00037813389582629363,0.0009524869335420173,0.0004798768764804915,0.0004912567949694303,0.0005229401579041059,0.00037227145272094903,0.0003931970206814195,0.0004912567949694303
P48239,9,356,U,test,1,0.006237441737258024,0.9485971315853751,0.0030547657874016735,0.026081705646442143,0.00149460080684991,0.005382264617158263,0.0026231061838100636,0.001590994316920306,0.0023148831349744862,0.0026231061838100636
P48415,5,2195,M,test,1,0.0024125498217619705,0.9886191686872272,0.0007771450016034705,0.0021290678142728446,0.0007473730648087779,0.0011132088974699769,0.0010135882360416992,0.0011989731093581956,0.001087421391320337,0.0009015039761355008
P48527,3,492,S,test,3,0.0019943686165020454,0.0024103710848644914,0.0017125506387789722,0.9857990723367798,0.0012726595135914916,0.0012002323033283794,0.0015351204172985248,0.0009202499623964541,0.0015838503575253294,0.001571524768934539
P48765,4,970,M,test,8,0.015561773702606491,0.010285703637770066,0.010529622612086318,0.18664200916844995,0.09758804157058219,0.01580683540974095,0.016565421873868995,0.00966252495900304,0.6216128572719465,0.015745209793945565
P48766,4,970,M,test,8,0.016030651881206063,0.010974740221127748,0.0113231153876722,0.20707815152688905,0.07798634938571483,0.015416524758722688,0.017064537249084175,0.009685174219276178,0.6182211418706892,0.016219613499617844
P48985,0,351,U,test,0,0.9756823268133724,0.014247402613466287,0.0004951966457727348,0.003857170501285103,0.0010240466351318178,0.0013460839176926986,0.0008292983400162372,0.0010483312222085543,0.0008037834757324281,0.0006663598353216752
P49047,8,478,U,test,9,0.006621491589546487,0.02019742119006511,0.021500043440842737,0.01717484173212529,0.010096567621801337,0.27936190197630567,0.03145613129766206,0.009940036512342992,0.04807405144676442,0.5555775131925439
P49166,1,88,S,test,1,0.004538083339119175,0.9837885856828622,0.0011518979166174812,0.004160314697615633,0.0008104615066461272,0.001197784411588316,0.0012700640056080518,0.0009041350930859219,0.0011700377516253092,0.001008635595231759
P49406,3,292,U,test,3,0.002295885979300343,0.002565000695700235,0.0013562880981013098,0.9869263559989109,0.0012063076900766018,0.0009505474980241562,0.0012941792483993954,0.0007758142842131203,0.0013404868149267544,0.00128913369234726
P49736,0,904,U,test,0,0.9950371185090459,0.001037245944763346,0.0003235278935488686,0.0007262389844871749,0.0004781432412145458,0.0005169961264994248,0.0005149805116577314,0.00043876890260982984,0.000421959927458945,0.0005050199587142924
P49739,0,807,U,test,0,0.9934269973682553,0.0017376398186447499,0.00035753320830301117,0.0015798231403253077,0.0004811135679677723,0.0004925228220107317,0.0005602858497550588,0.00042127711364174945,0.0004346498866296129,0.0005081572244666167
P49862,2,253,S,test,2,0.0005479045948703904,0.0008841412158173246,0.9945119899548476,0.00045958316899127405,0.0005027855073188074,0.0008192956678417455,0.0005500490233665173,0.00044544330539615824,0.0007372862517860803,0.0005415213097641427
P49866,0,704,U,test,0,0.9945481108271604,0.0013862536352351835,0.0003780565501198313,0.0009767810980656907,0.0005394297664020204,0.0004816565332492124,0.0004930786526656692,0.00035515125144521177,0.00036357340596016366,0.0004779082796965637
P50111,1,915,S,test,1,0.0020873393583352383,0.9845062205390617,0.0022132986450060315,0.0024308327878200435,0.001757715883556271,0.0012960584540087341,0.000970702997891745,0.0016969948139501049,0.0013371997464412745,0.0017036367739288434
P50133,4,585,M,test,4,0.0012287049556565623,0.0005603489857229094,0.0011587790501505378,0.0013868770444792882,0.9896654930445671,0.0021186106167689904,0.0009095361350635393,0.0009989299987436932,0.0010306394345359514,0.0009420807343114357
P50402,0,254,M,test,0,0.9942355166614739,0.0013752852455304805,0.0003606306933345072,0.0011371630738582202,0.0005165795724303324,0.000512559576981351,0.0005308997039098147,0.00039607528593448504,0.00040231258568009475,0.0005329776008667632
P50536,0,512,U,test,0,0.9949724410509704,0.0009397619582269352,0.00036658131794712115,0.0007929059951000562,0.0005503037177338765,0.000529221948721841,0.0004952197658036186,0.0004219325012735673,0.00044218146409937686,0.0004894502801232039
P50582,0,507,U,test,0,0.994475469665284,0.0012645735630670341,0.0003721681438211545,0.0011407746086445397,0.00048539877059368115,0.0004595662999096783,0.0005187265539055388,0.0003663981934461687,0.0003900288431042695,0.0005268953582239902
P50944,8,713,M,test,4,0.004149864179965661,0.0012656371773689015,0.0016898472982134125,0.0068889012451859265,0.9318185937882152,0.018026188962372396,0.0021195433749717266,0.003823034200373621,0.02664098283451554,0.0035774069388176464
P51402,1,88,S,test,1,0.006301488581912128,0.9801061991103385,0.0013105847067529032,0.005368935820608919,0.0008798849614169247,0.001290265927697588,0.0014792972672434263,0.0009815826991505002,0.0012120928138409143,0.0010696681110382155
P51553,3,393,U,test,3,0.008329325344401384,0.014476358183773682,0.002929584490186986,0.9608606204906801,0.0021018739739640728,0.0017978281542322405,0.002828380704253674,0.0016115627290635634,0.0022027450449452523,0.0028617208844990585
P51813,1,675,S,test,1,0.014934913139927933,0.8458337191036088,0.010751964702191443,0.007176354490201291,0.09126435325700549,0.011739732806184427,0.003272765319537753,0.0081318750866469,0.0028212999810438384,0.004073022113652049
P52188,4,427,M,test,4,0.0016501442040920034,0.0006878824584847785,0.0011121904857067974,0.001709189010835998,0.9838640039516233,0.005264672274956245,0.001151986250757414,0.001310480597878029,0.0022248529191542686,0.0010245978465111439
P52554,1,126,S,test,1,0.0079816158319803,0.965879775353894,0.0018645865666629211,0.007542097299524502,0.001793155416244527,0.0034028107427358225,0.0027881635450904456,0.0024318796272156515,0.004152957206023969,0.0021629584106278425
P52701,0,1360,U,test,0,0.9948768634964169,0.0010002751987655879,0.00041860877214766926,0.0009196987362333985,0.0005271080043197292,0.0004724965548391681,0.0005230060519938084,0.00034976071745743755,0.00039324652856590907,0.0005189359392603764
P52848,7,882,M,test,7,0.002471514447403695,0.003161115256593351,0.0041552073170004365,0.0020569769594861614,0.004801333291048806,0.011339232961182926,0.004440507270084504,0.9551442612483731,0.009909590447816502,0.0025202608010104835
P53063,0,387,U,test,0,0.6237120963813491,0.2811290772959629,0.002231951457350698,0.06782554454815126,0.0036512291625686775,0.006509020343325962,0.004651787009686883,0.003594622442116445,0.003737815856802152,0.0029568555026859094
P53070,3,669,U,test,3,0.0026994352208840624,0.0030779633974614687,0.0016712140323951266,0.9848177679056128,0.0010255910168980018,0.0008980375318332304,0.0019273163536113992,0.0007925153572697343,0.0014576587209769443,0.0016325004630572616
P53075,3,577,U,test,2,0.0019147455673450108,0.0037801375569418544,0.9764852632934443,0.002086571208237535,0.00106571627574842,0.007339969359412447,0.0021194301316823454,0.0010909889946615957,0.0030597546479823588,0.001057422964544106
P53083,3,459,M,test,1,0.002401586624096602,0.9889438160947849,0.0009750783801210448,0.0019467646505917347,0.0008538070840765202,0.0008740545607352873,0.0008275382577216412,0.0011444437560373135,0.0011311105928015115,0.0009017999990335084
P53093,7,235,M,test,5,0.003117040868903921,0.0023436931533044434,0.0020203896294985965,0.0020683017542998615,0.011536061342771084,0.9381551561526674,0.001989066455960885,0.024231790705593358,0.01133505118863185,0.0032034487483685982
P53094,1,1487,S,test,1,0.0032860726074773893,0.9861363932396807,0.00118665496739843,0.002256277849724445,0.0013711773189427029,0.000964743741412412,0.0008580608033738224,0.0014147031432208915,0.0016475072339774955,0.0008784090947917401
P53102,0,219,U,test,0,0.9939547456497504,0.0014367520182548572,0.0003990690379680082,0.0013855957545179133,0.0004851445981352814,0.00046655901013508257,0.0005433361010558407,0.00036907850387477725,0.0004248068043318122,0.0005349125219759943
P53115,0,1489,U,test,0,0.9947192906016454,0.001015866432338796,0.00037812163091967857,0.0007880731324383493,0.0005676277349961199,0.0005311580152197978,0.0005437540951340518,0.0004779905252936948,0.0004490305543806178,0.0005290872776334431
P53136,0,463,U,test,0,0.9946791080959276,0.0012781904268369232,0.0003336776621244478,0.0008894863553795892,0.0004490123895389059,0.0004912210351913093,0.0005395007981745849,0.0004351977032351899,0.0004056488747730408,0.0004989566588183207
P53139,4,140,M,test,1,0.0034089364553210343,0.9714056644712528,0.0072733199359579824,0.005152521862505535,0.0012989504553187706,0.002218237468915778,0.002893126919053252,0.001889961731378776,0.0019652492692666416,0.00249403143102942
P53174,5,237,M,test,4,0.008565614331022832,0.0033023381950771763,0.00693664540338403,0.008015279036605805,0.7650516328864198,0.07284841968045516,0.004767482353235146,0.02274438640465218,0.1027327368626451,0.005035464846502795
P53178,5,202,U,test,1,0.003085405720352436,0.9861149833915999,0.0012533301897017064,0.0022212495556587406,0.0006894562676989689,0.0012147692393195612,0.0014825638615229544,0.0011636778077840008,0.0012147692393195612,0.0015597947270421558
P53193,3,184,S,test,1,0.041835327363759806,0.6070103145383069,0.019360469960726788,0.08377017213412834,0.019819587782894253,0.041550316574382955,0.040906135640483635,0.010122855354182926,0.1131662818825122,0.022458538768622242
P53199,5,349,M,test,1,0.0027297884009748682,0.9862131994377709,0.0009424688685583087,0.0038571445897354474,0.0007514016410457772,0.0015599500497248252,0.0011018576246073564,0.0007998628944169407,0.0009424688685583087,0.0011018576246073564
P53220,3,239,M,test,3,0.0019572380902594996,0.0022374202200083006,0.0015543627010392938,0.9865269755132859,0.0012987187109573216,0.001043549811836965,0.0017340169337280301,0.0008001174406230662,0.0014488254523305334,0.0013987751259309997
P53223,5,239,M,test,5,0.0015516175199018429,0.001992316452083362,0.0022931422585930803,0.0018425914469655787,0.005661741368042853,0.9544860130143853,0.00203956267915175,0.014436601669548896,0.013456392109776144,0.0022400214815512425
P53236,0,928,U,test,0,0.9947809648789023,0.0012522104752293148,0.0003285380977170265,0.0008147293178496438,0.00046331301898758475,0.0005108413789039671,0.0005068659702578665,0.00042849447654637714,0.00042849447654637714,0.00048554790905955833
P53254,0,1237,U,test,0,0.7398480928034727,0.19912740891412442,0.00321859474667342,0.028132165036668478,0.005224295114767842,0.004683027696131009,0.008059999425113236,0.0032438382435537433,0.004610424120847933,0.0038521538986471954
P53258,1,950,S,test,1,0.0021255359400506033,0.9889087676687899,0.0006101667592425295,0.0019581353941509343,0.0009231529042452996,0.001162425055421502,0.0007896144843350512,0.001359012547039195,0.0013858165879656946,0.000777372658759306
P53259,3,346,M,test,3,0.0019493220357189615,0.0018600562921464504,0.0015300405516608074,0.9825369608399939,0.003763843761323193,0.0015724548387447493,0.002213190017013827,0.001031241010468245,0.0017610659123665098,0.001781824740563414
P53266,3,389,M,test,3,0.0025674713850509664,0.002773388662075641,0.0011766226569769915,0.9854681759215155,0.002029054730510784,0.0011538646264720922,0.001002494910823322,0.0008441853870336067,0.0015709972416410793,0.001413744477900002
P53298,0,406,U,test,0,0.951425715050962,0.025753914624034834,0.0009021487615645617,0.01433421271226584,0.0010222684826283225,0.0016082539957994238,0.001558773174395141,0.0011227422441211915,0.0011315480158818648,0.0011404229383468632
P53311,3,146,M,test,3,0.004001424506422069,0.0037151969254223,0.004096315574254333,0.9601784530426613,0.008413305256476213,0.007208590514163836,0.0034629442275279647,0.0020517266155222575,0.003422599795987999,0.003449443541561801
P53314,7,239,U,test,0,0.992783861579407,0.00224502378727013,0.0003278785405714742,0.0014512668088169703,0.00044815685221274743,0.0005960350851083975,0.0005867943853937058,0.000549093222299198,0.0004960644092949517,0.0005158253296254043
P53318,3,479,M,test,3,0.001999892250520679,0.0024265066653726963,0.0014098508672606097,0.9866004369717345,0.001334819913421111,0.0009502336407174541,0.0014775109851603838,0.0007755581002923775,0.001500778449362058,0.0015244121561581627
P53330,0,157,U,test,1,0.0034619229826705843,0.9865045609496433,0.0007634600551638999,0.0033211805744837583,0.0007938728033203068,0.0012247806533471814,0.00090663117816435,0.0010893423604072506,0.001115175387705152,0.0008190730550942082
P53394,5,754,M,test,4,0.0013780203287178277,0.0005677517957440386,0.0006433471294540868,0.0016142186246275796,0.9871940783618706,0.0036235159099217403,0.0008589811253101779,0.0013942639907033093,0.0016142186246275796,0.001111604109023055
P53437,0,365,U,test,0,0.9947521404104548,0.0012558480941770457,0.00033895721033342285,0.000912427228958298,0.0004490453694859913,0.00047800633188732595,0.0004970478930546809,0.0004088604265311576,0.0004352296925933244,0.00047243734252400843
P53708,4,1063,M,test,4,0.001291694472502744,0.0005867786256568595,0.0013069205489032382,0.0014021210412438919,0.9888867764067517,0.0025081089769313893,0.0009826691849244985,0.0010460460355538092,0.0010138625540816728,0.0009750221534501811
P53721,3,224,M,test,3,0.0023946300422385465,0.0025095505881758944,0.0018685857717662302,0.9831943837886357,0.002494889242947816,0.0013302117220673284,0.0021009074412502633,0.001008026390581598,0.0015796655355020115,0.001519149476834657
P53725,0,186,U,test,0,0.9946313620810577,0.0011015387346941386,0.00035518096058725137,0.0007402608122253299,0.0005249234760175926,0.0005479703935627687,0.0005924972201007948,0.0005028458325117663,0.00044899084929063545,0.0005544296399519476
P53747,8,219,M,test,8,0.00336988043650532,0.0038335200638622245,0.005138454121988704,0.01193560123045754,0.01543074129592361,0.010527347408156014,0.004941603259739153,0.004999852831239899,0.9343744688237978,0.005448530528329758
P53753,2,1117,S,test,1,0.02225712839875924,0.7088187231299471,0.03740129191575509,0.044480241172310094,0.012387957239330453,0.015001213885825666,0.018379872390927785,0.0086481877245279,0.11481100149734316,0.017814382645273467
P53833,0,195,U,test,0,0.9946448871554702,0.0010287683760927206,0.0004024782420423389,0.0010583199400810359,0.0005087801872456011,0.00046324963069608677,0.0005331970205986784,0.0003636087665268941,0.00040881632876377174,0.000587894352482718
P53865,1,581,S,test,1,0.0024212259349913378,0.9887890416526848,0.0006967479851031565,0.0026003721222122704,0.0006913258249658062,0.0010217133880025928,0.0008671168643372347,0.0010582717579049605,0.001045942676586122,0.0008082417932117063
P53871,1,357,S,test,3,0.05722984644375883,0.3519474320150377,0.00975270035541381,0.41146820889775115,0.019094860710096962,0.019933227919980798,0.027192328088521393,0.018363349719670387,0.05881631336060958,0.02620173248915939
P53882,8,636,M,test,4,0.001748524559595602,0.0007881217599746853,0.001259415060189615,0.002437087247135713,0.9793580453300622,0.006102950208766489,0.0015073223962256174,0.0024228491889426718,0.002660979268671433,0.0017147049804359337
P53893,1,1110,S,test,1,0.002837299501858605,0.9879537471751726,0.00071266832338939,0.0029640420224067345,0.0006853664866638453,0.0011842071125974345,0.0009367848648323902,0.0008663843894671111,0.0009515370721007347,0.000907963051511116
P53923,1,493,S,test,1,0.0022845140865410192,0.9887741087572786,0.0008671038039293935,0.0021650479934478208,0.0007022020363806785,0.0011353427885623082,0.0009597963540031074,0.0009449162650608487,0.0010665558902627041,0.0011004120245335525
P53974,1,638,S,test,1,0.002250518601478464,0.9874689366915241,0.0017561323097899544,0.002228647888267234,0.0011562071492289868,0.0011929092905377313,0.0009075174844547901,0.0009736242145726378,0.0008864948568448539,0.0011790115133012151
P54005,1,336,S,test,1,0.009318880031698673,0.9730931756656997,0.0007892220356213854,0.009210311099927624,0.0009226940097731656,0.0019006551471872485,0.001112981377176081,0.0013320644243778,0.0013530413017269587,0.000966974906811289
P54785,0,490,U,test,0,0.9947413288799355,0.0012155630201439638,0.000412062724964217,0.0007698345303650154,0.0005566612196525735,0.000512820320287502,0.000512820320287502,0.00037813001984630723,0.00040567426026846034,0.000495104704248916
P55830,1,268,S,test,1,0.0053269367769609,0.9819823179403335,0.0012049623367368684,0.005571689738475946,0.0006812240237920765,0.001282675731503571,0.0011144079831504887,0.0008679018651542511,0.0009532036178008157,0.0010146799860915896
P55861,0,886,U,test,0,0.9949861174849833,0.001094424581251477,0.0003209937325255587,0.0007960203119706778,0.00045980227750053556,0.0004932958116278166,0.0005109467037912167,0.0004219382790967846,0.0004153967271445376,0.0005010640901080403
P56271,2,484,S,test,2,0.0038611115177562905,0.010150346718291427,0.9301353521922853,0.006328705581843913,0.0022172496711922057,0.009508634742539808,0.0058645386101448555,0.001477006795656975,0.02680142733331007,0.003655626836979175
P56574,3,452,U,test,0,0.9939624627212141,0.001436061862734278,0.00035772593332353427,0.0013856065371860098,0.00048514839534627343,0.00050447450052723,0.000537010250638511,0.00036335932825612313,0.00042481013779568086,0.0005433403329782165
P57052,0,281,S,test,0,0.9948452613531015,0.0010031781759441642,0.0004318831155092744,0.0008455861742560943,0.0005291543150575306,0.00047618729410241596,0.0005417027806818416,0.0003665344520843905,0.00039942658230991923,0.0005610857569529355
P57727,5,454,M,test,4,0.00129144865363255,0.0005177318451304143,0.0013272488113122902,0.00129144865363255,0.9886985834388518,0.002642128726994178,0.0008841383756843485,0.0012179519326012515,0.0011352560724547285,0.000994063489705882
P59055,0,597,U,test,0,0.9943640871945244,0.0015185081678623555,0.00031829662340908063,0.000953977348668382,0.0004631188355839039,0.0005106272620904747,0.0005309683379592314,0.0004384721096564851,0.00039923339158718675,0.000502710728658521
P59936,2,40,S,test,2,0.0011076008710075435,0.000960422683415671,0.9932917394072261,0.000596339991244144,0.0006274049543299085,0.0007687126664658033,0.000747977875209097,0.00045190286062271834,0.000747977875209097,0.0006999208152698616
P59942,3,119,U,test,0,0.9933804466527997,0.0016547548084393895,0.00042456136820593124,0.0015167282765669247,0.0005283751575606716,0.0005757905895026553,0.0005757905895026553,0.00035751648143699395,0.00041472636997658016,0.0005713097060085756
P60022,2,68,S,test,2,0.0006041360806156839,0.0009158156617044837,0.9945537651352788,0.00047050164137983034,0.0005719844944490228,0.0007202372650294369,0.0005947698269375326,0.0004596024888283013,0.0005394328469967447,0.000569754558780175
P61407,1,2134,S,test,1,0.002168890714916639,0.988596452895208,0.001162057944863083,0.0023065187812075817,0.0009156795663193758,0.001217826126833505,0.0009447464370618529,0.0008944678782059737,0.0008337357465456085,0.0009596239088383729
P61588,7,244,M,test,1,0.002676971038081937,0.9871699862317455,0.0009001824703251829,0.002344034158933623,0.0011925480857329603,0.001178654499075932,0.0010042261618296955,0.0011603811351579313,0.0013996868002793925,0.0009733294188378482
P61769,2,119,S,test,2,0.0022081617825587554,0.0035011726467264973,0.9335882102000949,0.0033670449574578175,0.02797253059969141,0.0105345517059369,0.004860897411047539,0.0023322840399021215,0.008929649970866389,0.0027054966857177295
P61964,0,334,U,test,1,0.006318977500621005,0.9770844474095188,0.0006673174140284301,0.007489329123750995,0.0012273846528353882,0.0023382829717451203,0.0010498376683582243,0.001276278039741146,0.00160707682978233,0.0009410683896185025
P61965,0,334,U,test,1,0.006318977500621005,0.9770844474095188,0.0006673174140284301,0.007489329123750995,0.0012273846528353882,0.0023382829717451203,0.0010498376683582243,0.001276278039741146,0.00160707682978233,0.0009410683896185025
P62487,0,172,U,test,1,0.30782645874976994,0.61218601367924,0.003473494556677717,0.04434660755859031,0.004975551712650462,0.006096172474587033,0.007382168635394966,0.004289193120108201,0.005726823947881307,0.0036975155651000993
P62597,0,778,U,test,0,0.993700524865448,0.0010760651425540655,0.00044161620648778985,0.0016528648899165838,0.0006059802379125015,0.0005122837716548751,0.0005942595430684316,0.00036611269054428336,0.0004347695593349972,0.0006155230930784286
P62875,0,67,U,test,1,0.004256887042681571,0.986191664403983,0.0009799910814696172,0.0026123675953791236,0.0007692039045585503,0.0010847512541372268,0.0010110993520113358,0.0010763096296142094,0.0011323775788478032,0.0008853481573175789
P69391,2,56,S,test,2,0.0007137174378761538,0.00186576181750624,0.9894080722366544,0.0006810339547755285,0.0009755361784387387,0.0021439423812608703,0.001014397065574677,0.000877887478386834,0.0014587438432358906,0.0008609076062906741
P70041,2,270,S,test,2,0.0006873884240808267,0.000901791941138187,0.994746488448922,0.000543768922372439,0.0005229375625603489,0.0006210036859846707,0.0005632258827548793,0.0004088581316359019,0.00048363816152175766,0.000520898839028946
P70056,0,518,U,test,0,0.9949340640906762,0.0012364906924974034,0.0003497808084150018,0.0007805830656317572,0.0004491274826355686,0.0004562002076504241,0.0005069439253538198,0.00039946223638952157,0.0003902087033208545,0.0004971387874294983
P70158,2,445,S,test,2,0.0009869066781792895,0.002025000706581325,0.9854221127750272,0.000780707382694429,0.0009056363870957332,0.0026553226052168396,0.0010103103483045123,0.0008641642445122171,0.0042785619377963095,0.0010712769345920879
P70207,4,1894,M,test,4,0.0012197006518799333,0.0006327723299819236,0.0015179419450384913,0.002521060371996621,0.9862578688474226,0.002481974855951274,0.0013136692443811609,0.0011368859286527934,0.001634887780656214,0.0012832380440389764
P70279,0,355,S,test,0,0.9944019638428413,0.001337759902177593,0.00039000000791624263,0.0010842108003207196,0.00046676893481996336,0.0005007699244434224,0.000563030765149785,0.00035788410266910324,0.0003869650019887231,0.000510646717673191
P70281,0,254,U,test,0,0.994822311664051,0.0011546243305800567,0.0003363431477041523,0.0007668956319679031,0.000491291773900715,0.0005088709540051146,0.0005250242791790575,0.0004386741704786088,0.00044907704413843996,0.0005068870039949216
P70365,0,1447,U,test,0,0.994893527476991,0.0012453014203870102,0.00034434391190793013,0.0007148764975828757,0.0004913268960956446,0.00047994534869806837,0.0005089073555079189,0.0004352915173013594,0.00041212577102130675,0.000474353804506889
P70406,3,309,M,test,3,0.003751691972026917,0.004455244724028434,0.0035381827750366203,0.9361149261179244,0.005127955331366541,0.005097996546182945,0.02739849928067303,0.0017378969700839574,0.002489422498116048,0.010288183784561207
P70414,4,970,M,test,8,0.013048020701871133,0.00879431270934747,0.011160563182778334,0.15710554141405295,0.10630291371114774,0.015677557008766937,0.013889546118081488,0.009216361108317195,0.6511842863166146,0.013620897729022153
P70475,0,1187,U,test,0,0.9946828712943472,0.001347727871714081,0.0003310822142877112,0.0008454481333918688,0.00046690080106446787,0.00048172178154574024,0.0005249506332383622,0.0004185271487285476,0.00041527010988351296,0.00048550001179856216
P78508,4,379,M,test,4,0.0016972592767335196,0.0007047645616103327,0.0012369004374717131,0.0015882114061915877,0.9846596317831201,0.00489203578098639,0.0011262105286833218,0.0011988449641971233,0.0018786947822871263,0.0010174464787188354
P79953,2,1004,S,test,2,0.0024896809612938104,0.004687817901512981,0.914524879419841,0.004120856175866283,0.030330526579789532,0.02594307511835318,0.003856093733175548,0.005902853497781553,0.004633203281528317,0.003511013330857884
P80188,2,198,S,test,2,0.0006429388115062862,0.0010274132644200345,0.994305283377103,0.0005435277547947317,0.0005392980370312488,0.0007313965837400772,0.0006329709244911325,0.00044884365477538277,0.000554247859389737,0.000574079732748371
P80269,3,229,M,test,3,0.0023924919376217607,0.002350803841158284,0.0017572352572517132,0.984236956192693,0.0018852382187906263,0.0011434547603495593,0.0021656620242833814,0.0009116416888558174,0.0015813405427853326,0.0015751755362105506
P81182,2,1454,S,test,6,0.00968260140793958,0.04960638703411806,0.016089117304320607,0.12075553946900684,0.019407181249998334,0.07903888895212569,0.48511845325230113,0.010886442017615234,0.16896735289103681,0.04044803642153774
P81661,2,232,S,test,2,0.0005898602627397804,0.0009611849816040347,0.9940801410695699,0.0005144852406491397,0.0004890112977557808,0.0008924300333028586,0.0005650515170052334,0.000434935652367192,0.0009011878416788237,0.0005717121033272963
P82413,6,233,U,test,6,0.0018862015863058755,0.0017241278234747229,0.001053938309400657,0.0010916496565131096,0.0006858107042780076,0.0014154615567973324,0.9885940706550496,0.0009337375086717884,0.0009192612049682802,0.0016957409945406443
P82612,1,248,S,test,1,0.006246397324836232,0.9696418129354544,0.00127649017297474,0.013405657487294286,0.0010418408871691656,0.0029105237001166946,0.0016390457888658093,0.0009635452961477925,0.0013588167609639493,0.001515869646176985
P82649,3,359,U,test,1,0.0063816208379603445,0.9771812245387264,0.0006621899275208465,0.007942056513574448,0.0009193597627944058,0.0016843687532711565,0.0013272506569611622,0.0012566156583951435,0.0015276562632511382,0.001117657087544982
P82670,3,201,U,test,3,0.0018463915578847943,0.0023987600843013916,0.0020557795543879533,0.9829683769720902,0.0012789580722890202,0.001150937642444639,0.004120471401116515,0.0009999519595824437,0.001518800203856848,0.0016615725520461946
P82715,6,297,U,test,6,0.0019083530985358555,0.0019083530985358555,0.0013785680628636736,0.001129558144908895,0.0008072587896275656,0.0015409102699060057,0.9875864557790109,0.001016492329585143,0.00098137704625041,0.0017426733807756317
P82869,6,466,U,test,6,0.001857446332117637,0.0020380141627186175,0.0010000620029109954,0.0010079054844822123,0.0008388534564344748,0.0020300690505809936,0.9869241383336741,0.0012349116154278543,0.0010855569415674018,0.001983042620085716
P82919,3,196,U,test,3,0.0028492569325599534,0.002802344820010364,0.001510276028858818,0.9851178594237039,0.0016980491598601612,0.0010339498430664096,0.0013019395293441924,0.0008638974514025351,0.001510276028858818,0.001312150782334908
P82920,3,87,U,test,1,0.0063737160054473,0.9721658868134907,0.002545212096942079,0.008526664787093054,0.001192916845065204,0.0020936344727885262,0.0021600934232460208,0.0012798129722725736,0.0021183133584829904,0.0015437492251715813
P82953,2,146,S,test,1,0.0075805915686693115,0.9545925515187307,0.006944463774239023,0.01629685467903928,0.001626262950482834,0.0031103092147236598,0.0037225523097658333,0.0012764681938089995,0.0023113855313997103,0.0025385602591406625
P83183,0,84,U,test,0,0.9705792898806538,0.009552465981406185,0.0029361872708334904,0.008234740432872659,0.0020497888819409307,0.0011188127369427623,0.00227778969220393,0.0006628746209763467,0.001034732700054569,0.001553317802115358
P83326,1,185,S,test,2,0.0009360896972615988,0.0012425417119290851,0.9910844858894439,0.0006358689867535057,0.0008325754143596077,0.0013226788690029456,0.0008725315357058385,0.0005481533093304287,0.001652543050507259,0.0008725315357058385
P83411,2,40,S,test,2,0.0010389364179372357,0.001864808701936034,0.9898689846992169,0.0007541870476558751,0.000841356452908044,0.0018198324578837615,0.0011233581305943692,0.0006975089684476755,0.001018841620271444,0.0009721855031486763
P83428,2,55,S,test,2,0.0009227857969896602,0.0008467959223760732,0.9943245854313267,0.0004778008536247293,0.0005718527123939802,0.0005831314953424728,0.0006354607105882387,0.00042165775571334724,0.0006305155037339694,0.0005854138179107525
P83456,4,477,M,test,2,0.0022681600977742617,0.006250370867179885,0.9150410366477224,0.00452842956548704,0.006918530049277844,0.007437010801046934,0.0024717006347984177,0.0024910861130787096,0.04811800368199383,0.0044756715416407215
P83553,2,148,S,test,2,0.0008958742069322884,0.0011127579983521544,0.9940261088173621,0.0006377563395290601,0.0005412567064098821,0.0007255011326061858,0.0006109330840410942,0.0003898526073953285,0.0005144572578562824,0.0005455018495156345
P83562,2,82,S,test,2,0.0006872718943931544,0.0008387802688122566,0.9945779048494529,0.00043176703332404204,0.0005609349577854057,0.0006899618450815151,0.000567547057161,0.0004385664158524245,0.0006506959457630022,0.000556569732374311
P83636,2,106,S,test,2,0.0006112504391422961,0.00090160694585089,0.9945424400341031,0.0004217501387679021,0.0005479214379050291,0.0007344343175131243,0.0005764641453774793,0.0004560206544698399,0.0006405850618100368,0.0005675268250602941
P83673,2,184,S,test,2,0.0007490748409633348,0.0008843514798478724,0.994748515517273,0.0005148311521962935,0.00046693163230400377,0.0005610312121462018,0.0005610312121462018,0.0003722703194399041,0.000572096488293915,0.0005698661453893809
P83758,0,448,U,test,0,0.9936530841028111,0.0018774299349279427,0.000349330475529396,0.001279671047393888,0.000459186275586821,0.0005203262145057032,0.0005474314306537516,0.0004180938438014209,0.00039894794436259667,0.0004964987304273721
P83773,1,524,S,test,1,0.0030752101143934284,0.9871851401700392,0.0011832857691400646,0.0029897056354399355,0.0006383347343172907,0.001036119596620125,0.001036119596620125,0.0009072566454992534,0.0009287717069018167,0.0010200560310287831
P83774,1,317,S,test,0,0.7240597884815092,0.2174021655526927,0.0011587872361177578,0.029422183164541975,0.004373217275793467,0.007043191854814052,0.0034058651327382203,0.006000874301380392,0.005193323600956975,0.0019406033994552123
P83783,1,450,S,test,1,0.002989155423077943,0.9875457717330903,0.0011033464503844863,0.0021143308486249713,0.0007235923427858742,0.0010777874669058486,0.0011930020791720251,0.0009511441298568674,0.0009813366758971845,0.0013205328502044163
P83800,2,72,S,test,2,0.0006659873496661681,0.0009577166839944177,0.9943698845653884,0.00045239335689935446,0.00046675388476814106,0.0006925174109263384,0.0006159377272486746,0.00047410414416947875,0.0007006805693838693,0.0006040243075551354
P83911,2,43,S,test,2,0.001031028774933624,0.0008614567669634052,0.9939141576806686,0.0005369841661470716,0.0005348906694763178,0.0006682876067845192,0.0006709032261582887,0.0004348630190337608,0.0006895013881796213,0.0006579267016547435
P84033,2,245,S,test,2,0.0005764394661761904,0.0009229484709758807,0.9944998649921533,0.0004778851007088168,0.0004560011143079727,0.0008208873265490715,0.0005719535178834277,0.0004317331747971686,0.0007007721436345234,0.0005415146928136725
P84285,5,609,M,test,5,0.0013740235668586772,0.001231666842012776,0.001231666842012776,0.0011040590065789192,0.004022735023503013,0.9804933307627915,0.000997434100812331,0.0018780675493656567,0.006157946547056413,0.0015090697590078956
P84338,6,99,M,test,6,0.012248972179854859,0.04577789734386491,0.23660204819846428,0.015727992778629213,0.010314669248719956,0.13272171940665894,0.5008864896190327,0.006111238957897521,0.02836868295063169,0.011240289316245947
P84787,2,233,S,test,2,0.0006087185980768134,0.0009102322703957604,0.9942993057451486,0.0005046454651449753,0.00048153603669640033,0.0008303962810147794,0.0005651760709354094,0.0004118796348010952,0.0008207218195566457,0.0005673880782295624
P84805,2,239,S,test,2,0.000659852919844844,0.0010100934747960329,0.9929377299659977,0.0005281396952242877,0.0008053168310515996,0.001133462747755072,0.0006150506002731277,0.0005240296523438867,0.0011290437386148047,0.0006572803740986013
P84808,2,238,S,test,2,0.000660210247005295,0.0009681342942096757,0.9934753493107443,0.0005161846491882926,0.0007083021135764672,0.0009853025851002712,0.0005964502173379337,0.0004849106342951508,0.0009776350065614852,0.0006275209419811156
P84809,2,95,S,test,2,0.0006041668838533957,0.0008859522084155257,0.9946045308160202,0.0004420179478987055,0.0005458192915549767,0.0006872902760527137,0.0005720136703640849,0.00043516507264812655,0.0006532602147395013,0.0005697836184527427
P85070,2,67,S,test,2,0.0006899532278827263,0.0008569850754082775,0.9945654682269631,0.0004524823328093376,0.0005522315599344499,0.0006739703921106171,0.0006136570047596114,0.00043514800232570305,0.0005947768241650166,0.0005653273536410968
P85071,2,66,S,test,2,0.0007746034664057818,0.0011857519782565431,0.993114383840846,0.0005962335237334773,0.0006272929598267825,0.0010649791034251118,0.0007478442962804285,0.0005689299373055948,0.0006548343827790031,0.0006651465111412804
P85109,2,236,S,test,2,0.0006016389683648266,0.0009245850487593098,0.9943193940391125,0.0005026881493075974,0.0004910434148332421,0.0008534328718557842,0.0005586028982213536,0.0004316548324565406,0.0007755433323209662,0.0005414164447678902
P85886,2,69,S,test,2,0.0006176638589159696,0.0011140844163977561,0.9932690539732504,0.0005120613638589504,0.0006626565776190547,0.0009585268247834377,0.00081508154925099,0.0005712456345573684,0.0008246894224445704,0.0006549363789215291
P86037,2,80,S,test,2,0.0007458907353472946,0.0008927143242775853,0.9943968258481297,0.00044192563820095944,0.0005809002440406699,0.0006844677984196649,0.0006040407001042112,0.00042499576505934417,0.0006404912112193677,0.0005877477352011753
P86038,2,79,S,test,2,0.0007576403342172158,0.0008909766315779642,0.9944014587593264,0.0004453938156454604,0.0005718968824250032,0.000676496637836117,0.0006016886129189934,0.00041840874232444805,0.0006505805482759769,0.000585459035452403
P86040,2,80,S,test,2,0.0007008252560615941,0.0008687907849110113,0.9945751976360221,0.000425072010076538,0.0005653329060171077,0.0006661248776714207,0.000574235592554078,0.00041848185555018105,0.0006406061751189017,0.0005653329060171077
P86188,2,80,S,test,2,0.0006926623133463519,0.0008704916790154853,0.9945779625678347,0.0004250731768514937,0.0005631304670644483,0.0006739788750907509,0.0005697684110272324,0.00041848299227822955,0.0006431150753814339,0.0005653344421098877
P86399,2,64,S,test,2,0.0007957169218340016,0.000805096677992865,0.9946069312760326,0.000452501188140112,0.0005565859632299493,0.0006282356866923286,0.0005675636359354397,0.000418495199214146,0.000620916539730141,0.000547956911198357
P86413,0,259,U,test,0,0.9950005805645425,0.001023123779753957,0.00040577999756948025,0.0008523511688209033,0.0005439078301182815,0.00047812569099981377,0.0004991179645964094,0.0003260533687165743,0.00038719795778748885,0.0004837616770945058
P86483,2,67,S,test,8,0.009773421237805224,0.02975353081366323,0.2923945229369382,0.01921032395973323,0.009773421237805224,0.06864068007991668,0.018259154887765017,0.013410967030715669,0.5294581129605618,0.00932586485509572
P86500,2,83,S,test,2,0.0007036784716224556,0.0009195639936779736,0.994731076022469,0.000497037373926769,0.000459684440798569,0.0006042437789346559,0.0005523234763355812,0.0004120584666230415,0.0005765734865447393,0.0005437604890671409
P86716,2,166,S,test,2,0.0008554591056554481,0.000803629543799939,0.9947354039235543,0.0004817472281958719,0.00052089301927798,0.0005566579053360439,0.0005437628698354007,0.00038408241734020157,0.0005788326399345928,0.0005395313470701931
P86718,2,171,S,test,2,0.000760871899680046,0.0008538020651356378,0.9947495398899672,0.00048553256481807664,0.0004951088023945587,0.0005833806667046363,0.0005588445064968825,0.0003840878404742734,0.0005743362434506621,0.0005544955208780806
P86899,2,127,S,test,2,0.0005810227191845808,0.0009266600532024452,0.9946064660404829,0.00046323171385890107,0.0005415727086117904,0.0007146702485327785,0.000537358182793087,0.0004420188042982473,0.0006282353618643815,0.0005587641671709584
P86937,0,839,U,test,1,0.003964775265912562,0.9844642341127783,0.0008700954547669929,0.004919807922075271,0.0006567824788103682,0.0012318336013768972,0.000948176201119223,0.0009782745096448664,0.0010252229465767268,0.0009407975069388596
P86938,0,839,U,test,1,0.004431061717597093,0.9833675190781664,0.0008828127950823598,0.005429050180890313,0.0006663820529869729,0.001289512439771678,0.000969580273840512,0.0009848488993266995,0.00103211270300409,0.000947119859333878
P86947,2,238,S,test,2,0.0013789312768543401,0.0025086077936244413,0.9878467121526124,0.0012360659225174122,0.0007704947802046607,0.0023698169757148655,0.0009626492196266372,0.0006960839661537817,0.001357552999127308,0.0008730849135641187
P86950,2,394,S,test,2,0.0008072756191606612,0.0015945219799876201,0.9914724134322243,0.0006117485557569094,0.00047272265641158233,0.0007293127351789868,0.0008361611740810324,0.0006771439386972789,0.0019427097686702908,0.0008559901398313977
P86957,2,329,S,test,2,0.000790880794278135,0.0009120778539149528,0.9943712971104318,0.0004910690186668549,0.00047041531442997816,0.000569649987222127,0.0005718795148619556,0.00040236751501059395,0.0008551459404213248,0.0005652169507622752
P86965,2,98,S,test,2,0.0007256866803052118,0.001005550202777284,0.9942803965834832,0.0005145888693162249,0.00045235263089991965,0.0007487223607004687,0.0006379194865346503,0.00042494599199529876,0.0006556032056674377,0.0005542339883202645
P86987,2,183,S,test,2,0.0008518200815045932,0.0008857527020949787,0.9943806235880017,0.0005027190633917224,0.0005289071549258967,0.0005993302734824372,0.0005741232138363756,0.0003869566894140116,0.0007201118648089085,0.0005696553685393624
P86994,2,67,S,test,4,0.0022710847160698515,0.0009654015296567562,0.0020357869848772916,0.0028709200526758245,0.9639493802124701,0.011623978377004261,0.0014492392938974241,0.005508905139671858,0.007359843674572171,0.001965460019104446
P87061,1,1147,S,test,1,0.0023320280224511116,0.9888503044077048,0.0006545746641236182,0.002308237852730592,0.0009449890433768924,0.0010378672834387725,0.0007534109239946866,0.0011623563581962882,0.0012373217725280877,0.0007189096714551612
P87074,0,778,U,test,0,0.9926447342842359,0.0021252477347785135,0.0002782279478241504,0.0014938391187084676,0.0004845052060754105,0.0006294503358376049,0.0006124719187475735,0.0006832618021041499,0.0005405045526807144,0.0005077570990074262
P87113,5,219,M,test,5,0.0016249962680593012,0.0020066025676975068,0.0016831411838421945,0.0025664839235009884,0.0027642118644408626,0.9764690857284052,0.0018128143542637332,0.0016186610623635826,0.004468175326552551,0.004985827720874056
P87122,5,743,M,test,3,0.047077753525177034,0.025859538762951252,0.024771917974413683,0.6747877785365977,0.039895886002823164,0.012456103405312894,0.037901995271789196,0.013468260061520241,0.10069079832648682,0.02308996813292808
P87141,1,1313,S,test,1,0.0024664397882636826,0.9887367103849877,0.0008738715156989906,0.00203976435323204,0.0008807253515038394,0.0008876329711885307,0.0009086826080580105,0.0011713381643287792,0.0011944407854428917,0.0008403940772955427
P87143,0,565,U,test,0,0.9949167299119878,0.0011910983958900645,0.00035528286187670076,0.0008390659950997743,0.0004579777289153821,0.0004526421240358399,0.0005169335289378442,0.00039020189724962764,0.0003963466467692235,0.0004837209092377331
P87232,3,144,U,test,3,0.01709492254061479,0.02596502191347052,0.003527736543037754,0.9370041562225143,0.003029242839772005,0.0027366927449582906,0.003527736543037754,0.0018088435880864412,0.0028905239621981964,0.0024151231023099343
P87262,1,121,S,test,1,0.010200128582302518,0.9575640230266501,0.003156768406300089,0.011705931197277263,0.0015935353103486963,0.0031078271647153608,0.004995478612729524,0.0017230225791498735,0.0025266457008406547,0.0034266394196859327
P87299,1,285,S,test,1,0.003205266125580723,0.9871042027918163,0.0007120554831587945,0.0031157653199684076,0.000782040015087413,0.0012303216975656961,0.0008259988518447093,0.0011290064820013697,0.0011071696433003952,0.0007881735896761858
P87323,1,522,S,test,1,0.002024698615215287,0.9891313697311772,0.0006969892107589301,0.0019509404255877822,0.0009526712606618174,0.0011446607975056063,0.0008341868847337481,0.0011401982488012778,0.0012769614607782203,0.0008473233647801702
P91685,4,976,M,test,4,0.001298315346795827,0.0005874868955250439,0.0009206433578160659,0.0015478219952266212,0.9900804385353569,0.0016900182910658916,0.0008614926221682051,0.0010763411521137764,0.0010310716616669983,0.0009063701422647451
P91870,1,824,S,test,1,0.0024744818070480015,0.986646957473013,0.001278739354677365,0.0023611673297485917,0.0008652383817186693,0.0008720245797136789,0.0010937638000170359,0.0015067232671349996,0.0017274667290359702,0.0011734372778926744
P91889,2,331,S,test,2,0.0008841287459971406,0.0008670281499050502,0.9944979678122062,0.0004988657957726355,0.00048540975600083974,0.0005947364338918683,0.0006112231137762997,0.00039309677016302456,0.0006088402085227547,0.0005587032137642102
P91926,4,940,M,test,7,0.03217584822580846,0.05513530537789094,0.008040548759022237,0.06851655634074466,0.057696725725662215,0.039461190260138924,0.015620118894453396,0.44591229707063185,0.25013412466103363,0.027307284684613686
P91943,0,751,U,test,0,0.990134263909796,0.0038914353175304056,0.00036765987390456693,0.002195725404444748,0.0005391375620825131,0.0006735936613676329,0.0006205435439394324,0.0005562517217940342,0.0004947404798472604,0.0005266485252933805
P92935,6,618,M,test,6,0.0016652555642085068,0.0017282129719052492,0.0011201853925131501,0.001187782300152456,0.0008324511218487434,0.0018649978354290375,0.9870732089719978,0.0012399322911636824,0.0012792918468453353,0.0020086817039360436
P92990,2,626,S,test,1,0.002583702525798767,0.988555627022843,0.0008874704025912887,0.002464784286866707,0.0006911626417668105,0.0009228232292398737,0.0008944309321702092,0.001108797617923063,0.0010174898308402387,0.0008737115099599599
P93009,6,182,S,test,6,0.0025002345291330426,0.0023533449420421013,0.0014929583348123705,0.0024518758393710233,0.00108801324330958,0.0032401882105797977,0.9814595751111673,0.001252295511558893,0.0010628095600561755,0.0030987047179697365
P93025,4,915,M,test,1,0.002568810802858889,0.9883923282025479,0.0008667689703596091,0.0020192382635793133,0.0011709301445657508,0.0013011743306362358,0.0008466902952292549,0.0009372007664100536,0.000966950761156521,0.0009299074626565043
P93030,5,193,M,test,1,0.43109624604314195,0.5040025597232747,0.0013298701660247971,0.03259960488365924,0.004360476410257115,0.007133263467828148,0.003939362153849069,0.006859992941511023,0.006270540270897931,0.0024080839395559995
P93032,3,367,U,test,3,0.00629868809585755,0.016708661722763654,0.004603720504840554,0.952315200249904,0.00257238525975318,0.0034480273619103227,0.0034886716781228544,0.002183155035160238,0.002493241463326821,0.00588824862836079
P93050,4,617,M,test,4,0.0011136762623233164,0.0005643836486507358,0.0011808805010639681,0.001167122770801543,0.9890343209307414,0.0027671636339775562,0.0008439371815724179,0.001050296849081251,0.0012279213727065766,0.001050296849081251
P97361,2,278,S,test,2,0.0009154736620588538,0.0008960150159408799,0.9941823924049561,0.0005006593923505828,0.0004928973426807444,0.0005455876150126631,0.000623080636935627,0.0003960541155104031,0.0008368106661697123,0.0006110291483844175
P97363,5,560,M,test,1,0.0037163676318087103,0.9784688622363205,0.0016669390482592415,0.004420844959481551,0.0014147126737367585,0.003577488107174541,0.001553757973793764,0.0013083953304194494,0.001603079421716596,0.0022695526172889415
P97368,0,378,U,test,0,0.9951080784984249,0.0009021197341089803,0.0003995321105904971,0.0007493456172616868,0.0005482330585229173,0.0005090171552696219,0.0004991718520116621,0.0003782694313636976,0.00040900674741544123,0.0004972257950306619
P97430,2,131,S,test,2,0.0008771728817930352,0.000763590931555819,0.994412267184854,0.0004815907274707328,0.0006818099227131335,0.0006330390612417584,0.0005414669997299596,0.0004151571292218961,0.0006608328125400412,0.0005330723488796078
P97468,4,371,M,test,4,0.001333652973508114,0.0007194517456724612,0.001018560563596527,0.0014965404884303708,0.9895959004846294,0.0017157922316344545,0.0009457015636128549,0.001018560563596527,0.001075814437830725,0.0010800249474885836
P97484,4,841,M,test,4,0.0012665358789299677,0.00058669761824834,0.0014019273683365254,0.0012469001059505075,0.9887501923153531,0.0027502070621480933,0.0009158220211017914,0.001033716403476631,0.0010499951077099674,0.0009980061187450462
P97586,2,281,S,test,2,0.002301789590340904,0.005696983660262267,0.9506294509109479,0.003579034371016343,0.006487126661077079,0.015009551915387354,0.0032843066018761378,0.0027334427467349005,0.008099023151111367,0.002179290391245804
P97852,9,735,U,test,1,0.003008638815178206,0.9873917604690208,0.0010444646271928308,0.0021431021860182117,0.0009074465470117649,0.0012211028525589392,0.0011881655862604628,0.0008795273625069392,0.0009509958252119449,0.0012647957290398864
P98088,2,5654,S,test,2,0.000781719292780348,0.0008452402033517527,0.9944382305124959,0.0005027482098752725,0.0006305875923397298,0.0006844963231992917,0.0005310079693336579,0.00041193716300239465,0.0006430247642880011,0.0005310079693336579
P98137,2,590,S,test,2,0.0006688764352508416,0.000886117314614297,0.9947899283820851,0.0004817736191659231,0.0005480577074729653,0.0006042794959451443,0.0005108459584125255,0.0004088759475189699,0.0005721202881168849,0.0005291248514172993
Q00805,2,444,S,test,2,0.0006208841835846362,0.001022665745894101,0.9945550946152586,0.0005436643213913208,0.0005167456620770913,0.0006980788418582894,0.0005187681456627328,0.0004351434610765524,0.0005742239866702385,0.0005147310365264482
Q00870,2,350,S,test,2,0.0006707468784432816,0.0012193192354210457,0.9936825248106502,0.0006425360659365831,0.0005670361206651216,0.000981665937085727,0.0005453133095830032,0.0004926495134811686,0.0006655269892984347,0.0005326811394354121
Q00IB6,0,440,U,test,0,0.9946495181668447,0.0010470168707971215,0.0003607808496495487,0.0009070029340739099,0.0004969966490021734,0.0005458439383368687,0.0005631709628485939,0.0004779569804002007,0.00041851310229680874,0.0005331995457501047
Q01081,0,240,U,test,0,0.9947867499303572,0.0008930643860140822,0.00046694957558080766,0.0007549790073919216,0.0005721184964469693,0.0005009637132864489,0.0005902795174994753,0.00040887466357969276,0.0004561326725114548,0.0005698880373319868
Q01117,2,624,S,test,2,0.0008970144707286816,0.0017222998725189252,0.9914109876250804,0.0007068303650858994,0.0004801372206374231,0.001503684234417237,0.000845965245289891,0.0004953784603505383,0.0012308721408050608,0.0007068303650858994
Q01163,3,450,U,test,3,0.002360423157764115,0.002941540985631178,0.0014260873807371585,0.986336018820888,0.0010680901168289608,0.0009574297253109786,0.0013501923887313549,0.0008318294059030432,0.001409472934813893,0.00131891508339139
Q01329,0,785,U,test,1,0.0022678007844062578,0.9882730032834316,0.0006050292373011409,0.0021283222017564685,0.00104539681518055,0.0011571486464846531,0.000752971038532136,0.0014233173568975062,0.00159403959747755,0.000752971038532136
Q01846,1,1127,S,test,5,0.027550178367090405,0.03846502031853476,0.009264272879250014,0.017307939459217995,0.016069878311787352,0.3503657968810222,0.009192176402901243,0.329138227939485,0.18900818125552413,0.013638328185186897
Q01989,1,1253,S,test,0,0.9780900039414763,0.010950819097745609,0.0005452091328126703,0.005213371244054915,0.0008849618210046574,0.0009795635266204201,0.0010927819622136366,0.0007688681017143357,0.0007688681017143357,0.0007055530706431357
Q02040,0,695,U,test,0,0.9949080620766299,0.0010360991789023714,0.00039019851133692215,0.0008522718939358816,0.0005069307048832711,0.0004780812445705538,0.0005271245704026511,0.00037819338610966223,0.00041213179622664895,0.0005109066370022317
Q02127,3,395,M,test,1,0.023829299691794047,0.7066704508664762,0.014159817266750004,0.15163889054022742,0.007850399767261727,0.015014283434514336,0.026454020202801985,0.008422249561550067,0.00743260936359677,0.03852797930502753
Q02204,3,264,U,test,0,0.5842023611835142,0.19876485933370405,0.003556173004987521,0.18097744897424542,0.0036690581393962847,0.007268344856817112,0.006049253484877125,0.004223059984373163,0.0053803175959942955,0.005909123442090767
Q02353,7,882,M,test,7,0.0020731021638701295,0.002800582056930146,0.00339136846080815,0.0018295061025216544,0.004106782370073613,0.008279740804404856,0.0034179675021731295,0.9626318696102354,0.009129107087378251,0.002339973841604647
Q02455,0,1875,U,test,0,0.9940864329840957,0.0016096922350644382,0.00031573142696856167,0.0007753616110789184,0.00045226441260145313,0.0005991529478248752,0.000569486833482495,0.0005944903398957308,0.0004928497594823912,0.0005045374495054449
Q02457,0,562,U,test,0,0.9950930113915012,0.0009678186265952002,0.0003390733291746104,0.0006984564152315644,0.0005272225318307943,0.0005231197070387684,0.0004914254641007033,0.0004353787971000292,0.0004387935491986615,0.00048570018822845527
Q02614,0,308,U,test,0,0.9948857781631513,0.0011401314229530144,0.0003363646221225798,0.0008406802380537257,0.000481820042207586,0.00047994162271522303,0.0005333261987502314,0.00040573316793390737,0.0003932500689443138,0.0005029744531681843
Q02648,1,567,S,test,0,0.991283301346976,0.002363013811174251,0.0004580911499351505,0.0026156180638721442,0.0005355627529408749,0.0005974634573464625,0.0006409846852943877,0.00043371194790961385,0.00045098908768066205,0.0006212636968704991
Q02775,0,382,U,test,0,0.9938485660203811,0.0015797220680145666,0.00037485062134621843,0.0013666348928351262,0.0004628787313891822,0.0005004912682940441,0.0005605236195897862,0.0003661672320827272,0.00040531016472236317,0.0005348553813449431
Q02792,0,1006,U,test,0,0.9941167133496884,0.0014275450503409067,0.0003634157072727693,0.0011370272242360079,0.0005434246538256211,0.0004928647785509542,0.0005476868518002198,0.0004349516455228851,0.00039294608493661257,0.0005434246538256211
Q02866,1,612,S,test,1,0.002581530939704513,0.9870016840841438,0.0008194857322953757,0.0021717453200338958,0.001314659945245842,0.0010941570063714699,0.0008194857322953757,0.0014838969572422854,0.001861223892757383,0.0008521303899100639
Q02873,3,248,U,test,1,0.33966351385802707,0.5777871153940556,0.0042424589501363665,0.054164083136066035,0.0029849427084948366,0.004998838185537143,0.0063936115874278394,0.0028260870130590947,0.0029849427084948366,0.003954406458701165
Q02953,0,609,U,test,0,0.9950836994783688,0.000972546704832953,0.00037239576706982246,0.0007011835183075172,0.0004991596264507375,0.0004875965580812084,0.0005070201636807998,0.0004353747105678966,0.0004219796433645859,0.0005190438292756681
Q02981,3,657,U,test,1,0.08369976375661527,0.7636989440437288,0.009880048333257977,0.09484425293107614,0.003945393531904298,0.006870494766576157,0.011239379770003778,0.005740513623586077,0.007785290566667436,0.01229591867658405
Q03178,2,341,S,test,2,0.0005924301475583509,0.0010206330933053382,0.9945187613321981,0.0004930640879527465,0.0004184580816316114,0.0006557603701593033,0.0005522055710912795,0.0004631908702903134,0.0007090460465192819,0.0005764503992937385
Q03180,2,325,S,test,2,0.0005901508821045328,0.0010029006470443477,0.9945699526828815,0.0005067584547194467,0.00045960998766187176,0.0006456270318592122,0.00054580031177505,0.00045960998766187176,0.0006431099579899056,0.0005764800563022771
Q03218,3,510,M,test,3,0.002459777684643893,0.00255277326797348,0.0016100138451027157,0.9827014535042875,0.0029011582162030763,0.001845890139953212,0.0013038289842196029,0.0011964607656504633,0.0017544937538558113,0.001674149838110291
Q03266,1,374,S,test,1,0.002302855653735585,0.9889561254162879,0.0010099806537123748,0.0019429902927779311,0.0007653573195005501,0.001171598061372255,0.000937735344298453,0.000937735344298453,0.0008878299598881649,0.001087791954128369
Q03370,9,554,M,test,9,0.015076803960765895,0.017764819769407792,0.0189105514260842,0.01735329626374571,0.3004691001954776,0.14990960047588722,0.013835253181089411,0.02505240773311592,0.030935594783224545,0.4106925722112017
Q03406,0,294,U,test,0,0.9940750422885044,0.0013269940583385507,0.0003467591950267755,0.001288366519285576,0.00047768095617693377,0.0005246298923884805,0.000545528714891315,0.00041501635736603773,0.000434933420255727,0.0005650485977661643
Q03431,4,593,M,test,4,0.0012431932154290427,0.0005559903492960861,0.0011542657679250654,0.001376089330556488,0.9896690890819504,0.0021388874130337287,0.0009024614198859131,0.0009872959377328564,0.0010306432968183077,0.0009420841873720938
Q03445,4,991,M,test,4,0.0011856697265731477,0.0006151173970414097,0.0009489981247272656,0.0014929836036624599,0.9891740471191084,0.0024796087334850265,0.0009234005481382232,0.0011949690992602965,0.0009945414884322335,0.000990664159571576
Q03482,4,75,M,test,4,0.009990448532243526,0.0034190536448911826,0.05920028178543981,0.004974693724803469,0.8836413975773194,0.01696116545175213,0.0052338388981810514,0.0035275862567929637,0.00815396602323329,0.004897568105343197
Q03496,1,1420,S,test,1,0.07057185112855781,0.612033872533733,0.0033657898349356407,0.036567529670027674,0.018699678574565348,0.047287249400135976,0.011656337757343047,0.1431170182303735,0.0509303670602804,0.005770305810047624
Q03529,5,384,M,test,5,0.001311686305019166,0.0011002442885894898,0.00106639338885615,0.0013854167886444642,0.0037622774976237678,0.9847691553220509,0.0012083819043837256,0.0012226260182158805,0.002872339826773208,0.0013014786598432462
Q03560,0,1150,U,test,0,0.9948220065663965,0.0011456387367440545,0.00035248448757753176,0.0006688979794045156,0.0005088708034821492,0.0005270789743802715,0.0005502204772785583,0.0004633321281354907,0.00045259904311877963,0.0005088708034821492
Q03562,1,455,S,test,7,0.004164535217502214,0.002999601979960284,0.0035900535259063416,0.003011342232704908,0.01078090478093879,0.009768313103989295,0.003466033485698169,0.9461355506741207,0.01290305371906428,0.0031806112801149775
Q03652,3,475,U,test,3,0.07040612882352885,0.2363273413357384,0.008023745081434209,0.6424042343197676,0.006200269564976187,0.012187051132803741,0.008023745081434209,0.003760653407847382,0.006704089913364876,0.005962741339104573
Q03673,3,198,M,test,0,0.9911576018141993,0.0019080199037157938,0.00046889501886351767,0.002615286297786193,0.0006409034317082244,0.0007094154791416897,0.0007262387738919548,0.0004875736537211702,0.0005396948020180342,0.000746370824954141
Q03774,0,444,U,test,0,0.6405969783594252,0.29790529261919096,0.0013581868102985107,0.03642345922506113,0.0032581204634844273,0.006182826517815393,0.0033094286533371935,0.004834035820862793,0.004216321229279027,0.0019153503012453404
Q03776,0,544,U,test,0,0.9943185424627609,0.0012687029053543711,0.0002966714666509148,0.0011240085559753726,0.00045591796405377124,0.0005351082641743709,0.0005288741072902761,0.000496831255696103,0.0004667297751078565,0.0005086132429361198
Q03833,0,894,U,test,0,0.9950439982262923,0.0010743675700085427,0.00038121165236418807,0.0007700687655301732,0.0004971937199717333,0.00047814654112431705,0.0004933244816439487,0.0003694829818463294,0.0004121881144578897,0.0004800179467605519
Q03834,0,1242,U,test,0,0.9945736794714203,0.0012530196689943013,0.000355160354673358,0.0009284410926522312,0.0004816689022429013,0.0005167552837219225,0.0005394436383060405,0.0004284051721696007,0.0004284051721696007,0.0004950212436497423
Q03860,7,143,M,test,7,0.0060440345407567235,0.003532346625225801,0.003532346625225801,0.002750994265785963,0.012745336916824312,0.014107802170004447,0.003971524335951363,0.9419007421488732,0.00609143839174832,0.00532343397960412
Q03921,7,1698,M,test,1,0.005373683334875761,0.9790587250221023,0.0005167048832458847,0.004989295804959418,0.0014548065392094869,0.0023066825745079247,0.000913957818610074,0.0021754089426640247,0.002441105473389866,0.0007696296064352583
Q03937,0,162,U,test,1,0.005777868156904611,0.981223694102809,0.0009674664959106196,0.005459701864077112,0.0008471419050085897,0.0015826694705697634,0.0010218481602038408,0.0010298626555779885,0.0011222806930278435,0.0009674664959106196
Q04031,0,235,U,test,0,0.9948301819861419,0.0009924445675682369,0.00039016795567897283,0.0008965988444593608,0.0005250283817903555,0.0004951489345267455,0.0005588898151004343,0.0003694035660961082,0.00040255320703125287,0.0005395827416066271
Q04213,0,475,U,test,0,0.994925085043815,0.0010140940438898157,0.0003694388224339034,0.0008556222408273713,0.0005271335532671182,0.000499080081638773,0.0005129150523249158,0.0003723363996302371,0.00041537124176155505,0.000508923520411268
Q04217,0,1267,U,test,0,0.9949710318434538,0.001162718160675266,0.00033377558987090805,0.0007991237758004962,0.0004491441918478745,0.000481861350000669,0.0005069628215651467,0.00039947707933872913,0.00041215788013861663,0.0004837473073084903
Q04231,0,177,U,test,1,0.003475890458147494,0.986623230136538,0.0007343006760765236,0.0031571173279714266,0.0006898116240278261,0.0012249278717701723,0.0009282430382372835,0.0010684011658310467,0.001155216971474,0.0009428607299263093
Q04235,1,462,S,test,3,0.09146623773116715,0.22994611439928894,0.010505590260087258,0.6153676913913175,0.005282542037810051,0.008375786914873066,0.01380933684984894,0.00500141068590129,0.006273173531376465,0.013972116198329354
Q04341,3,121,S,test,3,0.002711380532265892,0.004267683979682831,0.002732646353236863,0.9805198912221779,0.0015692267130842958,0.0018781183739065034,0.001509110652118945,0.0012317002573835588,0.0017167391375411286,0.0018635027786021191
Q04712,0,507,U,test,0,0.990193819914128,0.003757229908702739,0.00035916468025667925,0.002189433513864604,0.0004986507881354097,0.0006762707151130059,0.0006683919586785267,0.000615751567596466,0.0005104759659143528,0.0005308109876101372
Q04806,1,366,S,test,1,0.004323792449240833,0.9741968527209253,0.0011954089444745001,0.01048938157601887,0.0009094192634478995,0.0030347499570591435,0.0016467454711408863,0.0010884323374043235,0.0013759074198228941,0.0017393098604653915
Q04924,5,702,U,test,1,0.0046252358651346585,0.9799331809926719,0.0017224270360003556,0.003541100210255206,0.001508207585052325,0.002246468415811354,0.0017157119671440707,0.0011838056842981266,0.001675967658302413,0.0018478945853296412
Q04949,1,312,S,test,1,0.0027392096029406226,0.9886509735973575,0.0009157300743155212,0.0022269619018331402,0.0006647486962696561,0.0008875559932423692,0.0008144672486683914,0.0011045812318931259,0.001121975893843262,0.0008737957596363676
Q04952,3,1785,M,test,5,0.0015829280817169667,0.001232785726349339,0.0015342266642786571,0.0009600945410110561,0.00414204867298288,0.9813840162469158,0.0010300309857748042,0.0014582617104210718,0.004146095269476074,0.002529512101073266
Q04969,5,178,M,test,5,0.001838855754774448,0.0016612676888791132,0.0017822802414809613,0.0013826297352416783,0.0035566230541636667,0.978956556571847,0.0013296619324650138,0.002035427898417417,0.006468576295061422,0.000988120827669254
Q05021,0,590,U,test,0,0.9949602836061548,0.0009306178897860193,0.0003811795811024277,0.0007261829272138254,0.0005438857927341161,0.0005271521965785765,0.0005271521965785765,0.00043532073707767927,0.00042857173358372197,0.0005396533391902028
Q05031,4,458,M,test,5,0.0023452494894416085,0.0017428414184968207,0.0016308648980531547,0.0016630310330974457,0.006450196171589925,0.9761749368490223,0.0012262421487393672,0.00426644267092464,0.0030887992617505706,0.001411396058884109
Q05123,0,467,U,test,0,0.9948381669744034,0.0009581677608344446,0.000375223881563879,0.0009808901132695904,0.000489384221899455,0.00047247818330116865,0.0005395871125277922,0.0003608492944136005,0.0004153349596778494,0.0005699174981087617
Q05201,0,766,U,test,0,0.9939974224817195,0.00172510734965466,0.00031324635907536996,0.001083769814025825,0.000459345388871451,0.0005370291653066163,0.0005349354937678697,0.00045222391376567995,0.0004117545683102652,0.00048516546550273447
Q05394,4,352,M,test,4,0.0013498032499347247,0.0006604162985172583,0.0010030887168179432,0.001445302003239134,0.9899110735043138,0.0016864322575132168,0.0008817714302457737,0.0009875372587927107,0.0010636193323469033,0.0010109559482784792
Q05471,0,1514,U,test,0,0.9949863479876236,0.000886292253614479,0.000425247708837634,0.0008309700083810694,0.0005611653527927955,0.0004875488775221906,0.0005169697340252734,0.00036946157768177494,0.0004026163971736534,0.0005333801023475413
Q05635,0,350,U,test,1,0.1840317787171195,0.7509644998247907,0.0017623899908798463,0.04303369510992043,0.0022807022285435516,0.005159757820393112,0.003191276145295832,0.003760242321801226,0.003673136415589815,0.0021425214256659483
Q05812,4,728,M,test,1,0.002238428123214368,0.9889009762705346,0.0010834906246677842,0.0018180528799635741,0.0011715327347849756,0.0009981583138794065,0.0007773665374633446,0.0011533698498907518,0.0009981583138794065,0.0008604663517217288
Q05924,1,578,S,test,5,0.0014478875094099792,0.0015473005983407944,0.0013654879363229047,0.0010510536697488303,0.0020578630014942484,0.9858883424572334,0.0012097552146854177,0.001596417266417819,0.002123186660130088,0.0017127056862164501
Q05926,1,109,S,test,1,0.003607283428818205,0.9851738956091949,0.0013538798974576166,0.003133296866536444,0.0006996452996476628,0.0013328898679160041,0.0014133223693751891,0.0008983623329834513,0.001075198876075566,0.001312225451994952
Q05949,0,395,U,test,0,0.9934646030994894,0.0018807435637134002,0.0002964166852872721,0.0011351721736431698,0.0004887085304293784,0.0005691306272183267,0.000560307101869885,0.0005964438174254469,0.00050029790940631,0.0005081764915174913
Q05JG2,5,471,M,test,5,0.0012698771534033842,0.0015680890779767752,0.0017699502134453794,0.001461619818634531,0.0025752626087615963,0.9798090773363326,0.004626908672715126,0.0012898748603987955,0.0023770811286799192,0.0032522591296518517
Q06139,3,101,U,test,1,0.003476102175167925,0.9866833196458017,0.001432173085836685,0.002812285472025427,0.0006738731244109021,0.0010275339119291305,0.0010684662380138056,0.0008256466914852494,0.0009067955058330189,0.001093804149496134
Q06188,0,304,U,test,0,0.994998008355991,0.0009037835098814288,0.0004089614791367465,0.000860713448375542,0.0005633682765318772,0.0004991166212008219,0.0005010700703602617,0.0003390409795375791,0.0004089614791367465,0.0005169757798480506
Q06224,0,779,U,test,0,0.9933517849827422,0.0012761634594326092,0.0004924855734092429,0.0016783045760159529,0.0005917349871594545,0.0005283599431994296,0.0006348389810317619,0.0003575061739670676,0.00044146123426893924,0.0006473600887732925
Q06244,3,254,U,test,1,0.009197192649529288,0.962264025368625,0.0034569358945026286,0.013619143187341294,0.001075100213546714,0.002629898065407862,0.002933863311237761,0.0012278028651113203,0.0014242762736568913,0.0021717621710412994
Q06328,8,317,M,test,8,0.004382172877977881,0.0034128394750191776,0.005203958931537528,0.0331479965358514,0.017760177340481527,0.022167747386683485,0.0066559649578012605,0.02434650963325918,0.8751713593773965,0.00775127348399201
Q06349,1,442,S,test,0,0.9934770233585261,0.0015151177878696986,0.0004147666817352483,0.0015954069887425986,0.000477393554118612,0.0005081827866802275,0.0005872041083126304,0.0003776493743609317,0.0004484697315266884,0.0005987856281272687
Q06385,7,345,M,test,1,0.004562719763672597,0.9624493413361173,0.0016016652472621226,0.004336804211280474,0.005413075402365925,0.003680597646254987,0.0018291591584398454,0.004483216953870557,0.009602845678957188,0.002040574601778996
Q06488,0,889,U,test,0,0.9950279459541231,0.0010912688445386116,0.00034709159134283765,0.0006902740139706656,0.0004971857362169737,0.000505015249519077,0.0004856684470616894,0.000431962415412728,0.00044916985327339044,0.0004744178945409072
Q06551,5,359,M,test,5,0.0026975107930164196,0.0013590455802005616,0.0011534069832889475,0.0014242673842532333,0.005524133169952647,0.9774113238484302,0.0012182405422219932,0.004329594555726349,0.003746952136112541,0.0011355250067971417
Q06632,0,1357,U,test,0,0.9946200900354693,0.0012133396004878256,0.00036645149688838597,0.0010098307400856345,0.00048736940026615163,0.0004742234634892214,0.0005147646872177194,0.000396228495532549,0.0004284251863637027,0.0004892768941996079
Q06678,3,367,U,test,3,0.0038621635060190965,0.007790840665113953,0.001800573092034513,0.9774821384813066,0.0009414514643895988,0.0011534904799854681,0.0023029681243234472,0.001083603926207222,0.0015103233043094878,0.0020724469563106022
Q06679,0,776,U,test,0,0.9950600196662864,0.0010372698234283008,0.00034982512925321187,0.0007960794554134148,0.00048379058377486856,0.00047629009016132007,0.0005050315486234437,0.0004026462237514282,0.0004219696245361504,0.00046707785477146497
Q06685,1,1146,S,test,1,0.0022916682601500896,0.9889688536236702,0.0008538287269198397,0.0019354401247881695,0.0008405914300581435,0.0010060560983261384,0.0009304499252819479,0.001122336742164295,0.0011489521984447098,0.0009018228701965142
Q06688,1,274,S,test,0,0.9846455135051203,0.005372772934925766,0.0006317378697861591,0.004741455848357628,0.0006724813733899878,0.0008634831939254318,0.001062102477096485,0.0005707275628023403,0.0006028084851262692,0.0008369167494696619
Q06707,0,132,U,test,0,0.967369482208056,0.017997008654033413,0.0006403553131760503,0.007047729428807262,0.0009840835576343096,0.0015973253918499096,0.0012247117107352624,0.0012247117107352624,0.0011238586680243651,0.0007907333569482407
Q06709,1,432,S,test,0,0.9943411340121546,0.0014482298851162183,0.00036349776163923026,0.0010538720515066082,0.00048533320610333867,0.0004910541460503913,0.000537214858375882,0.000393034802582225,0.0003839301639982279,0.0005026991124732167
Q07084,1,712,S,test,1,0.002366131313514973,0.989204189922034,0.000821314429511111,0.001905887198059031,0.00093797055194966,0.0010545886647870927,0.0008277560964739519,0.000986832039703781,0.0010141880094676693,0.0008811417744987661
Q07230,0,614,U,test,0,0.9947317778162268,0.001121186178808336,0.0004218304213089124,0.0010248471454777448,0.0005353306736830823,0.00047986732969606903,0.0005068408760146196,0.000323428624903417,0.00036936704193947045,0.0004855238919415717
Q07376,8,486,M,test,8,0.002861871203893755,0.0033721086258060723,0.004246125075836638,0.011252792759093137,0.0066670590375311825,0.020900164183954004,0.004811490974414113,0.006250901262699906,0.9349922113736124,0.004645275503158747
Q07500,3,545,S,test,3,0.001980550812901841,0.0022596521550090356,0.0014546731747832426,0.986647122298313,0.0013772568605298254,0.0010036942528813,0.001518540955922985,0.0007695591488618411,0.0014099175320366937,0.0015790328087603115
Q07508,0,261,U,test,1,0.006209669556987998,0.9810345646155514,0.0006967056455444711,0.005028743699589983,0.0009448729570054167,0.0015823644155049494,0.0012227565595593385,0.0010216513055111846,0.0013640834779200407,0.0008945877668252
Q07549,8,140,M,test,8,0.00457665161496104,0.005808073269542347,0.005945807955159219,0.008838974426216801,0.00554210245676941,0.014110853185890176,0.007172013737923706,0.011981209137490676,0.9284046421443571,0.007619672071689468
Q07844,0,837,U,test,0,0.9950121604883608,0.0010806467060724414,0.000355316957191904,0.0007625606805676884,0.0004913855504083991,0.00047813125781912013,0.0005129599883090605,0.00039638467616784557,0.00039949360571979605,0.0005109600893828858
Q07845,0,632,U,test,1,0.003284847986332618,0.9867320635216279,0.0008653130361058265,0.0036289009379514093,0.0006040858705019929,0.0011418842668156218,0.0009429647425283996,0.0009356265018465237,0.0009503604341784122,0.0009139527021113089
Q07913,0,336,U,test,0,0.9910082478638877,0.00294000208594351,0.0003247451080191488,0.0022084203328913464,0.0005524100331296065,0.0006874854959473885,0.0006259626235079806,0.0006067038058035445,0.0005230113254348778,0.0005230113254348778
Q08179,3,573,M,test,3,0.0019377473975896965,0.002132359477854149,0.0015179874974097373,0.9862875580044376,0.00162856296369719,0.0011062536189559032,0.0014712839974737478,0.0008253155009402322,0.0014770423650913604,0.0016158891765504445
Q08217,1,1101,S,test,1,0.0028891304480776177,0.9882309864303284,0.0008734246217696104,0.0022412850139257204,0.0009297557249421703,0.0010535511939850112,0.0008666274804900254,0.0009153411218317372,0.001070142239707541,0.0009297557249421703
Q08230,3,162,S,test,3,0.0017962303814678985,0.00195360130679333,0.001560591924471268,0.9866190225941697,0.0014043807285434662,0.0011417533591356092,0.0018605023471972768,0.0008320680660284864,0.0014546317497917064,0.0013772175424012366
Q08235,0,291,U,test,0,0.9942645970816958,0.0009918803655263224,0.00047036484111365743,0.0012507966700719374,0.0005853784705076136,0.00048529586364885844,0.0005563944298421382,0.0003634697547705737,0.00041835117098705483,0.0006134713518360809
Q08278,0,222,U,test,1,0.0028383708016643553,0.9885680105445219,0.001157494101862605,0.0021858386673785047,0.0007831997265246991,0.0009156532463280693,0.0008874815515805709,0.0009156532463280693,0.0009014573282606069,0.0008468407855505874
Q08281,8,1341,M,test,1,0.0026181848994206395,0.9886289977369973,0.000765104124687872,0.0022031183534436546,0.0009521874720302147,0.0010295601321588007,0.0008018222788480265,0.0010255462477357213,0.0011351762009128934,0.0008403025537648717
Q08287,0,484,U,test,0,0.9933940802288793,0.001847841306493355,0.0003603254889644566,0.0015237082978142103,0.0004590665615076807,0.0005242704711688877,0.000560267315481722,0.0004051248460930793,0.0004051248460930793,0.0005201906375042306
Q08288,0,388,U,test,0,0.9950866568572894,0.0010132686476084262,0.0003609394066742862,0.0007206231576286202,0.0004991611000776724,0.0004875980312810872,0.000517021830626009,0.0004026570138250775,0.0004089979238709104,0.0005030760311184911
Q08412,1,411,S,test,1,0.0024920797848891445,0.9868942930684399,0.0010197555326067187,0.002218667479609387,0.0012015657504745145,0.0012062684634526117,0.0011243658670771165,0.001604300683591625,0.0011783254123232999,0.0010603779575356505
Q08465,0,219,U,test,0,0.9950507522526612,0.0009763207865152686,0.0003753040732481051,0.0008692061278361315,0.0005230974720036994,0.0004914045678241811,0.0004875804412836543,0.0003553307274985682,0.0003872174922741964,0.0004837860588550063
Q08553,0,188,U,test,0,0.8794307869276208,0.08053161896682186,0.0013118815805623876,0.025739450359420598,0.0018500494034013838,0.003285211560755426,0.0023386815712188465,0.0020003802466999044,0.0019540415895214227,0.0015578977939773432
Q08605,0,581,U,test,0,0.9949230384064012,0.001171208898358456,0.00038116529407286126,0.0007851614368087475,0.0005230303416367805,0.0004688413385459241,0.0005169368145490759,0.0003552851207289471,0.0003781990608265258,0.0004971332880714858
Q08742,3,149,U,test,3,0.0020209904107504,0.0031156849642781483,0.00166567145958476,0.9853933192215236,0.0013862948682583406,0.0010754382979846183,0.0015465236548979917,0.0009490709981796151,0.0015344885242873617,0.0013125176002551104
Q08748,1,1289,S,test,1,0.002438116681629836,0.9855294018769838,0.0006080816622389901,0.0021855135841307737,0.0017390434614996389,0.0016464931605955867,0.0007334865801445815,0.0018367958976792421,0.0025776800315323064,0.0007053870635652139
Q08881,1,620,S,test,1,0.004935208600898858,0.974611944089631,0.0032444999978450944,0.0029368918705637106,0.006109065132828204,0.002269454269827587,0.0013764936741948834,0.001964048953010141,0.0011866116916001942,0.0013657817196002725
Q08909,1,290,S,test,1,0.003300811213843414,0.9876616150026883,0.0014224368129164874,0.0020981231089340223,0.0008866678242133328,0.0008200336720555043,0.0006959535635688792,0.0011340653461941357,0.0011978118162505132,0.0007824816393353246
Q08925,1,612,S,test,0,0.972488675983918,0.014766460830847823,0.0005213198465323488,0.005275437005132217,0.0012852487517642183,0.001669745033837053,0.0010448997800637093,0.0011840265633978474,0.000981592431213159,0.0007825937732936576
Q08960,5,810,U,test,5,0.002051759051835492,0.001919934982649856,0.0023800821954456947,0.0017210185437858527,0.006419386065775232,0.9753144923934954,0.002352353226708432,0.002494304498750577,0.0033108768186284805,0.0020357922229249977
Q08968,3,688,U,test,3,0.0109080107192293,0.015995540169874915,0.0020020765343793075,0.9591619639238005,0.0015230996492343043,0.0015470849314883001,0.0024434324102453357,0.001354672867311958,0.0022074569165220254,0.002856661877914121
Q09146,0,399,U,test,0,0.9944609855694015,0.0012940692837971792,0.00034689380967314735,0.001011643139068811,0.0004489139159327471,0.0005207492741002459,0.0005586823935347464,0.0004151774817293983,0.0003992722958694016,0.0005436128368928112
Q09175,7,709,M,test,4,0.00127510140764409,0.0008168606369199237,0.003326797136081994,0.0028124087864431963,0.9685868634848731,0.010388318172199667,0.0018552616242897392,0.0023361268993286246,0.007015372602655154,0.0015868892495645075
Q09377,0,322,U,test,0,0.994834619008983,0.0011223976719613017,0.00037230255704583104,0.0009433093543678166,0.0005068933025580925,0.0004932206728392418,0.0004855740782706657,0.0003497458670440483,0.00040255502708756176,0.0004893824598424815
Q09428,4,1581,M,test,8,0.0026444671164521085,0.003240068613336027,0.0035864291019566323,0.009200848461205507,0.01486533572109815,0.01060304770244915,0.00346253433092722,0.005844133327467585,0.9414954599588823,0.005057675666225357
Q09685,0,411,U,test,0,0.9946921213026779,0.0012382666728903227,0.00035798854325461675,0.0009788324572910624,0.00047611400313383426,0.00047056710422914904,0.0005208703090213858,0.00037224921608636766,0.0003901138161512744,0.0005028765752640499
Q09706,1,1369,S,test,1,0.0019892355916155506,0.9890401143456504,0.0009751732942813426,0.0018541714695577101,0.0010259727486454887,0.0009305169016904281,0.0008673370273712356,0.0011901490824159147,0.0011093410183810471,0.0010179885203908422
Q09712,5,464,M,test,5,0.0013244835884975764,0.001648346484820231,0.0016808572107942998,0.00168743607368885,0.005167302854206524,0.9751440623795831,0.0017962662425696702,0.001432108393094525,0.0066090805878509925,0.0035100561848942524
Q09774,3,118,M,test,3,0.0018560063696836191,0.002103130708809414,0.0015906298551060642,0.9861589844322965,0.0015906298551060642,0.0011546734692130121,0.0017538026854718935,0.0008648104479282815,0.0015720985157245066,0.001355233660660641
Q09778,1,899,S,test,1,0.0019772109754854226,0.9849833207268329,0.0006369109972507641,0.002436765606484772,0.0015398534879762806,0.0014636100626308302,0.000863779442940557,0.002205738223189103,0.0030222562442345823,0.0008705542329748181
Q09781,1,252,S,test,0,0.9901978545783635,0.002711533080697618,0.0005185169104476833,0.0030190313714771075,0.0005266823399618477,0.0006109621500603706,0.0007663182926773026,0.0004647955426231759,0.0005185169104476833,0.0006657888232437254
Q09800,1,419,S,test,0,0.9931292705612208,0.0016600004619429622,0.0003630547279909852,0.0017269704684384445,0.0005119892666232701,0.0005689385336823247,0.0005667204144426631,0.0004553726854359527,0.0004553726854359527,0.0005623101947866564
Q09808,0,152,U,test,1,0.032783051956318365,0.8860617188369134,0.0014403867191110163,0.04209426657577236,0.003794913396205829,0.013078456557747588,0.0033489993817243605,0.007372258650725065,0.007517663258609517,0.0025082846668724903
Q09842,0,407,U,test,0,0.9942926797985283,0.0013470345113125197,0.00037209972729435335,0.0011733279598134816,0.000477785508590313,0.0004968183066866248,0.0005330082193200948,0.00036348001721183673,0.0004086715694732984,0.0005350943817692029
Q09868,1,576,S,test,1,0.001985437644179694,0.9890815889522364,0.0006598629404937908,0.002113487291701563,0.0008148219920226855,0.001227980005524458,0.0008472807402862934,0.001227980005524458,0.0011809369190826362,0.0008606235089480249
Q09GJ9,2,239,S,test,2,0.0006676241234867804,0.0010239876396793133,0.9929274681657487,0.000528134223690156,0.0007684307797184081,0.0011093593107710487,0.0006150442652004598,0.0005199462676555279,0.001187846528312299,0.0006521586957372958
Q09LL3,0,331,U,test,6,0.0017883428273552232,0.0018379175933891576,0.0010783477859546524,0.001236331758703366,0.0007127443056256331,0.0014510755346941193,0.9880590980252243,0.001037036877910228,0.0009009932932912859,0.0018981119978520647
Q0DFC9,6,154,M,test,6,0.0031106435153574565,0.003379870714273541,0.0019465910981213486,0.0018793450671910853,0.0010257812811509215,0.005811446885070328,0.977335107693471,0.001327459717095556,0.0013068792341676258,0.0028768747941011652
Q0E7J7,0,325,U,test,0,0.9946099649469086,0.0011265361642468568,0.0003810453520145837,0.0010634626988639327,0.0004873644563885302,0.0004705282415135692,0.0005208273094777185,0.0003780800503575655,0.0004184964771882494,0.0005436943030404483
Q0HA38,1,1315,S,test,1,0.0022972325437703393,0.9875051621745996,0.0005905545338062198,0.0021517371454207257,0.0012164818618832886,0.0015317820395549088,0.0008263344347828721,0.0012798516087287142,0.0017873403209253274,0.0008135233365280523
Q0J7U6,0,1133,U,test,1,0.01922584097404259,0.955758551040742,0.0007454668942476418,0.012958139833382346,0.0016410196777912043,0.0028688508865030698,0.0015295986920856222,0.0020263888436739875,0.0022430079506062356,0.0010031352069252155
Q0KL02,1,3102,S,test,1,0.0026301227521722667,0.9875755807164313,0.0010611099841258272,0.0021518905064070353,0.001362492234489583,0.0014334682064909103,0.0009076155199839754,0.0009219084101154429,0.0010046387781267822,0.0009511728916568666
Q0MW30,1,546,S,test,4,0.015713203877663937,0.04858950953485583,0.013893962996267757,0.008056929426917233,0.8579118349677138,0.03167960828922242,0.0045728027410962,0.009530540664446654,0.0033982184637600336,0.006653389038056149
Q0V8E7,4,668,M,test,8,0.012708220490297378,0.005412620294407246,0.007114755022522859,0.02145703800208776,0.027487553655578808,0.038612542318296535,0.0059912245457276435,0.06593921183995467,0.8096044564595897,0.005672377371537413
Q0VAK6,1,560,S,test,1,0.0028551882790946274,0.9875603932597328,0.0012849327589293579,0.002807579304695991,0.0007702714778644245,0.0009890481018232332,0.0011473157703263948,0.000839394235308794,0.0008592998571928848,0.0008865769550314965
Q0VD83,4,1088,M,test,1,0.0031224545805671167,0.9872931467838473,0.000852382004667663,0.0030996683762740387,0.0007121918187413472,0.0010691265587326336,0.0010362329431366842,0.0010122286853034674,0.0009435009194302757,0.0008590673292994883
Q0WMY5,6,952,U,test,1,0.0526528082119984,0.8564381346181866,0.003445803318727524,0.06604141546709934,0.0019942779901266786,0.006142808408444592,0.00507271321391813,0.0020415707818978723,0.002856671260018542,0.003313796729582319
Q0WMZ5,6,178,M,test,3,0.00964327840352094,0.016188927530038102,0.007718383124100604,0.6375720711739813,0.009383166519089053,0.006891740248218904,0.2829208765585824,0.00406730141899474,0.006105743550466277,0.019508511473007646
Q0WNX9,0,196,S,test,0,0.9939612779055429,0.0016752393199802912,0.00031079734311432035,0.0008940678165308771,0.0004927877173916878,0.0006156845717126894,0.000554056108267185,0.0005286840888046449,0.0004629312344673348,0.0005044738941881028
Q0WP36,8,464,M,test,8,0.006695232173713736,0.003755684403537364,0.005908521144012774,0.02283986196380452,0.26744009203778973,0.05671928692134784,0.0058169176486544145,0.035982625229475186,0.5841428290349752,0.010698949442689249
Q0WQE7,1,617,S,test,1,0.002926446504765027,0.988367500394804,0.0009083432983059181,0.002504345035860713,0.0008803964614552125,0.0009669264569865678,0.0006803176964897233,0.0009594016616031452,0.0010414207380253992,0.00076490175170421
Q0WRY5,4,378,M,test,4,0.0017377860473197343,0.0008337989252715258,0.0010376794132680163,0.0018247445702383115,0.9886713346771383,0.0016646971298755501,0.0010296041477937657,0.0010296041477937657,0.0010917350070563374,0.0010790159342446612
Q0WTP1,1,329,S,test,0,0.8965279081943175,0.060063620895336414,0.0011087319423457277,0.028594572830918107,0.0020552642647067697,0.0036782446397737156,0.0021707915809491456,0.0023107956864895107,0.0020552642647067697,0.0014348057004563099
Q0WUA3,6,382,M,test,3,0.009984086957214157,0.01030101602168156,0.015892324584349582,0.6397955858756925,0.01675288711155293,0.06957454810949205,0.1876514359573486,0.004413138968179363,0.006835203452300942,0.038799772962188256
Q0WV90,0,1120,U,test,1,0.002543517401432009,0.9887470653635532,0.0006494129808356719,0.002381260286175582,0.0008876422698442196,0.0010499917024513281,0.0008338627564592708,0.001021669949981556,0.0010960919373002888,0.0007894853519668517
Q0WX00,0,460,U,test,0,0.9950557302510699,0.0010073175001223352,0.0003609281905395284,0.0007715833571988463,0.0005030603753457429,0.0004837884894539259,0.000510982437482834,0.00039331725927988827,0.000412192954753365,0.0005010991847536415
Q10109,0,688,M,test,0,0.9843518800283069,0.004928863939000684,0.0004693277030335055,0.0047585934808555795,0.000744147101663638,0.0011346888094965987,0.0009480679929236998,0.0009480679929236998,0.000804614853703811,0.0009117480980919675
Q10146,0,777,U,test,0,0.9931720968735802,0.0019742742615040097,0.0003491613644869314,0.0015154848874227775,0.00042780145119426284,0.0005282643450987187,0.0006127972876590777,0.0004413813557105008,0.00043794649278468625,0.000540791680558814
Q10154,0,240,U,test,0,0.9944795409099172,0.0013912437267509811,0.0003523631485931464,0.0007787040928856847,0.0004873005399304282,0.0005415035947997146,0.0005289597871196516,0.000502769078505458,0.0004559918069085293,0.0004816233145891664
Q10197,1,1105,S,test,1,0.002554695706864933,0.9834415179630798,0.000543926111202963,0.004090373129611791,0.0012548242815752207,0.0021096601670111677,0.0008691915251018714,0.0017353592784934526,0.0025447359099564026,0.0008557159271023803
Q10215,3,142,U,test,3,0.0018657440905675202,0.0028770497400136376,0.0015347192039002128,0.9855414465476207,0.001487500798048894,0.0012235848071625772,0.0015407260019394688,0.001018357624290607,0.0016083719216236163,0.0013024992648328448
Q10253,1,286,S,test,1,0.009615407385773957,0.9543427884968126,0.0019007964412033334,0.006963016043417489,0.005076869422820274,0.002557800865979079,0.0016774468927856223,0.0058206594915031,0.010037574048855923,0.0020076409108485804
Q10269,5,537,M,test,5,0.0011863696143286826,0.0013870065200249247,0.0014997116787881224,0.0014649707877007366,0.004738229508489813,0.974413098089543,0.0012628836964274403,0.0022957374828047115,0.009552810699714172,0.0021991819221784024
Q10297,0,993,U,test,7,0.16267592962569102,0.2767210561525664,0.005788206036564617,0.049637581413424295,0.026452581935337456,0.0730379212940049,0.023435689159695964,0.318504000924468,0.054569485715486324,0.00917754774276096
Q10308,3,269,U,test,1,0.0024484152494459897,0.9887262636690785,0.0008209176144269066,0.002405752528795339,0.0007592247149913058,0.0010176654347078386,0.0008403852237596363,0.0009979819331726186,0.0010458762416839938,0.000937517389937922
Q10425,1,725,S,test,0,0.9788741595874345,0.010959599308729582,0.00041510578548497777,0.0036710056485004753,0.0009066744359024873,0.0014097810672230203,0.0009354553888360444,0.0012786159224256835,0.0009066744359024873,0.0006429284195607825
Q10430,0,238,U,test,0,0.9379342040331519,0.03552520136268443,0.0008619933428877536,0.013326753806493818,0.002167050880431382,0.002782548610048676,0.0020840327980804077,0.001957767361218652,0.0020357560695600254,0.0013246917354430385
Q10451,3,1261,U,test,1,0.0021181472723023646,0.9873978184623013,0.0014165128058864706,0.0023861530460144807,0.0010609190518860619,0.0008795327411643369,0.0008864310476736747,0.0013891149247647846,0.0015436282128584334,0.0009217424351480002
Q10916,2,564,S,test,2,0.0022979614093284616,0.006326313194999518,0.9677667716377871,0.004318385894626701,0.002408243041802345,0.0064763376217660895,0.0026243541191368113,0.0008486813835636272,0.005231909507162878,0.0017010421898263962
Q10925,1,1237,S,test,1,0.0030328596783438504,0.9879566368640895,0.000915086941806684,0.0026042957917135974,0.0008800305072430678,0.0011038055373438786,0.0008529548081200771,0.0008731820853547258,0.0008731820853547258,0.0009079657006298234
Q10R09,4,310,M,test,1,0.0025086375619966105,0.9866833629292863,0.0018752165992047818,0.002583220197137877,0.0010037310920745378,0.0010437153286912918,0.001035592915810136,0.0010768463121813778,0.0010116035612762874,0.0011780735023408403
Q12008,1,311,S,test,1,0.0029119569764175174,0.9867808207836758,0.000950407351791475,0.003486645635528677,0.0006634912559965874,0.0013143657686786312,0.0010685718136500294,0.0008129265612726979,0.0009211664423375433,0.0010896474106510384
Q12010,8,308,M,test,8,0.002544927710532267,0.0037906586515287816,0.004261952081381673,0.014001724328733325,0.007509234803126719,0.011294736721896036,0.006524136795951449,0.008336352572269104,0.9348184452976183,0.006917831036962408
Q12032,3,185,U,test,3,0.0030239143777484666,0.00399431643852184,0.002731879084307624,0.9764229924665123,0.0018629796618509782,0.002030160101264243,0.003439954809759428,0.0012075378659864042,0.0017162572367527714,0.003570007957295967
Q12035,0,217,U,test,0,0.994665469371522,0.0011299043738935942,0.0004088248102342346,0.0009617509456029987,0.0005087907018645132,0.0005028630667111267,0.0005352949772753992,0.00034158591289510396,0.0004185198196956519,0.0005269960203054271
Q12046,0,339,U,test,0,0.9950969528538994,0.0009509586105865594,0.0003964184610972217,0.0007791875171418173,0.0004952816964846314,0.0004580606923706339,0.0005251692340267607,0.0003753215024606241,0.00039952765231916055,0.0005231217796131223
Q12050,0,791,U,test,1,0.004059259229974339,0.9855383430344722,0.0006999040925196688,0.0038885326715932676,0.0007508874831653698,0.0012773025981895785,0.0008642661671806851,0.0010589210795601885,0.001050680621175427,0.0008119030221692825
Q12052,0,315,U,test,0,0.9945349058539418,0.0011730408711452436,0.0003840049658284147,0.001111155188503811,0.0004704927259651435,0.00048542779216824715,0.0005310595977174323,0.00037510949703238654,0.00041197720846784016,0.0005228262992296929
Q12072,0,812,U,test,0,0.9947186139001419,0.0013005814236168615,0.00031593221875842793,0.0007231760123253562,0.00048741771144703266,0.0005332365676039967,0.0005108093317609177,0.00047986098961303456,0.0004561014095917498,0.0004742704351406444
Q12102,0,859,U,test,0,0.993753868037279,0.0013888714345959533,0.0004116536744826295,0.0015160949747206835,0.00048504657157307803,0.0004926848419914448,0.0005805246171086472,0.00036045596740900455,0.0004347928762476028,0.0005760070045918513
Q12118,1,346,S,test,1,0.005674850659986294,0.9712873695019429,0.0007755443219152409,0.010175965724006303,0.0013505304229095275,0.004020144230681438,0.0014376320174341946,0.0015184421787228337,0.0022528953845023887,0.0015066255578988638
Q12129,1,218,S,test,0,0.9522460586562549,0.027225009775331883,0.0008285720152663929,0.011304826342100293,0.0013449051025663655,0.0019491964255176207,0.0014886742980335325,0.0013554533783371424,0.001234154202362214,0.0010231498042296496
Q12134,1,243,S,test,1,0.056329508181316705,0.9091122274445308,0.001133112876516727,0.02024243294399638,0.001810709269766657,0.003409382011673369,0.0017277907148708289,0.0024749458413773863,0.0024556858587036967,0.0013042048572474898
Q12146,0,194,U,test,0,0.9948677897949297,0.0008341229886867098,0.00044909756444016233,0.0008227965347076947,0.000606692097826635,0.0004818113463248984,0.0005699344260596812,0.0003608600193415591,0.00040256845633694123,0.0006043267713459798
Q12168,1,779,S,test,1,0.0044183096778415325,0.9724320120090604,0.0007467126914551528,0.009240076625244193,0.001439326258462518,0.004403233895595502,0.0012603160708272274,0.0020061277078068256,0.0028512828126071145,0.0012026022510996
Q12176,0,1025,U,test,0,0.9948740992457422,0.0010996576444376055,0.00035526763580781556,0.0007433394186425671,0.00048559335573702077,0.0005312406728642835,0.000533319908552332,0.00045262276391710656,0.00042189078034798763,0.0005029685739511029
Q12188,0,680,U,test,0,0.9949434222047454,0.0009090447478292726,0.00037526357409670293,0.0008260796339205505,0.0005546035645740672,0.0004837338845227707,0.0004894359644085602,0.00044563656824579906,0.00044563656824579906,0.0005271432894110983
Q12204,3,715,U,test,3,0.0027718067586389367,0.003807154897080309,0.0020719367983832388,0.9829842898063214,0.0009248194306185092,0.0009844651036742215,0.0024128955763437114,0.0009033959293130856,0.0014046832636491074,0.0017345524359774923
Q12251,3,326,M,test,3,0.0033395015645838653,0.0038138306381829247,0.0035272170670538473,0.9479095874174831,0.0050229869091766655,0.005223079687804508,0.017497737609239807,0.0014818949993688822,0.002349633094810261,0.009834531012296154
Q12270,7,262,M,test,7,0.0027055337821563982,0.00631517496160758,0.003785722134235115,0.0046022679867353524,0.012379615553535079,0.02966092486661315,0.004125446697430099,0.8770370409665281,0.055197860555514164,0.004190412495644926
Q12288,1,251,S,test,1,0.0023584421516789143,0.9883997353464156,0.0009821852349961426,0.002333242891337741,0.0008206465209416565,0.001311389368608373,0.0010293213327282852,0.0009083729157477903,0.0008667754515258657,0.0009898887860196872
Q12346,5,211,M,test,5,0.006297625978976125,0.0019490093419001063,0.0017745932316231556,0.0020909818994209834,0.011869379153437273,0.9337383378240512,0.0015060776867054726,0.02754328361419099,0.010786105727970986,0.002444605541723703
Q12359,4,275,M,test,4,0.011060202272800404,0.0047755524491198565,0.009062405494189152,0.015905014852101152,0.6062300679889074,0.11214128657147505,0.008580112658001088,0.07156032180548932,0.14625981157218484,0.014425224335731637
Q12361,4,961,M,test,4,0.0020652689382658035,0.0012081951881227375,0.0007709814129187899,0.0017613504237397252,0.9884706153405628,0.001591247488204526,0.0007709814129187899,0.0010374688485006907,0.0011710229586626133,0.001152867988103539
Q12373,0,385,U,test,0,0.9941255670746618,0.0015878967806612484,0.0003157438649261738,0.001025223250886781,0.0004630077571787386,0.000526709986045329,0.0005455564617839326,0.0004814519015803069,0.00042821217922553743,0.0005006307430501706
Q12427,1,513,S,test,0,0.9943659177658342,0.0015424240647771094,0.00032840101207975395,0.0009138560154264456,0.00048156827068732887,0.0005309693446997422,0.0005086374520086173,0.0004249825378692976,0.00042167526593023014,0.00048156827068732887
Q12429,1,685,S,test,1,0.0032731946024290234,0.9870796638784054,0.0008455658542947821,0.0029824608450820067,0.0006283711306783419,0.0011245771127938297,0.0010730789333778608,0.0008930955518696716,0.000921445418032543,0.0011785466730365839
Q12451,4,1283,M,test,0,0.9212782675760062,0.05037586551073604,0.0009821730512349451,0.01768359225564877,0.0014629422686276072,0.0022133610449088232,0.001849332301047132,0.0015331502559769456,0.0014179322620732136,0.0012033834737403886
Q12454,1,224,S,test,1,0.0027178702040671215,0.9876776034074268,0.0010366364994933788,0.001986495390949447,0.0011296623504917533,0.001389508558573404,0.0010447670617352118,0.0009365230510893644,0.0009512711256817475,0.0011296623504917533
Q12462,9,236,M,test,9,0.003873358155069339,0.006225981691950142,0.005848769072581634,0.006348778425737048,0.004321042550751855,0.0039037369635773257,0.009823583172095585,0.003724972171542478,0.004440826456263114,0.9514889513404314
Q12487,3,163,U,test,3,0.002388462931369545,0.002975757518246289,0.0015526853072631768,0.9854623250237068,0.0010505995196918175,0.0009869468802417495,0.0017457310180312396,0.0008916321830885945,0.0014700530119051572,0.001475806606455611
Q12488,0,208,U,test,0,0.9949319145632289,0.0007913267192153341,0.00043872250751265566,0.0008966905639322925,0.00060673118552109,0.00048184239511412145,0.0005333509382953745,0.00035252341946625257,0.00039020784638071405,0.0005766898613332023
Q12497,3,93,U,test,3,0.0046570287118598555,0.0073336921683515134,0.005220720082442779,0.9642835266173003,0.0017762605578938457,0.0016173037013159858,0.0084575302957959,0.0018761049736357096,0.0021933889963152275,0.0025844438950888187
Q12507,0,346,U,test,0,0.993400384063229,0.002102087102749319,0.0003082046532335592,0.0011803160050060221,0.0004278997936404835,0.0005646650860991557,0.0005602708736731403,0.0005161456863323972,0.0004626699919018787,0.00047735674413507844
Q12515,1,295,S,test,1,0.0030257971534687397,0.9827724718116115,0.003832677387804546,0.002701732500181217,0.0013880191546536938,0.001215390239088577,0.0011597333507863505,0.0012539706284178083,0.0012837078765134747,0.0013664998974740091
Q12524,9,340,U,test,1,0.0024471123401435995,0.988200163090345,0.0009896888820092307,0.001933935748247932,0.0009667627503567564,0.001331771995789023,0.0009896888820092307,0.001013158556720219,0.0010617810386202417,0.0010659367157587671
Q12532,1,1038,S,test,0,0.9914192898311113,0.0029758919661780673,0.00039187986559636773,0.002101996393811283,0.0004764047794410195,0.0006093309336968073,0.0006286732225053964,0.0004371735736942664,0.00042372318058707484,0.0005356362533783991
Q12692,0,134,U,test,0,0.9949963806217706,0.0008007064658575753,0.0004057782739764229,0.0008863012345666083,0.0005251161385089806,0.0005230689169654821,0.0005230689169654821,0.00036946531004720143,0.0004219426279459392,0.0005481714933957125
Q12697,8,1472,M,test,5,0.010463119433325365,0.0033401339151564024,0.0027475193939875096,0.003212175549134685,0.011039122885134634,0.8906472281777319,0.0020902024014167837,0.04504100956351934,0.029194479665466566,0.0022250090151268082
Q12706,1,436,S,test,1,0.002855613137690599,0.9880389600520713,0.0008139630687371896,0.002300719970216551,0.001156874702952372,0.0013472505419462556,0.0007827805844090069,0.000893963503511165,0.000989527444498724,0.0008203469939668253
Q12769,0,1436,U,test,0,0.4848901044716799,0.3776327910533605,0.0017216744534063154,0.04617136638866607,0.009602727981085765,0.018151731456996504,0.00659985277065068,0.03581810226062313,0.016144485311486986,0.003267163852044124
Q12800,0,502,U,test,0,0.994637595908111,0.0008570472669574394,0.0004931230438424393,0.0010834093350245882,0.0006927038272756603,0.000459641213912842,0.0005269812735840015,0.0003310671650684504,0.00038105595883870797,0.0005373750073849619
Q12933,1,501,S,test,1,0.04395166280023526,0.8966947360731418,0.0015039432930191877,0.03788870138136442,0.002578358801284132,0.00634421661316911,0.002787870267773969,0.0026189616669090227,0.0036077721094173263,0.0020237769936858542
Q13136,1,1202,S,test,1,0.003039828572748036,0.9866070222482773,0.0010355128355755744,0.0019120539219807085,0.001754599413618919,0.0012887166127395475,0.0009502400138578742,0.0012887166127395475,0.0011196563123163144,0.0010036534561461735
Q13148,0,414,U,test,0,0.9947669858861048,0.0011710252323303679,0.0003962870061852727,0.000775892396652138,0.0005374449084613941,0.00046694027394813447,0.0005501900568196732,0.0003962870061852727,0.0004056847195583395,0.0005332625137546557
Q13191,1,982,S,test,1,0.04092611925046051,0.8853537023902294,0.010823182252635524,0.014226804749617688,0.016775555119695577,0.006059408834203942,0.002752610352815294,0.008816387089688751,0.008347187729987333,0.005919042230666026
Q13255,4,1194,M,test,4,0.0036409437578347947,0.0020156350567190674,0.002474436203354993,0.0022929533387129474,0.9808645447086471,0.003297359316204553,0.0011574819913595295,0.0018787786069075863,0.0009373575069242608,0.00144050951333515
Q13324,4,411,M,test,4,0.0014700443837800934,0.0006916925868035024,0.001144871616526594,0.0014671760268691243,0.9893135918552715,0.0018492586529903173,0.0010064067769091425,0.0009678520041161919,0.001058833132805443,0.0010302729639281318
Q13495,0,774,U,test,0,0.9932899111764965,0.0022726450647890823,0.0003057721550036974,0.0010714268097217015,0.0004245226545533147,0.0005848046412798499,0.0005734934373078349,0.0005624011523536444,0.0004414336975708757,0.0004735892109235084
Q13536,0,156,U,test,1,0.0034949742175203013,0.9843199289572193,0.0019528592328981376,0.003627107013268754,0.00061689955654188,0.0012268513298153334,0.0015753082546370752,0.0009406596095352555,0.000918869162818391,0.001326542665745545
Q13873,4,1038,M,test,4,0.0012295180623231989,0.0006039190187416332,0.0015572950551755395,0.0011371182923846654,0.9864594688892812,0.004444993920869172,0.0009538164937929885,0.001283500311361356,0.001253768071743308,0.0010766018843269317
Q14149,0,939,S,test,1,0.002148703036285525,0.986112802232885,0.0015658961368072697,0.002737518945606106,0.0010269397471288542,0.0016668877120116744,0.0013289589357525916,0.0010189480678825598,0.0011546193028112693,0.00123872588282919
Q14197,3,206,U,test,0,0.8082243815699881,0.12787967397852196,0.002200291192879583,0.04419403112564704,0.0024355002193566346,0.003684794343439434,0.0034346061563694384,0.0026129104311568407,0.002781428607172402,0.002552382375468563
Q14203,1,1278,S,test,1,0.0018464006821913253,0.9887498050277029,0.001180540819021832,0.0018975847709737136,0.001066529596542727,0.0010337159609066892,0.0009448929962981725,0.001180540819021832,0.001049994663670383,0.001049994663670383
Q14258,1,630,S,test,1,0.0029191611299173277,0.9863883526265288,0.001068146863965343,0.003117974977117977,0.00100343100662854,0.0011777212686066398,0.0012439215376628939,0.0009574805418491347,0.0011281878313783745,0.0009956222163449832
Q14318-3,3,253,M,test,3,0.026639882175542952,0.10393207384992452,0.01663828366269532,0.5842330798568987,0.011937384262732425,0.025419951976702524,0.05628658788842618,0.010371379231472399,0.0072971772958731,0.15724419979973192
Q14508,2,124,S,test,2,0.0007940220031995389,0.0008049524133056651,0.9944287180534903,0.00047785088469874605,0.0006505983728864379,0.0006531447254343395,0.0005435952208540818,0.000421701907626845,0.0006818211976499498,0.0005435952208540818
Q14669,0,1992,S,test,0,0.9923073726298345,0.0025979442118948463,0.0003801632169179262,0.0014846069541341554,0.0005115655439387483,0.000612263704250995,0.000612263704250995,0.0004997151029455755,0.0004621609414093888,0.0005319439904229336
Q14680,4,651,M,test,1,0.0030252337325441594,0.987399097004234,0.0012068854360078973,0.002232847027176137,0.0013729330325966559,0.0012500696994535883,0.0008327259529835009,0.000900391427181372,0.0008933845054061121,0.0008864321824165538
Q14690,0,1871,U,test,0,0.9947681318433592,0.0011790590232078936,0.00032344043949589354,0.0007461692357955773,0.0004597015454088082,0.0005108347339682798,0.0005632381009865119,0.00047615036081533226,0.0004420906431686601,0.0005311840737938756
Q14832,4,879,M,test,4,0.0013898087285528732,0.0006400400346520033,0.000964574521770986,0.001508623021649781,0.9898223938025286,0.0016978478629591336,0.0008920855525974806,0.0011189259890586926,0.0010308028495209932,0.0009348976367094525
Q14833,4,912,M,test,4,0.0014840757820753813,0.0006345639652822966,0.0013433718014633452,0.0016363176851410047,0.989050380391479,0.0018397614910565848,0.0009713814865069787,0.001131232469569072,0.0009563216513504514,0.0009525932760759098
Q149M9,1,1564,S,test,1,0.002861923300043402,0.9874460290215954,0.0008795756847539676,0.0020291597333173383,0.0012948607192828636,0.0012747857103448642,0.0008934269554692566,0.0012948607192828636,0.0012307477696566758,0.0007946303862534177
Q14BA6,1,303,S,test,1,0.0018892595896359457,0.9882648175259087,0.0006749532311214736,0.002153392222773139,0.001045388189058531,0.0012269659429223452,0.0009153724120067882,0.0013266664711137576,0.0015878120034525545,0.0009153724120067882
Q14CX7,1,972,S,test,1,0.0020366309054438937,0.9852915025577281,0.0006079348947787002,0.0026484967377973984,0.0012920354376351256,0.002263168114343699,0.0010180993859060542,0.0015046533335451604,0.0023810628303937847,0.0009564158024280268
Q15042,1,981,S,test,1,0.0027913797103423393,0.9883256793400362,0.0011392695184630358,0.0023628758809444306,0.00070188354957676,0.0008532734046525564,0.0009444876581822269,0.0009444876581822269,0.0009154287650901089,0.0010212345145301292
Q15070,3,435,M,test,3,0.003842592190851921,0.002980946706159744,0.002559718333022198,0.9700981247798106,0.0073204984674283035,0.002866748625075029,0.0032484516662501365,0.0014930705790344018,0.0028113007031213364,0.0027785479492463353
Q15582,2,683,S,test,2,0.0008632447540916362,0.0014121740775114,0.9920940961145358,0.0008141173720340638,0.0008432477450841329,0.0012126241303313976,0.000674926906368888,0.0006567219366117734,0.00072977004787789,0.0006990769155529829
Q15648,0,1581,U,test,0,0.9943156530223155,0.0014876116304569182,0.0003468431133838628,0.0011054990703310901,0.00047038901536247283,0.0004891271667752755,0.0005247568898232978,0.0003779682039010764,0.0003930247208752167,0.0004891271667752755
Q16719,1,465,S,test,1,0.0025350167702148196,0.9816006823364095,0.002232779103205174,0.0036650890791507388,0.0013023686011742017,0.003105967288216417,0.001528582528957735,0.0010712991071237506,0.0013437102397615688,0.0016145049457860386
Q16740,3,277,S,test,3,0.004835469756041707,0.006596406603140275,0.0014604032365217827,0.9789935568670354,0.0016613304985390034,0.0011373631676897694,0.0011552741310134292,0.0009282887538158447,0.001707384400880443,0.0015245225853223908
Q16853,4,763,M,test,8,0.00841819837699501,0.006659343603015825,0.007371220476826301,0.025772093814481454,0.07329250612751094,0.06595611338845239,0.00660751922886285,0.15038646225381125,0.6481653222532177,0.007371220476826301
Q16891,3,758,M,test,3,0.0017582231198166153,0.0018498136867294863,0.0013040509891431224,0.9867155884907267,0.0021002115121869793,0.001106733775995435,0.001210770304633025,0.0008256736689853401,0.0016102881207182096,0.0015186463310651005
Q17025,2,258,S,test,2,0.0005205101214430449,0.0009536321424617149,0.9940042783761477,0.00047024168996893,0.0004739298150039253,0.000970543506729328,0.0005898151954890705,0.00048516878400334983,0.0009443646671127767,0.000587515701640164
Q17353,1,1379,S,test,4,0.0023643374880693924,0.0015131729003734062,0.0013044367320143432,0.0017829534229228266,0.9870073381967571,0.0017864392469688134,0.0008723430962654008,0.0011601899965282309,0.0010440580274450157,0.0011647308926554644
Q18409,0,179,U,test,0,0.9938520406854996,0.0010931771483696623,0.000532772054247283,0.0009497688938246345,0.0007197290697332874,0.0005760639447751238,0.0006708612926236381,0.00048509447830976044,0.000492733564580852,0.0006277588680361456
Q18685,4,720,M,test,4,0.030859123425114102,0.053111909456638316,0.00860280861219774,0.006244968434979434,0.8775102290335236,0.008208856351648355,0.0020755239288381,0.006673753092691032,0.003290867346468303,0.003421960317900968
Q1A3R1,2,62,S,test,2,0.0006454835816284081,0.0008874562294100007,0.9943490465052296,0.0004350533117627793,0.0005696372635369765,0.0007517046903242327,0.0006659734321846647,0.0004778125954505283,0.0006231850446704147,0.0005946473458024235
Q1ECF5,1,205,S,test,1,0.002540970609025649,0.9887221748901145,0.0008807124416777664,0.0021106569847205202,0.0008273527820601848,0.0010136938343521349,0.0009940871664503444,0.0009375135127261684,0.0009748598960707717,0.0009979778828019994
Q1EHB4,4,618,M,test,4,0.001576697751389113,0.0006915041296457878,0.0012041830253408427,0.0015371682287486968,0.9890439916213517,0.0019318103651706075,0.0009675883153773473,0.001034023515471873,0.0010752144012382576,0.0009378186462657844
Q1EJP5,2,73,S,test,2,0.0006713645277386167,0.000870508781352369,0.9945975006484407,0.0004454816228929069,0.0005522493521130391,0.000679278267215795,0.0005742484733461035,0.0004250815244183438,0.0006233407595933195,0.0005609460428888451
Q1G3I2,0,117,U,test,0,0.9948106618224815,0.000984701871854265,0.0003963043992327944,0.001039037324225159,0.0005545295792635318,0.00047990538180707156,0.0005068810809266147,0.000325991148287832,0.00038712406193266,0.0005148633299886477
Q1G7G9,1,1523,S,test,1,0.0021275836611576154,0.988895215255901,0.0008210579301973736,0.0022803359175824246,0.0006968228268562096,0.001029837325715993,0.0009826775991599501,0.0011761111864323033,0.0010379144529069054,0.0009524438440902913
Q1HG44,5,320,M,test,4,0.00391711075143263,0.0010278444097728265,0.0018831246564167232,0.0033049869340221077,0.9716797242459703,0.010180076651592287,0.0017213154054667183,0.002991644411707672,0.0015795677723939407,0.001714604761224837
Q1K8F6,3,712,U,test,3,0.0020072094368739687,0.002342086720476659,0.0015480248055678352,0.9863497486255165,0.0010764822223496148,0.0009725207219689246,0.002030869919404221,0.000781442319564342,0.0014316888805072342,0.0014599263477707571
Q1MTQ5,5,396,M,test,4,0.010821396648741976,0.0028955236049855674,0.0038963528939669344,0.007451970242983211,0.8154914502536282,0.053787493029652876,0.003688992755437393,0.012178710846141028,0.08595216404341409,0.0038359456810486666
Q1MX22,2,177,S,test,2,0.0008050497106710514,0.0008721679687087943,0.9945488840862253,0.0004930790288803953,0.000500843930125349,0.0006160485801172044,0.0006160485801172044,0.0004024394064972379,0.0006017778092159653,0.0005436608994415068
Q1PFN9,1,564,S,test,1,0.003878373373668321,0.9791313897465357,0.0011736321349972091,0.004287207656366013,0.0019964155236043973,0.0016811503983392676,0.0012889827139918556,0.0024081366732450595,0.002782596773509308,0.0013721150057428664
Q1T7F1,1,81,S,test,1,0.0040473954667398235,0.9845789137916727,0.0017855278014529596,0.0037377490835736648,0.0007158043342162264,0.0010661874680148664,0.0011618651528927104,0.0010173631116030491,0.0009409071110446925,0.0009482866787892813
Q20374,1,833,S,test,1,0.002107468772005706,0.9843406573946684,0.000631542267692645,0.002328203641940789,0.0014973409292121185,0.001638095907911337,0.0008976025141273952,0.002684984956232776,0.0030881365910054573,0.0007859670252033766
Q20748,3,595,M,test,1,0.0031684096434167557,0.9867735955258544,0.0007007813443197833,0.003544986661265918,0.0007459778461210445,0.0012889342424815232,0.001003822878994338,0.0008519334825459457,0.0010356877311677275,0.0008858706438325378
Q22866,1,284,S,test,1,0.0020953376651602585,0.9882785994958179,0.0007891113414243445,0.0021283344230473627,0.0008465929183528313,0.0013010246544728895,0.0009897674620129855,0.0012269831148973428,0.0013849335564479247,0.0009593153683661975
Q23255,0,728,U,test,0,0.9941721038619812,0.0013746100941562109,0.0003522542194197464,0.001244588489969583,0.0004630294301202918,0.000508538365286502,0.0005563426906121915,0.0003838649104500127,0.00040544214256346743,0.0005392257954407694
Q23498,2,618,S,test,2,0.0006842944777697043,0.0009556318315361302,0.9941450278431051,0.0005085245039294616,0.0005125128930626827,0.0008582975579710251,0.0006062513299801831,0.00042158160805022153,0.0007515504648623953,0.0005563274897331496
Q23917,1,793,S,test,1,0.0028902234005192106,0.9876398827409537,0.0007583905205214709,0.002426692318732612,0.0009586953471365645,0.0013414560882707175,0.0009291995487068917,0.001052920969583804,0.0010948644752803772,0.0009076745902945899
Q24142,0,601,U,test,0,0.9950088355514988,0.0009583321023856,0.00041217354394925375,0.0008473786371762556,0.000576734431819401,0.0004837656788088143,0.0004933070786748889,0.00033904466861955993,0.00036946992967859396,0.0005109583773888194
Q24JJ9,0,361,U,test,0,0.9910787884393482,0.0029402115494139,0.00035391233961606103,0.002191390162161471,0.0005149394282157692,0.0006689893383246961,0.0006484066996118751,0.0005973401815141643,0.0005030109308969423,0.0005030109308969423
Q27249,1,256,S,test,1,0.002031661393532461,0.9886634027704002,0.000759176465296652,0.0019884780600268603,0.0008535650213189045,0.0012419298635305961,0.0009522205482503039,0.0012226754672588736,0.0013272015279943547,0.0009596888823907304
Q27289,2,259,S,test,2,0.0005434988755884866,0.0009031062928749752,0.9942524459225462,0.00045946324790845344,0.0004777662114705121,0.0008804645008931017,0.0005673613405037578,0.0004523399394392871,0.0008804645008931017,0.0005830891678820396
Q27511,0,140,U,test,0,0.9951863567772944,0.0007853692845680237,0.00039956350701622314,0.0007838368515279915,0.0005090571777715345,0.0005050956809113335,0.0005031263993900675,0.00037829914321664364,0.00042202319419839775,0.0005272719841053819
Q27908,2,447,S,test,2,0.0007083407685233073,0.001190890514156285,0.993529559068377,0.0006154171798684616,0.0006759034997664311,0.0009815148675502599,0.0005581591734566316,0.0005243419755984626,0.0006706436223753978,0.000545229330327704
Q28298,5,1534,M,test,7,0.03363415611399023,0.09178496186355115,0.011488234667063633,0.03759497045574699,0.05897216893349651,0.20204915181565714,0.01894089586638248,0.4809187966619387,0.03470182431750679,0.029914839304666367
Q28388,2,180,S,test,2,0.001256575089469261,0.0016565830183537232,0.990600927824035,0.0009033111129768697,0.0008962814902953776,0.0016744743068043907,0.0008256932356502946,0.0006257053365222203,0.0008289249249328565,0.0007315236609600275
Q2HJF1,3,112,U,test,1,0.10713264575118622,0.8426635435456675,0.0023120401666620015,0.03267361148238305,0.0018870322352475691,0.003782245441565021,0.0027456155680499225,0.002539279170238533,0.002559195272476821,0.0017047913665233713
Q2KIX7,2,212,S,test,2,0.0007608424274701178,0.0008757243299612686,0.9947110698793046,0.0005048544406823075,0.000522918897724779,0.0005902346043035615,0.0005480143165375938,0.00035799534384718364,0.0005971921080037326,0.000531153652164878
Q2L4Q9,2,553,S,test,2,0.00070829282127423,0.0011362787348677694,0.9934623252411713,0.0006105866057100442,0.0005647002842003308,0.0010991700704258535,0.0006202019874346348,0.0005243064957881476,0.0007027809632332552,0.0005713567958944349
Q2M2Z5,1,673,S,test,1,0.0019936499250527715,0.9893006945558834,0.0008408734798593901,0.0021016051154836043,0.0007537540714527487,0.0009380620571723185,0.0009454194474998331,0.00118119854828155,0.0010839286548641623,0.0008608141444502435
Q2PFD7,4,1037,M,test,4,0.09447989898789368,0.05012892338371837,0.03127810826202716,0.038888235822196734,0.633164901824537,0.027602831737224044,0.01132818066344212,0.08602493516710623,0.007144593384302487,0.019959390767552144
Q2QX40,0,465,U,test,0,0.9951968975985781,0.0009557091558273908,0.0003724381319822844,0.0007178932258943575,0.0005461443390287808,0.00048197073322553944,0.00048765203454855763,0.0003609793993709295,0.00039645825418229644,0.0004838571273618082
Q2TAA5,5,492,M,test,5,0.001585970663380708,0.0030451203353574936,0.0027403117221421265,0.00215089534840647,0.0030451203353574936,0.9680261799008988,0.0027510368331186605,0.0021175486444860087,0.008326138530641212,0.006211677686211012
Q2TBR2,3,149,U,test,1,0.0037809179245116265,0.986753276043056,0.0008321812920514541,0.0032561737389304565,0.0006792065454495244,0.0010356662628760859,0.0009653472721344816,0.0008519159020065413,0.0010196097952031675,0.0008257052237806907
Q2U1F3,2,377,S,test,2,0.001159385615839655,0.0016819614020426624,0.9901834931606189,0.0011822526109423913,0.0007369504019354719,0.0019492049863584701,0.0009100122483803247,0.0005519502811237303,0.0009135739168033984,0.0007312153759549823
Q2ULM2,2,496,S,test,2,0.0005991811114894438,0.0010352921944140636,0.9941332079578299,0.0005145127208824221,0.00043837029667296304,0.0008335070897588013,0.0006710510937560382,0.0004522856808262324,0.0007486115146708123,0.0005739803396993147
Q2VWH6,0,458,U,test,0,0.9949273331710541,0.0011078006868050112,0.00038116694796005654,0.0009019558619187382,0.0005209935138962662,0.00047996165124987564,0.0004951972743688053,0.00033116359632931653,0.00037820071452638763,0.0004762265818914309
Q2WFL8,5,288,M,test,4,0.006335904264130674,0.005091042275444144,0.02496129240948508,0.005998713367731857,0.7496976788654638,0.16213350061176734,0.009813239865609289,0.01575827087354232,0.013518308962248083,0.006692048504577406
Q2YDF6,3,325,U,test,1,0.005328297287044537,0.9822331395969607,0.000999203967107288,0.005025063358530336,0.0007781808385995237,0.0013445760448946328,0.0011773500001966807,0.0011234352787216847,0.001007040812574709,0.0009837128153698813
Q32MW3,3,439,U,test,1,0.0021266562171851733,0.9874994164449864,0.0007702238747301699,0.0022771171818039226,0.0009218372344812348,0.0018013480749224297,0.001169872329650884,0.0011607684197471233,0.0012117321311370982,0.0010610280913555773
Q32NK7,0,271,U,test,0,0.9950158050959808,0.001020146422657003,0.0004026283297822399,0.0008277547937376903,0.0005417956299892403,0.00048188300817306764,0.0004991255726154806,0.0003337906108571667,0.0003933014542918261,0.0004837690819154772
Q38819,0,450,U,test,0,0.9926120542358716,0.0024175671625571724,0.0003355958582807502,0.0014937898231750064,0.00046592874698049265,0.0005775970001437993,0.000629429582907193,0.0005117226342287799,0.00044459232162643935,0.0005117226342287799
Q38898,5,802,M,test,4,0.0013928050715208574,0.0006604895165319946,0.0007905024331594542,0.001497183044392677,0.9900208267897812,0.001575175369339702,0.0008715951308184157,0.0009535279396096877,0.0012731268664177224,0.0009647678384283071
Q38998,4,857,M,test,4,0.0013916441553024131,0.0006497075849798878,0.0009984557372297554,0.0016461752978803087,0.9891956440024412,0.0017387076615330854,0.0009753266917487475,0.0008950100198993156,0.0014871954008962977,0.0010221334480890003
Q39002,6,624,M,test,6,0.0017961803796580653,0.0018280330127745787,0.0011506763131263762,0.0011417216454242206,0.0008719756104528391,0.002099947574431112,0.986591525113207,0.0012637706695566445,0.0012988036532575987,0.001957366028111581
Q39044,8,486,U,test,2,0.0028373119245885827,0.009561081504530765,0.9452513218274687,0.004275980028184962,0.0010811370076260235,0.012324721396186062,0.00390856212905025,0.0016103490231739637,0.017448667759763756,0.001700867399426935
Q39119,8,494,U,test,8,0.008592355856330853,0.03582361654665946,0.08610439160202923,0.029465903979117684,0.004635228234234737,0.0673206288571367,0.02567709940546263,0.007123313728107148,0.7265977145028673,0.00865974728805425
Q39238,0,688,U,test,0,0.9924178592825489,0.0020755420954885165,0.0004015770872520157,0.0019120790270136326,0.0005446192483943386,0.0005797441973724728,0.0006569362323359056,0.0004175741248344407,0.0004143245073872771,0.0005797441973724728
Q39250,1,139,S,test,1,0.0031591248538552397,0.9870096395100794,0.0013885688897684744,0.0025891263372466206,0.0006688502001232719,0.0010440604475540308,0.00109416583464525,0.0009506277808276577,0.000958083600076307,0.0011377525458237813
Q3C1E9,0,204,U,test,1,0.0036364351729445557,0.9868514031374838,0.0007637284649036382,0.0030952573569293686,0.0008193610194034594,0.001072830763142649,0.0008790460495005353,0.0010438930570873966,0.0010438930570873966,0.0007941519215171982
Q3E705,0,233,U,test,0,0.9941846745673748,0.001643206497205585,0.00034951737560795894,0.0011129354674334754,0.0004282376106524404,0.000485256839015557,0.000537130277931314,0.00038386972858247176,0.0003899147971808539,0.000485256839015557
Q3E754,1,87,S,test,2,0.011565929805696666,0.018957588494996565,0.7382729989049474,0.01884683376456854,0.1431207342567192,0.03912703613587424,0.006960499227883383,0.00813764798541707,0.00586132730654945,0.009149404117347569
Q3E769,1,90,S,test,1,0.0249301576113229,0.9502292483194654,0.001241199505089197,0.01339638085312563,0.001241199505089197,0.0025868817572487174,0.0015568129547823516,0.0017503719294466372,0.0018926033908147608,0.0011751441736151925
Q3E785,3,79,S,test,3,0.002744962687926356,0.004651134428678948,0.001714401961959355,0.9830173590107606,0.0012062323626291698,0.0011155826697992351,0.0012062323626291698,0.0010897402168338092,0.0017413998368933008,0.0015129544618900472
Q3E792,1,108,S,test,1,0.08625231864002963,0.8711175348646876,0.0023530547830256645,0.026511784771035538,0.001592156605935654,0.0032925156584948066,0.0028830229281146444,0.0019970115830283018,0.002210490493767935,0.0017901096718803008
Q3E7B6,8,73,M,test,5,0.004755910989293124,0.0026060240549512247,0.003412199000831406,0.002152046904240175,0.011633856314129921,0.961007245041953,0.0022553256891390946,0.005609307482539782,0.0040520867653589115,0.0025159977575633496
Q3E7X9,1,67,S,test,1,0.00693819537220611,0.9787345538998999,0.0016415410391343649,0.004379606078015928,0.0009353219670295376,0.0014486548322475768,0.0017958514016275736,0.001084992364318334,0.0019042207884172112,0.001137062257103389
Q3E823,3,68,M,test,2,0.0006876316083989592,0.001507803807814922,0.9912188715528563,0.0006510364517376986,0.0008829363564458722,0.0016463237226316256,0.0007731249840528106,0.000706693395114838,0.001202125925235711,0.0007234521957112595
Q3EBR6,6,529,U,test,6,0.0016588285203090168,0.002657279882685828,0.0014869642134930916,0.001429999513018942,0.0007447776347908572,0.002076577379336604,0.9851859049178135,0.0012088933825704514,0.0015103804594332425,0.0020403940965484013
Q3EDG5,7,500,M,test,5,0.0011245013670962594,0.0012111356812300885,0.0014552128899988793,0.001064656666542411,0.002494815346377933,0.98316526624318,0.0013670460843794106,0.0023163578537454973,0.0047528572657644635,0.001048150601685005
Q3KQU3,1,841,S,test,1,0.0030480677194798756,0.9866505675040323,0.0013090686906498824,0.003034308827345889,0.0008064938048142281,0.0010937677798185804,0.0012638463502964447,0.0008652415664063441,0.0008518272635768265,0.001076810493579531
Q3KRE0,3,591,M,test,1,0.003045906670410087,0.9883384513546637,0.0008335181387837959,0.002351396813487131,0.0008872754187696785,0.0010054147981463477,0.0008400555578642008,0.0008400555578642008,0.0010373300599330316,0.0008205956300778387
Q3MIR4,4,351,M,test,4,0.007565525267046681,0.0011333345761367277,0.0016361595860876939,0.0025740402898695005,0.9679343580965603,0.00923333678176467,0.0014215201196864792,0.003410049206406668,0.0034167160789747835,0.0016749599974665605
Q3SY69,3,923,U,test,1,0.041993536387519036,0.7158375439090833,0.0180611965744944,0.1283425996926726,0.00801460730668545,0.02136458100899955,0.028206898122801104,0.007890352110441768,0.005817981017243898,0.024470703870058976
Q3SYS1,3,178,U,test,3,0.0017527169089810982,0.0023447590427574036,0.0016529694632542592,0.9855484763392914,0.0010589319707814675,0.001042514848605513,0.0027878713985676298,0.0008508757798004685,0.0013650172008546012,0.0015958670471061486
Q3SZX9,1,391,S,test,1,0.0049718939302881016,0.9852183651999067,0.0009341911278258945,0.002812226715605482,0.0013277533977375463,0.0011007461043829856,0.0006676362730974254,0.0010585772194739067,0.0012089331802680777,0.0006996768514139238
Q3T0L3,3,172,U,test,3,0.10722219968964858,0.2983719117435904,0.012124349391377413,0.523658992079224,0.0067482167080701715,0.008013705741646015,0.013578628221476981,0.005682568079052885,0.012755938835339478,0.011843489510574122
Q3TA38,0,339,M,test,5,0.002352451126552516,0.002893564478589903,0.0021756618760605346,0.0021756618760605346,0.005644959297333538,0.9677647978622964,0.0013992363561381835,0.0021005025096097257,0.00967475927657985,0.003818405340778801
Q3TRM4,5,1355,M,test,5,0.009064817017535025,0.006606106754026253,0.01019184773634871,0.005391746847290145,0.027488718257334614,0.7939789424600373,0.007968484553926139,0.007573937655001794,0.007087317410882614,0.12464808130761741
Q3TTA7,1,982,S,test,1,0.08972097496021804,0.7690393635062126,0.019555706962960846,0.028751030212854786,0.03718276385686197,0.010632253568306518,0.004397690812227356,0.015960901985944853,0.014085447205944311,0.010673866928468676
Q3TYA6,0,858,U,test,0,0.9951046997755693,0.0009362226394466377,0.0003581370215897446,0.0008229924374965009,0.0005231258263915394,0.000499170171800124,0.0004933545860196502,0.00036377687843675515,0.0004090053382415613,0.0004895153250082651
Q3TZW7,1,114,S,test,1,0.003480261408216231,0.9850942383249108,0.0019240956540081153,0.003077700280958592,0.0008438650380148321,0.0011355445372918749,0.0014132079820704053,0.0010258789836760174,0.0009712827627851047,0.001033925028068026
Q3U1F9,4,429,M,test,4,0.0013425171620153515,0.00057515830149669,0.0014860310804208601,0.0015332028082428464,0.9845676604878284,0.004676702154067372,0.0010703481132959204,0.0017171057476276,0.0018278494468547185,0.0012034246981502423
Q3UH93,4,1925,M,test,4,0.001048615864421296,0.0005928335971356821,0.003303332838184062,0.0022329650044646612,0.9836017148204484,0.003348805825465343,0.0012307543811894946,0.0011338240772160264,0.0022373308117123575,0.0012698227797626532
Q3UMU9,0,669,U,test,0,0.9948978949755676,0.0010061747131962573,0.00039019451685056437,0.0009215162592577396,0.0005291822613814171,0.0004913290585219154,0.0005129010529192944,0.0003416657367375756,0.00039019451685056437,0.0005189469087170532
Q3UNX5,3,580,S,test,5,0.011588388759377354,0.20864383532664393,0.07872961149089698,0.02790790390834802,0.03262764394751842,0.524530558797813,0.036684246886866695,0.019482857686922515,0.01978966702482696,0.04001528617078614
Q3UPP8,1,700,S,test,1,0.001842596768821879,0.9886417812322886,0.0009157215667238651,0.0019272570161744309,0.0010832067157047558,0.0009747806300622068,0.0007591599000298902,0.001509769560482186,0.0014921802533991823,0.000853546356312936
Q3YEE8,2,61,S,test,2,0.0006356025524881328,0.0008790064947505879,0.9945466249501969,0.0004419922068886587,0.0005479237149405197,0.0007373119388659604,0.0006136453428166998,0.00046683683660546604,0.0005809877609211943,0.0005500682015259122
Q3YEE9,2,62,S,test,2,0.0007637011313703206,0.0008129555791657876,0.9945557955263563,0.0004351437518892358,0.0005924522200028436,0.0006926468676014406,0.0005878417077614503,0.0004351437518892358,0.0005994358584951408,0.0005248836054682751
Q3YEH7,2,61,S,test,2,0.0006380593584302573,0.0008893248410501138,0.9944984597579898,0.0004489308466280031,0.0005187385396326538,0.0007258458267917872,0.0006330938955681945,0.00045957691169430046,0.0006160173389809444,0.00057195268323395
Q3ZBF7,1,160,S,test,1,0.005150316117233371,0.9814765428586714,0.0015343712604587933,0.004155607204628597,0.0010965655730435144,0.0016269618428173616,0.0012043417201110698,0.0011672880015852862,0.001364698014495546,0.0012233074069551314
Q3ZBI7,3,58,M,test,3,0.0036605705671743445,0.0036462994467272936,0.0028676088236604534,0.9780000341793033,0.0021645844290558492,0.0017056516310680824,0.003100624085277661,0.001127366826917821,0.0019327563708053574,0.0017945036400099348
Q3ZCI1,3,114,M,test,6,0.004449333869713809,0.004581613802195975,0.002193992895407105,0.007257331423050312,0.0027411551370633883,0.01209454390465117,0.9570428458320196,0.002281391462965621,0.0017906849464475595,0.005567106726485429
Q40161,2,630,S,test,5,0.057840539313368834,0.01631467101711671,0.0038750743458830345,0.031141746021435514,0.022315853128604082,0.8302711540299803,0.004289316629918015,0.014341515993133401,0.011843181631602447,0.0077669478889576
Q40424,6,503,M,test,6,0.0018006523285760219,0.0018024117133035574,0.0011797440028853063,0.001342057226614127,0.0007296638666566299,0.001212447627342974,0.9880825105725575,0.0010575156005482272,0.0009187855012581231,0.0018742115602575634
Q40983,6,1257,S,test,6,0.001929204491788149,0.0018771674268951578,0.000981499638206193,0.0010695778376919338,0.0007351093542544912,0.0017058454068178725,0.9877098440574928,0.0010695778376919338,0.0009891977174981627,0.0019329762316632438
Q41738,6,354,U,test,6,0.002299486990477662,0.0023597719628637077,0.0015475761868955077,0.0013134108552888897,0.0007338844159217713,0.0016831623103201107,0.9860638994735035,0.0010677954953744618,0.0008647270809209764,0.002066285228433382
Q41739,6,354,U,test,6,0.0034883157622205506,0.0037287359882408415,0.0032104498491506255,0.0029924684437568514,0.0010181360491801886,0.0019095734609222764,0.9776591734847944,0.0013278997606794914,0.0011358128483522987,0.003529434352702473
Q42191,3,429,M,test,3,0.004589505548138354,0.0037094429575795286,0.002855259959031422,0.9624435419879436,0.008343047561472148,0.004923821019733993,0.005080119767013497,0.0016396381155637893,0.0030513042946384563,0.003364318788885199
Q42290,3,531,U,test,3,0.0020663328454366423,0.0025317238160420274,0.0014999967523617692,0.9860866062905966,0.0012830151236036221,0.0010595101622914592,0.001653871963508051,0.0007997602218763715,0.0014036229103312667,0.001615559913952211
Q42342,5,134,M,test,5,0.0019060797527859184,0.0015863805311296425,0.0020690300279584324,0.0013410946926009383,0.00562420709665459,0.9796899803202908,0.0014844564571859771,0.0013945178080451391,0.0031889672415898753,0.0017152860717586866
Q42512,6,139,S,test,6,0.0019399809768939076,0.00210069418843988,0.0012259225839758201,0.0011516477473366828,0.0006849992664659061,0.0016756375252678782,0.9874244155288487,0.0010526913495135415,0.001008416391525403,0.001735594441732212
Q42599,3,222,U,test,3,0.0024910442071901986,0.002462022567570696,0.001833196859921108,0.9835983561776331,0.0018620655298162692,0.0011975528236680456,0.0024144028828355737,0.0009110501342396556,0.0015741534583728547,0.0016561553587524111
Q43386,0,204,U,test,0,0.9948899586097891,0.0009489055776167773,0.00043870402628031597,0.0008037543991052206,0.000558923405844309,0.0005108973075795483,0.0005524117141422979,0.00035527331831834106,0.0003994445265276514,0.0005417271147964396
Q43725,3,430,U,test,6,0.0015529445087783084,0.001456009779437266,0.0009794297914183475,0.0010264336408973558,0.0006348424823969031,0.0013309006800855444,0.9894844708214742,0.0009530113718822492,0.0009093698296665973,0.0016725870939632334
Q49B93,4,619,M,test,4,0.0014781995860764765,0.0006598017975727839,0.001204117251594722,0.0015191768537113522,0.9889899669684895,0.0020774826955941585,0.00099047985605148,0.0010139683967124913,0.0011179850355073808,0.0009488215586896106
Q4JL84,0,235,U,test,0,0.9949751577586545,0.000859014282737463,0.00039022479650843304,0.000726193762924732,0.0006043920122806715,0.000523057743657615,0.0005129408440485315,0.00042857811793347986,0.00044914602914803434,0.000531294652106537
Q4R1C4,2,892,S,test,2,0.0012927146082423882,0.0025746384485128807,0.9858094100765439,0.001204942469894022,0.0007871397362364733,0.0033760461034264733,0.0010716979291413226,0.0006525617163082888,0.0023248565938956568,0.0009059923177985885
Q4TTV7,2,274,S,test,2,0.0006041205653769887,0.0009068923785319965,0.9945282612707705,0.00047417967134030916,0.00045601413671292004,0.000740184061498538,0.0005787120475767515,0.00042505193852117887,0.0007146140756424999,0.0005719698540283018
Q4W6B5,3,469,M,test,3,0.011070448123404289,0.031444512732276164,0.007324267743343378,0.926150692095221,0.00344625120048471,0.0032628446792357115,0.006604013588054289,0.0022956980702351984,0.003187260866365659,0.005214010901379546
Q4WZ11,2,87,S,test,1,0.012535479314036622,0.8534322015402082,0.07005397675327683,0.010131733057964854,0.019701826473433506,0.01481374010310318,0.0037418439312606857,0.005114495069471399,0.0041096120243499495,0.006365091732894797
Q4ZJN1,2,333,S,test,2,0.0016159011426574643,0.0012876798050466304,0.9916065304490801,0.0009007029015242966,0.0010949761380241202,0.0010008891644558385,0.0006960092720187927,0.0004441419451999156,0.0007555108854730601,0.0005976582965198375
Q500W4,1,213,S,test,1,0.00338265987351349,0.9867765667562436,0.0008322009538410929,0.0030470386793891233,0.0007879119653965348,0.0012444111507063378,0.0010438139232848381,0.0008928212663041738,0.0009729415533385678,0.0010196338779822948
Q501B2,0,409,U,test,0,0.9948153935489153,0.0010867822977346823,0.0003994145891721163,0.0007989987372578087,0.0005270754835620534,0.000495141597133582,0.0005291384212400663,0.00040888643064540016,0.000412093410776857,0.0005270754835620534
Q53EK2,0,232,U,test,1,0.031847714102406326,0.9380263906576347,0.0007910873656936393,0.015400547848806198,0.0018537590934786564,0.003774066304522705,0.0016232058919986214,0.002523909920334698,0.00290500267882355,0.001254316136300942
Q53HC0,1,331,S,test,1,0.0020207739010511794,0.9891440064482748,0.000945269692384035,0.0019855629235512916,0.0008407402606967816,0.0010062342996679605,0.000937913466560028,0.0010753230664301882,0.0010260805504853441,0.001018095390898383
Q53R12,4,229,M,test,4,0.004919471029617718,0.0011009028688540158,0.0016656129677642727,0.0026101608686191907,0.977690480228566,0.0055908460809651235,0.0012971806072901491,0.0021470595720833262,0.0015646984663425022,0.0014135873098977143
Q53R41,3,847,U,test,3,0.0019806514509215284,0.002137416327098769,0.0014950741678153821,0.9866972805147971,0.0012491811370074594,0.0010356075614602511,0.0016809571942407143,0.0008256584024231155,0.001443426159787266,0.0014547470844484362
Q53WJ1,0,1238,U,test,0,0.9947910100541733,0.0011602394498911933,0.0003416290320704997,0.0009618723202858278,0.00046695156449863616,0.0004893609922975491,0.0005029265800533036,0.0003871164027200295,0.0004056945145872294,0.0004931990894224293
Q54ER9,0,602,U,test,0,0.9910525870820235,0.0033840735630260538,0.00041699966172660866,0.0013646213601094194,0.0007404841159860653,0.0007492127041544306,0.000583487399471113,0.0006458617405793145,0.0005396375885984081,0.0005230347843250511
Q54J33,8,407,M,test,8,0.004904426863599484,0.003925453682297629,0.0034104930921522738,0.011776603190750615,0.010530738583797848,0.011073903578264164,0.0035741662746638946,0.008062378114808288,0.9382763052770879,0.0044655313425778905
Q54JH4,8,388,M,test,8,0.004425285801294159,0.0036259488737165006,0.0039823259722512865,0.011311403351920667,0.010920645549597605,0.010279053709675669,0.0037556911873357635,0.006476589873340045,0.9407804505395049,0.004442605141363469
Q54NL4,5,403,M,test,5,0.006232813810272346,0.002099999808170822,0.0015363926915743082,0.005258816584558117,0.013066638982108197,0.9451203271731542,0.0022884501475753925,0.00902451810864983,0.012838959471050975,0.0025330832228857847
Q54QR9,1,584,S,test,1,0.027006307541375122,0.4046820986885146,0.011301967283798474,0.08078356809695186,0.049363925915125964,0.02383298606472187,0.023190131346163906,0.02587045908196701,0.3226406863258015,0.031327869655579696
Q54RP0,1,648,S,test,1,0.001967819927078402,0.987993625013449,0.0008800634772999814,0.0020382314081052763,0.0011081672576744232,0.0016570704045486106,0.0009441703699855177,0.0010288984330593528,0.0014229149481264191,0.0009590387606730346
Q54RR8,1,254,S,test,0,0.9281437740902343,0.04996444573368762,0.0007127045468109346,0.008699493619019342,0.0018777263497450408,0.0031692634234354146,0.0017502335396207254,0.0025665475969738486,0.0019222555555204615,0.001193555544952268
Q553Y0,8,368,M,test,8,0.033974717574735636,0.006554218800042725,0.007198401106928265,0.02861656932329657,0.12561654775479753,0.031207419263412577,0.005266462805561121,0.07922535965015808,0.6737919901523592,0.008548313568708289
Q553Y1,8,369,M,test,4,0.07187822027349587,0.0071447620468506915,0.008418587401010388,0.030628958180776385,0.43859087340019237,0.047601478373137066,0.006016493104181187,0.10176127099608918,0.27878530040710836,0.009174055817158517
Q55D99,1,1197,S,test,1,0.0024517594338326026,0.9881449295595843,0.0012316188761864117,0.002178511470710915,0.0012125243176224901,0.0011257907070834142,0.0009224398458523497,0.0009369661505182529,0.000880198252938544,0.0009152613856707399
Q55P57,2,624,S,test,2,0.0007572444234710857,0.0009914984797056664,0.9938818319878103,0.0005307108568375257,0.0005163958466399261,0.0009010080341995018,0.000708591957043272,0.00040216948091915906,0.0007253958104321413,0.0005851531229414051
Q569K4,0,471,U,test,0,0.9949640557071906,0.001028094022154524,0.00039022046537864376,0.0008539861307411956,0.0005230519102365878,0.0004633982586316308,0.0005312887011542732,0.00034168846348328277,0.00039328099487935005,0.00051093534614989
Q569Z6,0,951,S,test,0,0.9947443212236977,0.0009543421524535188,0.00043522625656330737,0.0008895447427127364,0.0005610288468586603,0.0005208976324272788,0.0005566628647470689,0.0003840858486479974,0.00041855299189515953,0.0005353374399965849
Q56WN1,1,356,S,test,1,0.001965964300899102,0.9870619619069381,0.0013832286385772514,0.0023946772468690833,0.0009359392988729163,0.0013940773829032801,0.0008930794828271634,0.001235084081333164,0.0017080594152089693,0.0010279282455710281
Q56X52,6,351,M,test,6,0.0025957920230457844,0.003043692284184795,0.0013309898602633856,0.0014058054463719082,0.0009624282696694427,0.0027270165361520534,0.9837695224470588,0.0011429117136361267,0.0009401336299015866,0.0020817077897160347
Q582G4,1,390,S,test,0,0.9935653131398632,0.0016729375376223373,0.0003866394428290898,0.001474921142230855,0.0005003485954712109,0.0005284734875778618,0.0005410058289526033,0.0004020413925882741,0.00042797083739342653,0.0005003485954712109
Q58A45,1,887,S,test,1,0.002256392983995979,0.9890801556723486,0.0006861478831071306,0.0020564764634012924,0.0008741750826436525,0.0012231909198626711,0.0009019243599694616,0.0010836869605992876,0.000990570195280782,0.0008472794787911591
Q58FA4,0,860,U,test,0,0.9940282554009131,0.00158464342217185,0.00036338337136874066,0.0012615384637396062,0.00047025302343903637,0.000488985758470643,0.0005287196970530305,0.0003868195755241253,0.0003868195755241253,0.0005005817117957055
Q58WW2,0,860,U,test,1,0.08133110902899779,0.888161453543932,0.0010729410826502506,0.01576675426920921,0.0022892313316464252,0.003165891763855254,0.0019734408109105877,0.0025142286143149902,0.002573851883737197,0.0011510976707463391
Q59E36,0,590,U,test,0,0.9949448997182291,0.0009601440097247672,0.00038117366449981347,0.0007521551672740815,0.000546006036208305,0.0005210027018973118,0.0005271440759654948,0.00040259964317740057,0.0004252299966023506,0.0005396449864213772
Q59L72,4,384,M,test,5,0.006464909338629214,0.014399164450163163,0.011435258276804172,0.03433999814128502,0.01625277857647226,0.6750767871043994,0.017334817090391853,0.009152666725282248,0.20912902193507474,0.006414598361497921
Q59NP1,4,251,M,test,4,0.002297945438179539,0.0008129814939230409,0.0012015088610424596,0.0034294714577557408,0.9715478321299041,0.007534673822984232,0.001741369343983455,0.0021841666847399036,0.007374522187875409,0.0018755285796121241
Q59SF7,2,346,S,test,2,0.0008435200771249063,0.0014237096352484597,0.9924145052666521,0.000771039725237711,0.0005403791862976962,0.001182604197522189,0.0006367223501598664,0.0005663125029188849,0.000930051466910187,0.0006911555919280136
Q59WG7,5,322,M,test,5,0.001244342578767363,0.0014951119936312952,0.001548609254598088,0.001229845496021358,0.002183889374097897,0.9828754076483794,0.004124107058664444,0.001432229446394636,0.0024173449212571206,0.0014491122281883643
Q59YT1,4,504,M,test,5,0.010896256196055621,0.0026806935208571825,0.0031096586033491553,0.005187395495639042,0.013669052164458914,0.7974251510569419,0.0032335333533663147,0.1407538950770986,0.018827041615458912,0.004217322916774387
Q5A6P6,4,509,M,test,5,0.006176267697354335,0.0020446884269701617,0.002228175037903135,0.003645051239322197,0.013463886338713626,0.9130657236596029,0.0024092315954292267,0.0440602410514306,0.009318195203139161,0.003588539750134579
Q5A960,0,833,U,test,0,0.9947909652361205,0.0012206794419982751,0.0003086360977897648,0.0007804708277070613,0.00045971208166061407,0.0005270624817077068,0.0005048949659701811,0.0004780249403657549,0.0004421007999302377,0.000487453126749847
Q5A961,1,690,S,test,1,0.0024852375309682368,0.9885191511705144,0.0011001282886530185,0.0021793365132631226,0.0009156079849883971,0.0010621238122020408,0.0009227891798028744,0.0008805315864152803,0.000937321011915577,0.0009977729212770556
Q5AB48,2,358,S,test,2,0.0008969572053795233,0.0013811183567207569,0.9913477592425928,0.0008659714621287781,0.0007854019871355617,0.001362364313485544,0.0007792899497296972,0.0006213040506197862,0.0011744314450720236,0.0007854019871355617
Q5ABZ2,0,534,U,test,0,0.9949071174944616,0.0012036569112777239,0.0003723296958127973,0.0007744875557310618,0.0005312583665383809,0.00047251095087692867,0.0005089143100193515,0.0003580659387974694,0.00038414870216949384,0.0004875100743151758
Q5BD29,2,555,S,test,2,0.0008444632990790336,0.0010489008861485321,0.9935241943709555,0.0005691647533080674,0.00046635692734834435,0.0007481529032727474,0.0007658948893683203,0.0004415378501077734,0.000931091432563056,0.0006602426878486613
Q5CPU3,1,152,S,test,1,0.0023298778483897865,0.9869742553777654,0.0009580492779668274,0.001839488891024224,0.0013301198121104057,0.0013939535937337818,0.0010604638545697912,0.0013249339751000852,0.0017690192031183023,0.0010198381662214436
Q5D869,0,1976,U,test,0,0.9909478295128458,0.0030213179088135304,0.0003594381728842206,0.0022761603954552763,0.0005312151874197326,0.0006457934808470566,0.0006483210322255567,0.000527081279147594,0.0004990304821676158,0.0005438125481936626
Q5DTL9,4,1118,M,test,4,0.0024636199114601576,0.000844778489014609,0.000757254540099828,0.003364081944114603,0.9784861756351388,0.004231884124047676,0.0016347262930330147,0.0025517716882025544,0.003877311227963101,0.0017883961469256037
Q5DW34,0,1296,U,test,0,0.9950323470903353,0.0010221577625491019,0.00035255901299052035,0.0008117580735724828,0.0004913954943512772,0.0005109704403982799,0.0005109704403982799,0.000393308015107798,0.00039639273021138536,0.00047814094008558165
Q5E930,4,385,M,test,4,0.0029377435413614596,0.0010434009469736589,0.0019041736342654222,0.0041672284200012805,0.9560384159981097,0.014573493095191238,0.002803214710645042,0.006566382595365419,0.006637047152606274,0.003328899905480526
Q5EA95,1,429,S,test,0,0.9879668980059586,0.00414952099722416,0.0004060715785956373,0.0033669544314140765,0.0006747498022565091,0.0008938982569738476,0.0007410677073818655,0.0006388402177314009,0.0005379574413861825,0.0006240415610777576
Q5EU90,3,539,U,test,6,0.0020291500743767673,0.002089476954327342,0.0014138108697394627,0.0010713773271755777,0.0008916792930155424,0.0023607611839456828,0.9855144320528472,0.001322974330677946,0.0012045819381978128,0.0021017559756966613
Q5EXX3,0,1203,U,test,0,0.9945023596463543,0.0012624483305430972,0.0003721782032522137,0.0010917580809944624,0.0005207709317767674,0.0004988680280774519,0.0005126971213187925,0.00035513488280179657,0.0003810041440412659,0.0005027806308398515
Q5FW60,2,181,S,test,2,0.0008116392465005744,0.0012521906561109688,0.9929454499283717,0.0006572854981169635,0.0006781499775789835,0.00111589868809942,0.0007303963049447097,0.0005666155341080541,0.0006102688966585342,0.0006321052695100666
Q5FW85,2,670,S,test,2,0.0007231068056999734,0.0009339438236311446,0.9946234097370117,0.0005544251772925396,0.000563156152739904,0.0006381395605825413,0.000516781114802493,0.000396229805638783,0.0005479659888858173,0.0005028418337151541
Q5FWF5,0,840,U,test,0,0.9946075566975128,0.0011962644640862489,0.00033890792308403407,0.0009523490326286113,0.0004892707458935262,0.0005147581938285943,0.0005436929906494174,0.0004120072900120931,0.00042841978481829746,0.0005167728774864035
Q5FWP4,0,625,U,test,0,0.994749850298721,0.0012257056154638618,0.0003209175212831838,0.0008655555484029012,0.00046329852483494857,0.0004931786710522549,0.0005229392587332969,0.0004525662253523984,0.00041855534334869006,0.000487432992807534
Q5FWY4,0,821,U,test,0,0.9926250189857811,0.0020922575261320135,0.0003628703856885457,0.0018001193409971916,0.00048449557946226337,0.0006076936023801849,0.0005959397298703192,0.000465934874246807,0.00042093703627890124,0.0005447329391625786
Q5HYJ3,0,339,U,test,0,0.9949490951625259,0.0010795234623981853,0.00035808104179100306,0.0008845298370249668,0.0004894387639837896,0.00047253086469914077,0.0005109276934604881,0.0003637199962124578,0.00038717791622055,0.0005049752616834648
Q5HZG4,0,932,U,test,0,0.9948547725243924,0.0011495990716616073,0.0003608553101482636,0.0007346649691556934,0.0005029588197669858,0.000510879253270605,0.0005291593707217456,0.0004386885054083716,0.00042519148648075455,0.0004932306889936242
Q5HZV9,0,360,U,test,1,0.0024884360761255483,0.9873779014348313,0.0009074338226173863,0.0023629166155774897,0.001086056071848539,0.0012354794387007058,0.0011927992551490501,0.0010776043198277812,0.001202154506445746,0.0010692184588764967
Q5JNS0,0,379,U,test,0,0.9948919626995768,0.000865679200807878,0.00046336471524123507,0.0007897509771635146,0.0006333444371970424,0.0004990634431958823,0.0005459770116414447,0.00034166370594963075,0.00038115338229773065,0.0005880404269288502
Q5JRA6,5,1907,M,test,1,0.004405732533775911,0.9701375524230264,0.008040321628609152,0.004617168360058666,0.004796409297710006,0.0021640231323571697,0.0012378491834914738,0.0017870440274027598,0.0012972547553901572,0.0015166446581783841
Q5JTZ9,3,985,U,test,3,0.00316620553686215,0.0035468478178366145,0.0016893772776267607,0.9839228687896294,0.0013156883680402812,0.001057185328512845,0.0011793754434601253,0.0009701278474798418,0.0016959893192601948,0.0014563342712917828
Q5JVL4,1,640,S,test,1,0.005621486791798699,0.9792161934704577,0.001460735444209683,0.005193950627798266,0.0014047754187225064,0.0016423489185919168,0.0014837386441650894,0.0015189243572570645,0.0014380887079390853,0.0010197576190599795
Q5K4E3,2,855,S,test,2,0.0006859847284660224,0.0012470197183488514,0.9927152555011884,0.0006597050735083314,0.0007105303188654162,0.001344405100592521,0.0005936703398195563,0.0006197355577381158,0.0008437757557059341,0.0005799179057667859
Q5MPP0,5,372,M,test,5,0.0015108718181942734,0.0010882400754558767,0.0010303249658214014,0.0014758723663375664,0.004690312814839383,0.9816641879553026,0.0010630311522366203,0.0017733014085933088,0.004475527475815992,0.0012283299674029449
Q5N712,0,1286,U,test,0,0.9947210792697427,0.0011888306439695833,0.00037226004772087723,0.0009923357550585545,0.0004989777363497614,0.00048362578371207224,0.0005068354224602668,0.0003497059437444245,0.0003931849772410806,0.0004931644200006762
Q5NCS9,3,454,M,test,3,0.004524716658627312,0.0062696899588015114,0.0031835359157560625,0.9694631926269922,0.0012963530485875909,0.0014461865378368028,0.006456089031348487,0.0011896004418912836,0.001625991148717648,0.004544644631441074
Q5QHG5,2,373,S,test,2,0.0005970908653708346,0.0009970137383619173,0.9945423339809742,0.0005609149171498129,0.0004760423188452784,0.0006765924676782809,0.0005675267841781446,0.00043175161075460837,0.0005809852697531964,0.0005697480469337165
Q5QHG6,2,495,S,test,2,0.0008191541445221248,0.0015393746995077669,0.9904636879708386,0.0007429405783331742,0.0006207499997373816,0.00141813849379114,0.0008096107067687932,0.0006159193455996671,0.0020349206516125607,0.0009355034092887565
Q5QNQ9,2,1845,S,test,2,0.0009012821236377557,0.0012562036266827448,0.9922441828620572,0.0007739246930299272,0.0009226553364160292,0.0012710114227712486,0.0006027331103073281,0.0005445239360624413,0.0009083509201785189,0.0005751319688568684
Q5RJM1,5,330,M,test,5,0.001186112313686906,0.0012725126239726736,0.0014140560792865163,0.0010884377613448717,0.0031835141730160465,0.9818425364839302,0.0011586359689079299,0.0014140560792865163,0.005747735143741689,0.001692403372826724
Q5RLM2,4,535,M,test,4,0.0018813084842409194,0.0006289297723982352,0.0007016218805847175,0.0021876905388169628,0.9879572270448167,0.002289324134193175,0.0008869332316095394,0.001069845786894573,0.001331444500228897,0.0010656746262162774
Q5S003,1,2320,S,test,1,0.0028337907389043666,0.9881785144420532,0.0013213789297523246,0.001820276423639348,0.0012958212273643723,0.0010869366411030924,0.0007528990692748627,0.0010131364311444235,0.0009443470274891152,0.0007528990692748627
Q5SML5,0,696,U,test,0,0.993620863846735,0.002086191545120368,0.00032560124451147255,0.0010408395270921536,0.00043473470624310874,0.0005285030618316492,0.0005538663528834154,0.0005043011300899842,0.00043135156040200525,0.0004737470250909175
Q5SNT2-2,0,392,M,test,5,0.026868417460287383,0.0038556719436839302,0.003916389987905337,0.006533149054450188,0.04884283883246227,0.8862909561470346,0.0037079634768104773,0.008290997226744274,0.008290997226744274,0.003402618643877274
Q5SUE7,0,619,U,test,1,0.0022331476690149207,0.9875319974230351,0.0009146936178667809,0.003052350812155334,0.0006093172783114431,0.0013838872564216397,0.0012260561491899483,0.0010446129898491615,0.0009511308538809415,0.0010528059502747569
Q5SWZ9,3,221,M,test,5,0.11129998301686736,0.04890910485945628,0.03019093132382236,0.2071250953912958,0.07172046528297932,0.4524027658845946,0.013876515298484202,0.01673827489454204,0.03163982522856623,0.016097038819391812
Q5T2S8,1,1044,S,test,1,0.002596747082937824,0.9887071362540804,0.0010540588580994097,0.0019539160653604735,0.0010623257435238929,0.0009748450362303821,0.0007833099203361537,0.0009748450362303821,0.001045856001106508,0.000846960002094675
Q5T7N3,1,995,S,test,1,0.011160840166016256,0.9032196906065414,0.012378075964600933,0.006453093075208344,0.04603506205008767,0.00772334161684219,0.0019757852221525857,0.005498104672432736,0.0026587093907913164,0.0028972972353265903
Q5T8A7,0,1209,U,test,1,0.002788275905100768,0.9880104149235599,0.0009972594666619523,0.002627428801977557,0.0008732296429243095,0.0010050810634281311,0.0009590550404136367,0.0010369857323096437,0.0009009488896596325,0.0008013205339644448
Q5T9A4,3,648,M,test,1,0.003245392047780267,0.9882999451488733,0.0008872409048835557,0.002208846807760137,0.0009154049720646703,0.0009744435461005385,0.0008015553881088307,0.000833485723702769,0.0009936626093858772,0.0008400228513399939
Q5TB30,0,811,U,test,1,0.0026416575320615497,0.9887637837078448,0.0007132526768854041,0.002129379139321684,0.001037776559839548,0.001153209915450309,0.0007894987153268925,0.0010058474467607205,0.001029700479926698,0.0007358938265824129
Q5TCY1,1,1321,S,test,0,0.9920884652514049,0.0022876991120459656,0.00046568298175920104,0.0019663506530256123,0.000544438477812014,0.000548708592194427,0.0006855516136879132,0.00039831971548532415,0.0004306863210305576,0.0005840972815540076
Q5TEU4,3,345,M,test,1,0.0037881883721615725,0.9823948843316573,0.0007368881564996543,0.005933524171245565,0.0009315139129025042,0.0016158112725959053,0.001253488952315792,0.0010230678705922998,0.0013983680546695763,0.000924264905359795
Q5TGU0,5,170,M,test,5,0.0012180398368077923,0.0015518230704464034,0.0022142176703748373,0.0017177115363868427,0.008389076641860798,0.9620995411592537,0.0016262966331342164,0.003396119861155285,0.014955146062482777,0.0028320275280973813
Q5TGZ0,3,78,M,test,3,0.00828102422688824,0.006838446061936321,0.00898896629262973,0.8413943107144536,0.06288517307508384,0.015097854757388106,0.03486441471059891,0.00477400425208549,0.005243218072413026,0.011632587836522715
Q5TZA2,1,2017,S,test,1,0.0022102138559598463,0.9889116825971953,0.0007713254615158407,0.002004577171367453,0.000990401419390287,0.0010138880897706132,0.0007360038371041708,0.0012229825416066435,0.0012717005984699285,0.0008672244276198608
Q5U3Z0,1,290,S,test,1,0.037793787225537064,0.9228412374879388,0.001376638607116719,0.02537354767679068,0.0017132543419370622,0.003367518010553059,0.0018237497173496963,0.0020991231899968083,0.00223450513566346,0.001376638607116719
Q5U4F6,1,535,S,test,1,0.003959558271183673,0.9860534847321204,0.0005369155324413047,0.0032443458706026954,0.0010268779736062623,0.001298095394018033,0.000728165525439651,0.001195861558185687,0.0012779702125229888,0.0006787249298792857
Q5U5X0,3,104,S,test,3,0.03621519437913286,0.05436543869298932,0.00515650969348497,0.8774137693065502,0.002370062104315954,0.0038469904962254425,0.005685483698222422,0.0023516181916360154,0.004225092568809373,0.008369840868633408
Q5VT66,3,337,M,test,3,0.0038756424869831347,0.0065413852102692285,0.0032004939343700926,0.9708276235062848,0.0034741032310498126,0.0022694901198626453,0.0029254881195121723,0.001603035463343969,0.0021071503531668863,0.0031755875751572796
Q5VTD9,0,330,U,test,0,0.994770897390547,0.0010941879076994,0.0004088681406599592,0.001005064299616096,0.0005416622480190456,0.00047429535289083435,0.0005048848451439949,0.0003209243144964612,0.00038409609638820694,0.0004951194045389212
Q5VWG9,0,929,U,test,0,0.9950318692106269,0.0010859576674863934,0.0003525588379981419,0.0007262351832997754,0.0004894794721936571,0.000493318500398749,0.0005129701059174051,0.00041541583807355053,0.00041218307178237046,0.0004800121122230448
Q5VWK5,4,629,M,test,4,0.0027090030247791884,0.0011348079810770384,0.001863687828314571,0.002265668085625851,0.984455261374028,0.002822424614052195,0.001152678548493245,0.0014178189931800653,0.0009706527674472814,0.0012079967830026358
Q5VYS4,1,303,S,test,1,0.002162971234615425,0.988790826591516,0.0007245045829212211,0.0020984717862552326,0.0008338997200140397,0.0011134021608111015,0.0009673406183035286,0.001122134591188627,0.0012038748007921086,0.0009825739135827585
Q5W7F2,7,827,U,test,1,0.14877573403892075,0.38289182323604676,0.016433385095934193,0.06461558815952555,0.29587586221964707,0.020612084412064923,0.008008992702221131,0.03173810775751045,0.012999877987423364,0.018048544390705783
Q5XEN5,0,204,U,test,0,0.9950806838272138,0.0009163008417548192,0.0004026545981076395,0.0008310488560388843,0.0005612185196753594,0.00047259337099254093,0.0004972120386073176,0.00033906913304014065,0.00038421572127755166,0.0005150030932919548
Q5XF06,3,469,M,test,3,0.0023936858992353984,0.0027177041879137384,0.0019651504037985035,0.9847281839947164,0.0013799580746786805,0.0010747124545052765,0.0016070446622981798,0.0009192502748147434,0.0015883219359646272,0.0016259881120744902
Q5XF36,5,416,M,test,5,0.0021763501440099256,0.0013942221282189126,0.001077371380092293,0.002117646549472219,0.004611834760026394,0.9794823061593609,0.0015432632042861848,0.001655679784560113,0.004311315103702681,0.0016300107862703584
Q5XIX0,5,703,M,test,1,0.0030862952109691,0.9871219990339312,0.001098573324014765,0.0027618131128228705,0.0010199907699087656,0.0012595204167860745,0.0009507359352543168,0.0009143138884300567,0.0008724444194528171,0.0009143138884300567
Q5XM24,2,494,S,test,8,0.005573698701026714,0.01827545589138382,0.03648733597418218,0.019059221633572866,0.01376812067996419,0.021599566179856765,0.014372613333526142,0.006567422284470441,0.853468714961736,0.010827850360280835
Q5YGP7,0,568,U,test,0,0.9940785471067602,0.0014735227897591757,0.00038987314928811453,0.001217425139287865,0.0005584675405967042,0.0004890104904057497,0.0005476658282180955,0.00034138436183922766,0.00036912447495350217,0.0005349791188913002
Q5ZIH3,7,460,M,test,4,0.010629089606909866,0.0019168896422111328,0.0025593834222614885,0.01000462669608341,0.8493351834324842,0.03424417318585488,0.002767353324015689,0.025053571713177764,0.058708171191628925,0.004781557785372739
Q5ZLF4,7,770,M,test,8,0.019341958384981563,0.0038761982555256033,0.004392308114495909,0.031029331945123792,0.04685427547915921,0.04070770304477399,0.004749216996552996,0.10893945971062784,0.7329242115128035,0.007185336555955571
Q60547,0,234,U,test,0,0.9931335274014393,0.0021221454688884495,0.0003081218586485317,0.001160570818750162,0.00048097143590841474,0.0006080048882069275,0.0006056344975311027,0.0005645134026979654,0.0004923772857553945,0.0005241329421736755
Q60848,0,821,U,test,0,0.9951302344000933,0.0009271480288432892,0.0004058328557262321,0.0007406320468749194,0.0005190681244552797,0.00047077436066842067,0.0005130208138250499,0.0003695149986690665,0.000402674624291906,0.000521099746552524
Q60954,0,390,U,test,0,0.9950331756895655,0.0010321896071156006,0.0003812074962599174,0.0006769263980674398,0.0005313256515888536,0.0005089788012285066,0.0004933191373976307,0.00042860310904849035,0.00042860310904849035,0.00048567100067957924
Q61043,1,2035,S,test,1,0.004717028825836916,0.9814879187557057,0.0021219827103840295,0.003176154805760394,0.0016590700221556693,0.0010382195885597243,0.000916225478671787,0.0016917921548740185,0.0019095777323150742,0.0012820299257366558
Q61048,0,376,U,test,0,0.9950349231861199,0.0009858860768967705,0.0003902482528511638,0.0008070177201880125,0.000519018382255911,0.00048567182483094033,0.0005271917272970439,0.00034981628066053477,0.00038120816664382603,0.000519018382255911
Q61074,0,542,M,test,0,0.9907415070981431,0.002745001755936499,0.0004136246139046419,0.002470234383924086,0.0005924899560265048,0.000679293110832095,0.0007548517690839567,0.00048357624518137915,0.00046869813577446,0.0006507229311932124
Q61112,7,361,S,test,2,0.002445784143447008,0.0082176132907496,0.9341885073464191,0.004242475169677304,0.0036429840548031756,0.012715265697099153,0.0031160094333486147,0.0023705351498772677,0.02670873796751324,0.002352087747065552
Q61477,2,178,S,test,2,0.000850309120549627,0.0008469941357223114,0.9945573606629645,0.0005228380844860255,0.0006306631304696943,0.0006257552346349458,0.0005587365569893207,0.00038702548267134494,0.0005310715589434325,0.0004892460325688052
Q61595,5,1327,M,test,7,0.026755997020270567,0.024890671456918294,0.0045064456535050465,0.01371911404192955,0.017771199991066754,0.027018570391204436,0.010155432295111809,0.8454624721529301,0.022574857697281476,0.0071452392997819305
Q61606,4,485,M,test,4,0.0013486733380582727,0.0006198843393959512,0.0011671796588667556,0.0014783377573672253,0.9890824689691269,0.0021625529056802165,0.001018032089797721,0.0010462530234328408,0.0010585858284763911,0.001018032089797721
Q62018,0,1173,U,test,0,0.9940773593941578,0.0016270620759340616,0.0003257508519608311,0.0007937414826801594,0.0005185189215203025,0.0005921672059550936,0.0005829864616272571,0.0005519605004348447,0.00044524863760328265,0.0004852044681263657
Q62233,0,333,U,test,0,0.9950565645799944,0.0009725202060382079,0.00039025673591301684,0.000737689971796214,0.0005503502122359925,0.0005109828508842931,0.0004972000310719766,0.0003782498321453893,0.00040898554884861413,0.0004972000310719766
Q62315,0,1234,U,test,0,0.9939845914203815,0.0017539633285528727,0.0003059860170446717,0.0010826980635507012,0.00044520709366304144,0.0005370221655112706,0.0005391241022525391,0.0004629420939680285,0.0004182333447622663,0.00047023237031310094
Q62414,0,383,U,test,0,0.9949187244914435,0.0011789497005460993,0.00037525428451999605,0.0007205015278941348,0.0005129118047829584,0.00047995753490489976,0.0005089202723222712,0.00040892890336365723,0.000402589069945935,0.0004932624102765277
Q62504,0,3644,U,test,0,0.9948178834518537,0.0010678482627771051,0.0003781590965684721,0.0009789562031850818,0.000506884752833108,0.0004669641648138073,0.0005148670601787667,0.0003552475723735098,0.00039630728428353534,0.0005168821511329313
Q63089,4,556,M,test,8,0.04758390378497608,0.006241650276992119,0.007470277551536372,0.09574738823053855,0.10515793339471845,0.08752020387314118,0.01078460451133127,0.21831351366140753,0.40786331607124315,0.013317208644115305
Q63262,0,497,U,test,0,0.9950054197270454,0.001012196871544653,0.0004089645189231409,0.0006983948924288386,0.0005655774096659813,0.0004971744447359931,0.0005089645809695964,0.00038418665294737955,0.0004219464570030907,0.0004971744447359931
Q63520,0,257,U,test,0,0.9946844388478097,0.001291597780500739,0.0003086030318398046,0.0007957789673839419,0.0004669015370308381,0.0005147980038103181,0.0005249514575569424,0.0004669015370308381,0.0004490147877620119,0.0004970140492748684
Q63707,3,395,M,test,1,0.014774850158445547,0.8999160335295605,0.005166240172720339,0.04445551396694623,0.0034549275218259796,0.0062073799541503775,0.010274295976546211,0.0033748940958629836,0.00403921942461188,0.008336645199329947
Q640Q5,1,837,S,test,1,0.002182818215346168,0.989131957357229,0.0007024561690409253,0.0020405798667960983,0.000874220880129098,0.0012042901869552996,0.0008949524135536078,0.0011269152019653833,0.0010141139836011648,0.0008276957253831879
Q642G2,2,206,S,test,2,0.000903363318017763,0.0008145281850381393,0.9945354224033194,0.0005228265529370227,0.000606489411499124,0.0005994235837096708,0.0005719739574243251,0.0003870169365039065,0.0005522148435304294,0.0005067408080202818
Q64368,1,298,S,test,1,0.0027189681588292965,0.9875942240843006,0.000839423034725775,0.003003017545127465,0.0007236278157587684,0.001221353361805505,0.0009737477285579726,0.0008866073802392796,0.0009737477285579726,0.0010652831620973646
Q65YR7,1,95,S,test,2,0.000700605993519431,0.0009632422479533293,0.9942640558995668,0.00055857177654705,0.0005899693415283294,0.0007846414505214715,0.000647954597319859,0.0004418666550989793,0.0004948671517831125,0.0005542248861616317
Q65YR8,1,94,S,test,2,0.0013945439381943744,0.001685429976735755,0.9893227396946984,0.001026265923637542,0.0010671476093517538,0.002360068303934592,0.0010182794831710682,0.0006863162393789623,0.0006971241216358164,0.0007420847092616657
Q66K79,2,652,S,test,2,0.0010088694460073993,0.0014794093259402632,0.9917344535539901,0.0008973070772472961,0.0007795939052756759,0.00137358489347411,0.0007705113569581262,0.0005838888745449051,0.0007210064423962201,0.0006513751241658838
Q66S17,2,364,S,test,2,0.000757452916568947,0.000993710361993666,0.9941554084564583,0.0005477081876155229,0.0005585107727978192,0.0007428024557484817,0.0005991945517935707,0.0004487760022555115,0.0006134040313742883,0.000583032263393912
Q66S21,2,376,S,test,2,0.0007545388831038445,0.0009427140689379625,0.9942068096221693,0.0004929094691687956,0.0005629203065917935,0.0006529989922879666,0.0005922443373219039,0.00048526764712156906,0.0007033076419722783,0.0006062890313245706
Q66S25,2,355,S,test,2,0.0007313457200583028,0.0009390664485840084,0.9942361553307307,0.0004929240015594928,0.000583079576006457,0.0006658977838744241,0.0005876527772282416,0.0004740403889235396,0.0006763841848584328,0.0006134537881764239
Q67FY2,0,1494,U,test,0,0.994126612061147,0.0017993247410965085,0.0003207164582531893,0.0009556141383809465,0.0004315711209160259,0.0005085150753386846,0.0005392011663013769,0.0004630082362642658,0.00039603190775458014,0.0004594050945473912
Q67Y93,0,191,S,test,0,0.994772571039648,0.0012365540665853782,0.0003209248398878279,0.0008588393903868286,0.0004525765643720342,0.00052499798004946,0.0005108370462774604,0.0004153075685430294,0.0004218477228394172,0.0004855437814105527
Q67ZM4,1,137,S,test,1,0.003162760802390377,0.9874221967027292,0.001484529247641261,0.0023515121779938146,0.0007762040587342704,0.0010044827090382757,0.0009812138452671708,0.0009436242658198099,0.0009074745112011996,0.0009660016791845306
Q680Q4,0,884,U,test,0,0.9951032660493463,0.0009888466706317021,0.0003753238805050545,0.0007611424279244106,0.0005231250680019565,0.0004763107987878439,0.0004972233567096932,0.000372403107315488,0.00040900475484363484,0.0004933538859339065
Q681K7,4,593,M,test,5,0.0013866955458225322,0.001851481468774362,0.002313224411874807,0.0017529473155101952,0.006100488799421672,0.9666133934131713,0.0013231942525253617,0.002242053910625934,0.010048188388645329,0.006368332493628521
Q681Y3,6,432,U,test,6,0.0017987780743576268,0.001507344926660974,0.0009982419307868204,0.0010835813355825968,0.0006597976628637981,0.0013432814168777862,0.9889838014173405,0.0009562572742617403,0.0009675294191723351,0.0017013865420957598
Q684R7,2,2191,S,test,2,0.0007179538738219776,0.0014278220052921175,0.9914007487475649,0.0008263598764841296,0.000836100811832374,0.0017214411123785045,0.0006311219579578352,0.0006262105702993104,0.0012724138417120623,0.0005398272026567994
Q68CQ4,0,756,U,test,1,0.2369610566816031,0.6964672508749553,0.0020987318405021925,0.04452366193213815,0.0025315537441655107,0.004766660074812329,0.003982693253818393,0.003200183952591969,0.002936653901247538,0.0025315537441655107
Q68CZ6,1,603,S,test,1,0.0019859331393908197,0.9893284275290739,0.0008086827259213887,0.002085308993712024,0.0008086827259213887,0.0010262718325753783,0.0007537752008493383,0.0011271390837393775,0.0012282865466121118,0.0008474922222042296
Q68E01,0,1043,U,test,0,0.9946636746609255,0.0013569461324989603,0.00031345633205726037,0.0008162259721542442,0.0004632583979010434,0.0004970037058581596,0.0005147872514850787,0.0004490054378023591,0.0004420442383994174,0.00048359787091791493
Q68KK0,2,346,S,test,2,0.0005562101556691228,0.000987686083826018,0.9939353915705853,0.0005286703105620829,0.0005124048221944508,0.0010032398672195017,0.000587474999534699,0.0004348723156099963,0.0008801837081377739,0.0005738661666610641
Q69IL4,0,380,U,test,0,0.9948094357175764,0.0010259284718047233,0.0004153229639211965,0.0008068349160237577,0.0005459317217624912,0.0005049043943752612,0.0005353725010668368,0.00040570205087586204,0.00040888400229388734,0.0005416832602996156
Q69YI7,0,327,U,test,0,0.9950721940359573,0.000938022338135347,0.0003782557807296951,0.0008574217723074622,0.0005460759391850349,0.00048379649890708436,0.0004856900525664122,0.0003390662456471788,0.0003964085988065747,0.0005030687377579753
Q69YN4,0,1812,S,test,0,0.994992223943108,0.0010576560350068819,0.00037236153204115054,0.0008473644648040436,0.0004875517465981367,0.00046887395767264184,0.0005169727478839753,0.00036373576867027084,0.0003902315151230393,0.000503028289091811
Q6AT90,0,505,U,test,0,0.9937973421602606,0.0016506062319338263,0.00040528927811244516,0.001078273795079959,0.0006036765068150585,0.000551805038746998,0.000569321179810889,0.00041490041105316975,0.00038976287870530425,0.0005390225194816907
Q6AX31,0,660,M,test,5,0.02147266141459673,0.018583037469721963,0.004847675229428726,0.008441725977725271,0.01589394404447763,0.8884130364360144,0.004518529990032907,0.0040503843868955405,0.006422126376491718,0.0273568786746151
Q6B4T4,2,105,S,test,2,0.0007460286639516021,0.0008470139565080742,0.9945806331696702,0.00044200735318581687,0.00052695107898669,0.0006306778943472419,0.0006017970555146241,0.0004250743360439149,0.0006233302244051073,0.000576486267386748
Q6C7L6,3,237,U,test,1,0.04397984283528768,0.8972696788340844,0.0019173018205903378,0.039116480007429386,0.0014137297602208915,0.005191448217742755,0.0036669360058963364,0.0024618644148443817,0.002442705712230805,0.00254001239167311
Q6DJT9,0,500,U,test,0,0.9949422089260713,0.0011313230246313448,0.00038717524361708713,0.0008623478465721777,0.0005169468184751628,0.0004597820014028026,0.000501042039508714,0.0003363837002676335,0.00037526313216161805,0.000487527267292188
Q6DRC5,0,1014,U,test,0,0.9888589526932935,0.004780381987934587,0.0003558891819269704,0.0018233094864153732,0.0005469224495784727,0.000860429730755165,0.000771284289307543,0.0008912172182545258,0.0005731697976677797,0.000538443164866095
Q6DT37,1,1551,S,test,1,0.0041096501242183035,0.9851856127666109,0.0021216733043778043,0.0025818188567180524,0.0014696402510716194,0.0010836446267649933,0.0008052963350750655,0.0009414869015917509,0.0008572335201028245,0.0008439433134686762
Q6E434,0,485,U,test,0,0.9951445192130928,0.0008692880735333588,0.000363791453433652,0.000749373063168607,0.0005418657013375658,0.0005110280364221962,0.0004857253676007945,0.00040902172054569497,0.00043201302114529355,0.0004933743497200827
Q6EVK6,0,2193,U,test,0,0.9948598651689962,0.0013100084117021375,0.00034703295694118454,0.000777481861782314,0.0004724884878521672,0.00046881156793318764,0.0004971017149347606,0.0003963239925094347,0.00040572260937146937,0.00046516322797716806
Q6IWZ0,2,535,S,test,2,0.001069082673889029,0.0015239309688529889,0.9911166690857994,0.0008261230759225874,0.0005354727177513496,0.001497377215320703,0.0011160211000566813,0.0006509693511115106,0.0009180138828151562,0.000746339928480563
Q6J1Y9,5,1357,M,test,7,0.287520773220379,0.01376642413244306,0.009915584007096648,0.027271068383984062,0.17852572038925135,0.13475826708945907,0.011775046872115898,0.30606425549618027,0.017470501786314926,0.012932358622775714
Q6J5K9,1,1188,S,test,1,0.0019169304571590193,0.9891232994982531,0.0010260590504415482,0.0017763369514703473,0.0008276884450496031,0.0011051090132563142,0.0010627729510310515,0.001092234060547762,0.0011094343081876723,0.0009601352646035661
Q6J9Q2,0,348,U,test,0,0.9922218133911115,0.002567455667934133,0.0004207660344067821,0.0016139458053889481,0.000631644631595988,0.0005910618461637613,0.0005887575214658007,0.00041424264415657654,0.00041424264415657654,0.0005360698136198988
Q6K1L7,0,188,U,test,0,0.9940581621440435,0.0012801926736219207,0.00038986517477024817,0.001273956886720242,0.0005944734036420253,0.00048519509444776103,0.0005784385313530895,0.0003720119824110418,0.0003960046279902103,0.0005716994809999789
Q6K8X6,0,688,U,test,0,0.9945616070889529,0.001502581800024928,0.00032590951292239795,0.0008721791161742349,0.0004351463030603068,0.0004816630367572063,0.0005167490387489202,0.0004250661926457477,0.00039931268196557806,0.00047978522874780026
Q6KCM7,3,469,M,test,3,0.003974560398345043,0.006426197538368093,0.004165303631538529,0.9207851307904382,0.0042975244204673,0.004574691123523144,0.026949821208498505,0.001967550131669609,0.0038976857782399375,0.02296153497891164
Q6L6S1,2,517,S,test,1,0.012315753996469827,0.5980603767324099,0.15601337144912578,0.06377813297241529,0.050452657654773955,0.03648191362085275,0.017232837364102607,0.00966674566796766,0.031022332984293185,0.02497587755758912
Q6L9W6,7,998,M,test,7,0.002593203239079595,0.0026443496127086658,0.0029615310762220164,0.001957452408573147,0.004325867205167815,0.01266486116372851,0.0035862697156730083,0.9600221008064421,0.006462263934894129,0.0027821008375110185
Q6NLW5,0,300,U,test,0,0.9945440360958145,0.0013156612494439968,0.00033363234481864103,0.0009616335221772066,0.00044545767321174114,0.000512718634025494,0.0005352296321317968,0.00041846873061664777,0.00042839243837891286,0.0005047696793810003
Q6NNI3,0,190,U,test,0,0.994882050984955,0.0011734503128903815,0.00036086518389093664,0.0008707578038462004,0.000481818222660114,0.000474348346642531,0.0005108932677979079,0.0003497625388556506,0.0003871518202928839,0.0005089015181684742
Q6NPM8,6,346,U,test,6,0.0024437465744665847,0.0033109769774651355,0.0014324017944004044,0.0014492866736708406,0.000976813199614485,0.002900604329165675,0.9829936605426248,0.0012299934892387493,0.0011331231300983555,0.002129393289254933
Q6NPP4,0,1050,U,test,1,0.00457599595244809,0.9862118438762763,0.000892310297970809,0.0029747507827066026,0.0009876975733878965,0.0010932814916824972,0.0008252521657557393,0.0008581264539202271,0.0008581264539202271,0.0007226149519316525
Q6NQ88,0,557,U,test,0,0.9949404474626589,0.0011835898349041244,0.00034706105765055557,0.0007775448632349042,0.0004652009184172878,0.00047252675946768673,0.0005089313704762707,0.0004186355206459597,0.0004153776380999684,0.0004706845744443384
Q6NQ99,1,344,S,test,1,0.0062119450951174165,0.9474913842998967,0.018985234932521446,0.007163883462926074,0.006434218274630402,0.0031851691955573627,0.0019019513425354256,0.0033250145032745555,0.002040495941811725,0.003260702951728911
Q6NSW7,0,305,U,test,0,0.9950750595060063,0.0009472302193013207,0.0003964097279598399,0.0006849346529929841,0.0005546769812940423,0.0005030701910781891,0.000512992384308689,0.0003933248968852496,0.00042528564322339384,0.0005070157969500517
Q6NUK1,3,477,M,test,3,0.0068361333737896775,0.010966866752094873,0.007776672822996309,0.7778994777913445,0.010063762281057374,0.012846633416943675,0.08071887097640662,0.004211619678736026,0.00796109193022435,0.08071887097640662
Q6NVG5,4,214,M,test,4,0.0030450334058664346,0.002485284095866386,0.003909900752630428,0.010427733798285321,0.780853026702568,0.010226043789202456,0.0035048124560461296,0.003819328003172651,0.1769756064298222,0.004753230566540018
Q6NWY9,0,871,U,test,0,0.9949987853967801,0.0010494322926805698,0.00038719726246956793,0.0007595775324291888,0.0005210309030135654,0.0004837608006869363,0.0005354743769736709,0.00036659099437154607,0.00038719726246956793,0.0005109531781252621
Q6P050,1,247,S,test,0,0.9936552333984743,0.0012518625706294977,0.0005082739691219913,0.0014755048190354322,0.000608324280176129,0.000536844272409447,0.0005942324362030548,0.00032307858496141055,0.00041161279962877254,0.0006350328693599448
Q6PAL8,7,1287,M,test,1,0.002366117683034175,0.9891984905415492,0.0009791467901308095,0.0019208241408438626,0.001050471089259363,0.0009453217909531965,0.0007776004147477883,0.001006289723756878,0.0008950126133045853,0.0008607252124201206
Q6PEH4,0,753,U,test,1,0.13454025456590485,0.8113816355984255,0.0016415049188935273,0.03482379614689277,0.0021746406796228613,0.004410088332347365,0.0031888999385639187,0.0029492501869525013,0.0027490035234116325,0.0021409261089851113
Q6PGG6,0,577,U,test,1,0.004134752489016288,0.9844506780622044,0.0010577523344010185,0.004759071121387845,0.000626697521361527,0.0011892630034911287,0.0010577523344010185,0.000856593984323334,0.0009118395760199442,0.0009555995733934747
Q6PHR2,1,472,S,test,1,0.0030752730807437462,0.9872053344451822,0.0008069472546775051,0.0030797811474300085,0.001044267384577505,0.0013200776192784625,0.0008196548595041168,0.0008325625822584654,0.0009964467668438976,0.0008196548595041168
Q6PIW4,0,674,U,test,0,0.9935980411481876,0.001598720804076852,0.0003747561478420099,0.001478936197525316,0.0004926076198883053,0.0005122309345495269,0.0005781707805839142,0.0003989258297811316,0.0004115891093447074,0.0005560214282206079
Q6PIZ9,4,186,M,test,4,0.0014011390453786703,0.000614508100803223,0.001816753610172279,0.0011798774116825678,0.9881942070289418,0.0026394915227742444,0.0008399329791534415,0.0010453135260086828,0.0013317638968903846,0.0009370128781947121
Q6PQK2,2,205,S,test,2,0.008929226393633813,0.013509488431806178,0.7669753896174536,0.01169148719283518,0.08020952205743999,0.07835146649787005,0.010480182064805768,0.014047644790372411,0.004779470536466497,0.011026122417316526
Q6Q4D0,0,1311,S,test,1,0.002551117937921409,0.988317797714589,0.0007073828673334793,0.0027154851981444463,0.0006964159618290603,0.0010999040790183477,0.0010053938124296208,0.0010332643392508185,0.0010132792043338913,0.0008599588851498442
Q6QZN6,1,821,S,test,1,0.003551779278862166,0.9833683916464627,0.002367150635314605,0.002353321425637812,0.002805575883883764,0.001399753692825646,0.0009108371373217643,0.0011787109031652088,0.0010161122171754734,0.0010483671793507852
Q6R567,5,252,M,test,1,0.010992875372921734,0.9704075273911489,0.0006373674912811819,0.006852346854535769,0.0013705554949553383,0.00255055216186969,0.0015052607007822961,0.0022685081276730816,0.0023223043420693675,0.0010927020627626485
Q6RI88,4,1112,M,test,4,0.004459410294827091,0.0013977450856949107,0.001408707800923464,0.004339125319062769,0.944339104771757,0.021191715853671623,0.0024531189717322596,0.008938153916369304,0.00834756311383639,0.0031253548721251957
Q6S4P4,0,329,U,test,0,0.9947790356499109,0.0011179593197871845,0.0003932078721078989,0.0008099679036607331,0.0005128397837809317,0.0004970613160095556,0.0005332689856615673,0.0004218504663524821,0.00040568963243930545,0.0005291190702894144
Q6SJQ0,4,318,M,test,4,0.0012868634549196931,0.0006055014588143418,0.0014272128471023696,0.001364518418128512,0.9890442705691895,0.0022436771053670115,0.0010100707541679551,0.0008809993300428647,0.0011268153080997738,0.0010100707541679551
Q6STE5,0,483,U,test,0,0.9947972167176754,0.0012320645031623928,0.0003134983854864667,0.0007759159561151422,0.0004597149597021534,0.0005048981638356417,0.0005108496646119242,0.00047245871274829873,0.00044210356168048826,0.0004912793749820334
Q6T264,0,1020,U,test,0,0.9942956814518287,0.001636983052631185,0.00032582239593914624,0.0009613933746863834,0.00044188070396921486,0.000496819802364269,0.0005330098343622061,0.0004282854604130947,0.00040233695019270614,0.0004777869736131295
Q6T6C1,2,107,S,test,2,0.0005245446264308387,0.0011513186812938056,0.9939134697582691,0.0005369837796586869,0.0005851717541310439,0.000868212708729969,0.000562754235038466,0.000562754235038466,0.0007141723441674456,0.0005806178772421808
Q6U6J0,5,461,M,test,5,0.0009682770846013976,0.0021149118573793755,0.0028292981469695507,0.0018303035434257442,0.0032438062753297058,0.9744036001361773,0.0022513117207515476,0.002541124846905504,0.00591984343074604,0.0038975229577138336
Q6UN27,3,169,M,test,9,0.006073112932296326,0.007859191685271445,0.012756727356665682,0.0163799632481028,0.024493371531745203,0.42575808427732903,0.022520323722411313,0.010996986871185534,0.04069946617219834,0.4324627722027943
Q6UPR8,5,898,M,test,8,0.006016815364783165,0.013296846829217373,0.024195331347781915,0.014293322838346481,0.005106404734814396,0.0774200386217318,0.012988825866825095,0.008686287997007035,0.8323438511684769,0.00565227523101592
Q6UVM4,4,1142,M,test,4,0.0013684058261881876,0.0006604267143513151,0.0008414055009546992,0.0014824922550593434,0.9899266572750096,0.0017882269343638432,0.0008613587953005316,0.0008348576050182026,0.0012052576752427625,0.0010309114185115475
Q6UW78,3,93,M,test,3,0.012502937766884211,0.017563227829898196,0.005929084584440686,0.9330545208995565,0.0023862272862123263,0.0021223544929998557,0.01715637769437501,0.002241653424153913,0.0024619745463198856,0.004581641475159371
Q6UWY5,2,402,S,test,2,0.0008282453402157925,0.0011521528260026936,0.9936627566599547,0.0007224083832032306,0.0005474367292307947,0.0009312212741590651,0.0005782084432947617,0.0004084126729556323,0.000613100037563425,0.0005560576334198445
Q6UXZ4,4,953,M,test,4,0.0013481242460374428,0.0006244918340118154,0.001037688325522673,0.001929214057452793,0.9886798005670236,0.0018937481263035852,0.001054029662208527,0.0012084508759279662,0.001162155874102801,0.001062296431408712
Q6V9X0,2,132,S,test,2,0.0009085517302622762,0.0007635844459930771,0.9944038310078592,0.0004910851090243136,0.0006871516178244942,0.00061836954633637,0.0005435816084441364,0.0004119229236577399,0.0006430025043652654,0.000528919506233143
Q6X4U4,2,206,S,test,2,0.0009301937742412615,0.0008289488863197807,0.9945068555415936,0.0005415184787597234,0.0006112285527424578,0.0005994063444557958,0.0005697276563336018,0.0003780408726757018,0.0005352096416853681,0.0004988702511927495
Q6XE24,1,437,S,test,1,0.002347100390841405,0.9884613182758502,0.0009372661630685033,0.0021728341146892765,0.0009822464214856762,0.0011618991178530195,0.0009520259370034515,0.0009084295074370916,0.0009594926988998328,0.0011173873728715408
Q6ZP29,8,291,M,test,4,0.0030034708630763576,0.0007288793059737584,0.0011738811273494035,0.0036799293386277064,0.9717177251616145,0.0070106103799106095,0.0012017189414648348,0.004423696127146647,0.004832454074970415,0.0022276346798657943
Q6ZPV2,0,1559,U,test,0,0.9950080404121691,0.0011413855803078736,0.0003723674635753551,0.0007205662320435136,0.0005050052087725998,0.00049330669071822,0.0004991216945352884,0.00038418766475082055,0.0004089656194745701,0.00046705343365269697
Q6ZWS8,0,374,U,test,1,0.005664872623652395,0.9771841224093853,0.0009863317864356098,0.007818948045140096,0.0010499447236392014,0.0022843495145130413,0.0014239362584927908,0.0011804847092448923,0.0013066772813126785,0.0011003326481839168
Q704V3,0,163,U,test,1,0.04351327608610969,0.9231147449857692,0.0010558182676895392,0.017240905907393703,0.0020834051186655613,0.003953608128031556,0.002051104753237494,0.002836574836611805,0.002836574836611805,0.001313987079879673
Q70VB1,4,928,M,test,4,0.001253495953472205,0.0005738923392941096,0.0009388251858206191,0.0015002384437664469,0.9901055005503604,0.0017659873638424957,0.0008415575136419112,0.0010072123723447106,0.0010596807542455604,0.0009536095232115028
Q715S9,1,587,S,test,0,0.9836391510324543,0.006524955261897832,0.0004653381634719246,0.004886965755353674,0.0006770630102137394,0.000936344122788152,0.0008830566438704392,0.0006877252557419817,0.000611675498465992,0.0006877252557419817
Q715T0,1,586,S,test,1,0.008959876311869279,0.9728758268291511,0.0007890457000404484,0.009136592906543638,0.0008802440655494109,0.0021871519124785016,0.0013527390454183795,0.0013527390454183795,0.0013956795350712383,0.0010701046484596825
Q71PD7,0,128,U,test,0,0.9951642402688475,0.0007992789334637603,0.0003933601409080738,0.0008294968574906318,0.0005011537984278307,0.0004992000001501291,0.0005090458838560068,0.0003637986537541327,0.00040902981729942463,0.0005313956458024985
Q75J96,1,1055,S,test,1,0.0023420357428355614,0.9892222804159516,0.0008950341073834238,0.0019435132702096145,0.0008811579249988332,0.0010546080220189484,0.0008085959062241105,0.000971550347156139,0.0009791703119868865,0.0009020539512348344
Q769J6,2,1426,S,test,2,0.0007146042462634905,0.0009157795925397253,0.9945146225450356,0.0004930620386553479,0.0005479060555633813,0.0007666583698773303,0.000539411578451033,0.0004385384840367196,0.000558712541055562,0.0005107045485217553
Q76CY5,1,286,S,test,0,0.9947468689084258,0.0012292981908868295,0.00035800825753981027,0.0008860789866612707,0.00047059302108693455,0.00047059302108693455,0.0005249844425087876,0.00040251951054788993,0.0004120650140135368,0.0004989906472422696
Q76DI2,2,481,S,test,2,0.0007270120215643298,0.0011800569664973132,0.9922129452303975,0.0006671437474589846,0.0008367857453958624,0.001503431759089562,0.0006267235864073127,0.0005796245029570797,0.0009859744420680147,0.0006803019981640519
Q76EJ3,7,337,M,test,7,0.004040856900245347,0.002347821867133879,0.002691791196382579,0.0034834365830848277,0.005301242300186319,0.008234813920599224,0.003855812648226771,0.9620948563799033,0.004826835887496472,0.0031225323167412716
Q76LX8,2,1427,S,test,2,0.0007908210784060525,0.0009576456980634599,0.9942961829150906,0.000535096243064888,0.0005585898457069668,0.0007816076783406405,0.0005629709037309319,0.00042495276212559444,0.0005673863042765419,0.0005247465711943339
Q76MX4,0,189,U,test,0,0.9941642187458136,0.0013536596186186315,0.0004215897272586089,0.0011381924258132329,0.0005371192507018192,0.0005350252299953287,0.0005563382571471009,0.00038386184786684134,0.00037496966678948014,0.0005350252299953287
Q76PC7,3,233,U,test,3,0.001776285446986577,0.0023076809534382076,0.0013460583397476929,0.9871646585670939,0.0014497619152255348,0.0010606684125064438,0.0011925416996949327,0.0008390578949070878,0.0015432635511885041,0.0013200232192110732
Q7K1V5,5,197,M,test,5,0.015079338812741087,0.002944752246802662,0.004284588821578525,0.0028319406723724713,0.01738165400714942,0.7610599756553106,0.0031102780784191962,0.17520595420887758,0.01499123941832929,0.0031102780784191962
Q7K556,1,475,S,test,1,0.002363625271818158,0.98863904251279,0.0011132312107853118,0.0020515486464087523,0.000718756059566206,0.0009978939034452205,0.0010664101359936296,0.000922901137780907,0.000922901137780907,0.0012036899836308697
Q7KRI2,0,127,U,test,0,0.9931389894664951,0.00173290019244768,0.00036590579139863583,0.0015059374584006028,0.0005870043072143179,0.0006446981120894099,0.0005870043072143179,0.00045183336830237217,0.0004277872301093574,0.0005579397663281193
Q7KRW1,5,809,M,test,5,0.0018571160178912384,0.0012964759240932022,0.0012964759240932022,0.0012664429846032186,0.0073737837979074156,0.9771593868244404,0.00116215348842828,0.002717967228628633,0.004383780752641089,0.0014864170572733448
Q7KTX8,0,2618,U,test,0,0.9010495578857385,0.07057565756576498,0.0008216508502172796,0.015442972041868074,0.0017124674148725075,0.002704633930042987,0.0018955286344094137,0.002652321311451292,0.0019864969582084305,0.0011587134074265701
Q7L0Y3,3,403,S,test,3,0.0025267335070120983,0.0036513296036473795,0.001452398788594917,0.9851045095599186,0.0013070173720030815,0.0009340832006118196,0.0011670350645991382,0.0009340832006118196,0.0014243068432779147,0.0014985028597232577
Q7L266,1,308,S,test,1,0.00281658955494777,0.9878315725278384,0.0011166754675449616,0.0023364604429808845,0.0009149710957871885,0.0011886948692645882,0.0010127807383715803,0.0008868204180473532,0.0009440154938806396,0.0009514193913366263
Q7L513,1,359,S,test,4,0.0012749889353440163,0.0006771415665729623,0.003432098871088341,0.0019517350390846156,0.9837532840442281,0.0034388088171383086,0.001580563426798398,0.0013361770588693807,0.0012950672015084204,0.0012601350393674116
Q7L5A8,5,372,M,test,5,0.0011420836888905196,0.0010813030153806777,0.0010728882829287077,0.0016359591701372229,0.003897726376928552,0.98305674272569,0.0012397201734215939,0.0013562578499631524,0.004128898106633033,0.0013884206100265215
Q7M6Y5,1,601,S,test,1,0.0020165931405119832,0.9890273288594248,0.0007594559507866878,0.0020284437554169807,0.0008605762852490849,0.0010259594533283218,0.0008147772721731045,0.0013276900600226718,0.0012718493516426733,0.0008673258714437232
Q7PLI2,0,2077,U,test,0,0.9937141464233374,0.0018812159331440701,0.00029189451391133423,0.0011015982675884762,0.00043818551624722244,0.0005715016220512414,0.0005517588618154194,0.0005122908036440154,0.0004485768072509408,0.0004888312510098121
Q7RTR2,1,1065,S,test,1,0.0021108013252152864,0.9878246311429314,0.0011123141385326737,0.002509087972509969,0.0010207168104194996,0.0013417069380215474,0.0010697021695201642,0.0008662710946347297,0.0010367907407358996,0.001107977667478848
Q7SIB8,6,102,M,test,2,0.0007935991054526926,0.0010942971057657021,0.9938990472714166,0.0005369760068296352,0.00047759638931648145,0.0008029538338211143,0.0007339591832643503,0.00041819735954725095,0.0006604917975675671,0.0005828819470185602
Q7T0L4,0,329,U,test,0,0.9950319436358789,0.0010201629447569973,0.0003364140365069182,0.0008557141190977483,0.0004971877173613452,0.00048757122863885965,0.00047814077162121685,0.00040579277385261825,0.0003995015436465288,0.00048757122863885965
Q7T0P4,1,441,S,test,1,0.002335351469653686,0.9883274620087344,0.0005910463042752129,0.0026106851196044147,0.0009444893979372345,0.0012960165281969407,0.0008270224943202454,0.0010786405965432636,0.0011939463660856032,0.0007953397146489419
Q7T3L1,2,294,S,test,2,0.0016182830766674017,0.0019330521739442954,0.9896797977159204,0.0010186468555433707,0.0006865638898018877,0.0013416039079360046,0.0011144031128428383,0.0005142125219650446,0.0012049571187381903,0.0008884796266405343
Q7TMA4,4,361,M,test,4,0.0013497956966647537,0.0006921064772445285,0.000892160440878933,0.0014795679276088502,0.9899055145672425,0.0016897196978304485,0.0008348397495536537,0.0010070089263825009,0.0011103116897652576,0.0010389748268286021
Q7TN78,3,580,S,test,3,0.005377238140670139,0.01519911919683382,0.010164422895453083,0.8495228870780712,0.012332685268795704,0.028842857053796096,0.021996125537909333,0.0050121368746978475,0.005998743221166091,0.04555378473260666
Q7TSP2,1,1385,S,test,1,0.0030533135852520922,0.987029806019609,0.0013458744943481123,0.002159119048680521,0.0014781540913436605,0.001011958771650584,0.0007346033209305559,0.0011422288072085753,0.0012254327066643135,0.0008195091543126275
Q7X8R0,0,464,U,test,0,0.9948741474841827,0.0009638333267887213,0.00041534997705311037,0.0008827374266724246,0.0005396065944192564,0.0004855933792819761,0.0005230046059055,0.0003608623403907568,0.0003871487445939924,0.0005677161207115439
Q7XA78,6,264,U,test,1,0.02048632218745908,0.6601147937544974,0.043496793157049345,0.05734320605775256,0.0183638230468312,0.13945280619389888,0.020247650278281175,0.006371206414197663,0.008776707023491037,0.025346691886541595
Q7Y1W1,6,527,M,test,1,0.020816948978785214,0.9276388371711587,0.005202029078993739,0.015992113437938764,0.0020936155933451617,0.003398273418333661,0.008927065386503353,0.002299386881069585,0.003192382222834372,0.010439347831037492
Q7YR83,2,223,S,test,2,0.0008289832464748733,0.0008519634559451309,0.9945480039037429,0.0005331451437937361,0.0005543831980058615,0.0005719811780040692,0.0005653174486936286,0.00037219528917051113,0.000606497097910917,0.0005675300382583503
Q7YRU6,4,1106,M,test,4,0.0021109900472967382,0.0009294564590799992,0.0013107436554729596,0.0018126926582527,0.9879129763616071,0.001686318584718857,0.0009778742910696143,0.0010288143774818319,0.001147725413802078,0.0010824081512181161
Q7Z2G1,0,175,M,test,0,0.9951503596277734,0.0008246392015271576,0.0003995490731447538,0.0007206692625698882,0.0005313881990885208,0.0005150391227838594,0.0005090387280177097,0.00038424261243339585,0.00042531780764173873,0.0005397563650194984
Q7Z410,4,1059,M,test,4,0.0026337186700900886,0.0022704074197218626,0.06380916135764023,0.004978434452471458,0.8405208852961591,0.03870221820178561,0.004079183403080796,0.004959025690780174,0.03415458142475126,0.003892384083519478
Q7Z443,4,1732,M,test,4,0.001419826259615841,0.0006035452008309194,0.0010843743263072223,0.0017566789021573165,0.9858489604087443,0.003180934299362359,0.0012432413192911577,0.001370777687738832,0.0022866708611555793,0.001204990734796496
Q7Z589,0,1322,U,test,0,0.9946950468204078,0.0013382358096157784,0.00031840257340881714,0.0008083192445615915,0.0004490195935422009,0.0005148034709853349,0.0005249570981211971,0.00045609060141226025,0.0004152751891433647,0.0004798495988017126
Q7Z7A1,1,2325,S,test,1,0.0024507962198431826,0.9887216920100974,0.0009302173515917297,0.0023546068995634003,0.0009448661238298213,0.0009902112287921315,0.000827352427757614,0.0009748594244513488,0.0010097412952951414,0.0007956570187781717
Q7Z7J5,0,298,U,test,0,0.9950244598674142,0.001056658069203177,0.0003581081677025318,0.0008440882153378901,0.0004952456602300369,0.0004762730754177376,0.0004971839754880611,0.00036091686218137385,0.0003994985326271885,0.00048756757439781236
Q7Z7L1,0,901,U,test,0,0.989664350499383,0.003725997293090831,0.0004004628952217027,0.0026421279360068495,0.00056474317801265,0.0006919378722205701,0.0007195014723778674,0.0005182375226278254,0.0004945056749444632,0.0005781356561143293
Q7ZVT3,1,627,S,test,0,0.6905702800177876,0.24241297314008545,0.0013331143145375122,0.03717523412496471,0.003512288065117464,0.007095017636894909,0.0034042264856032883,0.007039803252688398,0.005293204809829167,0.0021638581524914308
Q7ZZH7,0,661,U,test,0,0.9939822218726226,0.0015607654986656055,0.00029657110733914146,0.0011536493740455793,0.0004557637576612841,0.0005328418157695168,0.0005497560301368722,0.0005124289718535136,0.00045933837730868673,0.0004966631945971758
Q804Q5,0,430,U,test,0,0.994928367597344,0.0011241489458925196,0.00037820109115020007,0.0009269599810794529,0.0005010350161759138,0.00046884385499508887,0.0004894285845146001,0.0003285867783015872,0.00037820109115020007,0.00047622705939635965
Q80TD3,1,1108,S,test,1,0.0021323816553306626,0.9882259395471961,0.0015570395893027777,0.0021240684376780555,0.0011127661505225994,0.000997477037162621,0.0008666230797559926,0.001045347014739321,0.0009011454593777886,0.00103721202893416
Q80TT8,1,1865,S,test,1,0.016936509042182787,0.9615379630681993,0.0007859665832090245,0.011459815385942384,0.00122687652059959,0.0024021077116614504,0.00125597115442372,0.0017033493017575049,0.0016900937874719877,0.001001347444552316
Q80US8,0,206,U,test,0,0.953566827077655,0.02924868027427548,0.0007554697738490662,0.008645893264596772,0.0015260910005348244,0.0018771240275234629,0.0011885208222845586,0.0011340944521058625,0.0010407035278065424,0.001016595779368329
Q80WM7,2,277,S,test,2,0.0005947432471792568,0.0008687332626994872,0.9945094387819734,0.0004560055021904675,0.0004760265494328691,0.0007756915255756419,0.0005719589660784845,0.0004317373042046183,0.0007547684924917061,0.0005608963681740616
Q80WW9,5,315,U,test,1,0.003239306701953946,0.9864467628183318,0.0006134214498186705,0.0028419772405390547,0.0009280770549793366,0.0014715214859351514,0.001043465014465795,0.0011550103369136588,0.001360934843686416,0.0008995230533762292
Q80Z64,0,305,U,test,0,0.9950777682929739,0.0009490846796053005,0.00039332597314487033,0.0006876173117080399,0.0005525159866474588,0.000505040594181621,0.0005109937829352744,0.00039332597314487033,0.00042528681147703637,0.000505040594181621
Q80Z96,4,526,M,test,4,0.0013383138199170846,0.0005801161258219891,0.0008374955051752514,0.0016301566752582651,0.9853264244812411,0.0032994447317354738,0.0008440639487719677,0.0013175651167890285,0.003716918464125278,0.001109501131164626
Q80ZA5,4,1117,M,test,4,0.002288489154961107,0.0007831948522079329,0.0007300179625909335,0.0030258400605243075,0.9808688241405273,0.0038231530063755816,0.0015394227933931107,0.0022662491717032325,0.0030615076199386406,0.001613301237777863
Q810U5,1,305,S,test,1,0.002790653334696707,0.9819662785645146,0.0036043272025767063,0.003249884725239659,0.0016534074193724263,0.001553232510572556,0.0013760877567628594,0.001167870476081821,0.0010971127848569966,0.0015411452253256963
Q84JH7,6,225,U,test,6,0.038564133347608276,0.06253466586255906,0.11890195734039251,0.06579226822780838,0.014035368890477625,0.07368384102654514,0.5025551779436878,0.009061914623905416,0.0057601042398782235,0.10911056849713764
Q84K00,0,567,M,test,0,0.9946031685610065,0.0010197233206551812,0.0004317780275852016,0.001058275537803507,0.0006112877600225045,0.00048168318414523915,0.0005249086327880071,0.00033890644649198334,0.000369319282105934,0.0005609492473959778
Q84L08,7,341,M,test,7,0.003695742586458605,0.003051933005599806,0.0026933218808654503,0.0038731048277920134,0.006262160586318375,0.034118429994073045,0.004320760871086234,0.9293870051903393,0.008828906644566282,0.003768634412900838
Q84LG2,0,389,U,test,0,0.9947996750253443,0.0011450537044069545,0.00039630002587304767,0.0007804776667850338,0.0005088593746247461,0.0004970716836943775,0.0005270671373480345,0.000415318883199934,0.000415318883199934,0.0005148576155236779
Q84LH8,0,444,U,test,0,0.9948422239194064,0.0012762073798758015,0.0003580425664857376,0.0007805110014087464,0.00048179895028073417,0.0004724801075641896,0.0005108728035771727,0.0003994253609139111,0.0003871363268020613,0.0004913015836852544
Q84LM2,8,497,U,test,2,0.01678163191185865,0.05972891320386082,0.5985462089021799,0.08006069835295197,0.010877442581645259,0.10815509443966935,0.032921075928233345,0.004864694100829241,0.07639444644318946,0.011669794135581963
Q84M97,4,742,M,test,8,0.011222417962797781,0.00582211443833116,0.00840520337153893,0.01620145400014619,0.19892215118631923,0.23256353572641308,0.00795788632519506,0.08227777099999983,0.42774980172339416,0.008877664265864577
Q84MM9,0,441,U,test,1,0.009439229610853521,0.9741771086366827,0.0010145099150276975,0.006838775705386934,0.0015713036015600416,0.001978570093060028,0.0011317674857368742,0.001262577893536522,0.0015229598174496802,0.0010631972407059776
Q84N48,6,611,S,test,1,0.05730904837331565,0.91058156027666,0.0011801550875199906,0.017546677847853423,0.001703753073049317,0.003482245022990012,0.0021706374662539074,0.002274808933403861,0.0021876622774450703,0.0015634516415086815
Q84N49,6,674,S,test,0,0.993844006428945,0.0016914796575385025,0.0003256743572666055,0.0012350981966540628,0.00043824279006253187,0.0005327677215596678,0.0005518309046358094,0.00043824279006253187,0.00043824279006253187,0.0005044143632128125
Q84P17,9,727,U,test,1,0.0030855681287079674,0.9694566143200419,0.004201029174503395,0.005546468907556913,0.0019009634872434982,0.006892588040387722,0.0026495557546359107,0.0012369803572633718,0.001871491553312967,0.003158740276346365
Q84TH4,0,382,U,test,0,0.9945696204404684,0.000912259817586595,0.000493089329524991,0.0008824672152548425,0.0006233233274009973,0.0005147385635092222,0.0005832751752859578,0.00042506963089181414,0.00045248424649867733,0.0005436722535785623
Q84VQ4,6,218,M,test,6,0.00225535689414898,0.002198812568925842,0.0016308306474827844,0.0024721916315722198,0.000797914140760335,0.0014848881924982788,0.983810417434535,0.0011564321035118714,0.0012651405105611436,0.0029280158760034833
Q84WL6,1,338,S,test,1,0.0034753278993917367,0.9864635379617908,0.0014658095791675045,0.0029236633343508347,0.0007694159564321677,0.0008855922906073959,0.001173219076363619,0.0009427081568182787,0.0009726328932664505,0.0009280928518112373
Q84ZT9,1,202,S,test,1,0.005017681736916702,0.9827076599398888,0.0014948568062074956,0.004462817520313894,0.0008287694650190158,0.0011506323477467786,0.001382516618558715,0.0008891397648551204,0.0009765289511326049,0.001089396849360831
Q868T3,4,495,M,test,4,0.0013158970153274933,0.0006655628848148252,0.0009026372223084495,0.0014823952606355946,0.9898618714947258,0.0016732250073248683,0.0009026372223084495,0.0010109057444980859,0.0011499895777928983,0.0010348785702634607
Q86B79,1,599,S,test,1,0.0024988807846709335,0.9886215556474353,0.0008018162518691632,0.0024243642667788013,0.0007532366026151261,0.001074755123381519,0.0009747606460604849,0.000908576787850344,0.0009596482489177176,0.0009824056404206336
Q86DA5,1,1000,S,test,4,0.007558633414963957,0.007844398565125681,0.002434832458585752,0.0029600031519308027,0.9670526182663777,0.004932927330033048,0.0013237953839959613,0.0023599203647131023,0.0014091727494202676,0.002123698314853746
Q86IV5,2,258,S,test,2,0.0006307884087277265,0.0009712764603785813,0.994754942112694,0.0005188723609063161,0.0004874354790886567,0.0006407218956245642,0.000537438393437192,0.0003931983499137509,0.0005544985355246724,0.000510828003704519
Q86JM7,8,378,M,test,4,0.023631309012012425,0.002677378588177682,0.0033845234049096266,0.01079809150741763,0.8544543591623533,0.03040252300936391,0.002872407770950365,0.023493249759851734,0.04423541373802789,0.004050744046935385
Q86LE4,2,74,S,test,2,0.0010153309818499614,0.0008126606441277516,0.9941950125016573,0.00048526188681904877,0.0005922372614284217,0.0006158294077248413,0.0006110368801155652,0.0004282420714506921,0.0006658702411863906,0.0005785181236399584
Q86LE5,2,110,S,test,2,0.000576576314874942,0.0009524720630832612,0.9947359820691805,0.0004836330317358812,0.0005088267908203645,0.0006873811129248062,0.0005332458932758464,0.00041206051595362077,0.000576576314874942,0.0005332458932758464
Q86QI5,2,74,S,test,2,0.0009501145499473885,0.0008270875387602325,0.9942137402809191,0.00047034079561443477,0.0006039294993544405,0.0006428795623397355,0.0006015749995169507,0.0004282501383465251,0.0006790161580902945,0.0005830664771108693
Q86QW7,1,781,S,test,1,0.0023866649746266174,0.9885745656653345,0.0010539174558438981,0.0021773315992744155,0.0006804602461802812,0.0009521350159772459,0.000982359052905204,0.0010254898819569084,0.0010539174558438981,0.0011131586520569592
Q86T26,4,416,M,test,4,0.0011573705653285683,0.0005056177920026262,0.0014948264341727773,0.0012034749883649963,0.9884624535257677,0.003055226821567417,0.0008978470667630937,0.0010374602292846228,0.0012034749883649963,0.0009822475883831951
Q86UN3,4,420,M,test,4,0.0014404221553141184,0.0009013932356818732,0.007315067973037365,0.002204978212340051,0.9731724745687815,0.007090006438689419,0.0022484672481175205,0.0019535022762236566,0.0021040046918141962,0.0015696832000002216
Q86UU0,0,1499,U,test,0,0.9931614218879384,0.002353659555480993,0.00032545069690223944,0.0011248955066312947,0.00046255872328259035,0.0005689569412945951,0.0005779167299612274,0.0005344855502194114,0.00042446777619062267,0.000466186632098564
Q86V15,0,1759,U,test,0,0.994742655014987,0.001207873136849456,0.0003469920855975851,0.0009177803507886338,0.0005029020947787175,0.0004874294795145026,0.0005168431209295758,0.00038109618774949215,0.0003993853844792331,0.0004970431443257382
Q86VD7,3,318,M,test,3,0.0029559578780830697,0.003002507706522819,0.0025481950713920815,0.9619659337985201,0.0033495394365841502,0.0028650128358806153,0.013668211478203098,0.0012274225607910969,0.0020079292828287004,0.006409289951194215
Q86VD9,5,579,M,test,5,0.0011627307345789966,0.00110085121825912,0.0011672814094901398,0.0010261061791167802,0.0038348510700680037,0.985312398118986,0.0010181210193954925,0.0013382948180452672,0.0027166623508325027,0.0013227030812276864
Q86VV8,1,2226,S,test,1,0.012042212709118118,0.9603755653672971,0.0006508014930384751,0.010300249345968142,0.0023805330406468646,0.0044387428027773635,0.0013994430749103724,0.003370228775845582,0.004002245435161001,0.0010399779552370556
Q86VW1,4,577,M,test,4,0.0021833726015533374,0.0006080795442335,0.000705384602022956,0.0024572305925841843,0.9855259430268873,0.0033684897742448545,0.0009057318398465104,0.0013973558293509914,0.0015958305847471857,0.0012525816045291047
Q86WI3,1,1866,S,test,0,0.9925447334168007,0.002412686324706924,0.0003462253658634943,0.0016217794218483298,0.000473233939546137,0.0005663868393555536,0.0006196291001741249,0.0004806862669914621,0.0004308843993605786,0.0005037549253526681
Q86WV5,0,123,U,test,0,0.9942269148810439,0.0013332046998998993,0.0003522736438457065,0.0012116760554776688,0.00045945144993819384,0.000530895132788047,0.0005563733270645135,0.0004183353002985504,0.00040230912890125306,0.0005085663807423552
Q86X83,1,199,S,test,0,0.9920755352289584,0.0020247848718700644,0.00041743007981901765,0.0018553269884204625,0.0006909195275680016,0.0006909195275680016,0.0006644506972596128,0.00044089402666570024,0.0004804590580246324,0.0006592799938460457
Q86Y13,1,1208,S,test,1,0.029116895732825446,0.9418830496479564,0.0009001050704823774,0.016397025820799254,0.001604610742457335,0.003068898177983121,0.001604610742457335,0.002210444356944009,0.0020765204004034006,0.0011378393076912758
Q86Y34,4,549,M,test,4,0.0014331532250256415,0.000679623247762338,0.0016820838640047694,0.0015435668665373474,0.9873585866571182,0.0026036129594951573,0.0012647532306553232,0.0010860347646847344,0.001169705479632283,0.0011788797050842027
Q86YI8,0,300,S,test,0,0.9950050535980769,0.0011051857110346273,0.0003470835863340002,0.0007760781074185552,0.0004971742672229208,0.0005030347897453499,0.0004971742672229208,0.000396381842184936,0.00040578179830609915,0.00046705203245372496
Q86Z20,1,511,S,test,1,0.0016038919674464377,0.9866428917801758,0.0008997018438785578,0.00220945462940184,0.0015364344151628131,0.0012589091537621425,0.0008857532519738348,0.0019158616099250805,0.00204341146681118,0.0010036898814622978
Q8AY79,2,258,S,test,2,0.0005186171000341922,0.0009520216775707255,0.9942656087058596,0.00048529635761736164,0.000474054421108635,0.0008821974560691345,0.0005763036273397765,0.0004667049472721923,0.0008271306809392214,0.0005520650261891931
Q8AY80,2,258,S,test,2,0.0005413892872349646,0.0009173439419027915,0.9942696112857021,0.0004777744470202164,0.0004929406004367202,0.0008873853282983423,0.0005585749265888856,0.0004523477369270574,0.0008484044679462645,0.0005542279779426646
Q8BG17,0,217,U,test,0,0.9949010419476807,0.000909006023501099,0.00042521128401728955,0.0008357816518196245,0.0005633133681076088,0.0004913306823736687,0.0005567505700946414,0.00036370242763425026,0.00041212887808009783,0.0005417331666910194
Q8BG60,1,397,S,test,4,0.05539749417220218,0.24634226675989082,0.020539437331012676,0.031075177124988095,0.5297190764058748,0.047697367238518,0.009932223183119503,0.03212428969654138,0.009257850616560715,0.017914817471291842
Q8BGC9,2,288,S,test,2,0.0009180957479167325,0.0016287105233428333,0.9912050270626767,0.0009252965011634387,0.0005881542399506082,0.0015602089546740353,0.0009252965011634387,0.0005700585842930173,0.0009697024849609813,0.0007094493998582125
Q8BGV8,3,463,M,test,3,0.006626457951230474,0.009199926690710222,0.003391080092789089,0.9625500504469211,0.0017592692864451499,0.0014471353593383351,0.00739957024596812,0.0011997175249718012,0.0019779994749401196,0.004448792926685558
Q8BH00,1,487,S,test,1,0.0307192758310003,0.629182622674496,0.03868140938845107,0.057729309997052475,0.08906294951447212,0.030599513338517098,0.0563498611073972,0.017709640390210443,0.022212864334593765,0.027752553423809556
Q8BHD1,1,476,S,test,1,0.002251877339479683,0.9890304916889533,0.0007535481923127702,0.002148756419610777,0.0010179785980095595,0.0010836325289467529,0.0007774683383586854,0.0010921316619323064,0.001054403553446488,0.0007897116789496447
Q8BHP7,2,681,S,test,2,0.004160748914492465,0.009105677890887716,0.9055183969274937,0.006545776888532017,0.005300931657563755,0.029566222206889342,0.005198402363846627,0.002426943307179315,0.029914739849147824,0.0022621599939672467
Q8BJ05,0,735,U,test,0,0.9948297140666215,0.0010689042971774693,0.0003811295317995526,0.0009675625476596033,0.0005128658957516621,0.0004706321923363413,0.0005049146710650728,0.00034702243275311253,0.00039631198151122965,0.000520942383324508
Q8BJM5,7,460,M,test,4,0.006868869477524058,0.0012136121417249523,0.0014869486795374529,0.006612181611169554,0.929109029567403,0.017488960038259477,0.001850537591865687,0.009848815311011923,0.022632397532113473,0.0028886480493904012
Q8BL65,1,612,S,test,1,0.002358965581140539,0.9891019702217971,0.000789768743104241,0.0021321885560811353,0.0009090182426540292,0.0010837108249179364,0.0009090182426540292,0.0009601145522931067,0.0008741943487160698,0.0008810506866418328
Q8BMB0,0,1264,U,test,0,0.9947148872724635,0.001313660530053664,0.0003234231266428274,0.0008194627754913043,0.0004490285473659014,0.0005168286623590692,0.0005249675492886542,0.00044206699779716934,0.0004120517781519527,0.00048362276038602374
Q8BND3,1,1181,S,test,1,0.003348372307804305,0.9849159921289439,0.0004921330925753893,0.0032876195812215937,0.0012085620498074583,0.001751592090601057,0.000850329672337489,0.0014923751253602842,0.001919993938059223,0.0007330300132893175
Q8BPC6,3,396,U,test,3,0.0023564876882880524,0.003099813920942873,0.0016132743784904346,0.9846915169370601,0.001412630251844619,0.0011262470593534656,0.0014292819495000204,0.0009939093869531354,0.0013907295039743473,0.0018861089235929337
Q8BPQ7,7,1093,U,test,1,0.003169819508406917,0.986971804463574,0.0012016601503277969,0.002076282417507829,0.0014551518383405949,0.0012642578335921258,0.0009431938609454693,0.001060461285778525,0.0009431938609454693,0.0009141747805812099
Q8BSF4,3,406,U,test,3,0.0016296696392664191,0.0017933409741283607,0.0014438073312095523,0.9869578313239933,0.0014780461265834987,0.0010040102496854755,0.002048059921237448,0.0007519689715100018,0.001449458131176406,0.0014438073312095523
Q8BT20,2,105,S,test,2,0.0007576525196190096,0.0008754658254640117,0.9944173994503077,0.0004891772264370294,0.0006305743577584489,0.0006556935268452577,0.000547852474782698,0.0004316973598275252,0.00063800736031218,0.0005564798986461016
Q8BTE6,2,63,S,test,2,0.000840236630198099,0.0008064710078123773,0.9943608221709276,0.0004704103431849098,0.0005900267611685899,0.0006505539366057561,0.0006183427497390853,0.00043847066594110407,0.0006505539366057561,0.0005741117978166958
Q8BZQ2,2,495,S,test,2,0.0006507219534807038,0.0008807878880245113,0.9946176744109203,0.0004723734629910157,0.0006065395486897125,0.0007316263460144149,0.0004950431330707854,0.00043517082552975173,0.0005810292285870061,0.0005290332026917784
Q8C0D7,0,249,U,test,0,0.9951159354244618,0.0008986098062496473,0.0003842293164270509,0.0007377340082505848,0.0005678540666489154,0.000499175774772141,0.0005070366616387029,0.0003812392178117938,0.00040900994896729667,0.000499175774772141
Q8C0V1,0,768,M,test,0,0.99511783266556,0.0009472709383865443,0.00034174126862761305,0.0007776834920209134,0.0005030918066984655,0.0004933611151279315,0.000491437701085767,0.000402669616827266,0.0004353896580409742,0.0004895217376245671
Q8C1E7,0,343,M,test,5,0.00288494998779504,0.0030234015753679124,0.002486982320242748,0.0024388797388017742,0.006626325647379212,0.9648836319511263,0.0015321853455301587,0.0019068352553550073,0.008731431925446025,0.005485376252955901
Q8C1Q4,2,291,S,test,2,0.07437461916359549,0.13867897458797845,0.45827716837661453,0.10225545750525847,0.02110160761465981,0.11407420849357792,0.01819072182829846,0.006744478427202796,0.05399430593882168,0.012308458063992377
Q8CCG4,0,296,U,test,0,0.9944474026017757,0.001329680551727628,0.000357900458574668,0.0010842603636479788,0.00047414111923546544,0.0005007928401520715,0.000535177624776155,0.0003607075526096161,0.00039926684587438536,0.0005106700416263186
Q8CCH7,0,1151,U,test,0,0.9950489823760688,0.0010152112657426278,0.0003581169737088619,0.0008424619802817209,0.0004971962400134339,0.00047628481680140185,0.0004991422386156116,0.00037238276978493945,0.0004026417616594422,0.00048757957732314955
Q8CCK0,0,372,U,test,0,0.9945555484119423,0.0011645047640406222,0.0004152169589963972,0.000999952159876583,0.0005331491522662371,0.0004632080148894337,0.0005587355539132849,0.0003551538952530014,0.00037805936825129906,0.0005764717205709208
Q8CD91,2,447,S,test,2,0.0007969422413325882,0.000948242456041374,0.9941947659234511,0.0005807822221880427,0.0006353776881081812,0.0006896960273657766,0.0005563553200534225,0.00041183629757027957,0.0006230883633579001,0.0005629134605313515
Q8CFH6,1,931,S,test,1,0.0025070325387684085,0.9879798398089726,0.0009741279172863538,0.0018961071217988258,0.0015265435132230949,0.0013953737042006423,0.0008267316156873619,0.0010129326974719856,0.0009590253565141413,0.0009222857260765915
Q8CFI0,1,1004,S,test,0,0.4920679633286647,0.025825213365688996,0.01180057300146466,0.028183974195404256,0.3772815995855123,0.014859165047020551,0.008599825732026714,0.018492532168056,0.011846759153423928,0.011042394422737911
Q8CFP6,0,273,U,test,1,0.002448413054535021,0.9858330484761973,0.0009347739975428765,0.003744337706450255,0.000972011242653705,0.001487940898576772,0.0011909330492405222,0.0009202816869643464,0.0013923416840637773,0.0010759182037753338
Q8CFZ5,4,553,M,test,4,0.002179612934440796,0.0006269136392629584,0.0006518870548251872,0.0025494702433722666,0.9847901748973822,0.003744031411160694,0.000933785134986101,0.0014576180096421024,0.0017547923416066091,0.001311714333321069
Q8CG85,2,686,S,test,2,0.0016420534588281134,0.0023156663577012554,0.9790400329422062,0.0020276655247970185,0.005447551840654874,0.003460984189359424,0.001220270565654837,0.0010275708198728356,0.0025883629976058914,0.0012298413033195858
Q8CIG3,0,826,U,test,0,0.9905088493118543,0.0025331629393899814,0.0004949276580840952,0.0029385205490740896,0.0005741261509727128,0.0006207783019651895,0.000745882258110711,0.0004333731263035683,0.00046858808523034105,0.0006817916190150212
Q8CIV2,5,574,M,test,5,0.0016044826729922413,0.0013994545661293566,0.001701304133512866,0.0015490550090993488,0.005868953278572268,0.9755072149818259,0.0010814146540255244,0.0015982272119916098,0.00657291580931874,0.003116977682532162
Q8CJ40,1,2009,S,test,1,0.0022407023291095727,0.9889393843087608,0.0007834939701760512,0.002024305821065333,0.0009750740514455459,0.0009827214897347157,0.0007360245205851978,0.0012087682451032574,0.001242276530142683,0.0008672487338768117
Q8CJ78,0,1038,U,test,0,0.9949358764251854,0.0010858529781266185,0.00039946296852675733,0.0008793505895283226,0.0005271392907557918,0.00047437401670219806,0.0005049685746510865,0.00032349498563780555,0.00037234046846935356,0.0004971397024166705
Q8GS71,1,1035,S,test,1,0.007257549417456208,0.9659919575679702,0.004081067346410235,0.004194198829909618,0.008656511471229247,0.00279940118521562,0.0013120528898598117,0.0024512374009618533,0.0016979225508054,0.0015581013401817783
Q8GSA7,0,1032,U,test,0,0.7135311348050833,0.23900299223431917,0.0015246861221625268,0.02832269898393671,0.002893345665263702,0.0045164487264078065,0.0027180467609407605,0.0030322005173009543,0.0026759074378185305,0.0017825387467664557
Q8GSI0,0,179,U,test,0,0.9950854872155983,0.0009546695028141572,0.0003995230452631088,0.0007945464057340442,0.0005011141512970225,0.000481916770931459,0.0005251631690587111,0.0003553431418210673,0.00038723101398620703,0.0005150055834959587
Q8GSP8,5,371,S,test,0,0.3975569598422256,0.02835244493865884,0.010930840836966707,0.16965648500312774,0.12172258622623498,0.20786748787785417,0.011819058075884249,0.016281438961100878,0.021994819823662155,0.013817878414284664
Q8GUK1,3,602,M,test,3,0.002388675852255558,0.0029742071834287015,0.0014744976754158153,0.9845882929870361,0.0018136631107285106,0.0011349613408998475,0.001657822348251782,0.000856713771418261,0.0014403410718572176,0.0016708246587082403
Q8GUK7,5,243,M,test,1,0.03362105846488981,0.9158386154642083,0.0008889983449564603,0.019919818620869462,0.003151772832573084,0.008127316045506821,0.003201406273084513,0.005445775206955233,0.007770300980770367,0.002034937766185963
Q8GVZ6,0,276,U,test,0,0.9949492225895614,0.0011105330039774342,0.0003525295632606661,0.0008523071452518321,0.0005069517044500736,0.0004762370679389002,0.000493277504165539,0.00035529448503315847,0.00040260138793902394,0.0005010455484220009
Q8GW20,6,523,M,test,6,0.001690414005583927,0.0017715387196460012,0.0012199401172517288,0.0021473429714628177,0.0007515832415092462,0.0013823731323351282,0.9864514890444607,0.0011151154559789383,0.001141559545106882,0.0023286437666646094
Q8GWD5,4,178,M,test,4,0.0015690528672469301,0.0006241260913116745,0.001091104891736601,0.0016637364717819497,0.9881007305560596,0.002572445103661443,0.0009405912366802788,0.0011614752736234645,0.0011983443539271242,0.001078393153970942
Q8GWE6,0,413,U,test,1,0.004743605193870911,0.9707670652826385,0.0005715442028268369,0.00729698726232061,0.0021070187781510896,0.004365748585670684,0.0016281779458760155,0.002482674671412887,0.004769151834208869,0.001268026243023658
Q8GXA4,0,489,M,test,1,0.014695293358340258,0.9398594554695575,0.0024414823221884977,0.014104750054705776,0.0025189832669349882,0.008913145087686656,0.004420953643844506,0.004455627251364505,0.00416935590153282,0.004420953643844506
Q8GXN9,0,930,S,test,0,0.992508997388444,0.0022139256993798356,0.00042088780091791933,0.0015690462515606288,0.0005575857636361495,0.0006076225266463773,0.0006647410086597907,0.0004550882376636241,0.0004658803750931065,0.000536224947998585
Q8GXX0,3,191,U,test,1,0.004856897551155809,0.9643124675262909,0.008221618098959112,0.0060622402655876005,0.0020605600932230624,0.0024469758067353986,0.0040186523606221825,0.0017487746270125977,0.0020767213324210817,0.004195092337992317
Q8GYB1,3,285,U,test,1,0.08778018030221531,0.7465486123228264,0.00845697849010606,0.11359598619065508,0.002843819870667949,0.010201063387411016,0.014813498725012945,0.002866124346633244,0.0032732165978787814,0.009620519766593215
Q8GYD2,0,230,U,test,0,0.9946241627751625,0.0010500622081155717,0.000357964092714277,0.0009431098258708173,0.0005720249992487378,0.000502842228076542,0.0005373677516966146,0.00041201418224940414,0.0004284269376167824,0.0005720249992487378
Q8GYJ3,0,289,S,test,0,0.9937075105243576,0.0015197300150366735,0.0004052526333572665,0.001375645909715978,0.0005410832413366437,0.0005453269874095628,0.000585050515859962,0.0003548510546824468,0.0004116344633007394,0.0005539146549431071
Q8GYX9,1,286,S,test,1,0.003874537101740462,0.9858347256284694,0.0011275545301616733,0.003459572097546001,0.0007394683704254453,0.0009720128811364498,0.0012239489843698687,0.0009131215672143131,0.0009347755752559796,0.0009202832636803574
Q8H191,9,497,U,test,2,0.011538258280899967,0.28394861845882685,0.6011191956240268,0.01865542417314028,0.008777843428566016,0.03303032605598276,0.012475830922893658,0.005756650815445337,0.01167426676147828,0.013023585478740036
Q8I948,2,156,S,test,2,0.01971337452403331,0.044500761765474905,0.615665338916474,0.02002381598432731,0.013390942597378726,0.011015089493262752,0.051483341170086364,0.02796368504162922,0.1568854803242197,0.039358170183113717
Q8IN43,2,129,S,test,2,0.0006636290600673999,0.0008895290426431862,0.9947267557444508,0.0004836285265441085,0.0005374231466113531,0.0006714517625415241,0.0005458863662108132,0.000402511374911993,0.000548022936694508,0.0005311620393242982
Q8IN44,2,129,S,test,2,0.0008168382067143604,0.0015961710041789443,0.9915290257452894,0.0009006325615811488,0.0008136536654641854,0.0015186214002440473,0.0006461722324537687,0.0006165818430295732,0.0008329489237171653,0.0007293544173273547
Q8INM3,0,1420,U,test,0,0.9928385601767975,0.002000779376422386,0.00037446967274881683,0.001711357266163867,0.0004960917278857578,0.0005709980606672788,0.0006173961438175285,0.0004210275650318859,0.0004412331030256477,0.0005280869074392806
Q8IRB5,0,1465,U,test,0,0.9944531658993915,0.001470483772997514,0.0003362183456783704,0.0009229051378819681,0.0004489103891953568,0.0005146782670669159,0.0005372753549152713,0.0004184304994964612,0.0004087375557454067,0.0004891947776312331
Q8IS21,1,1529,S,test,1,0.03289923643804448,0.8127964307339878,0.0051851209318644065,0.008062304504662561,0.11086277825408897,0.009994582678476421,0.0030244543022646866,0.008994150433531497,0.004986481478683461,0.0031944602443957667
Q8ISB6,2,482,S,test,2,0.0006083627245315854,0.0010168277490488894,0.9937180062073402,0.0005410889810098309,0.0005389795351716781,0.001003020424866314,0.0005965959283098897,0.00045209679292042873,0.0008973474329241859,0.0006276742238770076
Q8IUH2,2,290,S,test,2,0.000738599971472868,0.001478956882967408,0.9923998626845435,0.0007770755842466991,0.0005531857556792754,0.0011848988839346663,0.0007801169345028733,0.0005575244964782221,0.000870283336230641,0.0006594954699438345
Q8IV08,5,490,M,test,8,0.010155018229624573,0.00668588951949225,0.046956329080904836,0.01782261383535365,0.26292643029542456,0.031803284055842866,0.006135316354190011,0.016483221246617177,0.592513853485797,0.008518043896753154
Q8IVM8,4,553,M,test,4,0.022969649600398493,0.0034985122942882874,0.0038725002630648825,0.041148258943962346,0.5357072670174869,0.05646312943232126,0.005050692540331722,0.030668506349856177,0.29125897818705543,0.009362505371234465
Q8IVP5,3,155,M,test,4,0.01557174461945955,0.010132725961028894,0.018063539067133955,0.19725956888233745,0.49591050961897026,0.07130328340054337,0.0486246108512983,0.00944473937049402,0.02517689498512593,0.10851238324360826
Q8IW35,1,865,S,test,1,0.0020682220561513403,0.9889178378523429,0.0009450535387859871,0.002040138023622833,0.0011355078431149245,0.00117613795500671,0.0009231613462513033,0.0010178625921939699,0.0009088490136069668,0.0008672297789230303
Q8IWC1,1,876,S,test,1,0.0031011883261288075,0.9877772511586691,0.0009970240806666895,0.002818842765524557,0.0007069959822600885,0.000936617569696711,0.001028673097972604,0.0009007362735438902,0.00087987074883733,0.0008527999967002311
Q8IWF2,5,684,S,test,5,0.004784786000925158,0.010677894261644089,0.008546478793629722,0.008698038499650803,0.0041896988330195305,0.9334419689729972,0.007904201512263717,0.002541180392091649,0.010867251693238279,0.00834850104053979
Q8IWT3,1,2517,S,test,1,0.0037644555168722753,0.9863020384314365,0.000689587046125917,0.003616707706631733,0.0007633032666895336,0.001163898525460168,0.0008923919123489378,0.0009724736646331849,0.0010033431669103528,0.0008318007628914009
Q8IWX5,5,399,M,test,5,0.0018595168966178421,0.002463459893716146,0.002225550522460988,0.0028913485870414903,0.0052355558883305535,0.9557575889103195,0.0032891502070161276,0.0050645734507295224,0.01638060572145762,0.004832649922310185
Q8IY17,5,1366,M,test,5,0.011039784167856179,0.01041150650902511,0.016315741449300442,0.010370915745970872,0.03535952788278505,0.5466720456754118,0.013526224518636033,0.010742003088125956,0.008767368263781659,0.33679488269910696
Q8IY21,1,1712,S,test,1,0.0020675661842130843,0.9886042118237133,0.0011989548810135901,0.0022908232759280265,0.0007075878574703191,0.0011263139390909232,0.0009978587242395207,0.000894474885301613,0.0009085608468457752,0.0012036475821838224
Q8IY49,7,270,M,test,7,0.003093807999845795,0.0025448969443338043,0.0023536449616102986,0.002762459488637431,0.014587776001098335,0.00833625078282844,0.0030103575379123765,0.9495281109289803,0.010527722679685781,0.0032549726750674694
Q8IYW5,0,571,U,test,0,0.9941350006636871,0.001575554548617375,0.0003334951307395557,0.001061917323343954,0.00043837107884856847,0.0005308460298437922,0.0005628796277251231,0.0004487667637593645,0.0004086067649225911,0.000504562068512554
Q8IYX3,1,515,S,test,0,0.9800429583485251,0.01006910136341979,0.00040915810221583954,0.004356115697149102,0.0007764456866843955,0.0010612755108860483,0.0009365723464225943,0.0009969759510266253,0.0007467005234933964,0.0006046964701771602
Q8IYY4,1,767,S,test,1,0.0026971678493160523,0.9882941847182475,0.0007129139118475745,0.002583019126861763,0.000866682903473477,0.0011347917133160716,0.0009012076736987812,0.0010172207294378698,0.000959330529585737,0.000833480844215227
Q8IZJ1,4,945,M,test,4,0.001364987500866133,0.0005345367278428004,0.000802434782312535,0.0016756872249453273,0.9893842287699676,0.0018349985844279405,0.0009057327868271921,0.0012235669665191435,0.0012673479801363428,0.001006478676154964
Q8IZS7,4,167,M,test,4,0.0017218183792031942,0.0005633768077917609,0.0015555331978274786,0.00136740140331747,0.987269881226733,0.0033124159842472076,0.0009073345085284451,0.0010691013789659895,0.0012597092106640833,0.0009734279027213632
Q8IZT9,0,166,U,test,0,0.9942827284342564,0.0014963040683720796,0.0003495518197307734,0.0010193947298101648,0.0004523536799587559,0.0005288550778334072,0.0005456426330027864,0.0003869186062279982,0.00043163888298783013,0.0005066120678198665
Q8IZU0,0,186,U,test,0,0.994747664926572,0.001250335555475994,0.00036937293986885925,0.0008947752348707335,0.00048363870715153665,0.00048743192566299664,0.0005229381319674527,0.00036081647220936744,0.000399387399069567,0.00048363870715153665
Q8J025,4,514,M,test,4,0.0012469361793092555,0.0005598470044899292,0.0009194330691073942,0.0014953049907268003,0.9887788768407425,0.002372053279246518,0.000933912049083152,0.0013170271619290608,0.00130168327438272,0.0010749261509826356
Q8JZL0,0,594,U,test,0,0.9947465939933805,0.0010963002954371766,0.00042514527126449577,0.0010119336386031584,0.0005501788012957586,0.00047428377549013845,0.0005068484326115707,0.00031841907084007465,0.0003751893567845147,0.0004951073642926502
Q8K0T0,5,780,M,test,5,0.003951354971153919,0.003193660799275481,0.0027638831790639117,0.0016121586871805553,0.012830085755985871,0.9612159405230192,0.001841142946688982,0.003307934533906846,0.005491272486533739,0.00379256611719153
Q8K0T4,1,488,S,test,0,0.9915012926296507,0.002605993745112866,0.00038886239300848905,0.002158335585314672,0.0005613884296697133,0.0006486831061142109,0.0006411256556381873,0.0004877427232219546,0.0004581918846337171,0.0005483838476354412
Q8K1M4,0,789,U,test,0,0.9922359583726031,0.0025674925005481518,0.00034611766536111533,0.0017279463098636696,0.0004957906797980363,0.0005933836930586898,0.0005887659623492663,0.0004805367492457137,0.00044442389717648273,0.0005195841699956906
Q8K1S2,4,956,M,test,4,0.0015395745558637501,0.0006392880232236798,0.0008670031574508764,0.0017894293243947658,0.9886593175575247,0.0020040656621497263,0.0009747979306823822,0.0013376054863955148,0.0011307852737820446,0.0010581330285325478
Q8K1S3,4,945,M,test,4,0.0018707234628149228,0.000581791303892374,0.0007412213223518471,0.0018309608803382769,0.9881717061683561,0.0019113496141050991,0.0008871258019535702,0.0016032429763334435,0.0013847838152347422,0.0010170946546196097
Q8K1T0,5,453,M,test,4,0.0012669606955625719,0.0005139018996906068,0.0013020821520512433,0.0011995343350123381,0.9890819055311941,0.0025920296360528823,0.0008505971449646471,0.0011050627148849917,0.0011050627148849917,0.0009828631757016302
Q8K203,0,606,U,test,0,0.9944122476495398,0.0011274126639722693,0.00041192639214467216,0.0011597977768295117,0.0005309940920731497,0.0004778429595381242,0.0005499938293767362,0.0003721444825373294,0.00041192639214467216,0.0005457137618436722
Q8K3P6,3,469,M,test,3,0.003470100713184385,0.0053536436930137635,0.003622456462221821,0.939874292815439,0.003752073739177637,0.003978490583068111,0.02004720891533476,0.0017312975925101992,0.003272616800266302,0.014897818685784058
Q8K3Q3,0,521,U,test,0,0.9948846997780653,0.0012438092755790104,0.00034976347123607285,0.0008456196774513806,0.00045617758507723855,0.00045975543547848444,0.0005010130267779312,0.00039018933324364913,0.00038715287231288315,0.00048181954477811956
Q8K3W2,0,274,U,test,1,0.0037366533008142506,0.984770936688164,0.0008112708316105321,0.004578242930865386,0.0009121362661248809,0.0015097441822939856,0.0009709640122364888,0.0008502044801332216,0.0010096428276240898,0.0008502044801332216
Q8K4G5,1,861,S,test,1,0.002414246607694061,0.9888315414919828,0.0008877181291016251,0.002131605799831296,0.0009523825344097743,0.001087654987618307,0.0009376172295767819,0.0009158973314749197,0.0008739553930419151,0.0009673804952684758
Q8K4I4,2,270,S,test,2,0.0009065852944580806,0.0009048163636698458,0.9941914526291037,0.0005045907378691204,0.0004852601485969773,0.0005585310197169973,0.000635375608332064,0.000402294762595552,0.0008000586991422256,0.0006110347365153963
Q8K4S7,1,938,S,test,1,0.061700769481793774,0.8320219800299247,0.015569957135638713,0.019933737500355837,0.029202359333656138,0.007844372727207186,0.003480919023847435,0.012055052059278959,0.01076395040184894,0.007426902306448393
Q8K4Z6,4,928,M,test,4,0.001263352097016569,0.0005784047519839586,0.0009425181388456455,0.0014885926712726472,0.990124957898425,0.001721746110551999,0.0008317694024458091,0.001019105093619243,0.0010721931524459239,0.0009573606833931704
Q8K596,4,921,M,test,4,0.01831140869987393,0.009649432890041994,0.010934240769814526,0.18349944964146123,0.37067906874875695,0.019115372886953245,0.014656266664794583,0.009574341284551096,0.34822078436659026,0.0153596340471622
Q8L5W8,0,416,U,test,0,0.9914069671138935,0.0033458435717275544,0.00038579952269844305,0.0015936381747095364,0.0005613350357107195,0.0006460926701937894,0.0006117081808130881,0.0005111013561708686,0.0004303904639958761,0.0005071239100865715
Q8L607,3,386,U,test,1,0.0064036346389984445,0.9748235114513463,0.0008751424986806317,0.009408668392575382,0.00086833208609938,0.002107574321814162,0.0015723462776296895,0.001186869311968974,0.0013984737121627941,0.0013554473087243034
Q8L735,6,882,U,test,0,0.9934767187299862,0.0016173685921455547,0.0004020055469379216,0.0015166901740810413,0.0005161853196687133,0.000520233895437606,0.000580362760214913,0.0003689010156398508,0.0004279326659759519,0.0005736012999122655
Q8L748,0,1101,U,test,0,0.9945286565131307,0.0013478477913330337,0.00030615350770967387,0.001005801200869934,0.00045246558586141606,0.0005087207259241026,0.0005008337629241585,0.0004217442826014589,0.0004385447006454807,0.0004892319289999918
Q8L7F7,0,739,U,test,0,0.993730078989929,0.001450556870604117,0.00040526186001583954,0.0013753411722091827,0.0004850349558285656,0.0005626503811981448,0.0006012823358699832,0.00041812624643919707,0.00043478248320754124,0.0005368847046984371
Q8L7M0,5,465,M,test,5,0.010570876283106363,0.00415176059374066,0.0019535068390717386,0.006330678229146929,0.008539682240277116,0.9432332500343601,0.003388567822119227,0.013245907590556575,0.005414915727939361,0.0031708546396819917
Q8L7W8,2,843,S,test,2,0.0084667097600195,0.05247625183447388,0.5362387524272724,0.01569480142208381,0.003786547268177035,0.07200726423443006,0.03093970882919328,0.009821555988835188,0.26134191058612055,0.009226497649394342
Q8L856,8,239,M,test,4,0.0015472381374784093,0.0006865827805756542,0.0011679166114566017,0.003359734880133951,0.9743630582682868,0.005692820235708219,0.001323422922455137,0.0023964092389533276,0.007796375780769735,0.0016664411441820923
Q8L9A0,3,270,U,test,3,0.0021438968693471977,0.0027380722216384687,0.0014197998209644549,0.9858306107359852,0.0017669692463785662,0.0011014301458706131,0.0010675428137416204,0.0008713030417311577,0.0016405752833782514,0.0014197998209644549
Q8LB10,6,305,U,test,6,0.002564332463021715,0.0025024849602924065,0.001655657552603016,0.0025718559196543323,0.0008164145449675776,0.0014161589871528593,0.9833026586166564,0.0011423693571344078,0.0011159064080977432,0.0029121611904194744
Q8LBP4,6,462,M,test,6,0.008437434026710969,0.008306623254711138,0.006294708561221462,0.009266707843385978,0.007622586396401021,0.11201308422507021,0.8212299763235222,0.006270167746256159,0.007388063544761862,0.013170648077958981
Q8LCT3,6,236,U,test,6,0.001954461871235409,0.001823538758421991,0.00109528375280523,0.0010867600559562713,0.0007586809060170026,0.0014538520166631234,0.9880180144948709,0.001053324179267709,0.0009590624041872091,0.0017970215605751134
Q8LD38,3,108,M,test,3,0.0038347439242229233,0.003477961702034009,0.00380490155543005,0.9605827777741835,0.007833882112784752,0.007015391609158544,0.003910377560650162,0.0018399301629338132,0.00380490155543005,0.0038951320431721754
Q8LDF9,0,241,U,test,0,0.9949699263640219,0.0009108461946152277,0.00039328331124739946,0.0007347499931922291,0.0005633523719064945,0.0005312918282402315,0.000541770603164115,0.000399476634866965,0.0004219314020223805,0.0005333712967230768
Q8LDL0,6,231,M,test,6,0.007674240912988998,0.006723070930404851,0.0059854653197077366,0.05408224793808644,0.0016981995299249692,0.002630222801092904,0.9076133895653653,0.002214869699860426,0.0026097544265382983,0.008768538876030116
Q8LDV3,6,185,S,test,6,0.0020685599933211603,0.002195529288550599,0.0013342592146059014,0.0011148152970523245,0.0007813125427640384,0.001987373116408271,0.9861859743711415,0.0011412522838916853,0.0011061397949067497,0.002084784097357765
Q8LE52,6,258,S,test,1,0.003353326954169686,0.9820482458770877,0.0014997004348634854,0.0050833396136487335,0.0006654880523697756,0.001739682930749313,0.001940756516775576,0.0009682794648163821,0.0009682794648163821,0.0017329006907029119
Q8LFC0,3,367,U,test,1,0.0024978871334479093,0.9882283985809429,0.0011391574036161696,0.0017234901170286854,0.0008205042922132641,0.0012560163793030733,0.0011041091754753637,0.0010053028393976532,0.0009592666351545887,0.0012658674434203481
Q8LFH6,1,137,S,test,1,0.0035274471207484667,0.9866974853699526,0.0012060278849024008,0.0030234531277321883,0.0005854795271745778,0.0010768617261549894,0.0010116179317085177,0.0009068084744520364,0.0009210886744548393,0.001043730162719337
Q8LFP1,5,241,M,test,5,0.009488765132634407,0.01199492530525676,0.017727350783110874,0.01510389053243419,0.27087870189756397,0.4717072537695854,0.010100739057919497,0.021635323722594746,0.024088853925301034,0.14727419587359913
Q8LFP9,6,220,M,test,6,0.004749109600332217,0.0061458046439679,0.003612932003311264,0.004062128869656261,0.0031023996339414554,0.07815846194821227,0.8806087287974761,0.0034073195106728476,0.0065549648872568955,0.009598150105172771
Q8LG50,5,389,M,test,5,0.0010439567095318514,0.0014437396073468233,0.0017346929239194847,0.0013722551294066676,0.003228198217879498,0.9792313413868133,0.0016945089166261877,0.001861053837431869,0.004860317719848231,0.003529935551196005
Q8LG77,3,374,U,test,3,0.0030818604573720067,0.0045458076733651985,0.0019532191927345123,0.9806629471732948,0.0015694557097101168,0.0013850397414880075,0.001878392424775159,0.001166320366606811,0.0015694557097101168,0.002187501550943228
Q8LGU6,0,744,U,test,1,0.00216435061479137,0.9874908312569449,0.0005998456750463285,0.0025464951300921113,0.0011562328067845989,0.0016497700345399359,0.0008135114718029498,0.0011976046052002713,0.0015990121332682807,0.0007823462715292593
Q8LK61,1,496,S,test,1,0.023793123751108064,0.5970810674022178,0.047041833575970804,0.05346177910812862,0.12321463273173061,0.05538824221263916,0.03303347912815764,0.021328017195046012,0.016162244663246887,0.029495580231754408
Q8LPK4,4,1013,M,test,8,0.04119464455423713,0.19768359116836287,0.008961321013295184,0.11804226994775527,0.04533192595588657,0.046634090026885004,0.01853165249535944,0.15455870603827332,0.34156659849897525,0.027495200300969934
Q8LPQ9,0,901,U,test,0,0.9926030881462052,0.0022888860322878824,0.00037731717871252514,0.0015352791564570037,0.0005576386850904753,0.0005775918048859207,0.0006076801586571373,0.0004695788209326824,0.0004209277246093456,0.0005620122921617903
Q8LPW2,3,148,U,test,1,0.007148232180360652,0.9754321992929494,0.0017483315576696705,0.006754604044780969,0.0009769017163927703,0.001636002415691924,0.002060037999946395,0.0011876104182499884,0.001741515440701283,0.0013145649332568638
Q8MIR0,3,373,U,test,3,0.010268245142193422,0.01163544720409071,0.0017635652758862292,0.9649004574939837,0.0018195468443777984,0.0014060367008044466,0.0020698863585254003,0.0010613322050564958,0.002354668510626736,0.002720814264455133
Q8MLZ3,1,867,S,test,1,0.003169667281245853,0.9863221614583044,0.0011281120589189996,0.001781715674148035,0.0017472541820227978,0.0013821918433492173,0.0010433331933862237,0.0011106224052127378,0.001263425645238218,0.0010515162581735272
Q8MMH0,2,109,S,test,2,0.0007317449047150064,0.0008243313543833017,0.9947788108097505,0.00044905740380915684,0.0005108402410957871,0.0006090121818183865,0.000541666554466543,0.00040568955066534957,0.0006113957274652602,0.0005374512718306962
Q8MQ70,0,846,U,test,0,0.9949654069888101,0.0011341149590912711,0.0003782151739792794,0.0008657431745735691,0.00047810880749358885,0.0004562145772020149,0.0004913624303822874,0.0003553002432163972,0.0003841712148692539,0.0004913624303822874
Q8MU95,2,488,S,test,2,0.0006299897883304957,0.0010570970232967063,0.993495505580682,0.0005452106861080972,0.0005826452522651642,0.0011013559132914657,0.0005964623528980155,0.00047368727167309015,0.0008953959793438098,0.0006226501521111696
Q8MUG0,2,274,S,test,2,0.0006064874978303611,0.0009086691897773112,0.9945323347423579,0.0004723329563990164,0.00045601601046537315,0.0007315635942252316,0.0005787144694597288,0.0004250536970802283,0.0007146170160310738,0.0005742108263737963
Q8MVA6,2,69,S,test,2,0.0007460386156818499,0.0008066601521890149,0.9945939822373769,0.0004454800505080479,0.0005609440628487061,0.0006635404851141325,0.0005832894614403814,0.0004351604718492111,0.0006233385466135663,0.000541565916378096
Q8N0S6,0,344,U,test,1,0.002552441259042975,0.9878653351956399,0.0006000731774189048,0.0025699491932930935,0.0010368334589459008,0.0011657432966326192,0.0007238264562883863,0.0012360893550230295,0.0014851954593907801,0.000764513148324395
Q8N1Q8,3,247,S,test,3,0.05318794491139891,0.14975311120081,0.006579692123201028,0.7256828075508884,0.009099384926574883,0.008188559814811085,0.01863429354944679,0.0058979989114338344,0.008716676534394282,0.01425953047704074
Q8N2A8,3,252,M,test,5,0.07081307807142566,0.02940419642218763,0.022721803895022718,0.17663867120498067,0.03937494196754139,0.5837183871955031,0.015924460079658278,0.010043429687819364,0.041395759313538415,0.009965272162322774
Q8N2F6,5,343,M,test,1,0.005466352606832986,0.9447830784566251,0.0016348979907863702,0.015633137680084515,0.003176064652163571,0.006883176879596658,0.004174858273844219,0.0038460597328747264,0.010510978143335506,0.0038913955838563766
Q8N2Z9,0,138,U,test,0,0.9949802635555747,0.0008556696598879572,0.0003782208322745839,0.0008573424898346473,0.0004894540702195853,0.0005230604374631017,0.0005271627969391736,0.00039328741945789504,0.00043874381858168134,0.0005567949197667336
Q8N3G9,7,435,M,test,4,0.0011665614941552553,0.0005865839736045024,0.001311600315841751,0.0017106494517976339,0.9808657103113119,0.006136268335871449,0.0010788930740002777,0.0016132962082546227,0.004317404673154295,0.001213032162008357
Q8N427,1,588,S,test,1,0.002637279821706104,0.9888739223248225,0.000730248315955021,0.0020440359781646014,0.000765293692114354,0.0010298151378063754,0.0009598932459058272,0.0010298151378063754,0.001062505024637901,0.0008671913210808688
Q8N4C6,1,2090,S,test,1,0.0028302730182544317,0.9881572982639716,0.0009152728226624131,0.001848902014859329,0.0011346345818136832,0.0009667208323670713,0.000752882922506944,0.0012078122117100726,0.0013847636326183286,0.0008014396992361192
Q8N4T0,2,437,S,test,2,0.002369424880781937,0.00732333028292729,0.9337509295490755,0.003627081876768927,0.0016158074309627838,0.013958445821886668,0.004046302505245662,0.001859782964011516,0.029781796066722585,0.0016670986216171678
Q8N4X5,1,818,S,test,1,0.002244139530424503,0.9885239059622538,0.0013426567512545503,0.002158167756471221,0.000997777680598288,0.00088053582347817,0.0008601382316268699,0.0010579880273643455,0.0009446771077563379,0.0009900131287719149
Q8N556,1,730,S,test,1,0.004178655425757853,0.9785229779012551,0.0028916448990955117,0.003684050950254969,0.0031022818976001905,0.0015178490764081332,0.0010763161354027397,0.002165741800484853,0.001318730210098439,0.0015417517036422008
Q8N573,3,874,U,test,1,0.0019893023878396576,0.989073301120861,0.0011180792539501453,0.0019056351646649314,0.0008673661779985626,0.0010794546305953748,0.0009600867876007241,0.0010260071940829294,0.0008539189282349131,0.0011268483541717405
Q8N5M9,5,183,M,test,7,0.040063777288489755,0.004289189017749059,0.007324712572668827,0.005379847879377246,0.023187136979384303,0.054760692435989626,0.006669226770056291,0.8367582216808965,0.01565858769128481,0.005908607684103539
Q8N5Z5,1,321,S,test,1,0.0030410564066160493,0.9864861067688451,0.0008384811627593557,0.0031386196551808085,0.0010435065702185519,0.0016937782843960765,0.0009281140256997767,0.0009208913287524397,0.0009137249186080853,0.000995720878923793
Q8N695,4,610,M,test,4,0.0016047325907888714,0.0006969600137171531,0.001167188366165618,0.0016078698675226785,0.9890898582236931,0.0018706339361363893,0.0009714202723493146,0.0009526313037148749,0.0010710722606696878,0.00096763316524228
Q8N6S4,5,541,M,test,1,0.0037399276285764813,0.9856339007523558,0.0007278556520151044,0.004139722287317466,0.0007451162605873463,0.001282426167741739,0.0009273122329811619,0.001002663504540949,0.0009567481960837777,0.0008443273178001947
Q8N7H5,0,531,U,test,0,0.9947353399137518,0.0011981720346233913,0.0003442891893277788,0.0008843397722434628,0.00047799824533511457,0.0005088264789666285,0.0005353326189812611,0.00040567184774303205,0.0003931906113499785,0.0005168392876774722
Q8N7J2,4,671,M,test,0,0.9889109942559491,0.004369852955749294,0.00039088842741981546,0.002640116709831858,0.0005776955985228864,0.0007534571374694987,0.0007161508550121056,0.0005867929910055806,0.0004941292394366108,0.00055992182960328
Q8N8N0,8,203,M,test,7,0.08252436422191903,0.005485763174085511,0.009856130593128957,0.012362357046039038,0.11018449735081971,0.03998419884496641,0.00798173855879624,0.6963874523203675,0.026868708195598827,0.008364789694278809
Q8N8Q8,3,333,M,test,3,0.008044880158872666,0.006962263263634569,0.004803817417975785,0.9154455379048582,0.022739383238993896,0.01866840821324289,0.009703978296947854,0.00315042013840558,0.004995179533560618,0.0054861318335080005
Q8N983,3,215,U,test,3,0.014088759736753208,0.03026602160270036,0.0038328912641373853,0.9161516777819197,0.005598650993355262,0.011042206969792476,0.002961828719298334,0.0025532563260602854,0.003572647363393141,0.009932059242589799
Q8N9N8,0,165,U,test,0,0.9944584158429518,0.0009766929814944891,0.0004283555449131219,0.0011024232876985485,0.0006256930099472407,0.00047045653902393563,0.000576415388887741,0.0003663919121522395,0.0004119455231145076,0.0005832099698163391
Q8N9W6,1,283,S,test,1,0.06485624122875881,0.8953127186667024,0.0012352032587890853,0.022766681535862972,0.0022718865110177345,0.004413521981850648,0.002150978963858985,0.0025543505730264795,0.002827408510570728,0.0016110087695621565
Q8NAP3,0,1195,U,test,0,0.9947312236699635,0.0011755661775920438,0.00035800260717113163,0.001024846612972861,0.0005048646912926135,0.0004817452159543573,0.0004970374477018069,0.0003524523312148721,0.0003810918145209946,0.0004931694316158385
Q8NAT1,5,580,M,test,5,0.007530051658031837,0.010495358950980319,0.02109793734338769,0.007471451911023935,0.0099756967931203,0.5156686243566758,0.01563278939274488,0.2552744715301617,0.1489002984615938,0.00795331960227978
Q8NBI6,5,393,M,test,7,0.0017590778656690436,0.0028552651562742636,0.002713891536681971,0.001704956841736058,0.0037900069607569786,0.005997557445136953,0.0032671903444770342,0.9699938862064987,0.0047328892240079724,0.0031852784187610043
Q8NCE2,1,650,S,test,1,0.001563778578992825,0.9886336113103276,0.0013323561000693524,0.0018643013497549226,0.0008875404409320615,0.0012131239956903153,0.001104561937402906,0.0011396244853501742,0.0009747725933766556,0.0012863292081032335
Q8NDT2,0,890,S,test,0,0.9946391816108879,0.0012654766444938502,0.0003840452269410999,0.0010010134063990325,0.0004892863038523806,0.000459641958136585,0.0005147745645227331,0.00034967715509131675,0.00037809116552321536,0.0005188119641518983
Q8NDV7,1,1962,S,test,1,0.002627914422164242,0.9867465019192467,0.0006330858127525374,0.0033991136448560545,0.0008065721975525565,0.0014835132394719825,0.0010356592459377168,0.0011827600363316692,0.0011419009304931285,0.0009429785511933751
Q8NDX1,4,1056,M,test,4,0.09373554501406257,0.05056653527335582,0.013716542195155225,0.018206990672860104,0.7666573467502646,0.015064672694898014,0.004890783102488261,0.02485261100937811,0.004118452603875819,0.008190520683661393
Q8NDX5,0,983,U,test,0,0.995027422203152,0.0010566611934118226,0.00037529525473220705,0.0007867790293038283,0.0004971854799448997,0.0004837747251148624,0.0005109678907118706,0.00036947681660286165,0.0003933060448612231,0.0004991313621644277
Q8NEC7,1,633,S,test,1,0.00224047801662529,0.9888403650772226,0.0009017057194178376,0.002150442399156677,0.0007245409096496339,0.001144324059854491,0.001100485771260076,0.0009376255535713454,0.0009017057194178376,0.0010583267738241621
Q8NEW0,7,376,M,test,4,0.0022572922981768983,0.0007560983533891997,0.0012082416378390124,0.0029040874842515174,0.9693890812080601,0.010938525874798502,0.001337401534992132,0.003873680724419046,0.005478792696231991,0.0018567981878415494
Q8NF64,0,920,U,test,0,0.9945376745354375,0.001469173326519896,0.00034154203210242225,0.0009960358930162822,0.0004560184456697516,0.0004704940492542746,0.0005008382820295388,0.0003810176781115948,0.00038400605913379286,0.00046319969872490624
Q8NFA0,7,1604,M,test,4,0.057248230703650614,0.16958160603652742,0.026570953280268497,0.016922546456069425,0.6759687028305491,0.018477197633252306,0.00520156367569288,0.0176655332502041,0.004736077479630276,0.007627588654155347
Q8NFJ6,4,384,M,test,4,0.0013314549753505752,0.0006813701564672901,0.000892152381224234,0.0014795545916060997,0.9898965488954342,0.001650562298776761,0.0008783208438253793,0.0010188700532461886,0.001132200370535562,0.0010389654335336636
Q8NFW8,0,434,U,test,0,0.9943790846909328,0.001151857992633093,0.00040870709166734506,0.001098037793369552,0.0005146399393894558,0.0004929948390047153,0.0005718840296195734,0.0003899910298291283,0.00041191267480572574,0.0005808899187486194
Q8NHJ6,4,448,M,test,4,0.0013544606804279172,0.0005917200366079997,0.0012575740400601447,0.0013179264134568183,0.9894540355882182,0.0021402505075618096,0.0009129009083453096,0.0009345497319152365,0.0010798701464116113,0.0009567119469949525
Q8NHS3,8,518,M,test,4,0.009814495597824402,0.0034452116974768997,0.0035545743504783065,0.03425595295900298,0.5793955548667038,0.03011291776053408,0.006486986081663683,0.008593859481156528,0.3150119008442768,0.0093285463608825
Q8NKC1,8,281,U,test,5,0.02080184282090578,0.010059113938987603,0.004788855733276896,0.014686034106723304,0.02068031082018267,0.9054924895701569,0.007302132460462789,0.004979622250021863,0.002297718172169056,0.008911880127113091
Q8QFR2,0,1013,U,test,0,0.992502889219557,0.002315632954276144,0.00028037002725739486,0.0012013345070336348,0.0005619555469887531,0.0007159499218376639,0.0005797938682017988,0.0008112775471843462,0.000557582405068972,0.00047321400259427886
Q8R0W1,0,432,U,test,0,0.9926569567892526,0.0025041849513335133,0.000330407912832108,0.0013876773197698427,0.0004446124438527417,0.0005913210624456254,0.0006053438693441217,0.0005279903737981899,0.0004516140684154391,0.0004998912089558001
Q8R2Y0,3,336,M,test,5,0.003909971268230436,0.0066771157605713845,0.007898358028646392,0.008674648863278438,0.015449140910892762,0.8711201483418307,0.007536665895731868,0.003477600139170502,0.007024944692353725,0.06823140609929376
Q8R2Z5,2,415,S,test,2,0.0010622716148941498,0.0011644006777973151,0.9925262591772316,0.0008337866465291108,0.0008772208523853603,0.0011024324548421609,0.0006493537001123271,0.000527920823820755,0.0006343113858503507,0.0006220426665369403
Q8R366,4,611,M,test,4,0.0011962249973405995,0.0005391807898842055,0.0009243709936703384,0.0014457437891427236,0.9902136196657685,0.0017904931126569525,0.0008221525737284441,0.0010112649073780384,0.00111065728704168,0.000946291883388559
Q8R3H7,7,356,M,test,7,0.0017257102392842576,0.0024431665308997314,0.002268403394955791,0.0017944547631260487,0.003281225013908356,0.0038965511977600647,0.002367998326413437,0.9741606703927231,0.005775625459103802,0.0022861946818253766
Q8R400,0,80,M,test,4,0.15008576024135176,0.011847823953114104,0.07847414845423382,0.01849419225003559,0.32273506933298096,0.07986577546924084,0.01999698938775809,0.2848126836936731,0.01644907475427161,0.017238482463340154
Q8R4E4,1,245,S,test,0,0.9821982453797021,0.0076770140403618035,0.0004946242869450743,0.004898905957409094,0.0007030028124128825,0.0009646518221427875,0.0009240799205055503,0.0007542119888894359,0.0007196740676823455,0.0006655897239489396
Q8R4V5,0,546,U,test,2,0.0007226428990946924,0.0009063972590512362,0.9939853127221988,0.0005164496032234886,0.0007514297294085687,0.0009388295768057717,0.00055190935950133,0.00043150978660149065,0.0006949589292853454,0.0005005601348292352
Q8R507,7,461,M,test,5,0.002595540313165009,0.001993960371294615,0.0016337925285802247,0.0014934073988274595,0.003516638658562472,0.9779272746603683,0.002065307368788649,0.0012974948343276015,0.002570316603664021,0.00490626726242162
Q8R5K4,0,1152,U,test,0,0.9813887050054784,0.007177849830175758,0.0008741800605302609,0.004018552227423641,0.0014189342840877593,0.000945214022209694,0.0014986932261023878,0.0008021927154404833,0.00082121620402661,0.0010544624245250572
Q8RVC7,6,411,M,test,6,0.007614530256580024,0.009911841842127764,0.0041399482246109055,0.015113752532370886,0.006000105369837466,0.038973063738665444,0.8939798590873536,0.005399509869136976,0.005357491387990191,0.013509897691326744
Q8RWV0,6,741,M,test,6,0.0015076472785629533,0.0015707701181424383,0.0009677234885351424,0.0010422790707512327,0.0006808784304000655,0.0013781013410605425,0.9891821703827631,0.0009791306197979581,0.0009945495981418873,0.001696749671844669
Q8RWV3,0,416,U,test,0,0.9945723688930037,0.0011133694925409133,0.00039620947046251905,0.0009941271520399293,0.0005609318678571721,0.0004969581037481203,0.0005352448876735786,0.0003751236308266551,0.0004119927381975291,0.0005436737636498342
Q8RX88,5,424,M,test,5,0.0013084609091491648,0.0016800969046880823,0.001774536037408129,0.0027377397307435094,0.005479316510366681,0.9709028874432871,0.0019565743208420166,0.002846799230414375,0.005892817666131788,0.005420771246969167
Q8RXL8,7,357,M,test,7,0.003984809812313962,0.003938385245090129,0.003448565455214847,0.008936167603081238,0.005981908118537637,0.009125774632782191,0.004515381018007927,0.919560482618245,0.03621671684236835,0.004291808654358708
Q8RXN0,4,703,M,test,4,0.0030725892889726988,0.00180628206296536,0.003945283111908159,0.004505654381245637,0.8586257486638044,0.09049848757684385,0.0030014131858932275,0.009119466990748892,0.02059121293029309,0.004833861807324709
Q8S1D9,6,435,U,test,6,0.008995609745426989,0.010208302617197853,0.007604709688311278,0.09067515674394183,0.002252342974926217,0.00396845646532356,0.8603019488872635,0.002633255554165756,0.00239760671825084,0.010962610605192128
Q8S4F6,6,510,M,test,6,0.0015017276235123357,0.0015830455951417928,0.0009601655973071459,0.0010381865703359726,0.0006861994607373977,0.001386160959876459,0.9891544797967234,0.00102609136664932,0.000963923658827793,0.0017000193708883232
Q8S8P5,0,519,U,test,0,0.9948851883743133,0.0012201991547017633,0.00035250686358699406,0.0008228108755856674,0.000483705566575279,0.0004706584383759149,0.0005069190681971868,0.0003871530460443031,0.0003871530460443031,0.000483705566575279
Q8SPJ0,2,213,S,test,2,0.001079486991557166,0.002339467803194345,0.9852468466399267,0.0013969600947653475,0.0009342181802338983,0.0032416917329094455,0.0011626534048117087,0.0009489299929386843,0.002869176646773579,0.0007805685128891525
Q8SRA2,4,559,M,test,7,0.013254064598146289,0.0047815895446665655,0.004819092043410942,0.022381394020563248,0.037317433766465416,0.08024508041254293,0.0041868995474732785,0.5526765777965744,0.2735947466081036,0.006743121662053338
Q8SUF9,4,553,M,test,5,0.0024297083028955364,0.002410800357887173,0.002030097317106097,0.0030002894029215322,0.004822623773691162,0.9353269965793414,0.00217797645070991,0.0051336566634693,0.04077559237912544,0.0018922587728524875
Q8SUG7,4,536,M,test,7,0.004865809449115833,0.004679403369125098,0.004395892473128158,0.008606739528576558,0.012744804188904071,0.15740083498840166,0.003477437264146671,0.6731179502326924,0.12549087676933304,0.005220251736576532
Q8T0W3,2,63,S,test,2,0.0007517208769401336,0.0008418875075989901,0.9943704684280774,0.00043847491082513613,0.0005741173219467299,0.0007400665978854829,0.0006159380689477143,0.00044887306862256664,0.0006330124122742515,0.0005854408068816037
Q8T0W5,2,85,S,test,2,0.0006532800865095763,0.0008290555137502836,0.9946348159112938,0.0004742304494058935,0.0005994834630955745,0.0006873111937244206,0.0005609670483828181,0.00042843152908907117,0.0005971463092139523,0.0005352784955346212
Q8T0W8,2,65,S,test,2,0.0006978496409650104,0.0009155161510511704,0.9942285271837872,0.0004418508524015305,0.0005498922794935849,0.000739960964686452,0.0005969024183865827,0.00046305570050391554,0.0007457645015724781,0.000620680307152114
Q8T6B9,0,637,U,test,0,0.9950796428292874,0.0009435417073489227,0.0003842153261354691,0.0007581570582627879,0.0005210732375432219,0.0004800351483190779,0.0005170182008201935,0.0003812253149908696,0.0004058122311152821,0.0005292789461767607
Q8TAD4,7,765,M,test,8,0.023697704742103365,0.003850640767349618,0.004537163538726865,0.034997293820042914,0.10407528500437345,0.040995975747674995,0.004905843393744897,0.07496261217936714,0.7001989726109483,0.007778508195668394
Q8TAT5,0,605,U,test,0,0.9941552923430773,0.0011359613907004783,0.00043838005715813574,0.00131388346806947,0.0005434457587080505,0.0004967497102620314,0.0005784950362279985,0.00036060161240560864,0.0004054352776282528,0.0005717553457626229
Q8TBE7,4,412,M,test,7,0.007587008127005948,0.002956642982144224,0.0030985353305336264,0.006234810645503572,0.013995586799953129,0.010451545868279686,0.0037521752275496067,0.9362354811395451,0.011936038651935495,0.0037521752275496067
Q8TBK2,0,473,U,test,0,0.990967092475585,0.0023507538659770706,0.0004404014314934111,0.0023393034877808097,0.0006407802559602557,0.0007120551873285837,0.0007759537528856857,0.0005523870918433963,0.0005229896620168837,0.0006982827891288397
Q8TCB6,4,317,M,test,4,0.001282507945825909,0.0006299467279751828,0.0011631843432704581,0.0015349610759913537,0.9895547061046012,0.0016990470657147606,0.0009237558749795695,0.0009383028999303725,0.0011723072294423694,0.0011012807322688446
Q8TD26,0,2715,S,test,0,0.9948633179656547,0.0012944347903962943,0.0003363570207066737,0.0007669272251626807,0.0004597455461285344,0.0004913120005581492,0.0005128832381189894,0.00041534546525517425,0.00039632538243213197,0.0004633513655866436
Q8TDI0,0,1954,U,test,0,0.995146289511658,0.0008726918675910235,0.00038424105118717023,0.0007234869368332257,0.0005503998666748305,0.0004972448595772809,0.0005090366848238169,0.00038424105118717023,0.00042531607599124484,0.0005070520944763002
Q8TDR4,0,215,U,test,0,0.966883686152091,0.0194496312910938,0.0006400337620088872,0.0068541855587735965,0.0009759348738324479,0.0013391657637806436,0.0011680412895504649,0.0009759348738324479,0.0009533275415762276,0.0007600588934605494
Q8TDS7,4,321,M,test,4,0.0014201270203395813,0.0006867285804504521,0.000934987189397684,0.001584266237648689,0.9899171982378512,0.0014911898502555795,0.0008348496299546833,0.0009914084628267507,0.0011322239844961971,0.0010070208067792504
Q8TDY4,1,903,S,test,4,0.07223535800024407,0.3432721123369856,0.022997798034777736,0.04651924898507765,0.4205857789525804,0.0276324860139508,0.007824606772253731,0.0307060891291371,0.00801016163147177,0.020216360143521066
Q8TEP8,1,1941,S,test,1,0.002694426689126404,0.9885408719013516,0.0012035704516753305,0.002063399737591413,0.0011484548956899243,0.0009228094539379454,0.000735727869813415,0.0009900300502446952,0.001009556625868047,0.0006911523247012294
Q8TG42,2,273,S,test,2,0.0017757490463342301,0.0034028487636540536,0.9715666276683328,0.001694431662617583,0.0022890309577357007,0.009982014179506954,0.0022890309577357007,0.0017211149859824623,0.0038184605473258358,0.0014606912307746488
Q8TGH6,7,599,M,test,8,0.004996331457478442,0.009118145420905693,0.018491249712331334,0.016096884542160936,0.009297984743145145,0.35301706540089023,0.013449451086315546,0.015240224227330046,0.5553737933108814,0.004918870098561175
Q8VBV9,4,320,M,test,4,0.0012478866699779758,0.0006153403010152931,0.001176869133551114,0.0015439467787846692,0.9895325782199441,0.0017089933187860505,0.000920133887162247,0.0009567878910906181,0.001204777843984199,0.0010926859557037678
Q8VC69,4,545,M,test,4,0.011031172866262907,0.0013619646972511822,0.0013200613490201066,0.010332512326142579,0.9273821643425476,0.021980994701002073,0.002012853392433062,0.00737710571934058,0.013542098764107365,0.0036590718418925685
Q8VDW4,0,151,U,test,0,0.9942559222542412,0.0010808803662230495,0.0004384244218321562,0.0012081665459714953,0.0005740512061001858,0.0005206418957410778,0.0005830912047429321,0.0003309401092251675,0.00039918995693606255,0.0006086920389866451
Q8VE43,2,311,S,test,8,0.012055848108198259,0.038332113133090706,0.2990130860101119,0.023102488971193966,0.008221373176386998,0.124647188456842,0.020749426056615942,0.00938910363511639,0.45594049689018534,0.008548875562258544
Q8VEN2,4,237,M,test,4,0.0012331704425866436,0.000600999189581299,0.0008409491996153912,0.0015619210076997644,0.9893897847267586,0.0019155754863936314,0.0008744487544462507,0.0009381465585853154,0.0016146522562691453,0.0010303523780639196
Q8VYE2,3,376,M,test,3,0.00375077742347769,0.0037617821627354154,0.002093747046128855,0.9760234559489872,0.004139586863871597,0.0023818120742011228,0.002317566888373905,0.0014446420528881035,0.002135042583396769,0.0019515869559393437
Q8VYF7,3,238,U,test,1,0.004072504601762068,0.9848992868124243,0.001001916248126982,0.0036062779995890523,0.000727313224649744,0.001017694133179306,0.0012469048434149456,0.0011805458977889205,0.001291521132117813,0.0009560351069468695
Q8VYI3,9,309,U,test,1,0.0030538839630994716,0.9880280304329192,0.0008463781978847003,0.0022386372589396236,0.0006747915046664427,0.001134486148627771,0.0010129820825941238,0.0009590721271552102,0.000981815838896376,0.0010699224452171282
Q8VYN6,6,537,U,test,1,0.018310340965503713,0.8467879685722333,0.02835961189474984,0.033155744561189186,0.003302154981956511,0.013554040036094358,0.016413283359685473,0.004957122025431637,0.0038908896433180544,0.03126884395983794
Q8VZ20,0,314,U,test,0,0.995154846801735,0.0008214279750766114,0.00040268459101050935,0.0006930640342221154,0.000561260370303089,0.0004991952958113142,0.0005110333355103015,0.0003964415000512284,0.0004286555071401169,0.0005313905891396645
Q8VZJ2,2,344,S,test,2,0.000772213910120269,0.0009498394314593062,0.9939258220235924,0.0005286652394459367,0.000462914734045377,0.0007513847628196701,0.0006976371436274423,0.00041820859878718427,0.000858108342187677,0.0006352058139148175
Q8VZL6,0,441,U,test,0,0.9951573601916398,0.0008608513670818479,0.00036952507070284245,0.0006823208353141373,0.0005418727261555544,0.0004953117751570998,0.0005011503531374638,0.0004253208131697009,0.0004492283016293142,0.000517058566012182
Q8W2F3,0,430,U,test,0,0.9949220153272041,0.0011714937088741666,0.0003637100865305753,0.0007580369380570525,0.0005049614869105006,0.0004762240145172575,0.0005129134685625982,0.00039634875290310963,0.0003932643870565419,0.0005010318293840775
Q8W487,3,250,S,test,1,0.0031094340023936086,0.98702425916334,0.0007698533215811924,0.0032018782407992933,0.0006042647579586132,0.0011830928857526307,0.001077218277983385,0.000958097760919026,0.001035950794636108,0.001035950794636108
Q8W4D0,0,631,U,test,0,0.993886358515969,0.0018200946705650889,0.0003083554456966444,0.0011412128201293368,0.00042810914515323376,0.0005123795437090114,0.0005411806345949318,0.00046652692691581514,0.00041819201545069054,0.00047759028181631867
Q8W4D8,0,314,U,test,0,0.9949386852153093,0.0009452523777303072,0.0004089371078357201,0.0008228551037900778,0.0005460026260942873,0.0005030012477681202,0.0005250856433978069,0.000378205032218263,0.0004089371078357201,0.0005230385380204669
Q8W4F1,6,284,S,test,6,0.002343873906372154,0.002449770635831434,0.001268134889571225,0.0011017746044506204,0.0007935784928080801,0.0020383824136331902,0.9861388580961153,0.0010269668188173562,0.0009460861698497749,0.0018925739725508288
Q8W4P8,5,611,M,test,5,0.010933438964744163,0.0036694029329103124,0.0027915348043059084,0.009046452817470706,0.015857649557246105,0.856756724626758,0.003815575404202363,0.06555185297591247,0.026902427201585515,0.004674940714864428
Q8WN93,4,462,M,test,4,0.0012626329523912506,0.000625048675572005,0.0011142697809803964,0.0014223920191038539,0.9895613310325991,0.001961341964090446,0.0009871883771067527,0.0009756873005668263,0.0010715828456708157,0.0010185250519185302
Q8WNR4,1,122,S,test,0,0.9949860920205703,0.0008261150095560157,0.0004026163027612564,0.0008180867768137504,0.000531300508015452,0.0005438999043965008,0.0005189929066137902,0.0003994831301594301,0.0004252476140260903,0.0005481658270873678
Q8WQL7,0,882,U,test,0,0.9942979623442206,0.0016939058661702918,0.00033354978859922275,0.0008839508880289198,0.0004453474430529897,0.0004968209744701829,0.0005206639393015503,0.00043164550463242865,0.00041836519342094725,0.0004777880581028879
Q8WSR7,2,254,S,test,2,0.0006137928706715978,0.0009142418172824723,0.9947857223509416,0.0005088522456880778,0.0005437903504696357,0.0006482945343609578,0.0005148503712185813,0.00041208109596603,0.0005374550279203135,0.0005209193354806406
Q8WTC1,3,280,U,test,1,0.004746558205038258,0.9837818497787245,0.0012261807104335689,0.0031418823282501327,0.0009112200736557222,0.0013103712162518307,0.0015683088975080083,0.0009183668678600693,0.0012700553131772237,0.00112520660910068
Q8WUQ7,0,758,U,test,0,0.9949059489574273,0.0009847962067821283,0.0003994509462614649,0.0008341549549128308,0.0005459846581217667,0.0004932560261055424,0.0005396238413504285,0.0003752494232067764,0.00040258388629964384,0.0005189510995320878
Q8WUU5,0,269,U,test,0,0.9932827183539842,0.001959128622191364,0.0003437864217773658,0.001424955148843114,0.00046990033857969974,0.0005963346012576135,0.0005645982115592855,0.00044143053384813847,0.00040507941149079275,0.0005120683564684807
Q8WV22,0,266,U,test,0,0.9933998452620659,0.0017529314849208549,0.00031062177318514587,0.0009890838860298,0.0005825891198403194,0.0006837815653856327,0.0005713208735369367,0.0007165968904887332,0.0005121287472417218,0.00048110039730489714
Q8WVX9,9,515,M,test,9,0.010271928435771524,0.019722469463275726,0.01960724623252003,0.006789330500567908,0.020150779134187145,0.3976868155977464,0.010112676929603803,0.007693318771930802,0.020709377110059754,0.4872560578243369
Q8WW12,0,178,U,test,0,0.9948991817816527,0.0010524059913928623,0.0003665543071610817,0.0007550643078614729,0.000495183264780671,0.0005029812275164216,0.000550263186897205,0.00042190140240072794,0.00042521044921462896,0.0005312540811222063
Q8WW38,0,1151,U,test,0,0.9950275289889886,0.001040279215366118,0.00035810926273597193,0.0008641079006161651,0.000491393112713877,0.0004744176916265975,0.0004952471585383082,0.00036374865401933755,0.0003994997719185524,0.00048566824347646704
Q8WWF5,5,429,M,test,0,0.47598914464536846,0.0153006467947893,0.018746743432632954,0.10253855089284696,0.2112189135436823,0.03341968065957697,0.019646419687948107,0.06460713006536047,0.03794349821892656,0.020589272058867916
Q8WWL7,0,1395,U,test,1,0.003477883891279032,0.98430117497788,0.0008431856762320455,0.004938245278981121,0.0006990254537784613,0.0014120703377633185,0.0012030989178754142,0.0010170760989399305,0.0010170760989399305,0.0010911632683308513
Q8WWQ2,2,592,S,test,2,0.000566950995570246,0.0011874112457377348,0.9935333665175905,0.0005452314473237226,0.0004591309377862837,0.0009757844319487754,0.000615419583179979,0.00045201278118641315,0.0010468638435032322,0.0006178282161731562
Q8WWZ8,0,545,U,test,2,0.0007114331009129781,0.0009028556972122698,0.9939765231603509,0.0005124260460200846,0.0007543641051436182,0.0009461845508250071,0.0005476096101984729,0.000431505984631053,0.0007086594475250754,0.0005084382971805676
Q8WXF8,0,326,U,test,0,0.993547652047403,0.0021606793893451924,0.00032052966338514023,0.0009700976407968454,0.00046636794411030965,0.0005714058836781317,0.0005452392691123098,0.0005243515657012241,0.00043811211100437496,0.00045556448546346103
Q8WYH8,0,240,U,test,0,0.995102704239718,0.000902114848262755,0.00038422423583989965,0.0007206347809844948,0.0005767888746409048,0.000497223081420846,0.0005150144847559721,0.0003872377044745742,0.0004090045161916586,0.0005050532337108356
Q8WYQ3,3,142,S,test,3,0.01362226533764051,0.015941601280000623,0.017688876054994734,0.8661423939734887,0.008726750518786897,0.01195137391508612,0.044318094942453985,0.0032993874116089396,0.0058817942750025885,0.012427462290936886
Q8WZK2,5,935,M,test,5,0.002648854842533906,0.0012174807403878257,0.0010744228418374702,0.0013061659319361257,0.0065304194120893765,0.9768016866166027,0.00097066011998807,0.0029781874992545637,0.005186206159278242,0.0012859158360917413
Q8X150,2,618,S,test,2,0.006445736209241035,0.024089550666232928,0.877854894376845,0.009433603669786747,0.001981256688375096,0.03457415008300627,0.012497494066864708,0.0029742186942908985,0.027243774703670873,0.0029053208416864205
Q8X151,2,618,S,test,2,0.0018832664215494665,0.005109259978876277,0.9755561581186885,0.0021931776361332604,0.0007549870238298758,0.006522091724614441,0.002437127811403458,0.001098499542788708,0.003413486840380861,0.0010319449017351576
Q8X168,2,350,S,test,2,0.00083359733988936,0.001383796960426863,0.9923009353756066,0.0006672028918315076,0.0004657827423493784,0.0013399129265894993,0.0009335848247656149,0.00044099419633783466,0.0009669898503717917,0.0006672028918315076
Q8X1T0,1,201,S,test,1,0.0024888460324897707,0.9865766130849121,0.0011196218411308207,0.0029656971299439764,0.0007635157764077661,0.0013933918942046662,0.0012786481873440613,0.0010036224786895344,0.0010436024080234432,0.0013664411668538718
Q90738,1,729,S,test,1,0.0026013533887708526,0.9858772516518913,0.001596399311528907,0.0026089858099161,0.001547283222775293,0.0010428626304033683,0.000964490266035808,0.0015055478652472162,0.0011014822837247544,0.0011543435697063931
Q90812,4,420,M,test,4,0.0013599802455130689,0.0006550795153589348,0.0010927747332054162,0.001535051533997242,0.9896129419705209,0.0017191762087296785,0.0009757381674717307,0.0009494191675883851,0.001097051831893324,0.0010027866257213917
Q90941,0,1633,U,test,0,0.995125170005278,0.000925334227251297,0.00038724643360580073,0.0007464370674974149,0.0005251840582711883,0.00048761689454597057,0.0004952957650942023,0.00038124272122305747,0.0004154547664855824,0.0005110180607474762
Q90WV8,2,265,S,test,2,0.0008551310713809979,0.0009428535726667489,0.9943539541438049,0.0005831487152054169,0.0005854310959437651,0.0006330018919505577,0.0005923319638332755,0.0003899811667721523,0.0005227311383657497,0.0005414352400764008
Q90WZ1,2,208,S,test,2,0.0010174254273978168,0.001351824359972475,0.9923618888364913,0.0006646425367121311,0.00048436715614718625,0.0008702500946670102,0.000982278012432153,0.000503662151449823,0.0010134589246099032,0.0007502025001201941
Q90X64,4,521,M,test,4,0.0020593553871412094,0.0005361666577060532,0.0008909226783329621,0.0017857076678150377,0.9846781535220135,0.003656885136982099,0.0009192035690031635,0.001923282988383797,0.002564160862955734,0.0009861615296664016
Q90YK5,2,523,S,test,8,0.01665018725479475,0.07462096394984523,0.07447536470029455,0.0547540424611467,0.011714870393822557,0.020560239008223836,0.06585277776436156,0.011005101991940897,0.6346327816140394,0.03573367086153053
Q90ZD5,2,456,S,test,2,0.0007231085827788533,0.0008756493357334948,0.9946258158960573,0.0005107616659963222,0.0006089185319422882,0.0006381411080454957,0.0005127608082484627,0.0004024705254432791,0.0005855911699358795,0.0005167823758187173
Q91620,2,405,S,test,2,0.0008161497878304599,0.0008807464943374806,0.9945708818111363,0.0005310787663834275,0.0005609310300701584,0.0006661219909403379,0.0005500815880548303,0.0003635817450190884,0.0005436729247758933,0.0005167538614520342
Q91821,4,651,M,test,1,0.00305813304500935,0.9868997492025194,0.0012157360947435889,0.002100603561443176,0.0017279093548509608,0.0013993037241471845,0.0008323048452897226,0.0009730630120964952,0.0009141080838574164,0.0008790890760426908
Q91826,2,64,S,test,2,0.0007603164083860365,0.0009555148162225213,0.9940232965212964,0.0004629601179960712,0.000578418218680076,0.0007254990291911349,0.0007059299039793515,0.0004776560685702392,0.0006922760160893518,0.0006181328995888442
Q91876,0,720,U,test,1,0.002734048814998483,0.9870291314615675,0.0007009628011634358,0.003416729638780654,0.0007698570931590876,0.0014666499559700663,0.0009885160781947643,0.0009286249391575514,0.0010440809913200015,0.0009213982256884778
Q91V79,5,292,M,test,5,0.00114451365366282,0.0011223766971847223,0.001126769513128266,0.0009196425486806996,0.0026714891417793083,0.9851483532099564,0.0012918477271771415,0.0015341070910396208,0.003749052690213843,0.0012918477271771415
Q91V88,2,561,S,test,2,0.0007665850791556004,0.000850191241508286,0.994419468189928,0.0005521504529871735,0.0006531386444289563,0.0006979836869248673,0.0005309979646327353,0.0004184163210834588,0.0005923710134571365,0.0005186974058938447
Q91VN0,5,1614,M,test,4,0.0016257551538381523,0.000786163868604432,0.0016194168050289487,0.002047134626957698,0.9693225327424142,0.0120127968498758,0.0013797604907765113,0.00334888870061297,0.0060996904071207786,0.001757860354770524
Q91WC0,0,594,U,test,0,0.9759906434262967,0.01219029973304503,0.0004337456415928996,0.00425419745406216,0.0009473875301017557,0.0015317666896126866,0.0011076082577169445,0.0017154973180520837,0.0010735306973049309,0.0007553232522148442
Q91WW2,4,313,M,test,4,0.001408552687485948,0.0007422550945481377,0.0008644010132966572,0.001722427473103228,0.9895498902821206,0.0015469926178122238,0.0008918399869997433,0.0010066472006062435,0.0011954231347622404,0.001071570509264969
Q91WW5,4,304,M,test,4,0.0013283497699426558,0.0007193956713866367,0.0008312601885262338,0.0017156584936086872,0.9895188224313276,0.0015774546638012046,0.0008814220313195988,0.0010145105142884397,0.0012724813651692635,0.001140644870629689
Q91XJ0,0,401,U,test,0,0.9941556418695012,0.0017784140010134988,0.00036342994880469564,0.0009744904784627332,0.0004777196719717444,0.0004740020068899541,0.0005185597674354873,0.0003960434682690172,0.0004022802735947796,0.0004594185140568984
Q91XT6,0,489,U,test,4,0.03823655549548959,0.003998740192476925,0.008125146086097894,0.006868838473329736,0.9191776106338085,0.006644516388121397,0.003393686911706917,0.005886715026113885,0.003998740192476925,0.0036694506003781347
Q91YJ3,0,226,U,test,0,0.9930660287063229,0.001304776233870326,0.0005119566696491558,0.0018346466014145712,0.0005985379420981497,0.0005323507122817979,0.0006729542796135421,0.00035462198031316285,0.00043789973532023727,0.0006862271391161517
Q91YR1,1,350,S,test,0,0.982093947718197,0.007155004116168826,0.0005264688872262154,0.0055723229826659644,0.000681301433236853,0.0009096567128775061,0.000931228587501946,0.0007780706176162904,0.000675999472254677,0.000675999472254677
Q91ZD4,4,521,M,test,4,0.0017250800515562557,0.0005589587513868444,0.0008725222895764,0.001561526898500239,0.9872100751767218,0.0026967590835280547,0.0009072795945130568,0.0016396654383059376,0.0018471296323180418,0.0009810030835933716
Q91ZU1,1,418,S,test,1,0.002124173469752227,0.9882748759185248,0.0008532296015007499,0.0024140658004359757,0.0010870426890125914,0.0014742485724971153,0.0009744188323900044,0.000887218395658595,0.0008734633424282198,0.0010372633777996788
Q920N1,1,254,S,test,1,0.00921084561793396,0.97314959399083,0.0023934247951597548,0.008353873216657745,0.0010872621914613334,0.0014745463272600031,0.001194123902591688,0.0009013720461399628,0.0011043840933674684,0.0011305738185980933
Q920S2,4,322,M,test,2,0.00863863624125211,0.016716580900239128,0.5344535132290926,0.011179225560945368,0.09251201187264924,0.25049331877564385,0.019467467514676852,0.020967288020876378,0.034566048661492946,0.011005909223131497
Q922B9,1,1252,S,test,1,0.0022987036943160053,0.9891029977212821,0.0009526439626773736,0.002024640628793356,0.0009790521941913442,0.0008949261821718543,0.0009019452105951029,0.001096486489698904,0.0008879618107377207,0.0008606421055362603
Q923Z3,3,669,U,test,3,0.010697399871300015,0.012506526671137191,0.0026524119648468,0.9629491516381139,0.0018882031922306344,0.0011274974732617582,0.002913104535053578,0.0011100173624544914,0.002081901884149331,0.0020737854074523443
Q92484,2,453,S,test,2,0.0016042689512665669,0.0039744834520719355,0.96401395927406,0.001616851585239027,0.0015428105073037504,0.005221809396716452,0.002253561805095273,0.0012690812913088837,0.016847979716717667,0.0016551940202204813
Q924M5,1,281,S,test,1,0.01320324610256211,0.9662585635316348,0.0007960199456041075,0.01012328027180616,0.0013861865112991634,0.0025396473764886466,0.0012820129549915833,0.001522427949823132,0.00176604739292826,0.0011225679628621167
Q924N4,4,1150,M,test,4,0.0026831727849166106,0.0008921916683752404,0.0010269063653749317,0.002732755697546749,0.9860807110244107,0.0018235213508703836,0.0009722554284055121,0.0011912322873689485,0.001387262057858709,0.0012099913348722188
Q924W5,0,1097,U,test,0,0.9947470791759583,0.0009543448485607244,0.0004185541749118778,0.0009618298870222091,0.0005743347916619531,0.00047059309689313316,0.0005291020904977115,0.00039938718071824426,0.0004218369118948344,0.0005229378418810814
Q92506,3,261,S,test,1,0.003094333364137365,0.9836707724386713,0.0015080575438345325,0.003675957711211586,0.0014731235239490096,0.0015866164514730335,0.0014788891081374466,0.0008492546253436397,0.0012070341186012508,0.001455961114640845
Q92521,5,554,M,test,5,0.001114725261285164,0.0010846573952893548,0.0011411600378861003,0.0009572067147625257,0.0031848736381717784,0.9861062850071891,0.0010031440847358506,0.0012830408633389772,0.002676699333600205,0.001448207663740889
Q92585,0,1016,U,test,0,0.994299094398449,0.0015897256732949874,0.0003388028263368973,0.0010274069334008686,0.0004667206856308177,0.0004910333862943644,0.0005227023132342996,0.0003930181715022853,0.00038995967893959936,0.0004815359329169291
Q925D4,0,263,M,test,4,0.0023702223395382933,0.0009842034614684833,0.0027764880812515213,0.001964983148176555,0.9750755843593026,0.009709841984334906,0.0018031699184976775,0.002059284685137555,0.001713888908919116,0.0015423331133732092
Q925J9,0,1575,U,test,0,0.973094636066234,0.01432106251590663,0.0005509665992739784,0.006429842954990243,0.00090132117038234,0.0012128602493369205,0.0010537512195495182,0.0008873474302255093,0.0007892232141503342,0.0007589885799505396
Q92643,5,395,M,test,5,0.01026727696133935,0.0030055066196572047,0.0033791818643217385,0.008478686907924146,0.019984909706239316,0.9296620824468672,0.0035413523612166094,0.00729482367742368,0.012027130126195117,0.0023590493288156763
Q92754,0,450,U,test,0,0.9909586768862998,0.0031540044145524702,0.00035944210914156034,0.002193265564093958,0.0004990359233331362,0.0006259312999152687,0.000635788301492837,0.0005270870096451689,0.0005029499810216034,0.000543818510504165
Q92791,0,437,U,test,1,0.021778568558263118,0.9554442137806592,0.000647459759242171,0.010088489359786621,0.0016663138470429325,0.0029359178061362096,0.0013814226215929143,0.0024819667374514835,0.002611259223288115,0.0009643883065371436
Q92833,0,1246,U,test,0,0.9937464138841019,0.0018593595760237136,0.00030591270214161794,0.0011146198124024917,0.00045922940233753256,0.000560466042414383,0.0005561044253821305,0.0004926811749258048,0.00043140607848345526,0.0004738069017870174
Q93373,4,773,M,test,4,0.0010653252344852968,0.0005462445034099114,0.0011296116454544295,0.0013206497932668822,0.9876332260229381,0.003725620194915186,0.0009183677535015164,0.001336217201190639,0.0012800175815096452,0.001044720069328359
Q93833,1,412,S,test,0,0.9169665702058726,0.050140098431924324,0.0008627080943740745,0.019180296254630115,0.001770161931711397,0.0033330354369980305,0.002053423813120163,0.0024480449840563064,0.0018121400167751896,0.0014335208305377722
Q93V61,5,447,M,test,1,0.0047725904766278745,0.9728909141660371,0.0024495322740051423,0.007298682355763401,0.001670435654234911,0.003648567015991011,0.002587221331838906,0.0014176802952431703,0.0015939407760235068,0.001670435654234911
Q93VJ2,5,881,M,test,9,0.013801489584487674,0.034900841785768626,0.007621907006532843,0.0449011791061622,0.008876171322645109,0.0813055294908495,0.01853569672098645,0.004551248343642152,0.008050336828631956,0.7774555998102934
Q93VQ0,8,858,M,test,1,0.0029988163101726784,0.9850094133532361,0.000499930484167689,0.0034432001010492362,0.0011992708527595445,0.0017933000087228946,0.0008774052726206148,0.0014020896103671956,0.0020202033482773136,0.0007563706586267312
Q93VY3,0,297,U,test,0,0.9948599287861584,0.000821184537382002,0.0004597439523653828,0.0009232825785417095,0.0006663155475222383,0.000489394876476025,0.0005312330877360134,0.00032347027280463085,0.0003665398380211417,0.0005589065229925141
Q93WX6,6,463,S,test,6,0.0025304158292754546,0.0032491181078117,0.0018243708057104286,0.0017071563009820093,0.000953894332166079,0.002179225519906044,0.9826939007622193,0.0011596407620350431,0.0009689160985718397,0.0027333614813221598
Q93YP7,3,407,M,test,3,0.00737456899036298,0.007638442466707933,0.009285984160865873,0.743462768955945,0.005676407588148628,0.015233565397046135,0.18797681416019085,0.0032091500252269312,0.004596895340265325,0.015545402915240373
Q93ZM9,0,197,U,test,0,0.9945555301474088,0.0010540992390945555,0.0004385565367086814,0.0011364187297524758,0.0005415450159650315,0.00048543786260167034,0.0005457923710168812,0.0003233713107992046,0.00038401295762210605,0.0005352358290305109
Q93ZS9,0,580,U,test,1,0.0023635255085457316,0.988597429507868,0.0010789351983850385,0.002198749403242414,0.0007771279015342346,0.0009447473345913209,0.0010056781812872138,0.0010335566234140562,0.0009747368521147748,0.0010255134890172384
Q941D3,6,239,U,test,6,0.002182819425810738,0.002312281180572241,0.0012888648844581552,0.0010853330659062277,0.000800274432917568,0.0018643315509155225,0.9867205669205851,0.000988207063927886,0.0009503493831568658,0.0018069720917497528
Q941F1,6,515,U,test,6,0.0019415839927720384,0.0025119827995396552,0.0011548526694364807,0.0014713205325885318,0.0008717286021818801,0.0017438271722898622,0.986312061013367,0.0010112228084689068,0.0010474059743215591,0.0019340144350341489
Q944H2,6,391,M,test,6,0.010426469568731587,0.009165455139068518,0.005580886925573867,0.008476660172432047,0.010426469568731587,0.20457000030211636,0.7252636793289863,0.009987946111366925,0.006972710726719989,0.009129722156272816
Q944N1,0,399,U,test,0,0.9946646838304244,0.0013556229612783845,0.0003159150790414686,0.0008791108868726383,0.00046689226761356423,0.000506806721270792,0.0005147877493568374,0.0004088245009901181,0.00040564301533512533,0.0004817129878167011
Q945K7,3,374,U,test,3,0.0023119913784173927,0.0031748103194146654,0.0014243765550512961,0.985152757015304,0.0015103295991380397,0.001050269501994909,0.0012570078706253488,0.0009124899263642871,0.0014811172685454265,0.0017248505651445711
Q94637,2,1648,S,test,1,0.005705764728506324,0.9502369575001103,0.01754069895132589,0.006644708120636176,0.006503473547205762,0.003508360560235614,0.0021783907561996603,0.0031695396572318526,0.0017367645515915095,0.0027753416269569653
Q946J8,0,445,U,test,0,0.994612940252479,0.0014401625492716321,0.0003134403112093105,0.000827419636480704,0.0004668679649996715,0.0005127541413107436,0.0005127541413107436,0.0004420216754917645,0.0004120095142436518,0.0004596298132026885
Q948R1,6,447,U,test,1,0.0033197966525792275,0.9827287735955172,0.0023609952363036245,0.0024359413200381102,0.0020999124740425004,0.0019045378910970017,0.0012248681509634813,0.0013988432708732425,0.001031442360375823,0.0014948890482096879
Q948T9,4,867,M,test,1,0.021562573663174694,0.9097289118942518,0.005537727650424389,0.011541615760450435,0.025307870499765458,0.006177781395334621,0.0024382282576875473,0.005367349176387204,0.008411105422559398,0.003926836279964552
Q948U0,4,963,M,test,1,0.002630629584092543,0.9834347394763532,0.0017695738983421788,0.0021596744251242126,0.0027407698875500913,0.0021681273416656833,0.0011787903528067945,0.0015135968611955555,0.0011973535908312172,0.0012067445820385905
Q94981,1,503,S,test,1,0.008502963610983625,0.969463623022045,0.0007103431972769752,0.007879331480300133,0.0017581162716518261,0.0032210638665344806,0.0019309131382372288,0.0021373258553781527,0.0030377526024588835,0.00135856695513365
Q949Q5,6,140,M,test,6,0.002019633043970199,0.0019460593765534668,0.0011688738425600772,0.0010559895155021583,0.000865246855170017,0.002089856860550108,0.986656651444258,0.0011373455470697728,0.0011066676654930391,0.00195367584887316
Q949S9,0,253,U,test,1,0.01423242128706666,0.9670716556285024,0.0008029382964642218,0.00963013774873885,0.0012436151381043307,0.0019186392974342135,0.0010637203922444,0.0014884124778367302,0.00167346721675651,0.0008749925168517307
Q949W6,0,485,M,test,0,0.9832702695906881,0.00739097026474979,0.00044040812323697243,0.0043111144140461615,0.0006982933454500246,0.0009071955472672981,0.0009178892826159298,0.0007669252903693707,0.0006611308441456929,0.0006358032974307017
Q94A68,6,377,S,test,6,0.0024721390919962474,0.0028156995838277523,0.001682562957334225,0.0017702121741039014,0.0009041359186224429,0.0019441976755755212,0.9837894354446428,0.0012166479768493442,0.0009255769444638069,0.0024793922325839447
Q94AI7,0,1131,U,test,1,0.002517423021928705,0.988689441006768,0.0006148160062609089,0.0024257152261671086,0.0008945520012348871,0.0010832588435375754,0.0008338141722481845,0.0010417599262494998,0.001122019556155079,0.0007772002394500089
Q94AP3,8,389,M,test,8,0.020409618371223445,0.00412626868945449,0.004786555405662299,0.06039868725247077,0.1253909105231138,0.023149723842381932,0.005135224398623624,0.04796629148897499,0.6993742816476526,0.009262438380442049
Q94AV5,0,459,M,test,5,0.02847455666668813,0.014192615827352675,0.004540664205178274,0.00526726299559261,0.01466102265993583,0.8927649976174277,0.004833512073462759,0.021620031738179234,0.004070225226709866,0.00957511098947293
Q94BP7,1,741,S,test,1,0.002144011348671749,0.9887759282636019,0.0006700471003404254,0.002031892688111118,0.0008536621696802602,0.001189831246570575,0.0008876681897458776,0.0014019638194368062,0.001261630742627806,0.0007833644312134069
Q94CC0,5,480,M,test,5,0.0033518878813346684,0.0016272108610960211,0.0013490052728907112,0.0017941363327778923,0.006298950827137139,0.9777998129715829,0.0013280907963626814,0.0020330227656464687,0.002651561534638755,0.0017663207565327306
Q94CG5,1,974,S,test,1,0.0018106438879309614,0.9887256386539811,0.0009375167770128175,0.002071862882991913,0.0008807155275326175,0.0009597493103241471,0.0009016010773136673,0.001380158289334451,0.0014018925650502057,0.000930221028528081
Q94F00,6,371,S,test,6,0.001680271572655159,0.0019151859326229416,0.0010494353414084322,0.001078526715236076,0.0007018107525886267,0.00163494899268761,0.9882231290288624,0.0010743220266697423,0.0009555217631266896,0.00168684787414229
Q94FB9,9,1337,M,test,3,0.0047509079652796994,0.009569022956034626,0.002670228263693887,0.9581231886187764,0.00597062378895508,0.006719511851708137,0.003678394647445966,0.0023935770528037176,0.0029905135634635234,0.0031340312918389794
Q94ID1,3,329,U,test,1,0.08620250987185196,0.8571168797289704,0.0018896408183644402,0.03795444972873964,0.0018031077960800417,0.003969239078866907,0.003614032881036233,0.0023887301842459028,0.002728015189801373,0.0023333947220430373
Q94ID2,6,330,U,test,1,0.0025518297306911146,0.9881109504608626,0.0008597788967555387,0.002783883169528766,0.0006439446722582251,0.0011614872266762105,0.0010658405213259637,0.0008801679912185889,0.0009369339608413196,0.0010051833698416046
Q94ID3,6,357,U,test,0,0.7561381264698545,0.13556810864706617,0.00493806727564511,0.07604681504816443,0.003188256092299172,0.004290267249086282,0.008837511535607039,0.0019037947733026644,0.0027484483309780385,0.006340604577996581
Q94JX5,1,190,S,test,1,0.002658260408522297,0.9881996692008944,0.0008871508970450814,0.002500254555478209,0.0008269155748021512,0.0010869599187886935,0.0010052736192116222,0.0008733968930121423,0.0009370180383324006,0.0010251008939130089
Q94KI8,8,733,M,test,4,0.004497009189194248,0.0034479767871022017,0.005774273822607311,0.013757396991483123,0.48829148676454576,0.02886955349973399,0.005056123091485236,0.011086811896964723,0.4309157296682923,0.008303638288591167
Q95218,2,1594,S,test,2,0.0006868322692106139,0.0008940502533523878,0.9939417448528881,0.00048513825008015155,0.0007782829619629193,0.0009704824388565235,0.000539100824163001,0.000448679533853505,0.0007311291123325849,0.0005245595033002514
Q95J56,5,699,M,test,1,0.003377740004501256,0.9863040431608322,0.001003345184399629,0.003264240646976238,0.0009279427431844008,0.0012733114002806733,0.0010433140591945566,0.0009207213839311921,0.0009279427431844008,0.000957398673515421
Q95M12,8,433,U,test,1,0.004055534660979396,0.9712639342647242,0.009157156838929663,0.004111362788665689,0.002124631157651868,0.0017205787506046981,0.0013399881037403144,0.0017476739491335035,0.0024359017240853545,0.0020432377614852592
Q95T19,3,464,U,test,3,0.003210447029394459,0.003762567647788076,0.002934586256059216,0.9795696137054895,0.0015555059068008545,0.0016301560677517773,0.0021095788101410545,0.0012020017017605712,0.001797383650718866,0.002228159224095717
Q95XZ6,8,311,M,test,4,0.0032129500549334163,0.000881809528909507,0.0015117732626878802,0.005826429214653007,0.9520292470847782,0.011937558140250317,0.0015719954881690977,0.007244030169423077,0.012657921219735168,0.0031262858364602963
Q960V3,3,1122,U,test,1,0.0021261206257430563,0.9891808038056339,0.0007191499317293364,0.0018008944974358808,0.0010837972589933975,0.0010880390843325764,0.000847365758652441,0.0011903184490914258,0.001109498853231594,0.000854011735156426
Q96285,4,661,M,test,4,0.0013052158352523722,0.0005419735996119896,0.0006486575380727995,0.0023143346372903892,0.9875968674072335,0.0018953721677690942,0.0009549162324908625,0.0013103242562871066,0.0021868926815851344,0.0012454456444067816
Q96288,0,248,U,test,0,0.9948485587005974,0.001006124727299407,0.00041533927983030517,0.0009323325421394485,0.0005395926792631557,0.0004761888742739599,0.0005189211583798541,0.00036085303463015807,0.00038113674694575006,0.0005209522566405161
Q969D9,2,159,S,test,2,0.0006256200277447899,0.0010415954976436162,0.994342468118408,0.0005309568485189959,0.0005106161809670152,0.0007785967488972049,0.0005652005908078294,0.0004453673998173807,0.0005877156055808839,0.0005718629816143315
Q969J2,0,545,U,test,0,0.9948241692222698,0.0010229423561563603,0.00041209703419073195,0.0009694487073789046,0.0005545371002948489,0.0004912926799706563,0.0005068879656232141,0.00032855234534720203,0.00038712929763750893,0.0005029432911307696
Q969V3,5,563,M,test,5,0.0036727201103403215,0.0049809468156281995,0.00816421664071407,0.004570774199184886,0.004903724808538772,0.8376664988584066,0.0038791659166696984,0.01579853123358811,0.11336583472583926,0.002997586691090107
Q969X6,0,686,U,test,0,0.992957644866533,0.0022410355769928447,0.0003228517770329461,0.0013969367880780886,0.0005039645161523688,0.0005578378628789636,0.0005666224471163137,0.0005281502662106311,0.00045886489793378567,0.0004660910010710487
Q96AG3,3,418,M,test,3,0.002853071533632772,0.0026489868442457426,0.002248166066804467,0.9730420851175952,0.003992164344863402,0.0022569654359879746,0.005499438800107932,0.0011129229941435382,0.0019229583271975664,0.004423240535421393
Q96AY2,0,570,U,test,0,0.9947523005452679,0.0010001500031813543,0.0003901374343223927,0.0009846441806082775,0.000527042029159039,0.0004931798966139553,0.0005291048504804472,0.0003810999090469489,0.0004152991221606794,0.000527042029159039
Q96B02,0,151,U,test,0,0.9942488982862796,0.001087224494380715,0.0004350094959899508,0.0012188236379393356,0.0005718091449686872,0.000518608388959461,0.0005808138703950384,0.0003309377747766207,0.0003991871324577981,0.0006086877738528069
Q96BF6,0,587,U,test,0,0.994640632095311,0.0013695619432905872,0.00033891921360517334,0.0009285036762585516,0.0004723843800357839,0.0004723843800357839,0.000498937406429011,0.0003962366781536928,0.00039315318539011985,0.000489287041490394
Q96BH3,2,223,S,test,2,0.0008097916307937357,0.0008519758846378735,0.9945625150466905,0.0005352395543777962,0.0005565611358873659,0.000576475721889815,0.0005697595476966119,0.00037511989171726723,0.0005994398652980872,0.0005631217210109623
Q96BN2,0,335,U,test,0,0.995105189992896,0.0008760713183314359,0.00039642172002736395,0.0008658647791759855,0.000515015759682958,0.0004800474767872914,0.0004933548254839349,0.0003525848011196599,0.00039027580567885847,0.0005251735208164733
Q96BP3,0,646,U,test,0,0.9943658726485995,0.001497891295081922,0.00033357257292726083,0.0010831133064549147,0.00044191186653142666,0.00046675198437964074,0.0005247833600124721,0.00038695094483296734,0.00041190718695794114,0.0004872448342218729
Q96BY9,5,339,M,test,5,0.002687028919097455,0.0023898930300298694,0.003924905560607676,0.003266596278785152,0.007375780065411414,0.9566484731143644,0.003021107578590562,0.003009329375502883,0.012970205575790912,0.004706680501819717
Q96BY9-2,5,167,M,test,2,0.0013025891992896814,0.0017022179706182453,0.9894670863660215,0.0008025019794752046,0.0006348313194224765,0.0010968900773030625,0.0013597798560648524,0.0007657527473077407,0.0018459365274036445,0.0010224139570934973
Q96C03,3,454,M,test,3,0.00623023377606338,0.00813866229984035,0.003912607253898556,0.9630094879846971,0.0017601091155981436,0.0018159810201514143,0.007519684820376356,0.0013080019424795402,0.0018018488984073906,0.004503382888487735
Q96C10,1,678,S,test,0,0.9917657986391517,0.002458341656247904,0.00037995571677333493,0.0018403140157372787,0.0006363061266336567,0.0006071675461592592,0.0007043266679575023,0.0005615382114541713,0.00048030904217669947,0.0005659423777085323
Q96CJ1,0,260,U,test,0,0.9944241645556705,0.0011088636241032442,0.00042500742722259213,0.0011575485117040207,0.000560848275346438,0.0005106580794263842,0.0005330787390935499,0.00032842025402222595,0.0003992574930771172,0.0005521530403339239
Q96CN5,1,670,S,test,1,0.002491863430313001,0.9887377623201263,0.0008603243435610599,0.002235874240302743,0.0009748752365579486,0.0010058209958440135,0.0008670718932521299,0.0009748752365579486,0.0010176773164438484,0.0008338549870410104
Q96DI7,0,357,U,test,0,0.9942170921432167,0.0015880430705307203,0.0003232612877434893,0.0010015662335345322,0.0004558714564326725,0.0005065786785612481,0.0005585454270778749,0.00047774921180544414,0.00041184557111992277,0.0004594469199773926
Q96DZ1,5,483,S,test,5,0.006513086273359053,0.004480748378553397,0.002135239968249478,0.0026886733361945023,0.0038739793260702715,0.9723082471639422,0.0017224287548445198,0.001618071955407053,0.0025159276512478905,0.0021435971921316592
Q96E29,3,417,U,test,3,0.002184893036867939,0.002648384067200725,0.0017453542239717435,0.9852496077225874,0.0010503727444192733,0.0010260407802377414,0.002146822203326818,0.0008640129606618756,0.0014640056581273137,0.001620506602599116
Q96EG1,8,525,U,test,8,0.004924877893136045,0.01583572066228023,0.4398733866990469,0.01370467398658253,0.011098382725792052,0.022174389495948212,0.008183434407441603,0.0051210619200508945,0.4682427829370719,0.01084128927264966
Q96EP1,0,664,U,test,1,0.0020251978831291985,0.9893751967931093,0.0010506588341422814,0.0019705716252114017,0.0009021933902169247,0.0009308321986037419,0.0009529061144066559,0.0009793216230600467,0.0008676309048149398,0.0009454906333055111
Q96EX3,1,536,S,test,1,0.004664575317804598,0.9839345046491148,0.0005152371194337456,0.003855756416509272,0.001143103376410883,0.0015382138047058793,0.0007555452169082418,0.001384242562803175,0.0015262432837559892,0.0006825782525533751
Q96G97,5,398,M,test,5,0.008733226602512849,0.0022871148878469113,0.0017812069793960354,0.001837748502183003,0.009479828768090006,0.9669687398988394,0.0014999266172552887,0.0021909220750460116,0.00344007868943452,0.0017812069793960354
Q96GG9,0,259,U,test,1,0.0323675880240232,0.8202256201086512,0.01531925748558434,0.015898425591039652,0.010948179605783492,0.007672975061333018,0.010736421991911793,0.010365528353798555,0.06680426939477432,0.009661734383100426
Q96GM5,0,515,U,test,0,0.9950599456926048,0.0010505222420830944,0.00033642350010385983,0.000671676676932399,0.0004972017095658072,0.000507008129199901,0.0005129846010139636,0.0004286146596481548,0.0004286146596481548,0.000507008129199901
Q96GX9,1,242,S,test,0,0.6665776494643225,0.24522022651690778,0.003963615463836417,0.05514516289828469,0.00445641266200555,0.004562093552332713,0.008589960956029107,0.002404054223271893,0.004186412487911105,0.004894411775098278
Q96HY6,5,314,U,test,1,0.00566669236890005,0.9813237947944222,0.0005427548401988821,0.004298381112541646,0.0011136606519090689,0.0018870150981252823,0.0010878627833366143,0.0014468246610748687,0.0017588914196103736,0.000874122269880993
Q96HY7,3,919,U,test,3,0.0024999652561381864,0.0032813320917376917,0.0015952941054407069,0.9851947441705888,0.0010100773085294065,0.0009638225325068567,0.0015522636263840164,0.0008639648453369204,0.0014244372745181532,0.0016140987888191925
Q96I25,0,401,U,test,0,0.9940575450648257,0.0015479807182659292,0.00036911669635612804,0.0011052121507676364,0.000481418949457539,0.0005225753458646295,0.0005784381698682379,0.00041177947793737574,0.00040539540715012646,0.0005205380195066754
Q96JC9,0,268,U,test,0,0.9930904212829125,0.0018599476345946724,0.0004146052692406411,0.0016729544817233233,0.0005365391102599128,0.0005282208865163468,0.0005938946675226162,0.0003658879032240464,0.00039254040456169716,0.0005449883594443053
Q96JK9,0,1138,U,test,0,0.9945895126205511,0.0014778840476119823,0.00032338236314315133,0.0008739088182536035,0.0004420112575988978,0.00048167654581017885,0.000510743034457828,0.0004284119987989363,0.0004056123503082408,0.0004668569634661144
Q96JW4,4,573,M,test,4,0.0038382264279592736,0.0013473442508692274,0.0019299816319986905,0.007900082497962198,0.9318742146265149,0.015723660571790192,0.0021530496865304364,0.004611735227342506,0.02792117555494297,0.0027005295240896793
Q96M02,1,699,S,test,0,0.9932162142227604,0.001856553713139704,0.0003775502546171899,0.0015860571255770445,0.0005001728411148652,0.0005408157581752726,0.00057345093092737,0.00037461213562801763,0.0004379659647973242,0.000536607053262846
Q96M11,1,299,S,test,2,0.028470994248455613,0.28980211651511145,0.4216595768793586,0.02743381750605879,0.16772458668003667,0.022699055292463875,0.005562642359268132,0.016413506815968603,0.008819901758158142,0.011413801945120086
Q96M32,1,723,S,test,1,0.002384989625427098,0.9888459501921337,0.0008877310418740075,0.002039989811170935,0.0007022530389596596,0.001046002901973394,0.0011004919052962255,0.000982628616111018,0.0009598661040960109,0.0010500967629579552
Q96MT8,1,703,S,test,1,0.0017366870863816065,0.9880460288051043,0.0008530320164697201,0.0019526097065125552,0.0011797006014402796,0.0010533539923991686,0.0007646529878375609,0.0017883192657904997,0.0017988285435948644,0.0008267869944694831
Q96MU7,0,727,U,test,0,0.9947620523660589,0.001248371000698639,0.00037519517614859234,0.0008324068615838346,0.0004931846867269128,0.0004780110565441185,0.0005168531423433865,0.00039628503256873885,0.00040252565007744845,0.0004951150272494365
Q96MW5,7,612,M,test,7,0.015926688575790736,0.0582574072193432,0.004953168694445588,0.017423849187757256,0.0213898825633597,0.026464620050551415,0.010404256885782089,0.5505760196708511,0.2856350779283892,0.00896902922372971
Q96N77,0,438,U,test,0,0.9950342272462476,0.0009621074514197222,0.0004026357821088933,0.0008358935089684496,0.0005460550943816752,0.0004971888312600312,0.000505018460218882,0.00033905331249675733,0.0003902479693884551,0.0004875723435095573
Q96NL6,1,688,S,test,1,0.001987277644976089,0.9880666146155012,0.0007951298140086926,0.001922377271064044,0.0011257015198809356,0.0011345304573641003,0.0007127497387697959,0.001637885948256376,0.0017779084263912755,0.0008398245637874902
Q96NY9,0,551,U,test,0,0.9926830370427684,0.0020680025508075872,0.00035172660369086093,0.001760240393784221,0.0005198182375215544,0.000575386351404866,0.0005983070713359834,0.00047701203590656263,0.00043432437418399605,0.0005321453385959552
Q96PN7,0,1200,U,test,0,0.9949201696837203,0.0011468711237121116,0.0003637094105959751,0.0008966799631580023,0.0005049605869056844,0.0004706749907941723,0.000495193747927957,0.0003443531496078796,0.00038116420174393766,0.0004762231418339687
Q96PU5,1,975,S,test,4,0.256292804734652,0.016512754380030574,0.00897782905739506,0.020094017708427347,0.644319988138526,0.0144590510819127,0.006829971835602337,0.014744229521041737,0.009335464396945506,0.00843388914546672
Q96Q11,3,434,U,test,1,0.0036706397730576048,0.9854904276125476,0.000683657640859358,0.004163443518624233,0.0007164669705534117,0.001452967737145996,0.0009641118097105807,0.0009128026886517273,0.0010183049457045924,0.0009271773031449775
Q96QG7,1,549,S,test,1,0.0023834777005858152,0.9872544190623931,0.001235324862241233,0.002399826602362186,0.0010859202354635432,0.0015555087833209942,0.0009361217756607785,0.0010281285277665253,0.0011247761765747915,0.000996496273631021
Q96RT7,1,1819,S,test,1,0.0028993582209416013,0.9878631622636108,0.0006746789298742606,0.002354860721964813,0.0011387363535419674,0.0011611960118641286,0.0007887796216673775,0.0010572807874019278,0.0013209571784324047,0.0007409899107007451
Q96S37,4,553,M,test,4,0.02457530058908251,0.0030806565284842006,0.0033309836972744175,0.035671837735859184,0.6757125278898195,0.08133530641378811,0.004447446683844739,0.035118796037636776,0.12597459592802213,0.010752548496188393
Q96S94,0,520,S,test,0,0.9948868157506282,0.0009752071930219666,0.0003994432628037205,0.000822812202554187,0.000541725370677656,0.0004971151939674689,0.0005354140886265057,0.00039325049155021415,0.00042520518772584724,0.0005230112584441981
Q96SB8,0,1091,U,test,0,0.9947698722926478,0.0009359076555283058,0.0004153064599125162,0.000943247989943628,0.000574347960532351,0.00047429488227943034,0.00053118506423878,0.0004056858988593986,0.00042515519496931373,0.0005249966010884635
Q96T37,0,977,M,test,0,0.9949034453601663,0.0011717579568740488,0.00037524850766637536,0.0008673816795484134,0.0004743585582715348,0.0004456186386638557,0.0005209809794021601,0.0003580645854696677,0.00037819163287430185,0.0005049521010633211
Q96T58,0,3664,U,test,0,0.9934307740006384,0.0018299513839715633,0.00037469303788616507,0.0013877422046607811,0.000508159156337434,0.0005430497007265759,0.000564682344654484,0.0004180002934646852,0.0004083173328443762,0.0005346305448154868
Q96TA2,3,773,M,test,3,0.0027080038840163736,0.0027345787037245674,0.0016075758923633355,0.9850536780152983,0.0012866875870142763,0.0010419913512507933,0.0014694433145857459,0.0008638411294814049,0.0016013085581108942,0.0016328915641542544
Q96VH5,3,97,M,test,3,0.009496468305053036,0.00864663271380522,0.01154476892430349,0.8253137630704688,0.05529257390754675,0.013952873920100138,0.04323044131308726,0.003704371934562745,0.0069206777450947395,0.02189742816597781
Q96WW4,5,371,M,test,4,0.005395923975029035,0.001084535336099386,0.0015175379160824825,0.002251553718137634,0.9707089841608406,0.010209709898640524,0.0012980187918328523,0.0033602352207611785,0.002747906021077963,0.0014255949614983355
Q98SJ2,1,360,S,test,0,0.6632162808135921,0.2852458007984859,0.0015933699616503768,0.028133047233713397,0.0037630365012407195,0.005475185712085924,0.0033208680667384275,0.0034802397081026117,0.0035075358409462974,0.002264635363444323
Q99109,2,652,S,test,2,0.0006504287999836608,0.0010988788847154868,0.9941695659196742,0.0004814731816222329,0.0004118258545812606,0.000627959421119006,0.0006255112651749809,0.00045584964611346306,0.0008769587492439723,0.0006015482777717568
Q99134,2,64,S,test,2,0.0008032256276591882,0.0008978147592397614,0.9942355181661491,0.00045233223088007575,0.000571801468991305,0.0006737467679208237,0.0006479359791532097,0.0004558799002977529,0.0006763837494319198,0.0005853613502768794
Q99158,5,426,S,test,8,0.010486149049767737,0.043379071485426746,0.1627544728406653,0.04320995074432921,0.00829522650570836,0.033949019959265865,0.019744356647427623,0.021855011286992458,0.6386970143575874,0.017629727122829286
Q99177,0,341,U,test,0,0.9945618098525633,0.0013883049757822362,0.00031342420974372854,0.0007818164335266077,0.0004419989474009828,0.0005269410734947635,0.0005248867503569542,0.0005028106783160936,0.0004668439871925916,0.0004911630916227498
Q99332,5,602,M,test,5,0.0035864004104875155,0.004411347811645342,0.004292359707549094,0.003214828768828278,0.007431031433142756,0.9268915342049865,0.004016577855262039,0.004292359707549094,0.00564220006223079,0.03622136003831856
Q99549,0,860,U,test,0,0.9950720434418161,0.0009888156550882437,0.00034172555677852365,0.0008229654438528771,0.0005011074127427834,0.000493338436422905,0.0004991537890653722,0.00037531210393349304,0.00041219972387675143,0.000493338436422905
Q99590,0,1463,U,test,0,0.9772056032308236,0.010940917421777375,0.000511713542634362,0.0059252826486814025,0.0007681729378459332,0.0011622084635845853,0.0010336896776400103,0.0009338608647762769,0.0007681729378459332,0.0007503782743905087
Q99638,0,391,U,test,0,0.9943569152651797,0.0012059317487096227,0.0003606747432254046,0.0010980132336038265,0.0005372233491425374,0.0005066498921239794,0.0005652088353882376,0.00042497872432755015,0.0004216714814996281,0.00052273272679957
Q99678,4,358,M,test,4,0.0012880190057944212,0.0006867391104018677,0.0009497256538550401,0.0014999760524056812,0.989932389299132,0.001615537827673892,0.0008956765761191057,0.0009875584832293386,0.001093127515602949,0.0010512504757857531
Q99714,3,261,U,test,1,0.004253985330201765,0.9740377721595799,0.0022592746813858444,0.006837797485683662,0.0020570929559005835,0.002500789181411968,0.002855990913365164,0.001105392106517975,0.0021058753938435963,0.001986029792109525
Q99732,8,161,M,test,4,0.007132714854414531,0.0022531924670577976,0.01218659271935511,0.0037733874292321637,0.9233174641639744,0.02063919435526654,0.004826236528146668,0.010342627855859892,0.010905338599059941,0.004623251027632898
Q99788,4,373,M,test,4,0.001354681152305243,0.0007307956374234332,0.0009833928931895608,0.0015024268575756245,0.989615039480798,0.0017024724931364854,0.0009274279176898786,0.0010067134422691425,0.0010927770740424992,0.0010842730515701077
Q99871,1,368,S,test,1,0.021740783757648055,0.9463640778639972,0.0009043873600432469,0.015782114664009778,0.001884904988088736,0.004451550231560881,0.0017028697190983578,0.0030238582866832044,0.0028295774059817766,0.0013158757228887512
Q99J87,1,678,S,test,0,0.9318778865810596,0.04224355677908643,0.0007268405443910644,0.013189081599315151,0.002070576030508539,0.002690011736729508,0.0019603819393300866,0.0021530581517743776,0.0019451260600760905,0.001143480577729173
Q99JS0,4,100,M,test,4,0.008530368839939578,0.004674256254958883,0.029657835860743796,0.005507620065438073,0.8433504242946065,0.07198408872868148,0.008398117297537594,0.014299637951903183,0.008463984161040298,0.005133666545150636
Q99JX3,7,451,M,test,1,0.0024379120072731183,0.98352384344874,0.001325469729984918,0.0022371535645724595,0.0019210283601010084,0.0018117022725847517,0.0012746915816872551,0.0020529274935157916,0.0016176680948654222,0.0017976034466752478
Q99K48,0,473,U,test,0,0.9657568438232269,0.019732895803637192,0.0006493551660764771,0.006713780128934229,0.0012037144913464501,0.00169750943954593,0.0012713757797796334,0.0010622741724601245,0.0009747975396267919,0.0009374536553662557
Q99KK2,0,432,U,test,0,0.994194216606824,0.001175505350275425,0.0004216024565524828,0.0011471541446737962,0.0005329554588972875,0.0005085496849955983,0.0005945547642325054,0.00040229587750968926,0.0004216024565524828,0.0006015631994866958
Q99LQ4,2,66,S,test,1,0.003858114879458885,0.9864612359524877,0.0013037149510865325,0.002402586663177982,0.0008063390381588466,0.0010035052104411444,0.0010193081249386276,0.0011021348336078436,0.001150524376200387,0.0008925359704420339
Q99MG7,2,172,S,test,2,0.0008599854837985542,0.0013371848136788482,0.9922165945747493,0.0007355845938218988,0.0009190327324598477,0.0012884721024602986,0.0007046468143586585,0.0006568030271088002,0.0005933721012632813,0.0006883237563005001
Q99ML4,5,431,M,test,5,0.0015806709992175483,0.0012406828334012216,0.0015320389624135797,0.0012025110628905197,0.0036669919672152594,0.9799846767838117,0.0010447597977483898,0.002678329222639679,0.0053998168662822196,0.0016695215043798358
Q99ML8,2,113,S,test,1,0.11091679803372888,0.8455863980395383,0.0014293471693666308,0.024270196771968375,0.002320059750171752,0.004668377689198495,0.002431401689499621,0.0035793694241455457,0.003323331858125397,0.0014747195742570343
Q99MQ1,1,977,S,test,1,0.00245044541268337,0.9885801586621078,0.0010295092271159878,0.0020959768261296836,0.0010214975247378095,0.0011395629163054727,0.0009596081133966092,0.0009521404198125783,0.0008337220569922177,0.0009373788407184867
Q99MS4,2,279,S,test,2,0.0005761888098206942,0.0009555573324018542,0.9940674872431059,0.0004967057881763963,0.0005205432208064939,0.000949974810617405,0.0005672557970769334,0.00046298070811971124,0.0008599085309384822,0.0005433977589361672
Q99MU0,0,676,U,test,0,0.9918784104328152,0.002556561311413628,0.0002868381910935923,0.0016222743180907913,0.0004956119910767755,0.0006880891299689574,0.0006265122337697257,0.0007736393756706571,0.0005485924304919586,0.0005234705856087094
Q99MV1,1,1172,S,test,1,0.0020364674317517395,0.9890683253252482,0.001158079965815298,0.0021614663026466776,0.0008606119501686488,0.001113714663576279,0.0009378417090408771,0.0009161166866047709,0.0008021785531402149,0.0009451974120072567
Q99MV2,1,351,S,test,0,0.9298115563708986,0.04281365214341898,0.0008679852650034473,0.016250228843205306,0.0014310657573611367,0.002463019736428161,0.0017261947859862562,0.0018375246231820313,0.0016216099362604034,0.001177162538255703
Q99N93,3,251,U,test,3,0.0018992497110776785,0.00257828083327951,0.0014936525649909215,0.9857591264950316,0.000956869730169741,0.001018582597429073,0.002393852888824547,0.0008313428737418674,0.001447697733700869,0.001621344571754193
Q99NB1,3,682,S,test,3,0.002186847193573009,0.0026846197411843986,0.0022126252688590667,0.9803696608592308,0.00253183745034717,0.0019450220904945615,0.002695126921551367,0.001005130266321595,0.0015446612190472386,0.0028244689893908007
Q99P30,9,236,U,test,1,0.0027680663606291225,0.9864627297464965,0.0010516660537149942,0.0030069089141283685,0.0008583447412805958,0.0015301649037782895,0.0011963578361245657,0.0009353710520918043,0.0010353613900978083,0.0011550290016578925
Q99PQ1,1,284,S,test,1,0.0023477269400418686,0.9867959227347562,0.0007518456450482253,0.0031492011423023174,0.0010685881482673796,0.0014267523930094799,0.001027651160213143,0.001027651160213143,0.0015187699867906402,0.0008858906893575423
Q9ASQ7,4,519,M,test,4,0.0023016793325323047,0.0007531066245911511,0.0011664343126788588,0.002847751213884555,0.9731264177978253,0.009032476199178047,0.0018712520972489746,0.0030551911988365623,0.003798535351488784,0.0020471558717355064
Q9BMK9,4,1001,M,test,4,0.0012457453978528157,0.0006337839000830103,0.0007294807914292334,0.0018921292780351847,0.9878346176416963,0.0027077045589691,0.0010247221681803519,0.0011342639851340739,0.001663288293485813,0.0011342639851340739
Q9BQ83,0,275,U,test,0,0.9794350567758128,0.009306619595065577,0.0004971012672757872,0.005535570738028614,0.0009071939584671475,0.001183203968003133,0.0009071939584671475,0.0008260095243431322,0.0007010251072683616,0.0007010251072683616
Q9BQA5,0,517,U,test,0,0.9948271365714627,0.0010513026974373258,0.000396310980847397,0.000952559333424636,0.0005523768153560833,0.000483677365983019,0.0005108650887804364,0.0003337273233709086,0.0003871304681539834,0.000504913355183546
Q9BQB4,2,213,S,test,2,0.0009541258232585549,0.0007909981468099804,0.9945188667473637,0.0005187492032147526,0.0006136282191691052,0.0005901205302518606,0.0005697345765548805,0.00038399878153012494,0.000560901679980051,0.0004988762918669997
Q9BQQ3,7,440,M,test,4,0.003166450813207735,0.0020685131775372103,0.0014328171524501689,0.002249739712149258,0.9832787414480668,0.0023302388157839474,0.0013355324719591408,0.0015798009333239875,0.0011694313152149775,0.0013887341603067034
Q9BR76,1,489,S,test,1,0.006244097799606745,0.9787969531690183,0.0005456031617297605,0.004905837559170928,0.0014831033680941072,0.0023150914212558284,0.0010193210268072189,0.0019343312483183425,0.001980202726554098,0.0007754585194447247
Q9BSH3,0,213,U,test,1,0.2568903895728479,0.6458223543303104,0.0030616745737684953,0.07078074752869093,0.0030142076226806294,0.006456296040825543,0.0041199331689803845,0.003607534383145826,0.003607534383145826,0.002639328395604094
Q9BTP7,0,215,U,test,0,0.9947911462134794,0.0010319384706008784,0.00038410391275916703,0.0010080336320948406,0.0005250077790594939,0.00045971217153124074,0.0005108465537064057,0.00036938907434529,0.00037814891982497777,0.0005416732725982956
Q9BUL9,0,199,U,test,0,0.9947578707429474,0.0011545496042530774,0.00040568103507312016,0.000934070125374791,0.000459696821704171,0.0004561194365008079,0.0005480401161795051,0.00034699740074501425,0.00039319953524641024,0.0005437751819756354
Q9BV35,3,468,M,test,3,0.004815266482205704,0.007256863195062434,0.0054777679199378435,0.8998788622437104,0.00587678702464286,0.009427835262045697,0.03772734862064373,0.0027116916690142806,0.004299549398919135,0.02252802818381795
Q9BVJ6,0,771,U,test,0,0.9941384446865034,0.0013507359657442795,0.00037790082711686883,0.0011504551694482951,0.0004928755635484872,0.000528778338590598,0.0005968483539578465,0.00041181298753640417,0.0004150428141129343,0.0005371052934408734
Q9BVK8,5,224,M,test,5,0.0010930709888050828,0.0016154540892316116,0.0017196419527742391,0.0017604221205470383,0.0031690893188869415,0.9707351197474698,0.002156914283435446,0.0023050096957226954,0.011524324375365831,0.0039209534277613155
Q9BVV6,1,1533,S,test,0,0.9067704397544335,0.06074983120056034,0.0009224375007890631,0.019115783334248328,0.0016444225819759433,0.002797257203705402,0.002046517069473717,0.002638064823030495,0.001983552439346596,0.0013316940924366582
Q9BW62,1,490,S,test,1,0.05611703507927118,0.9056830932266704,0.0011200541233754734,0.02267333362950241,0.001996712248066375,0.00375960691596271,0.002060094561202779,0.00244642294380252,0.002624628699654649,0.0015190185724914503
Q9BWV1,4,1114,M,test,4,0.0011892224395948768,0.0005465967099743056,0.001270875447604222,0.0011845861994160725,0.9882700415655876,0.003309301557086497,0.0009225566147196387,0.001057716316382262,0.001270875447604222,0.0009782277020302758
Q9BWW7,0,348,U,test,0,0.994920664615855,0.0011013213008906843,0.0003752550086193921,0.0008931846184277495,0.0005291944219374921,0.0004913403504733323,0.0004971321291124603,0.00033637639501822396,0.00038116439583664273,0.00047436676382900075
Q9BX84,4,2022,M,test,1,0.002365336213681885,0.9883889623226408,0.0010054661635834775,0.002466776806639604,0.0007185742624870108,0.001166361229541624,0.0010133522544286185,0.0008533280915515083,0.0008735642190568349,0.0011482784363886478
Q9BX95,5,441,M,test,5,0.0015798747286868485,0.001681767941984857,0.001708251846761551,0.0018042735366356716,0.005168840045493792,0.9718685567634526,0.0019508849037667422,0.0027085355249524125,0.008507425330956461,0.003021589377309019
Q9BXB5,1,764,S,test,1,0.00229722655927432,0.9884673706286057,0.0009299780665870036,0.002055202574509768,0.0010579275979063847,0.0012465433711227238,0.0009899565266968317,0.0010957819060637658,0.0009372718946506341,0.0009227408745828583
Q9BXL5,0,484,U,test,0,0.9931431146945334,0.0019284837808612523,0.00035188960765379494,0.0014496669067126813,0.0004885503606985658,0.0005734087614151633,0.0006297663586732062,0.00046255018784000537,0.0004146272893949043,0.0005579420522169906
Q9BXS1,9,227,U,test,1,0.0030746937109842163,0.9879836986675743,0.0009894720229148752,0.002432282769052759,0.0007410803190587957,0.001134435174895833,0.0009972325010596545,0.0008397540617606807,0.0008332190294949782,0.0009741317432038876
Q9BY07,4,1137,M,test,4,0.0030318698007533004,0.0008669502909876529,0.0008602036158206921,0.0029907002218194185,0.9656981558826155,0.011330960936483087,0.0013323094094610441,0.00505392798219017,0.006926476763906163,0.0019084450959628784
Q9BYC9,3,149,U,test,1,0.003679207417100079,0.9868264530311391,0.0008519791004040697,0.003304467647684639,0.0006739709287390111,0.0010038767114887443,0.0009654189086293412,0.0008519791004040697,0.0010038767114887443,0.0008387704429222106
Q9BYD1,3,178,U,test,3,0.0016873097857478176,0.0021204979711567764,0.0015544225044082016,0.986564922025198,0.00124901352860244,0.001060024071165818,0.0020512469166586353,0.00082554759463975,0.001471697772745431,0.001415317829677207
Q9BYG8,1,508,S,test,1,0.002867812540978921,0.9818976580932129,0.0032847540186260837,0.004830905731209449,0.0006973185851542007,0.001608697008766728,0.0014476707525643145,0.0009833768768161067,0.0011769479677548277,0.001204858424916472
Q9BYK8,0,2649,U,test,0,0.9876462349920043,0.00389684951357161,0.0005171807783101973,0.00400487385324038,0.0006692815892118423,0.000770338471778425,0.0007886064225253555,0.0005294453072475589,0.0004973678215994961,0.0006798212505108654
Q9C0E8,5,428,M,test,5,0.04353309194131267,0.008243778993053506,0.004865235344242169,0.011901284961491466,0.10321381284304927,0.7930332684448743,0.004903394425353503,0.01823612176569395,0.0062470866569984485,0.005822924623930663
Q9C0U6,1,555,S,test,1,0.0035738289521712145,0.986097003812353,0.0009133644902198705,0.0038006076210900376,0.000594337566764569,0.0011773734180603023,0.0010349774609374198,0.0008580265271039851,0.0008992040802067602,0.0010512760710928452
Q9C0Z8,3,319,U,test,3,0.004371702431852447,0.008517685811581051,0.0012080647787323167,0.9768490852882306,0.0014572042640198482,0.0014572042640198482,0.0011800799338801801,0.0011800799338801801,0.0020073835105320612,0.0017715097832715142
Q9C1W6,1,395,S,test,1,0.0021150945438135984,0.9879024404540614,0.0006799976195439217,0.002399057851545965,0.0007295309468700609,0.001321009723033432,0.00111240182770178,0.0014117114703282938,0.0013470644059438983,0.0009816911571576526
Q9C4Z7,6,229,U,test,6,0.005671422296998292,0.008084366525325739,0.003311343433259744,0.004932231064796553,0.003086511208824358,0.011334177705659145,0.9547184018234437,0.0021886642782079965,0.0015641677554384993,0.0051087139080460316
Q9C5P4,0,669,U,test,0,0.9951187508617566,0.0008916193159516173,0.00039334214482410315,0.0007348599129507499,0.0005590519362395123,0.0004972310921350681,0.0005130149145153708,0.0003812402771891843,0.0004058281830263171,0.0005050613614114672
Q9C5S1,1,784,S,test,1,0.002827061863139826,0.987518270945663,0.000701310185485982,0.0031646134507193626,0.0007946885468293688,0.001255113773326133,0.0009290850909497596,0.0009585772835175097,0.0009437160524780156,0.0009075628078910439
Q9C5S2,5,841,M,test,5,0.0017640562491879719,0.0023007630062536633,0.0023553243057264136,0.004211138411858013,0.005382184798485686,0.9727390874334384,0.0024683584594329326,0.0016701748603873293,0.0053585841534383154,0.0017503283217912822
Q9C5Y2,5,489,M,test,5,0.001326264101772618,0.0016831166721323898,0.002256051114183169,0.0017986808905283496,0.0034704357756128418,0.9764548703413286,0.00369606358802068,0.001226593835671046,0.002062197702185724,0.006025725978564582
Q9C658,1,611,S,test,1,0.002231311408993975,0.9886490652127723,0.0007894071603867917,0.002145831125919236,0.0007244007246761982,0.0011219737971918168,0.0012322471691394643,0.0011175996076481201,0.0009824330296452689,0.001005730763626795
Q9C8J6,6,527,U,test,9,0.01482756655277833,0.14233832379441688,0.03188427608946583,0.04040402636835038,0.008615124231914972,0.051450931685811246,0.07559531351019398,0.007844160486254702,0.008750792788359362,0.6182894844924544
Q9C8L2,6,287,S,test,6,0.0015743367815206988,0.0014390603251253928,0.0010344937128399995,0.0010184554079933636,0.0006864348606726845,0.0013257243135324425,0.9894937721911455,0.0009567503444323551,0.0009058330222693371,0.001565139040468183
Q9C8M5,1,476,S,test,1,0.0028150355363781897,0.9866840705097416,0.0012060115678255272,0.0021499477867361868,0.0015977058376043275,0.0014661371928391923,0.0009804803871262255,0.0009881704344000335,0.0010355937313647802,0.001076847015983949
Q9C8N5,0,499,U,test,0,0.9950028906872739,0.0010649222853664317,0.0003637396457311781,0.0008245170583814841,0.0005210330570225622,0.0004744059518071755,0.0004971732109188868,0.0003723655270459889,0.0003932963634037526,0.00048565621304863684
Q9C932,0,317,U,test,0,0.994681231573831,0.000867187964008305,0.00046326656106839876,0.0009845737883082961,0.0006740488231863066,0.0005009105924003888,0.0005437332722833503,0.0003310816710373865,0.00037516469236422903,0.0005788010615123293
Q9C952,0,693,U,test,0,0.9932907577783229,0.001350449598093799,0.0004886229752744132,0.0016963262629047652,0.0005734939919780454,0.0005283274675541881,0.00064479662863029,0.00035194193203423065,0.0004379988424885951,0.0006372845227187748
Q9C9N6,1,607,S,test,1,0.0018649281130083727,0.9870363767735466,0.0008005305763171589,0.002316411746524241,0.0011970534321357202,0.0012545012484847303,0.0009962762400949547,0.001636178182634192,0.0020046873801349684,0.0008930563071191068
Q9C9X7,0,419,U,test,0,0.9950678982481951,0.0010201998006441097,0.00037825412664091804,0.0007493153575415291,0.000512988688509569,0.0004875888427292223,0.000508996574039149,0.00036661646452625985,0.0004089902182831309,0.0004991516788910093
Q9CA19,3,154,U,test,1,0.004953163968024025,0.9834257348097319,0.0011514730964811894,0.003664738481886457,0.0008624134860947298,0.001274564495026939,0.001388941740558831,0.0009398050578324196,0.0013150234783603101,0.0010241413860031883
Q9CAC5,6,191,M,test,6,0.004338980093282727,0.003897040299960359,0.0020940994858499144,0.0026471898320910847,0.0017911782102463802,0.012336483890860164,0.9648147613635832,0.0016565689227467809,0.001869820250906429,0.004553877650472875
Q9CAE4,0,261,U,test,0,0.9948845119437784,0.0009544766699053747,0.00041535430226739915,0.0008037500152374936,0.0005459729442210724,0.0004932454138965692,0.000552408674771238,0.0003781844295004635,0.00041535430226739915,0.0005567413041545966
Q9CAL8,4,710,M,test,4,0.0012753000531718303,0.0005953907950821193,0.0010127938384484228,0.001305542894013755,0.9878444419089831,0.003432936128777081,0.0009293919731063351,0.0014394702361951563,0.0010908219138162098,0.0010739102584059212
Q9CQ45,2,171,S,test,2,0.0007747996111173194,0.0025342754017535353,0.9856355162738761,0.0009419168319313317,0.0008576249796218473,0.003547820718359703,0.0010385421308543288,0.000956749773705146,0.002834791309661815,0.0008779629691188327
Q9CQL4,3,149,U,test,1,0.0035567718178986744,0.987157857816177,0.0008522652003608993,0.002959486026813375,0.0007176791962228533,0.001028028059550826,0.0009657430698848811,0.0008656863732496253,0.0010442172394808944,0.0008522652003608993
Q9CQN4,2,206,S,test,2,0.0009033656785836928,0.000816122871222495,0.9945380209183331,0.000522827910383585,0.000606491004763967,0.0005994251185145287,0.0005697455557330016,0.00038701796895851425,0.0005522163184417826,0.0005047666550653306
Q9CRZ8,5,162,M,test,5,0.0012072877794879978,0.0016892992057879362,0.0024387880810750745,0.0017703703628947826,0.006727136992798219,0.9610858284069853,0.0017703703628947826,0.002930271173515212,0.01653639449716414,0.0038442531373965097
Q9CUU3,0,1500,U,test,0,0.9933198622188214,0.002013512873230821,0.00027625047179186043,0.0009128946631843241,0.00045903227558791355,0.0005986909340924159,0.0005871112185251478,0.0007869643687234612,0.0005646193128413824,0.00048106166320123733
Q9CWH0,0,301,U,test,0,0.9931318148552677,0.002001370300245686,0.0003630556451610188,0.0015476723177700004,0.0005200532606231624,0.000528242903878072,0.0005623116149275297,0.0004050178679909456,0.0004244550939621369,0.0005160061401737527
Q9CXD9,2,443,S,test,2,0.0008771530396431304,0.0012369840796131973,0.9924495533287792,0.0007075707767800987,0.0007386369630893013,0.0013116291206622837,0.000730031484020703,0.0005935114064302285,0.0007473436652834217,0.0006075861356984641
Q9CY02,1,102,S,test,0,0.9848735347654806,0.006533143261183105,0.0004376933270492358,0.003614998223400247,0.0006622088048889607,0.0009748657466029179,0.0008371105232166648,0.0007742005639340637,0.0006939889615890956,0.0005982558226550927
Q9CZ16,5,297,M,test,4,0.005272044850549157,0.002692697129771249,0.008683648043319017,0.005927519463707762,0.9219406335147949,0.0377569053201082,0.004580432127182772,0.006044429318937846,0.0026098515621861243,0.004491838669442894
Q9D023,3,127,M,test,3,0.0029323538673141094,0.002926632287094943,0.002787162773863716,0.9769145815660369,0.004125198336390272,0.0023016310224607543,0.0025377406193270585,0.0013372953939127066,0.002337876467136356,0.0017995276664631386
Q9D198,0,242,U,test,0,0.9944074467342287,0.0013682382369305914,0.00039000214938870266,0.0011175417052332597,0.0004704324112904491,0.0004704324112904491,0.000533069786080163,0.0003441756985581765,0.00039000214938870266,0.0005086587176108771
Q9D1F4,1,257,S,test,1,0.0025396044187194124,0.987225942811094,0.0015017299341439896,0.0022898646841597726,0.0013098320831492496,0.0011247437135261723,0.0009964676503690084,0.0011514162097986927,0.0008793796234295625,0.0009810188716100946
Q9D1T0,4,614,M,test,4,0.0012030218811905666,0.0005507835497586001,0.001331623899094707,0.0013685377980622733,0.988090326334973,0.0032194536240108497,0.0009973401199804186,0.001147931477229746,0.001069989911356953,0.001020991404342954
Q9D219,0,1425,U,test,0,0.9931249760736679,0.002272267858438304,0.0003410569091734942,0.0013318896717185189,0.0004923730809895658,0.000540766057851052,0.0005492818969722922,0.0004661695341741262,0.00041139318498333006,0.0004698257320314372
Q9D495,0,329,U,test,1,0.0038351393570355656,0.9853864972098242,0.0007566602150705502,0.004146774755982569,0.0007685759039718656,0.0012329875942502055,0.0009416788902435,0.0010102739332238661,0.0010838656376602764,0.0008375465027374465
Q9D563,4,222,M,test,4,0.005439853134395717,0.0031854571828615606,0.01090329107895282,0.0073919581111941335,0.9041844160362879,0.048295857406582356,0.0060685949856521286,0.006236822091222989,0.0034174968740760927,0.004876253098774402
Q9D6I7,5,428,M,test,5,0.0020288328619278537,0.0012997191786134905,0.0014670330213605424,0.0009398166796189924,0.0029346886318472845,0.9834378721904706,0.0010484412526736387,0.00222823716944353,0.003165417507747653,0.001449941506296402
Q9D6Z6,2,183,S,test,0,0.8382550512136574,0.11168668464629841,0.0011839099509451596,0.025511641159293642,0.003399097374520312,0.007029197207421752,0.002410321273417357,0.004520697071941616,0.0039895014068615335,0.00201389869564288
Q9D7G9,1,263,S,test,7,0.19078616084765276,0.04229561868621342,0.01248578489922236,0.02123903424140043,0.05617641381372203,0.12414693143757106,0.013820504104958373,0.4871895644706618,0.03289566181687446,0.018964325681723296
Q9D7K2,0,161,U,test,0,0.9947104838205505,0.0012176045454037735,0.00034160139194296926,0.0009358517488544828,0.0004724175560665927,0.0004761227939689691,0.0005290826288428113,0.00039318077387727354,0.000408843291880768,0.000514811448611866
Q9DDT5,0,1084,U,test,0,0.9943860540027498,0.0014265380085589118,0.00033357934763825295,0.000797095552899901,0.0004949278560998203,0.0005478352489487697,0.0005478352489487697,0.0005414527201039368,0.0004316837420981555,0.0004929982719537001
Q9EPK6,5,465,S,test,2,0.0008681849164759226,0.0018006390081029004,0.9900069430954952,0.0009761266601827626,0.0008187763902782255,0.0018632484499781117,0.000697606198669719,0.0008060824051295506,0.0014369972332071088,0.000725395642480483
Q9EQ14,2,196,S,test,2,0.0007035660365283834,0.0009248200398373942,0.9945721786114075,0.0005543966301636619,0.0005187770357065313,0.000700823117043461,0.0005587449168661671,0.00042507070929913434,0.0005187770357065313,0.0005228458674412476
Q9EQJ4,0,579,U,test,0,0.9949605505548843,0.0010534993048276094,0.0003902190848359211,0.000834200751012907,0.0005502971571001398,0.00048374221832755206,0.0005129333638922932,0.0003390282055841256,0.0003841693290570062,0.0004913600304780892
Q9EQR5,4,269,M,test,4,0.0014044091214625186,0.000604028912747627,0.0019158540462663556,0.0011965715927859963,0.9866390188491964,0.003700125500515034,0.0009766132515601684,0.0011826310925684117,0.0013039498126033956,0.0010767978202940824
Q9ERP3,1,366,S,test,1,0.0020173085335275266,0.9874477045070842,0.0006743951758871244,0.00253521859791703,0.0011427124343018524,0.0015376876976824928,0.0009812391595681506,0.0011249963523081359,0.0016241219913969416,0.0009146155503265349
Q9ERU2,0,237,U,test,0,0.9948122092269579,0.0010031448497482439,0.00044211024579412253,0.0009751340439000515,0.0005567008400505208,0.0004893714011564795,0.0005108573613152417,0.00031350313095085077,0.00038411204753355347,0.0005128568525930537
Q9ERZ0,0,503,U,test,0,0.9914781547603694,0.0028287130682959154,0.000365293879353213,0.0018797344710861598,0.0005032136153916755,0.0006797981980213837,0.0006959191591140407,0.0005398693081316406,0.00045461557316132825,0.0005746879670753196
Q9ESC8,0,1160,U,test,0,0.9947075128521325,0.0012331571788238907,0.000311030671939589,0.0007896045950613557,0.000506828563367792,0.0005128029397626653,0.000522917045200138,0.00046327881174570073,0.00044206371903649254,0.0005108036229297742
Q9ESP5,0,455,U,test,0,0.9949267858288766,0.0011208585832666765,0.0003782005002096481,0.0009001954734075054,0.0005169387933548036,0.0004780902400609733,0.0004951970075716906,0.0003311634088138187,0.0003782005002096481,0.00047436966422863513
Q9EST4,0,264,U,test,1,0.0027589917303117674,0.9861135456051446,0.0007873826046526591,0.0037126287335877903,0.000647683237752859,0.001590556481052552,0.0011278734761440007,0.0010349948935344897,0.0010762244248935311,0.0011501188129257112
Q9FE22,0,292,U,test,0,0.9952450975677251,0.0009218378647116117,0.0003995871171812689,0.0006931269131138859,0.0005150881780214516,0.0004617220526041474,0.0005011945324192124,0.000363828199037798,0.00039339210457240006,0.0005051254706131788
Q9FEE2,1,480,S,test,3,0.005655953312148304,0.0063653724655784085,0.001753844473532438,0.9746931993280759,0.0025122664458099085,0.0014426730639296357,0.001726653695495841,0.0011412482945181192,0.002674293759747442,0.0020344951611641023
Q9FEN9,0,228,U,test,0,0.9951117496881275,0.0009181208833458373,0.00039027839144148587,0.0007671187280302451,0.0005418478386804384,0.00048005062118708917,0.000505057799117942,0.000378270790007247,0.00041221616267188315,0.0004952890973902632
Q9FFA2,0,426,U,test,0,0.9942972718882004,0.001574273790540802,0.0003283783369441568,0.0010767112962377042,0.00041836488371364925,0.0004872112215542873,0.0005309326574643085,0.00039920655845793787,0.0004023375778485188,0.00048531178903825866
Q9FFD9,5,368,M,test,5,0.0014720173066859715,0.0014101061232652972,0.0014323119973299466,0.0010896455826363354,0.0029446592980077744,0.9829320013013576,0.0011330520844312318,0.0011874284023339144,0.003923964339800962,0.0024748135641510047
Q9FFH3,0,466,U,test,0,0.9950886074798491,0.000984015612665801,0.0003872322153462825,0.0006930179456419656,0.0005313552526254911,0.0005129993508833478,0.0005050460309540584,0.0003933302243464225,0.00041869784981890355,0.00048569803786861277
Q9FFK6,0,810,U,test,0,0.9894628936812867,0.0036247569859196747,0.00031672775505608194,0.0013544728029080398,0.0007026911931746967,0.0009717866597647175,0.0007249970087061785,0.0015110234681766017,0.0007747759083553158,0.0005558745366520065
Q9FG00,4,491,M,test,4,0.0017727813204474977,0.000618669053702397,0.0007462573991806079,0.0020827363118841842,0.9871433758795728,0.003054130707631283,0.0009287324278078934,0.0012018690350256533,0.001304616503549353,0.0011468313611983335
Q9FG36,6,210,S,test,1,0.002995403245166163,0.9848496130266331,0.0011990763224232167,0.0037442573160864556,0.0006076622037988719,0.0015761559971954413,0.0017243198609709944,0.0008176989435570748,0.0008910777851646223,0.0015947352990040582
Q9FH18,0,509,M,test,1,0.0786397976466274,0.7819203712551286,0.0055646849640700454,0.04587018477021665,0.011417992381142474,0.02905028305281806,0.011197147859640938,0.01566762659046531,0.010436889686332393,0.010235021793558202
Q9FHM5,0,419,U,test,0,0.9951027086951815,0.0008408635586770849,0.0004154453906382099,0.0006822833536688498,0.000583587834387983,0.0005150144905508899,0.0005150144905508899,0.00039952995991769305,0.00040582165549891654,0.0005397305709280139
Q9FHW2,0,171,U,test,0,0.9947861641484207,0.0010835711372833238,0.00039321071477349946,0.0009214127978606037,0.0005229584167400043,0.0004912739489727316,0.0005250051727635938,0.00036938724998497694,0.00039015070887132635,0.0005168657043291985
Q9FI76,9,157,U,test,1,0.0026906260064240737,0.9873724326356755,0.0010202496516326153,0.002402458511090127,0.0006485101600414503,0.0013463416489692948,0.001192792753804149,0.0009289479692428109,0.0009811643724857429,0.0014164762906342487
Q9FJV0,1,356,S,test,1,0.0027337768791391966,0.9877144342625185,0.0006745773301631774,0.0029894836055190843,0.0008395252142100488,0.0013468079602109142,0.0008527456877297325,0.0009006789991858284,0.0009892023180384996,0.0009587677432850638
Q9FJX3,3,276,M,test,6,0.009924005539121938,0.007904383212179527,0.00939585996710667,0.15031453697611127,0.0030713127375368307,0.0047383964143561845,0.7999946331606277,0.0032439524657595113,0.0031936598834787005,0.00821925964372163
Q9FK07,3,579,U,test,6,0.0048517318072180135,0.009896946824014468,0.00252689671481222,0.004904130812857033,0.002046343313475131,0.008632270284878153,0.9576591319462197,0.002195405925632352,0.0016314872737395857,0.0056556550971534015
Q9FKB5,0,222,S,test,0,0.9870963253187801,0.0055571208658113285,0.0003752239049789795,0.0026249979107705835,0.0006333102456164222,0.0009359718681692806,0.000769909483485409,0.0008005792169225075,0.0006432834299802044,0.0005632777554852183
Q9FKM2,3,274,M,test,3,0.010671623610219758,0.0119050561167853,0.015591698584177574,0.6166050757132802,0.0034985681500234256,0.005974557563726663,0.3149310813423929,0.0043881873105052266,0.004895376297985126,0.01153877531090389
Q9FKW0,0,522,U,test,0,0.9948662360534696,0.001067900186671693,0.00037231439674450736,0.0008489135664122092,0.0005010037468256346,0.0004932364011928134,0.0005250474656387386,0.0003932423472035213,0.0004251963987490629,0.0005069094370922704
Q9FL03,0,584,U,test,0,0.983696525993861,0.007394174657375066,0.0004617438584311125,0.003300427078225947,0.0009363988148468284,0.0011745072942548453,0.0007978218152373645,0.0009040504931046088,0.0007321224867017654,0.0006022275079613814
Q9FLV9,4,635,M,test,4,0.001954543550702368,0.0007418610012842754,0.0009305022073418566,0.0024229853366491225,0.9813279052596198,0.005927079801223689,0.0014927580441103552,0.0019469232359953577,0.0016849216870319919,0.0015705198760411633
Q9FM85,4,408,M,test,1,0.00252302749795811,0.9865456446849203,0.0014832113542009512,0.0019726265873623396,0.001734049808851075,0.0016741463282075148,0.0010193952672656434,0.0011022290729832214,0.000885666023544196,0.0010600033747065933
Q9FN48,6,387,M,test,6,0.002022327786954695,0.002102888351092392,0.0015935562013029937,0.0026955512839241568,0.0007736093569143311,0.0014680526887840498,0.9841214086167505,0.0011796134824296565,0.001188865356988861,0.002854126874858421
Q9FNC9,3,99,M,test,3,0.005318472039856946,0.00603840120035604,0.002153057976968956,0.9765995775829961,0.002070575853480212,0.0012756447200643387,0.002178437682920242,0.0011082993139403545,0.0015937790605876803,0.0016637545688291762
Q9FNF2,6,652,U,test,1,0.034538445669585555,0.8000315517167137,0.02735552949814498,0.05174718096963288,0.004539315301297754,0.01770955398282998,0.02105116338331335,0.004365416432872119,0.0033733325736721837,0.03528851047193751
Q9FNJ8,6,425,S,test,0,0.9930920737312251,0.0015237098769049352,0.000401849922190687,0.0017713143267919181,0.0005323646546829293,0.0005689172035935603,0.0006127479221094696,0.00043791122754029057,0.0004244381329142139,0.0006346730020469304
Q9FNJ9,6,482,S,test,1,0.01347697133605225,0.8738051522701211,0.0191359423974761,0.043165645850216657,0.00491931794331494,0.013062328836883175,0.018027096718145955,0.004409647946660996,0.0041102440415286415,0.005887652659600189
Q9FNZ4,0,112,U,test,1,0.2322432002669334,0.7153594328744195,0.002040939188397208,0.028506406343675288,0.002833563300096796,0.005130920478880718,0.004058892406776121,0.0037246491522144845,0.0038428821702960058,0.0022591138183104304
Q9FQ24,1,257,S,test,1,0.003887038280811102,0.9861222674089286,0.0012195328963232354,0.002195387317581097,0.0015000510028370152,0.0010846749323412666,0.0008647782467238503,0.0011456450171535347,0.0011682408836260936,0.0008123840136741932
Q9FQ25,1,260,S,test,1,0.011989801494007619,0.96369535642875,0.005702430083638344,0.0051366451299411356,0.004844318355905909,0.001734055138620919,0.0012105657317728526,0.002416919790253287,0.0019194242935929294,0.001350483553516958
Q9FRK5,8,617,M,test,5,0.0018916954133620185,0.0021435717025473856,0.0020374360938571878,0.001508191122918123,0.00360385699254618,0.9722967066995997,0.0023727175524824885,0.0017156933869718755,0.00311887847898885,0.009311252556726216
Q9FVC1,0,240,U,test,0,0.9914399210487528,0.0022684123831613005,0.00044755019415211963,0.0023358529501676575,0.0005440826038216234,0.0006486429567002465,0.0007179822578003938,0.0004371826810840561,0.00046175693940875387,0.0006986159849510687
Q9FX32,2,942,S,test,5,0.010817909900388152,0.012451337980910328,0.010902756183155395,0.004725994667681724,0.023194110636629305,0.7824680416847944,0.004689217203895273,0.01372864226928568,0.01513697712812931,0.12188501234513041
Q9FX53,0,406,U,test,0,0.9951253943193678,0.0008230095198683932,0.00040267267940743745,0.0006769890946875226,0.0005904804101770398,0.0005190655530315109,0.0005090259546740242,0.00039334478606399304,0.0004286428401897338,0.0005313748425325772
Q9FX83,3,222,U,test,3,0.0025499683841515297,0.002727713855663937,0.0018188244124385379,0.983540816451231,0.001695330808291293,0.0011606401335782723,0.002400157001472231,0.0009253430606666869,0.001531603720351502,0.0016496021721549897
Q9FXH7,0,345,U,test,0,0.9950658173607546,0.0008197518838739005,0.0004762928918085432,0.0007493138032306225,0.000635934417341122,0.00047815705037393945,0.0005231053848905717,0.0003390640807957114,0.0003812200191699046,0.0005313431077610699
Q9FY74,0,1007,U,test,1,0.020189316734107073,0.9576942821458458,0.0009818822043729577,0.012486959678197814,0.0012906599888963695,0.0020544277291227983,0.0014286303046219869,0.0014175125250873836,0.0014971917107177361,0.0009591369790300737
Q9FYS5,0,193,U,test,0,0.9948977471875193,0.000956355385240251,0.0004252098581343853,0.0007790315151735918,0.0005567487479187269,0.0005129009767299227,0.0005459801564122436,0.00037524635375148457,0.0004153598125880651,0.0005354200065320297
Q9FZ33,5,473,M,test,6,0.010039811692093753,0.01196923541357872,0.008421408724226575,0.004854935560433012,0.00452529766903414,0.1029953110182018,0.8228783392900662,0.013209977774061842,0.011026575873844209,0.0100791069844598
Q9GKK3,2,241,S,test,0,0.9803655855445922,0.009171038039350153,0.0005464775666541887,0.005005723388232394,0.0007646597310594112,0.001032989367520548,0.0009666204679208815,0.0007706569246394069,0.0006908124857232467,0.0006854364843076066
Q9GL25,2,245,S,test,2,0.0007490617390511718,0.0008438393575281679,0.9947311217642372,0.0005128150497775185,0.0005290935797213988,0.0005810955500606048,0.0005480253314068107,0.0003693668019887249,0.0005810955500606048,0.000554485276167833
Q9GL77,4,1079,M,test,8,0.006583625870405516,0.0061847446054354455,0.00565331378728165,0.022755799656111284,0.022667083730918237,0.024604886598385264,0.006257648070405833,0.00879029364704415,0.8896567163314434,0.006845887702569218
Q9GMC9,3,169,M,test,5,0.002831913416098586,0.004352019457786487,0.006406792645626254,0.005458655545998815,0.011612537777847244,0.8556745301728677,0.009487137745422784,0.005995160191515956,0.028489806466450374,0.06969144658038585
Q9GPZ7,3,366,U,test,3,0.013071950652870588,0.0203254769169898,0.0025639849070245363,0.9492052806098493,0.0025045902791405485,0.0019053918069639622,0.002485099328666408,0.0016554329923739867,0.0035320383188179425,0.002750754187302872
Q9GU58,2,88,S,test,2,0.0006659881515675261,0.0009049798291368954,0.9943710572394929,0.00044538016935129345,0.0005674290250961932,0.0007061768137565816,0.0006183491420536636,0.00044538016935129345,0.0006898183083257733,0.0005854411518679063
Q9GV77,4,3103,M,test,4,0.00104600946908727,0.0004979751495296195,0.0009267129854950917,0.0012181411624476877,0.988852134711402,0.0026763004484371767,0.0008082934003069696,0.0011048060746039203,0.001835803601801469,0.0010338229968887972
Q9GYZ0,1,1463,S,test,1,0.0030843327652934514,0.9876992223003674,0.0012407187002967464,0.0022248179968738574,0.0012651895490027915,0.0009512919470797361,0.0007237047769845357,0.0009969452610558162,0.0010612428371633562,0.0007525338658822442
Q9GZN4,2,317,S,test,2,0.0005415134820475039,0.0009211455430908473,0.9944977055342407,0.00045957657666304404,0.0004949834481536352,0.0008257095553107661,0.0005269071445670091,0.0004454369190428711,0.0007518170931313119,0.0005352047037523838
Q9GZN7,0,287,U,test,0,0.88130222171925,0.08197387524760168,0.0009846447492625923,0.021551881651894273,0.002117318815348829,0.0035045316364345942,0.002020359742050364,0.0027831630787612384,0.002437019075326997,0.0013249842840694075
Q9GZP0,2,370,S,test,2,0.0008369656130606612,0.0009484062151626974,0.994366449287852,0.0005808825268322804,0.0006063863876302357,0.000687125766983926,0.0005521210161416657,0.0003961274562627658,0.0005247836722652542,0.0005007520578085603
Q9GZP8,0,106,U,test,0,0.993693322160157,0.0013326517840817462,0.0005122800205117539,0.0012519105430487403,0.0006450579193218655,0.0005539067041057116,0.0006325813404071752,0.00034934461706493915,0.0004416129827799135,0.0005873319285211456
Q9GZV9,2,251,S,test,1,0.00343469358474129,0.9847373779054563,0.001301436623152949,0.004071835133463686,0.0008909762046243336,0.0013907942339645145,0.0011088378260822056,0.0008635637712295816,0.00109164689120288,0.0011088378260822056
Q9H069,1,523,S,test,1,0.0024654109823846627,0.9883242157963301,0.0008400435173370738,0.0023860604323315783,0.0011259950108068078,0.0011042162641183044,0.0007708672594774157,0.000959359624036494,0.0012222560513717215,0.0008015750618058564
Q9H0E3,0,1048,U,test,0,0.99438396615275,0.0014675125633814151,0.0003133681628416131,0.0009978288172371144,0.00047042132445709856,0.0005126361068171952,0.000530978969032038,0.00041514532617081134,0.00041514532617081134,0.0004929972511418746
Q9H0I3,1,377,S,test,1,0.0058488149834855065,0.9836194748855703,0.0009698287110134509,0.0032266726459793406,0.0014277258361835002,0.0011516998796126559,0.0006823597108052521,0.001073502430254184,0.0012848141595437563,0.0007151067575519801
Q9H160,0,280,U,test,0,0.9950559458100643,0.0009583774679099905,0.00036375906785538923,0.0008181442652356589,0.0005546662901379047,0.0004914071335526898,0.0005010992914819601,0.00036375906785538923,0.00039951117476046214,0.0004933304311462214
Q9H161,0,411,U,test,0,0.9950034082110428,0.001098727130732656,0.00036946790633984373,0.0006929586232773765,0.0005109555847262089,0.0004933044003717055,0.0005089636019038051,0.00041217129275367186,0.0004186620298387703,0.0004913812190131578
Q9H173,5,461,S,test,2,0.019098588992251295,0.07207732570461067,0.3520161173788967,0.05133557637188665,0.007479114843523297,0.1346581563832529,0.022503636536382307,0.012427689374500487,0.31802007215355443,0.010383722261141235
Q9H1Z4,0,485,U,test,1,0.006193020574531371,0.9822336599704337,0.0006604338705872901,0.004702209288361016,0.0009914285766118803,0.0013498392061371937,0.0007966353673569566,0.0011322471048422994,0.001248397227461688,0.0006921288136766959
Q9H255,4,320,M,test,4,0.0012430443920923321,0.0006201777735732389,0.0011541275249150294,0.001550018120983722,0.9895506257191492,0.0016924161921323423,0.0009237521165339267,0.0009493594152530188,0.0012237727650400466,0.0010927059803270993
Q9H2W2,0,232,U,test,0,0.9950203594685837,0.0009658595371430257,0.00039024254058423683,0.0007791275621416997,0.000556817319636082,0.0005089722536264985,0.0005129641930988933,0.0003723720616284242,0.00039024254058423683,0.0005030425229732301
Q9H3J6,3,166,U,test,0,0.9910333113456977,0.002844059765689965,0.0004762193104517768,0.002362417887452614,0.0005149158237936684,0.0005926644993054752,0.0006901937107061194,0.0004302282708448939,0.00047251331578614266,0.0005834760702716777
Q9H400,4,295,M,test,4,0.0014228572966175036,0.0005593797010266346,0.0017096023231516339,0.0012122894515242337,0.98795355269154,0.00294241148873457,0.0009008970310353228,0.0011299779974742877,0.001179590133554049,0.0009894418853417957
Q9H425,1,327,S,test,1,0.005045783166334885,0.9634359337630533,0.013689098678898714,0.006692741899368647,0.001874455921796448,0.0016802515355274438,0.0016542016285903047,0.0019953483422969127,0.0017746992847402453,0.0021574857793930906
Q9H4F8,2,434,S,test,2,0.0007895102502779426,0.0008338889927277005,0.994588719461997,0.0005269553442094025,0.0006041572697954244,0.0006306830243890632,0.0005290178162310575,0.0003870376916234596,0.0005810123325178968,0.0005290178162310575
Q9H6A0,1,471,S,test,0,0.4401410798817812,0.21283833540324756,0.00927869009873916,0.03953487676416675,0.2046846280978571,0.015060799218839358,0.0067356065456022,0.02592127561815711,0.03553413452237952,0.010270573849230094
Q9H6H4,5,257,M,test,5,0.016397978316860722,0.003469663199853547,0.003607878463856403,0.01431130338627029,0.06649870858984962,0.8228775799287769,0.003993558026430255,0.044995277328108825,0.019695409926286614,0.004152642833706921
Q9H6R4,0,1146,U,test,0,0.9914649260206073,0.0024817132254008763,0.0004954053503871381,0.0018007473792921536,0.0007643074014852717,0.0006069833842390636,0.0007643074014852717,0.0004839293315362839,0.0004915500823308041,0.0006461304232358624
Q9H867,1,229,S,test,1,0.003007542139756375,0.9860684114685251,0.0006326507889645283,0.003770921768769809,0.0008513246670775949,0.0016668127340622072,0.000979868624005906,0.0010268935532799935,0.0011103366936908877,0.0008852375618676007
Q9H8L6,2,949,S,test,2,0.0007633636396771184,0.00099756021054365,0.994116298486122,0.0006062337876646803,0.0007255669564891369,0.0007663513810389214,0.0005105000444869852,0.00042820819795019813,0.0005852911927903506,0.0005006261032368784
Q9H9P8,3,463,U,test,3,0.01512020120551093,0.025922057226748497,0.005817982626577993,0.9354537392211095,0.0032318764146237887,0.002392363183658671,0.004629449753950859,0.0016187540610159347,0.002668874010365055,0.0031447022964387547
Q9H9S0,0,305,U,test,0,0.9950790170982095,0.0009417001052691082,0.00039952043667400625,0.0006822671114946106,0.0005568501524833329,0.0005030721540392443,0.0005150022213161923,0.00039026556432582315,0.00042528733773921105,0.000507017818449024
Q9H9Y2,0,349,U,test,0,0.9949431804614539,0.0009251650576037307,0.00040893896082103126,0.0009197600689488076,0.000525088038346029,0.0004456364455276829,0.0005129243837026602,0.0003608873736018429,0.00039946589703871945,0.0005589533129556218
Q9HAC7,3,445,U,test,3,0.00437623429742026,0.005322015714737764,0.0021544924435219904,0.9772502205053164,0.0025988141319081962,0.0014019551175367844,0.0022490861849078507,0.000933903503073688,0.0017515901651044452,0.001961687936472672
Q9HAF1,0,191,U,test,0,0.9948264889794682,0.001076232880101225,0.00038411757830370414,0.0009451458368503334,0.0005374770870308111,0.0004951471324496933,0.0004970850403237143,0.0003311300326343171,0.00039631071676441223,0.0005108647160735898
Q9HAJ7,0,183,U,test,0,0.9951076650927511,0.0009109722581613828,0.00037532550590654504,0.000805501954127204,0.0005482327621248323,0.00048192748330050687,0.0005011253014689143,0.00036663111478213694,0.00039953191874572946,0.000503086608631649
Q9HAU0,1,1116,S,test,4,0.04101304623969501,0.04661022029004064,0.05903603385359909,0.026480012949742105,0.7537215194117891,0.020926966824702218,0.00540607271563575,0.028603772964715127,0.0055342743876192965,0.012668080362461686
Q9HAZ2,0,1276,U,test,0,0.9943556955169315,0.0014847687233144672,0.00032330633808909663,0.0010075924391406929,0.0004910613144678626,0.0005227320451033587,0.0005166420102687616,0.00043167055272959825,0.000396123133603488,0.00047040792635115344
Q9HBU9,4,364,M,test,4,0.00367087694578394,0.0008385074071885218,0.0009576054500379294,0.004147479828893091,0.9636644357332349,0.00974732726593054,0.001210526908328085,0.006141561403159776,0.007386465286938351,0.00223521377050488
Q9HCC0,3,563,S,test,9,0.012132980933313676,0.02712931850754823,0.01545781998448603,0.022315968111144772,0.03635417412694801,0.1356380634862065,0.03416931014799739,0.01261630471903909,0.020719673880659775,0.6834663861026565
Q9HCE9,4,1232,M,test,4,0.003338290886169175,0.0014598162855021944,0.0012633656876780326,0.002948909856575571,0.9824302141963349,0.0025973256175540246,0.0011775862328278607,0.0017540094079600817,0.0014886085849041867,0.0015418732444939858
Q9HCY8,1,104,S,test,1,0.0035973176229964687,0.984853779189087,0.0006570423369709527,0.0036397219054652235,0.0009485513771577728,0.0017109084312745603,0.0010018699456781218,0.0012664823307552032,0.0014806677875926258,0.0008436590730220626
Q9HDW0,1,430,S,test,1,0.0021264025715399086,0.9893119283887257,0.0010881833167177054,0.001966600880283189,0.0006756683950767795,0.0009163423014606709,0.0009754413577476239,0.001018268345114883,0.0009380727358754263,0.0009830917074580652
Q9HDX9,3,526,U,test,3,0.0018086196391670045,0.0021000852931665503,0.0011251929248827204,0.9876202560951357,0.001574428109411559,0.0010487951400425758,0.0010086164887356864,0.0007885856599747715,0.0015141125185864294,0.0014113081308969602
Q9HDY4,0,1183,U,test,0,0.9947285986205859,0.0011929099832316996,0.0003363114576681439,0.0009487516113260002,0.00047058433335394305,0.0004989814929554049,0.0005208894007546796,0.000393187936982283,0.0004088507450066413,0.0005009344181352746
Q9HDZ5,3,388,U,test,5,0.016544957707775546,0.02019227603674103,0.0058762867739615005,0.1369153194418532,0.048628333151831744,0.6686762973010737,0.016609712570278403,0.028089005324748197,0.012247234387273544,0.04622057730446312
Q9HE09,0,783,U,test,0,0.9948382018781153,0.0011295490046831366,0.0003811328131421464,0.0009196630261998897,0.0004836827401541617,0.0004669737379276372,0.0005128702704257404,0.0003580411086784566,0.00040889579836109354,0.0005009896223123716
Q9HEM6,7,522,M,test,8,0.0039848966720115704,0.006939285913715126,0.0164485265022173,0.00837037657766942,0.005752870437967655,0.1542788047347997,0.008636081028240107,0.018964522213194,0.7713455054963144,0.005279130423870748
Q9HFP8,2,284,S,test,2,0.01070276240390103,0.025800260805516385,0.5575915989319739,0.014234350530242298,0.016576762702142173,0.29383014674852126,0.03512729217349065,0.007471732086026461,0.0325668443554644,0.006098249262721535
Q9HG09,9,425,M,test,3,0.005141666805462839,0.011362813812630457,0.0042709248710679016,0.9552629925880376,0.0023311498463162283,0.0017596443103873847,0.006824918331243719,0.0019477486596698984,0.002662256919313407,0.008435883855870567
Q9HGM2,5,171,M,test,5,0.0027008780088353785,0.004216010943394832,0.006158268460561384,0.005246910591534855,0.00894274524850078,0.903320070422054,0.005563531881174883,0.007227924634383049,0.028698880140181193,0.027924779669379673
Q9HGM4,5,250,M,test,5,0.0012758757389907066,0.0011799922369559197,0.0011662448678342527,0.0010251950142989206,0.0028017773664792325,0.9844374787325357,0.0012463201002777195,0.0014627989342854218,0.004191614277409859,0.001212702730932286
Q9I7I0,0,575,U,test,0,0.9926743891374499,0.0022316618811443964,0.00036288843646295975,0.0016287372798107925,0.00048451968597837695,0.0005664608203869359,0.0006344060394431571,0.0004587339837828551,0.0004176820422703569,0.0005405206932703095
Q9I9E1,0,472,U,test,0,0.9952106824314115,0.000980299524868511,0.00037244326710169826,0.0007717034464156295,0.0004895674529392116,0.00045101063648313535,0.0004838638001203028,0.00036381561036695216,0.00038127549468014004,0.0004953383356128561
Q9JHH6,2,422,S,test,2,0.0030378100876176975,0.006497326263610673,0.9544514861952222,0.0053628539190161174,0.005228401683420603,0.015854931125607267,0.0025781558669289925,0.001412712741788049,0.00333638160426812,0.002239940512520265
Q9JHW9,1,512,S,test,1,0.04444074531404498,0.45768808295529895,0.07968975425459994,0.06697455643919356,0.15211325543865736,0.04191161225933703,0.06957455568966518,0.023510284196355546,0.02824825357835918,0.03584889987448827
Q9JI66,4,1079,M,test,8,0.007496061722300734,0.006361824520132523,0.005860787442453262,0.024771413116863185,0.028069688079158186,0.027742663491170435,0.006166092192402747,0.009738591809669938,0.8766400850845074,0.007152792541341587
Q9JIE6,2,140,S,test,2,0.0009883749478248056,0.0017262024652780481,0.9907507480305057,0.0009105335504332597,0.0007146859554912672,0.0018843263729888613,0.0009176749902727663,0.0006766510318915314,0.0008520323472233776,0.0005787703080903934
Q9JIH7,1,2126,S,test,1,0.0024726108783956215,0.9887935387416673,0.0008603728378060402,0.0021863372239359176,0.0007533676589070124,0.0009302849524517512,0.0009673432667319658,0.0010707513286498111,0.0009980498447226469,0.0009673432667319658
Q9JJK1,4,265,M,test,4,0.0032238955801790824,0.0008601068375751978,0.0014347924493852049,0.0021920741294193806,0.9807954264506512,0.0050867802870081325,0.0010620903615657607,0.0022353091441443857,0.001751090739513464,0.0013584340205582246
Q9JJN5,2,457,S,test,2,0.014482101074853327,0.04063589400003362,0.5830226399390133,0.040064535064922725,0.145125817718663,0.10869420801657308,0.017064086679680037,0.016092964989676058,0.015177111705201767,0.019640640811383107
Q9JJW5,1,264,S,test,1,0.0041833070935722895,0.9844071402670488,0.0009261580563959693,0.004685081321463185,0.0006991007502554971,0.0012659079499084203,0.0010171855787706584,0.0009189506095372408,0.0009189506095372408,0.0009782177635106646
Q9JJZ5,2,550,S,test,2,0.0007428547533826791,0.0009281160663224237,0.9942254802575023,0.0005853554689571306,0.0007033208070772123,0.0007428547533826791,0.0005165743838203865,0.00044184948137085655,0.0005785358591449012,0.0005350581690394344
Q9JKA9,4,863,M,test,4,0.0024774497518847017,0.0009140768962047304,0.0011112348521865071,0.001912556062204786,0.9868661447644167,0.0017931744817718126,0.0010644977108333405,0.0014212911031194415,0.0013196239759845955,0.0011199504013934102
Q9JKN1,7,378,M,test,4,0.0024041160908676775,0.0007897025013675377,0.001232708101185355,0.003099028182445295,0.966108406089195,0.011926285682732475,0.0013968414652352481,0.004256602424378024,0.006862079050838519,0.00192423041175488
Q9JL61,0,658,U,test,0,0.9951771061000733,0.001004493173087196,0.00035261030773421756,0.0007291839545858021,0.0005031217387918585,0.0004653115818955879,0.0005031217387918585,0.0003782956624227543,0.0003933652195234461,0.0004933905230940577
Q9JLM4,0,1370,U,test,0,0.9949003270825667,0.0009452159121629945,0.0004089213294753515,0.0008844864091214335,0.0005611168011725837,0.0005010208884701859,0.0005129022934881299,0.00034166657353611424,0.0004089213294753515,0.0005354213805311932
Q9JM73,0,504,U,test,0,0.9934816249117964,0.002139539409980537,0.0003332759514914363,0.0011329765807762036,0.00045198923798838266,0.0005409602180982281,0.0005537887192191689,0.00047739577269821474,0.00041476858693126155,0.00047368061102018126
Q9JM80,4,424,M,test,4,0.0013520051402774575,0.0006262895078944927,0.0017771771319043124,0.0014561668067065126,0.9838097205841586,0.005305671015381082,0.0011208516011661457,0.0015992863906400749,0.00170243151859071,0.001250400303280553
Q9JMB1,0,375,U,test,1,0.0023314785917969926,0.9886173905153435,0.0013746270394654747,0.0020960558374615522,0.0009156989676507343,0.0009978720056180285,0.0008944868148032776,0.0009374141511190309,0.0008602195563326921,0.0009747565204087522
Q9LD83,4,556,M,test,4,0.0018144763935803458,0.0006545977731498669,0.0009750204425427185,0.0026400473713968178,0.981189586284962,0.0051488103774336175,0.0014867288132069398,0.0020241946584462615,0.0022449598071221724,0.0018215780781592474
Q9LES2,0,478,U,test,0,0.9949173829436164,0.00111212545377498,0.0003781969097957901,0.0008260579698484043,0.0005250744237135178,0.00046157001180077603,0.0005189570896499937,0.0003665610238706685,0.0003811631139591007,0.0005129110599703872
Q9LFH9,4,715,M,test,4,0.001504336396562922,0.0007773967358349386,0.000982721512043463,0.0017416557684372443,0.9889394067586604,0.0018288077657639204,0.0009088689167265873,0.0009413895932012217,0.0011853885848164191,0.0011900279679528988
Q9LFS2,4,641,M,test,5,0.027246501334821576,0.003864375414137322,0.004413255496527891,0.005755970262581441,0.026305256448181238,0.8279788505676838,0.0035461504061885417,0.08392513555091592,0.012882910686847163,0.004081593832115075
Q9LFU9,5,149,M,test,1,0.002497137119162353,0.986004170422816,0.0009721799848386662,0.0021610921460230043,0.00119113971042162,0.0014537252098712605,0.001209897364186052,0.0013082110463454215,0.0019638575593142545,0.0012385894370214126
Q9LG05,0,485,U,test,0,0.9949177827312984,0.001226511125314266,0.0003416725487328923,0.0007639790668073284,0.00047995704623730786,0.0004762220060341119,0.0005010296753651689,0.0004219092798796068,0.00040574620517507014,0.00046519031515585875
Q9LIB2,6,962,S,test,6,0.0017482974472747346,0.0021233148975624005,0.0010855424995104607,0.0013094143112899008,0.0007460817850394449,0.0018429670963154802,0.9869110522124707,0.0012062889507954454,0.0009468270502058328,0.0020802137495356406
Q9LIG6,3,283,U,test,3,0.010888838125548405,0.012981424008406002,0.013380425879369943,0.7589067162377943,0.0030773421513027766,0.005193998997238938,0.17471024259798276,0.0037410969092845454,0.004339748028849325,0.012780167064223085
Q9LIQ6,0,234,U,test,0,0.9950765118748166,0.0008915814995246374,0.0003753137555067111,0.0007960926434073444,0.0005656178304582935,0.000517016527393763,0.0005030709026801077,0.0003753137555067111,0.00039641030802573733,0.0005030709026801077
Q9LJL4,6,330,U,test,1,0.0024208165775659045,0.9881392746120088,0.0008140457235685484,0.002660695005501315,0.0007017512127691624,0.0011983910843217486,0.0011435127850374929,0.0008665470548048238,0.0010575763911986036,0.0009973895532235898
Q9LJR2,2,271,S,test,2,0.0006972354815674843,0.0013198940313652098,0.9933535525089179,0.0006153081449756467,0.00043123553661266183,0.0010144715822706164,0.0007538913232317525,0.0005161213647247789,0.0006972354815674843,0.0006010545447665341
Q9LK31,7,426,M,test,5,0.012260791560150879,0.0072927105405202475,0.014702935360769383,0.013153909399315962,0.0067975528818193616,0.6564688529710087,0.007885299439418608,0.0691913052184669,0.20656707401929716,0.005679568609232814
Q9LK72,2,276,S,test,2,0.0007595094052287854,0.0013408139443533557,0.9929682353191737,0.0006676515958731572,0.0005119062742577358,0.0011763512097899135,0.0006969650348707548,0.0005491952112876502,0.0007190890703705232,0.0006102829347944735
Q9LKA4,0,404,U,test,1,0.1544991505744587,0.7969673051945736,0.001315956414642106,0.025320005853814345,0.0038078459360341333,0.0057836349959529045,0.002679154169086928,0.003748811025087864,0.0038078459360341333,0.0020702899003152563
Q9LKX9,0,867,U,test,0,0.9942827185376533,0.0010809095067960532,0.00036632717674887693,0.0012272255213784907,0.0005371832500369951,0.0005247394417131854,0.0005166041062254762,0.00044883345076111874,0.00047406257175396576,0.0005413964369325574
Q9LKZ3,0,1013,U,test,0,0.9945308521945658,0.0010417928026217925,0.000357930502492014,0.0010581986337439093,0.0005457788404472778,0.0005147184722990921,0.0005047629820732978,0.00044545175527052665,0.00046319650826735163,0.0005373173082189298
Q9LLC6,6,198,M,test,6,0.003454741431520106,0.003048798657822471,0.002537435294757022,0.007313687556045696,0.0010786228423969493,0.0020388864641945337,0.972988808803897,0.0013010674850862799,0.001384979180369579,0.004852972283910331
Q9LM71,6,232,U,test,6,0.002034327797846213,0.00204828180455836,0.00129942659536568,0.00121119879535115,0.0007579488760176873,0.0016362252157251294,0.9870647599929931,0.0010482052308638647,0.0009885516891879787,0.0019110740020907566
Q9LMR3,6,358,U,test,1,0.010921097563972651,0.9603127420006831,0.004096888547705273,0.010120110774787344,0.001206316541998024,0.002455938420369074,0.004080915899591817,0.0016232761856778747,0.0016232761856778747,0.0035594378795370065
Q9LNI5,0,83,U,test,0,0.9943566038609694,0.0009823319564372897,0.0004384688412262686,0.00098810464248998,0.0006330035998156835,0.0006016614547391997,0.0005652086192790243,0.00041513391589958034,0.0004453737243912147,0.0005741093847524453
Q9LP21,1,528,S,test,1,0.0027204585912791084,0.9847640125183476,0.0009121297957833662,0.0028930864435013086,0.0014575791611266447,0.0014349815507957065,0.0010663878345938476,0.0016776636015752122,0.0019385365936293536,0.001135163909367856
Q9LPP4,0,128,U,test,0,0.9939594222772189,0.0017016172850585433,0.0003719750212024347,0.0009010784020468254,0.00048514688165076503,0.0005829173461858229,0.0005716426982942867,0.0004593278291308348,0.00047022046019138156,0.0004966517990201916
Q9LQ02,0,1453,U,test,0,0.9720278244247433,0.012526194387092755,0.0006638638930172433,0.009093040471273598,0.0008726327090452902,0.0011470541195081777,0.0011560504626205474,0.0008863746644768737,0.0008261920766910267,0.0008007727915311371
Q9LQU4,4,152,M,test,4,0.010546520010373742,0.003910278188639033,0.018782853267128762,0.011628419810631488,0.8443848962551856,0.04895748099074593,0.008915819725905716,0.01071260463703077,0.036382110959781944,0.005779016154576996
Q9LRH6,0,309,U,test,0,0.9949263319796209,0.0010890283140338895,0.00035807283659513217,0.0009324054685822842,0.0004932661533628326,0.00045977465857900874,0.0005069400060064217,0.00034705613456454575,0.0003782003181139585,0.0005089241305410918
Q9LRY0,0,189,S,test,0,0.7513603066000137,0.1960040646947067,0.0016694769777497527,0.032247734895185586,0.0027310818471432455,0.004811958088299266,0.003346191495573856,0.0030230318970023294,0.0028845975576249185,0.001921555946700611
Q9LS90,0,460,U,test,0,0.9950341993873943,0.0010063125332520262,0.00035255966287279426,0.000695692245989457,0.0005069950035844284,0.0004952504440596521,0.0005050184460794335,0.0004616241991154787,0.0004353530740679734,0.0005069950035844284
Q9LSP8,0,838,U,test,0,0.6868051848979849,0.25664034345395675,0.0016244602067920345,0.03583502004804952,0.00289591376947845,0.0048120012243553,0.003131229180473861,0.003230625280197781,0.0030348915440682436,0.0019903303946431808
Q9LSR8,4,766,M,test,4,0.003595795260954684,0.001412868645576817,0.0008081790959082147,0.002941796607779059,0.9810180059915263,0.0034493995103132514,0.00110464978679552,0.002171264129155464,0.001946308413800184,0.0015517325581905288
Q9LSZ9,5,489,M,test,5,0.014265887053952809,0.037663686003306045,0.022009297610940757,0.020675822534040683,0.058899933744130585,0.4931630955061598,0.020118124239681658,0.01334931385970665,0.011241249436516098,0.3086135900115649
Q9LTT3,0,319,U,test,0,0.9951512804589674,0.0008294860592078747,0.00040268315897313943,0.0007716574466344498,0.000574568169604416,0.0005011472962931856,0.0004953087768705278,0.0003581538036493943,0.00040268315897313943,0.0005130316708264877
Q9LU10,6,448,U,test,6,0.0038228416685578163,0.00491822259845235,0.0036907798870519344,0.013316993436146849,0.0013445672421036543,0.003494359986648643,0.9594734862889049,0.001852219565189032,0.0019716772919065066,0.006114852035038278
Q9LU21,6,204,M,test,6,0.0020757180529376975,0.0021457954212679557,0.001283817946603888,0.0011873374664145844,0.0008192382078661625,0.001942354637023214,0.9867035319957382,0.0010684881309980991,0.0009843374305858476,0.0017893807105642807
Q9LUT2,1,393,S,test,1,0.003024364549525007,0.9872359505299468,0.001259665919880761,0.0029337310317076033,0.000669003513805348,0.0009508457027818896,0.0010042931986997496,0.0008932368830316802,0.0009215912894861041,0.0011073173811349682
Q9LVA0,5,446,U,test,1,0.056583587709086884,0.8990547156747393,0.0019061661162385487,0.028900068614509115,0.001617742128359101,0.0031922275794277004,0.002975483188265281,0.0018047217969923638,0.0020291033831002815,0.0019361838092815011
Q9LVI9,6,426,U,test,3,0.0033946336555939855,0.008500836751919191,0.003115090869009385,0.9711159296470793,0.0017749253430820052,0.0014261926160952928,0.0033550848054748005,0.0011549658424842818,0.0019417742445857896,0.00422056622467601
Q9LVV5,6,223,U,test,6,0.001852841091529073,0.0019042035340543718,0.0012897075557657522,0.0013358552901077368,0.0007522797466915348,0.0016788136809851276,0.9873656521834243,0.001107462969325052,0.000845810847662366,0.0018673731004547089
Q9LW68,0,195,U,test,0,0.9948598410790738,0.0012690837366586042,0.0003636873540249232,0.0008037300062658468,0.00046881155658120264,0.0004761942672416733,0.0004990472940154775,0.0003752320289666195,0.0004025652122084878,0.0004818074649633553
Q9LX82,0,256,U,test,0,0.9949455089979182,0.0009287882527142171,0.0003752643693736996,0.0007347319356006265,0.0005744493346055147,0.0005271443740150658,0.0005129255806230308,0.00043531427621509774,0.00043872850491940966,0.0005271443740150658
Q9LXU0,2,80,S,test,2,0.01007329010329564,0.03396951744922931,0.6135504182902588,0.016869587650927283,0.00946298138788641,0.08701995671054392,0.030756408033594033,0.006353144468847114,0.18422123601060958,0.0077234598948079545
Q9LXW7,0,1580,U,test,0,0.9901270886277421,0.0037132063955130066,0.000356345583701851,0.0020158800802628895,0.0005784059769913441,0.0006709626772876487,0.0007752959515636153,0.0006503193885108933,0.0005562476592132906,0.0005562476592132906
Q9LY61,1,428,S,test,1,0.0023112628098245092,0.9886968511871449,0.0007358439590649951,0.0024723690290807698,0.0007301175480646382,0.0010875067940165385,0.0009015748348067796,0.0010540478691319075,0.0010581731621356714,0.0009522528067292599
Q9LY62,7,334,M,test,5,0.0012761734211437065,0.0012082568374689909,0.0013906951335989261,0.001025434254354144,0.0022485205414704947,0.984667201341218,0.0015273797626289515,0.0017172792332968896,0.003423565833198678,0.00151549364162125
Q9LYG9,4,734,M,test,8,0.010428989466352692,0.005896016580317424,0.0078109517962492115,0.016600504772652246,0.10450938504599487,0.1998794407565247,0.007630011649704717,0.12508134736106008,0.5144131858719676,0.007750166699176422
Q9LYR5,6,256,U,test,6,0.0019110961413642293,0.002070427727622837,0.0015416193142333548,0.0014652883541801697,0.0007225423546594786,0.0016636352522553467,0.986112823748531,0.0011456341380974646,0.001097450189004872,0.0022694827800512235
Q9LYT1,9,488,U,test,2,0.011029060609852063,0.0649729556086388,0.8491905802179496,0.011072226482254897,0.00788211400526183,0.026251447910406768,0.008966561903721125,0.004252081506884517,0.008623058454200605,0.007759913300829792
Q9LZ78,0,127,U,test,0,0.9941820073182486,0.0016577078943844881,0.00036916289398596357,0.0009317079273249588,0.0004666656985627129,0.0005455874253208123,0.0005308711322931954,0.00039605395905242704,0.0004349802141928912,0.00048525553663395226
Q9LZS3,6,805,S,test,6,0.0019620434323420763,0.0022298098603382556,0.0012398646765211874,0.0013777764429104852,0.000781972810987453,0.0014215118186232019,0.9870193444116623,0.0010522595143980886,0.0008791956161489155,0.002036221416068111
Q9M021,4,682,M,test,4,0.0011063024399816308,0.0005921610031562806,0.0009499741898802306,0.0015062408583744625,0.9901914178114984,0.0017353664583133039,0.0008751572671250803,0.00098396565797977,0.0011019893689055297,0.0009574249447852775
Q9M047,1,199,S,test,1,0.0032926412908874684,0.9871431455052859,0.0007521102440483308,0.002886302205768121,0.0008132250894462324,0.001192515771765185,0.0010200127039622874,0.0009072180679884813,0.0010041988459052443,0.00098863027494277
Q9M069,2,504,S,test,2,0.0025383260964934925,0.007008543427930251,0.8966740016970071,0.0038104789229177548,0.011096197675155147,0.05178651754932444,0.006481842814145741,0.005587697740569497,0.011881979646148495,0.0031344144303081466
Q9M0S5,6,764,U,test,1,0.003492605783667977,0.9759981329535922,0.004091253127415988,0.005134087980135391,0.002211380546306957,0.002281577116259432,0.0017838486923109373,0.0013677241418196592,0.002077399561737774,0.0015619900967536765
Q9M0X8,0,298,U,test,0,0.995017166294204,0.0011014281216663077,0.0003525536352972079,0.0007233930336580195,0.00047441274803451406,0.0004894722640021887,0.0005050098104115351,0.00041217696802702447,0.000425260886770278,0.0004991262379288884
Q9M1S3,0,261,U,test,1,0.004470570669195545,0.9824938765671088,0.0009537001601384796,0.005125534405367806,0.0010231709409568176,0.0016159741377874356,0.0011414296921289536,0.0009100271294650927,0.0011594046823743993,0.0011063116154766538
Q9M297,0,1256,S,test,0,0.9943902910264788,0.0010980501493459355,0.0004316855778508639,0.0012491238412820041,0.0005106407272622009,0.00048535720853269747,0.0005393441501458454,0.0003468691492186228,0.000389995442416811,0.0005586427274662266
Q9M2Q6,0,354,U,test,0,0.9948417674656607,0.0012509881216958357,0.0003470266283304076,0.000916080852395284,0.0004651547703344738,0.0004633413106349643,0.0004970926740117051,0.000375225242717755,0.0003781681638844216,0.0004651547703344738
Q9M365,0,359,U,test,0,0.9931793030246404,0.002001465952519442,0.0003464467402169045,0.0014168285200594564,0.00043454151988613104,0.0005493119646408682,0.0005962725019818166,0.0004885681461417669,0.00043794966527235785,0.0005493119646408682
Q9M3D8,4,664,M,test,1,0.015982986095654954,0.8039641085635455,0.006283908386647061,0.0065342316059421954,0.13540965826272847,0.01298218548533783,0.002660774259917591,0.008690330525660704,0.003497521756938892,0.0039942950576267915
Q9M424,6,498,U,test,6,0.002158338494556731,0.002218169911524231,0.0015067630388990699,0.0012938471159651597,0.0007635903856458027,0.0015637285437063787,0.9866730366238502,0.0009959094815248496,0.000865261233052346,0.0019613551712752606
Q9M427,0,406,U,test,0,0.9658181217312767,0.02020212976883697,0.0006148361607678078,0.0056871538694856635,0.0014634374489389263,0.0017790874901923517,0.001130856776885394,0.0013016082648026589,0.0011220563599557147,0.0008807121288578497
Q9M4A1,0,383,U,test,0,0.9927163742666563,0.0015078712056162172,0.0004446390386054364,0.0017436185192783085,0.0006344328881673796,0.0005754056632542529,0.0007359550816881382,0.0005363370304064094,0.0004807694069313588,0.0006245968993962322
Q9M5P3,6,354,M,test,6,0.0019270881291025017,0.002279551739864862,0.0013718584565162218,0.0018032739002568656,0.0009246269998814526,0.0034997437148688373,0.9827797397492642,0.0014043910713419571,0.0012249317089843405,0.002784794529918718
Q9M670,4,366,M,test,3,0.014898333662136012,0.040497867960587595,0.014050465921177577,0.6930436908279713,0.02346126876142978,0.024111637431383705,0.019891885372834844,0.009433037236734202,0.0071762753304743755,0.15343553749527053
Q9M7X9,6,183,U,test,6,0.0019940636228681493,0.0018568576879734037,0.0011384045999655284,0.0012309089136818964,0.0007236139538753834,0.0014390781366868332,0.9875753575379791,0.0010990778742249964,0.000973729072753154,0.0019689085999916134
Q9M815,4,190,M,test,4,0.006129598875216823,0.0032937792839977356,0.009237632632921336,0.010570331888659851,0.8714518118937657,0.026729975445190252,0.005735776105372059,0.007628409282864453,0.053575833490001765,0.005646851102009978
Q9M8S2,4,558,M,test,1,0.002467883356241641,0.9888323830366151,0.0009673812588940912,0.002080196341831306,0.0008946813435100056,0.0010378484447565268,0.0009826151937243133,0.0009449718908733389,0.0008470672426802505,0.0009449718908733389
Q9M9E0,4,656,M,test,4,0.0011776054293769912,0.000569452799005074,0.0007906069410855668,0.0015939536772726413,0.9901516442034634,0.0017000719539049882,0.0008548499254249981,0.0010231213566202469,0.0011961501584381602,0.0009425435554079237
Q9M9F0,0,311,U,test,1,0.0047260113436685845,0.9833569828127822,0.0007376098570110662,0.004670951558044144,0.0009251700574785582,0.0017420013487249324,0.0008556423515908246,0.0010483550355280496,0.0010816332835808054,0.0008556423515908246
Q9M9V6,6,562,U,test,1,0.0022998267943819322,0.9818852412949944,0.0012430889599102449,0.005703254526827642,0.0009681187673879789,0.002386775301619692,0.0016468254396969555,0.0009310306507857738,0.0014994515604703682,0.0014363867039249422
Q9MAQ0,6,610,U,test,1,0.0026745566634692503,0.9843551599198124,0.0015877202722129084,0.0024543112260834977,0.0012268953083957198,0.0020149221058603024,0.0016704290466904392,0.0011171007644779581,0.0010997817743683426,0.0017991229186291962
Q9MBA2,6,326,M,test,6,0.0018187604509197893,0.0020092563173486223,0.0011161373918198005,0.0011161373918198005,0.0007011945848649917,0.0018764940697954425,0.9873555499747718,0.00112050576044325,0.0009965984116909825,0.0018893656465255432
Q9NH52,0,898,U,test,0,0.994290368550842,0.0016305923410345374,0.0003036982357733985,0.000899619679334791,0.0004418783190900319,0.0005166080713288859,0.0005371873877228088,0.0004891147332692781,0.00043502762735289044,0.000455905054251442
Q9NHB0,4,494,M,test,2,0.000795649704944532,0.0017808089997901507,0.9887126573691593,0.0007772184821529111,0.000718809598008436,0.002726037257618786,0.0007711701823826486,0.0006700042211077636,0.0023175149431357354,0.0007301292416997711
Q9NJ98,2,487,S,test,2,0.0014008969131468708,0.0023876647519518427,0.9803345461942187,0.0015689301905938311,0.0028133566606177774,0.005795225880516836,0.0012606708296541197,0.0011478536833375327,0.002212546089447255,0.0010783088065152286
Q9NP55,2,256,S,test,2,0.0009482569028521733,0.0008873320480858051,0.9942099187860375,0.000504600075620002,0.0005006732120607099,0.0005607274548137325,0.0006158386446293131,0.00040230223272929026,0.0007664234982537965,0.0006039271449176721
Q9NP59,4,571,M,test,4,0.008051582068828281,0.0013390004814539803,0.0012776831315086242,0.01326185808172557,0.926103398134793,0.01265455377742011,0.0021734122303073136,0.0062157081641842585,0.02546324144836771,0.003459562481411135
Q9NP95,2,211,S,test,1,0.021018236275460796,0.9329571092275284,0.007627183098302511,0.01921222474350454,0.003185699186732618,0.003364768779862287,0.004708158135112561,0.0019780456811040142,0.0026617510446188433,0.00328682382777346
Q9NPF7,2,189,S,test,2,0.0017555258645300233,0.003231271925203473,0.9832795547127744,0.0016427344251522026,0.0008227984808785178,0.00438760725970657,0.001115880191636948,0.0007851197272713331,0.002032472235614828,0.0009470351772317161
Q9NPI8,0,374,U,test,1,0.006896918644333339,0.97671967178617,0.0009333964512020392,0.005498702270414785,0.00130605630696794,0.0018346540102395926,0.001575404556435275,0.00130605630696794,0.002402205092498832,0.0015269345747702236
Q9NQ11,8,1180,M,test,5,0.027686503957385214,0.0040832067753879524,0.003255415859555477,0.00895344816194406,0.022908131952590748,0.8413498192037384,0.0027628354039920056,0.048972430350247294,0.03653565703208668,0.0034925513030721364
Q9NQ79,2,661,S,test,2,0.0017303090376857132,0.003613323783004207,0.9805794660192063,0.0019302991580409147,0.0010291864481079178,0.005382029971055096,0.0012708756067029432,0.0008269745994748992,0.0027221579477203516,0.0009153774290016539
Q9NQ92,0,184,U,test,1,0.09422053447157896,0.8664358900692373,0.0013975219410245782,0.021354513357196424,0.0022684021508724544,0.00413976146262477,0.002693793983654413,0.0030764094718632794,0.0027793042976232245,0.0016338687943245709
Q9NQG5,0,326,U,test,0,0.9944451582698997,0.0010895651210641537,0.0003839703036449651,0.0007401221762415798,0.0006040700325465236,0.0005696922965184874,0.0006111906340078144,0.0005207409918196619,0.0004454133799945026,0.0005900767942627096
Q9NQG6,3,463,M,test,3,0.006671633826914189,0.009445337009094175,0.003176174015384313,0.9634504687245009,0.0017201235245355218,0.0014039237822744675,0.006890140272078122,0.0011914947992192801,0.0019644427399967868,0.004086261306002267
Q9NRN5,2,406,S,test,1,0.0031357489686669954,0.9867878157219513,0.0012590941293089003,0.0028222131640661457,0.001003837349377352,0.001324683687088924,0.0008586276261199542,0.0008453158248415757,0.0010196455026591667,0.0009430180259197475
Q9NRR1,2,136,S,test,2,0.0007507072391286572,0.001360683264455225,0.9930295896346819,0.0006942906898073952,0.0004553269532489226,0.0010545395096556158,0.0007276103825682095,0.0005119378579373719,0.0008374744832430399,0.0005778399852736769
Q9NRX1,0,252,U,test,1,0.09923116927465254,0.8572264369582618,0.0012887878194651704,0.023940634138495138,0.0017073665624033343,0.0036428438271394995,0.004258915809739763,0.0037584798655559857,0.0028370495604903875,0.0021083161837963512
Q9NSA0,4,550,M,test,4,0.004907193643095932,0.0009077395753142742,0.001094942923485367,0.00566195143500329,0.9573219514927301,0.015056292678039674,0.001496609548276375,0.005233893223657711,0.0054904320830156065,0.002828993397381614
Q9NSV4,1,1193,S,test,1,0.0026149459109239014,0.9852387737844657,0.0017317527145288246,0.003979536187336266,0.0008844927407678058,0.001190215123754136,0.0014134154495418427,0.0008914299305170591,0.0009197269475292447,0.001135711210635254
Q9NSY1,0,1161,U,test,1,0.0023709907317586362,0.9888186491851528,0.0009230687874005913,0.0022229935534585333,0.0008404637875798022,0.0010337879146197057,0.0009673678469905066,0.0009523701183269225,0.0008877065833935771,0.0009826014913188782
Q9NT62,1,314,S,test,1,0.0020279623552712433,0.9887925974993091,0.0008274117129181772,0.0018609629464223679,0.000867119989633062,0.0014185137104685023,0.0010500401250522979,0.0010257159584822187,0.0010378067373826932,0.0010918689650603166
Q9NUB1,3,689,S,test,3,0.002428664609849319,0.0028008407066974724,0.002122460151339452,0.9817087467351024,0.0020173699340477647,0.0015168539643499593,0.0025303489801355348,0.0009604121847129379,0.0014473921943045347,0.002466910539460602
Q9NUX5,0,634,U,test,0,0.9936917350744955,0.0010429487326640426,0.00044856668570917457,0.0016633754173900788,0.0006179267240658994,0.0005082926603296799,0.0006083466168399197,0.0003548454312413473,0.0004313823301737984,0.0006325803270905902
Q9NV88,0,658,U,test,0,0.994817509861105,0.0011433981978072373,0.0003497398544374745,0.0008622397496171109,0.00045972437297734416,0.0004724683883110723,0.0005291395167179046,0.00040888728244321663,0.00043187104472861026,0.0005250217318551043
Q9NVH0,0,621,U,test,1,0.21427209321099366,0.6104043621246913,0.0022361299119039385,0.1240111717943118,0.006941786386802133,0.01463846838117315,0.006728209909586491,0.0062225767313961525,0.009053796380101809,0.005491405169039554
Q9NVH2,0,962,U,test,1,0.0022430782200227165,0.9861285274359233,0.0008715663788732689,0.0026663240327953444,0.0014257873976768838,0.0013927590916863975,0.0009423879861927955,0.0013394032743706164,0.0020623886095828482,0.0009277775728758252
Q9NVH6,3,421,S,test,1,0.01727372189876064,0.8185911624066761,0.012724411439795861,0.07733988619645801,0.005558883669052318,0.037253319531909135,0.011631053658469292,0.003093984619615417,0.0053043234117698046,0.011229253167493502
Q9NVN8,0,582,U,test,1,0.3181517030100184,0.5943856063562045,0.0025258831864252767,0.06363433411308554,0.002506226692746675,0.005389233891751453,0.004036349590724241,0.0033724963599101087,0.0034524729851484136,0.0025456938139854198
Q9NVR2,0,710,U,test,1,0.004443513550437881,0.9822863616521226,0.00046834286988958274,0.003979251590418206,0.0012435968560287473,0.0021320210541094548,0.0008957292592874425,0.0018094227991315968,0.0020106874217174706,0.0007310729468570025
Q9NVS2,3,196,U,test,3,0.0026058779967223795,0.0025957186646229763,0.0014993555074455382,0.9856650629656248,0.001646719723179793,0.0010105594787936018,0.0013492739253242426,0.0008377833122184621,0.0014818873887592454,0.0013077610373089066
Q9NWQ8,4,432,M,test,4,0.0013465695246173105,0.0006262129248499573,0.0015559580831112853,0.001484705502447832,0.9836893796808663,0.0053675557205250714,0.0010652241891696253,0.001787402223084335,0.001812007183726964,0.0012649849676013036
Q9NWS8,3,449,U,test,3,0.005165266547033786,0.005590441358193185,0.0035639268433022443,0.9652869816470393,0.004418086506083954,0.0037349632942857815,0.0035778752608072698,0.002830332702563331,0.0032449924167179556,0.0025871334239732117
Q9NX18,3,166,S,test,3,0.0018020494097219252,0.0021567708204754746,0.0016216690075929855,0.9859563387830117,0.0013339484500282167,0.0011544361568734433,0.002229584406558058,0.0008714141794685015,0.001459344038124404,0.00141444474814528
Q9NX20,3,251,U,test,3,0.002224797870249477,0.0031267624665103065,0.0018734675646622063,0.9819199373871482,0.0009024178011605387,0.0011678153122051786,0.004338960659577144,0.0009383660999528009,0.0015053734508144454,0.002002101387719695
Q9NX58,0,379,U,test,0,0.9951364964510189,0.0009399168766621601,0.0003812470873965152,0.0007178496583785378,0.0005170477345579098,0.0004895309377058052,0.0005110238823163211,0.00039028807534422253,0.0004154594819587515,0.0005011398146609427
Q9NXG0,1,1405,S,test,1,0.002213826748993008,0.9885952381875028,0.000833734737943107,0.0022246626877024446,0.0007832213123135916,0.0009900845394757475,0.0009823795910068602,0.0012762693874866539,0.0012130768192630172,0.0008875059883127837
Q9NZC9,0,954,U,test,0,0.9941649647295054,0.001411326576878991,0.00038687276765164,0.0012181255557491655,0.0004666576947951397,0.0004967545212844518,0.0005628965902372961,0.0003838621216658425,0.0003838621216658425,0.0005246773205661358
Q9NZD4,1,102,S,test,0,0.9877849386151278,0.004738028991896506,0.00043218135088635715,0.0031255355650003955,0.0006190711760044041,0.0008363118457409279,0.0007237675575252134,0.0005770377910061226,0.0005815635534061214,0.0005815635534061214
Q9NZH8,2,169,S,test,1,0.023410696579908387,0.942471386757626,0.001138550115075987,0.01780992004612446,0.0021775339304982385,0.004280090805664828,0.0016695732514738538,0.00262660766509661,0.0030948997067192564,0.0013207411418123937
Q9NZI6,0,479,U,test,0,0.9946207231878286,0.000862069173659817,0.0004969822687440913,0.001105838269546722,0.0006926920909347601,0.00045605651881972865,0.0005208329170272741,0.0003284851694742185,0.00038104948348646414,0.0005352709204784078
Q9NZI7,0,540,U,test,0,0.9948465970570635,0.0008422906363240213,0.00047805169626467955,0.0009232702510279595,0.0006767994819920278,0.0004490879968546159,0.0005209512428950284,0.0003443276972925216,0.0003811360151155327,0.0005374879251701839
Q9NZP6,0,1156,M,test,0,0.9626225151405361,0.022816268083717096,0.0006322542659710986,0.007235767240777747,0.0009716338764387124,0.001441602206520668,0.001257387755571513,0.0012187018943233612,0.0009792545402280328,0.0008246149959157085
Q9NZP8,2,487,S,test,2,0.0005414393333469017,0.0010095682138955696,0.9943615110447998,0.0005146308640270391,0.0005478217451021195,0.0008272104823657784,0.0005414393333469017,0.00048156614805587616,0.000635484286102241,0.0005393285489578106
Q9NZS9,5,450,M,test,5,0.008853692705686783,0.013659405744671449,0.012731966770076583,0.007998645435996628,0.029718569032917693,0.6403946384851879,0.006377075437082742,0.010351015423557507,0.02302086577086258,0.2468941251939602
Q9P013,0,229,U,test,0,0.9945416857107892,0.0012257483393766525,0.00038701937128309807,0.000855292512649125,0.0005147241109226691,0.0005187611036523148,0.0005742161880795866,0.0004385504149581142,0.0004087739046660952,0.000535228343623195
Q9P0G3,2,267,S,test,2,0.0006161522050941349,0.0008405369019073804,0.9947161594851782,0.00043862737878934996,0.0004855162658148048,0.0007064219200754084,0.0005311563366640217,0.000408845634832812,0.0007064219200754084,0.0005501619515685017
Q9P0M6,0,372,U,test,0,0.9947525405675395,0.0011059848213247027,0.000408860589530557,0.0009395542534849567,0.0005209019990253471,0.0004525674474073021,0.0005416522762260471,0.0003497170288041589,0.00036937477716672865,0.0005588462394906676
Q9P0W5,1,487,S,test,4,0.031714325074773134,0.25190047356306455,0.024351860361079204,0.015010073401870112,0.6332777375490131,0.017514313284135774,0.004200838195097734,0.01115454029348152,0.004266991902651433,0.006608846374833427
Q9P1Q0,7,977,U,test,1,0.002176142530023671,0.9890000355815244,0.000624694096000951,0.0021112500754579297,0.0009018512989155662,0.0011579999622751533,0.0007958809457479102,0.0011854611695965593,0.0012569969802053856,0.0007896873602524797
Q9P278,1,1114,S,test,1,0.0021243139180734567,0.9893058922569868,0.0009640712317324818,0.002021104752565353,0.0009092057394685857,0.0009792530699420528,0.0008743746251700294,0.0010103379392644646,0.0008951097651500957,0.0009163367016466854
Q9P2E8,7,410,M,test,7,0.10446485540598997,0.007777184552179418,0.01595774727894495,0.02703921416368987,0.2741552102514718,0.08231632733464776,0.009603541720052018,0.39270921097489714,0.07583334593568046,0.01014336238244662
Q9P2M4,7,693,U,test,4,0.014502547138951704,0.00903125655167301,0.0021221916726271027,0.003903307841670086,0.955107895063047,0.005640588282949761,0.0016527645397537703,0.003949318906335089,0.0017593586090740784,0.0023307713939183425
Q9P2N6,0,904,U,test,0,0.9941590917035482,0.001567918396267518,0.0003522495774256434,0.0011249263834135202,0.00047400363188468663,0.0004967515666014987,0.0005267277003353854,0.0003929628138784782,0.0004086166600435931,0.0004967515666014987
Q9P3A9,1,773,S,test,0,0.9933409996514261,0.001831573716850207,0.000335842343265315,0.0014744980900711247,0.0004773282122561561,0.0005366745077157332,0.0005408836786814556,0.00048107192561913214,0.0004886477115823716,0.0004924801625324654
Q9P3B1,7,374,U,test,1,0.0024378163648531223,0.9887818031524808,0.0009302738970059427,0.0021629513933972503,0.0010137549213049075,0.0011309253191838094,0.0008536672560366497,0.0009302738970059427,0.0009375700530691799,0.000820963745662398
Q9P3B2,3,242,M,test,3,0.0028068985616867765,0.003094840673024749,0.0019423839803172991,0.9828717321843554,0.0017141480255660098,0.0011966680869839837,0.0023021373457598475,0.0009920725907058762,0.0015425661670291605,0.0015365523845708572
Q9P3U8,0,468,U,test,0,0.9930092081831114,0.002223711190628987,0.0003129349117370073,0.0012707498010311852,0.0005240673726662853,0.0006008461784649176,0.0005823600678892899,0.0005323202284507874,0.0004553176142231375,0.0004884844517969006
Q9P4E5,2,465,S,test,2,0.0025844046237695952,0.007362283722884713,0.8643650262945061,0.0036445948965615027,0.004828303703354047,0.012801890874137047,0.004553523929492895,0.003045172797841837,0.0911034008468412,0.0057113983106111006
Q9P4E6,2,453,S,test,2,0.0011723113625944108,0.0034054717730562295,0.9704183864946991,0.0014363458507589777,0.0014140773460866332,0.004469719682634769,0.0016532241012722814,0.0012382074401240018,0.01270238487047024,0.002089871078303331
Q9P4E7,2,426,S,test,2,0.0005752404488176628,0.0013558852485539286,0.9924312488567743,0.0005707638141861294,0.0005116294311375244,0.0012712510796665803,0.0005797520080445429,0.0005156421507275365,0.0014265172158442628,0.0007620697462475381
Q9P4E8,2,463,S,test,2,0.003352025502454236,0.008952981425974976,0.8331300545898837,0.004406154433746787,0.005999019282342453,0.01460682040975623,0.005769200521393992,0.0037103539811228236,0.11275189336290656,0.00732149649041834
Q9P546,1,287,S,test,1,0.02187588945207016,0.9522451317373988,0.0009315877254702713,0.013372461717815844,0.0015003485135296319,0.0032770623143655486,0.0016096390893429787,0.001956823301663599,0.001896618426045573,0.0013344377222975611
Q9P6I3,5,442,M,test,5,0.0015143554137996874,0.002637093208936112,0.002807171323830799,0.003654097844266611,0.004512208616601285,0.9686732108992072,0.0017026354120437672,0.0033597442878429656,0.00829922154839592,0.0028402614450756627
Q9P6I8,7,423,U,test,1,0.0026581087251532323,0.987419820571253,0.00110752370710679,0.0025700449653496787,0.0007406573238662741,0.0013049817715149392,0.0012403676644381445,0.0008262629743553453,0.0008524913441660439,0.0012797409527965803
Q9P6L5,1,1102,S,test,1,0.004237412479982493,0.9589392554002573,0.0014644104538769583,0.006195576868713341,0.003695936645027176,0.004270646726096336,0.002033132596445657,0.006659877959941372,0.010406079714193568,0.0020976711554658496
Q9P6M1,1,242,S,test,1,0.003504566966335865,0.9802974682285633,0.0009665532475915543,0.005583899007471982,0.001078267940473244,0.002487538135682408,0.0016897401726270762,0.0012410788264359395,0.0016123614770206648,0.001538525997797941
Q9P6R1,1,309,S,test,1,0.0036374181416533864,0.9756178859535423,0.003709159553800272,0.0068756956176794235,0.0012351544168965813,0.0017282917295277623,0.002150893809235647,0.00176927702666473,0.0015613816008448467,0.0017148421501550655
Q9P6R6,3,167,M,test,1,0.015210133504521169,0.915635315369529,0.003612723543273215,0.047774554739427946,0.001500135682119888,0.0038758866726251607,0.004030284593329265,0.002251970416780135,0.0031022204555891334,0.003006775022805055
Q9P792,7,397,U,test,1,0.006342229835069061,0.9749505181990915,0.0013769717356006267,0.0032838854907688638,0.005769029751344106,0.002351475277707368,0.0012935452694423702,0.0018099952209888076,0.0014772750447310087,0.001345074175256306
Q9P7C1,5,303,M,test,5,0.003110832183145934,0.0016521505918851397,0.0017179645995095895,0.0023573698409101343,0.009619540887670053,0.9697882292656336,0.0015160985614139407,0.002910963133554136,0.005868833261621473,0.001458017674656069
Q9P7C8,0,214,U,test,0,0.9948482498950787,0.0008792730501165016,0.00043188439968524557,0.0008406485418663236,0.0006066801716127082,0.0004874811849913659,0.0005480898536216558,0.00036941029194071555,0.00040256051520910037,0.0005857220958776858
Q9P7D0,5,381,M,test,5,0.0011451403192336465,0.0012576905410050948,0.0010969772029593846,0.0010345480868477622,0.002246459348230489,0.9856878364796071,0.001608610807372625,0.0012824963188917706,0.002525762069553416,0.002114478826298652
Q9P7D1,3,314,U,test,1,0.005125769489492504,0.9825389529917363,0.0010892098231456524,0.00538226224957688,0.0006816101477276165,0.0012056452865379546,0.0010474829623134101,0.0009995150759861172,0.0010474829623134101,0.0008820690111701528
Q9P7F4,3,348,U,test,1,0.015608430156860299,0.3871253857436654,0.09598744240458143,0.05766058088275855,0.02465161387005276,0.23850103168790368,0.10583418889510736,0.0234310300077699,0.010077559879379985,0.041122736471920635
Q9P7J2,0,203,U,test,0,0.99142234161355,0.0031802288287229733,0.00036243072331584874,0.001690721581846035,0.000469020241276608,0.0006262241427808375,0.0006666121098297971,0.000544072936297328,0.0005232298791548807,0.0005151179432256196
Q9P7M0,3,692,M,test,3,0.0017581975525552795,0.001846177500565141,0.0015127034834095396,0.9867011889209428,0.0015668304379619412,0.0010726674210185872,0.0016356225798277993,0.0007756372785112933,0.0014434319432491518,0.0016875428819584394
Q9P7M3,0,271,U,test,0,0.9929478216432938,0.0019622966769446805,0.00039248406200638014,0.0017693283616154222,0.0005039595464037968,0.0005513333705536641,0.0005644078605655269,0.00040179155546029693,0.00039866478504469246,0.0005079121381117434
Q9P7M4,3,689,U,test,3,0.002067566712094351,0.00239140314945255,0.0014718626813309118,0.9866754950018329,0.0011285162014823599,0.0009881618242650013,0.0014321616831780226,0.000858529879553007,0.0015485360190894534,0.0014377668477214055
Q9P7N6,3,356,U,test,3,0.003986083449286438,0.005074684058434384,0.0025244471696391785,0.9775080115525886,0.0010836327016886887,0.0011180308682595885,0.003637354133907771,0.0010179786509235183,0.0016077734813338476,0.0024420039339379997
Q9P7R5,1,577,S,test,1,0.12339712978184723,0.8173217971346962,0.0013286427450782726,0.03347237116683428,0.003212245957477386,0.006143581270923012,0.002581112149272967,0.005681884146974411,0.005073351442727388,0.001787884204168794
Q9P7T4,0,1019,U,test,0,0.9942104087019817,0.001446273012336767,0.0003495263971531737,0.0011732308740027995,0.00047774597664584337,0.0005085579123459786,0.0005329641528721456,0.00038089226608417035,0.00041184279423139023,0.0005085579123459786
Q9P7W9,0,217,U,test,0,0.994700316985829,0.001149981869781834,0.000415277407234153,0.000948724632129813,0.0004893163589844122,0.0004490219600208312,0.0005208746320175726,0.0003693553460695739,0.00042181706707035123,0.0005353137408625443
Q9P7X0,3,159,M,test,3,0.0016677664385732359,0.0017822765122155121,0.0013665188464465935,0.9866326283679775,0.002183690761974623,0.0011373179061593928,0.0015424319514221415,0.0008064791677539155,0.001566721660130096,0.001314168387346995
Q9P7X3,0,245,U,test,1,0.0031569840429924545,0.987545612170934,0.0010904919426197289,0.0025317583636822656,0.0008525999819351137,0.0011653660823525615,0.0009967903032187372,0.0008660264512660106,0.00087966438901682,0.0009147062719823321
Q9P8V9,2,460,S,test,2,0.0009359824521514311,0.0026353014067249506,0.9794256726792399,0.0011202241821832255,0.0009963480422485334,0.0034501122213370676,0.0012497003644409382,0.0009581786618112602,0.007685306045409601,0.0015431739444531402
Q9P8W0,2,463,S,test,2,0.0015371615678521423,0.004294269033104169,0.953009675912181,0.001989234835692438,0.0019737546254789597,0.006219967416188948,0.0022985563835750504,0.0015492176543797191,0.024233842892728626,0.0028943196788190004
Q9P8W1,2,459,S,test,2,0.0008179248046600574,0.0022364156553707085,0.9851216180446074,0.0009340994390195584,0.000780469280417543,0.002473070544812341,0.0009414257463367661,0.0008179248046600574,0.004544232553652117,0.001332819126463415
Q9P8W2,2,471,S,test,2,0.000967381253263191,0.002489669072873616,0.9811371790448428,0.001045988547450716,0.0010297718927473702,0.002984111964395516,0.0011309831430401152,0.0009903218824868756,0.006610850489889617,0.0016137427090101625
Q9P8W5,2,466,S,test,2,0.0021989033142777235,0.00563707331740229,0.9224390213569718,0.002673186777036607,0.003625378642777058,0.008648661733478866,0.0032244787409010395,0.002511226291905779,0.04451255416369138,0.0045295156615574915
Q9PT51,2,233,S,test,2,0.0005829892522012992,0.0009499887536915825,0.9940820623743752,0.0005065098642413404,0.0004890122355095442,0.0008906904612321793,0.0005650525631231907,0.00043493647943115875,0.0009225607242887088,0.0005761972919057318
Q9PT61,0,290,U,test,0,0.9949577122958106,0.0011407706976358188,0.00037234860293396577,0.0007149226495154307,0.000508940179828779,0.00048185487552954235,0.000508940179828779,0.0004153848430661123,0.0004153848430661123,0.00048374083278483526
Q9PTT2,2,225,S,test,4,0.0034674266874793963,0.0020225322139342016,0.04094225877258399,0.0037933763440376727,0.9245898291422543,0.01347497961406312,0.002221316980227105,0.00263787897563802,0.004149966748649781,0.0027004345211324716
Q9QY02,0,738,U,test,0,0.9947286742884498,0.001286501906021059,0.0003693658832401732,0.0008340062920143491,0.0004931681560107364,0.00047986581467567165,0.0005128138222682611,0.00040251214611193396,0.00040566909658789946,0.00048742259462011773
Q9QY93,1,170,S,test,1,0.016944432386533634,0.9545016150970245,0.001515699179383612,0.016168489818822972,0.0011530831522561713,0.0028427820242353514,0.0021374786429750555,0.0013271906454381953,0.00166466992739366,0.0017445591259369008
Q9QYJ6,1,794,S,test,1,0.002984348416802588,0.9874632243020397,0.0010445403045769431,0.0019552730726421644,0.001400102612014125,0.001427717140935644,0.0009290333728576249,0.0009736185779505564,0.0009146299455407646,0.0009075122546398801
Q9QZQ8,0,372,U,test,0,0.995075443024527,0.0009343682727828317,0.0003964098837930946,0.0007806940068573175,0.0005251578560065369,0.0004616433495991343,0.0005190395328495844,0.00036661926356509894,0.00039026414483007895,0.0005503606651893172
Q9R064,7,454,M,test,1,0.0024750583515714226,0.9830292492096743,0.0013883817892121682,0.0022447804484574735,0.001973288491998743,0.0018107912024357352,0.0013144934454133526,0.0021757156574098335,0.0016681790480885842,0.0019200623557383714
Q9R0E0,7,394,M,test,7,0.003265482012036032,0.0029616636237473964,0.002904379833000721,0.0026652089704604885,0.008981134097654227,0.009069270743636901,0.0030796428727710326,0.9488800470709257,0.015277423451889077,0.0029157473238784317
Q9R0J8,8,435,U,test,1,0.0069899293726309285,0.9119309192717086,0.04231966012975538,0.009818950963749464,0.006669837549744444,0.004495443019612422,0.002879889029867679,0.003967214584610039,0.0062169721982632134,0.004711183880057857
Q9R0U0,0,262,U,test,0,0.9943697039454955,0.0009210270011209314,0.0005309713349125509,0.0009228276549285501,0.0006556620854449664,0.0005351358015899738,0.0006159375727940841,0.0004119087698541733,0.0004559414347788615,0.0005808843990804191
Q9R1S3,5,931,M,test,5,0.0011085453485816248,0.0011662924707037923,0.0012859351749573672,0.0009408103105433682,0.003000125766150205,0.9844776429803765,0.0012174990307746302,0.00147433195363881,0.0040628183789170585,0.0012659985853566268
Q9R1S7,4,1498,M,test,8,0.008881259744749735,0.0036806306016097592,0.0038875206527504724,0.017766289483296435,0.010282339568901754,0.043459698729872445,0.003595368718058166,0.030697398009210772,0.8729113970975144,0.004838097394036049
Q9R1X4,0,1197,U,test,0,0.9940633654095941,0.0017541024036574716,0.00029892155028844963,0.0008976592734453431,0.0004417774298648187,0.0005455222752171654,0.0005412770161894343,0.0005455222752171654,0.0004452423570465299,0.00046661000947953544
Q9R2C1,5,66,M,test,0,0.3621808398419869,0.015913116288576015,0.033101067933472034,0.022883700888863233,0.22842458571268873,0.04865815635496844,0.018315883899208425,0.20961419372600895,0.038024754465364054,0.022883700888863233
Q9S757,3,368,U,test,3,0.0029250797776460627,0.004322987509691813,0.0013790138745844993,0.9840543852983246,0.0011255183474925042,0.0009552149554964886,0.0013576342007596053,0.0008495858044165376,0.00146795273561945,0.0015626274959684564
Q9S775,0,1384,U,test,0,0.9950844992160607,0.0009734977841516039,0.0003471113280245411,0.0007522607018605358,0.0005030749773775678,0.0005070206420177044,0.0005030749773775678,0.00041220487018026264,0.00042198000316013537,0.000495275499789416
Q9S7B2,0,370,U,test,0,0.9950851444958728,0.0009435469614532644,0.00037826071190127643,0.0007094498739832863,0.0005503660531950433,0.00048191660305346593,0.0005109975312475537,0.00039026796382986626,0.00041869641319393147,0.0005313533922695432
Q9S7H8,6,569,U,test,6,0.0024881074332488615,0.003057063805697347,0.0016671768475039607,0.0022654475294611987,0.0009611262989101881,0.0021957468819586634,0.982438748146792,0.0013821382379175726,0.0008958681765266461,0.0026485766419835125
Q9S7I0,6,1307,U,test,6,0.004391994881933451,0.008141471237947232,0.0033087824210208073,0.004391994881933451,0.0018488227298594027,0.003270234047554052,0.9652252988830676,0.002186971760882657,0.002119685566148871,0.005114743589652398
Q9S834,6,298,S,test,6,0.001798893569170061,0.0017640997068096632,0.0011126038222667536,0.0012363601786507584,0.000723985086555499,0.0013900771824484886,0.9880818190700862,0.001053392195245621,0.0009553851037741168,0.0018833840849928954
Q9S841,6,331,M,test,6,0.001983935426877648,0.002103654845218873,0.0015511377306472128,0.0027665527740911434,0.0007618933249977543,0.0012759311021817348,0.9844801762964903,0.0012270511038003549,0.0012709567920262653,0.0025787106036687505
Q9S850,9,393,U,test,8,0.01987925736199857,0.06633747387585456,0.282031983925119,0.038694307316171864,0.02643881000514741,0.04692560819981324,0.04007884871236658,0.011107777276377503,0.4471786034680305,0.021327329859120763
Q9SA49,1,147,S,test,4,0.0032855501464368483,0.0015649203508402824,0.0014304528597512288,0.0023309417521618623,0.9816562135684813,0.00424145005223986,0.0013126573226409093,0.0016400223166300257,0.0011675016248726094,0.0013702900059450276
Q9SA96,6,392,S,test,0,0.8606678851513825,0.08792275943599899,0.001366696088916339,0.03524755689804215,0.002150114860525462,0.0036574683651863305,0.002513738584251831,0.002343062080762407,0.002218366835469722,0.0019123516994643507
Q9SAA2,6,271,S,test,6,0.0021055394435610963,0.002117912762525935,0.0014149734130965922,0.0014828794020202722,0.0007875512863745053,0.0014770983335213642,0.9863248522560569,0.0011106253430841044,0.0009955581100409372,0.002183009649718234
Q9SAK4,3,528,S,test,3,0.002530598590615903,0.0029298179352985738,0.002181512340982714,0.9818056393793585,0.001815615485759391,0.00141400299126497,0.0026572293591001902,0.001063184248782704,0.0015289016562454105,0.0020734980125916434
Q9SAK5,0,358,U,test,0,0.9950992252444024,0.0009362175278603196,0.0003637748809120745,0.0006717031794533211,0.0005568614459847944,0.0005070281223114975,0.0004972213540179517,0.0004187023352328829,0.00044223778751322136,0.0005070281223114975
Q9SB31,0,404,U,test,0,0.9951088829305016,0.0008134076720961954,0.00042863572817773606,0.0006769779234355669,0.0006021166357818718,0.000511009762962803,0.0005170333833558516,0.0004026659993098691,0.0004058241726844223,0.0005334457916941149
Q9SB60,1,318,S,test,1,0.002647594701116903,0.987363519652861,0.000839226954491553,0.003296594211018177,0.0006587166956642734,0.001264759538971345,0.0011161464342657884,0.0008658667933017021,0.0009509685953776844,0.0009966064229316044
Q9SCR0,0,542,U,test,0,0.9882977440196422,0.00447070676925581,0.0004324057069706696,0.0024425786826281215,0.0008433086920446046,0.0009371110232211446,0.0007129164481644144,0.0006802696382850442,0.0006145724648685917,0.0005683865549194341
Q9SCR2,0,209,S,test,0,0.9945502687515569,0.0012745875985680861,0.00033888841203793917,0.0009635195408676568,0.0004741901544074209,0.0005436616449937072,0.0005248807084764672,0.0004119835627119487,0.0004152147576064077,0.0005028048687734776
Q9SCY2,6,208,U,test,6,0.002663948638690602,0.0030697440197543593,0.001721655026912586,0.00173515827207385,0.0009179428458178689,0.0018651924321577747,0.9833276250277118,0.0011972231271325288,0.0010401655965054711,0.002461345013243189
Q9SCY3,6,217,U,test,6,0.01927536896537994,0.023427168117445867,0.017206765371042033,0.43859825438524985,0.005066480470183906,0.007877831112960313,0.46688542920548076,0.003915072765137919,0.004910601271788702,0.01283702833533072
Q9SDW0,0,323,U,test,0,0.9947728664062102,0.0008774909788272736,0.000452576677592284,0.0007037080464393759,0.0006407334681896746,0.0005332656517614691,0.0005743496671890731,0.0004056871172894768,0.0004420927501085639,0.0005972292363926036
Q9SEL7,6,323,U,test,6,0.001826110895779014,0.001986100124875009,0.0012848295861952088,0.0011338580044309076,0.0007762503303607114,0.001652979191628257,0.9874810672428772,0.0010527516817563174,0.0009548042528012482,0.0018512486892961041
Q9SEX2,1,523,S,test,0,0.9925848464216475,0.0021334373746152674,0.0003657016504811663,0.001786038426118564,0.0005197668641847139,0.0005730864247337367,0.0006148320312444798,0.0004551230313793916,0.00043090183215516056,0.0005362659434400836
Q9SFE9,7,341,M,test,7,0.00686973471777563,0.004522915455470019,0.0046301735478822634,0.0069236154539070735,0.014006589513259773,0.043587997474543755,0.007255886667862746,0.8962499482627028,0.010054144989598272,0.005898993916997697
Q9SGD6,6,413,S,test,1,0.004005737681986695,0.9830474452020211,0.0007548640864350478,0.0053955755333006195,0.0007489896527640802,0.0018610225893060956,0.0010237473964268642,0.0010000323143328415,0.0010812927717133158,0.0010812927717133158
Q9SGS2,0,338,U,test,0,0.9951426628670808,0.0008441884548588772,0.0003995459746769194,0.0007686423552130097,0.0005634502050833964,0.0005050735042074709,0.0004933734141327815,0.00035815069091418844,0.000405837932313127,0.0005190746015194693
Q9SGU2,1,110,S,test,4,0.0022593934509891915,0.000943696706550796,0.0009623094209982943,0.0019175221639920635,0.9874979834086883,0.0020692902576204,0.000988985642696177,0.0010735336669895248,0.0011882934462976423,0.001098991835177543
Q9SHJ5,3,585,M,test,3,0.0038617567561957293,0.006873410183909845,0.0023514414167823063,0.9635780437977411,0.004603898610866794,0.007353418029035924,0.0029609117143027525,0.0016415708205916462,0.002542514349846728,0.004233034320727168
Q9SHJ6,3,323,M,test,1,0.0045835853149155436,0.9612020970658759,0.0016633102545855964,0.01233839462001136,0.0021357325711652705,0.004756875100816609,0.005183748178755285,0.003119634775695766,0.0031318446468755166,0.0018847774713031918
Q9SIC4,6,379,S,test,0,0.994458002529601,0.0010674620735177287,0.00041517622909255955,0.0011340900574997631,0.0005146807744751957,0.0005047260416736725,0.0005586807621429708,0.0003839752916981176,0.0004217143175719386,0.0005414919227270196
Q9SID1,0,238,U,test,0,0.9950925413254688,0.0009584127400800254,0.0003902708531320083,0.0008007838284135786,0.00051702490711535,0.0004670930935024491,0.0005070247142521178,0.00037239906342197864,0.0003933317903853718,0.0005011176842283315
Q9SIM9,0,693,U,test,0,0.9948706025795728,0.0009924849128467416,0.0003781791373301563,0.000947035559044283,0.0004836984734237767,0.0004456039190678352,0.0005271046802439577,0.0004057269880347528,0.0004057269880347528,0.0005438367624008935
Q9SIW2,0,888,U,test,0,0.9948884494423684,0.0010964566222766731,0.0003497647871491676,0.0008931556634861524,0.0004526292745815176,0.0004894088897800319,0.0005149035533240152,0.00040257679976296124,0.0004057342451141904,0.0005069207221568192
Q9SJI7,1,412,S,test,4,0.006188677946632695,0.0026930925909552585,0.007961955336732322,0.01010424789584976,0.9439424768656294,0.012999474748941683,0.0030043622648755898,0.003903150529206199,0.004457537317296574,0.004745024503880527
Q9SJU5,0,172,U,test,0,0.9936448585795822,0.0015092816118130168,0.000421369488015905,0.001471083182622881,0.0005692338597840655,0.000512255077573373,0.0005850136078089932,0.00038067560902809496,0.0003777131882589866,0.000528515795512537
Q9SJW3,1,119,S,test,1,0.0027435753147592628,0.9873297779026838,0.0009659112515640976,0.0027089650417800397,0.0006796033853823961,0.0010691662803566095,0.0012068007305598353,0.0011742492624162583,0.0010775517918701193,0.0010443990386275253
Q9SKX1,0,156,U,test,0,0.9949346081356153,0.0008440119475908501,0.00045977846707272944,0.0008390810602707806,0.0005926778478435593,0.0005049678677380571,0.0005189660533427121,0.00033901937070099185,0.000405753085364883,0.0005611361644601679
Q9SKX5,9,490,U,test,2,0.011872584884312224,0.16072593794740223,0.7316671006823532,0.015759368059500983,0.00892695710990978,0.033821844502134955,0.010194906124613068,0.006040281583960243,0.011109777741864947,0.009881241363948341
Q9SKZ5,6,560,M,test,8,0.0060219064869847915,0.0053143131672818925,0.006116737947694528,0.028173241449726043,0.02108018774886716,0.0405142553060698,0.006335603887029579,0.011517197526539354,0.8662329196070715,0.008693636872735411
Q9SLK0,9,416,U,test,1,0.0034788093325270196,0.9874517527929961,0.0010819027892082873,0.0028713883966456884,0.0006903908941807651,0.000966030600644007,0.0008198594612959741,0.0008458845726955078,0.000886479469379767,0.0009075016904269058
Q9SMR2,1,345,S,test,1,0.0024844791368515335,0.9877351785603289,0.000746704787461665,0.0024796316030140327,0.000951326536549135,0.0012701876266254905,0.0010822133262058768,0.0010822133262058768,0.0012603029183976243,0.0009077621783598849
Q9SMX3,3,274,M,test,6,0.004792042233190569,0.004196052168890263,0.003957254556901866,0.018369775943358445,0.0016560856116153964,0.0027626087504339816,0.9570270755569218,0.001749174905819481,0.0014388319341101577,0.0040510983387580515
Q9SMZ4,1,1064,S,test,1,0.01055650429627021,0.9210295225888241,0.0033740611345854416,0.04549851340035667,0.0024113329506397652,0.005498076875489249,0.003838276085230437,0.0018926767231327666,0.0035084684465130837,0.0023925674989582753
Q9SNC3,4,420,M,test,4,0.001081512204086269,0.0005996054448031205,0.001077295873917883,0.0017623383496471526,0.9870952467182347,0.003337805193001422,0.001077295873917883,0.0015311461329045868,0.0011831780549074642,0.001254576154579506
Q9SPG2,0,366,U,test,0,0.995132004234383,0.0008709765572270365,0.0003724138363067866,0.0007039620466229448,0.0005525460856119036,0.0004952991332831296,0.0005070448007887813,0.00041871611687568927,0.00043200757636759323,0.0005150296125331792
Q9SPG9,0,214,U,test,0,0.9949636490257622,0.0009233788673664309,0.0003841705171937422,0.0007521693182585596,0.0005611525193607201,0.0005129349285018088,0.0005149425104924167,0.00043532221037772065,0.00043532221037772065,0.0005169578923086768
Q9SPM5,7,472,M,test,8,0.004922935314761864,0.006521829458602206,0.014870415566334259,0.007219007764916001,0.011050754319370528,0.06434231305409299,0.007107087470557343,0.3673830361165547,0.5100607914762079,0.006521829458602206
Q9SPU7,0,1123,U,test,0,0.9941845182940802,0.0016464187644224932,0.00031576257939607287,0.0009445358547010028,0.0004215983349488941,0.0005206045276817711,0.0005185748266178456,0.000514539231422462,0.00045943182890285206,0.0004740157578264701
Q9SQG2,7,471,M,test,7,0.005135480462099005,0.006146364930334251,0.013636307877661218,0.006697929515119351,0.010293225120287882,0.047968686381431626,0.006910544392139463,0.5619910607371428,0.33558017917342303,0.005640221410361376
Q9SQK3,6,315,U,test,1,0.0030917611624574257,0.9871817437869552,0.000554592975809145,0.00302014058800044,0.0008006484782384898,0.0012744446157244458,0.0009809749532969441,0.001124693405069218,0.0011513647395451868,0.0008196352949034485
Q9SR70,6,230,U,test,6,0.0020224789261759123,0.002152917402508573,0.0011557547634690585,0.0012399439944034206,0.0007698986890982547,0.0016330618817970391,0.9870824637453586,0.0010400666902248938,0.0009885694422124176,0.001914844464751819
Q9SRH5,3,276,M,test,6,0.007751763000543138,0.006432715993463122,0.009350695246707666,0.05711064615557927,0.002799289181113893,0.004218677809406836,0.9003675790346147,0.002713164198393418,0.0022317882602454534,0.0070236811199324845
Q9SSA5,6,437,U,test,6,0.003826728954697485,0.005338892246809238,0.0022321112527222374,0.0038605103521913917,0.001062644161230504,0.0032859856150830365,0.9736704059149801,0.001232688875620251,0.001985280739635067,0.003504751887030721
Q9SSD1,4,496,M,test,4,0.0011711359130590988,0.0005641163985784898,0.0009228328855869679,0.0018972320487105597,0.9885659916701597,0.002085737654223259,0.0010017256778509641,0.0010831236111493202,0.0015185255979555101,0.0011895785427261038
Q9SSE7,6,381,S,test,6,0.0018795626533381826,0.0018667578990585539,0.0010657259430588459,0.001221861010993742,0.0007239286319504452,0.0015904975839328456,0.9880047595804374,0.0009515862479414958,0.0009553106651835772,0.0017400097841049219
Q9SSS9,6,234,M,test,3,0.010554466158202101,0.017333531360758343,0.011936441725624062,0.7589528985278609,0.004141268692514146,0.006025509772711795,0.17201208679816396,0.0037413245619022095,0.004045336415898606,0.011257135986363936
Q9ST69,6,308,U,test,6,0.002078320555283933,0.001796881049062779,0.0011388257609049822,0.0011211699807308997,0.0007468602116490146,0.0014537382803346793,0.9879407678545119,0.0010656568700035459,0.0008973731706752747,0.0017604062668429557
Q9STX1,2,362,S,test,5,0.06210009850069908,0.01881502671314634,0.0036715814607981455,0.02277851748496833,0.01590196903858425,0.8505941251145028,0.005913187952381815,0.010377967268649547,0.004463508061009916,0.0053840184052597
Q9SU50,4,626,M,test,5,0.001282378317760556,0.0015712027487903514,0.002106041390145647,0.002358654719327405,0.003149216957981501,0.9741145258988891,0.006349180285479172,0.001712199629840911,0.0036531558300699593,0.0037034442217153936
Q9SU91,3,336,U,test,9,0.020645617458106492,0.09288938647382082,0.055697471983198944,0.08760303587861841,0.03782506107438531,0.15495397904640723,0.09216651627748056,0.017115819386293377,0.009905877052620304,0.43119723536906857
Q9SUC5,5,237,M,test,5,0.0014673997261989468,0.0018262085024356933,0.002101953318919818,0.0031926004773090003,0.0059678399296556805,0.9608967647465564,0.002555325327266063,0.0022905784987762175,0.013599792137561247,0.006101537335320907
Q9SV55,0,425,U,test,0,0.9936241810841953,0.002022012785556137,0.0003256023341272742,0.0011090540632476954,0.00044853619750785797,0.0005285048287958494,0.0005582123335928295,0.0004737486152839321,0.0004213607552936286,0.0004887870023995514
Q9SV72,2,102,S,test,2,0.0005672899660284026,0.0009956249825821043,0.9941273321544064,0.00045940542004378645,0.0005350053799095252,0.0008000070905541403,0.0006403176422037224,0.0004928700208965836,0.0007663598631763623,0.0006157874801989304
Q9SW18,6,312,M,test,6,0.0025144321783974466,0.0024875663161516297,0.0018467979927245342,0.002188847627854979,0.0008099640816677986,0.0015551598006998217,0.9831847525020959,0.0011422323268587046,0.0010730279583953002,0.003197219215153834
Q9SWH5,7,558,M,test,7,0.0018542544492877377,0.0029057789496894923,0.002380909779598404,0.0016363738689737328,0.0033905709825067807,0.008709006634594637,0.003148038527345784,0.9680611148603984,0.0051520483607632684,0.0027619035868418065
Q9SWR3,1,1088,S,test,1,0.003142319219099199,0.9877696106102822,0.0009293215784600536,0.002644160854124027,0.0006487709705879108,0.0010907392133837647,0.0009970163859971783,0.0008395720640030001,0.0008730167871948568,0.0010654723168677816
Q9SX65,9,156,U,test,1,0.002410815673745049,0.9879085637163466,0.0009816971376535128,0.002161041210069605,0.0006800017822908914,0.0013736413886464504,0.0011477203113969487,0.0009440890461631344,0.000997156628933702,0.0013952731047540763
Q9SX73,1,297,S,test,0,0.9935517848647656,0.001990519338880417,0.00030347264151076204,0.0009024698426275117,0.0004627405392307166,0.0005988307271975302,0.0005736446784112328,0.000610641586104836,0.0005284662760799637,0.00047742950519143634
Q9SXJ6,6,309,S,test,6,0.0016583639331616677,0.0016910723305750982,0.0010097853172130206,0.0011133729490750166,0.0006596516336861235,0.0013561633843251015,0.988764862346792,0.0010137376173101364,0.000948605574354779,0.001784384913507149
Q9SY59,0,1188,U,test,1,0.0017353248562273606,0.9872710645729086,0.0015986563042697853,0.0022855013023671063,0.0009508795870932093,0.001289584006291944,0.0011880203758865113,0.001274559911515197,0.001044336986347092,0.001362072097093205
Q9T041,1,864,S,test,1,0.0020535570631331017,0.9876759530021062,0.000572484130722838,0.002602284667227566,0.0009891638079422482,0.0014505128612145892,0.0008661407464977214,0.0014448578702679889,0.0015806792835672669,0.0007643665673204591
Q9TU31,4,595,M,test,4,0.0012973780648107955,0.00058249429256044,0.0012092893869825126,0.0014138024640849285,0.9893657910652622,0.002171903793654745,0.0009308233039390681,0.0010143536817489743,0.0010424726378710709,0.0009716913090852485
Q9TUQ3,2,843,S,test,2,0.0007745656416120716,0.0011447337493940537,0.9930659383239081,0.0006916092969281117,0.0009696273336424323,0.0010301489300553611,0.0005892584486295377,0.0005578987187734623,0.0005892584486295377,0.000586961108427369
Q9TWL9,2,77,S,test,2,0.0008738413115173944,0.0008065942318158475,0.994512704979052,0.0005067292509618006,0.0005248608796352767,0.0005764468966921856,0.0006208577133954795,0.00039310259678687707,0.0005947452321111755,0.0005901169080319882
Q9TXD8,2,243,S,test,2,0.0005855285015991915,0.0008945698862057548,0.994519398202488,0.0004873200600864336,0.0004668240636753153,0.0007879147555039693,0.0005697348406747642,0.00043512783528140497,0.0007035287140632298,0.0005500531404218805
Q9TYU9,1,843,S,test,1,0.0029225169106121933,0.9874018269744226,0.0009289755662457612,0.0030954719022424095,0.0006849835928606673,0.0010692442772804013,0.00105678702238876,0.0009966451182530933,0.0009289755662457612,0.0009145730694483391
Q9U3C8,0,295,U,test,1,0.003187293830363475,0.9820487451381484,0.0011058104608948477,0.0023732263522644103,0.0016535463268956476,0.0013029630790430582,0.0009607447963996243,0.0019032199532485064,0.0043842557471071636,0.0010801943156348046
Q9U6M1,0,827,U,test,1,0.010969791892121557,0.9683698111688464,0.0008899647778017537,0.011451423513460752,0.0009622812794091705,0.0022461279972627703,0.0012948910397683245,0.001274815566159928,0.0014333137510377286,0.0011075790141316787
Q9U7C9,0,756,U,test,0,0.9932637029168536,0.002017335360407225,0.0002963567281549826,0.0010084535923922293,0.0005408415745019939,0.0006397613774413789,0.0005690154839138804,0.0006273872416418415,0.0005408415745019939,0.0004963041501908508
Q9U7D3,2,176,S,test,2,0.0008114974099405277,0.0011899823463099443,0.9927718769657581,0.000802043205683188,0.0008982457381215607,0.0011443948069132042,0.000636951618747378,0.0005665164524332934,0.0005754378237876293,0.000603053632305165
Q9U969,5,1425,M,test,4,0.0017833346461547355,0.000546015041138245,0.0007405062771786913,0.0017903144431747526,0.9872183777907457,0.002598540386025297,0.0007760438585252463,0.0013461316673112449,0.0022042759179741562,0.0009964599717719551
Q9UBC1,0,381,U,test,1,0.003009918664231985,0.9867873364723629,0.0012299267324972867,0.002991055889305881,0.0009140038906547224,0.0012541847756079873,0.001027642185178137,0.0009068910889894595,0.0009211725134677793,0.0009578677877037672
Q9UBR5-2,2,99,S,test,4,0.0037552806758762674,0.0013054167833884982,0.0031560928885876983,0.002731370920003834,0.9611061626832796,0.015353848862766164,0.0020061346782590003,0.005068108807755873,0.003479856698054779,0.0020377270020282647
Q9UBU7,0,674,U,test,0,0.9883679307413337,0.004333465224122573,0.00030188928326645945,0.0023127514300149703,0.0006003784821773108,0.0009048023600234117,0.0007355991961334453,0.0011617892607149298,0.0007129671245259252,0.0005684268976872528
Q9UDW3,0,170,U,test,0,0.9948660226890004,0.000928714004278176,0.0004456018813159453,0.0009072003931098424,0.0005502447982677083,0.00048748989233830055,0.0005417140575175548,0.00033899599817568363,0.0003901820142835578,0.0005438342717128805
Q9UFE4,1,941,S,test,1,0.0036391493488711333,0.9856609944165199,0.0013128742104138139,0.0025755082263443285,0.0012142100168178102,0.0008443505199996131,0.0007568709862541059,0.0014646169203526435,0.0017257404359533773,0.0008056849184732654
Q9UGK3,1,403,S,test,1,0.002611452359107596,0.9858461128879428,0.0017059554730412339,0.0027907568912186455,0.001499630941174972,0.0013761387156672959,0.0010347141850249725,0.0010592517441305506,0.0008850379965059102,0.0011909488061860407
Q9UHA3,0,163,U,test,1,0.005221720296445476,0.9834907011966103,0.001351566630103189,0.0032965154243144988,0.0010403380683841326,0.001107434038826174,0.0012354319861241734,0.0011425877405741437,0.0011515491591786158,0.0009621554594392854
Q9UHB7,0,1163,U,test,0,0.9944516502973499,0.0013579823306918651,0.0003013837112039705,0.0008703811459692616,0.0005007949981253383,0.000533093496176069,0.0005289449199816361,0.0004911087199804935,0.0004559790014491082,0.0005086813790723459
Q9UHR5,0,308,U,test,0,0.9949633384321799,0.0010361567195966864,0.0003665779552697914,0.0008407457922390595,0.0005089430744113768,0.00047253761492793597,0.0005333677668607446,0.00037821439486838406,0.0003871834682712385,0.0005129347813749368
Q9UIH9,0,416,U,test,0,0.9950092846305721,0.0010433122407902057,0.0003841881505385558,0.0008293676913416187,0.0005333924158380895,0.0004952381051533555,0.0004971763622503659,0.00034708507031635844,0.0003902381972188214,0.0004707171359805191
Q9UII2,3,106,U,test,3,0.00476467796086659,0.006538031455171042,0.0024005144372084165,0.9760321625439963,0.0014222576069507832,0.0013153734507050003,0.0026623217604295696,0.001444654981378356,0.0018333626765108496,0.0015866431267830682
Q9UJA3,0,840,U,test,0,0.9918912375924936,0.0024110979771510715,0.00038901530899560687,0.0021528682803205372,0.0005113510306584163,0.0005358912081498919,0.0006339055258350356,0.00048036979654038624,0.0004583720717054764,0.0005358912081498919
Q9UK96,1,956,S,test,1,0.002495454712742824,0.9887134456785184,0.0009672648761502184,0.002173388251083209,0.0007833149412987374,0.0010216351938721851,0.0009672648761502184,0.0008603031249285381,0.000959737461876413,0.0010581908833793283
Q9UK97,1,447,S,test,1,0.002427870781644705,0.9881195648754016,0.0010911257292527824,0.002260815499625794,0.0008204139575566713,0.001139031912943365,0.0010953963087573528,0.0009296508736824956,0.0009591609924976083,0.0011569690686375296
Q9UKF6,0,684,U,test,0,0.9929164220659473,0.0015240915162101343,0.0004697270430995181,0.0018307909279904624,0.0005800354161220492,0.0005364450977241417,0.0006781301634923289,0.00036582378260053883,0.00044126771819326806,0.0006572662686202439
Q9UKV5,5,643,M,test,8,0.025996038181784746,0.004152520944175366,0.005631653481847864,0.03476863286444797,0.20482442872476483,0.033896948479268774,0.005765204670774473,0.036722994622604095,0.6408389085367163,0.007402669493615572
Q9UL51,4,889,M,test,1,0.04000905942181093,0.8291125978531675,0.024830064059356883,0.019670991428551176,0.052181654212994685,0.009210609925274466,0.003388393705033074,0.009502986543376793,0.005086580809161429,0.0070070620412730445
Q9UL62,4,973,M,test,4,0.04541996690633564,0.3799950645023682,0.05692421146386846,0.04016869316608108,0.3859791028760637,0.027099984940280486,0.007069454368883398,0.027742645973370447,0.008329852844903392,0.02127102295784519
Q9ULC6,1,663,S,test,1,0.003994140150272719,0.9830771845655466,0.0009922800418447294,0.005577901807821128,0.0007316615064621538,0.00164239633437772,0.001106968467619694,0.0009034813378999132,0.0009177090957603146,0.0010562766923949858
Q9ULE3,1,1009,S,test,4,0.24871963061715194,0.05072823194492521,0.0073366975080418236,0.029818855061404016,0.5966474008231794,0.01262725524437648,0.0047740797991791505,0.027878330987768096,0.012049011998271686,0.009420506015702207
Q9ULG1,0,1556,U,test,0,0.994996541009628,0.0011480798634815016,0.00037236316461302656,0.0007566145453957736,0.0004991159042315623,0.00048755388379140795,0.0004971700221403073,0.00037236316461302656,0.00039948732323590746,0.00047071111886953386
Q9ULL4,4,1909,M,test,2,0.0031235292561174206,0.008101818153658374,0.8797066213748667,0.0062118796646157,0.016112389046724976,0.050411205750520154,0.00483781658225642,0.00491400109718414,0.022900322457519436,0.003680416616536774
Q9UM63,0,463,U,test,0,0.994628321292197,0.001332278414836077,0.0003693286091148985,0.0009654789575683322,0.0004950484485103167,0.00047794680573748057,0.0005127620866001451,0.0003579655720401119,0.00038105238815059993,0.00047981742524501157
Q9UNL4,0,249,U,test,0,0.9951205423015517,0.0008968605651288082,0.00038423109844800763,0.0007348612399724736,0.0005678567540845078,0.0004991781117664577,0.0005070389987698312,0.00038124097067687794,0.00040901184783486864,0.0004991781117664577
Q9UNS1,0,1208,U,test,0,0.9944664823195045,0.001385124980560926,0.0003336063232657419,0.0010116486797192908,0.000463166535471702,0.0004949679126212552,0.0005248364752888212,0.0004151797615262939,0.0004119488579999379,0.0004930381540414621
Q9UPP2,1,1182,S,test,1,0.0027726977249046933,0.9882338918497755,0.0006291059517007971,0.0024222307646227775,0.0009082204997512779,0.0012413903535754877,0.0007952644492514455,0.0011084368265747205,0.001061817375515432,0.0008269442043279105
Q9UPQ9,1,1833,S,test,1,0.0019350837521002427,0.9887867484612458,0.0007077185065102931,0.00220777794285427,0.0007652262267383068,0.0012276140251605405,0.0010541437675197648,0.001213311819196599,0.0011004260808764581,0.0010019494177976583
Q9UPW6,0,733,S,test,0,0.995263391574477,0.0009005000452966603,0.0003842862534818266,0.0007040550234523587,0.0005252570498324859,0.00048578335256774366,0.000483889450029669,0.0003724630268663573,0.0003964847739662523,0.000483889450029669
Q9UQ49,4,428,M,test,1,0.0027522408716320725,0.9875506848468228,0.0015681794318975959,0.002065362909678328,0.0007947146527127872,0.0011428315511738392,0.0010528259647429165,0.0009218851369691463,0.0009813415927574826,0.0011699330416130066
Q9UQ84,0,846,U,test,0,0.9921184100374488,0.002132434741298967,0.0004584770596279892,0.0020973252753999643,0.000553028861321055,0.0005277039291057938,0.0006670801431193754,0.00042734763006173685,0.00043407736733473695,0.000584114955281511
Q9UQY9,0,429,U,test,0,0.988857662145553,0.0030208395091231885,0.0005642828867253422,0.0034364573067408514,0.0007245535929033246,0.0007077692988890102,0.0009017215159482036,0.00048644225405766343,0.0005259695016203039,0.0007743019884390174
Q9UR19,2,361,S,test,2,0.0005785980727468637,0.0010683698561695513,0.9943323335343635,0.0005206819146345138,0.0004949011590208597,0.0007939450602459266,0.0005718571598162321,0.000481552017525317,0.000596964743817884,0.0005607964816593556
Q9URT4,0,697,U,test,1,0.005874834308269025,0.9803065536890272,0.0005954816294855088,0.005583950589145001,0.0009515769076919861,0.0018342126584553128,0.001012948390782462,0.0015811901142082274,0.0014453248123146808,0.0008139269006206367
Q9US47,1,547,S,test,3,0.010498328628204571,0.01641568845640676,0.011896164592026392,0.6981832690129975,0.00421692646228945,0.005854623613884294,0.2266669178909207,0.0033883960902404736,0.0038696693506392616,0.019010015902390508
Q9USH8,5,506,U,test,1,0.011609740359207936,0.9608900559512189,0.0029874566971762623,0.007057151738448365,0.003533861590831157,0.004645173266410624,0.002438291363235389,0.0019138368127317197,0.002615904368349814,0.0023085278523898626
Q9USK1,3,116,U,test,3,0.006716660955416123,0.008583402600879418,0.00789486275569691,0.9511921782285604,0.004800181094564215,0.0036233664993132243,0.008406089020202666,0.0024516925720469416,0.002980500111981532,0.0033510661613385304
Q9USN8,1,1021,S,test,1,0.0025572977499166787,0.9825222672939438,0.004291040436130062,0.0034496319183429987,0.0010723049251157998,0.0012342155905214678,0.0012056249182774612,0.0010639602746937568,0.001031225566162453,0.001572431326895504
Q9USP8,3,379,U,test,3,0.002122296592011198,0.0025775377494788687,0.0014192876721727406,0.9854750044130004,0.001906133492151328,0.001213980882500859,0.0011448930497394664,0.0009344344749310866,0.0015406221161701884,0.0016658095578438127
Q9USP9,0,589,U,test,0,0.995035315681029,0.0010241591628531808,0.0003694797434870718,0.0007376742035812687,0.0004971893628994361,0.00047442140665811174,0.0005313267598977448,0.00040579413616199006,0.0003995028773896478,0.0005251366660426082
Q9UST7,0,1339,U,test,1,0.06280608785219738,0.8875719150913055,0.00136605517231014,0.032838927340193794,0.0019567835644907585,0.0043243889037450885,0.002066775327119131,0.002674605829412219,0.0027595070621500486,0.0016349538570759393
Q9USU8,0,551,U,test,0,0.9943752557672156,0.0014237390517563785,0.0003037241486064081,0.0008096391903281564,0.00044538207042962147,0.0005586342455054172,0.0005351387807500993,0.0005586342455054172,0.0004929929406495777,0.000496859559253281
Q9USY1,1,747,S,test,3,0.0018398925382953233,0.002151052174845074,0.0014217588654951694,0.9871908151616104,0.0012498059893604797,0.0010200619879417569,0.001484181341398584,0.0007639911278856593,0.0013942594717689773,0.001484181341398584
Q9USY4,0,527,U,test,0,0.9950106445989834,0.001121500424625263,0.0003525512982075744,0.0007011320771207321,0.0004894690503865777,0.0004875607703732642,0.0005089672786082628,0.0004186650457753463,0.00042194868554630316,0.0004875607703732642
Q9UT35,7,556,M,test,7,0.0031643501553876145,0.0056853078259358454,0.009318725061116827,0.003968984361594486,0.007502445084691801,0.09921212093690131,0.0075908816035191356,0.8051352167159628,0.0535209266128066,0.004901041642083634
Q9UT52,1,677,S,test,1,0.010374794967787683,0.9711119769995002,0.000632866592251461,0.008079898741186914,0.001210389106322745,0.0024450531361462965,0.0011020717480493556,0.0020995499148156356,0.002050913920473764,0.0008924848734659403
Q9UT77,3,526,U,test,1,0.0024466029819624337,0.9879944382511876,0.0010050648135373013,0.00239226264427754,0.0007827452766025855,0.0013159822791863084,0.0009894827409146839,0.0009590394974671136,0.0011478200168639262,0.0009665614980005616
Q9UT79,0,1588,U,test,0,0.9950363231102229,0.0011009116635716549,0.0003443933740287212,0.0007715682880148254,0.00048001425797147124,0.0004952515686997805,0.0004894816759932409,0.0003841985963975043,0.000412184927613767,0.00048567253748606524
Q9UT83,1,609,S,test,1,0.00206814744645491,0.9888820849950293,0.0008210470223323668,0.0022647705888743596,0.0007475718441368829,0.0011669431813436048,0.001029823632827658,0.0009599011590743732,0.001021809485977312,0.0010379006439492839
Q9UT87,3,182,U,test,3,0.0022028709883819436,0.002481596971334192,0.001787427086439539,0.985626264932342,0.0012284795329188629,0.0010105196694599422,0.0018084968623776712,0.0008848406003591791,0.001476052077744275,0.0014934512786424635
Q9UTA2,3,121,U,test,1,0.0061117824304819405,0.9807753880422158,0.0010957821692143168,0.0059006483620152985,0.0007590262008116033,0.0013531104153391698,0.0010538035063988663,0.0009520320769799208,0.0010538035063988663,0.0009446232901442051
Q9UTJ8,0,1285,U,test,0,0.9939350537870868,0.001144617219863899,0.0004451849113722938,0.0013921803402071953,0.0006426993674740046,0.0004665497714880318,0.0005943997561405401,0.0004053454343509563,0.00043487217272273823,0.000539097239293551
Q9UTK1,3,113,M,test,3,0.007805821870092214,0.009143772825534543,0.0026818598138075777,0.9660632529330815,0.002096809299863037,0.0020643012548436698,0.0045397767409512775,0.0014752895934362505,0.0018795676143491054,0.0022495480540408834
Q9UTK4,0,1778,U,test,0,0.9925366745584977,0.0015573545532428152,0.000499830588385201,0.002175409864050485,0.0005156968928789267,0.0005708244444145648,0.0006778707915508303,0.00038926843986246477,0.00046226772469545885,0.000614802142421576
Q9UTL6,3,225,S,test,3,0.0022552659106051176,0.0026808111909936735,0.0016086210345991018,0.9856940247485766,0.0016858203444982006,0.0010673950091252384,0.0013440531204845219,0.0008849014713002462,0.0015836816121855368,0.0011954255576317636
Q9UTM3,0,443,U,test,1,0.004084850401336657,0.9782848331236975,0.0007224286213553911,0.004713127089422136,0.0015293815130633665,0.002424925644132969,0.001470791664379295,0.0018959253750425787,0.0037192988634975072,0.0011544377040726337
Q9UTM8,1,493,S,test,1,0.01355595412501034,0.8452549508140252,0.01980099205548546,0.024001465745361713,0.022835360402212616,0.016609099798658572,0.02585059565677299,0.00828658841103448,0.009763987412850518,0.014041005578588112
Q9UTQ5,0,282,U,test,0,0.9941599331145713,0.0014483195208673757,0.0003691547012317674,0.0010828890330781442,0.00047772170910083384,0.0004928861725910076,0.0005922163814079148,0.0004215879291520681,0.00040543713685147625,0.0005498543011481259
Q9UTQ9,5,167,M,test,5,0.001854854203270829,0.0015257613539511206,0.0013412303762985682,0.0013307926947729758,0.004432216831265154,0.9797890956871831,0.0013730366726027116,0.0021770317495202014,0.00513142915269228,0.001044551278443116
Q9UTS5,0,897,U,test,0,0.9950518363039832,0.0010618592288511976,0.000363757555631285,0.0007177886107808386,0.0004933283954717339,0.0004971976334521178,0.0004894893090607668,0.000408983600083975,0.00043197277478032635,0.00048378658790459577
Q9UTS8,5,311,M,test,5,0.002113639242404846,0.0011402228212623049,0.0011138095804967478,0.0009984125381296736,0.0031744981262163204,0.9814550736454053,0.0013072720637546799,0.0035082774003737933,0.004030615744206086,0.001158178837750265
Q9UTT1,0,1129,U,test,1,0.16452056621548872,0.7373300325552843,0.0020872513843595225,0.06647231755452276,0.0033354184348372753,0.009066607231029644,0.004558976451986791,0.005085905227279217,0.004777765997039484,0.002765158948172332
Q9UU83,4,425,M,test,1,0.0030084631825170903,0.9876957352205985,0.0011429994163390245,0.002552002932613484,0.0007466749513701516,0.0009292520547713044,0.0009814856264918047,0.0010612390796281286,0.0009814856264918047,0.0009006619091787405
Q9UU96,0,736,U,test,0,0.9855522105225596,0.005792033153060382,0.00043120445876836474,0.004027726893212665,0.000575733463650432,0.0008182823319099914,0.0008376874264786833,0.0007054034211967063,0.0006323195732026724,0.0006273987559605032
Q9UUC8,3,145,U,test,1,0.029485115673805542,0.8718385709874169,0.011367524214442948,0.030719611603643622,0.004832151023012739,0.012509191504181838,0.013873483058603099,0.003733996983697374,0.003852527098340151,0.017787827852855764
Q9UUH8,8,166,M,test,4,0.002518715498790942,0.0010499569757271572,0.003863152240533051,0.0018355476851339288,0.9695908154080416,0.012791094009829132,0.0016909858201143136,0.0029619814924896322,0.002205461201523243,0.001492289667817054
Q9UUJ5,3,145,U,test,3,0.004042528902176339,0.00523908977831453,0.002235769220543712,0.9790830885664893,0.0010116842707727745,0.001085378775936296,0.002831802610144934,0.0010356757215810673,0.0015669272463488845,0.0018680549076921843
Q9UUK3,1,324,S,test,1,0.0024329246286123817,0.9882443872360102,0.0009668060546178806,0.002399888289490052,0.0006541735895376327,0.001078549975762316,0.0011799373573303166,0.0009743887663971919,0.000929768288163418,0.0011391758140786663
Q9UUK4,0,202,U,test,0,0.9943827412046619,0.0011317916431464942,0.0005027201872990043,0.0010673812496106135,0.000574124464977762,0.0005126354560919707,0.0005435700958824429,0.0003335782501000679,0.0004184008795522063,0.000533056568677601
Q9V3J8,0,361,U,test,0,0.6119977357342732,0.32250014427291507,0.0014029870584619487,0.03576196080336046,0.004493653425856821,0.007673879956034472,0.0036107517773331277,0.005484274628976488,0.004935312633528582,0.002139299709259811
Q9V3R8,3,359,M,test,5,0.0014382001209085008,0.001542963308013895,0.0012495297826928024,0.002092568727632545,0.004543888003336301,0.9792920129661945,0.002619547783604851,0.002484986816796527,0.0027238989769206886,0.002012403513899385
Q9V3V7,0,222,U,test,1,0.004649510269849272,0.9845953053554226,0.0008048137979678743,0.004359288232438131,0.0008048137979678743,0.001251398745622733,0.0008434376127171307,0.0008978347160589883,0.0009632360955178289,0.000830361376437546
Q9V461,0,817,U,test,0,0.9939644166765963,0.0012894818180766514,0.00038982839248542507,0.001460817705135108,0.0005164387624453025,0.0004927892798406132,0.0005605889841025803,0.0003690821044047462,0.00039596729281066867,0.0005605889841025803
Q9V464,0,218,U,test,0,0.9940460888510259,0.0016333789046716503,0.00032320566139088994,0.0011258975100980394,0.00045224604983386046,0.0005412676237890428,0.0005412676237890428,0.0004281779388227857,0.0004117747289915796,0.0004966951075872504
Q9V5M6,0,963,U,test,0,0.9949490140025082,0.00112417227344469,0.0003723453671024027,0.0008164601420492863,0.0005109276547919442,0.0004799721212676475,0.0005089357885738043,0.0003637199810181645,0.00038117526580959334,0.0004932774034342483
Q9V637,1,270,S,test,1,0.21562839990242438,0.7294614800778179,0.0015465962799094935,0.032810351202208654,0.002757105927106993,0.005526164914593837,0.0028894221937225077,0.0037391903040484586,0.0036241475112052143,0.0020171416869625733
Q9V727,0,1669,U,test,0,0.9947028505491812,0.0013086829641786462,0.00036362998602343475,0.0008405256880618847,0.0005108012602759321,0.0005108012602759321,0.0005009214984310299,0.0003781153712663563,0.00039626146575442653,0.00048740995655119124
Q9V7P1,0,506,U,test,0,0.9943163920364692,0.0015514108707853518,0.00032077767309180485,0.0008080115600851475,0.00046672878339066453,0.0005435338205243969,0.0005435338205243969,0.0005227114269643327,0.00044535571625843893,0.00048154429190626813
Q9VAC8,1,472,S,test,1,0.002099801441951587,0.9884516572074787,0.0007892494778919925,0.0021412166607466146,0.0009520166172501922,0.0009977047442645307,0.0007019730224890642,0.0014573336489924877,0.0015819207515362246,0.0008271264273985605
Q9VAW5,1,1673,S,test,1,0.0018266341352447318,0.9877639882042664,0.00126527255822802,0.001998343832712188,0.0010696364841903195,0.001310545896960274,0.0011932657201369774,0.0011932657201369774,0.0010530533536390596,0.0013259940944851366
Q9VBW9,0,419,U,test,0,0.9948286137352652,0.0013420148379237455,0.00032599703083824246,0.0007974503456392987,0.0004687968627500289,0.00046152882157995034,0.0004951481686043073,0.0004185884783460472,0.000405709859104285,0.00045615185994884295
Q9VDH4,2,138,S,test,2,0.000860287105759442,0.0008486054103400155,0.9945051032059349,0.00047975798749932703,0.0005207724148782436,0.0006208529786083474,0.0005947407309944565,0.00041845236961160574,0.0005970685135522236,0.0005543592828214722
Q9VDQ7,8,948,U,test,1,0.002119325219357166,0.9860192002970798,0.0006375808388933212,0.0023140247122875293,0.0012289693611574782,0.0020183281810567982,0.0009875045554149698,0.0015057645853453533,0.002256009838290911,0.0009132924111166948
Q9VDY1,0,1638,U,test,0,0.9949831347332337,0.0011078628655192102,0.0003497980854240533,0.0007290417983968295,0.000510945189098211,0.0005169680525374238,0.0005089532064109454,0.00041865350311731973,0.00040577287460617854,0.0004688696916560999
Q9VE04,3,107,U,test,3,0.0023982914261584777,0.0031068416575468836,0.0018352459149670382,0.9846977226455452,0.0011942172703140858,0.0010916028660673156,0.0019195683285120196,0.0008979281039131471,0.0014292908934878785,0.0014292908934878785
Q9VFM9,1,343,S,test,1,0.002843899816329223,0.9878372906858385,0.0007352042415968047,0.0029070793412774216,0.0007181732042948685,0.0011611656237483898,0.0008662822446568512,0.0009893254370219435,0.0010049049499188283,0.0009366744553171696
Q9VFP2,0,829,U,test,0,0.9938578150379708,0.0016061818285753795,0.0003466834197029587,0.0012219185484165986,0.0005204334272466726,0.0005518386182047064,0.0005432831386409439,0.00040849283344388757,0.00040849283344388757,0.0005348603143541937
Q9VH19,1,683,S,test,4,0.0012816923969344214,0.0005599300494117657,0.0010298688525051092,0.0013858400941629237,0.9889255331221997,0.0022680519587474006,0.0009017833736270236,0.0013018762505061906,0.0013275533932985708,0.0010178705086069538
Q9VH70,0,814,U,test,0,0.9950430521392635,0.000992656933537305,0.00040263935328789557,0.0008038780554453859,0.0005439310474257697,0.0004818962245761908,0.0005050229462329186,0.0003364177983524494,0.0003933122437770513,0.0004971932581015881
Q9VIP8,1,367,S,test,0,0.9888183210642776,0.004403713507397179,0.0003729533828446219,0.002548673820648869,0.0005913398769259607,0.000777301590633999,0.0007022334424561103,0.0006859662643100873,0.0005776414609951543,0.0005218555895104779
Q9VK33,0,1220,U,test,0,0.9949461262930192,0.001174099095818416,0.0003637189017351072,0.0008691147183643247,0.0004971448520510011,0.0004670243682683594,0.0004799707117599935,0.0003497850653311417,0.0003841637594142881,0.00046885223423826736
Q9VKJ3,0,1411,U,test,0,0.9682733205708123,0.012429164119482432,0.0005190601167084918,0.004369442793959746,0.001688688116846956,0.0025951371364140506,0.0015375679752851047,0.005483185496776478,0.002134701686242807,0.0009697319874716568
Q9VKQ9,0,134,U,test,0,0.8622503005395107,0.09981272106088676,0.0012177996038168137,0.019349578675414168,0.0027443537975080433,0.004930710387432876,0.0025183604813719986,0.0028536763883904664,0.0025780817682651133,0.0017444172974030703
Q9VLJ6,2,630,S,test,5,0.004552059096011401,0.015703144312429713,0.011946322974943364,0.019371868118026426,0.0068870460224583685,0.5689000166792431,0.010020592735214925,0.009636709933270622,0.34505529882654135,0.007926941301860798
Q9VM91,1,992,S,test,0,0.9754240268365655,0.012868047079349087,0.0005228933804149886,0.005621634038543981,0.0007911124453162001,0.0011922485422030335,0.0011156473694145365,0.0009768934472484494,0.0007727863435738492,0.0007147105173703663
Q9VMD6,3,659,U,test,1,0.002321437371220809,0.9882121274914717,0.0008531754368422431,0.0021871865291306714,0.0010869736568084132,0.0008666109285805993,0.0007890582457968711,0.0013111405465584536,0.0015388781269124177,0.0008334116666778305
Q9VQ79,3,739,S,test,3,0.008221709009606228,0.010786146647147079,0.002463788211875056,0.967152636321903,0.0015119781889370227,0.0009686095684583068,0.003354470180324684,0.0011775297815157714,0.0020666289672806116,0.0022965031229522986
Q9VQI9,0,1673,U,test,0,0.9942903421886387,0.0015742628889924698,0.00032837606085851513,0.000882219408830708,0.0005066159572316254,0.0005371873734800447,0.0005288591388514439,0.00044187830737425304,0.0004249502412064358,0.00048530843453587245
Q9VR35,1,653,S,test,1,0.0025986202126420765,0.9882133757499437,0.0008871631230901535,0.002409205519000141,0.001091229265522119,0.0012365247687155681,0.0008666120374477401,0.0008941212661450983,0.0008734090035065402,0.0009297390539868937
Q9VS24,4,994,M,test,1,0.002229839468490527,0.9879969534099933,0.0006192039900553577,0.0023254688305362524,0.0010208949245120056,0.0011344503827111778,0.0008939254532184274,0.001406342080559345,0.0015265698826451212,0.0008463515772785175
Q9VSK8,0,597,U,test,0,0.9950797732536668,0.0009753963262026869,0.0003842153717487643,0.0007522571644897276,0.0005070181860019544,0.0004819140102200932,0.0005150025882407763,0.0003812253609286652,0.00041220292192683367,0.0005109948165736629
Q9VTY6,1,178,S,test,0,0.9940440705750653,0.0010659760443872404,0.00047394880987355843,0.0013060613284871347,0.0006229938830446779,0.0005349605632984981,0.0005898388012063136,0.00033086958506149536,0.0003959990064013363,0.0006352814031744445
Q9VW27,0,717,U,test,0,0.9940468138410214,0.0016934779519665944,0.0003108240882619375,0.0010271462514357629,0.0004814137382405321,0.0005476483603889188,0.0005164815300710387,0.0004666022440744551,0.000428178256298732,0.0004814137382405321
Q9VW47,0,2531,U,test,0,0.9948493462198734,0.001309994558638342,0.00036085334522799545,0.0007261019507654002,0.0004951584664170267,0.0004893896799849697,0.0004855812692907037,0.0003994282300450935,0.0004153396428002104,0.00046880663695687483
Q9W0K7,0,977,U,test,0,0.9946679081543759,0.0013352621155799807,0.00036078750432575954,0.0008372193141815385,0.0005352962872262135,0.0004873928365002717,0.0004931380491659686,0.00039624752477239233,0.0003993553773716631,0.0004873928365002717
Q9W1X4,0,1711,U,test,0,0.9937746295842085,0.0014719938888953664,0.00038072534568536217,0.001403215477263658,0.000477536598633651,0.0005327305341486551,0.0005670887152782357,0.0004148909467501465,0.0004486040996228011,0.0005285848095136292
Q9W266,4,677,M,test,4,0.0014480495514892899,0.0006350818915886664,0.0015657148334550684,0.0014255995534824804,0.9821545622542751,0.006721919441162269,0.001149984744978739,0.002182287560599429,0.0015116265246462187,0.0012051736443227173
Q9W539,0,1518,U,test,0,0.9947093522203979,0.0012763485385010832,0.00031347070731527237,0.0008130811062222972,0.00048741315989626985,0.0005270192475376606,0.0005128038327907658,0.00044553170600506446,0.0004218209059689268,0.0004931585753647617
Q9W701,4,689,M,test,4,0.0021963856142982008,0.0008175296290484663,0.0007158528428630324,0.004853896944796424,0.9693801364871165,0.006196114760565514,0.0014236433431404226,0.0024791276788723475,0.009882043400580484,0.00205526929871862
Q9WTN6,9,564,M,test,4,0.0026264243688274317,0.0006550468254181652,0.0007082745288146916,0.004290254698956886,0.9742218056954528,0.006412193979446305,0.0012142651000638114,0.002259701677065151,0.005872678822994333,0.0017393543029603688
Q9WUB6,4,687,M,test,4,0.0029754310115682344,0.0008008264632356325,0.0007523068276290465,0.005061379123107122,0.9720929178449897,0.006153071244397439,0.0015197015464937817,0.0029008341694816697,0.0055751469421085505,0.0021683848269887455
Q9WUI0,0,231,U,test,0,0.9949869355967612,0.0010412530101550808,0.0003841795090905472,0.0008054042871950833,0.0005271663091253014,0.00049716521344226,0.0005069708740822592,0.0003723595436347016,0.0003871926280685215,0.0004913730284450756
Q9WUP1,4,147,M,test,4,0.0013907258529971347,0.0006317657012461012,0.0012811966128387635,0.0013907258529971347,0.98468888734465,0.005289709245374711,0.001053883587634723,0.0016386753568347432,0.0014071192259407436,0.0012273112194859665
Q9WVL3,4,1083,M,test,4,0.001978127559659386,0.0008942279567910097,0.001270954290664506,0.0017508133677352196,0.9883312787770955,0.0016771764842021994,0.0009408107338780898,0.0009898201301912757,0.0011172404278615485,0.0010495502719213195
Q9XEE9,5,463,M,test,5,0.0016059672021341326,0.0018340722023202148,0.001960000986284592,0.0014172611056127694,0.002769448140747064,0.98023147977099,0.002862945943832105,0.0012313379174047115,0.0020064809684293408,0.0040810057622450175
Q9XF04,2,96,S,test,2,0.0094776192912667,0.015429771499985798,0.8836750855809122,0.009043608018091261,0.0027047971725417622,0.038674605077777716,0.012878687739903472,0.0030649368615290984,0.02173690200736242,0.0033139867506295326
Q9XGM8,7,444,M,test,5,0.002328529772359427,0.002955057956104394,0.003536741094249774,0.0018564657483799414,0.00618297434046191,0.9248318875666274,0.003348519167964128,0.04291834776657258,0.00925459174312626,0.0027868848441542633
Q9XI36,0,384,U,test,0,0.9939649468825126,0.0016047870365249693,0.00032317928680239226,0.0008750674692366977,0.0004665638152902613,0.0006061415046356959,0.0005990797513787099,0.0005716458411470634,0.0004557558461682654,0.0005328325663034178
Q9XI84,6,482,S,test,6,0.0018687609470160872,0.0022008636941991096,0.001085788895725359,0.0010985878284818888,0.000794380170257785,0.0017971699509834415,0.9871350694213318,0.0011158881922920356,0.001056501595993166,0.0018469893037193676
Q9XI90,0,514,U,test,0,0.9949270247943118,0.0011697847813754213,0.0003525216804459229,0.0008276809623104988,0.0004913434850355152,0.0004706782234044066,0.0005069404020257692,0.0003782005715179411,0.0003902059303969176,0.00048561916917574667
Q9XIA7,3,54,M,test,3,0.0036724701329206395,0.004884274556492331,0.0035873970693370114,0.9678559392290669,0.004903390885011951,0.0035873970693370114,0.003886484583255675,0.0017552006835073717,0.0029509125503425987,0.0029165332407285706
Q9XIP8,1,259,S,test,1,0.001767071354077902,0.9858875556046884,0.001136459045673597,0.003748203495692179,0.0010347576801516402,0.0017060271119998915,0.0010107876468388312,0.0010676044989591045,0.0016993758384106713,0.000942157723507795
Q9XTF3,1,817,S,test,0,0.9568016754213071,0.025102592031568855,0.0007404728389138524,0.009946193160479618,0.001211332692371939,0.001630026434688037,0.0014957963141961753,0.0010943478713256957,0.0010042300757010683,0.0009733331594476544
Q9XVW1,5,502,M,test,8,0.008679813048908155,0.0033073794212666345,0.004084068945477106,0.02417139599269951,0.21612215726464368,0.023536645621290386,0.0057146402022780545,0.23368375743296718,0.47205416862838134,0.008645973442087972
Q9XXV8,1,858,S,test,1,0.002961653578413168,0.9869016015655515,0.0009730648216495687,0.0033371502753588166,0.0007402686321476258,0.0011829459351475767,0.001085532152978287,0.0008388342857423997,0.0009431267583814767,0.0010358219946295234
Q9XZS8,0,613,U,test,0,0.9946351941196109,0.0013708924348307722,0.0003636052531964184,0.0008177983350488739,0.000514772503010873,0.0004911993891747954,0.000510766477045486,0.000405630981890585,0.0003931510261914312,0.0004969894799998823
Q9Y0V2,3,111,M,test,3,0.0019318887233682313,0.0028232612099154484,0.0017048858201543717,0.9852279883449891,0.0012919521560870184,0.0012869153305383088,0.0016916180817232505,0.0009867122157808494,0.001446917720461158,0.0016078603969821891
Q9Y117,7,667,M,test,7,0.005095233683396745,0.002444719899704922,0.004341193016243249,0.003264129167154642,0.014888232598131901,0.02346826907346907,0.0043923659321727605,0.926515282710457,0.012222830226076724,0.003367743693193003
Q9Y216,1,660,S,test,1,0.002844561015603131,0.9880669931781043,0.0006854450650482926,0.002772906456432152,0.0008530501183354716,0.0011889781581721226,0.000880128786819726,0.0009442404483315923,0.0009368922552908003,0.0008268045178624007
Q9Y241,3,93,M,test,3,0.002963772674733514,0.003204602190758578,0.002193902164151091,0.9796978435086641,0.002495746806811108,0.0013945289872074244,0.0036348380192288807,0.0010860603134063454,0.0015863932925087674,0.0017423120425302213
Q9Y294,0,204,U,test,1,0.0036364351729445557,0.9868514031374838,0.0007637284649036382,0.0030952573569293686,0.0008193610194034594,0.001072830763142649,0.0008790460495005353,0.0010438930570873966,0.0010438930570873966,0.0007941519215171982
Q9Y2F5,0,2266,U,test,1,0.0026793338622480393,0.988373041788444,0.0007241984280813842,0.002667015492119193,0.0007074223991304194,0.0010414266104657275,0.0008400849846024584,0.0010455026598856652,0.001061966812208063,0.000860006962815117
Q9Y2J8,1,665,S,test,1,0.003224928290687436,0.9868750840822003,0.0010439180422671323,0.003145611274929343,0.0007008533925116974,0.0011921918089763883,0.001052105647994891,0.0008130041845484878,0.000845390576760248,0.0011069126991240634
Q9Y2K1,0,713,S,test,0,0.9937588083467783,0.0016602417632905259,0.0003604577543845333,0.0013822820186453273,0.0005083269261545782,0.0005265156562326823,0.0005285763820741926,0.00038370531232710247,0.00038671470663639607,0.0005043711334763013
Q9Y2M2,1,353,S,test,1,0.003823752933716642,0.9853434441665032,0.0010422979120674508,0.0031878528724985106,0.0009198246294351412,0.0013331192149030886,0.0012621718769474965,0.0010181530253711222,0.0010670153293094926,0.0010023680392478326
Q9Y2R0,3,106,M,test,3,0.005809126898967097,0.005564802802936366,0.002452543475862271,0.9740869422163206,0.0027682611307898114,0.0018657966321006584,0.0026414932269725696,0.001046617051795182,0.0017391135950531964,0.002025302969202184
Q9Y2W1,0,955,S,test,0,0.9947476057218492,0.0009524831825971715,0.00043522769143286403,0.0008965244380790638,0.0005610307039990966,0.0005208993777098305,0.0005544944499481571,0.0003810980933848855,0.00041529715736046463,0.0005353391836393069
Q9Y2X7,1,761,S,test,1,0.002414360012381415,0.9855037610943157,0.0007392201432958367,0.0022198728449338858,0.0017942000921917756,0.0016020402999241852,0.0010588838786164095,0.0019552079583626636,0.001725465224607706,0.0009869884513704673
Q9Y2Y4,0,487,U,test,0,0.9946650372309592,0.0012468786576969638,0.00036078648210058063,0.001029794348167341,0.0004931366472736373,0.00047796444194557323,0.00050483109034433,0.00035797880644276343,0.00037810099130749185,0.00048549130376208125
Q9Y2Z4,3,477,S,test,3,0.002618024199756314,0.0031078426115221523,0.0014815427549200702,0.9854358117399856,0.0013332442990479018,0.0010024620270820187,0.0010588108861459239,0.0009199108723013594,0.0014528872390570584,0.0015894633701815735
Q9Y3P8,4,196,M,test,4,0.0018175255469313032,0.0007909225313645366,0.0026239046565618707,0.0013827005949473541,0.9828384246309817,0.005511578485398125,0.0011643506263946824,0.001495055812897244,0.00126883744937562,0.0011066996651475178
Q9Y471,1,501,S,test,0,0.9605206709702545,0.017185019879442053,0.0008228144678559281,0.013701091405479707,0.0011694552647924686,0.00135659183260004,0.0018834413220713024,0.0010401350815863566,0.0011694552647924686,0.0011513245111251158
Q9Y4A5,0,3859,U,test,0,0.9933211520768274,0.0019784309594140844,0.0002806011850529957,0.0011744731243562671,0.0004736041450345334,0.000587111997779849,0.0005515406547891346,0.0006274235399942588,0.0005283436206147448,0.0004773186961367455
Q9Y4X5,1,557,S,test,1,0.002673934129458369,0.9870134876714257,0.0006740985924051238,0.002627342157996059,0.0012017108586542724,0.0014552132465919956,0.0009656018505713319,0.0011601971562004846,0.0013353786941282886,0.000893035642568411
Q9Y5J1,0,556,U,test,0,0.9936002901620469,0.001948305601313481,0.00033331575387412517,0.0010738569862128184,0.000481197485247278,0.0005669891969308451,0.0005781720518638586,0.0005082458555454499,0.0004246553245934403,0.00048497158237185745
Q9Y5J6,3,103,M,test,3,0.001958406188457105,0.0023854709341319647,0.0021804968342196405,0.9832671906233398,0.002134150029025444,0.0015492266790510722,0.0019970323290196892,0.001124617947576049,0.0015492266790510722,0.0018541817561281721
Q9Y5U4,5,225,M,test,5,0.0012887708000231073,0.0010477632632729047,0.0011153381658866462,0.001015526929696721,0.003390488642560445,0.9828019628360648,0.0011417876102948084,0.0019196184370336856,0.005197720544065678,0.0010810227711011906
Q9Y679,5,476,M,test,5,0.005150432401032365,0.00783814723979204,0.00552560729664969,0.009317125587107813,0.013359205025927433,0.9329013285787009,0.0072491015778441935,0.0024424142656571377,0.004253211651277614,0.011963426376010817
Q9Y694,4,548,M,test,4,0.012206186810412386,0.001486211233118099,0.0018787469431946425,0.016293418022774793,0.8723842694602221,0.03227700736986373,0.0025479584564585362,0.01912349318543725,0.03657463646367901,0.005228072054839424
Q9Y6H1,0,151,U,test,3,0.0053458361523302834,0.00630662854390932,0.004773294903239545,0.9607596760804284,0.0029522512790201853,0.0023908060396453765,0.010714849197691233,0.0015496618204832008,0.0022547447042322137,0.0029522512790201853
Q9Y6J9,0,622,U,test,0,0.9948720394416112,0.0010190034634746832,0.0003665443097446368,0.000919694312969215,0.0005169103455420055,0.000497107805771771,0.000502967513524831,0.00036941912827085515,0.0004153491112488791,0.0005209645678419029
Q9Y6R1,4,1079,M,test,8,0.0056741146337565655,0.005456742093026916,0.005126134702704654,0.019998955475218485,0.01867752056638957,0.021539722427376406,0.005651992464082691,0.008064541563901144,0.9034555700282818,0.006354706045261795
Q9Y6X4,0,670,M,test,1,0.006054309044046469,0.9791724591926406,0.0006792747068216523,0.00466016797222134,0.00114649295679327,0.002389496781506642,0.0013093361143657512,0.001920014719069765,0.0016878009482034972,0.0009806475643310136
Q9Y7I8,1,442,S,test,1,0.0022903009499918477,0.9883787308663102,0.0010414325757135458,0.0020751852328973995,0.0007891913152110344,0.0013636003267984264,0.000989867691165672,0.0009669374823908516,0.0010133416758909576,0.0010914118836300054
Q9Y7K5,1,426,S,test,0,0.991305310607643,0.002861558281584986,0.0003857599877939883,0.0021120421992269034,0.0005355746936947275,0.0006435077644065197,0.0006639348702797785,0.0004992105045816075,0.00046169424031782886,0.0005314068504706462
Q9Y7L8,1,292,S,test,1,0.010540867189976355,0.9713601438330854,0.0008452036390470222,0.008241365636843462,0.0011462661167495592,0.002543102708737497,0.0012787522240768814,0.00144901626736712,0.00144901626736712,0.0011462661167495592
Q9Y7Q6,1,147,S,test,0,0.9945380646394095,0.001212055251556866,0.00034964160964850966,0.0009320416123269931,0.0005248742190954209,0.0005631078605085056,0.0005373212280921479,0.0004454549931428659,0.00040243502339109774,0.0004950035628281229
Q9Y7V0,5,186,M,test,2,0.000562366494064023,0.0013177963867095459,0.9932286535267651,0.0005712224402440758,0.0006176387415019285,0.001052692976570652,0.0005916616525002427,0.0006080631740247889,0.0008442121151597893,0.0006056924924598163
Q9Y7X4,3,277,M,test,3,0.0018681432055257848,0.0021210221965295884,0.0019425615833284279,0.9829615916254875,0.0018754550190335547,0.0014156678176403471,0.0033413201919477893,0.00091760116308834,0.001536692836542988,0.0020199443608757187
Q9Y7X6,0,684,M,test,5,0.0017737638519666414,0.0019633777579636203,0.0021732610855151654,0.0012876145007575212,0.002033630215901882,0.9780920449637799,0.0033791862539346747,0.0014936589165380706,0.0036788344121178517,0.004124628041524723
Q9Y7Y7,4,456,M,test,5,0.010392296689332656,0.014770429447931152,0.10054405576694313,0.015600683078951778,0.3309615433176695,0.380934408022273,0.024352320854025528,0.03627267675829609,0.07185559362883161,0.014315992435745486
Q9Y7Y9,5,457,M,test,8,0.005209116253049308,0.002888006384279564,0.003855994660742593,0.022017037444708315,0.06471166744662527,0.018004912841122336,0.0038259872146277057,0.008131314981423051,0.8658325055943976,0.005523457179024217
Q9Y7Z9,3,479,M,test,3,0.0024787301166982415,0.003063065637037241,0.0015526651093901137,0.9854495328039258,0.0012623078402694142,0.00091276478988636,0.0014359805212602193,0.000774653380126648,0.0014931836332162393,0.001577116168189796
Q9Y807,3,263,U,test,1,0.0030923510313374297,0.9878522564773097,0.0008528647364482885,0.0027223353930407586,0.0007826326504643027,0.001028751181924939,0.000879937528108466,0.0009664224160501658,0.0009893404029107772,0.0008331081824051561
Q9Y809,1,811,S,test,1,0.004564475554713484,0.9746448611310545,0.0005649309383726532,0.005318204198005281,0.001979520233918643,0.003944441987052915,0.001186651829641584,0.0028633581282394367,0.003994837246572115,0.0009387187524293294
Q9YGJ8,2,258,S,test,2,0.0005225600354503323,0.0009517945530914735,0.9940284460901253,0.0004889858527093065,0.00047765855325944916,0.0009352100826122947,0.0005829578248761984,0.0004665936248718407,0.0009536553358131536,0.0005921380471906937
Q9YGW7,1,229,S,test,1,0.004484029283452615,0.9835289270751507,0.0007435249526050211,0.004662652754212817,0.0009472753306660171,0.0014614488965326053,0.000962192847536165,0.0010162781230359887,0.0012163257373311936,0.000977344999476816
Q9Z0E8,4,557,M,test,8,0.03550659163071373,0.004600943121884261,0.005861754134486246,0.06252937094576827,0.26532325469814455,0.10720028112978083,0.006746837485310517,0.10974246396371352,0.3890708135980373,0.013417689292160757
Q9Z0G8,1,485,S,test,1,0.003184995829396089,0.9794259613807057,0.004093611590517714,0.00505987412321683,0.0013302995284874832,0.0015431743729243527,0.0016751000566024214,0.0012112515912241274,0.001155784347289956,0.0013199471796353443
Q9Z0W3,0,1402,U,test,0,0.8811930535955315,0.05291975345836818,0.0011691496257819397,0.015058471178716972,0.005019387636973266,0.008471821189903136,0.004144995809173803,0.022849585849711643,0.007023386294985756,0.002150395360853892
Q9Z258,4,1237,M,test,4,0.001373878328945714,0.0007085945116122455,0.0008614318930025352,0.0014624857630590633,0.990010642021966,0.0015999643533460906,0.0008681881731828486,0.0008922552385377492,0.0012387736800991195,0.0009837860362486575
Q9Z2E9,5,383,M,test,5,0.00968485915486481,0.0023320220228794587,0.0019033407472681774,0.0020580019997442785,0.01069924549118054,0.9631153058516588,0.0015293773522260772,0.0024249193572064096,0.004408146862016122,0.0018447811609552708
Q9Z2Y1,0,1205,U,test,0,0.9947255563849778,0.0013350135830056257,0.00031347582511756945,0.0008275133699139935,0.00045255517717120804,0.0004970346499561597,0.0005088214688278907,0.0004420717442832782,0.0004218277885746665,0.00047613000817175603
Q9Z325,5,84,M,test,4,0.015307608407352171,0.01438016668931876,0.06968429418554896,0.015367519454966953,0.5354124699235789,0.2470522577602951,0.01393773446656101,0.02059863801622376,0.058680055284982297,0.009579255811172083
Q9ZNV4,5,132,M,test,5,0.03561173945382803,0.004782018942545147,0.0054612371186662425,0.015137977136810529,0.15835871496110165,0.7437744958663147,0.0064349101414111,0.015406426198829882,0.009697752517016012,0.005334727663476678
Q9ZQX4,8,128,M,test,1,0.0023686005718741446,0.9878218763702292,0.0009970690583014068,0.0025337035751511147,0.0007826085779461605,0.001240872777203936,0.0010367878706075328,0.0009588720270812284,0.001270299194498611,0.0009893099771066097
Q9ZQZ9,6,284,M,test,3,0.02019954928083361,0.02555957355035584,0.018463882442946385,0.6296180744685189,0.010458941068680404,0.03737098876789539,0.22101674389535256,0.00424233329171563,0.005708683050407147,0.02736123018329416
Q9ZSK3,1,139,S,test,1,0.004368362877013326,0.9847197229566688,0.0010175085380996892,0.00423396230715301,0.0006569529079677282,0.001171145111814029,0.0009709135341625016,0.0009410416509231785,0.000993937925761433,0.0009264521904363848
Q9ZTZ7,6,1193,M,test,6,0.0016102111049588063,0.0015790667488331076,0.0010017575023213775,0.0010335565781730523,0.0006911918289473181,0.0014547044598305979,0.9885973862348251,0.0011002152884816492,0.0010622077839339745,0.0018697024696950888
Q9ZUX7,1,466,S,test,0,0.985178039913782,0.005230679272521088,0.0005406462003565157,0.004616057995707434,0.0007447716415253763,0.0008439368426461901,0.0008983661337166064,0.0005621830954138206,0.000580028751258099,0.0008052901530728584
Q9ZUY3,6,424,S,test,1,0.004118067261062543,0.9785648103948134,0.0024638178583790446,0.0046159588345931635,0.0008853914437195323,0.002191364791060743,0.00240674338353384,0.0011547681779145462,0.0012388852338477564,0.002360192621075496
Q9ZV65,0,725,U,test,0,0.9950892832328855,0.0009145208117655417,0.0004122068354440835,0.0007464101719754457,0.000561223384716128,0.0004895077097305667,0.0004991623809471696,0.000360940354332645,0.0003995245511623534,0.0005272205670405608
Q9ZVH8,0,378,U,test,0,0.9948458703129494,0.001039074038657682,0.00039942682032524386,0.0009341527504678422,0.0005068990301588781,0.00048180073070445446,0.0005128742211935835,0.00036085207944656943,0.0003752267814968864,0.0005438232345994543
Q9ZVL6,6,285,M,test,6,0.002654992286538735,0.0025733066817115948,0.0019405379496895412,0.0015562234969135654,0.0008494156094683092,0.0022554642137893387,0.983857277663367,0.0011296970811189918,0.0012119880456218524,0.001971096971781174
Q9ZVT1,0,670,U,test,0,0.9942823432868945,0.0010476530069572184,0.0004488332681829114,0.0012779829280888289,0.0005718283813326811,0.0005125836940169436,0.0005392855847671232,0.0003258180151829024,0.0004151028898413161,0.0005785689447356311
Q9ZWA6,0,506,U,test,0,0.9950807343273963,0.0009659181466978852,0.0003933271205984762,0.0007011814592516097,0.0005482179324429079,0.0005109952920524397,0.0005109952920524397,0.00037531536850129364,0.0004122033147930485,0.0005011117462136008
Q9ZWT2,5,140,M,test,5,0.002602703330659831,0.001654378790559097,0.002019084933376933,0.0016223801776075709,0.008207006149705444,0.9748970592685287,0.0019341646150995893,0.001941734986850278,0.0035366899272959826,0.0015847978203165957
W3VKA4,2,462,S,test,2,0.0006908746412286951,0.0012632889030631412,0.9920110428379475,0.0005660823166203888,0.0005486658293032434,0.001110502304886062,0.0006439659063205693,0.0005401594788988392,0.0017656104953042804,0.0008598072864272643
